# Energy vs Time Data
# Generated on: 2025-06-17 22:05:13
# Columns: Step, Time_Elapsed_s, U_max, Acceptance_Ratio, dx
#
0        0.000000     21.057007    0.000000     0.600000    
0        106.420286   21.057007    0.000000     0.600000    
0        136.364734   21.048204    0.000000     0.600000    
0        136.366070   21.039547    0.000000     0.600000    
0        136.367559   21.027874    0.000000     0.600000    
0        136.368391   21.011887    0.000000     0.600000    
0        136.369695   20.996389    0.000000     0.600000    
0        136.370766   20.988552    0.000000     0.600000    
0        136.371813   20.977238    0.000000     0.600000    
0        136.372516   20.958504    0.000000     0.600000    
0        136.373155   20.948454    0.000000     0.600000    
0        136.374532   20.934223    0.000000     0.600000    
0        136.375303   20.925207    0.000000     0.600000    
0        136.376480   20.911850    0.000000     0.600000    
0        136.377200   20.897820    0.000000     0.600000    
0        136.378380   20.878206    0.000000     0.600000    
0        136.379099   20.861967    0.000000     0.600000    
0        136.380202   20.856604    0.000000     0.600000    
0        136.380881   20.841978    0.000000     0.600000    
0        136.381533   20.831861    0.000000     0.600000    
0        136.382348   20.813187    0.000000     0.600000    
0        136.382994   20.803551    0.000000     0.600000    
0        136.383772   20.794678    0.000000     0.600000    
0        136.384388   20.783367    0.000000     0.600000    
0        136.385086   20.774380    0.000000     0.600000    
0        136.385716   20.757584    0.000000     0.600000    
0        136.386472   20.746992    0.000000     0.600000    
0        136.387181   20.731617    0.000000     0.600000    
0        136.388542   20.718555    0.000000     0.600000    
0        136.390033   20.710505    0.000000     0.600000    
0        136.390648   20.701359    0.000000     0.600000    
0        136.391571   20.690899    0.000000     0.600000    
0        136.392190   20.681467    0.000000     0.600000    
0        136.393422   20.669567    0.000000     0.600000    
0        136.394201   20.658152    0.000000     0.600000    
0        136.394951   20.649603    0.000000     0.600000    
0        136.396278   20.631310    0.000000     0.600000    
0        136.397258   20.615820    0.000000     0.600000    
0        136.397941   20.600155    0.000000     0.600000    
0        136.398753   20.575224    0.000000     0.600000    
0        136.400413   20.563820    0.000000     0.600000    
0        136.401154   20.545231    0.000000     0.600000    
0        136.402266   20.537865    0.000000     0.600000    
0        136.402967   20.529022    0.000000     0.600000    
0        136.403845   20.503723    0.000000     0.600000    
0        136.404721   20.490608    0.000000     0.600000    
0        136.406143   20.475975    0.000000     0.600000    
0        136.406756   20.462193    0.000000     0.600000    
0        136.407568   20.437054    0.000000     0.600000    
0        136.408236   20.426872    0.000000     0.600000    
0        136.409359   20.414656    0.000000     0.600000    
0        136.410889   20.402941    0.000000     0.600000    
0        136.411985   20.385757    0.000000     0.600000    
0        136.412807   20.365168    0.000000     0.600000    
0        136.413498   20.352898    0.000000     0.600000    
0        136.414157   20.340826    0.000000     0.600000    
0        136.414899   20.315968    0.000000     0.600000    
0        136.415535   20.303638    0.000000     0.600000    
0        136.416129   20.295654    0.000000     0.600000    
0        136.417190   20.286583    0.000000     0.600000    
0        136.417740   20.271809    0.000000     0.600000    
0        136.418507   20.264057    0.000000     0.600000    
0        136.419478   20.250223    0.000000     0.600000    
0        136.420152   20.241556    0.000000     0.600000    
0        136.421089   20.214539    0.000000     0.600000    
0        136.422054   20.195375    0.000000     0.600000    
0        136.422833   20.178986    0.000000     0.600000    
0        136.423487   20.165745    0.000000     0.600000    
0        136.424292   20.150702    0.000000     0.600000    
0        136.425462   20.135790    0.000000     0.600000    
0        136.426511   20.117928    0.000000     0.600000    
0        136.427204   20.114788    0.000000     0.600000    
0        136.427898   20.102732    0.000000     0.600000    
0        136.428625   20.092285    0.000000     0.600000    
0        136.429235   20.078178    0.000000     0.600000    
0        136.429880   20.066452    0.000000     0.600000    
0        136.430563   20.055485    0.000000     0.600000    
0        136.431358   20.039984    0.000000     0.600000    
0        136.432069   20.029064    0.000000     0.600000    
0        136.433308   20.020092    0.000000     0.600000    
0        136.433969   20.011923    0.000000     0.600000    
0        136.435399   19.994394    0.000000     0.600000    
0        136.436156   19.969326    0.000000     0.600000    
0        136.437378   19.950718    0.000000     0.600000    
0        136.438211   19.936573    0.000000     0.600000    
0        136.439170   19.926411    0.000000     0.600000    
0        136.440255   19.915346    0.000000     0.600000    
0        136.441268   19.900539    0.000000     0.600000    
0        136.441911   19.886261    0.000000     0.600000    
0        136.442704   19.876341    0.000000     0.600000    
0        136.443540   19.860867    0.000000     0.600000    
0        136.444495   19.842113    0.000000     0.600000    
0        136.445158   19.832409    0.000000     0.600000    
0        136.446401   19.820316    0.000000     0.600000    
0        136.447036   19.807079    0.000000     0.600000    
0        136.448262   19.796288    0.000000     0.600000    
0        136.448904   19.785065    0.000000     0.600000    
0        136.449532   19.776861    0.000000     0.600000    
0        136.450599   19.765442    0.000000     0.600000    
0        136.451667   19.756420    0.000000     0.600000    
0        136.452290   19.734509    0.000000     0.600000    
0        136.452882   19.718981    0.000000     0.600000    
0        136.454664   19.703707    0.000000     0.600000    
0        136.455501   19.687984    0.000000     0.600000    
0        136.456116   19.679756    0.000000     0.600000    
0        136.457445   19.673258    0.000000     0.600000    
0        136.458171   19.664402    0.000000     0.600000    
0        136.459063   19.650921    0.000000     0.600000    
0        136.459737   19.626947    0.000000     0.600000    
0        136.460391   19.615479    0.000000     0.600000    
0        136.461127   19.600826    0.000000     0.600000    
0        136.461883   19.589653    0.000000     0.600000    
0        136.462700   19.580721    0.000000     0.600000    
0        136.463449   19.573032    0.000000     0.600000    
0        136.464183   19.560934    0.000000     0.600000    
0        136.465366   19.538309    0.000000     0.600000    
0        136.466237   19.527922    0.000000     0.600000    
0        136.466933   19.512554    0.000000     0.600000    
0        136.467564   19.497976    0.000000     0.600000    
0        136.468226   19.486227    0.000000     0.600000    
0        136.469300   19.467354    0.000000     0.600000    
0        136.469943   19.446766    0.000000     0.600000    
0        136.470986   19.440170    0.000000     0.600000    
0        136.471699   19.427738    0.000000     0.600000    
0        136.472449   19.414530    0.000000     0.600000    
0        136.473250   19.402554    0.000000     0.600000    
0        136.474032   19.390236    0.000000     0.600000    
0        136.475337   19.384525    0.000000     0.600000    
0        136.476010   19.363281    0.000000     0.600000    
0        136.476959   19.351221    0.000000     0.600000    
0        136.477619   19.342339    0.000000     0.600000    
0        136.478862   19.329430    0.000000     0.600000    
0        136.479641   19.313501    0.000000     0.600000    
0        136.480362   19.304955    0.000000     0.600000    
0        136.481133   19.290358    0.000000     0.600000    
0        136.481802   19.283955    0.000000     0.600000    
0        136.482968   19.264450    0.000000     0.600000    
0        136.483609   19.244186    0.000000     0.600000    
0        136.484348   19.234669    0.000000     0.600000    
0        136.484951   19.221416    0.000000     0.600000    
0        136.485728   19.200390    0.000000     0.600000    
0        136.486399   19.185534    0.000000     0.600000    
0        136.487092   19.173632    0.000000     0.600000    
0        136.487764   19.155663    0.000000     0.600000    
0        136.488759   19.138512    0.000000     0.600000    
0        136.489547   19.126505    0.000000     0.600000    
0        136.490261   19.110031    0.000000     0.600000    
0        136.490950   19.100700    0.000000     0.600000    
0        136.491552   19.091625    0.000000     0.600000    
0        136.493040   19.075598    0.000000     0.600000    
0        136.493734   19.056530    0.000000     0.600000    
0        136.494696   19.044077    0.000000     0.600000    
0        136.495738   19.030310    0.000000     0.600000    
0        136.498029   19.017269    0.000000     0.600000    
0        136.498809   19.010275    0.000000     0.600000    
0        136.499456   18.996740    0.000000     0.600000    
0        136.500118   18.976379    0.000000     0.600000    
0        136.501251   18.966648    0.000000     0.600000    
0        136.501877   18.949165    0.000000     0.600000    
0        136.502527   18.930511    0.000000     0.600000    
0        136.503117   18.918571    0.000000     0.600000    
0        136.503811   18.901867    0.000000     0.600000    
0        136.504490   18.896694    0.000000     0.600000    
0        136.505134   18.887140    0.000000     0.600000    
0        136.505858   18.864819    0.000000     0.600000    
0        136.506501   18.851992    0.000000     0.600000    
0        136.507292   18.844728    0.000000     0.600000    
0        136.508132   18.831739    0.000000     0.600000    
0        136.509558   18.818529    0.000000     0.600000    
0        136.510278   18.806051    0.000000     0.600000    
0        136.511088   18.792034    0.000000     0.600000    
0        136.511860   18.777407    0.000000     0.600000    
0        136.512894   18.760351    0.000000     0.600000    
0        136.514598   18.748505    0.000000     0.600000    
0        136.515221   18.725412    0.000000     0.600000    
0        136.516141   18.703854    0.000000     0.600000    
0        136.516905   18.693081    0.000000     0.600000    
0        136.517723   18.680428    0.000000     0.600000    
0        136.518404   18.668280    0.000000     0.600000    
0        136.519516   18.654251    0.000000     0.600000    
0        136.520219   18.643358    0.000000     0.600000    
0        136.520984   18.630196    0.000000     0.600000    
0        136.522176   18.598930    0.000000     0.600000    
0        136.522971   18.589169    0.000000     0.600000    
0        136.523588   18.578787    0.000000     0.600000    
0        136.524594   18.573637    0.000000     0.600000    
0        136.525634   18.562681    0.000000     0.600000    
0        136.526421   18.554893    0.000000     0.600000    
0        136.527121   18.546881    0.000000     0.600000    
0        136.527783   18.535454    0.000000     0.600000    
0        136.528577   18.522680    0.000000     0.600000    
0        136.529200   18.509880    0.000000     0.600000    
0        136.529916   18.489105    0.000000     0.600000    
0        136.530577   18.483477    0.000000     0.600000    
0        136.531539   18.475269    0.000000     0.600000    
0        136.532199   18.469364    0.000000     0.600000    
0        136.533000   18.448246    0.000000     0.600000    
0        136.533763   18.436275    0.000000     0.600000    
0        136.534803   18.428783    0.000000     0.600000    
0        136.535895   18.410442    0.000000     0.600000    
0        136.537044   18.398573    0.000000     0.600000    
0        136.537622   18.391201    0.000000     0.600000    
0        136.538865   18.382832    0.000000     0.600000    
0        136.540082   18.358988    0.000000     0.600000    
0        136.541326   18.348398    0.000000     0.600000    
0        136.541991   18.334164    0.000000     0.600000    
0        136.542705   18.316216    0.000000     0.600000    
0        136.543433   18.303064    0.000000     0.600000    
0        136.544243   18.293583    0.000000     0.600000    
0        136.544880   18.285042    0.000000     0.600000    
0        136.545693   18.271793    0.000000     0.600000    
0        136.546317   18.258112    0.000000     0.600000    
0        136.546943   18.248386    0.000000     0.600000    
0        136.547730   18.238647    0.000000     0.600000    
0        136.548598   18.227558    0.000000     0.600000    
0        136.549292   18.216881    0.000000     0.600000    
0        136.549987   18.204754    0.000000     0.600000    
0        136.550607   18.189734    0.000000     0.600000    
0        136.551898   18.181164    0.000000     0.600000    
0        136.553028   18.163734    0.000000     0.600000    
0        136.553827   18.154480    0.000000     0.600000    
0        136.554914   18.146877    0.000000     0.600000    
0        136.555692   18.127594    0.000000     0.600000    
0        136.556390   18.117662    0.000000     0.600000    
0        136.557498   18.106205    0.000000     0.600000    
0        136.558377   18.090153    0.000000     0.600000    
0        136.559049   18.076771    0.000000     0.600000    
0        136.559769   18.060940    0.000000     0.600000    
0        136.560759   18.043507    0.000000     0.600000    
0        136.561409   18.025436    0.000000     0.600000    
0        136.562133   18.014891    0.000000     0.600000    
0        136.562970   17.996288    0.000000     0.600000    
0        136.563670   17.981642    0.000000     0.600000    
0        136.564812   17.969933    0.000000     0.600000    
0        136.565420   17.956448    0.000000     0.600000    
0        136.566130   17.941961    0.000000     0.600000    
0        136.566744   17.923780    0.000000     0.600000    
0        136.567382   17.914875    0.000000     0.600000    
0        136.568500   17.907187    0.000000     0.600000    
0        136.569076   17.897652    0.000000     0.600000    
0        136.570164   17.889824    0.000000     0.600000    
0        136.570819   17.883999    0.000000     0.600000    
0        136.571982   17.864601    0.000000     0.600000    
0        136.572611   17.848080    0.000000     0.600000    
0        136.573241   17.837688    0.000000     0.600000    
0        136.573943   17.828085    0.000000     0.600000    
0        136.574722   17.818514    0.000000     0.600000    
0        136.575302   17.802637    0.000000     0.600000    
0        136.575905   17.789343    0.000000     0.600000    
0        136.576599   17.776093    0.000000     0.600000    
0        136.577261   17.757435    0.000000     0.600000    
0        136.578079   17.742340    0.000000     0.600000    
0        136.578999   17.731289    0.000000     0.600000    
0        136.579854   17.726149    0.000000     0.600000    
0        136.580573   17.712631    0.000000     0.600000    
0        136.581169   17.700947    0.000000     0.600000    
0        136.582369   17.691790    0.000000     0.600000    
0        136.583275   17.681253    0.000000     0.600000    
0        136.583848   17.673389    0.000000     0.600000    
0        136.584894   17.662659    0.000000     0.600000    
0        136.585581   17.654593    0.000000     0.600000    
0        136.586289   17.642109    0.000000     0.600000    
0        136.586945   17.629925    0.000000     0.600000    
0        136.587530   17.614349    0.000000     0.600000    
0        136.588326   17.603943    0.000000     0.600000    
0        136.589112   17.597471    0.000000     0.600000    
0        136.589684   17.589487    0.000000     0.600000    
0        136.590254   17.584347    0.000000     0.600000    
0        136.590965   17.575663    0.000000     0.600000    
0        136.591668   17.557922    0.000000     0.600000    
0        136.592880   17.537357    0.000000     0.600000    
0        136.593472   17.521416    0.000000     0.600000    
0        136.594055   17.513468    0.000000     0.600000    
0        136.594686   17.502625    0.000000     0.600000    
0        136.595353   17.493420    0.000000     0.600000    
0        136.595964   17.485973    0.000000     0.600000    
0        136.596733   17.474932    0.000000     0.600000    
0        136.597462   17.466656    0.000000     0.600000    
0        136.598126   17.451782    0.000000     0.600000    
0        136.598757   17.444851    0.000000     0.600000    
0        136.599684   17.432419    0.000000     0.600000    
0        136.600335   17.424593    0.000000     0.600000    
0        136.600948   17.411823    0.000000     0.600000    
0        136.602055   17.394728    0.000000     0.600000    
0        136.602724   17.388729    0.000000     0.600000    
0        136.603543   17.366631    0.000000     0.600000    
0        136.604618   17.357920    0.000000     0.600000    
0        136.605422   17.351742    0.000000     0.600000    
0        136.606165   17.345724    0.000000     0.600000    
0        136.606798   17.332535    0.000000     0.600000    
0        136.607508   17.327158    0.000000     0.600000    
0        136.608245   17.314812    0.000000     0.600000    
0        136.608856   17.303661    0.000000     0.600000    
0        136.609476   17.295361    0.000000     0.600000    
0        136.610153   17.280043    0.000000     0.600000    
0        136.610768   17.265770    0.000000     0.600000    
0        136.611403   17.254810    0.000000     0.600000    
0        136.612028   17.247734    0.000000     0.600000    
0        136.612763   17.234402    0.000000     0.600000    
0        136.613379   17.220682    0.000000     0.600000    
0        136.614187   17.207676    0.000000     0.600000    
0        136.614913   17.187943    0.000000     0.600000    
0        136.615547   17.184464    0.000000     0.600000    
0        136.616133   17.166050    0.000000     0.600000    
0        136.616778   17.154882    0.000000     0.600000    
0        136.618203   17.141537    0.000000     0.600000    
0        136.618790   17.132576    0.000000     0.600000    
0        136.619516   17.120699    0.000000     0.600000    
0        136.620102   17.109119    0.000000     0.600000    
0        136.620710   17.093449    0.000000     0.600000    
0        136.621568   17.088451    0.000000     0.600000    
0        136.622185   17.079306    0.000000     0.600000    
0        136.622838   17.064846    0.000000     0.600000    
0        136.623518   17.056009    0.000000     0.600000    
0        136.624142   17.044876    0.000000     0.600000    
0        136.624758   17.029579    0.000000     0.600000    
0        136.625364   17.018755    0.000000     0.600000    
0        136.625941   17.010750    0.000000     0.600000    
0        136.626514   17.003101    0.000000     0.600000    
0        136.627092   16.990173    0.000000     0.600000    
0        136.627646   16.984188    0.000000     0.600000    
0        136.628235   16.980391    0.000000     0.600000    
0        136.628812   16.973125    0.000000     0.600000    
0        136.629500   16.963264    0.000000     0.600000    
0        136.630131   16.958042    0.000000     0.600000    
0        136.631382   16.946323    0.000000     0.600000    
0        136.632075   16.938728    0.000000     0.600000    
0        136.632738   16.927271    0.000000     0.600000    
0        136.633412   16.915184    0.000000     0.600000    
0        136.634064   16.906857    0.000000     0.600000    
0        136.634714   16.897875    0.000000     0.600000    
0        136.635403   16.884752    0.000000     0.600000    
0        136.636233   16.870033    0.000000     0.600000    
0        136.636904   16.854839    0.000000     0.600000    
0        136.637645   16.841106    0.000000     0.600000    
0        136.638367   16.831127    0.000000     0.600000    
0        136.639028   16.819227    0.000000     0.600000    
0        136.640277   16.813980    0.000000     0.600000    
0        136.640999   16.798576    0.000000     0.600000    
0        136.641633   16.789558    0.000000     0.600000    
0        136.642805   16.780651    0.000000     0.600000    
0        136.643457   16.767189    0.000000     0.600000    
0        136.644129   16.754751    0.000000     0.600000    
0        136.644803   16.737301    0.000000     0.600000    
0        136.645471   16.725641    0.000000     0.600000    
0        136.646085   16.715763    0.000000     0.600000    
0        136.646744   16.705303    0.000000     0.600000    
0        136.647327   16.692413    0.000000     0.600000    
0        136.647914   16.684494    0.000000     0.600000    
0        136.648476   16.680260    0.000000     0.600000    
0        136.649054   16.667414    0.000000     0.600000    
0        136.649624   16.656328    0.000000     0.600000    
0        136.650265   16.640163    0.000000     0.600000    
0        136.650917   16.636032    0.000000     0.600000    
0        136.651569   16.625019    0.000000     0.600000    
0        136.652226   16.610092    0.000000     0.600000    
0        136.652871   16.603930    0.000000     0.600000    
0        136.653513   16.598873    0.000000     0.600000    
0        136.654155   16.589373    0.000000     0.600000    
0        136.654871   16.585442    0.000000     0.600000    
0        136.655575   16.574860    0.000000     0.600000    
0        136.656161   16.559711    0.000000     0.600000    
0        136.656743   16.546860    0.000000     0.600000    
0        136.657665   16.534054    0.000000     0.600000    
0        136.658221   16.527521    0.000000     0.600000    
0        136.658786   16.508564    0.000000     0.600000    
0        136.659352   16.495857    0.000000     0.600000    
0        136.659917   16.486481    0.000000     0.600000    
0        136.660497   16.475697    0.000000     0.600000    
0        136.661102   16.465422    0.000000     0.600000    
0        136.661696   16.448666    0.000000     0.600000    
0        136.662281   16.438049    0.000000     0.600000    
0        136.662875   16.420547    0.000000     0.600000    
0        136.663469   16.409021    0.000000     0.600000    
0        136.664202   16.396095    0.000000     0.600000    
0        136.664808   16.382065    0.000000     0.600000    
0        136.665411   16.366982    0.000000     0.600000    
0        136.665972   16.352575    0.000000     0.600000    
0        136.666531   16.341293    0.000000     0.600000    
0        136.667093   16.335007    0.000000     0.600000    
0        136.667643   16.330845    0.000000     0.600000    
0        136.668201   16.322525    0.000000     0.600000    
0        136.668758   16.311146    0.000000     0.600000    
0        136.669314   16.302046    0.000000     0.600000    
0        136.669887   16.291195    0.000000     0.600000    
0        136.670449   16.283566    0.000000     0.600000    
0        136.671040   16.272312    0.000000     0.600000    
0        136.671633   16.261501    0.000000     0.600000    
0        136.672227   16.230600    0.000000     0.600000    
0        136.672817   16.218472    0.000000     0.600000    
0        136.673404   16.201565    0.000000     0.600000    
0        136.673987   16.194475    0.000000     0.600000    
0        136.674579   16.180012    0.000000     0.600000    
0        136.675170   16.172108    0.000000     0.600000    
0        136.675762   16.162216    0.000000     0.600000    
0        136.676485   16.153503    0.000000     0.600000    
0        136.677157   16.141821    0.000000     0.600000    
0        136.677807   16.118958    0.000000     0.600000    
0        136.678459   16.106529    0.000000     0.600000    
0        136.679104   16.090714    0.000000     0.600000    
0        136.679743   16.075642    0.000000     0.600000    
0        136.680393   16.067272    0.000000     0.600000    
0        136.681043   16.060799    0.000000     0.600000    
0        136.681620   16.047426    0.000000     0.600000    
0        136.682244   16.038445    0.000000     0.600000    
0        136.682809   16.020536    0.000000     0.600000    
0        136.683366   16.014568    0.000000     0.600000    
0        136.683924   16.005611    0.000000     0.600000    
0        136.684478   16.001762    0.000000     0.600000    
0        136.685038   15.991632    0.000000     0.600000    
0        136.685614   15.981916    0.000000     0.600000    
0        136.686211   15.970242    0.000000     0.600000    
0        136.686814   15.948380    0.000000     0.600000    
0        136.687395   15.941328    0.000000     0.600000    
0        136.687982   15.927715    0.000000     0.600000    
0        136.688575   15.912300    0.000000     0.600000    
0        136.689165   15.894159    0.000000     0.600000    
0        136.689750   15.885120    0.000000     0.600000    
0        136.690332   15.869162    0.000000     0.600000    
0        136.690919   15.859327    0.000000     0.600000    
0        136.691571   15.850076    0.000000     0.600000    
0        136.692181   15.845604    0.000000     0.600000    
0        136.693240   15.839981    0.000000     0.600000    
0        136.693830   15.827082    0.000000     0.600000    
0        136.694423   15.816252    0.000000     0.600000    
0        136.695016   15.808525    0.000000     0.600000    
0        136.695607   15.799805    0.000000     0.600000    
0        136.696164   15.792553    0.000000     0.600000    
0        136.696718   15.786182    0.000000     0.600000    
0        136.697395   15.769217    0.000000     0.600000    
0        136.698010   15.758125    0.000000     0.600000    
0        136.698610   15.743546    0.000000     0.600000    
0        136.699214   15.734107    0.000000     0.600000    
0        136.699813   15.724590    0.000000     0.600000    
0        136.700409   15.717985    0.000000     0.600000    
0        136.701007   15.707396    0.000000     0.600000    
0        136.701603   15.692688    0.000000     0.600000    
0        136.702196   15.686557    0.000000     0.600000    
0        136.702794   15.682282    0.000000     0.600000    
0        136.703379   15.677030    0.000000     0.600000    
0        136.703969   15.664671    0.000000     0.600000    
0        136.704564   15.657878    0.000000     0.600000    
0        136.705286   15.645038    0.000000     0.600000    
0        136.705936   15.635277    0.000000     0.600000    
0        136.706579   15.619826    0.000000     0.600000    
0        136.707220   15.612219    0.000000     0.600000    
0        136.707856   15.603624    0.000000     0.600000    
0        136.708494   15.593262    0.000000     0.600000    
0        136.709136   15.585400    0.000000     0.600000    
0        136.709787   15.571950    0.000000     0.600000    
0        136.710429   15.561241    0.000000     0.600000    
0        136.711030   15.554332    0.000000     0.600000    
0        136.711636   15.544111    0.000000     0.600000    
0        136.712227   15.533300    0.000000     0.600000    
0        136.712818   15.526569    0.000000     0.600000    
0        136.713510   15.512739    0.000000     0.600000    
0        136.714083   15.501823    0.000000     0.600000    
0        136.714653   15.489052    0.000000     0.600000    
0        136.715223   15.480190    0.000000     0.600000    
0        136.715811   15.467786    0.000000     0.600000    
0        136.716403   15.457920    0.000000     0.600000    
0        136.717002   15.449303    0.000000     0.600000    
0        136.717600   15.442431    0.000000     0.600000    
0        136.718190   15.432337    0.000000     0.600000    
0        136.718781   15.427211    0.000000     0.600000    
0        136.719371   15.409704    0.000000     0.600000    
0        136.719962   15.402000    0.000000     0.600000    
0        136.720558   15.391752    0.000000     0.600000    
0        136.721139   15.384893    0.000000     0.600000    
0        136.721835   15.377920    0.000000     0.600000    
0        136.722440   15.373831    0.000000     0.600000    
0        136.723031   15.369272    0.000000     0.600000    
0        136.723622   15.362486    0.000000     0.600000    
0        136.724220   15.354120    0.000000     0.600000    
0        136.724839   15.342070    0.000000     0.600000    
0        136.725476   15.334755    0.000000     0.600000    
0        136.726036   15.324671    0.000000     0.600000    
0        136.726605   15.313502    0.000000     0.600000    
0        136.727160   15.300388    0.000000     0.600000    
0        136.727733   15.293909    0.000000     0.600000    
0        136.728373   15.281290    0.000000     0.600000    
0        136.729002   15.271162    0.000000     0.600000    
0        136.730278   15.260160    0.000000     0.600000    
0        136.730885   15.254255    0.000000     0.600000    
0        136.731482   15.243164    0.000000     0.600000    
0        136.732084   15.235333    0.000000     0.600000    
0        136.732685   15.222303    0.000000     0.600000    
0        136.733289   15.211610    0.000000     0.600000    
0        136.733884   15.200543    0.000000     0.600000    
0        136.734484   15.194496    0.000000     0.600000    
0        136.735082   15.188521    0.000000     0.600000    
0        136.735699   15.180149    0.000000     0.600000    
0        136.736334   15.170085    0.000000     0.600000    
0        136.736972   15.153963    0.000000     0.600000    
0        136.737604   15.145855    0.000000     0.600000    
0        136.738939   15.141272    0.000000     0.600000    
0        136.740083   15.135221    0.000000     0.600000    
0        136.740704   15.128297    0.000000     0.600000    
0        136.741349   15.119450    0.000000     0.600000    
0        136.742650   15.109343    0.000000     0.600000    
0        136.743292   15.098994    0.000000     0.600000    
0        136.743882   15.089336    0.000000     0.600000    
0        136.744582   15.078503    0.000000     0.600000    
0        136.745199   15.075205    0.000000     0.600000    
0        136.745796   15.066347    0.000000     0.600000    
0        136.746450   15.045639    0.000000     0.600000    
0        136.747059   15.039808    0.000000     0.600000    
0        136.747659   15.030707    0.000000     0.600000    
0        136.748260   15.017509    0.000000     0.600000    
0        136.748858   15.012650    0.000000     0.600000    
0        136.749461   15.002701    0.000000     0.600000    
0        136.750053   14.992348    0.000000     0.600000    
0        136.750656   14.984846    0.000000     0.600000    
0        136.751249   14.979479    0.000000     0.600000    
0        136.751847   14.965413    0.000000     0.600000    
0        136.752446   14.948296    0.000000     0.600000    
0        136.753042   14.936256    0.000000     0.600000    
0        136.753625   14.928366    0.000000     0.600000    
0        136.754218   14.920910    0.000000     0.600000    
0        136.754985   14.912458    0.000000     0.600000    
0        136.755660   14.901320    0.000000     0.600000    
0        136.756317   14.895300    0.000000     0.600000    
0        136.756959   14.883783    0.000000     0.600000    
0        136.757689   14.871094    0.000000     0.600000    
0        136.758343   14.858133    0.000000     0.600000    
0        136.758987   14.852884    0.000000     0.600000    
0        136.759617   14.843277    0.000000     0.600000    
0        136.760234   14.834536    0.000000     0.600000    
0        136.760840   14.826151    0.000000     0.600000    
0        136.761431   14.821714    0.000000     0.600000    
0        136.762030   14.807594    0.000000     0.600000    
0        136.762633   14.800245    0.000000     0.600000    
0        136.763238   14.787051    0.000000     0.600000    
0        136.763835   14.780710    0.000000     0.600000    
0        136.764431   14.768649    0.000000     0.600000    
0        136.765024   14.754671    0.000000     0.600000    
0        136.765622   14.741558    0.000000     0.600000    
0        136.766243   14.730267    0.000000     0.600000    
0        136.766855   14.722176    0.000000     0.600000    
0        136.767473   14.714901    0.000000     0.600000    
0        136.768092   14.707689    0.000000     0.600000    
0        136.768710   14.698395    0.000000     0.600000    
0        136.769332   14.691030    0.000000     0.600000    
0        136.769948   14.685937    0.000000     0.600000    
0        136.770567   14.679705    0.000000     0.600000    
0        136.771194   14.667830    0.000000     0.600000    
0        136.772099   14.656337    0.000000     0.600000    
0        136.772761   14.645511    0.000000     0.600000    
0        136.773419   14.632162    0.000000     0.600000    
0        136.774072   14.626390    0.000000     0.600000    
0        136.774723   14.617192    0.000000     0.600000    
0        136.775371   14.611105    0.000000     0.600000    
0        136.776012   14.607826    0.000000     0.600000    
0        136.776650   14.600225    0.000000     0.600000    
0        136.777290   14.592299    0.000000     0.600000    
0        136.777941   14.580543    0.000000     0.600000    
0        136.778582   14.565380    0.000000     0.600000    
0        136.779211   14.556087    0.000000     0.600000    
0        136.779845   14.540646    0.000000     0.600000    
0        136.780485   14.528143    0.000000     0.600000    
0        136.781109   14.521668    0.000000     0.600000    
0        136.781751   14.511463    0.000000     0.600000    
0        136.782387   14.504897    0.000000     0.600000    
0        136.783021   14.494619    0.000000     0.600000    
0        136.783651   14.476118    0.000000     0.600000    
0        136.784284   14.471498    0.000000     0.600000    
0        136.784917   14.444771    0.000000     0.600000    
0        136.785546   14.434484    0.000000     0.600000    
0        136.786161   14.431077    0.000000     0.600000    
0        136.786790   14.421034    0.000000     0.600000    
0        136.787419   14.412401    0.000000     0.600000    
0        136.788089   14.406446    0.000000     0.600000    
0        136.788731   14.396965    0.000000     0.600000    
0        136.789370   14.390707    0.000000     0.600000    
0        136.790005   14.377433    0.000000     0.600000    
0        136.790620   14.370020    0.000000     0.600000    
0        136.791208   14.362862    0.000000     0.600000    
0        136.791802   14.349640    0.000000     0.600000    
0        136.792393   14.343970    0.000000     0.600000    
0        136.792985   14.331176    0.000000     0.600000    
0        136.793577   14.325277    0.000000     0.600000    
0        136.794181   14.312290    0.000000     0.600000    
0        136.794777   14.305730    0.000000     0.600000    
0        136.795365   14.301596    0.000000     0.600000    
0        136.796000   14.291191    0.000000     0.600000    
0        136.796628   14.285686    0.000000     0.600000    
0        136.797257   14.276530    0.000000     0.600000    
0        136.797898   14.255257    0.000000     0.600000    
0        136.798549   14.243980    0.000000     0.600000    
0        136.799171   14.234755    0.000000     0.600000    
0        136.799797   14.225954    0.000000     0.600000    
0        136.800425   14.217573    0.000000     0.600000    
0        136.801049   14.209348    0.000000     0.600000    
0        136.801679   14.201963    0.000000     0.600000    
0        136.802301   14.193356    0.000000     0.600000    
0        136.802922   14.187335    0.000000     0.600000    
0        136.803538   14.177004    0.000000     0.600000    
0        136.804163   14.167548    0.000000     0.600000    
0        136.804787   14.159752    0.000000     0.600000    
0        136.805409   14.153380    0.000000     0.600000    
0        136.806034   14.144518    0.000000     0.600000    
0        136.806668   14.135542    0.000000     0.600000    
0        136.807297   14.126760    0.000000     0.600000    
0        136.807942   14.114841    0.000000     0.600000    
0        136.808580   14.108227    0.000000     0.600000    
0        136.809216   14.099482    0.000000     0.600000    
0        136.809833   14.089408    0.000000     0.600000    
0        136.810462   14.079746    0.000000     0.600000    
0        136.811080   14.073449    0.000000     0.600000    
0        136.811719   14.059856    0.000000     0.600000    
0        136.812367   14.054904    0.000000     0.600000    
0        136.812996   14.047245    0.000000     0.600000    
0        136.813626   14.042504    0.000000     0.600000    
0        136.814270   14.021688    0.000000     0.600000    
0        136.814898   14.006142    0.000000     0.600000    
0        136.815524   13.996802    0.000000     0.600000    
0        136.816150   13.990377    0.000000     0.600000    
0        136.816778   13.984762    0.000000     0.600000    
0        136.817394   13.981823    0.000000     0.600000    
0        136.818029   13.969088    0.000000     0.600000    
0        136.818658   13.953156    0.000000     0.600000    
0        136.819281   13.946259    0.000000     0.600000    
0        136.819905   13.939796    0.000000     0.600000    
0        136.820526   13.931451    0.000000     0.600000    
0        136.821153   13.919720    0.000000     0.600000    
0        136.821791   13.909981    0.000000     0.600000    
0        136.822441   13.898998    0.000000     0.600000    
0        136.823072   13.893591    0.000000     0.600000    
0        136.823703   13.887918    0.000000     0.600000    
0        136.824335   13.879907    0.000000     0.600000    
0        136.824966   13.874418    0.000000     0.600000    
0        136.825589   13.869020    0.000000     0.600000    
0        136.826218   13.860200    0.000000     0.600000    
0        136.826838   13.851732    0.000000     0.600000    
0        136.827463   13.840087    0.000000     0.600000    
0        136.828101   13.824540    0.000000     0.600000    
0        136.828726   13.817406    0.000000     0.600000    
0        136.829343   13.814549    0.000000     0.600000    
0        136.829970   13.808759    0.000000     0.600000    
0        136.830717   13.797832    0.000000     0.600000    
0        136.831325   13.779106    0.000000     0.600000    
0        136.831917   13.763559    0.000000     0.600000    
0        136.832512   13.756496    0.000000     0.600000    
0        136.833102   13.746211    0.000000     0.600000    
0        136.833692   13.742004    0.000000     0.600000    
0        136.834299   13.733530    0.000000     0.600000    
0        136.834873   13.724585    0.000000     0.600000    
0        136.835470   13.718287    0.000000     0.600000    
0        136.836051   13.706329    0.000000     0.600000    
0        136.836627   13.700632    0.000000     0.600000    
0        136.837216   13.696032    0.000000     0.600000    
0        136.837809   13.684958    0.000000     0.600000    
0        136.838397   13.674731    0.000000     0.600000    
0        136.840278   13.663717    0.000000     0.600000    
0        136.840865   13.656252    0.000000     0.600000    
0        136.841445   13.648188    0.000000     0.600000    
0        136.842025   13.638935    0.000000     0.600000    
0        136.842607   13.632731    0.000000     0.600000    
0        136.843187   13.625842    0.000000     0.600000    
0        136.843775   13.613394    0.000000     0.600000    
0        136.844361   13.608095    0.000000     0.600000    
0        136.844940   13.592334    0.000000     0.600000    
0        136.845530   13.583768    0.000000     0.600000    
0        136.846110   13.576810    0.000000     0.600000    
0        136.846706   13.568190    0.000000     0.600000    
0        136.847294   13.553664    0.000000     0.600000    
0        136.847865   13.549705    0.000000     0.600000    
0        136.848452   13.540504    0.000000     0.600000    
0        136.849035   13.531159    0.000000     0.600000    
0        136.849629   13.520639    0.000000     0.600000    
0        136.850218   13.514254    0.000000     0.600000    
0        136.850808   13.508975    0.000000     0.600000    
0        136.851399   13.499844    0.000000     0.600000    
0        136.851993   13.490360    0.000000     0.600000    
0        136.852566   13.485389    0.000000     0.600000    
0        136.853143   13.481121    0.000000     0.600000    
0        136.853739   13.469007    0.000000     0.600000    
0        136.854320   13.459927    0.000000     0.600000    
0        136.854890   13.455303    0.000000     0.600000    
0        136.855463   13.444345    0.000000     0.600000    
0        136.856029   13.433308    0.000000     0.600000    
0        136.856600   13.413076    0.000000     0.600000    
0        136.857172   13.404610    0.000000     0.600000    
0        136.857894   13.400396    0.000000     0.600000    
0        136.858526   13.392692    0.000000     0.600000    
0        136.859142   13.381248    0.000000     0.600000    
0        136.859767   13.376015    0.000000     0.600000    
0        136.860388   13.365950    0.000000     0.600000    
0        136.860999   13.361237    0.000000     0.600000    
0        136.861613   13.354657    0.000000     0.600000    
0        136.862236   13.344941    0.000000     0.600000    
0        136.862849   13.342909    0.000000     0.600000    
0        136.863554   13.334006    0.000000     0.600000    
0        136.864191   13.322668    0.000000     0.600000    
0        136.864782   13.314756    0.000000     0.600000    
0        136.865412   13.306872    0.000000     0.600000    
0        136.865961   13.303013    0.000000     0.600000    
0        136.866508   13.295250    0.000000     0.600000    
0        136.867044   13.286612    0.000000     0.600000    
0        136.867589   13.274704    0.000000     0.600000    
0        136.868126   13.263791    0.000000     0.600000    
0        136.868666   13.251314    0.000000     0.600000    
0        136.869200   13.243788    0.000000     0.600000    
0        136.869733   13.239162    0.000000     0.600000    
0        136.870275   13.231775    0.000000     0.600000    
0        136.870812   13.227001    0.000000     0.600000    
0        136.871347   13.220139    0.000000     0.600000    
0        136.871892   13.208448    0.000000     0.600000    
0        136.872436   13.204033    0.000000     0.600000    
0        136.872975   13.194765    0.000000     0.600000    
0        136.873519   13.180381    0.000000     0.600000    
0        136.874058   13.173794    0.000000     0.600000    
0        136.874593   13.164496    0.000000     0.600000    
0        136.875125   13.152606    0.000000     0.600000    
0        136.875646   13.136381    0.000000     0.600000    
0        136.876147   13.124625    0.000000     0.600000    
0        136.876646   13.117907    0.000000     0.600000    
0        136.877147   13.110120    0.000000     0.600000    
0        136.877662   13.100691    0.000000     0.600000    
0        136.878159   13.094816    0.000000     0.600000    
0        136.878688   13.087624    0.000000     0.600000    
0        136.879232   13.078597    0.000000     0.600000    
0        136.880226   13.068217    0.000000     0.600000    
0        136.880753   13.054674    0.000000     0.600000    
0        136.881270   13.046096    0.000000     0.600000    
0        136.881823   13.036068    0.000000     0.600000    
0        136.882385   13.030499    0.000000     0.600000    
0        136.882944   13.021269    0.000000     0.600000    
0        136.883493   13.010628    0.000000     0.600000    
0        136.884041   13.001734    0.000000     0.600000    
0        136.884591   12.997035    0.000000     0.600000    
0        136.885128   12.993253    0.000000     0.600000    
0        136.885687   12.984144    0.000000     0.600000    
0        136.886276   12.966839    0.000000     0.600000    
0        136.886851   12.959836    0.000000     0.600000    
0        136.887420   12.948967    0.000000     0.600000    
0        136.888000   12.942188    0.000000     0.600000    
0        136.888586   12.929066    0.000000     0.600000    
0        136.889161   12.922930    0.000000     0.600000    
0        136.889742   12.915193    0.000000     0.600000    
0        136.890312   12.911262    0.000000     0.600000    
0        136.890864   12.902015    0.000000     0.600000    
0        136.891435   12.894055    0.000000     0.600000    
0        136.891976   12.889704    0.000000     0.600000    
0        136.892518   12.881616    0.000000     0.600000    
0        136.893057   12.879442    0.000000     0.600000    
0        136.893598   12.875854    0.000000     0.600000    
0        136.894147   12.868134    0.000000     0.600000    
0        136.894687   12.865257    0.000000     0.600000    
0        136.895240   12.848850    0.000000     0.600000    
0        136.896374   12.841129    0.000000     0.600000    
0        136.896963   12.835439    0.000000     0.600000    
0        136.897540   12.832308    0.000000     0.600000    
0        136.898113   12.827019    0.000000     0.600000    
0        136.898697   12.813704    0.000000     0.600000    
0        136.899268   12.809893    0.000000     0.600000    
0        136.899844   12.804708    0.000000     0.600000    
0        136.900417   12.800739    0.000000     0.600000    
0        136.901098   12.795570    0.000000     0.600000    
0        136.901701   12.783537    0.000000     0.600000    
0        136.902288   12.778994    0.000000     0.600000    
0        136.902881   12.773492    0.000000     0.600000    
0        136.903471   12.768817    0.000000     0.600000    
0        136.904056   12.760544    0.000000     0.600000    
0        136.904642   12.753996    0.000000     0.600000    
0        136.905224   12.749388    0.000000     0.600000    
0        136.905781   12.745219    0.000000     0.600000    
0        136.906323   12.736659    0.000000     0.600000    
0        136.906873   12.729181    0.000000     0.600000    
0        136.907420   12.715393    0.000000     0.600000    
0        136.907970   12.707336    0.000000     0.600000    
0        136.908515   12.706289    0.000000     0.600000    
0        136.909055   12.701763    0.000000     0.600000    
0        136.909625   12.693386    0.000000     0.600000    
0        136.910177   12.686740    0.000000     0.600000    
0        136.910718   12.681298    0.000000     0.600000    
0        136.911290   12.677557    0.000000     0.600000    
0        136.911840   12.669268    0.000000     0.600000    
0        136.912393   12.664497    0.000000     0.600000    
0        136.912936   12.660516    0.000000     0.600000    
0        136.913484   12.650165    0.000000     0.600000    
0        136.914098   12.644478    0.000000     0.600000    
0        136.914651   12.630610    0.000000     0.600000    
0        136.915186   12.624581    0.000000     0.600000    
0        136.915742   12.612614    0.000000     0.600000    
0        136.916290   12.605510    0.000000     0.600000    
0        136.916838   12.598248    0.000000     0.600000    
0        136.917389   12.588213    0.000000     0.600000    
0        136.917936   12.581610    0.000000     0.600000    
0        136.918470   12.574308    0.000000     0.600000    
0        136.919002   12.569129    0.000000     0.600000    
0        136.919534   12.565720    0.000000     0.600000    
0        136.920070   12.558863    0.000000     0.600000    
0        136.920602   12.546716    0.000000     0.600000    
0        136.921150   12.537930    0.000000     0.600000    
0        136.921686   12.531884    0.000000     0.600000    
0        136.922231   12.520573    0.000000     0.600000    
0        136.922775   12.509076    0.000000     0.600000    
0        136.923318   12.501116    0.000000     0.600000    
0        136.924387   12.495555    0.000000     0.600000    
0        136.924904   12.490690    0.000000     0.600000    
0        136.925410   12.485434    0.000000     0.600000    
0        136.925922   12.480593    0.000000     0.600000    
0        136.926438   12.473928    0.000000     0.600000    
0        136.926945   12.467432    0.000000     0.600000    
0        136.927445   12.463846    0.000000     0.600000    
0        136.927959   12.454580    0.000000     0.600000    
0        136.928470   12.449011    0.000000     0.600000    
0        136.928980   12.438555    0.000000     0.600000    
0        136.929496   12.430833    0.000000     0.600000    
0        136.929998   12.423792    0.000000     0.600000    
0        136.930548   12.416672    0.000000     0.600000    
0        136.931167   12.408617    0.000000     0.600000    
0        136.931695   12.401558    0.000000     0.600000    
0        136.932209   12.393755    0.000000     0.600000    
0        136.932715   12.383503    0.000000     0.600000    
0        136.933229   12.378246    0.000000     0.600000    
0        136.933746   12.376152    0.000000     0.600000    
0        136.934348   12.366003    0.000000     0.600000    
0        136.934908   12.359411    0.000000     0.600000    
0        136.935467   12.352106    0.000000     0.600000    
0        136.936033   12.349030    0.000000     0.600000    
0        136.936562   12.345715    0.000000     0.600000    
0        136.937077   12.340422    0.000000     0.600000    
0        136.937593   12.334259    0.000000     0.600000    
0        136.938109   12.323965    0.000000     0.600000    
0        136.938607   12.319986    0.000000     0.600000    
0        136.939125   12.313073    0.000000     0.600000    
0        136.939632   12.303323    0.000000     0.600000    
0        136.940148   12.294998    0.000000     0.600000    
0        136.940660   12.287821    0.000000     0.600000    
0        136.941168   12.283207    0.000000     0.600000    
0        136.941683   12.272778    0.000000     0.600000    
0        136.942203   12.262096    0.000000     0.600000    
0        136.942711   12.257203    0.000000     0.600000    
0        136.943228   12.244037    0.000000     0.600000    
0        136.943741   12.241144    0.000000     0.600000    
0        136.944263   12.230883    0.000000     0.600000    
0        136.944773   12.221320    0.000000     0.600000    
0        136.945290   12.214053    0.000000     0.600000    
0        136.945812   12.206072    0.000000     0.600000    
0        136.946322   12.200361    0.000000     0.600000    
0        136.946828   12.186466    0.000000     0.600000    
0        136.947333   12.182839    0.000000     0.600000    
0        136.947865   12.179441    0.000000     0.600000    
0        136.948367   12.177273    0.000000     0.600000    
0        136.948875   12.167215    0.000000     0.600000    
0        136.949370   12.163242    0.000000     0.600000    
0        136.949882   12.158051    0.000000     0.600000    
0        136.950377   12.156710    0.000000     0.600000    
0        136.950985   12.152157    0.000000     0.600000    
0        136.951507   12.145889    0.000000     0.600000    
0        136.952018   12.131473    0.000000     0.600000    
0        136.952525   12.127962    0.000000     0.600000    
0        136.953027   12.121276    0.000000     0.600000    
0        136.953528   12.111651    0.000000     0.600000    
0        136.954026   12.100511    0.000000     0.600000    
0        136.954524   12.094583    0.000000     0.600000    
0        136.955023   12.085502    0.000000     0.600000    
0        136.955522   12.073442    0.000000     0.600000    
0        136.956017   12.065348    0.000000     0.600000    
0        136.956521   12.057684    0.000000     0.600000    
0        136.957009   12.052570    0.000000     0.600000    
0        136.957577   12.044760    0.000000     0.600000    
0        136.958138   12.037516    0.000000     0.600000    
0        136.958687   12.031301    0.000000     0.600000    
0        136.959230   12.025031    0.000000     0.600000    
0        136.959771   12.019320    0.000000     0.600000    
0        136.960313   12.011372    0.000000     0.600000    
0        136.960863   12.001741    0.000000     0.600000    
0        136.961400   11.995405    0.000000     0.600000    
0        136.961954   11.988954    0.000000     0.600000    
0        136.962498   11.984164    0.000000     0.600000    
0        136.963043   11.973482    0.000000     0.600000    
0        136.963583   11.971057    0.000000     0.600000    
0        136.964176   11.959587    0.000000     0.600000    
0        136.964704   11.956024    0.000000     0.600000    
0        136.965205   11.950845    0.000000     0.600000    
0        136.965730   11.948203    0.000000     0.600000    
0        136.966242   11.938572    0.000000     0.600000    
0        136.966835   11.932418    0.000000     0.600000    
0        136.967341   11.926905    0.000000     0.600000    
0        136.967852   11.922125    0.000000     0.600000    
0        136.968366   11.918869    0.000000     0.600000    
0        136.968968   11.913702    0.000000     0.600000    
0        136.969529   11.908129    0.000000     0.600000    
0        136.970081   11.896719    0.000000     0.600000    
0        136.970632   11.886721    0.000000     0.600000    
0        136.971176   11.877905    0.000000     0.600000    
0        136.971725   11.871315    0.000000     0.600000    
0        136.972271   11.862934    0.000000     0.600000    
0        136.972815   11.858648    0.000000     0.600000    
0        136.973356   11.855528    0.000000     0.600000    
0        136.973906   11.852254    0.000000     0.600000    
0        136.974462   11.846592    0.000000     0.600000    
0        136.975006   11.841002    0.000000     0.600000    
0        136.975550   11.837635    0.000000     0.600000    
0        136.976099   11.833003    0.000000     0.600000    
0        136.976651   11.826230    0.000000     0.600000    
0        136.977186   11.823579    0.000000     0.600000    
0        136.977739   11.816206    0.000000     0.600000    
0        136.978285   11.813272    0.000000     0.600000    
0        136.978895   11.805052    0.000000     0.600000    
0        136.979453   11.795434    0.000000     0.600000    
0        136.979981   11.792322    0.000000     0.600000    
0        136.980516   11.779605    0.000000     0.600000    
0        136.981053   11.771691    0.000000     0.600000    
0        136.981577   11.767595    0.000000     0.600000    
0        136.982121   11.760201    0.000000     0.600000    
0        136.982641   11.758238    0.000000     0.600000    
0        136.983240   11.752868    0.000000     0.600000    
0        136.983790   11.740709    0.000000     0.600000    
0        136.984303   11.730979    0.000000     0.600000    
0        136.984806   11.725597    0.000000     0.600000    
0        136.985313   11.718882    0.000000     0.600000    
0        136.985812   11.709133    0.000000     0.600000    
0        136.986302   11.704928    0.000000     0.600000    
0        136.986816   11.698566    0.000000     0.600000    
0        136.987317   11.686541    0.000000     0.600000    
0        136.987825   11.679729    0.000000     0.600000    
0        136.988326   11.672581    0.000000     0.600000    
0        136.988840   11.668717    0.000000     0.600000    
0        136.989337   11.664274    0.000000     0.600000    
0        136.989835   11.656859    0.000000     0.600000    
0        136.990333   11.647334    0.000000     0.600000    
0        136.990826   11.640266    0.000000     0.600000    
0        136.991321   11.633247    0.000000     0.600000    
0        136.991823   11.628333    0.000000     0.600000    
0        136.992351   11.620698    0.000000     0.600000    
0        136.992865   11.608624    0.000000     0.600000    
0        136.993469   11.598783    0.000000     0.600000    
0        136.994000   11.596550    0.000000     0.600000    
0        136.994543   11.589355    0.000000     0.600000    
0        136.995086   11.581353    0.000000     0.600000    
0        136.995629   11.573988    0.000000     0.600000    
0        136.996180   11.566492    0.000000     0.600000    
0        136.996720   11.560454    0.000000     0.600000    
0        136.997270   11.552420    0.000000     0.600000    
0        136.997798   11.546685    0.000000     0.600000    
0        136.998331   11.540593    0.000000     0.600000    
0        136.998859   11.534966    0.000000     0.600000    
0        136.999386   11.527363    0.000000     0.600000    
0        136.999927   11.521164    0.000000     0.600000    
0        137.000470   11.513897    0.000000     0.600000    
0        137.001020   11.508695    0.000000     0.600000    
0        137.001542   11.500550    0.000000     0.600000    
0        137.002070   11.493916    0.000000     0.600000    
0        137.002590   11.485922    0.000000     0.600000    
0        137.003126   11.479532    0.000000     0.600000    
0        137.003643   11.471040    0.000000     0.600000    
0        137.004167   11.467607    0.000000     0.600000    
0        137.004689   11.463654    0.000000     0.600000    
0        137.005212   11.457799    0.000000     0.600000    
0        137.005740   11.446435    0.000000     0.600000    
0        137.006267   11.442280    0.000000     0.600000    
0        137.006788   11.439152    0.000000     0.600000    
0        137.007321   11.433502    0.000000     0.600000    
0        137.007912   11.427520    0.000000     0.600000    
0        137.008454   11.413136    0.000000     0.600000    
0        137.008997   11.406067    0.000000     0.600000    
0        137.009555   11.397536    0.000000     0.600000    
0        137.010101   11.393419    0.000000     0.600000    
0        137.010632   11.383636    0.000000     0.600000    
0        137.011158   11.380801    0.000000     0.600000    
0        137.011703   11.370188    0.000000     0.600000    
0        137.012263   11.365646    0.000000     0.600000    
0        137.012797   11.360786    0.000000     0.600000    
0        137.013337   11.357452    0.000000     0.600000    
0        137.013912   11.353499    0.000000     0.600000    
0        137.014445   11.344738    0.000000     0.600000    
0        137.015458   11.342323    0.000000     0.600000    
0        137.016000   11.334639    0.000000     0.600000    
0        137.016546   11.329268    0.000000     0.600000    
0        137.017073   11.326668    0.000000     0.600000    
0        137.017615   11.319471    0.000000     0.600000    
0        137.018200   11.312204    0.000000     0.600000    
0        137.018739   11.306502    0.000000     0.600000    
0        137.019280   11.298989    0.000000     0.600000    
0        137.019821   11.286154    0.000000     0.600000    
0        137.020353   11.280451    0.000000     0.600000    
0        137.020892   11.278193    0.000000     0.600000    
0        137.021477   11.275253    0.000000     0.600000    
0        137.021984   11.272148    0.000000     0.600000    
0        137.022492   11.262066    0.000000     0.600000    
0        137.022994   11.255634    0.000000     0.600000    
0        137.023492   11.250637    0.000000     0.600000    
0        137.023983   11.241613    0.000000     0.600000    
0        137.024533   11.235631    0.000000     0.600000    
0        137.025049   11.224077    0.000000     0.600000    
0        137.025561   11.217519    0.000000     0.600000    
0        137.026075   11.210988    0.000000     0.600000    
0        137.026588   11.199126    0.000000     0.600000    
0        137.027092   11.195793    0.000000     0.600000    
0        137.027586   11.193867    0.000000     0.600000    
0        137.028093   11.189549    0.000000     0.600000    
0        137.028596   11.184344    0.000000     0.600000    
0        137.029120   11.177170    0.000000     0.600000    
0        137.029629   11.171416    0.000000     0.600000    
0        137.030167   11.166328    0.000000     0.600000    
0        137.030726   11.162899    0.000000     0.600000    
0        137.031810   11.157667    0.000000     0.600000    
0        137.032344   11.150655    0.000000     0.600000    
0        137.032879   11.143425    0.000000     0.600000    
0        137.033382   11.138140    0.000000     0.600000    
0        137.033887   11.130918    0.000000     0.600000    
0        137.034396   11.122793    0.000000     0.600000    
0        137.034907   11.115746    0.000000     0.600000    
0        137.035415   11.105227    0.000000     0.600000    
0        137.035924   11.102147    0.000000     0.600000    
0        137.036416   11.097015    0.000000     0.600000    
0        137.036913   11.087770    0.000000     0.600000    
0        137.037408   11.083405    0.000000     0.600000    
0        137.037912   11.070742    0.000000     0.600000    
0        137.038416   11.065512    0.000000     0.600000    
0        137.038905   11.060626    0.000000     0.600000    
0        137.039402   11.054313    0.000000     0.600000    
0        137.039901   11.045180    0.000000     0.600000    
0        137.040404   11.043070    0.000000     0.600000    
0        137.040927   11.039315    0.000000     0.600000    
0        137.041450   11.031599    0.000000     0.600000    
0        137.042018   11.018494    0.000000     0.600000    
0        137.042531   11.010063    0.000000     0.600000    
0        137.043035   11.000936    0.000000     0.600000    
0        137.043540   10.995640    0.000000     0.600000    
0        137.044046   10.990428    0.000000     0.600000    
0        137.044536   10.988209    0.000000     0.600000    
0        137.045041   10.984001    0.000000     0.600000    
0        137.045535   10.978645    0.000000     0.600000    
0        137.046079   10.972238    0.000000     0.600000    
0        137.046601   10.968616    0.000000     0.600000    
0        137.047121   10.964407    0.000000     0.600000    
0        137.047649   10.956543    0.000000     0.600000    
0        137.048229   10.947979    0.000000     0.600000    
0        137.048778   10.942683    0.000000     0.600000    
0        137.049330   10.938355    0.000000     0.600000    
0        137.049877   10.929184    0.000000     0.600000    
0        137.050404   10.919374    0.000000     0.600000    
0        137.050947   10.911705    0.000000     0.600000    
0        137.051475   10.909906    0.000000     0.600000    
0        137.052011   10.903965    0.000000     0.600000    
0        137.052536   10.899936    0.000000     0.600000    
0        137.053129   10.895459    0.000000     0.600000    
0        137.053660   10.890819    0.000000     0.600000    
0        137.054194   10.884521    0.000000     0.600000    
0        137.054870   10.876263    0.000000     0.600000    
0        137.055410   10.874311    0.000000     0.600000    
0        137.055985   10.870229    0.000000     0.600000    
0        137.056533   10.863498    0.000000     0.600000    
0        137.057081   10.861202    0.000000     0.600000    
0        137.057630   10.857356    0.000000     0.600000    
0        137.058232   10.851656    0.000000     0.600000    
0        137.058740   10.848852    0.000000     0.600000    
0        137.059240   10.845774    0.000000     0.600000    
0        137.059737   10.835318    0.000000     0.600000    
0        137.060230   10.833323    0.000000     0.600000    
0        137.060730   10.828218    0.000000     0.600000    
0        137.061220   10.823762    0.000000     0.600000    
0        137.061710   10.820401    0.000000     0.600000    
0        137.062265   10.814175    0.000000     0.600000    
0        137.062812   10.807762    0.000000     0.600000    
0        137.063366   10.803719    0.000000     0.600000    
0        137.063871   10.799684    0.000000     0.600000    
0        137.064371   10.792971    0.000000     0.600000    
0        137.064867   10.787875    0.000000     0.600000    
0        137.065367   10.784061    0.000000     0.600000    
0        137.065865   10.782494    0.000000     0.600000    
0        137.066360   10.779216    0.000000     0.600000    
0        137.066857   10.772373    0.000000     0.600000    
0        137.067353   10.761593    0.000000     0.600000    
0        137.067847   10.756832    0.000000     0.600000    
0        137.068347   10.751921    0.000000     0.600000    
0        137.068925   10.746475    0.000000     0.600000    
0        137.069437   10.742905    0.000000     0.600000    
0        137.069938   10.734713    0.000000     0.600000    
0        137.070432   10.732718    0.000000     0.600000    
0        137.070942   10.727438    0.000000     0.600000    
0        137.071983   10.719845    0.000000     0.600000    
0        137.072530   10.714780    0.000000     0.600000    
0        137.073074   10.710522    0.000000     0.600000    
0        137.073643   10.707616    0.000000     0.600000    
0        137.074190   10.698603    0.000000     0.600000    
0        137.074738   10.690841    0.000000     0.600000    
0        137.075273   10.686599    0.000000     0.600000    
0        137.075808   10.679698    0.000000     0.600000    
0        137.076337   10.672650    0.000000     0.600000    
0        137.076879   10.662142    0.000000     0.600000    
0        137.077406   10.655344    0.000000     0.600000    
0        137.077951   10.648024    0.000000     0.600000    
0        137.078472   10.644197    0.000000     0.600000    
0        137.079006   10.636815    0.000000     0.600000    
0        137.079545   10.633028    0.000000     0.600000    
0        137.080092   10.628687    0.000000     0.600000    
0        137.080629   10.620524    0.000000     0.600000    
0        137.081158   10.615142    0.000000     0.600000    
0        137.081702   10.608992    0.000000     0.600000    
0        137.082235   10.605586    0.000000     0.600000    
0        137.082838   10.602747    0.000000     0.600000    
0        137.083353   10.596268    0.000000     0.600000    
0        137.083852   10.591208    0.000000     0.600000    
0        137.084351   10.586796    0.000000     0.600000    
0        137.084850   10.581409    0.000000     0.600000    
0        137.085346   10.579110    0.000000     0.600000    
0        137.085845   10.573427    0.000000     0.600000    
0        137.086332   10.573059    0.000000     0.600000    
0        137.086829   10.567671    0.000000     0.600000    
0        137.087335   10.557062    0.000000     0.600000    
0        137.087975   10.551715    0.000000     0.600000    
0        137.088554   10.546974    0.000000     0.600000    
0        137.089053   10.542290    0.000000     0.600000    
0        137.089553   10.538485    0.000000     0.600000    
0        137.090054   10.535631    0.000000     0.600000    
0        137.090555   10.531572    0.000000     0.600000    
0        137.091063   10.523874    0.000000     0.600000    
0        137.091568   10.517493    0.000000     0.600000    
0        137.092068   10.510308    0.000000     0.600000    
0        137.092567   10.505650    0.000000     0.600000    
0        137.093058   10.503468    0.000000     0.600000    
0        137.093551   10.500540    0.000000     0.600000    
0        137.094052   10.493745    0.000000     0.600000    
0        137.094542   10.491262    0.000000     0.600000    
0        137.095041   10.486216    0.000000     0.600000    
0        137.095548   10.482123    0.000000     0.600000    
0        137.096107   10.479098    0.000000     0.600000    
0        137.096618   10.468527    0.000000     0.600000    
0        137.097124   10.458912    0.000000     0.600000    
0        137.097638   10.452242    0.000000     0.600000    
0        137.098206   10.443504    0.000000     0.600000    
0        137.099225   10.440215    0.000000     0.600000    
0        137.099770   10.432164    0.000000     0.600000    
0        137.100301   10.426424    0.000000     0.600000    
0        137.100830   10.421612    0.000000     0.600000    
0        137.101361   10.418825    0.000000     0.600000    
0        137.101883   10.416278    0.000000     0.600000    
0        137.102410   10.408909    0.000000     0.600000    
0        137.102932   10.401973    0.000000     0.600000    
0        137.103456   10.397429    0.000000     0.600000    
0        137.103983   10.393988    0.000000     0.600000    
0        137.104510   10.388985    0.000000     0.600000    
0        137.105037   10.385710    0.000000     0.600000    
0        137.105571   10.379652    0.000000     0.600000    
0        137.106104   10.373975    0.000000     0.600000    
0        137.106689   10.372467    0.000000     0.600000    
0        137.107196   10.370115    0.000000     0.600000    
0        137.107695   10.364425    0.000000     0.600000    
0        137.108203   10.356466    0.000000     0.600000    
0        137.108704   10.350577    0.000000     0.600000    
0        137.109191   10.346447    0.000000     0.600000    
0        137.109689   10.341265    0.000000     0.600000    
0        137.110187   10.333037    0.000000     0.600000    
0        137.110681   10.329554    0.000000     0.600000    
0        137.111198   10.322548    0.000000     0.600000    
0        137.112189   10.319158    0.000000     0.600000    
0        137.112739   10.315598    0.000000     0.600000    
0        137.113269   10.312800    0.000000     0.600000    
0        137.113789   10.308303    0.000000     0.600000    
0        137.114322   10.306393    0.000000     0.600000    
0        137.114855   10.296911    0.000000     0.600000    
0        137.115383   10.292114    0.000000     0.600000    
0        137.115906   10.282920    0.000000     0.600000    
0        137.116434   10.274548    0.000000     0.600000    
0        137.117054   10.272487    0.000000     0.600000    
0        137.117602   10.266111    0.000000     0.600000    
0        137.118128   10.264505    0.000000     0.600000    
0        137.118657   10.257797    0.000000     0.600000    
0        137.119191   10.246710    0.000000     0.600000    
0        137.119716   10.240976    0.000000     0.600000    
0        137.120238   10.237560    0.000000     0.600000    
0        137.120765   10.232309    0.000000     0.600000    
0        137.121343   10.226501    0.000000     0.600000    
0        137.121852   10.219802    0.000000     0.600000    
0        137.122343   10.216445    0.000000     0.600000    
0        137.122841   10.212125    0.000000     0.600000    
0        137.123334   10.209072    0.000000     0.600000    
0        137.123833   10.196777    0.000000     0.600000    
0        137.124323   10.193556    0.000000     0.600000    
0        137.124814   10.191023    0.000000     0.600000    
0        137.125295   10.189482    0.000000     0.600000    
0        137.125781   10.185528    0.000000     0.600000    
0        137.126262   10.183292    0.000000     0.600000    
0        137.126742   10.182137    0.000000     0.600000    
0        137.127291   10.175190    0.000000     0.600000    
0        137.127844   10.169897    0.000000     0.600000    
0        137.128878   10.165810    0.000000     0.600000    
0        137.129416   10.158629    0.000000     0.600000    
0        137.129940   10.154716    0.000000     0.600000    
0        137.130478   10.149883    0.000000     0.600000    
0        137.131004   10.145568    0.000000     0.600000    
0        137.131541   10.141655    0.000000     0.600000    
0        137.132066   10.141073    0.000000     0.600000    
0        137.132644   10.134525    0.000000     0.600000    
0        137.133145   10.128850    0.000000     0.600000    
0        137.134116   10.122399    0.000000     0.600000    
0        137.134654   10.116214    0.000000     0.600000    
0        137.135183   10.113799    0.000000     0.600000    
0        137.135725   10.104844    0.000000     0.600000    
0        137.136251   10.099991    0.000000     0.600000    
0        137.136782   10.092332    0.000000     0.600000    
0        137.137316   10.086901    0.000000     0.600000    
0        137.137847   10.082534    0.000000     0.600000    
0        137.138369   10.080342    0.000000     0.600000    
0        137.138891   10.078166    0.000000     0.600000    
0        137.139419   10.069472    0.000000     0.600000    
0        137.139948   10.063065    0.000000     0.600000    
0        137.140472   10.059252    0.000000     0.600000    
0        137.140996   10.054813    0.000000     0.600000    
0        137.141540   10.051097    0.000000     0.600000    
0        137.142080   10.047871    0.000000     0.600000    
0        137.142614   10.042538    0.000000     0.600000    
0        137.143137   10.040609    0.000000     0.600000    
0        137.143660   10.037884    0.000000     0.600000    
0        137.144193   10.031462    0.000000     0.600000    
0        137.144703   10.027388    0.000000     0.600000    
0        137.145234   10.023051    0.000000     0.600000    
0        137.145760   10.018778    0.000000     0.600000    
0        137.146308   10.007202    0.000000     0.600000    
0        137.146838   10.001545    0.000000     0.600000    
0        137.147366   9.996292     0.000000     0.600000    
0        137.147982   9.989670     0.000000     0.600000    
0        137.148492   9.987326     0.000000     0.600000    
0        137.149087   9.983708     0.000000     0.600000    
0        137.149624   9.981991     0.000000     0.600000    
0        137.150160   9.975917     0.000000     0.600000    
0        137.150688   9.972246     0.000000     0.600000    
0        137.151222   9.967023     0.000000     0.600000    
0        137.151758   9.961992     0.000000     0.600000    
0        137.152298   9.955447     0.000000     0.600000    
0        137.152818   9.954035     0.000000     0.600000    
0        137.153343   9.948887     0.000000     0.600000    
0        137.153870   9.942840     0.000000     0.600000    
0        137.154419   9.937160     0.000000     0.600000    
0        137.154957   9.930349     0.000000     0.600000    
0        137.155488   9.923704     0.000000     0.600000    
0        137.156009   9.921501     0.000000     0.600000    
0        137.156543   9.917121     0.000000     0.600000    
0        137.157082   9.912164     0.000000     0.600000    
0        137.157788   9.906782     0.000000     0.600000    
0        137.158315   9.900367     0.000000     0.600000    
0        137.158850   9.894250     0.000000     0.600000    
0        137.159393   9.889513     0.000000     0.600000    
0        137.159927   9.885367     0.000000     0.600000    
0        137.160451   9.882181     0.000000     0.600000    
0        137.160988   9.875782     0.000000     0.600000    
0        137.161523   9.872786     0.000000     0.600000    
0        137.162056   9.867357     0.000000     0.600000    
0        137.162654   9.859686     0.000000     0.600000    
0        137.163210   9.854827     0.000000     0.600000    
0        137.163712   9.851927     0.000000     0.600000    
0        137.164327   9.847661     0.000000     0.600000    
0        137.164846   9.835087     0.000000     0.600000    
0        137.165350   9.831186     0.000000     0.600000    
0        137.165859   9.828232     0.000000     0.600000    
0        137.166349   9.825264     0.000000     0.600000    
0        137.166857   9.822386     0.000000     0.600000    
0        137.167450   9.819156     0.000000     0.600000    
0        137.167989   9.817726     0.000000     0.600000    
0        137.168532   9.813498     0.000000     0.600000    
0        137.169067   9.806568     0.000000     0.600000    
0        137.169603   9.802509     0.000000     0.600000    
0        137.170129   9.798711     0.000000     0.600000    
0        137.170647   9.795261     0.000000     0.600000    
0        137.171170   9.793053     0.000000     0.600000    
0        137.171697   9.787363     0.000000     0.600000    
0        137.172215   9.785292     0.000000     0.600000    
0        137.172747   9.777137     0.000000     0.600000    
0        137.173274   9.769474     0.000000     0.600000    
0        137.173805   9.761225     0.000000     0.600000    
0        137.174325   9.759102     0.000000     0.600000    
0        137.174964   9.754061     0.000000     0.600000    
0        137.175496   9.751268     0.000000     0.600000    
0        137.176026   9.745185     0.000000     0.600000    
0        137.176551   9.742431     0.000000     0.600000    
0        137.177082   9.738600     0.000000     0.600000    
0        137.177609   9.733922     0.000000     0.600000    
0        137.178120   9.730551     0.000000     0.600000    
0        137.178656   9.724409     0.000000     0.600000    
0        137.179185   9.720542     0.000000     0.600000    
0        137.179969   9.717779     0.000000     0.600000    
0        137.180505   9.713781     0.000000     0.600000    
0        137.181042   9.707203     0.000000     0.600000    
0        137.181577   9.704168     0.000000     0.600000    
0        137.182128   9.700756     0.000000     0.600000    
0        137.182650   9.697042     0.000000     0.600000    
0        137.183229   9.693061     0.000000     0.600000    
0        137.183842   9.689085     0.000000     0.600000    
0        137.184402   9.685369     0.000000     0.600000    
0        137.184952   9.683628     0.000000     0.600000    
0        137.185509   9.674829     0.000000     0.600000    
0        137.186023   9.672464     0.000000     0.600000    
0        137.186547   9.666444     0.000000     0.600000    
0        137.187061   9.659248     0.000000     0.600000    
0        137.187580   9.651958     0.000000     0.600000    
0        137.188097   9.646475     0.000000     0.600000    
0        137.188666   9.638559     0.000000     0.600000    
0        137.189201   9.633250     0.000000     0.600000    
0        137.189699   9.627670     0.000000     0.600000    
0        137.190306   9.621835     0.000000     0.600000    
0        137.190947   9.616913     0.000000     0.600000    
0        137.191663   9.612258     0.000000     0.600000    
0        137.192796   9.606173     0.000000     0.600000    
0        137.193330   9.596249     0.000000     0.600000    
0        137.193858   9.590623     0.000000     0.600000    
0        137.194400   9.582484     0.000000     0.600000    
0        137.194933   9.578006     0.000000     0.600000    
0        137.195635   9.573904     0.000000     0.600000    
0        137.196336   9.571132     0.000000     0.600000    
0        137.196938   9.567451     0.000000     0.600000    
0        137.197533   9.564127     0.000000     0.600000    
0        137.198111   9.560000     0.000000     0.600000    
0        137.198667   9.553210     0.000000     0.600000    
0        137.199347   9.550502     0.000000     0.600000    
0        137.200431   9.546391     0.000000     0.600000    
0        137.200936   9.546165     0.000000     0.600000    
0        137.201450   9.542105     0.000000     0.600000    
0        137.201982   9.537457     0.000000     0.600000    
0        137.202508   9.533118     0.000000     0.600000    
0        137.203035   9.530576     0.000000     0.600000    
0        137.203555   9.522643     0.000000     0.600000    
0        137.204081   9.514934     0.000000     0.600000    
0        137.204773   9.509140     0.000000     0.600000    
0        137.205349   9.503696     0.000000     0.600000    
0        137.205911   9.498868     0.000000     0.600000    
0        137.206502   9.493628     0.000000     0.600000    
0        137.207093   9.489096     0.000000     0.600000    
0        137.207686   9.482573     0.000000     0.600000    
0        137.208254   9.479486     0.000000     0.600000    
0        137.208823   9.474651     0.000000     0.600000    
0        137.209389   9.470091     0.000000     0.600000    
0        137.209972   9.462348     0.000000     0.600000    
0        137.210615   9.458046     0.000000     0.600000    
0        137.211172   9.457130     0.000000     0.600000    
0        137.211738   9.451652     0.000000     0.600000    
0        137.212306   9.447901     0.000000     0.600000    
0        137.212902   9.441767     0.000000     0.600000    
0        137.213477   9.434277     0.000000     0.600000    
0        137.214063   9.428503     0.000000     0.600000    
0        137.214672   9.424621     0.000000     0.600000    
0        137.215354   9.421290     0.000000     0.600000    
0        137.215874   9.416393     0.000000     0.600000    
0        137.216378   9.412551     0.000000     0.600000    
0        137.216882   9.405605     0.000000     0.600000    
0        137.217372   9.401252     0.000000     0.600000    
0        137.217867   9.397246     0.000000     0.600000    
0        137.218357   9.395710     0.000000     0.600000    
0        137.218855   9.393122     0.000000     0.600000    
0        137.219380   9.389719     0.000000     0.600000    
0        137.219874   9.387941     0.000000     0.600000    
0        137.220429   9.383699     0.000000     0.600000    
0        137.221036   9.381186     0.000000     0.600000    
0        137.221597   9.375704     0.000000     0.600000    
0        137.222094   9.374853     0.000000     0.600000    
0        137.222638   9.370157     0.000000     0.600000    
0        137.223203   9.367198     0.000000     0.600000    
0        137.223698   9.363729     0.000000     0.600000    
0        137.224189   9.362581     0.000000     0.600000    
0        137.224706   9.359984     0.000000     0.600000    
0        137.225206   9.354277     0.000000     0.600000    
0        137.225699   9.348307     0.000000     0.600000    
0        137.226187   9.344079     0.000000     0.600000    
0        137.226689   9.337261     0.000000     0.600000    
0        137.227645   9.328121     0.000000     0.600000    
0        137.228139   9.325047     0.000000     0.600000    
0        137.228626   9.320950     0.000000     0.600000    
0        137.229798   9.316362     0.000000     0.600000    
0        137.230310   9.306160     0.000000     0.600000    
0        137.230837   9.299953     0.000000     0.600000    
0        137.231360   9.298521     0.000000     0.600000    
0        137.231902   9.293812     0.000000     0.600000    
0        137.232430   9.290786     0.000000     0.600000    
0        137.233108   9.290030     0.000000     0.600000    
0        137.233709   9.288015     0.000000     0.600000    
0        137.234292   9.283154     0.000000     0.600000    
0        137.234948   9.280732     0.000000     0.600000    
0        137.235587   9.274701     0.000000     0.600000    
0        137.236107   9.269215     0.000000     0.600000    
0        137.236602   9.263439     0.000000     0.600000    
0        137.237091   9.259983     0.000000     0.600000    
0        137.237582   9.258103     0.000000     0.600000    
0        137.238061   9.256254     0.000000     0.600000    
0        137.238552   9.254684     0.000000     0.600000    
0        137.239127   9.253374     0.000000     0.600000    
0        137.239639   9.251682     0.000000     0.600000    
0        137.240146   9.248087     0.000000     0.600000    
0        137.240661   9.245664     0.000000     0.600000    
0        137.242026   9.244103     0.000000     0.600000    
0        137.242637   9.238911     0.000000     0.600000    
0        137.243227   9.233793     0.000000     0.600000    
0        137.243808   9.232563     0.000000     0.600000    
0        137.244405   9.226773     0.000000     0.600000    
0        137.244984   9.220774     0.000000     0.600000    
0        137.245567   9.213638     0.000000     0.600000    
0        137.246107   9.209782     0.000000     0.600000    
0        137.246639   9.205607     0.000000     0.600000    
0        137.247165   9.204021     0.000000     0.600000    
0        137.247703   9.201126     0.000000     0.600000    
0        137.248229   9.197290     0.000000     0.600000    
0        137.248758   9.191423     0.000000     0.600000    
0        137.249464   9.184599     0.000000     0.600000    
0        137.249997   9.184404     0.000000     0.600000    
0        137.250533   9.182323     0.000000     0.600000    
0        137.251093   9.181174     0.000000     0.600000    
0        137.251656   9.177031     0.000000     0.600000    
0        137.252214   9.174633     0.000000     0.600000    
0        137.252774   9.169220     0.000000     0.600000    
0        137.253345   9.165373     0.000000     0.600000    
0        137.253917   9.161871     0.000000     0.600000    
0        137.254520   9.155567     0.000000     0.600000    
0        137.255187   9.150633     0.000000     0.600000    
0        137.255743   9.145459     0.000000     0.600000    
0        137.256306   9.140868     0.000000     0.600000    
0        137.256857   9.134912     0.000000     0.600000    
0        137.257414   9.128267     0.000000     0.600000    
0        137.257986   9.124141     0.000000     0.600000    
0        137.258544   9.121883     0.000000     0.600000    
0        137.259108   9.119700     0.000000     0.600000    
0        137.259671   9.114593     0.000000     0.600000    
0        137.260228   9.112358     0.000000     0.600000    
0        137.260879   9.108319     0.000000     0.600000    
0        137.262026   9.102945     0.000000     0.600000    
0        137.262564   9.094626     0.000000     0.600000    
0        137.263098   9.085714     0.000000     0.600000    
0        137.263633   9.081815     0.000000     0.600000    
0        137.264165   9.078175     0.000000     0.600000    
0        137.264685   9.076693     0.000000     0.600000    
0        137.265203   9.071797     0.000000     0.600000    
0        137.265724   9.069567     0.000000     0.600000    
0        137.266253   9.064518     0.000000     0.600000    
0        137.266778   9.060217     0.000000     0.600000    
0        137.267298   9.059116     0.000000     0.600000    
0        137.267827   9.056643     0.000000     0.600000    
0        137.268342   9.056131     0.000000     0.600000    
0        137.268869   9.054243     0.000000     0.600000    
0        137.269407   9.052128     0.000000     0.600000    
0        137.269952   9.049904     0.000000     0.600000    
0        137.270485   9.047321     0.000000     0.600000    
0        137.270986   9.043200     0.000000     0.600000    
0        137.271526   9.040045     0.000000     0.600000    
0        137.272010   9.038369     0.000000     0.600000    
0        137.272524   9.032287     0.000000     0.600000    
0        137.273036   9.029277     0.000000     0.600000    
0        137.273546   9.025597     0.000000     0.600000    
0        137.274060   9.021146     0.000000     0.600000    
0        137.274560   9.017191     0.000000     0.600000    
0        137.275165   9.012514     0.000000     0.600000    
0        137.275726   9.011438     0.000000     0.600000    
0        137.276303   9.006442     0.000000     0.600000    
0        137.276880   9.001214     0.000000     0.600000    
0        137.277468   8.996983     0.000000     0.600000    
0        137.278073   8.990773     0.000000     0.600000    
0        137.278647   8.987291     0.000000     0.600000    
0        137.279282   8.985188     0.000000     0.600000    
0        137.279833   8.979136     0.000000     0.600000    
0        137.280362   8.974628     0.000000     0.600000    
0        137.280851   8.970501     0.000000     0.600000    
0        137.281341   8.968134     0.000000     0.600000    
0        137.281834   8.964848     0.000000     0.600000    
0        137.282323   8.962118     0.000000     0.600000    
0        137.282812   8.958328     0.000000     0.600000    
0        137.283405   8.954733     0.000000     0.600000    
0        137.283886   8.950077     0.000000     0.600000    
0        137.284399   8.944632     0.000000     0.600000    
0        137.284885   8.942841     0.000000     0.600000    
0        137.285394   8.934909     0.000000     0.600000    
0        137.285899   8.931064     0.000000     0.600000    
0        137.286391   8.927097     0.000000     0.600000    
0        137.286883   8.922640     0.000000     0.600000    
0        137.287365   8.921033     0.000000     0.600000    
0        137.288117   8.918522     0.000000     0.600000    
0        137.288700   8.914974     0.000000     0.600000    
0        137.289233   8.911224     0.000000     0.600000    
0        137.289848   8.906532     0.000000     0.600000    
0        137.290354   8.904035     0.000000     0.600000    
0        137.290846   8.896386     0.000000     0.600000    
0        137.291337   8.893352     0.000000     0.600000    
0        137.291825   8.891285     0.000000     0.600000    
0        137.292309   8.890001     0.000000     0.600000    
0        137.292795   8.889024     0.000000     0.600000    
0        137.293286   8.886123     0.000000     0.600000    
0        137.293781   8.880352     0.000000     0.600000    
0        137.294272   8.873642     0.000000     0.600000    
0        137.294758   8.870610     0.000000     0.600000    
0        137.295240   8.868343     0.000000     0.600000    
0        137.295726   8.862753     0.000000     0.600000    
0        137.296218   8.858691     0.000000     0.600000    
0        137.296751   8.853121     0.000000     0.600000    
0        137.297301   8.847894     0.000000     0.600000    
0        137.297855   8.845553     0.000000     0.600000    
0        137.298345   8.842015     0.000000     0.600000    
0        137.298828   8.840103     0.000000     0.600000    
0        137.299319   8.836868     0.000000     0.600000    
0        137.299806   8.835092     0.000000     0.600000    
0        137.300286   8.832355     0.000000     0.600000    
0        137.300797   8.829967     0.000000     0.600000    
0        137.301309   8.826124     0.000000     0.600000    
0        137.302351   8.824061     0.000000     0.600000    
0        137.302982   8.820837     0.000000     0.600000    
0        137.303575   8.816794     0.000000     0.600000    
0        137.304181   8.810793     0.000000     0.600000    
0        137.305048   8.806974     0.000000     0.600000    
0        137.305624   8.805321     0.000000     0.600000    
0        137.306147   8.799248     0.000000     0.600000    
0        137.306665   8.797029     0.000000     0.600000    
0        137.307182   8.794879     0.000000     0.600000    
0        137.307710   8.791075     0.000000     0.600000    
0        137.308239   8.786371     0.000000     0.600000    
0        137.308750   8.781010     0.000000     0.600000    
0        137.309257   8.780224     0.000000     0.600000    
0        137.309772   8.774981     0.000000     0.600000    
0        137.310296   8.767973     0.000000     0.600000    
0        137.310962   8.762737     0.000000     0.600000    
0        137.311469   8.754955     0.000000     0.600000    
0        137.311957   8.749720     0.000000     0.600000    
0        137.312438   8.747420     0.000000     0.600000    
0        137.312999   8.745098     0.000000     0.600000    
0        137.313536   8.740933     0.000000     0.600000    
0        137.314090   8.736372     0.000000     0.600000    
0        137.314630   8.729860     0.000000     0.600000    
0        137.315125   8.726763     0.000000     0.600000    
0        137.315623   8.722467     0.000000     0.600000    
0        137.316113   8.718056     0.000000     0.600000    
0        137.316723   8.714447     0.000000     0.600000    
0        137.317278   8.711098     0.000000     0.600000    
0        137.317805   8.706706     0.000000     0.600000    
0        137.318373   8.700444     0.000000     0.600000    
0        137.318899   8.697656     0.000000     0.600000    
0        137.319416   8.696487     0.000000     0.600000    
0        137.319933   8.693542     0.000000     0.600000    
0        137.320452   8.687567     0.000000     0.600000    
0        137.321042   8.681452     0.000000     0.600000    
0        137.321789   8.678112     0.000000     0.600000    
0        137.322346   8.672976     0.000000     0.600000    
0        137.322881   8.668676     0.000000     0.600000    
0        137.323443   8.663984     0.000000     0.600000    
0        137.323945   8.660440     0.000000     0.600000    
0        137.324437   8.657883     0.000000     0.600000    
0        137.324931   8.652454     0.000000     0.600000    
0        137.325414   8.648613     0.000000     0.600000    
0        137.325908   8.639562     0.000000     0.600000    
0        137.326406   8.635745     0.000000     0.600000    
0        137.326888   8.633425     0.000000     0.600000    
0        137.327369   8.631192     0.000000     0.600000    
0        137.327853   8.629271     0.000000     0.600000    
0        137.328345   8.624104     0.000000     0.600000    
0        137.328824   8.622160     0.000000     0.600000    
0        137.329299   8.619211     0.000000     0.600000    
0        137.329816   8.614058     0.000000     0.600000    
0        137.330302   8.605233     0.000000     0.600000    
0        137.330789   8.599977     0.000000     0.600000    
0        137.331278   8.595815     0.000000     0.600000    
0        137.331767   8.593213     0.000000     0.600000    
0        137.332249   8.589514     0.000000     0.600000    
0        137.332734   8.583907     0.000000     0.600000    
0        137.333211   8.581217     0.000000     0.600000    
0        137.333834   8.578526     0.000000     0.600000    
0        137.334325   8.575169     0.000000     0.600000    
0        137.334807   8.569831     0.000000     0.600000    
0        137.335287   8.568356     0.000000     0.600000    
0        137.335764   8.565888     0.000000     0.600000    
0        137.336244   8.561876     0.000000     0.600000    
0        137.336735   8.557317     0.000000     0.600000    
0        137.337215   8.555737     0.000000     0.600000    
0        137.337718   8.554141     0.000000     0.600000    
0        137.338286   8.549059     0.000000     0.600000    
0        137.338777   8.547092     0.000000     0.600000    
0        137.339257   8.538890     0.000000     0.600000    
0        137.339737   8.535158     0.000000     0.600000    
0        137.340225   8.532493     0.000000     0.600000    
0        137.340709   8.528547     0.000000     0.600000    
0        137.341190   8.525738     0.000000     0.600000    
0        137.341675   8.521697     0.000000     0.600000    
0        137.342159   8.516203     0.000000     0.600000    
0        137.342638   8.512977     0.000000     0.600000    
0        137.343111   8.511608     0.000000     0.600000    
0        137.344134   8.511094     0.000000     0.600000    
0        137.344686   8.505870     0.000000     0.600000    
0        137.345233   8.499634     0.000000     0.600000    
0        137.345716   8.494689     0.000000     0.600000    
0        137.346264   8.492858     0.000000     0.600000    
0        137.346758   8.489939     0.000000     0.600000    
0        137.347305   8.484529     0.000000     0.600000    
0        137.347824   8.482332     0.000000     0.600000    
0        137.348344   8.480208     0.000000     0.600000    
0        137.348870   8.474935     0.000000     0.600000    
0        137.349397   8.473946     0.000000     0.600000    
0        137.349921   8.470751     0.000000     0.600000    
0        137.350498   8.467144     0.000000     0.600000    
0        137.351001   8.465432     0.000000     0.600000    
0        137.351487   8.462207     0.000000     0.600000    
0        137.351967   8.460733     0.000000     0.600000    
0        137.352458   8.454760     0.000000     0.600000    
0        137.352938   8.452358     0.000000     0.600000    
0        137.353416   8.448956     0.000000     0.600000    
0        137.353897   8.444275     0.000000     0.600000    
0        137.354472   8.438333     0.000000     0.600000    
0        137.355056   8.435884     0.000000     0.600000    
0        137.355548   8.432665     0.000000     0.600000    
0        137.356036   8.428836     0.000000     0.600000    
0        137.356524   8.426858     0.000000     0.600000    
0        137.357009   8.423162     0.000000     0.600000    
0        137.357497   8.421081     0.000000     0.600000    
0        137.357970   8.420371     0.000000     0.600000    
0        137.358451   8.416958     0.000000     0.600000    
0        137.358930   8.414680     0.000000     0.600000    
0        137.359415   8.411350     0.000000     0.600000    
0        137.359903   8.407246     0.000000     0.600000    
0        137.360386   8.403090     0.000000     0.600000    
0        137.360873   8.396343     0.000000     0.600000    
0        137.361351   8.393473     0.000000     0.600000    
0        137.361888   8.391001     0.000000     0.600000    
0        137.362409   8.387289     0.000000     0.600000    
0        137.363082   8.385056     0.000000     0.600000    
0        137.363613   8.381886     0.000000     0.600000    
0        137.364145   8.378506     0.000000     0.600000    
0        137.364680   8.373655     0.000000     0.600000    
0        137.365201   8.370274     0.000000     0.600000    
0        137.365725   8.366685     0.000000     0.600000    
0        137.366236   8.364306     0.000000     0.600000    
0        137.366748   8.361382     0.000000     0.600000    
0        137.367261   8.360061     0.000000     0.600000    
0        137.367775   8.358339     0.000000     0.600000    
0        137.368335   8.354978     0.000000     0.600000    
0        137.368873   8.349487     0.000000     0.600000    
0        137.369385   8.345510     0.000000     0.600000    
0        137.369898   8.343497     0.000000     0.600000    
0        137.370411   8.341978     0.000000     0.600000    
0        137.370932   8.337172     0.000000     0.600000    
0        137.371478   8.336476     0.000000     0.600000    
0        137.371963   8.333431     0.000000     0.600000    
0        137.372449   8.330051     0.000000     0.600000    
0        137.372931   8.324475     0.000000     0.600000    
0        137.373413   8.318961     0.000000     0.600000    
0        137.373898   8.314262     0.000000     0.600000    
0        137.374405   8.310385     0.000000     0.600000    
0        137.374898   8.307409     0.000000     0.600000    
0        137.375383   8.304512     0.000000     0.600000    
0        137.375871   8.299036     0.000000     0.600000    
0        137.376364   8.294637     0.000000     0.600000    
0        137.376868   8.292031     0.000000     0.600000    
0        137.377457   8.289857     0.000000     0.600000    
0        137.377978   8.286812     0.000000     0.600000    
0        137.378496   8.282068     0.000000     0.600000    
0        137.379006   8.277395     0.000000     0.600000    
0        137.379536   8.273325     0.000000     0.600000    
0        137.380051   8.268826     0.000000     0.600000    
0        137.380566   8.265665     0.000000     0.600000    
0        137.381081   8.262116     0.000000     0.600000    
0        137.381584   8.261534     0.000000     0.600000    
0        137.382095   8.258450     0.000000     0.600000    
0        137.382595   8.256550     0.000000     0.600000    
0        137.383174   8.253259     0.000000     0.600000    
0        137.383703   8.250917     0.000000     0.600000    
0        137.384223   8.250272     0.000000     0.600000    
0        137.384745   8.245127     0.000000     0.600000    
0        137.385268   8.239875     0.000000     0.600000    
0        137.385787   8.236533     0.000000     0.600000    
0        137.386300   8.232659     0.000000     0.600000    
0        137.386819   8.229506     0.000000     0.600000    
0        137.387335   8.225562     0.000000     0.600000    
0        137.387901   8.222235     0.000000     0.600000    
0        137.388451   8.220016     0.000000     0.600000    
0        137.388970   8.216687     0.000000     0.600000    
0        137.389521   8.212878     0.000000     0.600000    
0        137.390041   8.210945     0.000000     0.600000    
0        137.390559   8.205527     0.000000     0.600000    
0        137.391074   8.204529     0.000000     0.600000    
0        137.391592   8.202584     0.000000     0.600000    
0        137.392109   8.196877     0.000000     0.600000    
0        137.392633   8.191495     0.000000     0.600000    
0        137.393145   8.189799     0.000000     0.600000    
0        137.393664   8.185246     0.000000     0.600000    
0        137.394180   8.182786     0.000000     0.600000    
0        137.394696   8.177551     0.000000     0.600000    
0        137.395271   8.172645     0.000000     0.600000    
0        137.395752   8.170826     0.000000     0.600000    
0        137.396230   8.168225     0.000000     0.600000    
0        137.396719   8.163120     0.000000     0.600000    
0        137.397201   8.159344     0.000000     0.600000    
0        137.397681   8.156078     0.000000     0.600000    
0        137.398149   8.154201     0.000000     0.600000    
0        137.398623   8.151407     0.000000     0.600000    
0        137.399106   8.145387     0.000000     0.600000    
0        137.399588   8.143620     0.000000     0.600000    
0        137.400068   8.140093     0.000000     0.600000    
0        137.400626   8.136911     0.000000     0.600000    
0        137.401142   8.135187     0.000000     0.600000    
0        137.401661   8.131453     0.000000     0.600000    
0        137.402178   8.127432     0.000000     0.600000    
0        137.402688   8.122997     0.000000     0.600000    
0        137.403199   8.122745     0.000000     0.600000    
0        137.403707   8.118876     0.000000     0.600000    
0        137.404222   8.116241     0.000000     0.600000    
0        137.404762   8.115219     0.000000     0.600000    
0        137.405248   8.109291     0.000000     0.600000    
0        137.405732   8.104020     0.000000     0.600000    
0        137.406216   8.099385     0.000000     0.600000    
0        137.406696   8.097746     0.000000     0.600000    
0        137.407172   8.096463     0.000000     0.600000    
0        137.407650   8.093559     0.000000     0.600000    
0        137.408137   8.091279     0.000000     0.600000    
0        137.408620   8.089019     0.000000     0.600000    
0        137.409099   8.085834     0.000000     0.600000    
0        137.409596   8.084163     0.000000     0.600000    
0        137.410076   8.079180     0.000000     0.600000    
0        137.410552   8.076469     0.000000     0.600000    
0        137.411027   8.074843     0.000000     0.600000    
0        137.411512   8.070017     0.000000     0.600000    
0        137.411991   8.066545     0.000000     0.600000    
0        137.412470   8.062453     0.000000     0.600000    
0        137.412942   8.060711     0.000000     0.600000    
0        137.413423   8.057692     0.000000     0.600000    
0        137.413895   8.054790     0.000000     0.600000    
0        137.414376   8.052923     0.000000     0.600000    
0        137.414852   8.048508     0.000000     0.600000    
0        137.415330   8.044154     0.000000     0.600000    
0        137.415900   8.042712     0.000000     0.600000    
0        137.416428   8.039293     0.000000     0.600000    
0        137.416939   8.035989     0.000000     0.600000    
0        137.417451   8.032291     0.000000     0.600000    
0        137.417965   8.030442     0.000000     0.600000    
0        137.418485   8.026928     0.000000     0.600000    
0        137.418989   8.026016     0.000000     0.600000    
0        137.419498   8.023680     0.000000     0.600000    
0        137.419999   8.022503     0.000000     0.600000    
0        137.420508   8.020894     0.000000     0.600000    
0        137.421042   8.015732     0.000000     0.600000    
0        137.421549   8.011085     0.000000     0.600000    
0        137.422042   8.007357     0.000000     0.600000    
0        137.422518   8.006283     0.000000     0.600000    
0        137.422997   8.004215     0.000000     0.600000    
0        137.423468   8.002582     0.000000     0.600000    
0        137.423949   7.999919     0.000000     0.600000    
0        137.424423   7.998413     0.000000     0.600000    
0        137.424890   7.997852     0.000000     0.600000    
0        137.425361   7.996379     0.000000     0.600000    
0        137.425857   7.989813     0.000000     0.600000    
0        137.426338   7.986098     0.000000     0.600000    
0        137.426816   7.981683     0.000000     0.600000    
0        137.427295   7.980001     0.000000     0.600000    
0        137.427773   7.976444     0.000000     0.600000    
0        137.428259   7.972337     0.000000     0.600000    
0        137.428742   7.969288     0.000000     0.600000    
0        137.429221   7.966129     0.000000     0.600000    
0        137.429693   7.963490     0.000000     0.600000    
0        137.430170   7.960118     0.000000     0.600000    
0        137.430638   7.958568     0.000000     0.600000    
0        137.431108   7.957091     0.000000     0.600000    
0        137.431592   7.954020     0.000000     0.600000    
0        137.432058   7.952063     0.000000     0.600000    
0        137.432536   7.948220     0.000000     0.600000    
0        137.433014   7.943689     0.000000     0.600000    
0        137.433490   7.939063     0.000000     0.600000    
0        137.433956   7.938146     0.000000     0.600000    
0        137.434427   7.935962     0.000000     0.600000    
0        137.434906   7.930385     0.000000     0.600000    
0        137.435375   7.928560     0.000000     0.600000    
0        137.435847   7.925535     0.000000     0.600000    
0        137.436320   7.923194     0.000000     0.600000    
0        137.436791   7.917715     0.000000     0.600000    
0        137.437270   7.915446     0.000000     0.600000    
0        137.437795   7.914340     0.000000     0.600000    
0        137.438337   7.909379     0.000000     0.600000    
0        137.438821   7.907235     0.000000     0.600000    
0        137.439297   7.905021     0.000000     0.600000    
0        137.439782   7.903054     0.000000     0.600000    
0        137.440255   7.900468     0.000000     0.600000    
0        137.440730   7.898144     0.000000     0.600000    
0        137.441204   7.892321     0.000000     0.600000    
0        137.441684   7.885690     0.000000     0.600000    
0        137.442165   7.880359     0.000000     0.600000    
0        137.442639   7.878346     0.000000     0.600000    
0        137.443113   7.875865     0.000000     0.600000    
0        137.443595   7.871811     0.000000     0.600000    
0        137.444078   7.868318     0.000000     0.600000    
0        137.444549   7.865582     0.000000     0.600000    
0        137.445027   7.864190     0.000000     0.600000    
0        137.445495   7.861630     0.000000     0.600000    
0        137.445963   7.859203     0.000000     0.600000    
0        137.446436   7.858102     0.000000     0.600000    
0        137.446956   7.855878     0.000000     0.600000    
0        137.447445   7.850379     0.000000     0.600000    
0        137.447931   7.846474     0.000000     0.600000    
0        137.448409   7.844919     0.000000     0.600000    
0        137.448884   7.839654     0.000000     0.600000    
0        137.449356   7.837050     0.000000     0.600000    
0        137.449827   7.834541     0.000000     0.600000    
0        137.450299   7.831773     0.000000     0.600000    
0        137.450768   7.829460     0.000000     0.600000    
0        137.451245   7.826688     0.000000     0.600000    
0        137.451747   7.824737     0.000000     0.600000    
0        137.452220   7.822908     0.000000     0.600000    
0        137.452690   7.820952     0.000000     0.600000    
0        137.453159   7.819927     0.000000     0.600000    
0        137.453637   7.817508     0.000000     0.600000    
0        137.454116   7.814688     0.000000     0.600000    
0        137.454640   7.812253     0.000000     0.600000    
0        137.455120   7.809581     0.000000     0.600000    
0        137.455592   7.805035     0.000000     0.600000    
0        137.456066   7.799754     0.000000     0.600000    
0        137.456539   7.796067     0.000000     0.600000    
0        137.457017   7.792384     0.000000     0.600000    
0        137.457489   7.789504     0.000000     0.600000    
0        137.457960   7.787473     0.000000     0.600000    
0        137.458427   7.783499     0.000000     0.600000    
0        137.458900   7.780151     0.000000     0.600000    
0        137.459384   7.775183     0.000000     0.600000    
0        137.459865   7.771887     0.000000     0.600000    
0        137.460343   7.767838     0.000000     0.600000    
0        137.460816   7.765165     0.000000     0.600000    
0        137.461298   7.762567     0.000000     0.600000    
0        137.461771   7.757818     0.000000     0.600000    
0        137.462241   7.754645     0.000000     0.600000    
0        137.462726   7.751843     0.000000     0.600000    
0        137.463221   7.749243     0.000000     0.600000    
0        137.463849   7.747721     0.000000     0.600000    
0        137.464450   7.745245     0.000000     0.600000    
0        137.464931   7.742418     0.000000     0.600000    
0        137.465399   7.741164     0.000000     0.600000    
0        137.465868   7.738682     0.000000     0.600000    
0        137.466356   7.734700     0.000000     0.600000    
0        137.466824   7.733452     0.000000     0.600000    
0        137.467304   7.726094     0.000000     0.600000    
0        137.467786   7.723487     0.000000     0.600000    
0        137.468318   7.718757     0.000000     0.600000    
0        137.468937   7.716014     0.000000     0.600000    
0        137.469470   7.710011     0.000000     0.600000    
0        137.469988   7.707157     0.000000     0.600000    
0        137.470497   7.706546     0.000000     0.600000    
0        137.471057   7.704343     0.000000     0.600000    
0        137.471582   7.701871     0.000000     0.600000    
0        137.472100   7.699053     0.000000     0.600000    
0        137.472619   7.690497     0.000000     0.600000    
0        137.473137   7.688723     0.000000     0.600000    
0        137.473658   7.686728     0.000000     0.600000    
0        137.474169   7.684732     0.000000     0.600000    
0        137.474697   7.682475     0.000000     0.600000    
0        137.475218   7.681476     0.000000     0.600000    
0        137.475775   7.679953     0.000000     0.600000    
0        137.476263   7.676302     0.000000     0.600000    
0        137.476737   7.675226     0.000000     0.600000    
0        137.477207   7.673722     0.000000     0.600000    
0        137.477683   7.671357     0.000000     0.600000    
0        137.478159   7.664930     0.000000     0.600000    
0        137.478632   7.661931     0.000000     0.600000    
0        137.479231   7.658485     0.000000     0.600000    
0        137.479755   7.656488     0.000000     0.600000    
0        137.480276   7.654620     0.000000     0.600000    
0        137.480796   7.653275     0.000000     0.600000    
0        137.481311   7.650076     0.000000     0.600000    
0        137.481831   7.645909     0.000000     0.600000    
0        137.482344   7.641978     0.000000     0.600000    
0        137.482852   7.640846     0.000000     0.600000    
0        137.483368   7.637652     0.000000     0.600000    
0        137.483878   7.635907     0.000000     0.600000    
0        137.484441   7.633035     0.000000     0.600000    
0        137.484951   7.629663     0.000000     0.600000    
0        137.485438   7.625850     0.000000     0.600000    
0        137.485916   7.624088     0.000000     0.600000    
0        137.486385   7.621068     0.000000     0.600000    
0        137.486852   7.619697     0.000000     0.600000    
0        137.487330   7.615631     0.000000     0.600000    
0        137.487862   7.613334     0.000000     0.600000    
0        137.488378   7.611556     0.000000     0.600000    
0        137.488845   7.611132     0.000000     0.600000    
0        137.489316   7.608349     0.000000     0.600000    
0        137.489788   7.606469     0.000000     0.600000    
0        137.490257   7.603366     0.000000     0.600000    
0        137.490729   7.601797     0.000000     0.600000    
0        137.491205   7.599780     0.000000     0.600000    
0        137.491681   7.598450     0.000000     0.600000    
0        137.492156   7.595096     0.000000     0.600000    
0        137.492629   7.593113     0.000000     0.600000    
0        137.493106   7.590497     0.000000     0.600000    
0        137.493579   7.588522     0.000000     0.600000    
0        137.494062   7.585131     0.000000     0.600000    
0        137.494542   7.582253     0.000000     0.600000    
0        137.495027   7.575999     0.000000     0.600000    
0        137.495493   7.572339     0.000000     0.600000    
0        137.495967   7.567410     0.000000     0.600000    
0        137.496439   7.565036     0.000000     0.600000    
0        137.496912   7.561994     0.000000     0.600000    
0        137.497382   7.559124     0.000000     0.600000    
0        137.497861   7.556074     0.000000     0.600000    
0        137.498335   7.555134     0.000000     0.600000    
0        137.498798   7.554317     0.000000     0.600000    
0        137.499284   7.551631     0.000000     0.600000    
0        137.499754   7.548261     0.000000     0.600000    
0        137.500229   7.546223     0.000000     0.600000    
0        137.500701   7.542284     0.000000     0.600000    
0        137.501166   7.541075     0.000000     0.600000    
0        137.501641   7.539215     0.000000     0.600000    
0        137.502135   7.535531     0.000000     0.600000    
0        137.502606   7.533382     0.000000     0.600000    
0        137.503080   7.531788     0.000000     0.600000    
0        137.503562   7.529484     0.000000     0.600000    
0        137.504086   7.527298     0.000000     0.600000    
0        137.504640   7.524254     0.000000     0.600000    
0        137.505152   7.522800     0.000000     0.600000    
0        137.505651   7.522259     0.000000     0.600000    
0        137.506164   7.520133     0.000000     0.600000    
0        137.506669   7.517143     0.000000     0.600000    
0        137.507185   7.514608     0.000000     0.600000    
0        137.507690   7.512428     0.000000     0.600000    
0        137.508200   7.506927     0.000000     0.600000    
0        137.508706   7.505979     0.000000     0.600000    
0        137.509218   7.501336     0.000000     0.600000    
0        137.509711   7.500196     0.000000     0.600000    
0        137.510222   7.498189     0.000000     0.600000    
0        137.510739   7.493340     0.000000     0.600000    
0        137.511234   7.493092     0.000000     0.600000    
0        137.511747   7.487891     0.000000     0.600000    
0        137.512257   7.483419     0.000000     0.600000    
0        137.512770   7.478887     0.000000     0.600000    
0        137.513273   7.476804     0.000000     0.600000    
0        137.513777   7.475878     0.000000     0.600000    
0        137.514299   7.473326     0.000000     0.600000    
0        137.514802   7.470716     0.000000     0.600000    
0        137.515312   7.468819     0.000000     0.600000    
0        137.515886   7.468554     0.000000     0.600000    
0        137.516401   7.465509     0.000000     0.600000    
0        137.516910   7.459737     0.000000     0.600000    
0        137.517412   7.457140     0.000000     0.600000    
0        137.517917   7.456458     0.000000     0.600000    
0        137.518430   7.454234     0.000000     0.600000    
0        137.518933   7.452627     0.000000     0.600000    
0        137.519433   7.450580     0.000000     0.600000    
0        137.519931   7.449182     0.000000     0.600000    
0        137.520436   7.443288     0.000000     0.600000    
0        137.520944   7.436378     0.000000     0.600000    
0        137.521457   7.432652     0.000000     0.600000    
0        137.521959   7.431240     0.000000     0.600000    
0        137.522461   7.426435     0.000000     0.600000    
0        137.522965   7.419923     0.000000     0.600000    
0        137.523466   7.416643     0.000000     0.600000    
0        137.523968   7.414962     0.000000     0.600000    
0        137.524482   7.411380     0.000000     0.600000    
0        137.524984   7.410083     0.000000     0.600000    
0        137.525487   7.401648     0.000000     0.600000    
0        137.526007   7.398003     0.000000     0.600000    
0        137.526516   7.397079     0.000000     0.600000    
0        137.527027   7.394051     0.000000     0.600000    
0        137.527527   7.389632     0.000000     0.600000    
0        137.528026   7.388323     0.000000     0.600000    
0        137.528532   7.383671     0.000000     0.600000    
0        137.529025   7.381901     0.000000     0.600000    
0        137.529528   7.380226     0.000000     0.600000    
0        137.530028   7.378611     0.000000     0.600000    
0        137.530538   7.373135     0.000000     0.600000    
0        137.531045   7.370955     0.000000     0.600000    
0        137.531544   7.365313     0.000000     0.600000    
0        137.532037   7.364317     0.000000     0.600000    
0        137.532594   7.363533     0.000000     0.600000    
0        137.533079   7.360587     0.000000     0.600000    
0        137.533551   7.358510     0.000000     0.600000    
0        137.534022   7.358015     0.000000     0.600000    
0        137.534492   7.352841     0.000000     0.600000    
0        137.534967   7.351088     0.000000     0.600000    
0        137.535479   7.346978     0.000000     0.600000    
0        137.535974   7.345410     0.000000     0.600000    
0        137.536455   7.343220     0.000000     0.600000    
0        137.536931   7.340203     0.000000     0.600000    
0        137.537401   7.339229     0.000000     0.600000    
0        137.537881   7.333290     0.000000     0.600000    
0        137.538351   7.331474     0.000000     0.600000    
0        137.538827   7.328756     0.000000     0.600000    
0        137.539298   7.325633     0.000000     0.600000    
0        137.539773   7.323356     0.000000     0.600000    
0        137.540247   7.320166     0.000000     0.600000    
0        137.540721   7.317663     0.000000     0.600000    
0        137.541199   7.315620     0.000000     0.600000    
0        137.541672   7.314381     0.000000     0.600000    
0        137.542156   7.309567     0.000000     0.600000    
0        137.542623   7.305518     0.000000     0.600000    
0        137.543085   7.301876     0.000000     0.600000    
0        137.543555   7.299540     0.000000     0.600000    
0        137.544036   7.296495     0.000000     0.600000    
0        137.544506   7.294171     0.000000     0.600000    
0        137.544977   7.292863     0.000000     0.600000    
0        137.545447   7.291413     0.000000     0.600000    
0        137.545922   7.289710     0.000000     0.600000    
0        137.546487   7.287427     0.000000     0.600000    
0        137.546982   7.284027     0.000000     0.600000    
0        137.547453   7.280127     0.000000     0.600000    
0        137.547933   7.278123     0.000000     0.600000    
0        137.548410   7.276767     0.000000     0.600000    
0        137.548935   7.274837     0.000000     0.600000    
0        137.549435   7.273799     0.000000     0.600000    
0        137.549937   7.271987     0.000000     0.600000    
0        137.550430   7.270772     0.000000     0.600000    
0        137.550925   7.269826     0.000000     0.600000    
0        137.551425   7.267475     0.000000     0.600000    
0        137.551936   7.263402     0.000000     0.600000    
0        137.552430   7.262066     0.000000     0.600000    
0        137.552930   7.260831     0.000000     0.600000    
0        137.553435   7.257629     0.000000     0.600000    
0        137.553929   7.256175     0.000000     0.600000    
0        137.554465   7.253062     0.000000     0.600000    
0        137.555051   7.252686     0.000000     0.600000    
0        137.555527   7.251384     0.000000     0.600000    
0        137.556008   7.250173     0.000000     0.600000    
0        137.556473   7.246300     0.000000     0.600000    
0        137.556964   7.243917     0.000000     0.600000    
0        137.557438   7.240504     0.000000     0.600000    
0        137.557924   7.234097     0.000000     0.600000    
1        137.569228   7.233565     0.887740     0.600000    
11       137.606445   7.229494     0.889300     0.600000    
21       137.648519   7.226824     0.886590     0.600000    
31       137.686817   7.220557     0.885740     0.600000    
41       137.728138   7.215898     0.886780     0.600000    
51       137.770467   7.209911     0.886910     0.600000    
61       137.815154   7.204220     0.887710     0.600000    
71       137.867101   7.198192     0.887520     0.600000    
81       137.935006   7.194885     0.886570     0.600000    
91       137.995813   7.190193     0.886190     0.600000    
101      138.050484   7.187017     0.887500     0.600000    
111      138.097472   7.183401     0.888860     0.600000    
121      138.143456   7.178503     0.886870     0.600000    
131      138.189012   7.171733     0.885800     0.600000    
141      138.231310   7.167001     0.887860     0.600000    
151      138.275876   7.163293     0.887200     0.600000    
161      138.325136   7.157867     0.888790     0.600000    
171      138.370154   7.150397     0.885420     0.600000    
181      138.415936   7.144030     0.887010     0.600000    
191      138.457144   7.137993     0.887060     0.600000    
201      138.531654   7.134487     0.886090     0.600000    
211      138.607137   7.129817     0.889100     0.600000    
221      138.677687   7.125715     0.885870     0.600000    
231      138.741870   7.119782     0.887130     0.600000    
241      138.801421   7.114461     0.888000     0.600000    
251      138.861838   7.108493     0.886360     0.600000    
261      138.923484   7.103475     0.886220     0.600000    
271      138.986863   7.100267     0.887060     0.600000    
281      139.046517   7.094449     0.888930     0.600000    
291      139.109708   7.092653     0.885580     0.600000    
301      139.178488   7.087830     0.884900     0.600000    
311      139.248779   7.080936     0.887900     0.600000    
321      139.318477   7.075597     0.887940     0.600000    
331      139.386333   7.070287     0.887330     0.600000    
341      139.440734   7.066405     0.885180     0.600000    
351      139.491626   7.059767     0.886020     0.600000    
361      139.531311   7.054695     0.884820     0.600000    
371      139.580576   7.049336     0.885860     0.600000    
381      139.627505   7.045196     0.884100     0.600000    
391      139.670671   7.040023     0.883380     0.600000    
401      139.708977   7.035008     0.883840     0.600000    
411      139.752303   7.030904     0.884720     0.600000    
421      139.794810   7.026528     0.884630     0.600000    
431      139.836314   7.024164     0.887080     0.600000    
441      139.877995   7.020871     0.886750     0.600000    
451      139.917644   7.016188     0.886800     0.600000    
461      139.976419   7.009359     0.886430     0.600000    
471      140.044569   7.001162     0.886020     0.600000    
481      140.118876   6.994280     0.884650     0.600000    
491      140.195432   6.987964     0.888490     0.600000    
501      140.261072   6.981927     0.886460     0.600000    
511      140.326481   6.975744     0.888340     0.600000    
521      140.386944   6.970759     0.883570     0.600000    
531      140.452787   6.966275     0.886020     0.600000    
541      140.515853   6.963025     0.884350     0.600000    
551      140.573565   6.961132     0.884540     0.600000    
561      140.622649   6.953488     0.884240     0.600000    
571      140.684004   6.946383     0.889480     0.600000    
581      140.737017   6.942573     0.885170     0.600000    
591      140.800240   6.937373     0.882860     0.600000    
601      140.857538   6.933573     0.886000     0.600000    
611      140.925955   6.924919     0.885890     0.600000    
621      141.007920   6.919785     0.886120     0.600000    
631      141.071884   6.915646     0.886540     0.600000    
641      141.126470   6.905302     0.884050     0.600000    
651      141.188489   6.900591     0.884310     0.600000    
661      141.271179   6.896492     0.882520     0.600000    
671      141.330943   6.891402     0.885350     0.600000    
681      141.384231   6.886989     0.888230     0.600000    
691      141.436978   6.882329     0.886140     0.600000    
701      141.496470   6.876980     0.883090     0.600000    
711      141.544647   6.873897     0.884170     0.600000    
721      141.600299   6.869821     0.882880     0.600000    
731      141.654610   6.865221     0.885600     0.600000    
741      141.712600   6.860810     0.884180     0.600000    
751      141.793861   6.856768     0.884910     0.600000    
761      141.879086   6.852486     0.887060     0.600000    
771      141.986298   6.847334     0.884580     0.600000    
781      142.088306   6.844698     0.884260     0.600000    
791      142.192171   6.839692     0.883590     0.600000    
801      142.262881   6.831648     0.884070     0.600000    
811      142.334966   6.827863     0.882780     0.600000    
821      142.407536   6.820797     0.883150     0.600000    
831      142.495667   6.814083     0.881620     0.600000    
841      142.571984   6.809435     0.884750     0.600000    
851      142.661826   6.804505     0.883660     0.600000    
861      142.715284   6.799070     0.885280     0.600000    
871      142.768007   6.794665     0.882360     0.600000    
881      142.818932   6.793206     0.884540     0.600000    
891      142.879032   6.784980     0.882900     0.600000    
901      142.936317   6.781287     0.882340     0.600000    
911      142.996176   6.778546     0.885310     0.600000    
921      143.054278   6.771491     0.882770     0.600000    
931      143.107291   6.767802     0.884350     0.600000    
941      143.161504   6.761456     0.882390     0.600000    
951      143.214977   6.756935     0.884520     0.600000    
961      143.269310   6.752164     0.885050     0.600000    
971      143.386799   6.745687     0.882200     0.600000    
981      143.478051   6.742936     0.885450     0.600000    
991      143.546937   6.737655     0.885400     0.600000    
1001     143.605053   6.733347     0.883110     0.600000    
1011     143.665584   6.727589     0.882690     0.600000    
1021     143.724242   6.721287     0.881180     0.600000    
1031     143.786224   6.714980     0.881780     0.600000    
1041     143.842461   6.711401     0.883450     0.600000    
1051     143.900389   6.703854     0.881060     0.600000    
1061     143.967440   6.698673     0.884710     0.600000    
1071     144.033143   6.694994     0.880620     0.600000    
1081     144.092961   6.689937     0.882270     0.600000    
1091     144.154102   6.684483     0.883020     0.600000    
1101     144.222075   6.678499     0.881350     0.600000    
1111     144.284731   6.674691     0.882170     0.600000    
1121     144.368827   6.667756     0.883630     0.600000    
1131     144.450391   6.661063     0.886030     0.600000    
1141     144.522973   6.657795     0.882830     0.600000    
1151     144.599536   6.653705     0.881190     0.600000    
1161     144.705544   6.648321     0.884730     0.600000    
1171     144.792852   6.644837     0.881490     0.600000    
1181     144.890350   6.638428     0.883040     0.600000    
1191     144.991794   6.633844     0.882300     0.600000    
1201     145.098290   6.629933     0.883640     0.600000    
1211     145.215271   6.624085     0.882760     0.600000    
1221     145.339929   6.620397     0.883340     0.600000    
1231     145.477310   6.616037     0.881770     0.600000    
1241     145.647176   6.610345     0.886710     0.600000    
1251     145.764727   6.606157     0.882720     0.600000    
1261     145.836207   6.601893     0.883610     0.600000    
1271     145.923752   6.597869     0.882950     0.600000    
1281     146.011782   6.592148     0.883990     0.600000    
1291     146.090454   6.588697     0.881640     0.600000    
1301     146.167952   6.583115     0.881980     0.600000    
1311     146.272817   6.576081     0.880950     0.600000    
1321     146.366033   6.572074     0.882260     0.600000    
1331     146.447998   6.567535     0.882320     0.600000    
1341     146.520777   6.565122     0.880970     0.600000    
1351     146.592243   6.562657     0.882660     0.600000    
1361     146.654509   6.558914     0.882270     0.600000    
1371     146.720660   6.553926     0.882100     0.600000    
1381     146.797856   6.549131     0.884310     0.600000    
1391     146.860275   6.543368     0.881600     0.600000    
1401     146.930804   6.536869     0.883080     0.600000    
1411     147.000507   6.533315     0.879790     0.600000    
1421     147.069294   6.528950     0.882480     0.600000    
1431     147.129299   6.526095     0.883560     0.600000    
1441     147.199306   6.522938     0.879400     0.600000    
1451     147.270108   6.517759     0.881580     0.600000    
1461     147.348393   6.515676     0.879030     0.600000    
1471     147.467770   6.512409     0.883090     0.600000    
1481     147.557073   6.510275     0.882830     0.600000    
1491     147.622313   6.505660     0.881580     0.600000    
1501     147.717043   6.501679     0.882260     0.600000    
1511     147.915715   6.497413     0.881050     0.600000    
1521     148.034988   6.494858     0.880940     0.600000    
1531     148.147401   6.491967     0.883180     0.600000    
1541     148.267478   6.487041     0.879820     0.600000    
1551     148.339242   6.484432     0.878690     0.600000    
1561     148.410859   6.480585     0.880450     0.600000    
1571     148.482184   6.475645     0.880400     0.600000    
1581     148.557063   6.469072     0.881750     0.600000    
1591     148.626274   6.464835     0.879610     0.600000    
1601     148.767670   6.459533     0.879860     0.600000    
1611     148.892981   6.456195     0.879610     0.600000    
1621     148.985884   6.453259     0.879970     0.600000    
1631     149.083463   6.448149     0.880980     0.600000    
1641     149.205409   6.443423     0.879520     0.600000    
1651     149.303222   6.437943     0.880860     0.600000    
1661     149.371827   6.432139     0.884370     0.600000    
1671     149.449711   6.427132     0.880460     0.600000    
1681     149.534908   6.423757     0.882830     0.600000    
1691     149.617944   6.421131     0.879570     0.600000    
1701     149.690251   6.418103     0.881830     0.600000    
1711     149.753468   6.414077     0.881900     0.600000    
1721     149.818359   6.409883     0.878300     0.600000    
1731     149.879777   6.406616     0.881800     0.600000    
1741     149.938119   6.402696     0.881340     0.600000    
1751     149.999653   6.400050     0.881550     0.600000    
1761     150.055434   6.397309     0.882260     0.600000    
1771     150.130572   6.395644     0.883120     0.600000    
1781     150.228026   6.392252     0.880280     0.600000    
1791     150.285659   6.388239     0.880460     0.600000    
1801     150.339853   6.383974     0.879510     0.600000    
1811     150.397500   6.380784     0.878880     0.600000    
1821     150.455365   6.377048     0.881480     0.600000    
1831     150.513300   6.370395     0.881900     0.600000    
1841     150.572168   6.364619     0.881870     0.600000    
1851     150.644118   6.360668     0.879400     0.600000    
1861     150.712426   6.357224     0.878600     0.600000    
1871     150.778546   6.352600     0.879030     0.600000    
1881     150.842031   6.350237     0.881590     0.600000    
1891     150.900802   6.347908     0.878590     0.600000    
1901     150.958342   6.342686     0.877280     0.600000    
1911     151.016786   6.339147     0.880750     0.600000    
1921     151.074220   6.335506     0.879440     0.600000    
1931     151.127259   6.329233     0.880460     0.600000    
1941     151.189239   6.324504     0.880650     0.600000    
1951     151.255631   6.320911     0.879030     0.600000    
1961     151.318563   6.310121     0.881080     0.600000    
1971     151.390022   6.307045     0.878690     0.600000    
1981     151.449875   6.302750     0.879300     0.600000    
1991     151.503385   6.300340     0.881660     0.600000    
2001     151.562547   6.295588     0.878740     0.600000    
2011     151.629085   6.291869     0.878620     0.600000    
2021     151.682589   6.288682     0.882140     0.600000    
2031     151.743010   6.283503     0.879870     0.600000    
2041     151.798195   6.279978     0.877660     0.600000    
2051     151.848988   6.278153     0.879270     0.600000    
2061     151.921951   6.274049     0.881010     0.600000    
2071     151.993226   6.270318     0.881120     0.600000    
2081     152.059533   6.264901     0.878980     0.600000    
2091     152.114213   6.260711     0.879810     0.600000    
2101     152.190304   6.258026     0.879250     0.600000    
2111     152.255430   6.253829     0.878360     0.600000    
2121     152.313057   6.249566     0.876650     0.600000    
2131     152.366227   6.246823     0.880180     0.600000    
2141     152.448115   6.242600     0.880270     0.600000    
2151     152.591972   6.238893     0.876900     0.600000    
2161     152.684859   6.233277     0.877460     0.600000    
2171     152.774271   6.229583     0.878160     0.600000    
2181     152.867567   6.225662     0.878430     0.600000    
2191     152.966101   6.222323     0.877770     0.600000    
2201     153.033644   6.220216     0.879040     0.600000    
2211     153.087316   6.218021     0.881910     0.600000    
2221     153.142420   6.212329     0.878640     0.600000    
2231     153.197188   6.209399     0.880590     0.600000    
2241     153.252443   6.204056     0.876200     0.600000    
2251     153.313189   6.199770     0.877770     0.600000    
2261     153.365047   6.194992     0.878070     0.600000    
2271     153.417066   6.190766     0.879680     0.600000    
2281     153.473770   6.185521     0.879340     0.600000    
2291     153.528584   6.181405     0.878200     0.600000    
2301     153.585022   6.176608     0.880010     0.600000    
2311     153.642103   6.173120     0.879500     0.600000    
2321     153.698248   6.169359     0.878980     0.600000    
2331     153.754999   6.163176     0.880350     0.600000    
2341     153.809525   6.156909     0.879670     0.600000    
2351     153.865890   6.153301     0.879510     0.600000    
2361     153.916918   6.148951     0.878620     0.600000    
2371     153.972358   6.143942     0.879130     0.600000    
2381     154.029362   6.137403     0.877430     0.600000    
2391     154.081953   6.133789     0.876530     0.600000    
2401     154.130609   6.130770     0.876360     0.600000    
2411     154.184153   6.125901     0.876080     0.600000    
2421     154.291678   6.123318     0.876600     0.600000    
2431     154.349579   6.119318     0.879420     0.600000    
2441     154.419184   6.116666     0.878510     0.600000    
2451     154.470876   6.110634     0.876550     0.600000    
2461     154.522180   6.108670     0.878450     0.600000    
2471     154.579119   6.104717     0.878960     0.600000    
2481     154.633368   6.101853     0.880330     0.600000    
2491     154.691963   6.098260     0.876940     0.600000    
2501     154.765062   6.094570     0.879520     0.600000    
2511     154.811581   6.090261     0.876720     0.600000    
2521     154.881443   6.088377     0.874520     0.600000    
2531     154.953784   6.081475     0.877810     0.600000    
2541     155.018402   6.079572     0.880450     0.600000    
2551     155.085284   6.076200     0.877130     0.600000    
2561     155.146784   6.071424     0.875530     0.600000    
2571     155.213268   6.069804     0.878430     0.600000    
2581     155.294083   6.067590     0.877520     0.600000    
2591     155.346744   6.063214     0.876640     0.600000    
2601     155.398606   6.058389     0.878280     0.600000    
2611     155.450797   6.055022     0.877020     0.600000    
2621     155.505228   6.050501     0.877730     0.600000    
2631     155.557847   6.047580     0.877900     0.600000    
2641     155.607862   6.045031     0.876330     0.600000    
2651     155.659447   6.041803     0.877760     0.600000    
2661     155.714173   6.035692     0.877320     0.600000    
2671     155.768254   6.030904     0.874970     0.600000    
2681     155.816695   6.024269     0.876030     0.600000    
2691     155.871506   6.021125     0.876990     0.600000    
2701     155.927848   6.018549     0.876410     0.600000    
2711     155.981081   6.012274     0.877410     0.600000    
2721     156.027042   6.008392     0.877100     0.600000    
2731     156.077639   6.004552     0.878610     0.600000    
2741     156.134241   6.001481     0.877800     0.600000    
2751     156.188633   5.997504     0.879450     0.600000    
2761     156.251488   5.993743     0.873830     0.600000    
2771     156.313155   5.989779     0.877220     0.600000    
2781     156.363654   5.986169     0.877370     0.600000    
2791     156.418606   5.983470     0.877910     0.600000    
2801     156.469951   5.979788     0.875570     0.600000    
2811     156.525405   5.976251     0.877710     0.600000    
2821     156.575974   5.971645     0.876790     0.600000    
2831     156.641258   5.966805     0.878380     0.600000    
2841     156.693188   5.962702     0.875380     0.600000    
2851     156.748456   5.957990     0.875750     0.600000    
2861     156.801549   5.953249     0.876050     0.600000    
2871     156.854882   5.945356     0.876490     0.600000    
2881     156.910338   5.940659     0.874600     0.600000    
2891     156.962678   5.935922     0.876220     0.600000    
2901     157.036270   5.931748     0.875000     0.600000    
2911     157.101078   5.929166     0.876410     0.600000    
2921     157.190491   5.924308     0.876490     0.600000    
2931     157.274790   5.920688     0.875430     0.600000    
2941     157.351754   5.917108     0.874150     0.600000    
2951     157.438822   5.913411     0.875580     0.600000    
2961     157.533526   5.910167     0.877290     0.600000    
2971     157.585505   5.907534     0.878000     0.600000    
2981     157.632853   5.904109     0.877580     0.600000    
2991     157.698729   5.900827     0.876740     0.600000    
3001     157.741954   5.896697     0.876910     0.600000    
3011     157.780362   5.891939     0.874820     0.600000    
3021     157.819474   5.886789     0.875470     0.600000    
3031     157.857766   5.881904     0.875000     0.600000    
3041     157.897851   5.877748     0.877150     0.600000    
3051     157.938188   5.874091     0.874080     0.600000    
3061     157.978667   5.870145     0.876170     0.600000    
3071     158.018556   5.867224     0.875790     0.600000    
3081     158.059002   5.863118     0.874220     0.600000    
3091     158.099453   5.859169     0.873750     0.600000    
3101     158.139678   5.855598     0.875390     0.600000    
3111     158.178258   5.852184     0.876230     0.600000    
3121     158.214922   5.849666     0.873040     0.600000    
3131     158.252259   5.844914     0.875850     0.600000    
3141     158.289939   5.838072     0.872970     0.600000    
3151     158.328082   5.833868     0.876090     0.600000    
3161     158.368553   5.830535     0.873670     0.600000    
3171     158.406720   5.828905     0.875930     0.600000    
3181     158.445804   5.826523     0.874280     0.600000    
3191     158.485661   5.822612     0.874630     0.600000    
3201     158.524321   5.818623     0.878500     0.600000    
3211     158.561365   5.814950     0.875540     0.600000    
3221     158.599574   5.811595     0.876370     0.600000    
3231     158.637079   5.807718     0.878220     0.600000    
3241     158.673674   5.803655     0.875240     0.600000    
3251     158.713259   5.800840     0.875090     0.600000    
3261     158.773507   5.797135     0.875240     0.600000    
3271     158.820995   5.793095     0.873760     0.600000    
3281     158.863796   5.790441     0.876730     0.600000    
3291     158.902827   5.785589     0.872520     0.600000    
3301     158.944381   5.782973     0.875580     0.600000    
3311     158.984479   5.779005     0.871980     0.600000    
3321     159.026950   5.776157     0.876080     0.600000    
3331     159.066360   5.772531     0.874840     0.600000    
3341     159.108620   5.768965     0.873370     0.600000    
3351     159.148705   5.766601     0.874110     0.600000    
3361     159.189603   5.764194     0.873300     0.600000    
3371     159.229117   5.759203     0.875360     0.600000    
3381     159.273235   5.753085     0.875800     0.600000    
3391     159.316447   5.749576     0.874780     0.600000    
3401     159.360066   5.746303     0.876170     0.600000    
3411     159.404182   5.742979     0.875810     0.600000    
3421     159.449766   5.738939     0.875030     0.600000    
3431     159.494748   5.734587     0.874970     0.600000    
3441     159.538613   5.730430     0.876210     0.600000    
3451     159.585537   5.724620     0.874700     0.600000    
3461     159.637094   5.721742     0.875050     0.600000    
3471     159.701270   5.717587     0.873300     0.600000    
3481     159.765659   5.714187     0.873560     0.600000    
3491     159.825370   5.710353     0.872120     0.600000    
3501     159.908586   5.705937     0.872420     0.600000    
3511     159.998184   5.702599     0.870050     0.600000    
3521     160.077287   5.698757     0.873460     0.600000    
3531     160.147069   5.693050     0.872280     0.600000    
3541     160.226240   5.688425     0.871150     0.600000    
3551     160.294789   5.685009     0.876090     0.600000    
3561     160.369420   5.681879     0.875460     0.600000    
3571     160.426075   5.678526     0.875080     0.600000    
3581     160.567696   5.675636     0.874990     0.600000    
3591     160.671416   5.672620     0.874910     0.600000    
3601     160.749292   5.669745     0.872850     0.600000    
3611     160.834816   5.667502     0.873560     0.600000    
3621     160.912991   5.664207     0.872050     0.600000    
3631     160.979784   5.655609     0.873450     0.600000    
3641     161.038089   5.651877     0.872080     0.600000    
3651     161.087047   5.646379     0.873630     0.600000    
3661     161.134773   5.644044     0.872070     0.600000    
3671     161.175790   5.639817     0.871520     0.600000    
3681     161.226756   5.636550     0.872580     0.600000    
3691     161.268950   5.633941     0.874440     0.600000    
3701     161.311792   5.631529     0.872980     0.600000    
3711     161.354400   5.628820     0.871790     0.600000    
3721     161.394609   5.625348     0.875510     0.600000    
3731     161.433838   5.621893     0.872810     0.600000    
3741     161.475790   5.617786     0.871730     0.600000    
3751     161.515344   5.615120     0.871920     0.600000    
3761     161.555122   5.611703     0.876240     0.600000    
3771     161.595816   5.607680     0.871690     0.600000    
3781     161.635327   5.603373     0.874310     0.600000    
3791     161.675390   5.600066     0.871140     0.600000    
3801     161.716023   5.596113     0.870840     0.600000    
3811     161.752986   5.590946     0.871150     0.600000    
3821     161.792234   5.588534     0.872120     0.600000    
3831     161.831682   5.585657     0.873560     0.600000    
3841     161.869571   5.582668     0.874230     0.600000    
3851     161.906740   5.578502     0.874350     0.600000    
3861     161.946131   5.575486     0.871290     0.600000    
3871     161.985843   5.572462     0.873160     0.600000    
3881     162.025059   5.568477     0.872340     0.600000    
3891     162.064010   5.562680     0.869780     0.600000    
3901     162.102078   5.559639     0.871970     0.600000    
3911     162.138757   5.555130     0.874830     0.600000    
3921     162.176377   5.552409     0.872680     0.600000    
3931     162.214062   5.548787     0.873150     0.600000    
3941     162.253248   5.542390     0.871630     0.600000    
3951     162.293886   5.540072     0.872240     0.600000    
3961     162.332029   5.536110     0.870940     0.600000    
3971     162.372462   5.532233     0.872060     0.600000    
3981     162.411517   5.529158     0.868390     0.600000    
3991     162.450336   5.525081     0.871650     0.600000    
4001     162.489863   5.521250     0.874560     0.600000    
4011     162.526899   5.518364     0.873800     0.600000    
4021     162.564224   5.515628     0.868450     0.600000    
4031     162.603427   5.511429     0.873100     0.600000    
4041     162.642144   5.508376     0.871640     0.600000    
4051     162.680914   5.505666     0.872580     0.600000    
4061     162.721041   5.502653     0.871120     0.600000    
4071     162.758314   5.500281     0.872270     0.600000    
4081     162.798004   5.494155     0.872850     0.600000    
4091     162.835973   5.492185     0.872210     0.600000    
4101     162.874926   5.489148     0.870030     0.600000    
4111     162.912914   5.485088     0.871960     0.600000    
4121     162.951573   5.481209     0.869940     0.600000    
4131     162.989394   5.478419     0.868310     0.600000    
4141     163.027414   5.474538     0.869000     0.600000    
4151     163.065184   5.470974     0.874050     0.600000    
4161     163.104369   5.468949     0.871060     0.600000    
4171     163.143904   5.465016     0.872530     0.600000    
4181     163.182676   5.459858     0.873170     0.600000    
4191     163.221488   5.457102     0.871570     0.600000    
4201     163.259244   5.454574     0.869910     0.600000    
4211     163.296612   5.452608     0.870790     0.600000    
4221     163.333597   5.449952     0.868930     0.600000    
4231     163.371281   5.446642     0.871080     0.600000    
4241     163.407439   5.443990     0.869400     0.600000    
4251     163.443750   5.440666     0.871910     0.600000    
4261     163.480420   5.436973     0.870440     0.600000    
4271     163.544390   5.435573     0.870800     0.600000    
4281     163.582801   5.433534     0.872130     0.600000    
4291     163.620940   5.429513     0.868610     0.600000    
4301     163.660202   5.425822     0.870410     0.600000    
4311     163.697595   5.418316     0.871070     0.600000    
4321     163.736267   5.415737     0.871310     0.600000    
4331     163.773981   5.410775     0.869400     0.600000    
4341     163.813367   5.405858     0.870150     0.600000    
4351     163.852129   5.403125     0.869160     0.600000    
4361     163.890659   5.401009     0.870500     0.600000    
4371     163.929066   5.399358     0.869850     0.600000    
4381     163.965482   5.397902     0.867770     0.600000    
4391     164.004169   5.395029     0.869160     0.600000    
4401     164.039947   5.391577     0.868670     0.600000    
4411     164.076211   5.387694     0.870920     0.600000    
4421     164.115461   5.383273     0.869090     0.600000    
4431     164.155102   5.379150     0.868760     0.600000    
4441     164.193930   5.375064     0.870820     0.600000    
4451     164.233039   5.372316     0.870310     0.600000    
4461     164.271887   5.369696     0.868440     0.600000    
4471     164.310465   5.366325     0.870000     0.600000    
4481     164.347710   5.364553     0.869760     0.600000    
4491     164.385042   5.361995     0.870020     0.600000    
4501     164.424048   5.358612     0.868060     0.600000    
4511     164.462583   5.355637     0.867810     0.600000    
4521     164.500059   5.352067     0.869680     0.600000    
4531     164.538029   5.348631     0.869090     0.600000    
4541     164.575472   5.345967     0.869420     0.600000    
4551     164.614024   5.340118     0.870900     0.600000    
4561     164.651881   5.337010     0.870690     0.600000    
4571     164.691304   5.333143     0.868710     0.600000    
4581     164.729908   5.326485     0.871520     0.600000    
4591     164.767610   5.324332     0.868600     0.600000    
4601     164.805013   5.321821     0.870050     0.600000    
4611     164.842647   5.318306     0.870400     0.600000    
4621     164.881616   5.314643     0.868830     0.600000    
4631     164.920675   5.312035     0.870320     0.600000    
4641     164.958930   5.310228     0.864200     0.600000    
4651     164.997566   5.305918     0.868510     0.600000    
4661     165.035439   5.302713     0.868140     0.600000    
4671     165.074352   5.297078     0.869970     0.600000    
4681     165.113086   5.294139     0.868140     0.600000    
4691     165.154128   5.290321     0.868680     0.600000    
4701     165.192695   5.287970     0.869550     0.600000    
4711     165.231794   5.285870     0.867700     0.600000    
4721     165.269381   5.283628     0.867010     0.600000    
4731     165.306848   5.280889     0.867920     0.600000    
4741     165.344166   5.277276     0.867480     0.600000    
4751     165.382748   5.274570     0.866800     0.600000    
4761     165.421774   5.271184     0.870820     0.600000    
4771     165.460484   5.266564     0.870210     0.600000    
4781     165.499598   5.263422     0.866230     0.600000    
4791     165.538800   5.259603     0.867590     0.600000    
4801     165.577018   5.255457     0.869950     0.600000    
4811     165.618250   5.251181     0.867800     0.600000    
4821     165.657450   5.248902     0.866560     0.600000    
4831     165.696851   5.245761     0.870350     0.600000    
4841     165.735392   5.243698     0.867710     0.600000    
4851     165.773273   5.240703     0.865650     0.600000    
4861     165.813749   5.236350     0.865240     0.600000    
4871     165.852644   5.233620     0.868690     0.600000    
4881     165.889768   5.231503     0.868550     0.600000    
4891     165.929848   5.228911     0.868830     0.600000    
4901     165.967457   5.225946     0.866320     0.600000    
4911     166.004707   5.223649     0.868990     0.600000    
4921     166.042825   5.220204     0.869550     0.600000    
4931     166.082229   5.216384     0.866980     0.600000    
4941     166.120571   5.213522     0.866060     0.600000    
4951     166.157417   5.209035     0.867260     0.600000    
4961     166.195488   5.204393     0.866760     0.600000    
4971     166.233475   5.200524     0.869210     0.600000    
4981     166.271720   5.197413     0.868610     0.600000    
4991     166.309826   5.192464     0.868440     0.600000    
5001     166.348880   5.187937     0.865650     0.600000    
5011     166.388262   5.183739     0.868940     0.600000    
5021     166.427153   5.180368     0.867850     0.600000    
5031     166.466085   5.176849     0.866990     0.600000    
5041     166.505242   5.174656     0.866400     0.600000    
5051     166.543847   5.169633     0.864730     0.600000    
5061     166.582245   5.162265     0.866650     0.600000    
5071     166.619852   5.157917     0.866830     0.600000    
5081     166.658814   5.152309     0.867430     0.600000    
5091     166.696383   5.150421     0.868070     0.600000    
5101     166.735716   5.147082     0.865000     0.600000    
5111     166.774048   5.143142     0.863210     0.600000    
5121     166.810760   5.140386     0.866200     0.600000    
5131     166.847554   5.138824     0.865000     0.600000    
5141     166.884091   5.134468     0.867110     0.600000    
5151     166.921308   5.131891     0.867170     0.600000    
5161     166.957926   5.127864     0.866920     0.600000    
5171     166.994481   5.124640     0.867850     0.600000    
5181     167.031810   5.121278     0.866100     0.600000    
5191     167.069341   5.118832     0.869630     0.600000    
5201     167.107092   5.116357     0.865700     0.600000    
5211     167.145116   5.111712     0.867110     0.600000    
5221     167.182238   5.108232     0.869730     0.600000    
5231     167.221287   5.106843     0.867820     0.600000    
5241     167.260925   5.103975     0.866510     0.600000    
5251     167.300139   5.099209     0.864780     0.600000    
5261     167.339384   5.096374     0.867160     0.600000    
5271     167.377183   5.093364     0.866490     0.600000    
5281     167.417257   5.090107     0.867030     0.600000    
5291     167.456312   5.086019     0.866250     0.600000    
5301     167.495693   5.081531     0.864490     0.600000    
5311     167.535227   5.078496     0.866450     0.600000    
5321     167.574325   5.076194     0.863270     0.600000    
5331     167.613661   5.072443     0.864140     0.600000    
5341     167.650727   5.069704     0.867070     0.600000    
5351     167.689065   5.067454     0.862800     0.600000    
5361     167.726668   5.064318     0.864940     0.600000    
5371     167.764495   5.060254     0.865800     0.600000    
5381     167.801464   5.057526     0.863700     0.600000    
5391     167.840718   5.054270     0.867140     0.600000    
5401     167.879865   5.051074     0.865090     0.600000    
5411     167.920613   5.047709     0.864960     0.600000    
5421     167.959273   5.045600     0.864760     0.600000    
5431     167.998185   5.043562     0.865840     0.600000    
5441     168.037988   5.040397     0.866070     0.600000    
5451     168.077835   5.037777     0.863520     0.600000    
5461     168.117088   5.035865     0.864500     0.600000    
5471     168.156522   5.033119     0.864370     0.600000    
5481     168.194420   5.029939     0.861530     0.600000    
5491     168.233540   5.028841     0.866960     0.600000    
5501     168.272500   5.025576     0.866200     0.600000    
5511     168.312176   5.021574     0.864840     0.600000    
5521     168.351519   5.017964     0.863350     0.600000    
5531     168.391116   5.014507     0.863740     0.600000    
5541     168.430401   5.012440     0.865450     0.600000    
5551     168.468138   5.009133     0.866100     0.600000    
5561     168.506711   5.007158     0.865150     0.600000    
5571     168.546152   5.004067     0.864630     0.600000    
5581     168.585762   5.001112     0.863230     0.600000    
5591     168.624013   4.996789     0.866300     0.600000    
5601     168.663838   4.993312     0.865790     0.600000    
5611     168.703135   4.989090     0.862540     0.600000    
5621     168.741984   4.986485     0.863980     0.600000    
5631     168.781390   4.983459     0.865090     0.600000    
5641     168.818236   4.981976     0.864270     0.600000    
5651     168.857563   4.978488     0.866860     0.600000    
5661     168.896415   4.974641     0.860930     0.600000    
5671     168.935776   4.971172     0.863410     0.600000    
5681     168.972742   4.967593     0.864140     0.600000    
5691     169.010981   4.965652     0.862580     0.600000    
5701     169.050866   4.961203     0.864800     0.600000    
5711     169.090266   4.957879     0.863290     0.600000    
5721     169.129294   4.951302     0.865980     0.600000    
5731     169.168849   4.945415     0.863400     0.600000    
5741     169.209328   4.942356     0.864510     0.600000    
5751     169.247868   4.939203     0.861810     0.600000    
5761     169.288362   4.934752     0.864760     0.600000    
5771     169.327970   4.931885     0.865370     0.600000    
5781     169.366209   4.926487     0.865090     0.600000    
5791     169.403574   4.923610     0.862220     0.600000    
5801     169.440666   4.920005     0.863060     0.600000    
5811     169.478916   4.916054     0.864860     0.600000    
5821     169.517026   4.913648     0.863280     0.600000    
5831     169.554453   4.910056     0.863910     0.600000    
5841     169.594565   4.908011     0.860870     0.600000    
5851     169.639803   4.905536     0.862860     0.600000    
5861     169.688351   4.903001     0.863270     0.600000    
5871     169.733320   4.901004     0.865400     0.600000    
5881     169.774091   4.898017     0.862970     0.600000    
5891     169.812659   4.894185     0.862680     0.600000    
5901     169.851693   4.890760     0.864110     0.600000    
5911     169.888982   4.887979     0.862580     0.600000    
5921     169.926290   4.884982     0.863170     0.600000    
5931     169.964902   4.881950     0.859450     0.600000    
5941     170.004511   4.877522     0.863300     0.600000    
5951     170.043534   4.872612     0.864370     0.600000    
5961     170.081394   4.870085     0.866710     0.600000    
5971     170.118139   4.866396     0.859760     0.600000    
5981     170.158480   4.862576     0.863220     0.600000    
5991     170.196544   4.858857     0.861610     0.600000    
6001     170.235822   4.854129     0.861370     0.600000    
6011     170.273179   4.850636     0.861950     0.600000    
6021     170.311497   4.848471     0.861030     0.600000    
6031     170.348737   4.846981     0.860220     0.600000    
6041     170.386504   4.843447     0.860590     0.600000    
6051     170.425074   4.840230     0.861660     0.600000    
6061     170.474976   4.836427     0.865150     0.600000    
6071     170.513420   4.832304     0.862460     0.600000    
6081     170.551925   4.829297     0.863690     0.600000    
6091     170.590959   4.827600     0.862840     0.600000    
6101     170.629569   4.823528     0.862970     0.600000    
6111     170.672009   4.820000     0.859440     0.600000    
6121     170.713319   4.816876     0.862850     0.600000    
6131     170.752980   4.813270     0.861880     0.600000    
6141     170.789678   4.809950     0.861700     0.600000    
6151     170.828950   4.806631     0.861520     0.600000    
6161     170.867215   4.802084     0.860560     0.600000    
6171     170.906805   4.800196     0.859500     0.600000    
6181     170.946207   4.796708     0.862230     0.600000    
6191     170.983704   4.794860     0.862600     0.600000    
6201     171.023265   4.792854     0.862420     0.600000    
6211     171.061503   4.790602     0.861270     0.600000    
6221     171.100443   4.787250     0.860530     0.600000    
6231     171.138199   4.784080     0.862240     0.600000    
6241     171.176267   4.780356     0.863080     0.600000    
6251     171.213884   4.778615     0.861700     0.600000    
6261     171.251434   4.776262     0.861480     0.600000    
6271     171.288903   4.774828     0.862850     0.600000    
6281     171.327736   4.772753     0.860200     0.600000    
6291     171.366387   4.769960     0.861970     0.600000    
6301     171.403858   4.768067     0.857490     0.600000    
6311     171.442636   4.763977     0.864860     0.600000    
6321     171.481031   4.760705     0.860760     0.600000    
6331     171.520615   4.758086     0.861370     0.600000    
6341     171.559808   4.756433     0.859470     0.600000    
6351     171.597601   4.753829     0.862360     0.600000    
6361     171.635730   4.751205     0.861520     0.600000    
6371     171.672838   4.746794     0.858990     0.600000    
6381     171.711083   4.744736     0.858870     0.600000    
6391     171.749512   4.743129     0.859370     0.600000    
6401     171.788011   4.740899     0.862270     0.600000    
6411     171.826799   4.738794     0.858010     0.600000    
6421     171.864953   4.734317     0.860720     0.600000    
6431     171.904118   4.732617     0.860740     0.600000    
6441     171.943165   4.729341     0.860570     0.600000    
6451     171.980774   4.724646     0.858170     0.600000    
6461     172.018509   4.722055     0.862290     0.600000    
6471     172.056625   4.720016     0.859240     0.600000    
6481     172.094947   4.716540     0.859090     0.600000    
6491     172.133811   4.713790     0.858380     0.600000    
6501     172.171041   4.712004     0.861700     0.600000    
6511     172.210649   4.708770     0.861560     0.600000    
6521     172.247151   4.705558     0.858190     0.600000    
6531     172.284841   4.702606     0.859890     0.600000    
6541     172.324807   4.700442     0.859670     0.600000    
6551     172.363678   4.695630     0.857970     0.600000    
6561     172.400727   4.691470     0.857790     0.600000    
6571     172.438331   4.689910     0.859630     0.600000    
6581     172.474624   4.687627     0.858330     0.600000    
6591     172.511322   4.686618     0.861770     0.600000    
6601     172.548124   4.682950     0.859600     0.600000    
6611     172.586069   4.681617     0.857220     0.600000    
6621     172.623322   4.678025     0.859710     0.600000    
6631     172.661421   4.676192     0.859920     0.600000    
6641     172.701141   4.672344     0.858360     0.600000    
6651     172.738972   4.669514     0.858940     0.600000    
6661     172.776626   4.665142     0.862590     0.600000    
6671     172.815218   4.661616     0.859410     0.600000    
6681     172.851963   4.658271     0.858410     0.600000    
6691     172.890448   4.655009     0.857170     0.600000    
6701     172.929743   4.652021     0.855720     0.600000    
6711     172.969672   4.648790     0.859960     0.600000    
6721     173.008884   4.647050     0.856980     0.600000    
6731     173.047940   4.643714     0.858620     0.600000    
6741     173.086113   4.640366     0.858370     0.600000    
6751     173.124258   4.637168     0.857250     0.600000    
6761     173.162553   4.633554     0.856350     0.600000    
6771     173.200550   4.629478     0.859690     0.600000    
6781     173.238551   4.627996     0.854910     0.600000    
6791     173.277642   4.625581     0.858880     0.600000    
6801     173.315450   4.623193     0.861490     0.600000    
6811     173.353436   4.621369     0.860500     0.600000    
6821     173.391591   4.617787     0.858330     0.600000    
6831     173.430295   4.613369     0.857690     0.600000    
6841     173.467961   4.609053     0.857220     0.600000    
6851     173.506273   4.606426     0.857720     0.600000    
6861     173.543790   4.603871     0.856790     0.600000    
6871     173.580907   4.600589     0.856620     0.600000    
6881     173.619061   4.597722     0.859210     0.600000    
6891     173.655846   4.594528     0.858000     0.600000    
6901     173.695726   4.591269     0.857550     0.600000    
6911     173.735284   4.589842     0.854400     0.600000    
6921     173.774727   4.589082     0.858860     0.600000    
6931     173.813920   4.586859     0.858400     0.600000    
6941     173.851900   4.583468     0.856240     0.600000    
6951     173.889586   4.581226     0.854910     0.600000    
6961     173.927003   4.578083     0.858900     0.600000    
6971     173.964995   4.576265     0.856640     0.600000    
6981     174.003312   4.572908     0.856170     0.600000    
6991     174.041129   4.570747     0.854430     0.600000    
7001     174.080463   4.567147     0.856050     0.600000    
7011     174.119564   4.565340     0.856960     0.600000    
7021     174.157810   4.563370     0.858820     0.600000    
7031     174.196276   4.560629     0.857380     0.600000    
7041     174.235305   4.558571     0.856250     0.600000    
7051     174.274054   4.556149     0.857990     0.600000    
7061     174.312243   4.553170     0.859880     0.600000    
7071     174.349554   4.551548     0.857770     0.600000    
7081     174.388333   4.549218     0.858210     0.600000    
7091     174.427141   4.547395     0.854390     0.600000    
7101     174.466093   4.543458     0.856270     0.600000    
7111     174.505922   4.541739     0.859680     0.600000    
7121     174.544233   4.537461     0.856780     0.600000    
7131     174.583604   4.535067     0.859490     0.600000    
7141     174.622202   4.532455     0.857120     0.600000    
7151     174.660531   4.530561     0.856850     0.600000    
7161     174.699081   4.528683     0.858490     0.600000    
7171     174.738422   4.525279     0.857150     0.600000    
7181     174.778091   4.522155     0.856910     0.600000    
7191     174.816923   4.519190     0.855350     0.600000    
7201     174.855052   4.516530     0.856630     0.600000    
7211     174.894863   4.514439     0.857860     0.600000    
7221     174.933825   4.511766     0.854520     0.600000    
7231     174.973185   4.509331     0.856970     0.600000    
7241     175.012922   4.507894     0.857870     0.600000    
7251     175.050879   4.505455     0.857030     0.600000    
7261     175.089516   4.503553     0.856200     0.600000    
7271     175.127004   4.501225     0.855110     0.600000    
7281     175.165721   4.499122     0.855240     0.600000    
7291     175.202227   4.495944     0.856620     0.600000    
7301     175.240345   4.490102     0.859390     0.600000    
7311     175.278246   4.487845     0.856280     0.600000    
7321     175.314824   4.485079     0.856690     0.600000    
7331     175.353245   4.482641     0.854030     0.600000    
7341     175.392140   4.479839     0.855840     0.600000    
7351     175.431032   4.478742     0.856150     0.600000    
7361     175.470503   4.475742     0.855330     0.600000    
7371     175.507771   4.473112     0.857700     0.600000    
7381     175.547520   4.469094     0.853970     0.600000    
7391     175.593670   4.465089     0.851630     0.600000    
7401     175.630083   4.462224     0.855140     0.600000    
7411     175.668785   4.460450     0.854230     0.600000    
7421     175.708213   4.457820     0.859610     0.600000    
7431     175.746433   4.455706     0.854570     0.600000    
7441     175.784101   4.453621     0.852500     0.600000    
7451     175.822901   4.451094     0.854340     0.600000    
7461     175.862394   4.447098     0.854440     0.600000    
7471     175.901748   4.444613     0.856800     0.600000    
7481     175.941080   4.443137     0.856410     0.600000    
7491     175.980940   4.441299     0.853410     0.600000    
7501     176.019871   4.438812     0.856680     0.600000    
7511     176.058802   4.435566     0.855110     0.600000    
7521     176.097810   4.433839     0.853600     0.600000    
7531     176.134849   4.431412     0.854750     0.600000    
7541     176.173111   4.428933     0.856190     0.600000    
7551     176.210582   4.426413     0.854060     0.600000    
7561     176.248333   4.423895     0.856080     0.600000    
7571     176.286481   4.419068     0.854720     0.600000    
7581     176.325217   4.414983     0.856210     0.600000    
7591     176.362774   4.411723     0.854830     0.600000    
7601     176.401308   4.407986     0.856540     0.600000    
7611     176.439289   4.405238     0.854850     0.600000    
7621     176.477652   4.400739     0.852730     0.600000    
7631     176.516087   4.397554     0.851970     0.600000    
7641     176.554616   4.396226     0.854460     0.600000    
7651     176.593059   4.394735     0.853350     0.600000    
7661     176.630892   4.392436     0.856270     0.600000    
7671     176.667409   4.389544     0.856910     0.600000    
7681     176.703651   4.388213     0.853260     0.600000    
7691     176.741584   4.387306     0.851820     0.600000    
7701     176.780091   4.384181     0.852300     0.600000    
7711     176.819390   4.381753     0.853030     0.600000    
7721     176.856687   4.379024     0.853340     0.600000    
7731     176.893283   4.377279     0.852900     0.600000    
7741     176.931050   4.375389     0.853850     0.600000    
7751     176.969107   4.373043     0.854150     0.600000    
7761     177.005808   4.370461     0.851600     0.600000    
7771     177.044571   4.368658     0.850270     0.600000    
7781     177.083703   4.363072     0.854230     0.600000    
7791     177.122030   4.360580     0.854560     0.600000    
7801     177.159373   4.356971     0.853890     0.600000    
7811     177.198618   4.355005     0.850590     0.600000    
7821     177.238238   4.353273     0.850790     0.600000    
7831     177.276459   4.351941     0.853460     0.600000    
7841     177.313516   4.349362     0.851260     0.600000    
7851     177.351197   4.347124     0.854010     0.600000    
7861     177.389630   4.343286     0.855160     0.600000    
7871     177.427735   4.340344     0.852650     0.600000    
7881     177.465689   4.337940     0.851640     0.600000    
7891     177.503317   4.336604     0.852350     0.600000    
7901     177.541686   4.333539     0.851530     0.600000    
7911     177.580277   4.330767     0.850640     0.600000    
7921     177.619451   4.328290     0.852500     0.600000    
7931     177.657603   4.325282     0.852440     0.600000    
7941     177.697377   4.323892     0.853180     0.600000    
7951     177.735676   4.321907     0.852370     0.600000    
7961     177.774230   4.319777     0.850610     0.600000    
7971     177.813279   4.317789     0.852480     0.600000    
7981     177.851904   4.315152     0.852690     0.600000    
7991     177.890216   4.312656     0.853800     0.600000    
8001     177.928033   4.309749     0.849560     0.600000    
8011     177.963847   4.307546     0.852840     0.600000    
8021     178.001637   4.305592     0.853840     0.600000    
8031     178.040382   4.303567     0.854570     0.600000    
8041     178.077812   4.301569     0.848950     0.600000    
8051     178.113971   4.298362     0.854170     0.600000    
8061     178.150238   4.295762     0.851210     0.600000    
8071     178.187767   4.293967     0.849240     0.600000    
8081     178.226714   4.291857     0.852500     0.600000    
8091     178.263851   4.290203     0.850200     0.600000    
8101     178.301666   4.288543     0.849620     0.600000    
8111     178.339488   4.285821     0.852670     0.600000    
8121     178.377463   4.283379     0.851550     0.600000    
8131     178.416757   4.280400     0.852480     0.600000    
8141     178.454756   4.275805     0.850630     0.600000    
8151     178.493229   4.274250     0.852110     0.600000    
8161     178.531023   4.272619     0.850340     0.600000    
8171     178.569580   4.270304     0.849360     0.600000    
8181     178.611975   4.268650     0.851550     0.600000    
8191     178.650591   4.264112     0.853120     0.600000    
8201     178.689641   4.260697     0.851160     0.600000    
8211     178.729107   4.256630     0.850230     0.600000    
8221     178.766509   4.254750     0.852120     0.600000    
8231     178.804384   4.252254     0.849640     0.600000    
8241     178.843074   4.250533     0.850940     0.600000    
8251     178.881904   4.248559     0.849560     0.600000    
8261     178.919081   4.245585     0.851740     0.600000    
8271     178.955336   4.244197     0.848240     0.600000    
8281     178.992549   4.241707     0.851590     0.600000    
8291     179.031235   4.238183     0.850710     0.600000    
8301     179.070156   4.235180     0.849950     0.600000    
8311     179.108271   4.233217     0.851680     0.600000    
8321     179.146950   4.230679     0.848720     0.600000    
8331     179.185898   4.228023     0.851300     0.600000    
8341     179.223769   4.226128     0.852000     0.600000    
8351     179.263148   4.224051     0.851230     0.600000    
8361     179.301164   4.222672     0.849160     0.600000    
8371     179.339169   4.220780     0.852410     0.600000    
8381     179.375875   4.218256     0.847790     0.600000    
8391     179.412688   4.215467     0.850300     0.600000    
8401     179.448920   4.213373     0.847850     0.600000    
8411     179.488319   4.211272     0.851150     0.600000    
8421     179.527288   4.209359     0.851010     0.600000    
8431     179.565337   4.206702     0.850340     0.600000    
8441     179.603019   4.203462     0.849050     0.600000    
8451     179.640420   4.201050     0.851120     0.600000    
8461     179.679100   4.199554     0.851610     0.600000    
8471     179.717398   4.196734     0.847120     0.600000    
8481     179.756878   4.194384     0.849450     0.600000    
8491     179.796413   4.190835     0.849920     0.600000    
8501     179.835674   4.188468     0.850500     0.600000    
8511     179.873777   4.186771     0.848940     0.600000    
8521     179.911982   4.184132     0.848790     0.600000    
8531     179.950535   4.181272     0.848660     0.600000    
8541     179.988742   4.179799     0.847650     0.600000    
8551     180.028733   4.177729     0.848030     0.600000    
8561     180.066953   4.176064     0.850620     0.600000    
8571     180.105988   4.173708     0.848420     0.600000    
8581     180.143823   4.171634     0.847980     0.600000    
8591     180.182422   4.169902     0.849070     0.600000    
8601     180.220364   4.167088     0.846280     0.600000    
8611     180.259263   4.165053     0.851220     0.600000    
8621     180.296981   4.163370     0.847330     0.600000    
8631     180.332750   4.161822     0.846680     0.600000    
8641     180.368741   4.159675     0.847910     0.600000    
8651     180.405646   4.157634     0.850870     0.600000    
8661     180.442824   4.155792     0.847660     0.600000    
8671     180.481611   4.153809     0.849650     0.600000    
8681     180.520967   4.149621     0.848900     0.600000    
8691     180.559508   4.147079     0.847780     0.600000    
8701     180.596341   4.143641     0.847470     0.600000    
8711     180.642470   4.140491     0.847880     0.600000    
8721     180.699712   4.138523     0.844820     0.600000    
8731     180.755841   4.136213     0.846660     0.600000    
8741     180.816264   4.133948     0.849650     0.600000    
8751     180.890542   4.132539     0.849000     0.600000    
8761     180.954141   4.130969     0.847940     0.600000    
8771     181.013777   4.129041     0.847760     0.600000    
8781     181.086732   4.127135     0.849550     0.600000    
8791     181.150105   4.125767     0.850470     0.600000    
8801     181.214308   4.123570     0.848220     0.600000    
8811     181.270715   4.121535     0.848800     0.600000    
8821     181.315950   4.119734     0.846020     0.600000    
8831     181.374227   4.116558     0.847400     0.600000    
8841     181.431814   4.113462     0.848010     0.600000    
8851     181.487942   4.109104     0.847030     0.600000    
8861     181.546052   4.106744     0.850060     0.600000    
8871     181.604692   4.104751     0.847890     0.600000    
8881     181.660344   4.103011     0.849230     0.600000    
8891     181.706634   4.100248     0.849340     0.600000    
8901     181.748025   4.098204     0.848450     0.600000    
8911     181.787851   4.095953     0.846410     0.600000    
8921     181.828636   4.094238     0.847770     0.600000    
8931     181.867814   4.092743     0.845720     0.600000    
8941     181.906495   4.091164     0.847640     0.600000    
8951     181.945800   4.088341     0.846070     0.600000    
8961     181.985695   4.086583     0.847280     0.600000    
8971     182.024223   4.083981     0.846580     0.600000    
8981     182.062528   4.081869     0.846100     0.600000    
8991     182.101381   4.080264     0.846400     0.600000    
9001     182.142901   4.078483     0.848550     0.600000    
9011     182.191986   4.076403     0.845420     0.600000    
9021     182.234636   4.073664     0.847830     0.600000    
9031     182.277937   4.071067     0.845790     0.600000    
9041     182.323030   4.068742     0.848390     0.600000    
9051     182.371580   4.066767     0.847720     0.600000    
9061     182.420050   4.064964     0.846130     0.600000    
9071     182.467183   4.062263     0.846580     0.600000    
9081     182.509189   4.059883     0.849020     0.600000    
9091     182.548673   4.058801     0.846300     0.600000    
9101     182.591606   4.056472     0.848330     0.600000    
9111     182.637326   4.055491     0.848170     0.600000    
9121     182.682473   4.053501     0.847480     0.600000    
9131     182.728748   4.052170     0.843020     0.600000    
9141     182.774194   4.050002     0.844880     0.600000    
9151     182.819277   4.048029     0.845080     0.600000    
9161     182.863876   4.045789     0.845940     0.600000    
9171     182.907817   4.042959     0.844750     0.600000    
9181     182.970403   4.040488     0.844720     0.600000    
9191     183.030406   4.039153     0.845450     0.600000    
9201     183.075393   4.037494     0.843110     0.600000    
9211     183.121788   4.035842     0.846130     0.600000    
9221     183.166647   4.033109     0.847230     0.600000    
9231     183.205382   4.030857     0.846420     0.600000    
9241     183.249843   4.029246     0.844460     0.600000    
9251     183.289183   4.026925     0.843530     0.600000    
9261     183.327662   4.025483     0.846910     0.600000    
9271     183.366823   4.022059     0.842510     0.600000    
9281     183.406855   4.020469     0.846070     0.600000    
9291     183.446540   4.019237     0.844460     0.600000    
9301     183.486808   4.015678     0.845850     0.600000    
9311     183.525695   4.013694     0.845810     0.600000    
9321     183.563870   4.011781     0.846270     0.600000    
9331     183.605120   4.010369     0.845670     0.600000    
9341     183.645357   4.008494     0.842640     0.600000    
9351     183.685715   4.007164     0.846050     0.600000    
9361     183.723924   4.005413     0.843060     0.600000    
9371     183.762008   4.003376     0.848520     0.600000    
9381     183.801268   4.000396     0.845370     0.600000    
9391     183.839139   3.997520     0.846270     0.600000    
9401     183.878228   3.993672     0.845740     0.600000    
9411     183.917186   3.992136     0.844930     0.600000    
9421     183.957518   3.990917     0.844470     0.600000    
9431     184.001118   3.989237     0.843590     0.600000    
9441     184.048226   3.986358     0.847060     0.600000    
9451     184.096210   3.985021     0.844730     0.600000    
9461     184.134257   3.982863     0.846340     0.600000    
9471     184.301947   3.981154     0.842940     0.600000    
9481     184.345589   3.979784     0.841950     0.600000    
9491     184.393151   3.977772     0.845640     0.600000    
9501     184.431133   3.975984     0.842930     0.600000    
9511     184.468887   3.974028     0.844300     0.600000    
9521     184.506824   3.972315     0.843840     0.600000    
9531     184.545368   3.969551     0.845460     0.600000    
9541     184.583907   3.967496     0.846070     0.600000    
9551     184.624177   3.966311     0.844080     0.600000    
9561     184.664173   3.964008     0.841890     0.600000    
9571     184.705051   3.962937     0.843990     0.600000    
9581     184.744078   3.961564     0.840540     0.600000    
9591     184.781003   3.959606     0.844580     0.600000    
9601     184.819374   3.956207     0.843330     0.600000    
9611     184.859162   3.952731     0.843280     0.600000    
9621     184.898780   3.951327     0.843050     0.600000    
9631     184.935276   3.949540     0.841850     0.600000    
9641     184.974229   3.946948     0.843870     0.600000    
9651     185.012732   3.944177     0.841840     0.600000    
9661     185.051565   3.941114     0.841590     0.600000    
9671     185.090613   3.939079     0.843840     0.600000    
9681     185.129128   3.936476     0.843560     0.600000    
9691     185.167603   3.935208     0.842060     0.600000    
9701     185.206965   3.932521     0.842300     0.600000    
9711     185.247287   3.930915     0.844420     0.600000    
9721     185.286651   3.928757     0.843520     0.600000    
9731     185.324587   3.926542     0.842840     0.600000    
9741     185.364394   3.924778     0.844640     0.600000    
9751     185.404246   3.923227     0.843220     0.600000    
9761     185.441831   3.922238     0.841090     0.600000    
9771     185.479815   3.919256     0.841790     0.600000    
9781     185.517267   3.917486     0.843490     0.600000    
9791     185.554320   3.916038     0.840490     0.600000    
9801     185.591433   3.913799     0.842490     0.600000    
9811     185.629862   3.912374     0.840740     0.600000    
9821     185.668480   3.909261     0.842660     0.600000    
9831     185.706600   3.905582     0.838680     0.600000    
9841     185.744799   3.903170     0.839740     0.600000    
9851     185.783673   3.902255     0.841300     0.600000    
9861     185.822486   3.898960     0.842000     0.600000    
9871     185.860727   3.897184     0.841390     0.600000    
9881     185.899368   3.895539     0.843640     0.600000    
9891     185.938594   3.893067     0.843430     0.600000    
9901     185.977740   3.890698     0.840270     0.600000    
9911     186.016085   3.888919     0.841680     0.600000    
9921     186.053225   3.886421     0.840290     0.600000    
9931     186.093051   3.883390     0.842180     0.600000    
9941     186.132730   3.880899     0.839090     0.600000    
9951     186.171893   3.878211     0.839910     0.600000    
9961     186.211844   3.876130     0.841890     0.600000    
9971     186.249660   3.874063     0.838450     0.600000    
9981     186.288274   3.870726     0.843230     0.600000    
9991     186.325487   3.869579     0.842240     0.600000    
10001    186.363067   3.868022     0.841140     0.600000    
10011    186.402974   3.866798     0.840470     0.600000    
10021    186.443200   3.864319     0.839820     0.600000    
10031    186.482963   3.862897     0.840490     0.600000    
10041    186.521929   3.861197     0.840010     0.600000    
10051    186.562448   3.859274     0.839820     0.600000    
10061    186.601437   3.857872     0.840820     0.600000    
10071    186.640829   3.856120     0.839690     0.600000    
10081    186.678965   3.853803     0.839680     0.600000    
10091    186.717771   3.851942     0.840010     0.600000    
10101    186.756028   3.850033     0.839190     0.600000    
10111    186.795707   3.847420     0.842020     0.600000    
10121    186.834356   3.845562     0.840320     0.600000    
10131    186.873243   3.843901     0.838990     0.600000    
10141    186.912772   3.842024     0.839530     0.600000    
10151    186.952141   3.840039     0.840880     0.600000    
10161    186.990185   3.838418     0.840100     0.600000    
10171    187.027026   3.835655     0.839170     0.600000    
10181    187.064984   3.833035     0.838860     0.600000    
10191    187.103857   3.830474     0.840920     0.600000    
10201    187.143185   3.828409     0.839190     0.600000    
10211    187.182229   3.827682     0.841820     0.600000    
10221    187.221706   3.826997     0.840160     0.600000    
10231    187.261151   3.825698     0.839580     0.600000    
10241    187.307433   3.823342     0.840880     0.600000    
10251    187.349399   3.820502     0.841870     0.600000    
10261    187.393031   3.819305     0.839060     0.600000    
10271    187.433292   3.817016     0.836210     0.600000    
10281    187.471729   3.814520     0.839740     0.600000    
10291    187.511135   3.812658     0.839180     0.600000    
10301    187.558758   3.809648     0.836950     0.600000    
10311    187.615995   3.809009     0.838110     0.600000    
10321    187.661552   3.807091     0.838910     0.600000    
10331    187.700871   3.804570     0.839110     0.600000    
10341    187.741738   3.803133     0.838890     0.600000    
10351    187.787395   3.802038     0.838530     0.600000    
10361    187.833071   3.800208     0.839250     0.600000    
10371    187.875127   3.798329     0.839390     0.600000    
10381    187.915229   3.796445     0.841120     0.600000    
10391    187.957422   3.793797     0.838490     0.600000    
10401    187.997395   3.792401     0.837950     0.600000    
10411    188.039474   3.790682     0.839130     0.600000    
10421    188.079569   3.788806     0.837860     0.600000    
10431    188.120774   3.786753     0.835800     0.600000    
10441    188.159975   3.784342     0.835320     0.600000    
10451    188.198256   3.782817     0.838580     0.600000    
10461    188.238236   3.781463     0.838060     0.600000    
10471    188.279353   3.778863     0.838150     0.600000    
10481    188.317316   3.777601     0.839560     0.600000    
10491    188.356606   3.775063     0.839390     0.600000    
10501    188.395844   3.773708     0.836880     0.600000    
10511    188.435770   3.771593     0.842020     0.600000    
10521    188.475440   3.769818     0.837660     0.600000    
10531    188.512382   3.768190     0.837400     0.600000    
10541    188.549738   3.767527     0.837760     0.600000    
10551    188.593447   3.766310     0.835200     0.600000    
10561    188.643994   3.764887     0.839510     0.600000    
10571    188.695201   3.762309     0.835610     0.600000    
10581    188.742368   3.760004     0.839170     0.600000    
10591    188.788850   3.758389     0.839030     0.600000    
10601    188.831015   3.756392     0.836590     0.600000    
10611    188.869687   3.754682     0.834780     0.600000    
10621    188.910005   3.752593     0.838200     0.600000    
10631    188.947708   3.749868     0.837760     0.600000    
10641    188.988091   3.748253     0.835780     0.600000    
10651    189.027255   3.746221     0.836290     0.600000    
10661    189.065619   3.744844     0.839130     0.600000    
10671    189.106363   3.742272     0.835890     0.600000    
10681    189.155978   3.740413     0.834260     0.600000    
10691    189.209589   3.738876     0.838550     0.600000    
10701    189.268215   3.737328     0.837710     0.600000    
10711    189.320805   3.736176     0.838290     0.600000    
10721    189.363066   3.733630     0.834760     0.600000    
10731    189.402336   3.732951     0.837130     0.600000    
10741    189.440848   3.731245     0.837470     0.600000    
10751    189.479432   3.729897     0.834540     0.600000    
10761    189.517257   3.727958     0.836480     0.600000    
10771    189.555820   3.726638     0.835410     0.600000    
10781    189.594879   3.725416     0.836930     0.600000    
10791    189.633023   3.723541     0.837260     0.600000    
10801    189.671073   3.722077     0.838910     0.600000    
10811    189.708227   3.719481     0.838230     0.600000    
10821    189.745875   3.718189     0.837550     0.600000    
10831    189.786172   3.717108     0.835430     0.600000    
10841    189.825647   3.716012     0.835070     0.600000    
10851    189.865147   3.713633     0.834770     0.600000    
10861    189.903984   3.712049     0.835010     0.600000    
10871    189.942930   3.710437     0.834880     0.600000    
10881    189.981978   3.709404     0.837160     0.600000    
10891    190.022125   3.708039     0.835910     0.600000    
10901    190.061140   3.705728     0.836430     0.600000    
10911    190.100843   3.704060     0.835610     0.600000    
10921    190.139711   3.702757     0.834320     0.600000    
10931    190.177275   3.700730     0.836540     0.600000    
10941    190.215690   3.699266     0.835350     0.600000    
10951    190.254757   3.697708     0.836240     0.600000    
10961    190.294148   3.695650     0.832630     0.600000    
10971    190.332935   3.694093     0.835080     0.600000    
10981    190.372634   3.692815     0.835530     0.600000    
10991    190.411177   3.691594     0.831960     0.600000    
11001    190.449291   3.689897     0.834380     0.600000    
11011    190.487140   3.688521     0.834220     0.600000    
11021    190.525966   3.685878     0.834180     0.600000    
11031    190.563455   3.684417     0.835800     0.600000    
11041    190.601930   3.682053     0.834370     0.600000    
11051    190.644303   3.680551     0.836000     0.600000    
11061    190.683741   3.678251     0.835450     0.600000    
11071    190.722920   3.676703     0.833790     0.600000    
11081    190.762626   3.674996     0.834360     0.600000    
11091    190.799698   3.673903     0.836160     0.600000    
11101    190.837386   3.672470     0.833020     0.600000    
11111    190.875492   3.671641     0.833900     0.600000    
11121    190.913555   3.670231     0.834200     0.600000    
11131    190.953221   3.668434     0.831520     0.600000    
11141    190.992905   3.667572     0.833320     0.600000    
11151    191.031833   3.666428     0.833390     0.600000    
11161    191.069940   3.664380     0.833350     0.600000    
11171    191.108959   3.662759     0.834430     0.600000    
11181    191.148403   3.661060     0.834630     0.600000    
11191    191.187086   3.659181     0.836170     0.600000    
11201    191.226595   3.657180     0.833080     0.600000    
11211    191.266125   3.656027     0.832300     0.600000    
11221    191.305003   3.654558     0.834010     0.600000    
11231    191.344262   3.653017     0.834410     0.600000    
11241    191.381082   3.650697     0.834010     0.600000    
11251    191.419255   3.648935     0.833180     0.600000    
11261    191.459045   3.646588     0.831400     0.600000    
11271    191.497456   3.644487     0.835580     0.600000    
11281    191.536336   3.642850     0.835470     0.600000    
11291    191.573819   3.641195     0.835320     0.600000    
11301    191.611914   3.639549     0.832240     0.600000    
11311    191.650059   3.637092     0.831510     0.600000    
11321    191.687772   3.635794     0.832190     0.600000    
11331    191.725260   3.634433     0.830180     0.600000    
11341    191.762332   3.632082     0.834100     0.600000    
11351    191.801035   3.630934     0.833200     0.600000    
11361    191.839589   3.629488     0.832030     0.600000    
11371    191.876845   3.627236     0.832580     0.600000    
11381    191.914775   3.625026     0.833470     0.600000    
11391    191.954786   3.623566     0.834760     0.600000    
11401    191.993916   3.621866     0.830320     0.600000    
11411    192.031145   3.619432     0.834260     0.600000    
11421    192.069094   3.617633     0.833840     0.600000    
11431    192.107874   3.615988     0.831190     0.600000    
11441    192.146825   3.614194     0.831230     0.600000    
11451    192.185337   3.611637     0.830230     0.600000    
11461    192.223849   3.608762     0.834060     0.600000    
11471    192.261165   3.606563     0.829830     0.600000    
11481    192.299480   3.603584     0.832670     0.600000    
11491    192.338060   3.602396     0.832590     0.600000    
11501    192.375631   3.600405     0.832610     0.600000    
11511    192.412931   3.598921     0.833460     0.600000    
11521    192.451001   3.597819     0.833020     0.600000    
11531    192.489757   3.595253     0.831860     0.600000    
11541    192.528033   3.593501     0.831160     0.600000    
11551    192.565269   3.591346     0.830280     0.600000    
11561    192.604018   3.590694     0.830580     0.600000    
11571    192.643199   3.589298     0.831290     0.600000    
11581    192.682018   3.586716     0.832730     0.600000    
11591    192.721593   3.585824     0.833270     0.600000    
11601    192.760193   3.584579     0.830760     0.600000    
11611    192.800409   3.582840     0.830140     0.600000    
11621    192.839268   3.580625     0.828940     0.600000    
11631    192.878897   3.579294     0.829160     0.600000    
11641    192.917527   3.577534     0.830640     0.600000    
11651    192.956178   3.575944     0.830580     0.600000    
11661    192.993868   3.574367     0.831150     0.600000    
11671    193.032015   3.571498     0.831370     0.600000    
11681    193.071027   3.568970     0.834030     0.600000    
11691    193.109285   3.566314     0.827020     0.600000    
11701    193.146294   3.564997     0.828700     0.600000    
11711    193.185556   3.564124     0.831010     0.600000    
11721    193.224367   3.562551     0.825920     0.600000    
11731    193.263496   3.561530     0.829790     0.600000    
11741    193.303142   3.560414     0.827830     0.600000    
11751    193.341553   3.558981     0.828900     0.600000    
11761    193.379686   3.557462     0.830570     0.600000    
11771    193.419103   3.555634     0.829540     0.600000    
11781    193.456509   3.554586     0.830450     0.600000    
11791    193.494802   3.553354     0.830060     0.600000    
11801    193.533237   3.551130     0.828980     0.600000    
11811    193.570988   3.549246     0.831970     0.600000    
11821    193.607921   3.548590     0.829040     0.600000    
11831    193.646011   3.547503     0.829690     0.600000    
11841    193.683736   3.545516     0.833180     0.600000    
11851    193.721346   3.543708     0.830800     0.600000    
11861    193.760132   3.541392     0.826060     0.600000    
11871    193.800448   3.539697     0.831040     0.600000    
11881    193.842849   3.539112     0.828360     0.600000    
11891    193.880212   3.537516     0.832200     0.600000    
11901    193.917613   3.536580     0.830900     0.600000    
11911    193.956117   3.534347     0.828800     0.600000    
11921    193.995132   3.532837     0.829730     0.600000    
11931    194.033649   3.531463     0.828510     0.600000    
11941    194.072553   3.530717     0.829220     0.600000    
11951    194.110781   3.529317     0.827550     0.600000    
11961    194.150134   3.527355     0.825710     0.600000    
11971    194.188371   3.525878     0.828660     0.600000    
11981    194.226731   3.524511     0.827620     0.600000    
11991    194.263742   3.523213     0.828450     0.600000    
12001    194.300935   3.522246     0.828790     0.600000    
12011    194.339472   3.520935     0.826720     0.600000    
12021    194.378478   3.519126     0.827070     0.600000    
12031    194.418976   3.517846     0.826890     0.600000    
12041    194.457029   3.516549     0.828780     0.600000    
12051    194.495641   3.514787     0.828510     0.600000    
12061    194.534659   3.513240     0.829370     0.600000    
12071    194.573066   3.511022     0.830030     0.600000    
12081    194.610212   3.509162     0.829590     0.600000    
12091    194.647007   3.507243     0.829670     0.600000    
12101    194.686650   3.504640     0.828080     0.600000    
12111    194.725546   3.503322     0.829430     0.600000    
12121    194.763884   3.501090     0.828580     0.600000    
12131    194.802857   3.499784     0.826960     0.600000    
12141    194.842057   3.498117     0.827920     0.600000    
12151    194.879803   3.497043     0.826340     0.600000    
12161    194.918548   3.495774     0.828070     0.600000    
12171    194.957132   3.494889     0.826690     0.600000    
12181    194.995736   3.493224     0.826390     0.600000    
12191    195.033353   3.491997     0.826220     0.600000    
12201    195.070255   3.490867     0.823390     0.600000    
12211    195.106797   3.489061     0.826490     0.600000    
12221    195.144577   3.487596     0.826510     0.600000    
12231    195.181887   3.487033     0.825160     0.600000    
12241    195.220555   3.486208     0.826600     0.600000    
12251    195.259203   3.483877     0.827720     0.600000    
12261    195.298332   3.482168     0.824710     0.600000    
12271    195.337838   3.479015     0.826010     0.600000    
12281    195.376579   3.476313     0.827130     0.600000    
12291    195.414517   3.475401     0.825830     0.600000    
12301    195.453612   3.474003     0.825480     0.600000    
12311    195.492352   3.472529     0.827600     0.600000    
12321    195.531247   3.471399     0.826160     0.600000    
12331    195.569828   3.469942     0.823440     0.600000    
12341    195.608877   3.469065     0.824220     0.600000    
12351    195.646960   3.466770     0.826790     0.600000    
12361    195.685896   3.465105     0.827670     0.600000    
12371    195.724536   3.463756     0.828700     0.600000    
12381    195.763165   3.462458     0.828250     0.600000    
12391    195.802218   3.461394     0.825170     0.600000    
12401    195.840562   3.460173     0.824000     0.600000    
12411    195.879597   3.458743     0.823890     0.600000    
12421    195.918139   3.456905     0.828680     0.600000    
12431    195.956510   3.455368     0.826990     0.600000    
12441    195.995890   3.453744     0.826250     0.600000    
12451    196.034707   3.452248     0.823800     0.600000    
12461    196.073023   3.450253     0.822000     0.600000    
12471    196.112548   3.449009     0.824730     0.600000    
12481    196.150326   3.446618     0.825710     0.600000    
12491    196.188224   3.445363     0.823870     0.600000    
12501    196.226383   3.443480     0.824220     0.600000    
12511    196.264023   3.442278     0.826130     0.600000    
12521    196.301610   3.441166     0.826700     0.600000    
12531    196.340117   3.440085     0.825220     0.600000    
12541    196.377814   3.438991     0.825200     0.600000    
12551    196.415386   3.435407     0.825180     0.600000    
12561    196.453688   3.434276     0.824470     0.600000    
12571    196.491123   3.432650     0.824140     0.600000    
12581    196.529369   3.431296     0.822390     0.600000    
12591    196.566840   3.430298     0.823370     0.600000    
12601    196.605950   3.429496     0.820460     0.600000    
12611    196.644539   3.427438     0.824090     0.600000    
12621    196.682811   3.426543     0.822220     0.600000    
12631    196.721183   3.425272     0.825230     0.600000    
12641    196.760365   3.424365     0.823320     0.600000    
12651    196.798812   3.422579     0.824670     0.600000    
12661    196.837396   3.421075     0.822320     0.600000    
12671    196.877127   3.419248     0.823380     0.600000    
12681    196.915840   3.417196     0.819500     0.600000    
12691    196.954500   3.415824     0.821120     0.600000    
12701    196.993529   3.414057     0.824560     0.600000    
12711    197.032987   3.412569     0.822790     0.600000    
12721    197.073259   3.409867     0.822330     0.600000    
12731    197.112952   3.408466     0.823440     0.600000    
12741    197.152428   3.407101     0.822500     0.600000    
12751    197.191431   3.405036     0.823020     0.600000    
12761    197.230142   3.404365     0.823360     0.600000    
12771    197.269342   3.403217     0.821920     0.600000    
12781    197.307963   3.401603     0.822670     0.600000    
12791    197.346904   3.400177     0.824540     0.600000    
12801    197.385257   3.397818     0.824180     0.600000    
12811    197.424956   3.396821     0.821440     0.600000    
12821    197.463507   3.395664     0.824730     0.600000    
12831    197.502735   3.393896     0.824610     0.600000    
12841    197.541756   3.392354     0.821440     0.600000    
12851    197.581897   3.390178     0.819920     0.600000    
12861    197.622093   3.389346     0.820570     0.600000    
12871    197.661283   3.387769     0.821340     0.600000    
12881    197.701409   3.386498     0.821240     0.600000    
12891    197.740519   3.384843     0.822240     0.600000    
12901    197.779888   3.383579     0.819660     0.600000    
12911    197.819410   3.382348     0.821370     0.600000    
12921    197.858780   3.380734     0.822210     0.600000    
12931    197.897749   3.378772     0.820930     0.600000    
12941    197.938110   3.376595     0.821130     0.600000    
12951    197.977966   3.375126     0.820850     0.600000    
12961    198.016696   3.373713     0.823850     0.600000    
12971    198.056490   3.373011     0.821130     0.600000    
12981    198.095600   3.372017     0.819640     0.600000    
12991    198.135624   3.370809     0.820190     0.600000    
13001    198.174931   3.369749     0.819310     0.600000    
13011    198.213365   3.369151     0.821400     0.600000    
13021    198.252814   3.367714     0.820130     0.600000    
13031    198.292447   3.366713     0.820750     0.600000    
13041    198.331696   3.364453     0.819810     0.600000    
13051    198.372109   3.362572     0.819120     0.600000    
13061    198.411437   3.360651     0.822880     0.600000    
13071    198.450781   3.359309     0.820600     0.600000    
13081    198.489593   3.357196     0.819100     0.600000    
13091    198.529002   3.355606     0.819410     0.600000    
13101    198.568367   3.354559     0.820600     0.600000    
13111    198.607022   3.353389     0.819680     0.600000    
13121    198.647082   3.352316     0.817590     0.600000    
13131    198.686579   3.351389     0.818420     0.600000    
13141    198.727020   3.350062     0.817530     0.600000    
13151    198.766333   3.348961     0.819930     0.600000    
13161    198.805924   3.346695     0.818850     0.600000    
13171    198.845361   3.345140     0.821360     0.600000    
13181    198.884261   3.343462     0.823710     0.600000    
13191    198.922529   3.341995     0.817520     0.600000    
13201    198.962702   3.340970     0.814640     0.600000    
13211    199.001539   3.339494     0.821280     0.600000    
13221    199.039986   3.338274     0.816560     0.600000    
13231    199.080047   3.337098     0.816750     0.600000    
13241    199.118164   3.335942     0.818180     0.600000    
13251    199.157902   3.334203     0.818440     0.600000    
13261    199.197898   3.332870     0.818330     0.600000    
13271    199.236986   3.331563     0.820480     0.600000    
13281    199.277558   3.330314     0.816560     0.600000    
13291    199.318059   3.328950     0.815770     0.600000    
13301    199.357978   3.327839     0.817600     0.600000    
13311    199.399391   3.326657     0.817400     0.600000    
13321    199.439481   3.325886     0.815820     0.600000    
13331    199.479604   3.324641     0.819490     0.600000    
13341    199.519067   3.323103     0.819340     0.600000    
13351    199.559045   3.321455     0.815850     0.600000    
13361    199.599462   3.320555     0.816390     0.600000    
13371    199.639078   3.319296     0.819490     0.600000    
13381    199.678942   3.317502     0.817740     0.600000    
13391    199.719506   3.316119     0.817760     0.600000    
13401    199.759572   3.315001     0.818740     0.600000    
13411    199.799882   3.313987     0.815860     0.600000    
13421    199.840961   3.313180     0.816700     0.600000    
13431    199.881714   3.312670     0.814890     0.600000    
13441    199.922195   3.311641     0.817390     0.600000    
13451    199.962676   3.309962     0.816280     0.600000    
13461    200.002889   3.308877     0.816200     0.600000    
13471    200.043326   3.307413     0.816960     0.600000    
13481    200.083996   3.306397     0.815020     0.600000    
13491    200.124937   3.304910     0.814140     0.600000    
13501    200.165504   3.302703     0.819490     0.600000    
13511    200.206202   3.300527     0.814210     0.600000    
13521    200.247067   3.299007     0.814860     0.600000    
13531    200.287523   3.298203     0.814530     0.600000    
13541    200.327433   3.297501     0.816190     0.600000    
13551    200.368226   3.296694     0.816360     0.600000    
13561    200.408222   3.295660     0.818100     0.600000    
13571    200.448953   3.295038     0.814350     0.600000    
13581    200.488798   3.293093     0.813030     0.600000    
13591    200.529226   3.292038     0.814880     0.600000    
13601    200.570392   3.291385     0.815710     0.600000    
13611    200.610585   3.289995     0.815730     0.600000    
13621    200.663261   3.288937     0.812950     0.600000    
13631    200.722472   3.287821     0.813770     0.600000    
13641    200.776443   3.287057     0.815290     0.600000    
13651    200.846335   3.284973     0.816410     0.600000    
13661    200.921213   3.283773     0.815320     0.600000    
13671    200.986914   3.281969     0.817380     0.600000    
13681    201.051099   3.280820     0.812110     0.600000    
13691    201.128107   3.278839     0.816380     0.600000    
13701    201.191720   3.277752     0.814350     0.600000    
13711    201.266252   3.276774     0.816810     0.600000    
13721    201.322678   3.275915     0.813350     0.600000    
13731    201.380745   3.275044     0.812720     0.600000    
13741    201.439888   3.274021     0.815850     0.600000    
13751    201.498537   3.272597     0.815730     0.600000    
13761    201.556731   3.271399     0.814320     0.600000    
13771    201.614248   3.270423     0.814610     0.600000    
13781    201.673865   3.269657     0.812150     0.600000    
13791    201.724734   3.268061     0.813320     0.600000    
13801    201.807794   3.266616     0.814160     0.600000    
13811    201.905977   3.265457     0.812580     0.600000    
13821    201.994589   3.264804     0.813290     0.600000    
13831    202.045774   3.264043     0.813290     0.600000    
13841    202.110221   3.262529     0.813820     0.600000    
13851    202.153569   3.261532     0.813380     0.600000    
13861    202.196034   3.260036     0.812700     0.600000    
13871    202.242011   3.258581     0.811650     0.600000    
13881    202.288434   3.256908     0.811680     0.600000    
13891    202.335017   3.256028     0.811210     0.600000    
13901    202.381581   3.254889     0.813530     0.600000    
13911    202.427786   3.253402     0.812100     0.600000    
13921    202.473451   3.252529     0.811250     0.600000    
13931    202.519869   3.251406     0.815220     0.600000    
13941    202.566101   3.250910     0.813460     0.600000    
13951    202.611678   3.249535     0.815370     0.600000    
13961    202.655477   3.248625     0.812790     0.600000    
13971    202.697007   3.246943     0.811460     0.600000    
13981    202.739342   3.245445     0.813290     0.600000    
13991    202.780648   3.244336     0.814050     0.600000    
14001    202.821999   3.243546     0.809360     0.600000    
14011    202.863356   3.242554     0.810670     0.600000    
14021    202.905101   3.241836     0.809560     0.600000    
14031    202.946201   3.241151     0.811830     0.600000    
14041    202.986976   3.240322     0.812210     0.600000    
14051    203.027252   3.238964     0.810160     0.600000    
14061    203.068462   3.237396     0.810880     0.600000    
14071    203.108325   3.236279     0.809240     0.600000    
14081    203.149175   3.234251     0.809380     0.600000    
14091    203.189864   3.233210     0.812710     0.600000    
14101    203.229838   3.232208     0.809900     0.600000    
14111    203.270460   3.231231     0.811080     0.600000    
14121    203.311505   3.230325     0.810140     0.600000    
14131    203.352409   3.229154     0.812030     0.600000    
14141    203.393718   3.228354     0.810140     0.600000    
14151    203.435588   3.227154     0.811550     0.600000    
14161    203.482101   3.225520     0.810200     0.600000    
14171    203.536131   3.224788     0.811150     0.600000    
14181    203.586542   3.223828     0.810870     0.600000    
14191    203.626931   3.222964     0.810630     0.600000    
14201    203.667061   3.222459     0.808980     0.600000    
14211    203.707147   3.221770     0.811260     0.600000    
14221    203.746881   3.220959     0.810900     0.600000    
14231    203.793453   3.220461     0.811830     0.600000    
14241    203.839061   3.219921     0.808260     0.600000    
14251    203.884647   3.218763     0.810350     0.600000    
14261    203.926447   3.217991     0.808880     0.600000    
14271    203.971422   3.217132     0.806560     0.600000    
14281    204.015737   3.216328     0.809270     0.600000    
14291    204.058071   3.215791     0.809540     0.600000    
14301    204.102055   3.215096     0.807240     0.600000    
14311    204.143653   3.214300     0.810840     0.600000    
14321    204.184659   3.213057     0.808150     0.600000    
14331    204.225937   3.212396     0.811200     0.600000    
14341    204.266150   3.211192     0.807930     0.600000    
14351    204.306855   3.209838     0.806600     0.600000    
14361    204.353551   3.209050     0.812080     0.600000    
14371    204.398187   3.208285     0.805010     0.600000    
14381    204.443252   3.207830     0.810510     0.600000    
14391    204.493769   3.206818     0.808090     0.600000    
14401    204.538695   3.205511     0.809040     0.600000    
14411    204.583406   3.204846     0.809640     0.600000    
14421    204.626926   3.203691     0.810260     0.600000    
14431    204.672320   3.202925     0.809340     0.600000    
14441    204.718603   3.202051     0.808460     0.600000    
14451    204.764888   3.201133     0.808430     0.600000    
14461    204.810939   3.200461     0.808900     0.600000    
14471    204.857411   3.199404     0.809220     0.600000    
14481    204.903636   3.198600     0.804870     0.600000    
14491    204.949700   3.198159     0.806230     0.600000    
14501    204.995764   3.197092     0.811180     0.600000    
14511    205.041699   3.196473     0.809600     0.600000    
14521    205.087945   3.195858     0.807620     0.600000    
14531    205.134051   3.194805     0.810010     0.600000    
14541    205.179985   3.193901     0.810220     0.600000    
14551    205.225898   3.193162     0.809180     0.600000    
14561    205.270952   3.192342     0.809630     0.600000    
14571    205.317454   3.191240     0.809200     0.600000    
14581    205.363991   3.190618     0.809660     0.600000    
14591    205.409495   3.190025     0.807180     0.600000    
14601    205.455726   3.188642     0.809170     0.600000    
14611    205.501625   3.187365     0.810680     0.600000    
14621    205.545484   3.186302     0.809220     0.600000    
14631    205.585966   3.185206     0.809080     0.600000    
14641    205.627282   3.184180     0.807410     0.600000    
14651    205.667612   3.183128     0.809260     0.600000    
14661    205.707640   3.182493     0.807690     0.600000    
14671    205.748602   3.181569     0.809160     0.600000    
14681    205.790004   3.180515     0.808370     0.600000    
14691    205.831171   3.180091     0.808180     0.600000    
14701    205.872897   3.178922     0.808450     0.600000    
14711    205.913164   3.177955     0.806430     0.600000    
14721    205.953389   3.177023     0.807880     0.600000    
14731    205.994049   3.176070     0.807180     0.600000    
14741    206.033404   3.175080     0.808520     0.600000    
14751    206.073185   3.174138     0.807800     0.600000    
14761    206.112958   3.173327     0.807400     0.600000    
14771    206.153650   3.172536     0.807690     0.600000    
14781    206.193438   3.171465     0.810950     0.600000    
14791    206.234039   3.170742     0.806730     0.600000    
14801    206.274288   3.169515     0.808150     0.600000    
14811    206.314516   3.168847     0.807950     0.600000    
14821    206.354746   3.168395     0.809090     0.600000    
14831    206.394480   3.167584     0.808540     0.600000    
14841    206.434998   3.165942     0.808090     0.600000    
14851    206.475340   3.165111     0.807670     0.600000    
14861    206.515989   3.163791     0.807240     0.600000    
14871    206.556667   3.162335     0.806710     0.600000    
14881    206.596145   3.161419     0.803930     0.600000    
14891    206.637073   3.160450     0.804160     0.600000    
14901    206.677307   3.159840     0.807620     0.600000    
14911    206.717579   3.159367     0.806530     0.600000    
14921    206.757703   3.158582     0.806070     0.600000    
14931    206.797876   3.157290     0.804320     0.600000    
14941    206.838511   3.156448     0.807000     0.600000    
14951    206.878669   3.155637     0.806840     0.600000    
14961    206.918825   3.154757     0.807020     0.600000    
14971    206.958619   3.153342     0.806630     0.600000    
14981    206.998822   3.151932     0.808240     0.600000    
14991    207.039561   3.150479     0.803380     0.600000    
15000    207.075115   3.149946     0.806230     0.600000    
15000    547.700416   3.149946     0.000000     0.600000    
15000    580.086187   3.149188     0.000000     0.600000    
15000    580.086784   3.148583     0.000000     0.600000    
15000    580.087344   3.148001     0.000000     0.600000    
15000    580.088459   3.146929     0.000000     0.600000    
15000    580.089152   3.146176     0.000000     0.600000    
15000    580.090256   3.145332     0.000000     0.600000    
15000    580.090819   3.144458     0.000000     0.600000    
15000    580.091413   3.143906     0.000000     0.600000    
15000    580.092047   3.142897     0.000000     0.600000    
15000    580.092697   3.141678     0.000000     0.600000    
15000    580.093364   3.140938     0.000000     0.600000    
15000    580.094800   3.140448     0.000000     0.600000    
15000    580.095764   3.139335     0.000000     0.600000    
15000    580.097087   3.138299     0.000000     0.600000    
15000    580.097760   3.137122     0.000000     0.600000    
15000    580.098508   3.136045     0.000000     0.600000    
15000    580.099212   3.135074     0.000000     0.600000    
15000    580.099878   3.134609     0.000000     0.600000    
15000    580.100704   3.133091     0.000000     0.600000    
15000    580.101550   3.132727     0.000000     0.600000    
15000    580.102280   3.131705     0.000000     0.600000    
15000    580.102924   3.130593     0.000000     0.600000    
15000    580.103537   3.129254     0.000000     0.600000    
15000    580.104161   3.128846     0.000000     0.600000    
15000    580.104746   3.128313     0.000000     0.600000    
15000    580.105422   3.127312     0.000000     0.600000    
15000    580.106090   3.126359     0.000000     0.600000    
15000    580.106943   3.125318     0.000000     0.600000    
15000    580.107826   3.124243     0.000000     0.600000    
15000    580.108492   3.123512     0.000000     0.600000    
15000    580.109085   3.122317     0.000000     0.600000    
15000    580.109910   3.121214     0.000000     0.600000    
15000    580.110568   3.120305     0.000000     0.600000    
15000    580.111134   3.119524     0.000000     0.600000    
15000    580.111796   3.118662     0.000000     0.600000    
15000    580.112762   3.117839     0.000000     0.600000    
15000    580.113476   3.117242     0.000000     0.600000    
15000    580.114399   3.116593     0.000000     0.600000    
15000    580.115158   3.115401     0.000000     0.600000    
15000    580.115743   3.114289     0.000000     0.600000    
15000    580.116527   3.112998     0.000000     0.600000    
15000    580.117255   3.112117     0.000000     0.600000    
15000    580.117900   3.111112     0.000000     0.600000    
15000    580.118626   3.109964     0.000000     0.600000    
15000    580.119406   3.108258     0.000000     0.600000    
15000    580.120093   3.107315     0.000000     0.600000    
15000    580.120834   3.106814     0.000000     0.600000    
15000    580.121592   3.105603     0.000000     0.600000    
15000    580.122408   3.104747     0.000000     0.600000    
15000    580.123190   3.103906     0.000000     0.600000    
15000    580.123793   3.102573     0.000000     0.600000    
15000    580.124413   3.101711     0.000000     0.600000    
15000    580.125541   3.101154     0.000000     0.600000    
15000    580.126423   3.100338     0.000000     0.600000    
15000    580.127171   3.098664     0.000000     0.600000    
15000    580.127905   3.097801     0.000000     0.600000    
15000    580.128736   3.096936     0.000000     0.600000    
15000    580.129350   3.096427     0.000000     0.600000    
15000    580.130133   3.095775     0.000000     0.600000    
15000    580.130742   3.095022     0.000000     0.600000    
15000    580.131338   3.093816     0.000000     0.600000    
15000    580.132067   3.092906     0.000000     0.600000    
15000    580.132711   3.092192     0.000000     0.600000    
15000    580.133342   3.090712     0.000000     0.600000    
15000    580.134060   3.089721     0.000000     0.600000    
15000    580.134772   3.089094     0.000000     0.600000    
15000    580.135418   3.088133     0.000000     0.600000    
15000    580.136097   3.087043     0.000000     0.600000    
15000    580.137224   3.086051     0.000000     0.600000    
15000    580.138009   3.085241     0.000000     0.600000    
15000    580.138758   3.084428     0.000000     0.600000    
15000    580.139411   3.083722     0.000000     0.600000    
15000    580.140081   3.082257     0.000000     0.600000    
15000    580.140706   3.081328     0.000000     0.600000    
15000    580.141368   3.080308     0.000000     0.600000    
15000    580.142063   3.078878     0.000000     0.600000    
15000    580.142893   3.078534     0.000000     0.600000    
15000    580.143597   3.077202     0.000000     0.600000    
15000    580.144295   3.076716     0.000000     0.600000    
15000    580.145001   3.075809     0.000000     0.600000    
15000    580.145742   3.074376     0.000000     0.600000    
15000    580.146495   3.073425     0.000000     0.600000    
15000    580.147545   3.072048     0.000000     0.600000    
15000    580.148256   3.070891     0.000000     0.600000    
15000    580.148960   3.070009     0.000000     0.600000    
15000    580.149821   3.068996     0.000000     0.600000    
15000    580.150497   3.068358     0.000000     0.600000    
15000    580.151248   3.067630     0.000000     0.600000    
15000    580.152212   3.066624     0.000000     0.600000    
15000    580.153113   3.065466     0.000000     0.600000    
15000    580.153744   3.064137     0.000000     0.600000    
15000    580.154353   3.063538     0.000000     0.600000    
15000    580.154996   3.062882     0.000000     0.600000    
15000    580.155712   3.061704     0.000000     0.600000    
15000    580.156432   3.060939     0.000000     0.600000    
15000    580.157334   3.059884     0.000000     0.600000    
15000    580.158004   3.059139     0.000000     0.600000    
15000    580.158659   3.058680     0.000000     0.600000    
15000    580.159896   3.057334     0.000000     0.600000    
15000    580.160611   3.056625     0.000000     0.600000    
15000    580.161527   3.055451     0.000000     0.600000    
15000    580.162596   3.054530     0.000000     0.600000    
15000    580.163274   3.053639     0.000000     0.600000    
15000    580.163908   3.052726     0.000000     0.600000    
15000    580.164638   3.052329     0.000000     0.600000    
15000    580.165454   3.051359     0.000000     0.600000    
15000    580.166196   3.050270     0.000000     0.600000    
15000    580.167047   3.049835     0.000000     0.600000    
15000    580.167847   3.048805     0.000000     0.600000    
15000    580.168553   3.047598     0.000000     0.600000    
15000    580.169289   3.045789     0.000000     0.600000    
15000    580.170068   3.044952     0.000000     0.600000    
15000    580.170885   3.044044     0.000000     0.600000    
15000    580.171528   3.042771     0.000000     0.600000    
15000    580.172436   3.041554     0.000000     0.600000    
15000    580.173106   3.040926     0.000000     0.600000    
15000    580.173769   3.039888     0.000000     0.600000    
15000    580.174429   3.039109     0.000000     0.600000    
15000    580.175183   3.037908     0.000000     0.600000    
15000    580.176043   3.037074     0.000000     0.600000    
15000    580.176726   3.036271     0.000000     0.600000    
15000    580.177348   3.035439     0.000000     0.600000    
15000    580.178035   3.034470     0.000000     0.600000    
15000    580.178688   3.033397     0.000000     0.600000    
15000    580.179326   3.032101     0.000000     0.600000    
15000    580.180026   3.031133     0.000000     0.600000    
15000    580.181053   3.030259     0.000000     0.600000    
15000    580.181693   3.029706     0.000000     0.600000    
15000    580.182396   3.028951     0.000000     0.600000    
15000    580.183154   3.027960     0.000000     0.600000    
15000    580.183860   3.026861     0.000000     0.600000    
15000    580.184808   3.026173     0.000000     0.600000    
15000    580.185450   3.024716     0.000000     0.600000    
15000    580.186133   3.024196     0.000000     0.600000    
15000    580.186853   3.023525     0.000000     0.600000    
15000    580.187653   3.022620     0.000000     0.600000    
15000    580.188292   3.021587     0.000000     0.600000    
15000    580.189020   3.020887     0.000000     0.600000    
15000    580.189712   3.020091     0.000000     0.600000    
15000    580.190462   3.019065     0.000000     0.600000    
15000    580.191091   3.018605     0.000000     0.600000    
15000    580.191807   3.017926     0.000000     0.600000    
15000    580.192522   3.016718     0.000000     0.600000    
15000    580.193253   3.015596     0.000000     0.600000    
15000    580.194015   3.014254     0.000000     0.600000    
15000    580.194645   3.013352     0.000000     0.600000    
15000    580.195333   3.012721     0.000000     0.600000    
15000    580.195977   3.012094     0.000000     0.600000    
15000    580.196648   3.011149     0.000000     0.600000    
15000    580.197678   3.010187     0.000000     0.600000    
15000    580.198433   3.009610     0.000000     0.600000    
15000    580.199140   3.008247     0.000000     0.600000    
15000    580.199913   3.007299     0.000000     0.600000    
15000    580.200536   3.005744     0.000000     0.600000    
15000    580.201222   3.004799     0.000000     0.600000    
15000    580.201972   3.003574     0.000000     0.600000    
15000    580.202774   3.002663     0.000000     0.600000    
15000    580.203463   3.001610     0.000000     0.600000    
15000    580.204125   3.000150     0.000000     0.600000    
15000    580.204837   2.998738     0.000000     0.600000    
15000    580.205559   2.996964     0.000000     0.600000    
15000    580.206226   2.995241     0.000000     0.600000    
15000    580.206905   2.994605     0.000000     0.600000    
15000    580.207592   2.993923     0.000000     0.600000    
15000    580.208233   2.992754     0.000000     0.600000    
15000    580.208958   2.991126     0.000000     0.600000    
15000    580.209707   2.989483     0.000000     0.600000    
15000    580.210447   2.988578     0.000000     0.600000    
15000    580.211116   2.987918     0.000000     0.600000    
15000    580.211739   2.986503     0.000000     0.600000    
15000    580.212355   2.985804     0.000000     0.600000    
15000    580.212974   2.984999     0.000000     0.600000    
15000    580.213715   2.984004     0.000000     0.600000    
15000    580.214465   2.982875     0.000000     0.600000    
15000    580.215083   2.981806     0.000000     0.600000    
15000    580.215834   2.980149     0.000000     0.600000    
15000    580.216543   2.979115     0.000000     0.600000    
15000    580.217236   2.978327     0.000000     0.600000    
15000    580.217955   2.976797     0.000000     0.600000    
15000    580.218681   2.975793     0.000000     0.600000    
15000    580.219357   2.974802     0.000000     0.600000    
15000    580.220075   2.973624     0.000000     0.600000    
15000    580.220828   2.972576     0.000000     0.600000    
15000    580.221576   2.971584     0.000000     0.600000    
15000    580.222399   2.970522     0.000000     0.600000    
15000    580.223025   2.968955     0.000000     0.600000    
15000    580.223674   2.968158     0.000000     0.600000    
15000    580.224443   2.966846     0.000000     0.600000    
15000    580.225094   2.965801     0.000000     0.600000    
15000    580.225749   2.965150     0.000000     0.600000    
15000    580.226460   2.964399     0.000000     0.600000    
15000    580.227162   2.962608     0.000000     0.600000    
15000    580.227867   2.960904     0.000000     0.600000    
15000    580.228513   2.960444     0.000000     0.600000    
15000    580.229435   2.959957     0.000000     0.600000    
15000    580.230122   2.958506     0.000000     0.600000    
15000    580.230845   2.957720     0.000000     0.600000    
15000    580.231532   2.956865     0.000000     0.600000    
15000    580.232270   2.955650     0.000000     0.600000    
15000    580.233285   2.954560     0.000000     0.600000    
15000    580.233976   2.954040     0.000000     0.600000    
15000    580.234785   2.952629     0.000000     0.600000    
15000    580.235507   2.951424     0.000000     0.600000    
15000    580.236156   2.949388     0.000000     0.600000    
15000    580.236885   2.947563     0.000000     0.600000    
15000    580.237553   2.946824     0.000000     0.600000    
15000    580.238356   2.945951     0.000000     0.600000    
15000    580.239038   2.945333     0.000000     0.600000    
15000    580.239782   2.943822     0.000000     0.600000    
15000    580.240532   2.942401     0.000000     0.600000    
15000    580.241179   2.941949     0.000000     0.600000    
15000    580.241799   2.941365     0.000000     0.600000    
15000    580.242422   2.940316     0.000000     0.600000    
15000    580.243139   2.939084     0.000000     0.600000    
15000    580.244192   2.938393     0.000000     0.600000    
15000    580.245277   2.937239     0.000000     0.600000    
15000    580.245910   2.936010     0.000000     0.600000    
15000    580.246581   2.934639     0.000000     0.600000    
15000    580.247316   2.933587     0.000000     0.600000    
15000    580.247932   2.932803     0.000000     0.600000    
15000    580.248613   2.931429     0.000000     0.600000    
15000    580.249254   2.929833     0.000000     0.600000    
15000    580.249956   2.929298     0.000000     0.600000    
15000    580.250644   2.928635     0.000000     0.600000    
15000    580.251482   2.927275     0.000000     0.600000    
15000    580.252140   2.926563     0.000000     0.600000    
15000    580.252884   2.925807     0.000000     0.600000    
15000    580.253504   2.924514     0.000000     0.600000    
15000    580.254124   2.922677     0.000000     0.600000    
15000    580.254732   2.921750     0.000000     0.600000    
15000    580.255343   2.920050     0.000000     0.600000    
15000    580.256016   2.918877     0.000000     0.600000    
15000    580.256672   2.917062     0.000000     0.600000    
15000    580.257385   2.916278     0.000000     0.600000    
15000    580.258022   2.915364     0.000000     0.600000    
15000    580.258662   2.914320     0.000000     0.600000    
15000    580.259302   2.912757     0.000000     0.600000    
15000    580.260188   2.911855     0.000000     0.600000    
15000    580.261223   2.910523     0.000000     0.600000    
15000    580.262045   2.909048     0.000000     0.600000    
15000    580.262677   2.908296     0.000000     0.600000    
15000    580.263401   2.907548     0.000000     0.600000    
15000    580.264090   2.906368     0.000000     0.600000    
15000    580.264990   2.905740     0.000000     0.600000    
15000    580.266604   2.904964     0.000000     0.600000    
15000    580.267343   2.903743     0.000000     0.600000    
15000    580.267989   2.902054     0.000000     0.600000    
15000    580.268809   2.901397     0.000000     0.600000    
15000    580.269423   2.900502     0.000000     0.600000    
15000    580.270124   2.899086     0.000000     0.600000    
15000    580.270789   2.898202     0.000000     0.600000    
15000    580.271702   2.897182     0.000000     0.600000    
15000    580.272419   2.896160     0.000000     0.600000    
15000    580.273037   2.895231     0.000000     0.600000    
15000    580.273710   2.893827     0.000000     0.600000    
15000    580.274618   2.892748     0.000000     0.600000    
15000    580.275315   2.891546     0.000000     0.600000    
15000    580.275942   2.890707     0.000000     0.600000    
15000    580.276608   2.889988     0.000000     0.600000    
15000    580.277262   2.889097     0.000000     0.600000    
15000    580.277913   2.887878     0.000000     0.600000    
15000    580.278560   2.886954     0.000000     0.600000    
15000    580.279197   2.885514     0.000000     0.600000    
15000    580.280153   2.884730     0.000000     0.600000    
15000    580.282536   2.883393     0.000000     0.600000    
15000    580.283174   2.882678     0.000000     0.600000    
15000    580.283890   2.881729     0.000000     0.600000    
15000    580.284546   2.880723     0.000000     0.600000    
15000    580.285240   2.879905     0.000000     0.600000    
15000    580.286277   2.879221     0.000000     0.600000    
15000    580.287266   2.878258     0.000000     0.600000    
15000    580.288339   2.877648     0.000000     0.600000    
15000    580.289011   2.876396     0.000000     0.600000    
15000    580.289806   2.875559     0.000000     0.600000    
15000    580.290414   2.874703     0.000000     0.600000    
15000    580.291076   2.873943     0.000000     0.600000    
15000    580.291769   2.873415     0.000000     0.600000    
15000    580.292383   2.872626     0.000000     0.600000    
15000    580.292990   2.872069     0.000000     0.600000    
15000    580.293595   2.871763     0.000000     0.600000    
15000    580.294278   2.871204     0.000000     0.600000    
15000    580.294899   2.870066     0.000000     0.600000    
15000    580.295509   2.869403     0.000000     0.600000    
15000    580.296126   2.868574     0.000000     0.600000    
15000    580.296730   2.867510     0.000000     0.600000    
15000    580.297345   2.866524     0.000000     0.600000    
15000    580.298003   2.865578     0.000000     0.600000    
15000    580.298693   2.864825     0.000000     0.600000    
15000    580.299422   2.864126     0.000000     0.600000    
15000    580.300150   2.863159     0.000000     0.600000    
15000    580.300805   2.862048     0.000000     0.600000    
15000    580.301459   2.861304     0.000000     0.600000    
15000    580.302236   2.860551     0.000000     0.600000    
15000    580.302993   2.859317     0.000000     0.600000    
15000    580.303756   2.858735     0.000000     0.600000    
15000    580.304421   2.857847     0.000000     0.600000    
15000    580.305036   2.856973     0.000000     0.600000    
15000    580.305764   2.855097     0.000000     0.600000    
15000    580.306396   2.854112     0.000000     0.600000    
15000    580.307079   2.853498     0.000000     0.600000    
15000    580.307697   2.852521     0.000000     0.600000    
15000    580.308296   2.851941     0.000000     0.600000    
15000    580.308900   2.851209     0.000000     0.600000    
15000    580.309509   2.849974     0.000000     0.600000    
15000    580.310238   2.848923     0.000000     0.600000    
15000    580.310918   2.848376     0.000000     0.600000    
15000    580.311580   2.847151     0.000000     0.600000    
15000    580.312321   2.846576     0.000000     0.600000    
15000    580.312977   2.846142     0.000000     0.600000    
15000    580.313733   2.844581     0.000000     0.600000    
15000    580.314393   2.843887     0.000000     0.600000    
15000    580.315045   2.842841     0.000000     0.600000    
15000    580.315709   2.841852     0.000000     0.600000    
15000    580.316436   2.841329     0.000000     0.600000    
15000    580.317125   2.840259     0.000000     0.600000    
15000    580.317811   2.839608     0.000000     0.600000    
15000    580.318504   2.838816     0.000000     0.600000    
15000    580.319222   2.837560     0.000000     0.600000    
15000    580.319906   2.836942     0.000000     0.600000    
15000    580.320530   2.836501     0.000000     0.600000    
15000    580.321140   2.835588     0.000000     0.600000    
15000    580.321848   2.834076     0.000000     0.600000    
15000    580.322474   2.833543     0.000000     0.600000    
15000    580.323083   2.832725     0.000000     0.600000    
15000    580.323685   2.831981     0.000000     0.600000    
15000    580.324291   2.830949     0.000000     0.600000    
15000    580.324927   2.830200     0.000000     0.600000    
15000    580.325587   2.828819     0.000000     0.600000    
15000    580.326253   2.827958     0.000000     0.600000    
15000    580.326906   2.826583     0.000000     0.600000    
15000    580.327560   2.826105     0.000000     0.600000    
15000    580.328216   2.825021     0.000000     0.600000    
15000    580.328876   2.823907     0.000000     0.600000    
15000    580.329547   2.822863     0.000000     0.600000    
15000    580.330207   2.822233     0.000000     0.600000    
15000    580.330833   2.820213     0.000000     0.600000    
15000    580.331439   2.819241     0.000000     0.600000    
15000    580.332050   2.818458     0.000000     0.600000    
15000    580.332663   2.816558     0.000000     0.600000    
15000    580.333271   2.815585     0.000000     0.600000    
15000    580.333880   2.814467     0.000000     0.600000    
15000    580.334494   2.812717     0.000000     0.600000    
15000    580.335183   2.812209     0.000000     0.600000    
15000    580.335852   2.810810     0.000000     0.600000    
15000    580.336520   2.808791     0.000000     0.600000    
15000    580.337193   2.807562     0.000000     0.600000    
15000    580.337859   2.806201     0.000000     0.600000    
15000    580.338518   2.805271     0.000000     0.600000    
15000    580.339182   2.804383     0.000000     0.600000    
15000    580.339847   2.803366     0.000000     0.600000    
15000    580.340515   2.802516     0.000000     0.600000    
15000    580.341174   2.801678     0.000000     0.600000    
15000    580.341840   2.800426     0.000000     0.600000    
15000    580.342516   2.798832     0.000000     0.600000    
15000    580.343168   2.798401     0.000000     0.600000    
15000    580.343914   2.797739     0.000000     0.600000    
15000    580.344581   2.797287     0.000000     0.600000    
15000    580.345235   2.796538     0.000000     0.600000    
15000    580.345889   2.795937     0.000000     0.600000    
15000    580.346536   2.795561     0.000000     0.600000    
15000    580.347194   2.794655     0.000000     0.600000    
15000    580.349409   2.793789     0.000000     0.600000    
15000    580.350068   2.792954     0.000000     0.600000    
15000    580.350713   2.791524     0.000000     0.600000    
15000    580.351347   2.790578     0.000000     0.600000    
15000    580.352004   2.789838     0.000000     0.600000    
15000    580.352657   2.788416     0.000000     0.600000    
15000    580.353287   2.787702     0.000000     0.600000    
15000    580.353938   2.786628     0.000000     0.600000    
15000    580.354601   2.785692     0.000000     0.600000    
15000    580.355246   2.785039     0.000000     0.600000    
15000    580.355889   2.784069     0.000000     0.600000    
15000    580.356519   2.783119     0.000000     0.600000    
15000    580.357158   2.782120     0.000000     0.600000    
15000    580.357795   2.780913     0.000000     0.600000    
15000    580.358429   2.780155     0.000000     0.600000    
15000    580.359049   2.779531     0.000000     0.600000    
15000    580.359683   2.778014     0.000000     0.600000    
15000    580.360269   2.776951     0.000000     0.600000    
15000    580.360857   2.775760     0.000000     0.600000    
15000    580.361432   2.775346     0.000000     0.600000    
15000    580.362018   2.774098     0.000000     0.600000    
15000    580.362597   2.772916     0.000000     0.600000    
15000    580.363180   2.772226     0.000000     0.600000    
15000    580.363769   2.771029     0.000000     0.600000    
15000    580.364353   2.770271     0.000000     0.600000    
15000    580.364971   2.769347     0.000000     0.600000    
15000    580.365602   2.768842     0.000000     0.600000    
15000    580.366232   2.767877     0.000000     0.600000    
15000    580.366863   2.767036     0.000000     0.600000    
15000    580.367504   2.765952     0.000000     0.600000    
15000    580.368140   2.764934     0.000000     0.600000    
15000    580.368770   2.764056     0.000000     0.600000    
15000    580.369412   2.762982     0.000000     0.600000    
15000    580.370054   2.762152     0.000000     0.600000    
15000    580.370681   2.761067     0.000000     0.600000    
15000    580.371326   2.759653     0.000000     0.600000    
15000    580.371970   2.758972     0.000000     0.600000    
15000    580.372618   2.758243     0.000000     0.600000    
15000    580.373256   2.757099     0.000000     0.600000    
15000    580.373888   2.756600     0.000000     0.600000    
15000    580.374527   2.755880     0.000000     0.600000    
15000    580.375113   2.755486     0.000000     0.600000    
15000    580.375707   2.753567     0.000000     0.600000    
15000    580.376291   2.752904     0.000000     0.600000    
15000    580.376889   2.752056     0.000000     0.600000    
15000    580.377475   2.751236     0.000000     0.600000    
15000    580.378065   2.750190     0.000000     0.600000    
15000    580.378652   2.749193     0.000000     0.600000    
15000    580.379237   2.747123     0.000000     0.600000    
15000    580.379859   2.746329     0.000000     0.600000    
15000    580.380496   2.745749     0.000000     0.600000    
15000    580.381125   2.744980     0.000000     0.600000    
15000    580.381762   2.743864     0.000000     0.600000    
15000    580.382408   2.742949     0.000000     0.600000    
15000    580.383054   2.741735     0.000000     0.600000    
15000    580.383697   2.740732     0.000000     0.600000    
15000    580.384325   2.739712     0.000000     0.600000    
15000    580.384963   2.739047     0.000000     0.600000    
15000    580.385593   2.738281     0.000000     0.600000    
15000    580.386230   2.737045     0.000000     0.600000    
15000    580.386866   2.736014     0.000000     0.600000    
15000    580.387506   2.735626     0.000000     0.600000    
15000    580.388140   2.734865     0.000000     0.600000    
15000    580.388785   2.734100     0.000000     0.600000    
15000    580.389431   2.732930     0.000000     0.600000    
15000    580.390068   2.731620     0.000000     0.600000    
15000    580.390717   2.730057     0.000000     0.600000    
15000    580.391353   2.729271     0.000000     0.600000    
15000    580.391988   2.728607     0.000000     0.600000    
15000    580.392625   2.728065     0.000000     0.600000    
15000    580.393252   2.727402     0.000000     0.600000    
15000    580.393887   2.726557     0.000000     0.600000    
15000    580.394516   2.726332     0.000000     0.600000    
15000    580.395109   2.725329     0.000000     0.600000    
15000    580.395695   2.724268     0.000000     0.600000    
15000    580.396293   2.723095     0.000000     0.600000    
15000    580.396893   2.722341     0.000000     0.600000    
15000    580.397484   2.722091     0.000000     0.600000    
15000    580.398080   2.720405     0.000000     0.600000    
15000    580.398681   2.719618     0.000000     0.600000    
15000    580.399270   2.719053     0.000000     0.600000    
15000    580.399883   2.718166     0.000000     0.600000    
15000    580.400512   2.717407     0.000000     0.600000    
15000    580.401147   2.715965     0.000000     0.600000    
15000    580.401780   2.715009     0.000000     0.600000    
15000    580.402418   2.714497     0.000000     0.600000    
15000    580.404007   2.713250     0.000000     0.600000    
15000    580.405154   2.712177     0.000000     0.600000    
15000    580.405850   2.711508     0.000000     0.600000    
15000    580.406547   2.710527     0.000000     0.600000    
15000    580.407248   2.709930     0.000000     0.600000    
15000    580.407928   2.709035     0.000000     0.600000    
15000    580.408618   2.707209     0.000000     0.600000    
15000    580.409306   2.706587     0.000000     0.600000    
15000    580.409960   2.704999     0.000000     0.600000    
15000    580.410578   2.704028     0.000000     0.600000    
15000    580.411190   2.703497     0.000000     0.600000    
15000    580.411803   2.702839     0.000000     0.600000    
15000    580.412418   2.701884     0.000000     0.600000    
15000    580.413024   2.701085     0.000000     0.600000    
15000    580.413650   2.699013     0.000000     0.600000    
15000    580.414260   2.698409     0.000000     0.600000    
15000    580.414905   2.697703     0.000000     0.600000    
15000    580.415572   2.697170     0.000000     0.600000    
15000    580.416238   2.696754     0.000000     0.600000    
15000    580.416901   2.695558     0.000000     0.600000    
15000    580.417566   2.694184     0.000000     0.600000    
15000    580.418227   2.693421     0.000000     0.600000    
15000    580.418892   2.692716     0.000000     0.600000    
15000    580.419560   2.692431     0.000000     0.600000    
15000    580.420229   2.691639     0.000000     0.600000    
15000    580.420896   2.690628     0.000000     0.600000    
15000    580.421552   2.690258     0.000000     0.600000    
15000    580.422215   2.689345     0.000000     0.600000    
15000    580.422884   2.688231     0.000000     0.600000    
15000    580.423546   2.687760     0.000000     0.600000    
15000    580.424213   2.686556     0.000000     0.600000    
15000    580.424875   2.685544     0.000000     0.600000    
15000    580.425542   2.684315     0.000000     0.600000    
15000    580.426200   2.683577     0.000000     0.600000    
15000    580.426861   2.683217     0.000000     0.600000    
15000    580.427526   2.682106     0.000000     0.600000    
15000    580.428186   2.681228     0.000000     0.600000    
15000    580.428852   2.680575     0.000000     0.600000    
15000    580.429519   2.679648     0.000000     0.600000    
15000    580.430184   2.678547     0.000000     0.600000    
15000    580.430848   2.677485     0.000000     0.600000    
15000    580.431512   2.676714     0.000000     0.600000    
15000    580.432166   2.676413     0.000000     0.600000    
15000    580.432849   2.675738     0.000000     0.600000    
15000    580.433516   2.674929     0.000000     0.600000    
15000    580.434194   2.673061     0.000000     0.600000    
15000    580.434829   2.672101     0.000000     0.600000    
15000    580.435436   2.671216     0.000000     0.600000    
15000    580.436050   2.669979     0.000000     0.600000    
15000    580.436668   2.668527     0.000000     0.600000    
15000    580.437285   2.667710     0.000000     0.600000    
15000    580.437898   2.667184     0.000000     0.600000    
15000    580.438507   2.666425     0.000000     0.600000    
15000    580.439120   2.665787     0.000000     0.600000    
15000    580.439761   2.665151     0.000000     0.600000    
15000    580.440425   2.664582     0.000000     0.600000    
15000    580.441097   2.663847     0.000000     0.600000    
15000    580.441742   2.663273     0.000000     0.600000    
15000    580.442406   2.662333     0.000000     0.600000    
15000    580.443071   2.662007     0.000000     0.600000    
15000    580.443736   2.661281     0.000000     0.600000    
15000    580.444392   2.660565     0.000000     0.600000    
15000    580.445051   2.659837     0.000000     0.600000    
15000    580.445703   2.659344     0.000000     0.600000    
15000    580.446363   2.658454     0.000000     0.600000    
15000    580.447022   2.657530     0.000000     0.600000    
15000    580.447677   2.657246     0.000000     0.600000    
15000    580.448343   2.656763     0.000000     0.600000    
15000    580.448999   2.656414     0.000000     0.600000    
15000    580.449654   2.656021     0.000000     0.600000    
15000    580.450273   2.655050     0.000000     0.600000    
15000    580.450895   2.653517     0.000000     0.600000    
15000    580.451512   2.652743     0.000000     0.600000    
15000    580.452122   2.652279     0.000000     0.600000    
15000    580.452736   2.651029     0.000000     0.600000    
15000    580.453382   2.649864     0.000000     0.600000    
15000    580.453995   2.647909     0.000000     0.600000    
15000    580.454610   2.647105     0.000000     0.600000    
15000    580.455216   2.646372     0.000000     0.600000    
15000    580.455823   2.645651     0.000000     0.600000    
15000    580.456432   2.644719     0.000000     0.600000    
15000    580.457040   2.643682     0.000000     0.600000    
15000    580.457648   2.642994     0.000000     0.600000    
15000    580.458264   2.642086     0.000000     0.600000    
15000    580.458866   2.641438     0.000000     0.600000    
15000    580.459470   2.641195     0.000000     0.600000    
15000    580.460076   2.640690     0.000000     0.600000    
15000    580.460684   2.639912     0.000000     0.600000    
15000    580.461297   2.638563     0.000000     0.600000    
15000    580.461909   2.637480     0.000000     0.600000    
15000    580.462513   2.637018     0.000000     0.600000    
15000    580.463126   2.635458     0.000000     0.600000    
15000    580.463737   2.634951     0.000000     0.600000    
15000    580.464346   2.634218     0.000000     0.600000    
15000    580.464996   2.633061     0.000000     0.600000    
15000    580.465665   2.631598     0.000000     0.600000    
15000    580.466325   2.630862     0.000000     0.600000    
15000    580.466985   2.630008     0.000000     0.600000    
15000    580.467649   2.628843     0.000000     0.600000    
15000    580.468310   2.628264     0.000000     0.600000    
15000    580.468960   2.628097     0.000000     0.600000    
15000    580.469631   2.627197     0.000000     0.600000    
15000    580.470246   2.625818     0.000000     0.600000    
15000    580.470868   2.624722     0.000000     0.600000    
15000    580.471486   2.623709     0.000000     0.600000    
15000    580.472100   2.622209     0.000000     0.600000    
15000    580.472711   2.621586     0.000000     0.600000    
15000    580.473318   2.620093     0.000000     0.600000    
15000    580.473932   2.619182     0.000000     0.600000    
15000    580.474545   2.618827     0.000000     0.600000    
15000    580.475213   2.617764     0.000000     0.600000    
15000    580.475881   2.616589     0.000000     0.600000    
15000    580.476540   2.615468     0.000000     0.600000    
15000    580.477205   2.614508     0.000000     0.600000    
15000    580.477857   2.613710     0.000000     0.600000    
15000    580.478518   2.612475     0.000000     0.600000    
15000    580.479169   2.611936     0.000000     0.600000    
15000    580.479806   2.611537     0.000000     0.600000    
15000    580.480421   2.609804     0.000000     0.600000    
15000    580.481030   2.608948     0.000000     0.600000    
15000    580.481640   2.608329     0.000000     0.600000    
15000    580.482256   2.607237     0.000000     0.600000    
15000    580.482875   2.606280     0.000000     0.600000    
15000    580.483484   2.605689     0.000000     0.600000    
15000    580.484090   2.605088     0.000000     0.600000    
15000    580.484711   2.604357     0.000000     0.600000    
15000    580.485361   2.603848     0.000000     0.600000    
15000    580.486016   2.603386     0.000000     0.600000    
15000    580.486665   2.602462     0.000000     0.600000    
15000    580.487318   2.602126     0.000000     0.600000    
15000    580.487983   2.601646     0.000000     0.600000    
15000    580.488644   2.600340     0.000000     0.600000    
15000    580.489302   2.599845     0.000000     0.600000    
15000    580.489927   2.598974     0.000000     0.600000    
15000    580.490520   2.598459     0.000000     0.600000    
15000    580.491128   2.597351     0.000000     0.600000    
15000    580.491743   2.596681     0.000000     0.600000    
15000    580.492344   2.596297     0.000000     0.600000    
15000    580.492949   2.595574     0.000000     0.600000    
15000    580.493556   2.594432     0.000000     0.600000    
15000    580.494153   2.593995     0.000000     0.600000    
15000    580.494783   2.593183     0.000000     0.600000    
15000    580.495440   2.592775     0.000000     0.600000    
15000    580.496102   2.591168     0.000000     0.600000    
15000    580.496760   2.589894     0.000000     0.600000    
15000    580.497422   2.588263     0.000000     0.600000    
15000    580.498072   2.586413     0.000000     0.600000    
15000    580.498729   2.584841     0.000000     0.600000    
15000    580.499388   2.583537     0.000000     0.600000    
15000    580.500010   2.581504     0.000000     0.600000    
15000    580.500610   2.578346     0.000000     0.600000    
15000    580.501207   2.576373     0.000000     0.600000    
15000    580.501816   2.573663     0.000000     0.600000    
15000    580.502421   2.571051     0.000000     0.600000    
15000    580.503035   2.569847     0.000000     0.600000    
15000    580.503639   2.568334     0.000000     0.600000    
15000    580.504238   2.565592     0.000000     0.600000    
15000    580.504865   2.565075     0.000000     0.600000    
15000    580.505528   2.564038     0.000000     0.600000    
15000    580.506196   2.562321     0.000000     0.600000    
15000    580.506864   2.559571     0.000000     0.600000    
15000    580.507507   2.558398     0.000000     0.600000    
15000    580.508157   2.557824     0.000000     0.600000    
15000    580.508813   2.555914     0.000000     0.600000    
15000    580.509471   2.554024     0.000000     0.600000    
15000    580.510089   2.551788     0.000000     0.600000    
15000    580.510701   2.549923     0.000000     0.600000    
15000    580.511307   2.548290     0.000000     0.600000    
15000    580.511917   2.545241     0.000000     0.600000    
15000    580.512529   2.542346     0.000000     0.600000    
15000    580.513139   2.541001     0.000000     0.600000    
15000    580.513745   2.538493     0.000000     0.600000    
15000    580.514363   2.536030     0.000000     0.600000    
15000    580.515010   2.533689     0.000000     0.600000    
15000    580.515668   2.532182     0.000000     0.600000    
15000    580.516336   2.529775     0.000000     0.600000    
15000    580.516995   2.527058     0.000000     0.600000    
15000    580.517660   2.524849     0.000000     0.600000    
15000    580.518314   2.523314     0.000000     0.600000    
15000    580.518959   2.522210     0.000000     0.600000    
15000    580.519605   2.521697     0.000000     0.600000    
15000    580.520212   2.520623     0.000000     0.600000    
15000    580.520823   2.519105     0.000000     0.600000    
15000    580.521428   2.518015     0.000000     0.600000    
15000    580.522030   2.516572     0.000000     0.600000    
15000    580.522636   2.514600     0.000000     0.600000    
15000    580.523249   2.513016     0.000000     0.600000    
15000    580.523856   2.511951     0.000000     0.600000    
15000    580.524469   2.510505     0.000000     0.600000    
15000    580.525070   2.508526     0.000000     0.600000    
15000    580.525675   2.507130     0.000000     0.600000    
15000    580.526281   2.506279     0.000000     0.600000    
15000    580.526887   2.504282     0.000000     0.600000    
15000    580.527490   2.502442     0.000000     0.600000    
15000    580.528097   2.500944     0.000000     0.600000    
15000    580.528699   2.499091     0.000000     0.600000    
15000    580.529300   2.497289     0.000000     0.600000    
15000    580.529910   2.495783     0.000000     0.600000    
15000    580.530518   2.493975     0.000000     0.600000    
15000    580.531122   2.492240     0.000000     0.600000    
15000    580.531726   2.490395     0.000000     0.600000    
15000    580.532335   2.487984     0.000000     0.600000    
15000    580.532941   2.485743     0.000000     0.600000    
15000    580.533549   2.483620     0.000000     0.600000    
15000    580.534158   2.481801     0.000000     0.600000    
15000    580.534781   2.480309     0.000000     0.600000    
15000    580.535434   2.478382     0.000000     0.600000    
15000    580.536087   2.476680     0.000000     0.600000    
15000    580.536736   2.475043     0.000000     0.600000    
15000    580.537376   2.474034     0.000000     0.600000    
15000    580.538037   2.472087     0.000000     0.600000    
15000    580.538683   2.469962     0.000000     0.600000    
15000    580.539361   2.467712     0.000000     0.600000    
15000    580.540001   2.465957     0.000000     0.600000    
15000    580.540619   2.464636     0.000000     0.600000    
15000    580.541233   2.461363     0.000000     0.600000    
15000    580.541836   2.460387     0.000000     0.600000    
15000    580.542439   2.459021     0.000000     0.600000    
15000    580.543048   2.456997     0.000000     0.600000    
15000    580.543655   2.454735     0.000000     0.600000    
15000    580.544254   2.453615     0.000000     0.600000    
15000    580.544887   2.450962     0.000000     0.600000    
15000    580.545532   2.450308     0.000000     0.600000    
15000    580.546188   2.449108     0.000000     0.600000    
15000    580.546841   2.447112     0.000000     0.600000    
15000    580.547497   2.445056     0.000000     0.600000    
15000    580.548141   2.444290     0.000000     0.600000    
15000    580.548789   2.443492     0.000000     0.600000    
15000    580.549447   2.441971     0.000000     0.600000    
15000    580.550051   2.441035     0.000000     0.600000    
15000    580.550651   2.438632     0.000000     0.600000    
15000    580.551249   2.436449     0.000000     0.600000    
15000    580.551848   2.433676     0.000000     0.600000    
15000    580.552447   2.432586     0.000000     0.600000    
15000    580.553054   2.430293     0.000000     0.600000    
15000    580.553650   2.429448     0.000000     0.600000    
15000    580.554248   2.426812     0.000000     0.600000    
15000    580.554851   2.424363     0.000000     0.600000    
15000    580.555447   2.423474     0.000000     0.600000    
15000    580.556054   2.422402     0.000000     0.600000    
15000    580.556655   2.418959     0.000000     0.600000    
15000    580.557253   2.416564     0.000000     0.600000    
15000    580.557849   2.414938     0.000000     0.600000    
15000    580.558443   2.414174     0.000000     0.600000    
15000    580.559043   2.411134     0.000000     0.600000    
15000    580.559643   2.409946     0.000000     0.600000    
15000    580.560234   2.408492     0.000000     0.600000    
15000    580.560841   2.405572     0.000000     0.600000    
15000    580.561439   2.404089     0.000000     0.600000    
15000    580.562026   2.403363     0.000000     0.600000    
15000    580.562627   2.400448     0.000000     0.600000    
15000    580.563234   2.399340     0.000000     0.600000    
15000    580.563833   2.398227     0.000000     0.600000    
15000    580.564438   2.396246     0.000000     0.600000    
15000    580.565033   2.394093     0.000000     0.600000    
15000    580.565628   2.392209     0.000000     0.600000    
15000    580.566227   2.389275     0.000000     0.600000    
15000    580.566831   2.387274     0.000000     0.600000    
15000    580.567434   2.384676     0.000000     0.600000    
15000    580.568023   2.383672     0.000000     0.600000    
15000    580.568618   2.381033     0.000000     0.600000    
15000    580.569211   2.379814     0.000000     0.600000    
15000    580.569811   2.376375     0.000000     0.600000    
15000    580.570409   2.373185     0.000000     0.600000    
15000    580.571005   2.370422     0.000000     0.600000    
15000    580.571602   2.368885     0.000000     0.600000    
15000    580.572198   2.367549     0.000000     0.600000    
15000    580.572801   2.366122     0.000000     0.600000    
15000    580.573393   2.364067     0.000000     0.600000    
15000    580.573990   2.361756     0.000000     0.600000    
15000    580.574580   2.360955     0.000000     0.600000    
15000    580.575180   2.357362     0.000000     0.600000    
15000    580.575775   2.354058     0.000000     0.600000    
15000    580.576371   2.352279     0.000000     0.600000    
15000    580.576966   2.350064     0.000000     0.600000    
15000    580.577560   2.349507     0.000000     0.600000    
15000    580.578167   2.347178     0.000000     0.600000    
15000    580.578768   2.345538     0.000000     0.600000    
15000    580.579370   2.343406     0.000000     0.600000    
15000    580.579973   2.341113     0.000000     0.600000    
15000    580.580568   2.339840     0.000000     0.600000    
15000    580.581160   2.337754     0.000000     0.600000    
15000    580.581746   2.336987     0.000000     0.600000    
15000    580.582343   2.335832     0.000000     0.600000    
15000    580.582943   2.332312     0.000000     0.600000    
15000    580.583546   2.329258     0.000000     0.600000    
15000    580.584150   2.326623     0.000000     0.600000    
15000    580.584729   2.325387     0.000000     0.600000    
15000    580.585291   2.323858     0.000000     0.600000    
15000    580.585856   2.319967     0.000000     0.600000    
15000    580.586406   2.318019     0.000000     0.600000    
15000    580.586960   2.316947     0.000000     0.600000    
15000    580.587525   2.314492     0.000000     0.600000    
15000    580.588085   2.312993     0.000000     0.600000    
15000    580.588649   2.310855     0.000000     0.600000    
15000    580.589197   2.309822     0.000000     0.600000    
15000    580.589767   2.307983     0.000000     0.600000    
15000    580.590368   2.306190     0.000000     0.600000    
15000    580.590969   2.305061     0.000000     0.600000    
15000    580.591573   2.303880     0.000000     0.600000    
15000    580.592170   2.302234     0.000000     0.600000    
15000    580.592769   2.300642     0.000000     0.600000    
15000    580.593372   2.298113     0.000000     0.600000    
15000    580.593969   2.296856     0.000000     0.600000    
15000    580.594562   2.294877     0.000000     0.600000    
15000    580.595169   2.293105     0.000000     0.600000    
15000    580.595769   2.291782     0.000000     0.600000    
15000    580.596371   2.289293     0.000000     0.600000    
15000    580.596972   2.287503     0.000000     0.600000    
15000    580.597579   2.285930     0.000000     0.600000    
15000    580.598173   2.284249     0.000000     0.600000    
15000    580.598764   2.283531     0.000000     0.600000    
15000    580.599369   2.280343     0.000000     0.600000    
15000    580.599941   2.277731     0.000000     0.600000    
15000    580.600504   2.276690     0.000000     0.600000    
15000    580.601069   2.275793     0.000000     0.600000    
15000    580.601629   2.272996     0.000000     0.600000    
15000    580.602183   2.270971     0.000000     0.600000    
15000    580.602739   2.269077     0.000000     0.600000    
15000    580.603295   2.268423     0.000000     0.600000    
15000    580.603851   2.268182     0.000000     0.600000    
15000    580.604411   2.266548     0.000000     0.600000    
15000    580.604961   2.264716     0.000000     0.600000    
15000    580.605513   2.263916     0.000000     0.600000    
15000    580.606490   2.261644     0.000000     0.600000    
15000    580.607055   2.260292     0.000000     0.600000    
15000    580.607608   2.259274     0.000000     0.600000    
15000    580.608170   2.255649     0.000000     0.600000    
15000    580.608726   2.254507     0.000000     0.600000    
15000    580.609290   2.252004     0.000000     0.600000    
15000    580.609852   2.249664     0.000000     0.600000    
15000    580.610407   2.248047     0.000000     0.600000    
15000    580.610968   2.245258     0.000000     0.600000    
15000    580.611533   2.242644     0.000000     0.600000    
15000    580.612085   2.240953     0.000000     0.600000    
15000    580.612650   2.239591     0.000000     0.600000    
15000    580.613219   2.237473     0.000000     0.600000    
15000    580.613777   2.235179     0.000000     0.600000    
15000    580.614334   2.233711     0.000000     0.600000    
15000    580.614898   2.232222     0.000000     0.600000    
15000    580.615449   2.229773     0.000000     0.600000    
15000    580.616005   2.228948     0.000000     0.600000    
15000    580.616568   2.227353     0.000000     0.600000    
15000    580.617129   2.225881     0.000000     0.600000    
15000    580.617682   2.224617     0.000000     0.600000    
15000    580.618243   2.222907     0.000000     0.600000    
15000    580.618809   2.220650     0.000000     0.600000    
15000    580.619371   2.219330     0.000000     0.600000    
15000    580.619935   2.217338     0.000000     0.600000    
15000    580.620496   2.215918     0.000000     0.600000    
15000    580.621059   2.212173     0.000000     0.600000    
15000    580.621617   2.210134     0.000000     0.600000    
15000    580.622173   2.208243     0.000000     0.600000    
15000    580.622739   2.206568     0.000000     0.600000    
15000    580.623293   2.205550     0.000000     0.600000    
15000    580.623854   2.203927     0.000000     0.600000    
15000    580.624417   2.200954     0.000000     0.600000    
15000    580.624975   2.198391     0.000000     0.600000    
15000    580.625527   2.197507     0.000000     0.600000    
15000    580.626085   2.195579     0.000000     0.600000    
15000    580.626647   2.192813     0.000000     0.600000    
15000    580.627205   2.189857     0.000000     0.600000    
15000    580.627765   2.188359     0.000000     0.600000    
15000    580.628313   2.186885     0.000000     0.600000    
15000    580.628861   2.186291     0.000000     0.600000    
15000    580.629416   2.184812     0.000000     0.600000    
15000    580.630010   2.183079     0.000000     0.600000    
15000    580.630594   2.182121     0.000000     0.600000    
15000    580.631178   2.180594     0.000000     0.600000    
15000    580.631768   2.179445     0.000000     0.600000    
15000    580.632355   2.177625     0.000000     0.600000    
15000    580.632944   2.176789     0.000000     0.600000    
15000    580.633537   2.174734     0.000000     0.600000    
15000    580.634128   2.174208     0.000000     0.600000    
15000    580.634706   2.172703     0.000000     0.600000    
15000    580.635270   2.171235     0.000000     0.600000    
15000    580.635830   2.169577     0.000000     0.600000    
15000    580.636378   2.167315     0.000000     0.600000    
15000    580.636926   2.165235     0.000000     0.600000    
15000    580.637484   2.163291     0.000000     0.600000    
15000    580.638041   2.161928     0.000000     0.600000    
15000    580.638592   2.161058     0.000000     0.600000    
15000    580.639143   2.158379     0.000000     0.600000    
15000    580.639692   2.157331     0.000000     0.600000    
15000    580.640250   2.155394     0.000000     0.600000    
15000    580.640807   2.154015     0.000000     0.600000    
15000    580.641380   2.152654     0.000000     0.600000    
15000    580.641941   2.152209     0.000000     0.600000    
15000    580.642506   2.151690     0.000000     0.600000    
15000    580.643078   2.150007     0.000000     0.600000    
15000    580.643629   2.148589     0.000000     0.600000    
15000    580.644182   2.146288     0.000000     0.600000    
15000    580.644739   2.145259     0.000000     0.600000    
15000    580.645298   2.144540     0.000000     0.600000    
15000    580.645844   2.144099     0.000000     0.600000    
15000    580.646399   2.142121     0.000000     0.600000    
15000    580.646945   2.141463     0.000000     0.600000    
15000    580.647500   2.140024     0.000000     0.600000    
15000    580.648056   2.137621     0.000000     0.600000    
15000    580.648619   2.135180     0.000000     0.600000    
15000    580.649176   2.133494     0.000000     0.600000    
15000    580.649734   2.132478     0.000000     0.600000    
15000    580.650276   2.131741     0.000000     0.600000    
15000    580.650839   2.129409     0.000000     0.600000    
15000    580.651395   2.126752     0.000000     0.600000    
15000    580.651949   2.123706     0.000000     0.600000    
15000    580.652498   2.122463     0.000000     0.600000    
15000    580.653053   2.121291     0.000000     0.600000    
15000    580.653597   2.120585     0.000000     0.600000    
15000    580.654141   2.119975     0.000000     0.600000    
15000    580.654697   2.116903     0.000000     0.600000    
15000    580.655251   2.115296     0.000000     0.600000    
15000    580.655800   2.113420     0.000000     0.600000    
15000    580.656355   2.112754     0.000000     0.600000    
15000    580.656917   2.110962     0.000000     0.600000    
15000    580.657465   2.108817     0.000000     0.600000    
15000    580.658015   2.107750     0.000000     0.600000    
15000    580.658566   2.106010     0.000000     0.600000    
15000    580.659123   2.102588     0.000000     0.600000    
15000    580.659680   2.100426     0.000000     0.600000    
15000    580.660232   2.098479     0.000000     0.600000    
15000    580.660780   2.096702     0.000000     0.600000    
15000    580.661335   2.094624     0.000000     0.600000    
15000    580.661882   2.093564     0.000000     0.600000    
15000    580.662469   2.090555     0.000000     0.600000    
15000    580.663023   2.089191     0.000000     0.600000    
15000    580.663582   2.087475     0.000000     0.600000    
15000    580.664132   2.086110     0.000000     0.600000    
15000    580.664689   2.084139     0.000000     0.600000    
15000    580.665236   2.082652     0.000000     0.600000    
15000    580.665792   2.080523     0.000000     0.600000    
15000    580.666347   2.078995     0.000000     0.600000    
15000    580.666896   2.076768     0.000000     0.600000    
15000    580.667439   2.075732     0.000000     0.600000    
15000    580.667987   2.074666     0.000000     0.600000    
15000    580.668531   2.073564     0.000000     0.600000    
15000    580.669075   2.072120     0.000000     0.600000    
15000    580.669639   2.069092     0.000000     0.600000    
15000    580.670187   2.068382     0.000000     0.600000    
15000    580.670741   2.067088     0.000000     0.600000    
15000    580.671299   2.063827     0.000000     0.600000    
15000    580.671852   2.061147     0.000000     0.600000    
15000    580.672403   2.059724     0.000000     0.600000    
15000    580.672960   2.058266     0.000000     0.600000    
15000    580.673513   2.056003     0.000000     0.600000    
15000    580.674078   2.053001     0.000000     0.600000    
15000    580.674640   2.051535     0.000000     0.600000    
15000    580.675181   2.050845     0.000000     0.600000    
15000    580.675732   2.048546     0.000000     0.600000    
15000    580.676278   2.046558     0.000000     0.600000    
15000    580.676830   2.045556     0.000000     0.600000    
15000    580.677391   2.042662     0.000000     0.600000    
15000    580.677937   2.040956     0.000000     0.600000    
15000    580.678479   2.039901     0.000000     0.600000    
15000    580.679037   2.038363     0.000000     0.600000    
15000    580.679598   2.037040     0.000000     0.600000    
15000    580.680159   2.034099     0.000000     0.600000    
15000    580.680716   2.031946     0.000000     0.600000    
15000    580.681285   2.030589     0.000000     0.600000    
15000    580.681835   2.029231     0.000000     0.600000    
15000    580.682389   2.028605     0.000000     0.600000    
15000    580.682951   2.024934     0.000000     0.600000    
15000    580.683512   2.022816     0.000000     0.600000    
15000    580.684073   2.021207     0.000000     0.600000    
15000    580.684621   2.019768     0.000000     0.600000    
15000    580.685169   2.018856     0.000000     0.600000    
15000    580.685713   2.017487     0.000000     0.600000    
15000    580.686264   2.016064     0.000000     0.600000    
15000    580.686814   2.015018     0.000000     0.600000    
15000    580.687361   2.013810     0.000000     0.600000    
15000    580.687920   2.012417     0.000000     0.600000    
15000    580.688473   2.011607     0.000000     0.600000    
15000    580.689023   2.010161     0.000000     0.600000    
15000    580.689588   2.009533     0.000000     0.600000    
15000    580.690140   2.006676     0.000000     0.600000    
15000    580.690693   2.004383     0.000000     0.600000    
15000    580.691242   2.003244     0.000000     0.600000    
15000    580.691790   2.000673     0.000000     0.600000    
15000    580.692333   1.999749     0.000000     0.600000    
15000    580.692887   1.998121     0.000000     0.600000    
15000    580.693432   1.995673     0.000000     0.600000    
15000    580.693984   1.992861     0.000000     0.600000    
15000    580.694543   1.990822     0.000000     0.600000    
15000    580.695092   1.989266     0.000000     0.600000    
15000    580.695636   1.987986     0.000000     0.600000    
15000    580.696178   1.985927     0.000000     0.600000    
15000    580.696723   1.984944     0.000000     0.600000    
15000    580.697272   1.982294     0.000000     0.600000    
15000    580.697821   1.980510     0.000000     0.600000    
15000    580.698373   1.977905     0.000000     0.600000    
15000    580.698925   1.975569     0.000000     0.600000    
15000    580.699483   1.974433     0.000000     0.600000    
15000    580.700057   1.972522     0.000000     0.600000    
15000    580.700603   1.971224     0.000000     0.600000    
15000    580.701150   1.970084     0.000000     0.600000    
15000    580.701700   1.968877     0.000000     0.600000    
15000    580.702246   1.967847     0.000000     0.600000    
15000    580.702798   1.966689     0.000000     0.600000    
15000    580.703356   1.965353     0.000000     0.600000    
15000    580.703897   1.963796     0.000000     0.600000    
15000    580.704455   1.962327     0.000000     0.600000    
15000    580.705016   1.960499     0.000000     0.600000    
15000    580.705570   1.958851     0.000000     0.600000    
15000    580.706131   1.957142     0.000000     0.600000    
15000    580.706683   1.956139     0.000000     0.600000    
15000    580.707229   1.954006     0.000000     0.600000    
15000    580.707781   1.952693     0.000000     0.600000    
15000    580.708327   1.950981     0.000000     0.600000    
15000    580.708885   1.947772     0.000000     0.600000    
15000    580.709446   1.946007     0.000000     0.600000    
15000    580.709998   1.945210     0.000000     0.600000    
15000    580.710551   1.943489     0.000000     0.600000    
15000    580.711107   1.941632     0.000000     0.600000    
15000    580.711649   1.940840     0.000000     0.600000    
15000    580.712200   1.939306     0.000000     0.600000    
15000    580.712761   1.937018     0.000000     0.600000    
15000    580.713318   1.935821     0.000000     0.600000    
15000    580.713864   1.935316     0.000000     0.600000    
15000    580.714414   1.933358     0.000000     0.600000    
15000    580.714967   1.931528     0.000000     0.600000    
15000    580.715515   1.930133     0.000000     0.600000    
15000    580.716071   1.928470     0.000000     0.600000    
15000    580.716616   1.927210     0.000000     0.600000    
15000    580.717167   1.925860     0.000000     0.600000    
15000    580.717716   1.923385     0.000000     0.600000    
15000    580.718264   1.920264     0.000000     0.600000    
15000    580.718818   1.918218     0.000000     0.600000    
15000    580.719366   1.916790     0.000000     0.600000    
15000    580.719934   1.915314     0.000000     0.600000    
15000    580.720477   1.913830     0.000000     0.600000    
15000    580.721034   1.912688     0.000000     0.600000    
15000    580.721580   1.911880     0.000000     0.600000    
15000    580.722129   1.910280     0.000000     0.600000    
15000    580.722674   1.909365     0.000000     0.600000    
15000    580.723229   1.906057     0.000000     0.600000    
15000    580.723779   1.904763     0.000000     0.600000    
15000    580.724323   1.903082     0.000000     0.600000    
15000    580.724881   1.901083     0.000000     0.600000    
15000    580.725421   1.900161     0.000000     0.600000    
15000    580.725971   1.898967     0.000000     0.600000    
15000    580.726523   1.898012     0.000000     0.600000    
15000    580.727070   1.895624     0.000000     0.600000    
15000    580.727613   1.894781     0.000000     0.600000    
15000    580.728166   1.892115     0.000000     0.600000    
15000    580.728704   1.891007     0.000000     0.600000    
15000    580.729254   1.887851     0.000000     0.600000    
15000    580.729785   1.886172     0.000000     0.600000    
15000    580.730286   1.885041     0.000000     0.600000    
15000    580.730797   1.883603     0.000000     0.600000    
15000    580.731316   1.882129     0.000000     0.600000    
15000    580.731830   1.880465     0.000000     0.600000    
15000    580.732333   1.880149     0.000000     0.600000    
15000    580.732844   1.878306     0.000000     0.600000    
15000    580.733361   1.875693     0.000000     0.600000    
15000    580.733877   1.873886     0.000000     0.600000    
15000    580.734385   1.872267     0.000000     0.600000    
15000    580.734921   1.871296     0.000000     0.600000    
15000    580.735476   1.868990     0.000000     0.600000    
15000    580.736029   1.865083     0.000000     0.600000    
15000    580.736578   1.863585     0.000000     0.600000    
15000    580.737122   1.861898     0.000000     0.600000    
15000    580.737665   1.861303     0.000000     0.600000    
15000    580.738216   1.860065     0.000000     0.600000    
15000    580.738763   1.858055     0.000000     0.600000    
15000    580.739304   1.857227     0.000000     0.600000    
15000    580.739831   1.856462     0.000000     0.600000    
15000    580.740342   1.854131     0.000000     0.600000    
15000    580.740843   1.853875     0.000000     0.600000    
15000    580.741352   1.852429     0.000000     0.600000    
15000    580.741861   1.849934     0.000000     0.600000    
15000    580.742365   1.848845     0.000000     0.600000    
15000    580.742880   1.846994     0.000000     0.600000    
15000    580.743391   1.844998     0.000000     0.600000    
15000    580.743902   1.842646     0.000000     0.600000    
15000    580.744403   1.840726     0.000000     0.600000    
15000    580.744933   1.839265     0.000000     0.600000    
15000    580.745480   1.837907     0.000000     0.600000    
15000    580.746023   1.837156     0.000000     0.600000    
15000    580.746572   1.835701     0.000000     0.600000    
15000    580.747114   1.834750     0.000000     0.600000    
15000    580.747664   1.831688     0.000000     0.600000    
15000    580.748205   1.829339     0.000000     0.600000    
15000    580.748758   1.827822     0.000000     0.600000    
15000    580.749298   1.827421     0.000000     0.600000    
15000    580.749843   1.826177     0.000000     0.600000    
15000    580.750386   1.825553     0.000000     0.600000    
15000    580.750935   1.824616     0.000000     0.600000    
15000    580.751483   1.823397     0.000000     0.600000    
15000    580.752023   1.822254     0.000000     0.600000    
15000    580.752566   1.821646     0.000000     0.600000    
15000    580.753123   1.818326     0.000000     0.600000    
15000    580.753682   1.815913     0.000000     0.600000    
15000    580.754237   1.814795     0.000000     0.600000    
15000    580.754791   1.812873     0.000000     0.600000    
15000    580.755342   1.809788     0.000000     0.600000    
15000    580.755858   1.808909     0.000000     0.600000    
15000    580.756372   1.807865     0.000000     0.600000    
15000    580.756870   1.807257     0.000000     0.600000    
15000    580.757396   1.806145     0.000000     0.600000    
15000    580.757916   1.804846     0.000000     0.600000    
15000    580.758446   1.802520     0.000000     0.600000    
15000    580.758964   1.801979     0.000000     0.600000    
15000    580.759493   1.800911     0.000000     0.600000    
15000    580.760010   1.799306     0.000000     0.600000    
15000    580.760523   1.798077     0.000000     0.600000    
15000    580.761070   1.796878     0.000000     0.600000    
15000    580.761628   1.795460     0.000000     0.600000    
15000    580.762170   1.794153     0.000000     0.600000    
15000    580.762726   1.792789     0.000000     0.600000    
15000    580.763282   1.792250     0.000000     0.600000    
15000    580.763822   1.789861     0.000000     0.600000    
15000    580.764364   1.787772     0.000000     0.600000    
15000    580.764905   1.786388     0.000000     0.600000    
15000    580.765459   1.785051     0.000000     0.600000    
15000    580.766010   1.783579     0.000000     0.600000    
15000    580.766557   1.783295     0.000000     0.600000    
15000    580.767114   1.781953     0.000000     0.600000    
15000    580.767682   1.779846     0.000000     0.600000    
15000    580.768241   1.779442     0.000000     0.600000    
15000    580.768790   1.778465     0.000000     0.600000    
15000    580.769357   1.776742     0.000000     0.600000    
15000    580.769905   1.774929     0.000000     0.600000    
15000    580.770434   1.773792     0.000000     0.600000    
15000    580.770986   1.772664     0.000000     0.600000    
15000    580.771520   1.772460     0.000000     0.600000    
15000    580.772069   1.770126     0.000000     0.600000    
15000    580.772603   1.769883     0.000000     0.600000    
15000    580.773152   1.767370     0.000000     0.600000    
15000    580.773700   1.766866     0.000000     0.600000    
15000    580.774598   1.766178     0.000000     0.600000    
15000    580.775197   1.765079     0.000000     0.600000    
15000    580.775743   1.764035     0.000000     0.600000    
15000    580.776267   1.762858     0.000000     0.600000    
15000    580.776794   1.760362     0.000000     0.600000    
15000    580.777309   1.759577     0.000000     0.600000    
15000    580.777832   1.757250     0.000000     0.600000    
15000    580.778349   1.756269     0.000000     0.600000    
15000    580.778863   1.754691     0.000000     0.600000    
15000    580.779375   1.753278     0.000000     0.600000    
15000    580.779889   1.752413     0.000000     0.600000    
15000    580.780406   1.750405     0.000000     0.600000    
15000    580.780927   1.749303     0.000000     0.600000    
15000    580.781439   1.747591     0.000000     0.600000    
15000    580.781955   1.746889     0.000000     0.600000    
15000    580.782476   1.745578     0.000000     0.600000    
15000    580.782995   1.744167     0.000000     0.600000    
15000    580.783513   1.742929     0.000000     0.600000    
15000    580.784016   1.741924     0.000000     0.600000    
15000    580.784523   1.741287     0.000000     0.600000    
15000    580.785026   1.740058     0.000000     0.600000    
15000    580.785540   1.739105     0.000000     0.600000    
15000    580.786086   1.738115     0.000000     0.600000    
15000    580.786626   1.736829     0.000000     0.600000    
15000    580.787171   1.734805     0.000000     0.600000    
15000    580.787714   1.733887     0.000000     0.600000    
15000    580.788266   1.731665     0.000000     0.600000    
15000    580.788817   1.730782     0.000000     0.600000    
15000    580.789352   1.730597     0.000000     0.600000    
15000    580.789900   1.729681     0.000000     0.600000    
15000    580.790444   1.726969     0.000000     0.600000    
15000    580.790996   1.726171     0.000000     0.600000    
15000    580.791545   1.725073     0.000000     0.600000    
15000    580.792091   1.723660     0.000000     0.600000    
15000    580.792636   1.722391     0.000000     0.600000    
15000    580.793180   1.721072     0.000000     0.600000    
15000    580.793735   1.719961     0.000000     0.600000    
15000    580.794411   1.719576     0.000000     0.600000    
15000    580.794974   1.717695     0.000000     0.600000    
15000    580.795511   1.717026     0.000000     0.600000    
15000    580.796008   1.716214     0.000000     0.600000    
15000    580.796511   1.714884     0.000000     0.600000    
15000    580.797012   1.712513     0.000000     0.600000    
15000    580.797500   1.712211     0.000000     0.600000    
15000    580.798005   1.711436     0.000000     0.600000    
15000    580.798517   1.708876     0.000000     0.600000    
15000    580.799003   1.708423     0.000000     0.600000    
15000    580.799519   1.706370     0.000000     0.600000    
15000    580.800017   1.704053     0.000000     0.600000    
15000    580.800521   1.702586     0.000000     0.600000    
15000    580.801026   1.701111     0.000000     0.600000    
15000    580.801533   1.700484     0.000000     0.600000    
15000    580.802024   1.698843     0.000000     0.600000    
15000    580.802520   1.695748     0.000000     0.600000    
15000    580.803017   1.691827     0.000000     0.600000    
15000    580.803510   1.690222     0.000000     0.600000    
15000    580.804003   1.689136     0.000000     0.600000    
15000    580.804486   1.688556     0.000000     0.600000    
15000    580.804978   1.687479     0.000000     0.600000    
15000    580.805467   1.686628     0.000000     0.600000    
15000    580.805991   1.684798     0.000000     0.600000    
15000    580.806511   1.684105     0.000000     0.600000    
15000    580.807036   1.683646     0.000000     0.600000    
15000    580.807571   1.681362     0.000000     0.600000    
15000    580.808103   1.679858     0.000000     0.600000    
15000    580.808626   1.679111     0.000000     0.600000    
15000    580.809159   1.677279     0.000000     0.600000    
15000    580.809689   1.676594     0.000000     0.600000    
15000    580.810213   1.675435     0.000000     0.600000    
15000    580.810734   1.674010     0.000000     0.600000    
15000    580.811257   1.673300     0.000000     0.600000    
15000    580.811787   1.671464     0.000000     0.600000    
15000    580.812316   1.670623     0.000000     0.600000    
15000    580.812847   1.669736     0.000000     0.600000    
15000    580.813373   1.668322     0.000000     0.600000    
15000    580.813904   1.667292     0.000000     0.600000    
15000    580.814433   1.666863     0.000000     0.600000    
15000    580.814965   1.665270     0.000000     0.600000    
15000    580.815499   1.664226     0.000000     0.600000    
15000    580.816016   1.663885     0.000000     0.600000    
15000    580.816549   1.661514     0.000000     0.600000    
15000    580.817083   1.659703     0.000000     0.600000    
15000    580.817620   1.657922     0.000000     0.600000    
15000    580.818148   1.657331     0.000000     0.600000    
15000    580.818667   1.657083     0.000000     0.600000    
15000    580.819196   1.655897     0.000000     0.600000    
15000    580.819732   1.655217     0.000000     0.600000    
15000    580.820255   1.653071     0.000000     0.600000    
15000    580.820786   1.650926     0.000000     0.600000    
15000    580.821310   1.648713     0.000000     0.600000    
15000    580.821842   1.647004     0.000000     0.600000    
15000    580.822360   1.645673     0.000000     0.600000    
15000    580.822892   1.644543     0.000000     0.600000    
15000    580.823418   1.642911     0.000000     0.600000    
15000    580.823944   1.642581     0.000000     0.600000    
15000    580.824472   1.640192     0.000000     0.600000    
15000    580.825005   1.637733     0.000000     0.600000    
15000    580.825530   1.635702     0.000000     0.600000    
15000    580.826059   1.634471     0.000000     0.600000    
15000    580.826583   1.633577     0.000000     0.600000    
15000    580.827113   1.631267     0.000000     0.600000    
15000    580.827644   1.629446     0.000000     0.600000    
15000    580.828172   1.627881     0.000000     0.600000    
15000    580.828685   1.627079     0.000000     0.600000    
15000    580.829213   1.626139     0.000000     0.600000    
15000    580.829751   1.624704     0.000000     0.600000    
15000    580.830286   1.623735     0.000000     0.600000    
15000    580.830818   1.622427     0.000000     0.600000    
15000    580.831347   1.620441     0.000000     0.600000    
15000    580.831882   1.618789     0.000000     0.600000    
15000    580.832406   1.617282     0.000000     0.600000    
15000    580.832926   1.615388     0.000000     0.600000    
15000    580.833445   1.614962     0.000000     0.600000    
15000    580.833984   1.614086     0.000000     0.600000    
15000    580.834511   1.612843     0.000000     0.600000    
15000    580.835041   1.610435     0.000000     0.600000    
15000    580.835554   1.610076     0.000000     0.600000    
15000    580.836078   1.609178     0.000000     0.600000    
15000    580.836614   1.608031     0.000000     0.600000    
15000    580.837182   1.606102     0.000000     0.600000    
15000    580.837749   1.603230     0.000000     0.600000    
15000    580.838324   1.601445     0.000000     0.600000    
15000    580.838905   1.599720     0.000000     0.600000    
15000    580.839493   1.597513     0.000000     0.600000    
15000    580.840069   1.596859     0.000000     0.600000    
15000    580.840632   1.596358     0.000000     0.600000    
15000    580.841204   1.595445     0.000000     0.600000    
15000    580.841745   1.592815     0.000000     0.600000    
15000    580.842230   1.591932     0.000000     0.600000    
15000    580.842720   1.591282     0.000000     0.600000    
15000    580.843214   1.590011     0.000000     0.600000    
15000    580.843712   1.588126     0.000000     0.600000    
15000    580.844207   1.586499     0.000000     0.600000    
15000    580.844712   1.585879     0.000000     0.600000    
15000    580.845210   1.584542     0.000000     0.600000    
15000    580.845696   1.582661     0.000000     0.600000    
15000    580.846187   1.580939     0.000000     0.600000    
15000    580.846693   1.579616     0.000000     0.600000    
15000    580.847219   1.578532     0.000000     0.600000    
15000    580.847733   1.577600     0.000000     0.600000    
15000    580.848263   1.575979     0.000000     0.600000    
15000    580.848803   1.573960     0.000000     0.600000    
15000    580.849344   1.571691     0.000000     0.600000    
15000    580.849887   1.568950     0.000000     0.600000    
15000    580.850445   1.567927     0.000000     0.600000    
15000    580.850961   1.566486     0.000000     0.600000    
15000    580.851490   1.565051     0.000000     0.600000    
15000    580.852016   1.564156     0.000000     0.600000    
15000    580.852556   1.563513     0.000000     0.600000    
15000    580.853086   1.562677     0.000000     0.600000    
15000    580.853621   1.560951     0.000000     0.600000    
15000    580.854161   1.559758     0.000000     0.600000    
15000    580.854692   1.557652     0.000000     0.600000    
15000    580.855221   1.556898     0.000000     0.600000    
15000    580.855763   1.554587     0.000000     0.600000    
15000    580.856300   1.552807     0.000000     0.600000    
15000    580.856848   1.552058     0.000000     0.600000    
15000    580.857415   1.551281     0.000000     0.600000    
15000    580.857976   1.550045     0.000000     0.600000    
15000    580.858559   1.548818     0.000000     0.600000    
15000    580.859129   1.546559     0.000000     0.600000    
15000    580.859707   1.545478     0.000000     0.600000    
15000    580.860280   1.543914     0.000000     0.600000    
15000    580.860851   1.542796     0.000000     0.600000    
15000    580.861414   1.541527     0.000000     0.600000    
15000    580.861951   1.540844     0.000000     0.600000    
15000    580.862484   1.539329     0.000000     0.600000    
15000    580.863015   1.537548     0.000000     0.600000    
15000    580.863547   1.536283     0.000000     0.600000    
15000    580.864081   1.534366     0.000000     0.600000    
15000    580.864611   1.533176     0.000000     0.600000    
15000    580.865148   1.532018     0.000000     0.600000    
15000    580.865680   1.530690     0.000000     0.600000    
15000    580.866228   1.527090     0.000000     0.600000    
15000    580.866768   1.525587     0.000000     0.600000    
15000    580.867303   1.523326     0.000000     0.600000    
15000    580.867833   1.522600     0.000000     0.600000    
15000    580.868372   1.520526     0.000000     0.600000    
15000    580.868910   1.519407     0.000000     0.600000    
15000    580.869456   1.517267     0.000000     0.600000    
15000    580.869993   1.515983     0.000000     0.600000    
15000    580.870520   1.515546     0.000000     0.600000    
15000    580.871057   1.512674     0.000000     0.600000    
15000    580.871601   1.510417     0.000000     0.600000    
15000    580.872133   1.507685     0.000000     0.600000    
15000    580.872670   1.506367     0.000000     0.600000    
15000    580.873194   1.505427     0.000000     0.600000    
15000    580.873721   1.504516     0.000000     0.600000    
15000    580.874254   1.504048     0.000000     0.600000    
15000    580.874786   1.502844     0.000000     0.600000    
15000    580.875315   1.501737     0.000000     0.600000    
15000    580.875837   1.500462     0.000000     0.600000    
15000    580.876375   1.498222     0.000000     0.600000    
15000    580.876938   1.496930     0.000000     0.600000    
15000    580.877509   1.496112     0.000000     0.600000    
15000    580.878072   1.495042     0.000000     0.600000    
15000    580.878629   1.494502     0.000000     0.600000    
15000    580.879207   1.491310     0.000000     0.600000    
15000    580.879782   1.489480     0.000000     0.600000    
15000    580.880352   1.487286     0.000000     0.600000    
15000    580.880926   1.485864     0.000000     0.600000    
15000    580.881493   1.484948     0.000000     0.600000    
15000    580.882043   1.484421     0.000000     0.600000    
15000    580.882605   1.482478     0.000000     0.600000    
15000    580.883174   1.481929     0.000000     0.600000    
15000    580.883746   1.479715     0.000000     0.600000    
15000    580.884311   1.478916     0.000000     0.600000    
15000    580.884878   1.477842     0.000000     0.600000    
15000    580.885446   1.477129     0.000000     0.600000    
15000    580.886016   1.474492     0.000000     0.600000    
15000    580.886583   1.472923     0.000000     0.600000    
15000    580.887142   1.471728     0.000000     0.600000    
15000    580.887705   1.470046     0.000000     0.600000    
15000    580.888277   1.468704     0.000000     0.600000    
15000    580.888843   1.467481     0.000000     0.600000    
15000    580.889407   1.466944     0.000000     0.600000    
15000    580.889975   1.465524     0.000000     0.600000    
15000    580.890550   1.462011     0.000000     0.600000    
15000    580.891116   1.460766     0.000000     0.600000    
15000    580.891678   1.459005     0.000000     0.600000    
15000    580.892245   1.457185     0.000000     0.600000    
15000    580.892810   1.455621     0.000000     0.600000    
15000    580.893377   1.454756     0.000000     0.600000    
15000    580.893944   1.452970     0.000000     0.600000    
15000    580.894504   1.452342     0.000000     0.600000    
15000    580.895075   1.449564     0.000000     0.600000    
15000    580.895632   1.448493     0.000000     0.600000    
15000    580.896202   1.445865     0.000000     0.600000    
15000    580.896762   1.443995     0.000000     0.600000    
15000    580.897327   1.442388     0.000000     0.600000    
15000    580.897886   1.441663     0.000000     0.600000    
15000    580.898437   1.440562     0.000000     0.600000    
15000    580.898992   1.439596     0.000000     0.600000    
15000    580.899569   1.435575     0.000000     0.600000    
15000    580.900139   1.433697     0.000000     0.600000    
15000    580.900699   1.432553     0.000000     0.600000    
15000    580.901255   1.431983     0.000000     0.600000    
15000    580.901823   1.430032     0.000000     0.600000    
15000    580.902392   1.428905     0.000000     0.600000    
15000    580.902955   1.427989     0.000000     0.600000    
15000    580.903516   1.425954     0.000000     0.600000    
15000    580.904070   1.424759     0.000000     0.600000    
15000    580.904623   1.423410     0.000000     0.600000    
15000    580.905187   1.422030     0.000000     0.600000    
15000    580.905739   1.420830     0.000000     0.600000    
15000    580.906300   1.419504     0.000000     0.600000    
15000    580.906854   1.419051     0.000000     0.600000    
15000    580.907419   1.417127     0.000000     0.600000    
15000    580.907981   1.416314     0.000000     0.600000    
15000    580.908534   1.415061     0.000000     0.600000    
15000    580.909085   1.414017     0.000000     0.600000    
15000    580.909657   1.412256     0.000000     0.600000    
15000    580.910210   1.411616     0.000000     0.600000    
15000    580.910774   1.410526     0.000000     0.600000    
15000    580.911340   1.408815     0.000000     0.600000    
15000    580.911897   1.407670     0.000000     0.600000    
15000    580.912466   1.406710     0.000000     0.600000    
15000    580.913019   1.405842     0.000000     0.600000    
15000    580.913581   1.403908     0.000000     0.600000    
15000    580.914142   1.403297     0.000000     0.600000    
15000    580.914696   1.402682     0.000000     0.600000    
15000    580.915251   1.402520     0.000000     0.600000    
15000    580.915823   1.400856     0.000000     0.600000    
15000    580.916379   1.399883     0.000000     0.600000    
15000    580.916950   1.398605     0.000000     0.600000    
15000    580.917511   1.397588     0.000000     0.600000    
15000    580.918071   1.396919     0.000000     0.600000    
15000    580.918628   1.395642     0.000000     0.600000    
15000    580.919189   1.393379     0.000000     0.600000    
15000    580.919760   1.392644     0.000000     0.600000    
15000    580.920314   1.391680     0.000000     0.600000    
15000    580.920874   1.389665     0.000000     0.600000    
15000    580.921445   1.387009     0.000000     0.600000    
15000    580.922004   1.385464     0.000000     0.600000    
15000    580.922568   1.384273     0.000000     0.600000    
15000    580.923124   1.383491     0.000000     0.600000    
15000    580.923693   1.382462     0.000000     0.600000    
15000    580.924261   1.381527     0.000000     0.600000    
15000    580.924818   1.379545     0.000000     0.600000    
15000    580.925374   1.378736     0.000000     0.600000    
15000    580.925933   1.376820     0.000000     0.600000    
15000    580.926497   1.375370     0.000000     0.600000    
15000    580.927051   1.373586     0.000000     0.600000    
15000    580.927600   1.372805     0.000000     0.600000    
15000    580.928157   1.371779     0.000000     0.600000    
15000    580.928710   1.370885     0.000000     0.600000    
15000    580.929276   1.369369     0.000000     0.600000    
15000    580.929842   1.367753     0.000000     0.600000    
15000    580.930410   1.366469     0.000000     0.600000    
15000    580.930964   1.365548     0.000000     0.600000    
15000    580.931530   1.362998     0.000000     0.600000    
15000    580.932100   1.360564     0.000000     0.600000    
15000    580.932655   1.359606     0.000000     0.600000    
15000    580.933218   1.357460     0.000000     0.600000    
15000    580.933780   1.356454     0.000000     0.600000    
15000    580.934346   1.354491     0.000000     0.600000    
15000    580.934917   1.353093     0.000000     0.600000    
15000    580.935480   1.351989     0.000000     0.600000    
15000    580.936042   1.350605     0.000000     0.600000    
15000    580.936611   1.349579     0.000000     0.600000    
15000    580.937174   1.348573     0.000000     0.600000    
15000    580.937736   1.347639     0.000000     0.600000    
15000    580.938296   1.346608     0.000000     0.600000    
15000    580.938858   1.345865     0.000000     0.600000    
15000    580.939418   1.344929     0.000000     0.600000    
15000    580.939976   1.343015     0.000000     0.600000    
15000    580.940532   1.342117     0.000000     0.600000    
15000    580.941088   1.341427     0.000000     0.600000    
15000    580.941661   1.340142     0.000000     0.600000    
15000    580.942210   1.339741     0.000000     0.600000    
15000    580.942772   1.338000     0.000000     0.600000    
15000    580.943326   1.336731     0.000000     0.600000    
15000    580.943897   1.334838     0.000000     0.600000    
15000    580.944456   1.333562     0.000000     0.600000    
15000    580.945021   1.332353     0.000000     0.600000    
15000    580.945575   1.331438     0.000000     0.600000    
15000    580.946135   1.329062     0.000000     0.600000    
15000    580.946686   1.327936     0.000000     0.600000    
15000    580.947235   1.327200     0.000000     0.600000    
15000    580.947807   1.326339     0.000000     0.600000    
15000    580.948370   1.325381     0.000000     0.600000    
15000    580.948927   1.323849     0.000000     0.600000    
15000    580.949493   1.321994     0.000000     0.600000    
15000    580.950056   1.320667     0.000000     0.600000    
15000    580.950616   1.319608     0.000000     0.600000    
15000    580.951166   1.318833     0.000000     0.600000    
15000    580.951733   1.317154     0.000000     0.600000    
15000    580.952281   1.316649     0.000000     0.600000    
15000    580.952839   1.315701     0.000000     0.600000    
15000    580.953398   1.314292     0.000000     0.600000    
15000    580.953969   1.312156     0.000000     0.600000    
15000    580.954531   1.309973     0.000000     0.600000    
15000    580.955084   1.308039     0.000000     0.600000    
15000    580.955657   1.306989     0.000000     0.600000    
15000    580.956212   1.303946     0.000000     0.600000    
15000    580.956771   1.302736     0.000000     0.600000    
15000    580.957325   1.300876     0.000000     0.600000    
15000    580.957872   1.299730     0.000000     0.600000    
15000    580.958424   1.299417     0.000000     0.600000    
15000    580.958990   1.298826     0.000000     0.600000    
15000    580.959547   1.296931     0.000000     0.600000    
15000    580.960092   1.296162     0.000000     0.600000    
15000    580.960641   1.295252     0.000000     0.600000    
15000    580.961197   1.294851     0.000000     0.600000    
15000    580.961757   1.293347     0.000000     0.600000    
15000    580.962320   1.292714     0.000000     0.600000    
15000    580.962880   1.292065     0.000000     0.600000    
15000    580.963439   1.290853     0.000000     0.600000    
15000    580.964005   1.288906     0.000000     0.600000    
15000    580.964556   1.287937     0.000000     0.600000    
15000    580.965107   1.286117     0.000000     0.600000    
15000    580.965655   1.285044     0.000000     0.600000    
15000    580.966214   1.283760     0.000000     0.600000    
15000    580.966776   1.282588     0.000000     0.600000    
15000    580.967327   1.281718     0.000000     0.600000    
15000    580.967885   1.280238     0.000000     0.600000    
15000    580.968428   1.279784     0.000000     0.600000    
15000    580.968987   1.277996     0.000000     0.600000    
15000    580.969541   1.277222     0.000000     0.600000    
15000    580.970100   1.275859     0.000000     0.600000    
15000    580.970658   1.273841     0.000000     0.600000    
15000    580.971211   1.273130     0.000000     0.600000    
15000    580.971762   1.271915     0.000000     0.600000    
15000    580.972330   1.271012     0.000000     0.600000    
15000    580.972892   1.268157     0.000000     0.600000    
15000    580.973455   1.266885     0.000000     0.600000    
15000    580.974008   1.266113     0.000000     0.600000    
15000    580.974557   1.265790     0.000000     0.600000    
15000    580.975119   1.264265     0.000000     0.600000    
15000    580.975673   1.263442     0.000000     0.600000    
15000    580.976226   1.262223     0.000000     0.600000    
15000    580.976792   1.260271     0.000000     0.600000    
15000    580.977350   1.259253     0.000000     0.600000    
15000    580.977913   1.258072     0.000000     0.600000    
15000    580.978470   1.257237     0.000000     0.600000    
15000    580.979033   1.256239     0.000000     0.600000    
15000    580.979597   1.254565     0.000000     0.600000    
15000    580.980156   1.253889     0.000000     0.600000    
15000    580.980715   1.252848     0.000000     0.600000    
15000    580.981286   1.250380     0.000000     0.600000    
15000    580.981845   1.249073     0.000000     0.600000    
15000    580.982408   1.247395     0.000000     0.600000    
15000    580.982964   1.246545     0.000000     0.600000    
15000    580.983532   1.244292     0.000000     0.600000    
15000    580.984091   1.243678     0.000000     0.600000    
15000    580.984649   1.241863     0.000000     0.600000    
15000    580.985202   1.241098     0.000000     0.600000    
15000    580.985766   1.238803     0.000000     0.600000    
15000    580.986327   1.236467     0.000000     0.600000    
15000    580.986888   1.234281     0.000000     0.600000    
15000    580.987447   1.232516     0.000000     0.600000    
15000    580.987996   1.230836     0.000000     0.600000    
15000    580.988543   1.230084     0.000000     0.600000    
15000    580.989096   1.229066     0.000000     0.600000    
15000    580.989653   1.227720     0.000000     0.600000    
15000    580.990203   1.227289     0.000000     0.600000    
15000    580.990757   1.226381     0.000000     0.600000    
15000    580.991308   1.225277     0.000000     0.600000    
15000    580.991871   1.222568     0.000000     0.600000    
15000    580.992423   1.221875     0.000000     0.600000    
15000    580.992980   1.219966     0.000000     0.600000    
15000    580.993532   1.219003     0.000000     0.600000    
15000    580.994090   1.217525     0.000000     0.600000    
15000    580.994646   1.214239     0.000000     0.600000    
15000    580.995200   1.213289     0.000000     0.600000    
15000    580.995753   1.212076     0.000000     0.600000    
15000    580.996304   1.211235     0.000000     0.600000    
15000    580.996859   1.209860     0.000000     0.600000    
15000    580.997418   1.209185     0.000000     0.600000    
15000    580.997972   1.208722     0.000000     0.600000    
15000    580.998534   1.207738     0.000000     0.600000    
15000    580.999083   1.206586     0.000000     0.600000    
15000    580.999641   1.204745     0.000000     0.600000    
15000    581.000188   1.203745     0.000000     0.600000    
15000    581.000741   1.201060     0.000000     0.600000    
15000    581.001283   1.200694     0.000000     0.600000    
15000    581.001830   1.200281     0.000000     0.600000    
15000    581.002379   1.198636     0.000000     0.600000    
15000    581.002925   1.197449     0.000000     0.600000    
15000    581.003464   1.197281     0.000000     0.600000    
15000    581.004012   1.195225     0.000000     0.600000    
15000    581.004561   1.194675     0.000000     0.600000    
15000    581.005107   1.194046     0.000000     0.600000    
15000    581.005663   1.192175     0.000000     0.600000    
15000    581.006223   1.191471     0.000000     0.600000    
15000    581.006804   1.189420     0.000000     0.600000    
15000    581.007405   1.188830     0.000000     0.600000    
15000    581.008005   1.187788     0.000000     0.600000    
15000    581.008594   1.187555     0.000000     0.600000    
15000    581.009189   1.186286     0.000000     0.600000    
15000    581.009799   1.183792     0.000000     0.600000    
15000    581.010401   1.182954     0.000000     0.600000    
15000    581.011006   1.181298     0.000000     0.600000    
15000    581.011607   1.180355     0.000000     0.600000    
15000    581.012154   1.179670     0.000000     0.600000    
15000    581.012705   1.178942     0.000000     0.600000    
15000    581.013257   1.177870     0.000000     0.600000    
15000    581.013812   1.176825     0.000000     0.600000    
15000    581.014376   1.173975     0.000000     0.600000    
15000    581.014922   1.173122     0.000000     0.600000    
15000    581.015462   1.173063     0.000000     0.600000    
15000    581.016011   1.172247     0.000000     0.600000    
15000    581.016566   1.171375     0.000000     0.600000    
15000    581.017164   1.170379     0.000000     0.600000    
15000    581.017754   1.170033     0.000000     0.600000    
15000    581.018363   1.169320     0.000000     0.600000    
15000    581.018958   1.167626     0.000000     0.600000    
15000    581.019562   1.165281     0.000000     0.600000    
15000    581.020166   1.164213     0.000000     0.600000    
15000    581.020767   1.163538     0.000000     0.600000    
15000    581.021363   1.163073     0.000000     0.600000    
15000    581.021931   1.161991     0.000000     0.600000    
15000    581.022486   1.161238     0.000000     0.600000    
15000    581.023038   1.160251     0.000000     0.600000    
15000    581.023588   1.158257     0.000000     0.600000    
15000    581.024146   1.156811     0.000000     0.600000    
15000    581.024695   1.155254     0.000000     0.600000    
15000    581.025256   1.154952     0.000000     0.600000    
15000    581.025812   1.153564     0.000000     0.600000    
15000    581.026358   1.152373     0.000000     0.600000    
15000    581.026916   1.151447     0.000000     0.600000    
15000    581.027473   1.149972     0.000000     0.600000    
15000    581.028041   1.148511     0.000000     0.600000    
15000    581.028593   1.147934     0.000000     0.600000    
15000    581.029144   1.147742     0.000000     0.600000    
15000    581.029695   1.146569     0.000000     0.600000    
15000    581.030242   1.145092     0.000000     0.600000    
15000    581.030805   1.144082     0.000000     0.600000    
15000    581.031352   1.143427     0.000000     0.600000    
15000    581.031950   1.141023     0.000000     0.600000    
15000    581.032544   1.140496     0.000000     0.600000    
15000    581.033158   1.139352     0.000000     0.600000    
15000    581.033762   1.139032     0.000000     0.600000    
15000    581.034561   1.138099     0.000000     0.600000    
15000    581.035201   1.135942     0.000000     0.600000    
15000    581.035831   1.135578     0.000000     0.600000    
15000    581.036450   1.134495     0.000000     0.600000    
15000    581.037023   1.133639     0.000000     0.600000    
15000    581.037569   1.133512     0.000000     0.600000    
15000    581.038135   1.132773     0.000000     0.600000    
15000    581.038696   1.130922     0.000000     0.600000    
15000    581.039263   1.130126     0.000000     0.600000    
15000    581.039826   1.129396     0.000000     0.600000    
15000    581.040378   1.128927     0.000000     0.600000    
15000    581.040941   1.128202     0.000000     0.600000    
15000    581.041502   1.127275     0.000000     0.600000    
15000    581.042058   1.127026     0.000000     0.600000    
15000    581.042613   1.126461     0.000000     0.600000    
15000    581.043183   1.124422     0.000000     0.600000    
15000    581.043746   1.122937     0.000000     0.600000    
15000    581.044305   1.122783     0.000000     0.600000    
15000    581.044874   1.122083     0.000000     0.600000    
15000    581.045426   1.121691     0.000000     0.600000    
15000    581.046020   1.120676     0.000000     0.600000    
15000    581.046577   1.120040     0.000000     0.600000    
15000    581.047146   1.119012     0.000000     0.600000    
15000    581.047718   1.117330     0.000000     0.600000    
15000    581.048278   1.116577     0.000000     0.600000    
15000    581.048835   1.115267     0.000000     0.600000    
15000    581.049405   1.113152     0.000000     0.600000    
15000    581.049974   1.111567     0.000000     0.600000    
15000    581.050528   1.109821     0.000000     0.600000    
15000    581.051089   1.107930     0.000000     0.600000    
15000    581.051647   1.107422     0.000000     0.600000    
15000    581.052253   1.106540     0.000000     0.600000    
15000    581.052855   1.104638     0.000000     0.600000    
15000    581.053452   1.103153     0.000000     0.600000    
15000    581.054058   1.101583     0.000000     0.600000    
15000    581.054668   1.100367     0.000000     0.600000    
15000    581.055265   1.100095     0.000000     0.600000    
15000    581.055873   1.098925     0.000000     0.600000    
15000    581.056479   1.097864     0.000000     0.600000    
15000    581.057054   1.095969     0.000000     0.600000    
15000    581.057600   1.095658     0.000000     0.600000    
15000    581.058169   1.094622     0.000000     0.600000    
15000    581.058743   1.093278     0.000000     0.600000    
15000    581.059316   1.092501     0.000000     0.600000    
15000    581.059890   1.091573     0.000000     0.600000    
15000    581.060453   1.090889     0.000000     0.600000    
15000    581.061019   1.089441     0.000000     0.600000    
15000    581.061921   1.088024     0.000000     0.600000    
15000    581.062563   1.085555     0.000000     0.600000    
15000    581.063158   1.084861     0.000000     0.600000    
15000    581.063750   1.083763     0.000000     0.600000    
15000    581.064344   1.082528     0.000000     0.600000    
15000    581.064929   1.080947     0.000000     0.600000    
15000    581.065514   1.080284     0.000000     0.600000    
15000    581.066112   1.079199     0.000000     0.600000    
15000    581.066695   1.078707     0.000000     0.600000    
15000    581.067290   1.077751     0.000000     0.600000    
15000    581.067876   1.076314     0.000000     0.600000    
15000    581.068471   1.075412     0.000000     0.600000    
15000    581.069052   1.075249     0.000000     0.600000    
15000    581.069646   1.074458     0.000000     0.600000    
15000    581.070225   1.073295     0.000000     0.600000    
15000    581.070808   1.072771     0.000000     0.600000    
15000    581.071400   1.071430     0.000000     0.600000    
15000    581.071987   1.069910     0.000000     0.600000    
15000    581.072578   1.067353     0.000000     0.600000    
15000    581.073154   1.066599     0.000000     0.600000    
15000    581.073729   1.065291     0.000000     0.600000    
15000    581.074306   1.064196     0.000000     0.600000    
15000    581.074877   1.063645     0.000000     0.600000    
15000    581.075458   1.061907     0.000000     0.600000    
15000    581.076036   1.061197     0.000000     0.600000    
15000    581.076615   1.060902     0.000000     0.600000    
15000    581.077196   1.059222     0.000000     0.600000    
15000    581.077770   1.058141     0.000000     0.600000    
15000    581.078354   1.056893     0.000000     0.600000    
15000    581.078941   1.055818     0.000000     0.600000    
15000    581.079536   1.054905     0.000000     0.600000    
15000    581.080113   1.053712     0.000000     0.600000    
15000    581.080695   1.053066     0.000000     0.600000    
15000    581.081268   1.052731     0.000000     0.600000    
15000    581.081851   1.051458     0.000000     0.600000    
15000    581.082428   1.050441     0.000000     0.600000    
15000    581.083003   1.049921     0.000000     0.600000    
15000    581.083579   1.049612     0.000000     0.600000    
15000    581.084157   1.048358     0.000000     0.600000    
15000    581.084752   1.047274     0.000000     0.600000    
15000    581.085335   1.045892     0.000000     0.600000    
15000    581.085916   1.044716     0.000000     0.600000    
15000    581.086503   1.043169     0.000000     0.600000    
15000    581.087089   1.041859     0.000000     0.600000    
15000    581.087671   1.040986     0.000000     0.600000    
15000    581.088247   1.039987     0.000000     0.600000    
15000    581.088823   1.038624     0.000000     0.600000    
15000    581.089404   1.038013     0.000000     0.600000    
15000    581.089985   1.036885     0.000000     0.600000    
15000    581.090566   1.034786     0.000000     0.600000    
15000    581.091149   1.033584     0.000000     0.600000    
15000    581.091723   1.032936     0.000000     0.600000    
15000    581.092296   1.032540     0.000000     0.600000    
15000    581.092869   1.031668     0.000000     0.600000    
15000    581.093447   1.030312     0.000000     0.600000    
15000    581.094032   1.028769     0.000000     0.600000    
15000    581.094619   1.027123     0.000000     0.600000    
15000    581.095194   1.025538     0.000000     0.600000    
15000    581.095768   1.024995     0.000000     0.600000    
15000    581.096334   1.024257     0.000000     0.600000    
15000    581.096904   1.023758     0.000000     0.600000    
15000    581.097483   1.022012     0.000000     0.600000    
15000    581.098064   1.021079     0.000000     0.600000    
15000    581.098648   1.019830     0.000000     0.600000    
15000    581.099225   1.018411     0.000000     0.600000    
15000    581.099808   1.017857     0.000000     0.600000    
15000    581.100377   1.017282     0.000000     0.600000    
15000    581.100949   1.016394     0.000000     0.600000    
15000    581.101526   1.014555     0.000000     0.600000    
15000    581.102098   1.014245     0.000000     0.600000    
15000    581.102674   1.013028     0.000000     0.600000    
15000    581.103260   1.012522     0.000000     0.600000    
15000    581.103833   1.011254     0.000000     0.600000    
15000    581.104414   1.010230     0.000000     0.600000    
15000    581.104998   1.008258     0.000000     0.600000    
15000    581.105586   1.006220     0.000000     0.600000    
15000    581.106152   1.005542     0.000000     0.600000    
15000    581.106737   1.004369     0.000000     0.600000    
15000    581.107318   1.003446     0.000000     0.600000    
15000    581.107888   1.002993     0.000000     0.600000    
15000    581.108458   1.001247     0.000000     0.600000    
15000    581.109032   1.000966     0.000000     0.600000    
15000    581.109607   0.999933     0.000000     0.600000    
15000    581.110190   0.997613     0.000000     0.600000    
15000    581.110772   0.996706     0.000000     0.600000    
15000    581.111347   0.996370     0.000000     0.600000    
15000    581.111926   0.994383     0.000000     0.600000    
15000    581.112507   0.993029     0.000000     0.600000    
15000    581.113077   0.992309     0.000000     0.600000    
15000    581.113655   0.991594     0.000000     0.600000    
15000    581.114234   0.989630     0.000000     0.600000    
15000    581.114804   0.988918     0.000000     0.600000    
15000    581.115384   0.988511     0.000000     0.600000    
15000    581.115976   0.986278     0.000000     0.600000    
15000    581.116560   0.985180     0.000000     0.600000    
15000    581.117142   0.984444     0.000000     0.600000    
15000    581.117726   0.983179     0.000000     0.600000    
15000    581.118299   0.982690     0.000000     0.600000    
15000    581.118882   0.981945     0.000000     0.600000    
15000    581.119462   0.980899     0.000000     0.600000    
15000    581.120041   0.980221     0.000000     0.600000    
15000    581.120620   0.979270     0.000000     0.600000    
15000    581.121186   0.979025     0.000000     0.600000    
15000    581.121759   0.978375     0.000000     0.600000    
15000    581.122330   0.977340     0.000000     0.600000    
15000    581.122905   0.976383     0.000000     0.600000    
15000    581.123469   0.975791     0.000000     0.600000    
15000    581.124045   0.975260     0.000000     0.600000    
15000    581.124625   0.973511     0.000000     0.600000    
15000    581.125205   0.972986     0.000000     0.600000    
15000    581.125788   0.970128     0.000000     0.600000    
15000    581.126370   0.969173     0.000000     0.600000    
15000    581.126949   0.967782     0.000000     0.600000    
15000    581.127525   0.967191     0.000000     0.600000    
15000    581.128109   0.965674     0.000000     0.600000    
15000    581.128686   0.964668     0.000000     0.600000    
15000    581.129260   0.964155     0.000000     0.600000    
15000    581.129829   0.963662     0.000000     0.600000    
15000    581.130411   0.961940     0.000000     0.600000    
15000    581.130991   0.960282     0.000000     0.600000    
15000    581.131569   0.958702     0.000000     0.600000    
15000    581.132147   0.958515     0.000000     0.600000    
15000    581.132724   0.956442     0.000000     0.600000    
15000    581.133287   0.956250     0.000000     0.600000    
15000    581.133867   0.955197     0.000000     0.600000    
15000    581.134452   0.954205     0.000000     0.600000    
15000    581.135033   0.953381     0.000000     0.600000    
15000    581.135604   0.952991     0.000000     0.600000    
15000    581.136173   0.952488     0.000000     0.600000    
15000    581.136744   0.951466     0.000000     0.600000    
15000    581.137318   0.951149     0.000000     0.600000    
15000    581.137893   0.950264     0.000000     0.600000    
15000    581.138469   0.949360     0.000000     0.600000    
15000    581.139039   0.949040     0.000000     0.600000    
15000    581.139618   0.948017     0.000000     0.600000    
15000    581.140195   0.946823     0.000000     0.600000    
15000    581.140766   0.945212     0.000000     0.600000    
15000    581.141331   0.942466     0.000000     0.600000    
15000    581.141901   0.941090     0.000000     0.600000    
15000    581.142474   0.939433     0.000000     0.600000    
15000    581.143040   0.938904     0.000000     0.600000    
15000    581.143615   0.938335     0.000000     0.600000    
15000    581.144190   0.937298     0.000000     0.600000    
15000    581.144760   0.936036     0.000000     0.600000    
15000    581.145331   0.934958     0.000000     0.600000    
15000    581.145895   0.934489     0.000000     0.600000    
15000    581.146476   0.932747     0.000000     0.600000    
15000    581.147053   0.932019     0.000000     0.600000    
15000    581.147624   0.930659     0.000000     0.600000    
15000    581.148184   0.930373     0.000000     0.600000    
15000    581.148744   0.929900     0.000000     0.600000    
15000    581.149312   0.929168     0.000000     0.600000    
15000    581.149897   0.927511     0.000000     0.600000    
15000    581.150459   0.927187     0.000000     0.600000    
15000    581.151027   0.926255     0.000000     0.600000    
15000    581.151609   0.924898     0.000000     0.600000    
15000    581.152188   0.923839     0.000000     0.600000    
15000    581.152767   0.921166     0.000000     0.600000    
15000    581.153350   0.919861     0.000000     0.600000    
15000    581.153912   0.918649     0.000000     0.600000    
15000    581.154487   0.917856     0.000000     0.600000    
15000    581.155059   0.915943     0.000000     0.600000    
15000    581.155634   0.914719     0.000000     0.600000    
15000    581.156209   0.913883     0.000000     0.600000    
15000    581.156783   0.913047     0.000000     0.600000    
15000    581.157341   0.911512     0.000000     0.600000    
15000    581.157939   0.910182     0.000000     0.600000    
15000    581.158513   0.908986     0.000000     0.600000    
15000    581.159088   0.907127     0.000000     0.600000    
15000    581.159659   0.906765     0.000000     0.600000    
15000    581.160220   0.906569     0.000000     0.600000    
15000    581.160791   0.905756     0.000000     0.600000    
15000    581.161354   0.904470     0.000000     0.600000    
15000    581.161944   0.902396     0.000000     0.600000    
15000    581.162521   0.900285     0.000000     0.600000    
15000    581.163095   0.899656     0.000000     0.600000    
15000    581.163665   0.899004     0.000000     0.600000    
15000    581.164230   0.898662     0.000000     0.600000    
15000    581.164800   0.898245     0.000000     0.600000    
15000    581.165368   0.897500     0.000000     0.600000    
15000    581.165945   0.896205     0.000000     0.600000    
15000    581.166522   0.895360     0.000000     0.600000    
15000    581.167085   0.894963     0.000000     0.600000    
15000    581.167652   0.894190     0.000000     0.600000    
15000    581.168223   0.893146     0.000000     0.600000    
15000    581.168790   0.892599     0.000000     0.600000    
15000    581.169365   0.892110     0.000000     0.600000    
15000    581.169949   0.891185     0.000000     0.600000    
15000    581.170529   0.888784     0.000000     0.600000    
15000    581.171108   0.888130     0.000000     0.600000    
15000    581.171691   0.887122     0.000000     0.600000    
15000    581.172272   0.886855     0.000000     0.600000    
15000    581.172859   0.885072     0.000000     0.600000    
15000    581.173427   0.884161     0.000000     0.600000    
15000    581.173992   0.883856     0.000000     0.600000    
15000    581.174564   0.882605     0.000000     0.600000    
15000    581.175132   0.881905     0.000000     0.600000    
15000    581.175704   0.880953     0.000000     0.600000    
15000    581.176263   0.880593     0.000000     0.600000    
15000    581.176860   0.879882     0.000000     0.600000    
15000    581.177430   0.878127     0.000000     0.600000    
15000    581.178007   0.876249     0.000000     0.600000    
15000    581.178583   0.875807     0.000000     0.600000    
15000    581.179147   0.875128     0.000000     0.600000    
15000    581.179720   0.873562     0.000000     0.600000    
15000    581.180295   0.871468     0.000000     0.600000    
15000    581.180854   0.870923     0.000000     0.600000    
15000    581.181431   0.869379     0.000000     0.600000    
15000    581.182015   0.868455     0.000000     0.600000    
15000    581.182580   0.868049     0.000000     0.600000    
15000    581.183144   0.867525     0.000000     0.600000    
15000    581.183706   0.866267     0.000000     0.600000    
15000    581.184267   0.865436     0.000000     0.600000    
15000    581.184834   0.863682     0.000000     0.600000    
15000    581.185404   0.863129     0.000000     0.600000    
15000    581.185970   0.862557     0.000000     0.600000    
15000    581.186543   0.861230     0.000000     0.600000    
15000    581.187111   0.860466     0.000000     0.600000    
15000    581.187684   0.859472     0.000000     0.600000    
15000    581.188255   0.858145     0.000000     0.600000    
15000    581.188817   0.857334     0.000000     0.600000    
15000    581.189393   0.856465     0.000000     0.600000    
15000    581.189972   0.855741     0.000000     0.600000    
15000    581.190538   0.855353     0.000000     0.600000    
15000    581.191111   0.854317     0.000000     0.600000    
15000    581.191697   0.853067     0.000000     0.600000    
15000    581.192261   0.852069     0.000000     0.600000    
15000    581.192825   0.851254     0.000000     0.600000    
15000    581.193392   0.850715     0.000000     0.600000    
15000    581.193951   0.850560     0.000000     0.600000    
15000    581.194519   0.849775     0.000000     0.600000    
15000    581.195081   0.849115     0.000000     0.600000    
15000    581.195652   0.848063     0.000000     0.600000    
15000    581.196227   0.846941     0.000000     0.600000    
15000    581.196823   0.844561     0.000000     0.600000    
15000    581.197398   0.843029     0.000000     0.600000    
15000    581.197969   0.841726     0.000000     0.600000    
15000    581.198535   0.840701     0.000000     0.600000    
15000    581.199104   0.838893     0.000000     0.600000    
15000    581.199682   0.837945     0.000000     0.600000    
15000    581.200245   0.837718     0.000000     0.600000    
15000    581.200811   0.836762     0.000000     0.600000    
15000    581.201369   0.835994     0.000000     0.600000    
15000    581.201950   0.834370     0.000000     0.600000    
15000    581.202520   0.833721     0.000000     0.600000    
15000    581.203102   0.832593     0.000000     0.600000    
15000    581.203679   0.831288     0.000000     0.600000    
15000    581.204254   0.829925     0.000000     0.600000    
15000    581.204813   0.828712     0.000000     0.600000    
15000    581.205382   0.827185     0.000000     0.600000    
15000    581.205939   0.826897     0.000000     0.600000    
15000    581.206496   0.826392     0.000000     0.600000    
15000    581.207059   0.825832     0.000000     0.600000    
15000    581.207629   0.824152     0.000000     0.600000    
15000    581.208185   0.823787     0.000000     0.600000    
15000    581.208748   0.823032     0.000000     0.600000    
15000    581.209308   0.822969     0.000000     0.600000    
15000    581.209887   0.822757     0.000000     0.600000    
15000    581.210453   0.822331     0.000000     0.600000    
15000    581.211011   0.821823     0.000000     0.600000    
15000    581.211594   0.820395     0.000000     0.600000    
15000    581.212164   0.819570     0.000000     0.600000    
15000    581.212729   0.818800     0.000000     0.600000    
15000    581.213289   0.818265     0.000000     0.600000    
15000    581.213885   0.817145     0.000000     0.600000    
15000    581.214464   0.815902     0.000000     0.600000    
15000    581.215016   0.815782     0.000000     0.600000    
15000    581.215584   0.814793     0.000000     0.600000    
15000    581.216146   0.813972     0.000000     0.600000    
15000    581.216720   0.813249     0.000000     0.600000    
15000    581.217285   0.812679     0.000000     0.600000    
15000    581.217848   0.812168     0.000000     0.600000    
15000    581.218411   0.811230     0.000000     0.600000    
15000    581.218969   0.811098     0.000000     0.600000    
15000    581.219550   0.809441     0.000000     0.600000    
15000    581.220127   0.808951     0.000000     0.600000    
15000    581.220699   0.807315     0.000000     0.600000    
15000    581.221260   0.806838     0.000000     0.600000    
15000    581.221831   0.805929     0.000000     0.600000    
15000    581.222390   0.805468     0.000000     0.600000    
15000    581.222945   0.805347     0.000000     0.600000    
15000    581.223529   0.803723     0.000000     0.600000    
15000    581.224100   0.803476     0.000000     0.600000    
15000    581.224677   0.802785     0.000000     0.600000    
15000    581.225246   0.801686     0.000000     0.600000    
15000    581.225818   0.801049     0.000000     0.600000    
15000    581.226380   0.800346     0.000000     0.600000    
15000    581.226930   0.797851     0.000000     0.600000    
15000    581.227470   0.797130     0.000000     0.600000    
15000    581.227991   0.796664     0.000000     0.600000    
15000    581.228519   0.795511     0.000000     0.600000    
15000    581.229039   0.794985     0.000000     0.600000    
15000    581.229572   0.794168     0.000000     0.600000    
15000    581.230100   0.793426     0.000000     0.600000    
15000    581.230635   0.792467     0.000000     0.600000    
15000    581.231173   0.790242     0.000000     0.600000    
15000    581.231723   0.788982     0.000000     0.600000    
15000    581.232287   0.787926     0.000000     0.600000    
15000    581.232857   0.787656     0.000000     0.600000    
15000    581.233421   0.787380     0.000000     0.600000    
15000    581.233998   0.786397     0.000000     0.600000    
15000    581.234560   0.785884     0.000000     0.600000    
15000    581.235122   0.784867     0.000000     0.600000    
15000    581.235694   0.784072     0.000000     0.600000    
15000    581.236249   0.783503     0.000000     0.600000    
15000    581.236788   0.783076     0.000000     0.600000    
15000    581.237314   0.782784     0.000000     0.600000    
15000    581.237835   0.782561     0.000000     0.600000    
15000    581.238355   0.782088     0.000000     0.600000    
15000    581.238879   0.781096     0.000000     0.600000    
15000    581.239414   0.779115     0.000000     0.600000    
15000    581.239944   0.778682     0.000000     0.600000    
15000    581.240471   0.777902     0.000000     0.600000    
15000    581.241001   0.776375     0.000000     0.600000    
15000    581.241524   0.776235     0.000000     0.600000    
15000    581.242058   0.774751     0.000000     0.600000    
15000    581.242588   0.773710     0.000000     0.600000    
15000    581.243111   0.772732     0.000000     0.600000    
15000    581.243635   0.771803     0.000000     0.600000    
15000    581.244175   0.769912     0.000000     0.600000    
15000    581.244716   0.767813     0.000000     0.600000    
15000    581.245243   0.767191     0.000000     0.600000    
15000    581.245803   0.766011     0.000000     0.600000    
15000    581.246335   0.765315     0.000000     0.600000    
15000    581.246895   0.765193     0.000000     0.600000    
15000    581.247457   0.763517     0.000000     0.600000    
15000    581.248024   0.762755     0.000000     0.600000    
15000    581.248608   0.761296     0.000000     0.600000    
15000    581.249178   0.758876     0.000000     0.600000    
15000    581.249752   0.757424     0.000000     0.600000    
15000    581.250324   0.755365     0.000000     0.600000    
15000    581.250887   0.754748     0.000000     0.600000    
15000    581.251451   0.753832     0.000000     0.600000    
15000    581.251985   0.753605     0.000000     0.600000    
15000    581.252502   0.753293     0.000000     0.600000    
15000    581.253036   0.752473     0.000000     0.600000    
15000    581.253571   0.750705     0.000000     0.600000    
15000    581.254099   0.749238     0.000000     0.600000    
15000    581.254625   0.748976     0.000000     0.600000    
15000    581.255157   0.748372     0.000000     0.600000    
15000    581.255691   0.748327     0.000000     0.600000    
15000    581.256224   0.747198     0.000000     0.600000    
15000    581.256751   0.746982     0.000000     0.600000    
15000    581.257283   0.746235     0.000000     0.600000    
15000    581.257811   0.745338     0.000000     0.600000    
15000    581.258327   0.745011     0.000000     0.600000    
15000    581.258846   0.744337     0.000000     0.600000    
15000    581.259378   0.742895     0.000000     0.600000    
15000    581.259909   0.742336     0.000000     0.600000    
15000    581.260431   0.741903     0.000000     0.600000    
15000    581.260955   0.741360     0.000000     0.600000    
15000    581.261477   0.740552     0.000000     0.600000    
15000    581.262008   0.739921     0.000000     0.600000    
15000    581.262533   0.738610     0.000000     0.600000    
15000    581.263060   0.737741     0.000000     0.600000    
15000    581.263590   0.737426     0.000000     0.600000    
15000    581.264109   0.737279     0.000000     0.600000    
15000    581.264631   0.736262     0.000000     0.600000    
15000    581.265152   0.736107     0.000000     0.600000    
15000    581.265683   0.735432     0.000000     0.600000    
15000    581.266215   0.734860     0.000000     0.600000    
15000    581.266737   0.733892     0.000000     0.600000    
15000    581.267269   0.732274     0.000000     0.600000    
15000    581.267786   0.731815     0.000000     0.600000    
15000    581.268315   0.730581     0.000000     0.600000    
15000    581.268848   0.730202     0.000000     0.600000    
15000    581.269378   0.729171     0.000000     0.600000    
15000    581.269905   0.728395     0.000000     0.600000    
15000    581.270428   0.728096     0.000000     0.600000    
15000    581.270948   0.727416     0.000000     0.600000    
15000    581.271478   0.725928     0.000000     0.600000    
15000    581.272003   0.725456     0.000000     0.600000    
15000    581.272544   0.723625     0.000000     0.600000    
15000    581.273067   0.723029     0.000000     0.600000    
15000    581.273590   0.722103     0.000000     0.600000    
15000    581.274120   0.721407     0.000000     0.600000    
15000    581.274640   0.720338     0.000000     0.600000    
15000    581.275156   0.719351     0.000000     0.600000    
15000    581.275694   0.718291     0.000000     0.600000    
15000    581.276213   0.717956     0.000000     0.600000    
15000    581.276737   0.717723     0.000000     0.600000    
15000    581.277269   0.716578     0.000000     0.600000    
15000    581.277806   0.714895     0.000000     0.600000    
15000    581.278343   0.714046     0.000000     0.600000    
15000    581.278877   0.712815     0.000000     0.600000    
15000    581.279393   0.712537     0.000000     0.600000    
15000    581.279914   0.712116     0.000000     0.600000    
15000    581.280438   0.710737     0.000000     0.600000    
15000    581.280952   0.710286     0.000000     0.600000    
15000    581.281484   0.708823     0.000000     0.600000    
15000    581.282004   0.707895     0.000000     0.600000    
15000    581.282534   0.706506     0.000000     0.600000    
15000    581.283077   0.704447     0.000000     0.600000    
15000    581.283600   0.703122     0.000000     0.600000    
15000    581.284122   0.702826     0.000000     0.600000    
15000    581.284646   0.701490     0.000000     0.600000    
15000    581.285173   0.699643     0.000000     0.600000    
15000    581.285701   0.698281     0.000000     0.600000    
15000    581.286241   0.696292     0.000000     0.600000    
15000    581.286768   0.695361     0.000000     0.600000    
15000    581.287301   0.694489     0.000000     0.600000    
15000    581.287828   0.693940     0.000000     0.600000    
15000    581.288362   0.693069     0.000000     0.600000    
15000    581.288902   0.691277     0.000000     0.600000    
15001    581.300177   0.691273     0.781190     0.600000    
15011    581.338328   0.689487     0.782150     0.600000    
15021    581.381032   0.687479     0.782470     0.600000    
15031    581.432435   0.685842     0.781530     0.600000    
15041    581.479230   0.683914     0.780360     0.600000    
15051    581.524057   0.681917     0.781360     0.600000    
15061    581.565725   0.680819     0.784500     0.600000    
15071    581.605225   0.679370     0.784060     0.600000    
15081    581.648508   0.677710     0.784670     0.600000    
15091    581.688410   0.675588     0.783240     0.600000    
15101    581.734384   0.674052     0.780490     0.600000    
15111    581.784461   0.672246     0.781310     0.600000    
15121    581.832041   0.670110     0.781060     0.600000    
15131    581.873202   0.668117     0.780560     0.600000    
15141    581.909195   0.666638     0.783430     0.600000    
15151    581.954049   0.665453     0.783310     0.600000    
15161    581.997341   0.663851     0.780700     0.600000    
15171    582.041192   0.661033     0.778260     0.600000    
15181    582.084644   0.659978     0.782780     0.600000    
15191    582.129278   0.658065     0.781440     0.600000    
15201    582.174757   0.655964     0.781020     0.600000    
15211    582.215291   0.654335     0.782700     0.600000    
15221    582.260501   0.651731     0.784210     0.600000    
15231    582.308423   0.650983     0.780990     0.600000    
15241    582.356190   0.649622     0.781760     0.600000    
15251    582.396513   0.648349     0.778560     0.600000    
15261    582.439777   0.647122     0.781240     0.600000    
15271    582.476446   0.645682     0.779660     0.600000    
15281    582.512339   0.643159     0.783260     0.600000    
15291    582.548717   0.641544     0.780930     0.600000    
15301    582.587883   0.640183     0.780920     0.600000    
15311    582.627523   0.638788     0.780910     0.600000    
15321    582.670547   0.637093     0.779530     0.600000    
15331    582.719090   0.635801     0.780790     0.600000    
15341    582.760155   0.633171     0.779700     0.600000    
15351    582.800449   0.631195     0.782570     0.600000    
15361    582.840137   0.629267     0.785660     0.600000    
15371    582.878956   0.628203     0.779910     0.600000    
15381    582.918229   0.626379     0.780650     0.600000    
15391    582.965671   0.624493     0.778040     0.600000    
15401    583.005799   0.622999     0.781450     0.600000    
15411    583.043519   0.622035     0.778900     0.600000    
15421    583.083050   0.620093     0.782600     0.600000    
15431    583.122404   0.619199     0.781850     0.600000    
15441    583.161116   0.616377     0.778970     0.600000    
15451    583.206835   0.614535     0.784230     0.600000    
15461    583.248222   0.612966     0.777360     0.600000    
15471    583.294255   0.611616     0.778920     0.600000    
15481    583.338398   0.608829     0.781110     0.600000    
15491    583.381277   0.606654     0.781940     0.600000    
15501    583.417160   0.603620     0.781780     0.600000    
15511    583.454760   0.602946     0.779930     0.600000    
15521    583.501943   0.601286     0.781290     0.600000    
15531    583.548322   0.599500     0.782660     0.600000    
15541    583.595321   0.598279     0.779830     0.600000    
15551    583.641433   0.595639     0.783130     0.600000    
15561    583.676446   0.593420     0.780690     0.600000    
15571    583.713898   0.591959     0.780430     0.600000    
15581    583.759519   0.590422     0.780530     0.600000    
15591    583.804986   0.589062     0.781160     0.600000    
15601    583.843381   0.587374     0.782460     0.600000    
15611    583.882651   0.585856     0.782310     0.600000    
15621    583.930148   0.584305     0.779570     0.600000    
15631    583.997114   0.583095     0.782760     0.600000    
15641    584.050334   0.582014     0.778010     0.600000    
15651    584.102990   0.580385     0.778540     0.600000    
15661    584.152762   0.577832     0.778930     0.600000    
15671    584.203494   0.575449     0.778370     0.600000    
15681    584.253225   0.574177     0.780200     0.600000    
15691    584.296754   0.571920     0.780260     0.600000    
15701    584.340147   0.570123     0.778810     0.600000    
15711    584.397041   0.567891     0.779780     0.600000    
15721    584.451139   0.566182     0.776170     0.600000    
15731    584.510274   0.563716     0.778840     0.600000    
15741    584.573673   0.561939     0.778410     0.600000    
15751    584.642386   0.560705     0.777270     0.600000    
15761    584.721912   0.558741     0.777110     0.600000    
15771    584.825750   0.555215     0.777700     0.600000    
15781    585.010839   0.552766     0.779210     0.600000    
15791    585.112455   0.551532     0.776750     0.600000    
15801    585.212815   0.549874     0.778550     0.600000    
15811    585.301816   0.547994     0.778410     0.600000    
15821    585.443464   0.546114     0.777560     0.600000    
15831    585.560372   0.544576     0.775960     0.600000    
15841    585.636211   0.543136     0.779010     0.600000    
15851    585.707163   0.541818     0.779110     0.600000    
15861    585.753933   0.539850     0.779190     0.600000    
15871    585.807214   0.538948     0.777750     0.600000    
15881    585.862231   0.537364     0.778190     0.600000    
15891    585.914937   0.535890     0.779370     0.600000    
15901    586.012553   0.533921     0.777850     0.600000    
15911    586.066567   0.532469     0.779850     0.600000    
15921    586.125889   0.530544     0.775980     0.600000    
15931    586.215632   0.528643     0.778400     0.600000    
15941    586.283666   0.527065     0.776870     0.600000    
15951    586.335637   0.525850     0.778330     0.600000    
15961    586.392136   0.524154     0.778240     0.600000    
15971    586.445611   0.522156     0.777890     0.600000    
15981    586.513604   0.521592     0.779030     0.600000    
15991    586.586793   0.519801     0.775340     0.600000    
16001    586.654851   0.518139     0.776050     0.600000    
16011    586.726078   0.517118     0.778750     0.600000    
16021    586.788842   0.515501     0.776510     0.600000    
16031    586.846644   0.513418     0.776450     0.600000    
16041    586.900624   0.511792     0.775760     0.600000    
16051    586.979988   0.509977     0.779070     0.600000    
16061    587.047942   0.508641     0.778630     0.600000    
16071    587.111401   0.507141     0.776590     0.600000    
16081    587.183480   0.505192     0.774630     0.600000    
16091    587.248196   0.503590     0.775320     0.600000    
16101    587.313882   0.501301     0.776000     0.600000    
16111    587.378849   0.500349     0.777180     0.600000    
16121    587.439977   0.498968     0.777880     0.600000    
16131    587.514383   0.497860     0.776000     0.600000    
16141    587.575202   0.496596     0.774760     0.600000    
16151    587.644317   0.493634     0.775480     0.600000    
16161    587.727178   0.491991     0.776120     0.600000    
16171    587.799461   0.491252     0.774820     0.600000    
16181    587.863024   0.489402     0.774930     0.600000    
16191    587.934923   0.487485     0.775760     0.600000    
16201    588.025773   0.486074     0.778110     0.600000    
16211    588.092248   0.483212     0.777150     0.600000    
16221    588.151748   0.481365     0.776620     0.600000    
16231    588.216907   0.478588     0.776600     0.600000    
16241    588.279302   0.477281     0.776600     0.600000    
16251    588.335930   0.475719     0.773770     0.600000    
16261    588.395217   0.474245     0.777640     0.600000    
16271    588.462519   0.473588     0.777640     0.600000    
16281    588.555141   0.471850     0.776420     0.600000    
16291    588.663315   0.471154     0.774870     0.600000    
16301    588.751554   0.469865     0.776790     0.600000    
16311    588.833653   0.467681     0.775030     0.600000    
16321    588.912096   0.465915     0.775590     0.600000    
16331    588.995992   0.463674     0.775110     0.600000    
16341    589.060359   0.461189     0.777450     0.600000    
16351    589.135406   0.459588     0.772570     0.600000    
16361    589.221323   0.457481     0.776400     0.600000    
16371    589.273433   0.456232     0.775580     0.600000    
16381    589.334406   0.455040     0.774820     0.600000    
16391    589.400041   0.453712     0.775470     0.600000    
16401    589.465681   0.452212     0.776910     0.600000    
16411    589.531882   0.450707     0.775030     0.600000    
16421    589.591116   0.449095     0.771110     0.600000    
16431    589.641443   0.447673     0.774620     0.600000    
16441    589.699290   0.446427     0.775290     0.600000    
16451    589.755177   0.444298     0.771530     0.600000    
16461    589.812282   0.442318     0.772610     0.600000    
16471    589.865763   0.440530     0.776030     0.600000    
16481    589.918191   0.439074     0.772590     0.600000    
16491    589.967894   0.436945     0.774910     0.600000    
16501    590.023712   0.435007     0.772520     0.600000    
16511    590.076955   0.433947     0.773670     0.600000    
16521    590.141205   0.432474     0.773940     0.600000    
16531    590.199376   0.430164     0.775100     0.600000    
16541    590.251521   0.429156     0.774260     0.600000    
16551    590.307654   0.427881     0.774790     0.600000    
16561    590.356478   0.426459     0.772780     0.600000    
16571    590.412885   0.423895     0.774120     0.600000    
16581    590.462700   0.422180     0.772190     0.600000    
16591    590.519176   0.420736     0.773070     0.600000    
16601    590.574980   0.419070     0.773520     0.600000    
16611    590.627619   0.416477     0.773290     0.600000    
16621    590.680679   0.414903     0.772100     0.600000    
16631    590.733004   0.412111     0.772710     0.600000    
16641    590.819016   0.410894     0.774680     0.600000    
16651    590.927490   0.409807     0.770910     0.600000    
16661    591.014524   0.408177     0.776960     0.600000    
16671    591.092109   0.406583     0.772570     0.600000    
16681    591.184601   0.403482     0.772890     0.600000    
16691    591.313757   0.401893     0.771590     0.600000    
16701    591.409911   0.399609     0.774220     0.600000    
16711    591.503833   0.398546     0.775900     0.600000    
16721    591.568917   0.397276     0.772780     0.600000    
16731    591.634577   0.395703     0.773310     0.600000    
16741    591.705260   0.394373     0.775160     0.600000    
16751    591.774307   0.392190     0.773470     0.600000    
16761    591.847072   0.390901     0.777350     0.600000    
16771    591.914649   0.389494     0.772600     0.600000    
16781    591.992651   0.387285     0.773270     0.600000    
16791    592.066040   0.386198     0.772070     0.600000    
16801    592.143339   0.384317     0.773870     0.600000    
16811    592.218234   0.382041     0.771840     0.600000    
16821    592.287579   0.380821     0.771970     0.600000    
16831    592.359269   0.378672     0.773610     0.600000    
16841    592.429487   0.377673     0.774440     0.600000    
16851    592.500433   0.375223     0.771910     0.600000    
16861    592.556480   0.373294     0.771130     0.600000    
16871    592.608503   0.371090     0.772200     0.600000    
16881    592.663574   0.370097     0.774600     0.600000    
16891    592.718604   0.368097     0.773790     0.600000    
16901    592.777459   0.366520     0.771470     0.600000    
16911    592.828286   0.364953     0.767920     0.600000    
16921    592.879773   0.363785     0.771050     0.600000    
16931    592.935443   0.362230     0.774770     0.600000    
16941    592.993743   0.360749     0.774850     0.600000    
16951    593.044190   0.359521     0.771330     0.600000    
16961    593.100481   0.357811     0.772230     0.600000    
16971    593.155527   0.356058     0.773940     0.600000    
16981    593.219716   0.354258     0.771970     0.600000    
16991    593.275319   0.351976     0.772880     0.600000    
17001    593.346600   0.350977     0.773810     0.600000    
17011    593.443530   0.349817     0.773110     0.600000    
17021    593.523271   0.348676     0.773170     0.600000    
17031    593.601536   0.347269     0.770710     0.600000    
17041    593.675614   0.345323     0.772350     0.600000    
17051    593.752352   0.344293     0.769880     0.600000    
17061    593.831733   0.343067     0.771560     0.600000    
17071    593.940424   0.340984     0.771380     0.600000    
17081    594.015400   0.339304     0.772180     0.600000    
17091    594.064583   0.337334     0.769900     0.600000    
17101    594.117823   0.335599     0.771290     0.600000    
17111    594.171504   0.333465     0.770220     0.600000    
17121    594.227817   0.331269     0.771970     0.600000    
17131    594.279191   0.328257     0.772650     0.600000    
17141    594.329692   0.326580     0.770250     0.600000    
17151    594.376375   0.325373     0.770280     0.600000    
17161    594.432012   0.324887     0.770650     0.600000    
17171    594.480509   0.323791     0.768810     0.600000    
17181    594.531679   0.322540     0.770150     0.600000    
17191    594.589936   0.319805     0.771010     0.600000    
17201    594.645297   0.316819     0.769060     0.600000    
17211    594.699090   0.315302     0.771820     0.600000    
17221    594.752751   0.313662     0.771970     0.600000    
17231    594.802194   0.312696     0.771680     0.600000    
17241    594.856143   0.310925     0.768620     0.600000    
17251    594.908130   0.310116     0.769800     0.600000    
17261    594.963552   0.308971     0.769860     0.600000    
17271    595.026950   0.306735     0.768840     0.600000    
17281    595.080210   0.305308     0.771640     0.600000    
17291    595.136477   0.304595     0.771050     0.600000    
17301    595.202758   0.302989     0.769890     0.600000    
17311    595.264099   0.301456     0.772310     0.600000    
17321    595.306094   0.300548     0.771990     0.600000    
17331    595.359533   0.298896     0.769990     0.600000    
17341    595.414099   0.296991     0.769310     0.600000    
17351    595.464509   0.296226     0.768180     0.600000    
17361    595.520128   0.293695     0.769670     0.600000    
17371    595.576121   0.292526     0.765850     0.600000    
17381    595.630994   0.291536     0.769770     0.600000    
17391    595.689359   0.290156     0.767120     0.600000    
17401    595.739076   0.288787     0.768690     0.600000    
17411    595.794965   0.285786     0.771030     0.600000    
17421    595.850281   0.284341     0.771410     0.600000    
17431    595.906602   0.283359     0.770650     0.600000    
17441    595.957974   0.282689     0.774940     0.600000    
17451    596.015090   0.280191     0.768520     0.600000    
17461    596.070129   0.278025     0.768900     0.600000    
17471    596.132543   0.276210     0.768580     0.600000    
17481    596.216222   0.274456     0.768110     0.600000    
17491    596.294549   0.273299     0.769950     0.600000    
17501    596.358548   0.271598     0.768360     0.600000    
17511    596.443009   0.269415     0.768470     0.600000    
17521    596.520397   0.266908     0.767040     0.600000    
17531    596.623512   0.264832     0.769560     0.600000    
17541    596.692565   0.263186     0.766360     0.600000    
17551    596.747943   0.261792     0.769820     0.600000    
17561    596.799688   0.260430     0.767650     0.600000    
17571    596.854612   0.259198     0.769200     0.600000    
17581    596.906893   0.257876     0.769650     0.600000    
17591    596.960892   0.256702     0.768530     0.600000    
17601    597.016656   0.253807     0.768980     0.600000    
17611    597.064952   0.252205     0.768460     0.600000    
17621    597.128193   0.249591     0.769440     0.600000    
17631    597.175954   0.248361     0.765420     0.600000    
17641    597.230811   0.246404     0.769090     0.600000    
17651    597.286075   0.245043     0.769240     0.600000    
17661    597.341517   0.243423     0.766410     0.600000    
17671    597.399645   0.241288     0.768430     0.600000    
17681    597.453671   0.240286     0.768420     0.600000    
17691    597.507109   0.237221     0.765960     0.600000    
17701    597.561844   0.236092     0.767070     0.600000    
17711    597.621056   0.234629     0.766930     0.600000    
17721    597.675198   0.232959     0.768670     0.600000    
17731    597.727521   0.230826     0.770850     0.600000    
17741    597.781080   0.229475     0.768010     0.600000    
17751    597.832907   0.227895     0.769120     0.600000    
17761    597.886268   0.225494     0.765110     0.600000    
17771    597.937856   0.223540     0.766980     0.600000    
17781    597.995290   0.220782     0.763430     0.600000    
17791    598.055727   0.219394     0.766040     0.600000    
17801    598.108034   0.218200     0.766670     0.600000    
17811    598.162890   0.217359     0.767810     0.600000    
17821    598.220137   0.214909     0.765910     0.600000    
17831    598.292350   0.213566     0.765960     0.600000    
17841    598.375629   0.212111     0.767160     0.600000    
17851    598.452162   0.210040     0.766010     0.600000    
17861    598.531489   0.209030     0.770540     0.600000    
17871    598.603475   0.207548     0.768680     0.600000    
17881    598.673128   0.204279     0.768900     0.600000    
17891    598.754615   0.203251     0.767910     0.600000    
17901    598.820792   0.201407     0.767040     0.600000    
17911    598.876275   0.198360     0.767080     0.600000    
17921    598.927939   0.196921     0.767260     0.600000    
17931    598.982265   0.195657     0.770290     0.600000    
17941    599.035827   0.193505     0.765270     0.600000    
17951    599.085700   0.191800     0.767550     0.600000    
17961    599.143100   0.190192     0.768770     0.600000    
17971    599.199442   0.187972     0.767550     0.600000    
17981    599.256459   0.185890     0.762300     0.600000    
17991    599.309048   0.184661     0.767200     0.600000    
18001    599.362789   0.182477     0.768960     0.600000    
18011    599.420577   0.180715     0.766040     0.600000    
18021    599.471549   0.179202     0.763050     0.600000    
18031    599.528273   0.177253     0.764460     0.600000    
18041    599.581932   0.175244     0.767790     0.600000    
18051    599.638611   0.173663     0.765150     0.600000    
18061    599.694579   0.172352     0.765230     0.600000    
18071    599.740823   0.171295     0.765670     0.600000    
18081    599.804791   0.169734     0.764950     0.600000    
18091    599.864787   0.167457     0.765270     0.600000    
18101    599.916152   0.166363     0.763770     0.600000    
18111    599.971816   0.162705     0.761910     0.600000    
18121    600.020054   0.161095     0.766660     0.600000    
18131    600.077258   0.159679     0.765450     0.600000    
18141    600.132273   0.157715     0.762370     0.600000    
18151    600.185255   0.156477     0.763260     0.600000    
18161    600.238526   0.154474     0.764870     0.600000    
18171    600.291074   0.153078     0.764140     0.600000    
18181    600.352422   0.151990     0.763930     0.600000    
18191    600.431117   0.150027     0.762310     0.600000    
18201    600.510032   0.148852     0.761000     0.600000    
18211    600.651373   0.147261     0.764640     0.600000    
18221    600.766313   0.145318     0.761530     0.600000    
18231    600.890091   0.144231     0.767460     0.600000    
18241    601.002475   0.142746     0.763830     0.600000    
18251    601.140647   0.141225     0.766520     0.600000    
18261    601.222965   0.139301     0.762810     0.600000    
18271    601.320569   0.137239     0.763850     0.600000    
18281    601.450615   0.136029     0.762980     0.600000    
18291    601.542644   0.134435     0.765310     0.600000    
18301    601.633848   0.133616     0.763860     0.600000    
18311    601.699994   0.132564     0.764900     0.600000    
18321    601.751488   0.130508     0.762470     0.600000    
18331    601.799464   0.128549     0.765050     0.600000    
18341    601.844411   0.126882     0.765050     0.600000    
18351    601.898466   0.125740     0.764270     0.600000    
18361    601.946534   0.123349     0.760840     0.600000    
18371    601.995021   0.122185     0.765070     0.600000    
18381    602.043079   0.120715     0.763360     0.600000    
18391    602.098621   0.118973     0.764980     0.600000    
18401    602.169483   0.117525     0.760670     0.600000    
18411    602.232211   0.115520     0.764230     0.600000    
18421    602.294245   0.113883     0.761960     0.600000    
18431    602.353632   0.112428     0.764310     0.600000    
18441    602.414808   0.111060     0.762730     0.600000    
18451    602.474191   0.108907     0.762180     0.600000    
18461    602.535030   0.107854     0.761680     0.600000    
18471    602.594814   0.105934     0.763420     0.600000    
18481    602.651059   0.104462     0.766060     0.600000    
18491    602.707844   0.103428     0.760300     0.600000    
18501    602.765937   0.100836     0.761100     0.600000    
18511    602.823687   0.099415     0.759710     0.600000    
18521    602.881331   0.097647     0.763510     0.600000    
18531    602.938656   0.097015     0.763030     0.600000    
18541    603.003700   0.095010     0.761070     0.600000    
18551    603.051014   0.093641     0.766270     0.600000    
18561    603.097425   0.092633     0.761420     0.600000    
18571    603.137139   0.091474     0.763310     0.600000    
18581    603.180114   0.089621     0.761260     0.600000    
18591    603.219656   0.088330     0.761080     0.600000    
18601    603.259929   0.086815     0.761000     0.600000    
18611    603.306277   0.084572     0.763130     0.600000    
18621    603.349029   0.083398     0.764250     0.600000    
18631    603.387275   0.081555     0.762850     0.600000    
18641    603.428710   0.080110     0.763950     0.600000    
18651    603.477201   0.078613     0.759780     0.600000    
18661    603.525628   0.077745     0.763190     0.600000    
18671    603.573732   0.076084     0.760770     0.600000    
18681    603.618278   0.074807     0.764830     0.600000    
18691    603.658824   0.072600     0.759060     0.600000    
18701    603.708219   0.071674     0.764170     0.600000    
18711    603.758783   0.070083     0.761480     0.600000    
18721    603.823841   0.067941     0.761960     0.600000    
18731    603.878730   0.065854     0.763810     0.600000    
18741    603.929449   0.064125     0.762820     0.600000    
18751    603.978275   0.061641     0.759800     0.600000    
18761    604.023863   0.059877     0.760870     0.600000    
18771    604.065690   0.058295     0.762330     0.600000    
18781    604.107801   0.057984     0.763030     0.600000    
18791    604.151742   0.056556     0.761720     0.600000    
18801    604.190793   0.054630     0.761160     0.600000    
18811    604.237675   0.053437     0.759510     0.600000    
18821    604.284039   0.052050     0.760160     0.600000    
18831    604.330789   0.050684     0.760340     0.600000    
18841    604.371681   0.049560     0.760140     0.600000    
18851    604.417583   0.047833     0.760740     0.600000    
18861    604.459001   0.045868     0.759710     0.600000    
18871    604.506997   0.043228     0.759690     0.600000    
18881    604.549637   0.041478     0.760180     0.600000    
18891    604.586244   0.039250     0.762690     0.600000    
18901    604.626002   0.038157     0.761180     0.600000    
18911    604.667374   0.035782     0.757710     0.600000    
18921    604.708922   0.034325     0.759490     0.600000    
18931    604.749738   0.032690     0.762990     0.600000    
18941    604.790758   0.031413     0.761590     0.600000    
18951    604.833740   0.030212     0.759870     0.600000    
18961    604.879497   0.028848     0.762060     0.600000    
18971    604.921811   0.026983     0.760250     0.600000    
18981    604.966494   0.024931     0.761570     0.600000    
18991    605.013980   0.023411     0.759420     0.600000    
19001    605.057015   0.022068     0.759080     0.600000    
19011    605.098422   0.020353     0.761660     0.600000    
19021    605.140348   0.018816     0.758690     0.600000    
19031    605.181922   0.017668     0.758060     0.600000    
19041    605.218798   0.016005     0.759070     0.600000    
19051    605.260571   0.014427     0.759590     0.600000    
19061    605.301906   0.013158     0.758850     0.600000    
19071    605.348173   0.011159     0.757450     0.600000    
19081    605.389350   0.010064     0.759540     0.600000    
19091    605.426964   0.009224     0.757780     0.600000    
19101    605.472572   0.007289     0.758050     0.600000    
19111    605.515889   0.006235     0.756150     0.600000    
19121    605.554492   0.004279     0.755460     0.600000    
19131    605.596655   0.002483     0.758860     0.600000    
19141    605.645719   0.000666     0.758210     0.600000    
19151    605.694649   -0.000368    0.759220     0.600000    
19161    605.738178   -0.001870    0.759280     0.600000    
19171    605.775287   -0.003891    0.756630     0.600000    
19181    605.814222   -0.004634    0.758930     0.600000    
19191    605.856146   -0.005683    0.755540     0.600000    
19201    605.897081   -0.007997    0.761650     0.600000    
19211    605.939783   -0.009048    0.759330     0.600000    
19221    605.978442   -0.010510    0.760650     0.600000    
19231    606.025028   -0.011558    0.758780     0.600000    
19241    606.063501   -0.013443    0.757360     0.600000    
19251    606.102934   -0.015101    0.758900     0.600000    
19261    606.149631   -0.016314    0.758850     0.600000    
19271    606.194466   -0.017290    0.760170     0.600000    
19281    606.244572   -0.019626    0.757080     0.600000    
19291    606.291848   -0.020925    0.758630     0.600000    
19301    606.340914   -0.023146    0.755250     0.600000    
19311    606.391355   -0.025284    0.757300     0.600000    
19321    606.429976   -0.026635    0.759040     0.600000    
19331    606.472438   -0.029096    0.758450     0.600000    
19341    606.516026   -0.030264    0.757820     0.600000    
19351    606.557636   -0.032212    0.758420     0.600000    
19361    606.595211   -0.033437    0.756440     0.600000    
19371    606.637529   -0.035016    0.757940     0.600000    
19381    606.684167   -0.036656    0.757170     0.600000    
19391    606.729691   -0.038244    0.756820     0.600000    
19401    606.775870   -0.039540    0.756030     0.600000    
19411    606.819199   -0.040589    0.757640     0.600000    
19421    606.864725   -0.041860    0.756480     0.600000    
19431    606.914978   -0.043184    0.758280     0.600000    
19441    606.961486   -0.044742    0.756340     0.600000    
19451    607.008730   -0.046381    0.759490     0.600000    
19461    607.049893   -0.047933    0.758120     0.600000    
19471    607.092235   -0.049507    0.759580     0.600000    
19481    607.133481   -0.051533    0.754960     0.600000    
19491    607.175686   -0.053848    0.757100     0.600000    
19501    607.214454   -0.055342    0.756910     0.600000    
19511    607.258166   -0.056996    0.757540     0.600000    
19521    607.305454   -0.058696    0.759530     0.600000    
19531    607.351205   -0.059685    0.757120     0.600000    
19541    607.400097   -0.061668    0.760000     0.600000    
19551    607.449835   -0.063821    0.756510     0.600000    
19561    607.495201   -0.066010    0.754530     0.600000    
19571    607.542190   -0.067524    0.754680     0.600000    
19581    607.591442   -0.069249    0.756260     0.600000    
19591    607.635773   -0.070926    0.760560     0.600000    
19601    607.680359   -0.073000    0.758140     0.600000    
19611    607.726983   -0.073916    0.756300     0.600000    
19621    607.773891   -0.075488    0.755230     0.600000    
19631    607.823185   -0.077056    0.753870     0.600000    
19641    607.863570   -0.078636    0.756900     0.600000    
19651    607.909602   -0.080399    0.753970     0.600000    
19661    607.954432   -0.081469    0.755270     0.600000    
19671    607.998931   -0.082820    0.754970     0.600000    
19681    608.044014   -0.084479    0.757130     0.600000    
19691    608.085999   -0.085769    0.753430     0.600000    
19701    608.134564   -0.086625    0.757520     0.600000    
19711    608.175542   -0.088322    0.755910     0.600000    
19721    608.214924   -0.090378    0.754450     0.600000    
19731    608.254344   -0.091737    0.753060     0.600000    
19741    608.295604   -0.092891    0.757640     0.600000    
19751    608.344129   -0.094588    0.756700     0.600000    
19761    608.392356   -0.097083    0.754760     0.600000    
19771    608.433989   -0.097865    0.753870     0.600000    
19781    608.477212   -0.099439    0.753510     0.600000    
19791    608.525212   -0.101474    0.754870     0.600000    
19801    608.571233   -0.103292    0.754990     0.600000    
19811    608.621833   -0.104932    0.752560     0.600000    
19821    608.677474   -0.106689    0.755670     0.600000    
19831    608.731003   -0.108007    0.752450     0.600000    
19841    608.779328   -0.109409    0.754970     0.600000    
19851    608.833419   -0.110761    0.757550     0.600000    
19861    608.869954   -0.112321    0.753200     0.600000    
19871    608.906865   -0.113704    0.753540     0.600000    
19881    608.948138   -0.114878    0.753340     0.600000    
19891    608.990416   -0.117315    0.756120     0.600000    
19901    609.038565   -0.118501    0.751220     0.600000    
19911    609.080786   -0.119938    0.754530     0.600000    
19921    609.128153   -0.121800    0.756240     0.600000    
19931    609.175847   -0.124572    0.755520     0.600000    
19941    609.217928   -0.125887    0.754510     0.600000    
19951    609.259455   -0.127093    0.755400     0.600000    
19961    609.300988   -0.128122    0.752210     0.600000    
19971    609.350671   -0.129597    0.752410     0.600000    
19981    609.401184   -0.131360    0.752160     0.600000    
19991    609.452484   -0.134005    0.752290     0.600000    
20001    609.501846   -0.136341    0.753360     0.600000    
20011    609.551677   -0.137496    0.752910     0.600000    
20021    609.599769   -0.139358    0.752690     0.600000    
20031    609.639664   -0.140626    0.750000     0.600000    
20041    609.682228   -0.142423    0.752410     0.600000    
20051    609.723019   -0.143482    0.753590     0.600000    
20061    609.772992   -0.144156    0.753080     0.600000    
20071    609.823177   -0.145905    0.755070     0.600000    
20081    609.872977   -0.147464    0.751360     0.600000    
20091    609.921827   -0.148684    0.752210     0.600000    
20101    609.970551   -0.152323    0.755460     0.600000    
20111    610.019953   -0.153655    0.750970     0.600000    
20121    610.065416   -0.155435    0.752240     0.600000    
20131    610.107291   -0.157107    0.750360     0.600000    
20141    610.146226   -0.157907    0.754900     0.600000    
20151    610.193872   -0.159529    0.754450     0.600000    
20161    610.241342   -0.160989    0.754620     0.600000    
20171    610.288712   -0.161947    0.751730     0.600000    
20181    610.338883   -0.163331    0.753590     0.600000    
20191    610.386976   -0.165214    0.754370     0.600000    
20201    610.429505   -0.166957    0.750760     0.600000    
20211    610.470711   -0.168122    0.748780     0.600000    
20221    610.511245   -0.169329    0.752830     0.600000    
20231    610.550116   -0.170395    0.750200     0.600000    
20241    610.598936   -0.171350    0.753180     0.600000    
20251    610.650741   -0.174110    0.751120     0.600000    
20261    610.703956   -0.174961    0.749770     0.600000    
20271    610.751210   -0.176083    0.753220     0.600000    
20281    610.793885   -0.177202    0.753140     0.600000    
20291    610.834830   -0.178314    0.750930     0.600000    
20301    610.875192   -0.179464    0.748470     0.600000    
20311    610.912473   -0.182037    0.751770     0.600000    
20321    610.959208   -0.183099    0.751190     0.600000    
20331    610.996871   -0.184955    0.751310     0.600000    
20341    611.042056   -0.186898    0.748720     0.600000    
20351    611.080907   -0.188276    0.750460     0.600000    
20361    611.125221   -0.189287    0.753210     0.600000    
20371    611.167790   -0.191109    0.750770     0.600000    
20381    611.211343   -0.192416    0.750890     0.600000    
20391    611.258055   -0.194354    0.751530     0.600000    
20401    611.296591   -0.196501    0.751630     0.600000    
20411    611.347675   -0.198363    0.749100     0.600000    
20421    611.392612   -0.199928    0.750640     0.600000    
20431    611.441554   -0.201062    0.749450     0.600000    
20441    611.480052   -0.202620    0.749390     0.600000    
20451    611.517573   -0.204025    0.747490     0.600000    
20461    611.566770   -0.205515    0.750080     0.600000    
20471    611.616168   -0.206968    0.748730     0.600000    
20481    611.658360   -0.207688    0.749110     0.600000    
20491    611.696223   -0.209159    0.748560     0.600000    
20501    611.736276   -0.210485    0.749080     0.600000    
20511    611.783574   -0.211846    0.750520     0.600000    
20521    611.827720   -0.213729    0.749090     0.600000    
20531    611.871296   -0.214939    0.750690     0.600000    
20541    611.915966   -0.216302    0.753570     0.600000    
20551    611.960983   -0.217539    0.751610     0.600000    
20561    612.008073   -0.218662    0.747880     0.600000    
20571    612.051852   -0.220505    0.747260     0.600000    
20581    612.095523   -0.221324    0.749950     0.600000    
20591    612.137466   -0.223408    0.749530     0.600000    
20601    612.176744   -0.225526    0.750520     0.600000    
20611    612.215835   -0.226875    0.748500     0.600000    
20621    612.263619   -0.227729    0.751660     0.600000    
20631    612.313594   -0.228429    0.749330     0.600000    
20641    612.362238   -0.229984    0.749410     0.600000    
20651    612.402301   -0.230853    0.749750     0.600000    
20661    612.440768   -0.231752    0.747710     0.600000    
20671    612.488619   -0.233465    0.749530     0.600000    
20681    612.535061   -0.234803    0.749770     0.600000    
20691    612.579124   -0.236088    0.749400     0.600000    
20701    612.619210   -0.236886    0.750340     0.600000    
20711    612.670404   -0.238255    0.749010     0.600000    
20721    612.727839   -0.240524    0.748900     0.600000    
20731    612.784929   -0.242816    0.747780     0.600000    
20741    612.840493   -0.244329    0.748940     0.600000    
20751    612.896787   -0.245658    0.747090     0.600000    
20761    612.950593   -0.246609    0.748680     0.600000    
20771    613.005089   -0.247380    0.750550     0.600000    
20781    613.065561   -0.248702    0.749560     0.600000    
20791    613.117447   -0.250098    0.748490     0.600000    
20801    613.174359   -0.250813    0.748380     0.600000    
20811    613.230259   -0.253118    0.749320     0.600000    
20821    613.285384   -0.253821    0.748670     0.600000    
20831    613.341373   -0.254989    0.746820     0.600000    
20841    613.396983   -0.256226    0.747640     0.600000    
20851    613.451754   -0.258277    0.749650     0.600000    
20861    613.504955   -0.259509    0.745450     0.600000    
20871    613.555001   -0.261528    0.748210     0.600000    
20881    613.596803   -0.263128    0.747060     0.600000    
20891    613.638798   -0.263735    0.749440     0.600000    
20901    613.678777   -0.265179    0.746890     0.600000    
20911    613.719443   -0.266410    0.748000     0.600000    
20921    613.760390   -0.267390    0.747920     0.600000    
20931    613.809537   -0.268658    0.750270     0.600000    
20941    613.858413   -0.269728    0.745250     0.600000    
20951    613.900993   -0.271714    0.745620     0.600000    
20961    613.949716   -0.272917    0.745380     0.600000    
20971    613.992197   -0.274032    0.747120     0.600000    
20981    614.033913   -0.275704    0.746880     0.600000    
20991    614.082676   -0.277798    0.748730     0.600000    
21001    614.128235   -0.279176    0.745850     0.600000    
21011    614.172340   -0.280291    0.747430     0.600000    
21021    614.211558   -0.281997    0.748890     0.600000    
21031    614.255951   -0.282820    0.749310     0.600000    
21041    614.300240   -0.284216    0.747410     0.600000    
21051    614.338333   -0.285508    0.744990     0.600000    
21061    614.384632   -0.286610    0.745660     0.600000    
21071    614.433351   -0.288173    0.746010     0.600000    
21081    614.481661   -0.289501    0.748230     0.600000    
21091    614.522601   -0.290434    0.748480     0.600000    
21101    614.563361   -0.291771    0.747070     0.600000    
21111    614.601910   -0.293514    0.749280     0.600000    
21121    614.649248   -0.294740    0.748440     0.600000    
21131    614.687169   -0.295229    0.745750     0.600000    
21141    614.735232   -0.297036    0.743560     0.600000    
21151    614.780102   -0.298165    0.747920     0.600000    
21161    614.819158   -0.299103    0.747350     0.600000    
21171    614.866100   -0.300475    0.745820     0.600000    
21181    614.907559   -0.302156    0.745910     0.600000    
21191    614.949205   -0.303631    0.744880     0.600000    
21201    614.993425   -0.304591    0.746320     0.600000    
21211    615.037748   -0.306482    0.746060     0.600000    
21221    615.086289   -0.307740    0.748910     0.600000    
21231    615.129036   -0.309334    0.746320     0.600000    
21241    615.167201   -0.311313    0.747550     0.600000    
21251    615.210703   -0.312673    0.742090     0.600000    
21261    615.255821   -0.314026    0.742930     0.600000    
21271    615.300319   -0.315736    0.746910     0.600000    
21281    615.343876   -0.317527    0.746570     0.600000    
21291    615.387328   -0.318748    0.744200     0.600000    
21301    615.430977   -0.320455    0.745360     0.600000    
21311    615.474994   -0.321682    0.744490     0.600000    
21321    615.518974   -0.322860    0.745650     0.600000    
21331    615.563433   -0.325622    0.742630     0.600000    
21341    615.607912   -0.326367    0.745360     0.600000    
21351    615.652406   -0.328141    0.746420     0.600000    
21361    615.696386   -0.329560    0.744210     0.600000    
21371    615.740435   -0.331572    0.743760     0.600000    
21381    615.784434   -0.333508    0.747400     0.600000    
21391    615.828920   -0.334462    0.747270     0.600000    
21401    615.872513   -0.335788    0.743540     0.600000    
21411    615.916998   -0.336801    0.744400     0.600000    
21421    615.961476   -0.338177    0.745770     0.600000    
21431    616.005937   -0.339648    0.742360     0.600000    
21441    616.050394   -0.340923    0.745230     0.600000    
21451    616.094912   -0.342462    0.748970     0.600000    
21461    616.139423   -0.345240    0.743610     0.600000    
21471    616.183979   -0.346634    0.744110     0.600000    
21481    616.227616   -0.348426    0.743020     0.600000    
21491    616.271908   -0.349702    0.743770     0.600000    
21501    616.319190   -0.350610    0.744830     0.600000    
21511    616.367371   -0.352149    0.742410     0.600000    
21521    616.416694   -0.353002    0.742950     0.600000    
21531    616.472466   -0.354552    0.740880     0.600000    
21541    616.529382   -0.355795    0.743250     0.600000    
21551    616.584838   -0.356981    0.744520     0.600000    
21561    616.648673   -0.357605    0.742450     0.600000    
21571    616.695725   -0.358943    0.741130     0.600000    
21581    616.741204   -0.360180    0.744430     0.600000    
21591    616.791853   -0.361121    0.742880     0.600000    
21601    616.849613   -0.363164    0.744050     0.600000    
21611    616.903820   -0.364127    0.743380     0.600000    
21621    616.956512   -0.366029    0.741020     0.600000    
21631    617.004692   -0.367482    0.746850     0.600000    
21641    617.051043   -0.368299    0.742960     0.600000    
21651    617.090028   -0.370081    0.743960     0.600000    
21661    617.126810   -0.370957    0.745700     0.600000    
21671    617.163628   -0.372838    0.740570     0.600000    
21681    617.200386   -0.375122    0.743520     0.600000    
21691    617.236275   -0.376605    0.743910     0.600000    
21701    617.273059   -0.377951    0.741550     0.600000    
21711    617.314778   -0.378945    0.744110     0.600000    
21721    617.358976   -0.380631    0.744210     0.600000    
21731    617.403627   -0.382407    0.739990     0.600000    
21741    617.448435   -0.383146    0.742100     0.600000    
21751    617.493019   -0.384902    0.741060     0.600000    
21761    617.537566   -0.387297    0.743730     0.600000    
21771    617.582708   -0.388879    0.740580     0.600000    
21781    617.627768   -0.389912    0.741130     0.600000    
21791    617.668244   -0.390996    0.741130     0.600000    
21801    617.708250   -0.392736    0.744300     0.600000    
21811    617.748711   -0.394071    0.740630     0.600000    
21821    617.788691   -0.395211    0.742290     0.600000    
21831    617.828638   -0.397489    0.741290     0.600000    
21841    617.868615   -0.398231    0.742090     0.600000    
21851    617.908593   -0.399908    0.747550     0.600000    
21861    617.949018   -0.401472    0.743280     0.600000    
21871    617.988769   -0.402590    0.743730     0.600000    
21881    618.028489   -0.404091    0.742420     0.600000    
21891    618.071030   -0.405953    0.739420     0.600000    
21901    618.124825   -0.408239    0.740570     0.600000    
21911    618.173002   -0.409145    0.742700     0.600000    
21921    618.221484   -0.410810    0.742320     0.600000    
21931    618.269912   -0.411606    0.740640     0.600000    
21941    618.318432   -0.413505    0.741060     0.600000    
21951    618.366929   -0.415160    0.739400     0.600000    
21961    618.415327   -0.416499    0.743900     0.600000    
21971    618.463833   -0.417947    0.740150     0.600000    
21981    618.512371   -0.419070    0.738630     0.600000    
21991    618.561465   -0.419800    0.740490     0.600000    
22001    618.610908   -0.421063    0.738520     0.600000    
22011    618.659370   -0.422671    0.742210     0.600000    
22021    618.707843   -0.423704    0.740200     0.600000    
22031    618.756820   -0.425046    0.742590     0.600000    
22041    618.805661   -0.426428    0.741510     0.600000    
22051    618.854547   -0.427384    0.741930     0.600000    
22061    618.903083   -0.429018    0.740060     0.600000    
22071    618.951572   -0.430505    0.740480     0.600000    
22081    618.999609   -0.431729    0.739490     0.600000    
22091    619.048091   -0.433127    0.741040     0.600000    
22101    619.096539   -0.433875    0.738420     0.600000    
22111    619.144982   -0.435787    0.740760     0.600000    
22121    619.192997   -0.436955    0.740100     0.600000    
22131    619.241570   -0.438148    0.739820     0.600000    
22141    619.289983   -0.439566    0.742070     0.600000    
22151    619.338466   -0.440361    0.742960     0.600000    
22161    619.387409   -0.442163    0.740460     0.600000    
22171    619.426520   -0.443293    0.742130     0.600000    
22181    619.463467   -0.444008    0.738820     0.600000    
22191    619.504328   -0.445234    0.739200     0.600000    
22201    619.544007   -0.446524    0.739000     0.600000    
22211    619.586079   -0.448001    0.738450     0.600000    
22221    619.626748   -0.449205    0.738380     0.600000    
22231    619.666984   -0.450996    0.739810     0.600000    
22241    619.707141   -0.452807    0.735760     0.600000    
22251    619.752342   -0.453734    0.741250     0.600000    
22261    619.801722   -0.455211    0.738680     0.600000    
22271    619.850034   -0.457109    0.739380     0.600000    
22281    619.898212   -0.458368    0.737470     0.600000    
22291    619.946897   -0.459487    0.740430     0.600000    
22301    619.995524   -0.461015    0.738860     0.600000    
22311    620.044079   -0.462189    0.740010     0.600000    
22321    620.092250   -0.462835    0.737680     0.600000    
22331    620.137667   -0.464854    0.736890     0.600000    
22341    620.181857   -0.466227    0.742040     0.600000    
22351    620.226180   -0.467336    0.740430     0.600000    
22361    620.270844   -0.469251    0.741490     0.600000    
22371    620.315552   -0.470536    0.740050     0.600000    
22381    620.360243   -0.471390    0.741380     0.600000    
22391    620.404612   -0.473112    0.739600     0.600000    
22401    620.449162   -0.474657    0.737180     0.600000    
22411    620.493399   -0.476543    0.739950     0.600000    
22421    620.538092   -0.478909    0.738260     0.600000    
22431    620.582777   -0.480579    0.738710     0.600000    
22441    620.627455   -0.481468    0.738220     0.600000    
22451    620.671652   -0.483346    0.739850     0.600000    
22461    620.716334   -0.484734    0.737460     0.600000    
22471    620.760645   -0.486994    0.740260     0.600000    
22481    620.805362   -0.488309    0.738500     0.600000    
22491    620.849594   -0.489538    0.737990     0.600000    
22500    620.889362   -0.490323    0.738850     0.600000    
22500    1114.747191  -0.490323    0.000000     0.600000    
22500    1140.769444  -0.491804    0.000000     0.600000    
22500    1140.770021  -0.492955    0.000000     0.600000    
22500    1140.770580  -0.493508    0.000000     0.600000    
22500    1140.771124  -0.494770    0.000000     0.600000    
22500    1140.771661  -0.495805    0.000000     0.600000    
22500    1140.772196  -0.497141    0.000000     0.600000    
22500    1140.772733  -0.499006    0.000000     0.600000    
22500    1140.773271  -0.499858    0.000000     0.600000    
22500    1140.773809  -0.500994    0.000000     0.600000    
22500    1140.774342  -0.502788    0.000000     0.600000    
22500    1140.774870  -0.503950    0.000000     0.600000    
22500    1140.775399  -0.505270    0.000000     0.600000    
22500    1140.775929  -0.507856    0.000000     0.600000    
22500    1140.776458  -0.509420    0.000000     0.600000    
22500    1140.776991  -0.510357    0.000000     0.600000    
22500    1140.777519  -0.511678    0.000000     0.600000    
22500    1140.778051  -0.512866    0.000000     0.600000    
22500    1140.778590  -0.514607    0.000000     0.600000    
22500    1140.779119  -0.515575    0.000000     0.600000    
22500    1140.779653  -0.516406    0.000000     0.600000    
22500    1140.780188  -0.517773    0.000000     0.600000    
22500    1140.780734  -0.518960    0.000000     0.600000    
22500    1140.781263  -0.520821    0.000000     0.600000    
22500    1140.781795  -0.521925    0.000000     0.600000    
22500    1140.782324  -0.523509    0.000000     0.600000    
22500    1140.782850  -0.524630    0.000000     0.600000    
22500    1140.783377  -0.526176    0.000000     0.600000    
22500    1140.783900  -0.527910    0.000000     0.600000    
22500    1140.784428  -0.530386    0.000000     0.600000    
22500    1140.784954  -0.531748    0.000000     0.600000    
22500    1140.785494  -0.533731    0.000000     0.600000    
22500    1140.786016  -0.535242    0.000000     0.600000    
22500    1140.786542  -0.536091    0.000000     0.600000    
22500    1140.787069  -0.537189    0.000000     0.600000    
22500    1140.787595  -0.538630    0.000000     0.600000    
22500    1140.788122  -0.539531    0.000000     0.600000    
22500    1140.788649  -0.541277    0.000000     0.600000    
22500    1140.789179  -0.542071    0.000000     0.600000    
22500    1140.789706  -0.543781    0.000000     0.600000    
22500    1140.790238  -0.544993    0.000000     0.600000    
22500    1140.790768  -0.545982    0.000000     0.600000    
22500    1140.791291  -0.547418    0.000000     0.600000    
22500    1140.791821  -0.548307    0.000000     0.600000    
22500    1140.792348  -0.550035    0.000000     0.600000    
22500    1140.792875  -0.551451    0.000000     0.600000    
22500    1140.793402  -0.552345    0.000000     0.600000    
22500    1140.793929  -0.553765    0.000000     0.600000    
22500    1140.794454  -0.554605    0.000000     0.600000    
22500    1140.794981  -0.555835    0.000000     0.600000    
22500    1140.795509  -0.557052    0.000000     0.600000    
22500    1140.796041  -0.558623    0.000000     0.600000    
22500    1140.796569  -0.559653    0.000000     0.600000    
22500    1140.797107  -0.560544    0.000000     0.600000    
22500    1140.797642  -0.562460    0.000000     0.600000    
22500    1140.798184  -0.563905    0.000000     0.600000    
22500    1140.798732  -0.565135    0.000000     0.600000    
22500    1140.799265  -0.566556    0.000000     0.600000    
22500    1140.799795  -0.567790    0.000000     0.600000    
22500    1140.800328  -0.569504    0.000000     0.600000    
22500    1140.800869  -0.570791    0.000000     0.600000    
22500    1140.801402  -0.571864    0.000000     0.600000    
22500    1140.801932  -0.572900    0.000000     0.600000    
22500    1140.802462  -0.574059    0.000000     0.600000    
22500    1140.802992  -0.574633    0.000000     0.600000    
22500    1140.803524  -0.575393    0.000000     0.600000    
22500    1140.804055  -0.576390    0.000000     0.600000    
22500    1140.804852  -0.578787    0.000000     0.600000    
22500    1140.805378  -0.580879    0.000000     0.600000    
22500    1140.805919  -0.582371    0.000000     0.600000    
22500    1140.806459  -0.583331    0.000000     0.600000    
22500    1140.807085  -0.584262    0.000000     0.600000    
22500    1140.807647  -0.586004    0.000000     0.600000    
22500    1140.808187  -0.587653    0.000000     0.600000    
22500    1140.808719  -0.589900    0.000000     0.600000    
22500    1140.809279  -0.591332    0.000000     0.600000    
22500    1140.809814  -0.591968    0.000000     0.600000    
22500    1140.810351  -0.593707    0.000000     0.600000    
22500    1140.810880  -0.594418    0.000000     0.600000    
22500    1140.811428  -0.595809    0.000000     0.600000    
22500    1140.811968  -0.597067    0.000000     0.600000    
22500    1140.812494  -0.598580    0.000000     0.600000    
22500    1140.813060  -0.599666    0.000000     0.600000    
22500    1140.813592  -0.600434    0.000000     0.600000    
22500    1140.814118  -0.601589    0.000000     0.600000    
22500    1140.814642  -0.603253    0.000000     0.600000    
22500    1140.815168  -0.604172    0.000000     0.600000    
22500    1140.815700  -0.605877    0.000000     0.600000    
22500    1140.816224  -0.606711    0.000000     0.600000    
22500    1140.817573  -0.608640    0.000000     0.600000    
22500    1140.818104  -0.609839    0.000000     0.600000    
22500    1140.818672  -0.610795    0.000000     0.600000    
22500    1140.819217  -0.611937    0.000000     0.600000    
22500    1140.819754  -0.613490    0.000000     0.600000    
22500    1140.820344  -0.614377    0.000000     0.600000    
22500    1140.820871  -0.615145    0.000000     0.600000    
22500    1140.821405  -0.616606    0.000000     0.600000    
22500    1140.821945  -0.618120    0.000000     0.600000    
22500    1140.822474  -0.619336    0.000000     0.600000    
22500    1140.823005  -0.621022    0.000000     0.600000    
22500    1140.823539  -0.621706    0.000000     0.600000    
22500    1140.824108  -0.622261    0.000000     0.600000    
22500    1140.824637  -0.624482    0.000000     0.600000    
22500    1140.825170  -0.625530    0.000000     0.600000    
22500    1140.825703  -0.627040    0.000000     0.600000    
22500    1140.826226  -0.628105    0.000000     0.600000    
22500    1140.826764  -0.629584    0.000000     0.600000    
22500    1140.827299  -0.631569    0.000000     0.600000    
22500    1140.827827  -0.632300    0.000000     0.600000    
22500    1140.828359  -0.634169    0.000000     0.600000    
22500    1140.828887  -0.635144    0.000000     0.600000    
22500    1140.829419  -0.636059    0.000000     0.600000    
22500    1140.829946  -0.637232    0.000000     0.600000    
22500    1140.830472  -0.638545    0.000000     0.600000    
22500    1140.830997  -0.639639    0.000000     0.600000    
22500    1140.831523  -0.641159    0.000000     0.600000    
22500    1140.832081  -0.642650    0.000000     0.600000    
22500    1140.832640  -0.643208    0.000000     0.600000    
22500    1140.833202  -0.644656    0.000000     0.600000    
22500    1140.833762  -0.645287    0.000000     0.600000    
22500    1140.834330  -0.647064    0.000000     0.600000    
22500    1140.834891  -0.647643    0.000000     0.600000    
22500    1140.835459  -0.648663    0.000000     0.600000    
22500    1140.836024  -0.649596    0.000000     0.600000    
22500    1140.836583  -0.650988    0.000000     0.600000    
22500    1140.837138  -0.651610    0.000000     0.600000    
22500    1140.837706  -0.652738    0.000000     0.600000    
22500    1140.838272  -0.653877    0.000000     0.600000    
22500    1140.838832  -0.654894    0.000000     0.600000    
22500    1140.839392  -0.655907    0.000000     0.600000    
22500    1140.839951  -0.656796    0.000000     0.600000    
22500    1140.840521  -0.658415    0.000000     0.600000    
22500    1140.841088  -0.659151    0.000000     0.600000    
22500    1140.841652  -0.659919    0.000000     0.600000    
22500    1140.843020  -0.661281    0.000000     0.600000    
22500    1140.843612  -0.662842    0.000000     0.600000    
22500    1140.844168  -0.663408    0.000000     0.600000    
22500    1140.844739  -0.664612    0.000000     0.600000    
22500    1140.845309  -0.665662    0.000000     0.600000    
22500    1140.845876  -0.667009    0.000000     0.600000    
22500    1140.846442  -0.668098    0.000000     0.600000    
22500    1140.847049  -0.669153    0.000000     0.600000    
22500    1140.847652  -0.670283    0.000000     0.600000    
22500    1140.848260  -0.671405    0.000000     0.600000    
22500    1140.848867  -0.672585    0.000000     0.600000    
22500    1140.849476  -0.673407    0.000000     0.600000    
22500    1140.850074  -0.674344    0.000000     0.600000    
22500    1140.850678  -0.675204    0.000000     0.600000    
22500    1140.851283  -0.677547    0.000000     0.600000    
22500    1140.851855  -0.679379    0.000000     0.600000    
22500    1140.852421  -0.680982    0.000000     0.600000    
22500    1140.852981  -0.681921    0.000000     0.600000    
22500    1140.853543  -0.683275    0.000000     0.600000    
22500    1140.854101  -0.684087    0.000000     0.600000    
22500    1140.854667  -0.684827    0.000000     0.600000    
22500    1140.855233  -0.685969    0.000000     0.600000    
22500    1140.855796  -0.687486    0.000000     0.600000    
22500    1140.856359  -0.688846    0.000000     0.600000    
22500    1140.856908  -0.689673    0.000000     0.600000    
22500    1140.857468  -0.690435    0.000000     0.600000    
22500    1140.858026  -0.692216    0.000000     0.600000    
22500    1140.858587  -0.693985    0.000000     0.600000    
22500    1140.859154  -0.695172    0.000000     0.600000    
22500    1140.859717  -0.696773    0.000000     0.600000    
22500    1140.860286  -0.698443    0.000000     0.600000    
22500    1140.860839  -0.699031    0.000000     0.600000    
22500    1140.861395  -0.700127    0.000000     0.600000    
22500    1140.861980  -0.700557    0.000000     0.600000    
22500    1140.862586  -0.701754    0.000000     0.600000    
22500    1140.863188  -0.703252    0.000000     0.600000    
22500    1140.863791  -0.704862    0.000000     0.600000    
22500    1140.864395  -0.706213    0.000000     0.600000    
22500    1140.864994  -0.707172    0.000000     0.600000    
22500    1140.865601  -0.708314    0.000000     0.600000    
22500    1140.866205  -0.709400    0.000000     0.600000    
22500    1140.866787  -0.711130    0.000000     0.600000    
22500    1140.867362  -0.712570    0.000000     0.600000    
22500    1140.867920  -0.713745    0.000000     0.600000    
22500    1140.868480  -0.714684    0.000000     0.600000    
22500    1140.869045  -0.715737    0.000000     0.600000    
22500    1140.869609  -0.716901    0.000000     0.600000    
22500    1140.870173  -0.717757    0.000000     0.600000    
22500    1140.870729  -0.718877    0.000000     0.600000    
22500    1140.871288  -0.721296    0.000000     0.600000    
22500    1140.871846  -0.722663    0.000000     0.600000    
22500    1140.872402  -0.723355    0.000000     0.600000    
22500    1140.872969  -0.724616    0.000000     0.600000    
22500    1140.873613  -0.725415    0.000000     0.600000    
22500    1140.874177  -0.725857    0.000000     0.600000    
22500    1140.874736  -0.727261    0.000000     0.600000    
22500    1140.875305  -0.728578    0.000000     0.600000    
22500    1140.875874  -0.729680    0.000000     0.600000    
22500    1140.876449  -0.730726    0.000000     0.600000    
22500    1140.877042  -0.732044    0.000000     0.600000    
22500    1140.877624  -0.732778    0.000000     0.600000    
22500    1140.878225  -0.734466    0.000000     0.600000    
22500    1140.878832  -0.735169    0.000000     0.600000    
22500    1140.879439  -0.736055    0.000000     0.600000    
22500    1140.880043  -0.737338    0.000000     0.600000    
22500    1140.880653  -0.738495    0.000000     0.600000    
22500    1140.881257  -0.740650    0.000000     0.600000    
22500    1140.881869  -0.741748    0.000000     0.600000    
22500    1140.882475  -0.742854    0.000000     0.600000    
22500    1140.883078  -0.744034    0.000000     0.600000    
22500    1140.883679  -0.745321    0.000000     0.600000    
22500    1140.884280  -0.745936    0.000000     0.600000    
22500    1140.884892  -0.747113    0.000000     0.600000    
22500    1140.885495  -0.748236    0.000000     0.600000    
22500    1140.886101  -0.749367    0.000000     0.600000    
22500    1140.886701  -0.750292    0.000000     0.600000    
22500    1140.887298  -0.751493    0.000000     0.600000    
22500    1140.887882  -0.752066    0.000000     0.600000    
22500    1140.888479  -0.753771    0.000000     0.600000    
22500    1140.889081  -0.754495    0.000000     0.600000    
22500    1140.889683  -0.756093    0.000000     0.600000    
22500    1140.890279  -0.757746    0.000000     0.600000    
22500    1140.890875  -0.758456    0.000000     0.600000    
22500    1140.891476  -0.759537    0.000000     0.600000    
22500    1140.892068  -0.760279    0.000000     0.600000    
22500    1140.892671  -0.761071    0.000000     0.600000    
22500    1140.893272  -0.761805    0.000000     0.600000    
22500    1140.893877  -0.764205    0.000000     0.600000    
22500    1140.894480  -0.765305    0.000000     0.600000    
22500    1140.895080  -0.766302    0.000000     0.600000    
22500    1140.895676  -0.767339    0.000000     0.600000    
22500    1140.896281  -0.768172    0.000000     0.600000    
22500    1140.896874  -0.769323    0.000000     0.600000    
22500    1140.897469  -0.770554    0.000000     0.600000    
22500    1140.898067  -0.771743    0.000000     0.600000    
22500    1140.898663  -0.772426    0.000000     0.600000    
22500    1140.899263  -0.773685    0.000000     0.600000    
22500    1140.899869  -0.774729    0.000000     0.600000    
22500    1140.900465  -0.775443    0.000000     0.600000    
22500    1140.901061  -0.776379    0.000000     0.600000    
22500    1140.901668  -0.777125    0.000000     0.600000    
22500    1140.902256  -0.778075    0.000000     0.600000    
22500    1140.902860  -0.779140    0.000000     0.600000    
22500    1140.903455  -0.780336    0.000000     0.600000    
22500    1140.904054  -0.781393    0.000000     0.600000    
22500    1140.904647  -0.782057    0.000000     0.600000    
22500    1140.905244  -0.783311    0.000000     0.600000    
22500    1140.905827  -0.783911    0.000000     0.600000    
22500    1140.906416  -0.785036    0.000000     0.600000    
22500    1140.907085  -0.786290    0.000000     0.600000    
22500    1140.907707  -0.787019    0.000000     0.600000    
22500    1140.908307  -0.787701    0.000000     0.600000    
22500    1140.908913  -0.789409    0.000000     0.600000    
22500    1140.909519  -0.790584    0.000000     0.600000    
22500    1140.910117  -0.791964    0.000000     0.600000    
22500    1140.910720  -0.792823    0.000000     0.600000    
22500    1140.911327  -0.794446    0.000000     0.600000    
22500    1140.911933  -0.795517    0.000000     0.600000    
22500    1140.912534  -0.796265    0.000000     0.600000    
22500    1140.913134  -0.797042    0.000000     0.600000    
22500    1140.913735  -0.797645    0.000000     0.600000    
22500    1140.914338  -0.798737    0.000000     0.600000    
22500    1140.914948  -0.799877    0.000000     0.600000    
22500    1140.915551  -0.800471    0.000000     0.600000    
22500    1140.916158  -0.801304    0.000000     0.600000    
22500    1140.916762  -0.802505    0.000000     0.600000    
22500    1140.917372  -0.803664    0.000000     0.600000    
22500    1140.917967  -0.804967    0.000000     0.600000    
22500    1140.918569  -0.805737    0.000000     0.600000    
22500    1140.919168  -0.807787    0.000000     0.600000    
22500    1140.919768  -0.809737    0.000000     0.600000    
22500    1140.920367  -0.811147    0.000000     0.600000    
22500    1140.920970  -0.812145    0.000000     0.600000    
22500    1140.921571  -0.812812    0.000000     0.600000    
22500    1140.922174  -0.814121    0.000000     0.600000    
22500    1140.922770  -0.814658    0.000000     0.600000    
22500    1140.923371  -0.815321    0.000000     0.600000    
22500    1140.923972  -0.816213    0.000000     0.600000    
22500    1140.924564  -0.816850    0.000000     0.600000    
22500    1140.925158  -0.818157    0.000000     0.600000    
22500    1140.925756  -0.818835    0.000000     0.600000    
22500    1140.926355  -0.819545    0.000000     0.600000    
22500    1140.926951  -0.819788    0.000000     0.600000    
22500    1140.927552  -0.821100    0.000000     0.600000    
22500    1140.928146  -0.822296    0.000000     0.600000    
22500    1140.928740  -0.823582    0.000000     0.600000    
22500    1140.929335  -0.824479    0.000000     0.600000    
22500    1140.929937  -0.825741    0.000000     0.600000    
22500    1140.930537  -0.827105    0.000000     0.600000    
22500    1140.931138  -0.828499    0.000000     0.600000    
22500    1140.931740  -0.829624    0.000000     0.600000    
22500    1140.932333  -0.831254    0.000000     0.600000    
22500    1140.932938  -0.833358    0.000000     0.600000    
22500    1140.933531  -0.833799    0.000000     0.600000    
22500    1140.934132  -0.835159    0.000000     0.600000    
22500    1140.934725  -0.836219    0.000000     0.600000    
22500    1140.935326  -0.837754    0.000000     0.600000    
22500    1140.935921  -0.839310    0.000000     0.600000    
22500    1140.936512  -0.840306    0.000000     0.600000    
22500    1140.937107  -0.840853    0.000000     0.600000    
22500    1140.937706  -0.842180    0.000000     0.600000    
22500    1140.938301  -0.843340    0.000000     0.600000    
22500    1140.938892  -0.843819    0.000000     0.600000    
22500    1140.939496  -0.845291    0.000000     0.600000    
22500    1140.940085  -0.846062    0.000000     0.600000    
22500    1140.940671  -0.846918    0.000000     0.600000    
22500    1140.941270  -0.848135    0.000000     0.600000    
22500    1140.941868  -0.849829    0.000000     0.600000    
22500    1140.942466  -0.850679    0.000000     0.600000    
22500    1140.943077  -0.851680    0.000000     0.600000    
22500    1140.943676  -0.853056    0.000000     0.600000    
22500    1140.944275  -0.854279    0.000000     0.600000    
22500    1140.944870  -0.855320    0.000000     0.600000    
22500    1140.945467  -0.856911    0.000000     0.600000    
22500    1140.946063  -0.857217    0.000000     0.600000    
22500    1140.946661  -0.858664    0.000000     0.600000    
22500    1140.947253  -0.859186    0.000000     0.600000    
22500    1140.947850  -0.859685    0.000000     0.600000    
22500    1140.948445  -0.860919    0.000000     0.600000    
22500    1140.949043  -0.862866    0.000000     0.600000    
22500    1140.949627  -0.864032    0.000000     0.600000    
22500    1140.950220  -0.865406    0.000000     0.600000    
22500    1140.950813  -0.867069    0.000000     0.600000    
22500    1140.951407  -0.869153    0.000000     0.600000    
22500    1140.951997  -0.869318    0.000000     0.600000    
22500    1140.952593  -0.870297    0.000000     0.600000    
22500    1140.953187  -0.871404    0.000000     0.600000    
22500    1140.953785  -0.872651    0.000000     0.600000    
22500    1140.954382  -0.873749    0.000000     0.600000    
22500    1140.954978  -0.874278    0.000000     0.600000    
22500    1140.955574  -0.875717    0.000000     0.600000    
22500    1140.956160  -0.876449    0.000000     0.600000    
22500    1140.956765  -0.877474    0.000000     0.600000    
22500    1140.957360  -0.878464    0.000000     0.600000    
22500    1140.957955  -0.879408    0.000000     0.600000    
22500    1140.958555  -0.880772    0.000000     0.600000    
22500    1140.959145  -0.882151    0.000000     0.600000    
22500    1140.959742  -0.883039    0.000000     0.600000    
22500    1140.960336  -0.884279    0.000000     0.600000    
22500    1140.960933  -0.885069    0.000000     0.600000    
22500    1140.961529  -0.887034    0.000000     0.600000    
22500    1140.962127  -0.887999    0.000000     0.600000    
22500    1140.962724  -0.889830    0.000000     0.600000    
22500    1140.963317  -0.890775    0.000000     0.600000    
22500    1140.963916  -0.892154    0.000000     0.600000    
22500    1140.964512  -0.893244    0.000000     0.600000    
22500    1140.965109  -0.894122    0.000000     0.600000    
22500    1140.965710  -0.895423    0.000000     0.600000    
22500    1140.966307  -0.896204    0.000000     0.600000    
22500    1140.966896  -0.897324    0.000000     0.600000    
22500    1140.967487  -0.899162    0.000000     0.600000    
22500    1140.968071  -0.900354    0.000000     0.600000    
22500    1140.968667  -0.901327    0.000000     0.600000    
22500    1140.969259  -0.902601    0.000000     0.600000    
22500    1140.969849  -0.903655    0.000000     0.600000    
22500    1140.970441  -0.904668    0.000000     0.600000    
22500    1140.971034  -0.905444    0.000000     0.600000    
22500    1140.971622  -0.906293    0.000000     0.600000    
22500    1140.972218  -0.907171    0.000000     0.600000    
22500    1140.972808  -0.908594    0.000000     0.600000    
22500    1140.973401  -0.909373    0.000000     0.600000    
22500    1140.973990  -0.910082    0.000000     0.600000    
22500    1140.974585  -0.911178    0.000000     0.600000    
22500    1140.975187  -0.913038    0.000000     0.600000    
22500    1140.975788  -0.914377    0.000000     0.600000    
22500    1140.976380  -0.915549    0.000000     0.600000    
22500    1140.976975  -0.917226    0.000000     0.600000    
22500    1140.977574  -0.918391    0.000000     0.600000    
22500    1140.979060  -0.918960    0.000000     0.600000    
22500    1140.979640  -0.920231    0.000000     0.600000    
22500    1140.980222  -0.921487    0.000000     0.600000    
22500    1140.980797  -0.921926    0.000000     0.600000    
22500    1140.981380  -0.923084    0.000000     0.600000    
22500    1140.981960  -0.923802    0.000000     0.600000    
22500    1140.982537  -0.924729    0.000000     0.600000    
22500    1140.983120  -0.925790    0.000000     0.600000    
22500    1140.983699  -0.927011    0.000000     0.600000    
22500    1140.984279  -0.927564    0.000000     0.600000    
22500    1140.984861  -0.928668    0.000000     0.600000    
22500    1140.985450  -0.930131    0.000000     0.600000    
22500    1140.986034  -0.931662    0.000000     0.600000    
22500    1140.986615  -0.932320    0.000000     0.600000    
22500    1140.987201  -0.933186    0.000000     0.600000    
22500    1140.987785  -0.934071    0.000000     0.600000    
22500    1140.988366  -0.934798    0.000000     0.600000    
22500    1140.988935  -0.935316    0.000000     0.600000    
22500    1140.989519  -0.936422    0.000000     0.600000    
22500    1140.990090  -0.937680    0.000000     0.600000    
22500    1140.990671  -0.938219    0.000000     0.600000    
22500    1140.991251  -0.938969    0.000000     0.600000    
22500    1140.991827  -0.940193    0.000000     0.600000    
22500    1140.992411  -0.941002    0.000000     0.600000    
22500    1140.992992  -0.941975    0.000000     0.600000    
22500    1140.993569  -0.943033    0.000000     0.600000    
22500    1140.994145  -0.944721    0.000000     0.600000    
22500    1140.994725  -0.945931    0.000000     0.600000    
22500    1140.995298  -0.946593    0.000000     0.600000    
22500    1140.995875  -0.947741    0.000000     0.600000    
22500    1140.996453  -0.948324    0.000000     0.600000    
22500    1140.997039  -0.949213    0.000000     0.600000    
22500    1140.997614  -0.949758    0.000000     0.600000    
22500    1140.998190  -0.950623    0.000000     0.600000    
22500    1140.998765  -0.951606    0.000000     0.600000    
22500    1140.999343  -0.951996    0.000000     0.600000    
22500    1140.999918  -0.952373    0.000000     0.600000    
22500    1141.000496  -0.953400    0.000000     0.600000    
22500    1141.001073  -0.954237    0.000000     0.600000    
22500    1141.001655  -0.955224    0.000000     0.600000    
22500    1141.002232  -0.955949    0.000000     0.600000    
22500    1141.002810  -0.956641    0.000000     0.600000    
22500    1141.003378  -0.957615    0.000000     0.600000    
22500    1141.003959  -0.958497    0.000000     0.600000    
22500    1141.004537  -0.959207    0.000000     0.600000    
22500    1141.005110  -0.959795    0.000000     0.600000    
22500    1141.005687  -0.960893    0.000000     0.600000    
22500    1141.006264  -0.961839    0.000000     0.600000    
22500    1141.006835  -0.962295    0.000000     0.600000    
22500    1141.007412  -0.963729    0.000000     0.600000    
22500    1141.007990  -0.965626    0.000000     0.600000    
22500    1141.008565  -0.966741    0.000000     0.600000    
22500    1141.009145  -0.968483    0.000000     0.600000    
22500    1141.009716  -0.969011    0.000000     0.600000    
22500    1141.010287  -0.969629    0.000000     0.600000    
22500    1141.010862  -0.970266    0.000000     0.600000    
22500    1141.011434  -0.971349    0.000000     0.600000    
22500    1141.012015  -0.972009    0.000000     0.600000    
22500    1141.012589  -0.972610    0.000000     0.600000    
22500    1141.013163  -0.973353    0.000000     0.600000    
22500    1141.013737  -0.974099    0.000000     0.600000    
22500    1141.014314  -0.974698    0.000000     0.600000    
22500    1141.014896  -0.976352    0.000000     0.600000    
22500    1141.015478  -0.977875    0.000000     0.600000    
22500    1141.016058  -0.979252    0.000000     0.600000    
22500    1141.016633  -0.980038    0.000000     0.600000    
22500    1141.017203  -0.980729    0.000000     0.600000    
22500    1141.017775  -0.981361    0.000000     0.600000    
22500    1141.018342  -0.981633    0.000000     0.600000    
22500    1141.018924  -0.982735    0.000000     0.600000    
22500    1141.019498  -0.983880    0.000000     0.600000    
22500    1141.020091  -0.984963    0.000000     0.600000    
22500    1141.020662  -0.985662    0.000000     0.600000    
22500    1141.021232  -0.986455    0.000000     0.600000    
22500    1141.021834  -0.987158    0.000000     0.600000    
22500    1141.022459  -0.988260    0.000000     0.600000    
22500    1141.023085  -0.989313    0.000000     0.600000    
22500    1141.023713  -0.990827    0.000000     0.600000    
22500    1141.024344  -0.992508    0.000000     0.600000    
22500    1141.024975  -0.994011    0.000000     0.600000    
22500    1141.025595  -0.994214    0.000000     0.600000    
22500    1141.026227  -0.995246    0.000000     0.600000    
22500    1141.026828  -0.997331    0.000000     0.600000    
22500    1141.027406  -0.998284    0.000000     0.600000    
22500    1141.027988  -0.999086    0.000000     0.600000    
22500    1141.028559  -0.999996    0.000000     0.600000    
22500    1141.029135  -1.000887    0.000000     0.600000    
22500    1141.029713  -1.001915    0.000000     0.600000    
22500    1141.030283  -1.002197    0.000000     0.600000    
22500    1141.030863  -1.002861    0.000000     0.600000    
22500    1141.031439  -1.003432    0.000000     0.600000    
22500    1141.032068  -1.004408    0.000000     0.600000    
22500    1141.032695  -1.005354    0.000000     0.600000    
22500    1141.033319  -1.006025    0.000000     0.600000    
22500    1141.033939  -1.006550    0.000000     0.600000    
22500    1141.034567  -1.007433    0.000000     0.600000    
22500    1141.035192  -1.008566    0.000000     0.600000    
22500    1141.035818  -1.010009    0.000000     0.600000    
22500    1141.036443  -1.010766    0.000000     0.600000    
22500    1141.037026  -1.011709    0.000000     0.600000    
22500    1141.037607  -1.012746    0.000000     0.600000    
22500    1141.038189  -1.013673    0.000000     0.600000    
22500    1141.038771  -1.014389    0.000000     0.600000    
22500    1141.039357  -1.015746    0.000000     0.600000    
22500    1141.039936  -1.016713    0.000000     0.600000    
22500    1141.040509  -1.018070    0.000000     0.600000    
22500    1141.041089  -1.019578    0.000000     0.600000    
22500    1141.041687  -1.020452    0.000000     0.600000    
22500    1141.042315  -1.021519    0.000000     0.600000    
22500    1141.042951  -1.022393    0.000000     0.600000    
22500    1141.043570  -1.022762    0.000000     0.600000    
22500    1141.044204  -1.023656    0.000000     0.600000    
22500    1141.044833  -1.025243    0.000000     0.600000    
22500    1141.045461  -1.026466    0.000000     0.600000    
22500    1141.046088  -1.027754    0.000000     0.600000    
22500    1141.046699  -1.028713    0.000000     0.600000    
22500    1141.047268  -1.029233    0.000000     0.600000    
22500    1141.047843  -1.030201    0.000000     0.600000    
22500    1141.048421  -1.031697    0.000000     0.600000    
22500    1141.049004  -1.032713    0.000000     0.600000    
22500    1141.049573  -1.033104    0.000000     0.600000    
22500    1141.050145  -1.034086    0.000000     0.600000    
22500    1141.050714  -1.034664    0.000000     0.600000    
22500    1141.051291  -1.035835    0.000000     0.600000    
22500    1141.051867  -1.036942    0.000000     0.600000    
22500    1141.052439  -1.038239    0.000000     0.600000    
22500    1141.053008  -1.039163    0.000000     0.600000    
22500    1141.053587  -1.040160    0.000000     0.600000    
22500    1141.054162  -1.041374    0.000000     0.600000    
22500    1141.054738  -1.041911    0.000000     0.600000    
22500    1141.055318  -1.042936    0.000000     0.600000    
22500    1141.055897  -1.043690    0.000000     0.600000    
22500    1141.056469  -1.044492    0.000000     0.600000    
22500    1141.057087  -1.045437    0.000000     0.600000    
22500    1141.057704  -1.046091    0.000000     0.600000    
22500    1141.058322  -1.046647    0.000000     0.600000    
22500    1141.058957  -1.047718    0.000000     0.600000    
22500    1141.059571  -1.047840    0.000000     0.600000    
22500    1141.060191  -1.048943    0.000000     0.600000    
22500    1141.060820  -1.049368    0.000000     0.600000    
22500    1141.061435  -1.050340    0.000000     0.600000    
22500    1141.062012  -1.051103    0.000000     0.600000    
22500    1141.062586  -1.052247    0.000000     0.600000    
22500    1141.063153  -1.052947    0.000000     0.600000    
22500    1141.063718  -1.053283    0.000000     0.600000    
22500    1141.064290  -1.053851    0.000000     0.600000    
22500    1141.064861  -1.054809    0.000000     0.600000    
22500    1141.065432  -1.055640    0.000000     0.600000    
22500    1141.066005  -1.056308    0.000000     0.600000    
22500    1141.066568  -1.056555    0.000000     0.600000    
22500    1141.067134  -1.057227    0.000000     0.600000    
22500    1141.067701  -1.057852    0.000000     0.600000    
22500    1141.068282  -1.059685    0.000000     0.600000    
22500    1141.068852  -1.061082    0.000000     0.600000    
22500    1141.069426  -1.062092    0.000000     0.600000    
22500    1141.069993  -1.062671    0.000000     0.600000    
22500    1141.070569  -1.064173    0.000000     0.600000    
22500    1141.071136  -1.065455    0.000000     0.600000    
22500    1141.071732  -1.067179    0.000000     0.600000    
22500    1141.072350  -1.068603    0.000000     0.600000    
22500    1141.072977  -1.070896    0.000000     0.600000    
22500    1141.073591  -1.071845    0.000000     0.600000    
22500    1141.074215  -1.072567    0.000000     0.600000    
22500    1141.074855  -1.073921    0.000000     0.600000    
22500    1141.075477  -1.074439    0.000000     0.600000    
22500    1141.076102  -1.075940    0.000000     0.600000    
22500    1141.076715  -1.076359    0.000000     0.600000    
22500    1141.077290  -1.077359    0.000000     0.600000    
22500    1141.077857  -1.077942    0.000000     0.600000    
22500    1141.078429  -1.078685    0.000000     0.600000    
22500    1141.079008  -1.079934    0.000000     0.600000    
22500    1141.079582  -1.081036    0.000000     0.600000    
22500    1141.080155  -1.081488    0.000000     0.600000    
22500    1141.080726  -1.082219    0.000000     0.600000    
22500    1141.081311  -1.083410    0.000000     0.600000    
22500    1141.081910  -1.083814    0.000000     0.600000    
22500    1141.082535  -1.084811    0.000000     0.600000    
22500    1141.083157  -1.085370    0.000000     0.600000    
22500    1141.083781  -1.086276    0.000000     0.600000    
22500    1141.084406  -1.086925    0.000000     0.600000    
22500    1141.085028  -1.088010    0.000000     0.600000    
22500    1141.085647  -1.088973    0.000000     0.600000    
22500    1141.086270  -1.089436    0.000000     0.600000    
22500    1141.086887  -1.090083    0.000000     0.600000    
22500    1141.087514  -1.090966    0.000000     0.600000    
22500    1141.088126  -1.091511    0.000000     0.600000    
22500    1141.088748  -1.092650    0.000000     0.600000    
22500    1141.089367  -1.093033    0.000000     0.600000    
22500    1141.089988  -1.094610    0.000000     0.600000    
22500    1141.090612  -1.095197    0.000000     0.600000    
22500    1141.091238  -1.095691    0.000000     0.600000    
22500    1141.091826  -1.096205    0.000000     0.600000    
22500    1141.092403  -1.097305    0.000000     0.600000    
22500    1141.092976  -1.098628    0.000000     0.600000    
22500    1141.093543  -1.099947    0.000000     0.600000    
22500    1141.094117  -1.100770    0.000000     0.600000    
22500    1141.094689  -1.102183    0.000000     0.600000    
22500    1141.095262  -1.102795    0.000000     0.600000    
22500    1141.095831  -1.103555    0.000000     0.600000    
22500    1141.096398  -1.104122    0.000000     0.600000    
22500    1141.097007  -1.104877    0.000000     0.600000    
22500    1141.097625  -1.105696    0.000000     0.600000    
22500    1141.098250  -1.106284    0.000000     0.600000    
22500    1141.098868  -1.107055    0.000000     0.600000    
22500    1141.099482  -1.107619    0.000000     0.600000    
22500    1141.100105  -1.108725    0.000000     0.600000    
22500    1141.100715  -1.109373    0.000000     0.600000    
22500    1141.101337  -1.110039    0.000000     0.600000    
22500    1141.101914  -1.110984    0.000000     0.600000    
22500    1141.102484  -1.112058    0.000000     0.600000    
22500    1141.103061  -1.112714    0.000000     0.600000    
22500    1141.103628  -1.113756    0.000000     0.600000    
22500    1141.104203  -1.115202    0.000000     0.600000    
22500    1141.104768  -1.116195    0.000000     0.600000    
22500    1141.105340  -1.116913    0.000000     0.600000    
22500    1141.105894  -1.117138    0.000000     0.600000    
22500    1141.106468  -1.117671    0.000000     0.600000    
22500    1141.107081  -1.118160    0.000000     0.600000    
22500    1141.107692  -1.118728    0.000000     0.600000    
22500    1141.108308  -1.119315    0.000000     0.600000    
22500    1141.108925  -1.120574    0.000000     0.600000    
22500    1141.109553  -1.121585    0.000000     0.600000    
22500    1141.110178  -1.123112    0.000000     0.600000    
22500    1141.110790  -1.124244    0.000000     0.600000    
22500    1141.111406  -1.125293    0.000000     0.600000    
22500    1141.111976  -1.125840    0.000000     0.600000    
22500    1141.112537  -1.126680    0.000000     0.600000    
22500    1141.113104  -1.127420    0.000000     0.600000    
22500    1141.113671  -1.128115    0.000000     0.600000    
22500    1141.114244  -1.128750    0.000000     0.600000    
22500    1141.114817  -1.129093    0.000000     0.600000    
22500    1141.115384  -1.129828    0.000000     0.600000    
22500    1141.115951  -1.130632    0.000000     0.600000    
22500    1141.116520  -1.130860    0.000000     0.600000    
22500    1141.117145  -1.132169    0.000000     0.600000    
22500    1141.117765  -1.132845    0.000000     0.600000    
22500    1141.118382  -1.133910    0.000000     0.600000    
22500    1141.119002  -1.134866    0.000000     0.600000    
22500    1141.119621  -1.135991    0.000000     0.600000    
22500    1141.120241  -1.136970    0.000000     0.600000    
22500    1141.120858  -1.137334    0.000000     0.600000    
22500    1141.121473  -1.138734    0.000000     0.600000    
22500    1141.122041  -1.139833    0.000000     0.600000    
22500    1141.122617  -1.140809    0.000000     0.600000    
22500    1141.123187  -1.141356    0.000000     0.600000    
22500    1141.123758  -1.141893    0.000000     0.600000    
22500    1141.124329  -1.142508    0.000000     0.600000    
22500    1141.124917  -1.143387    0.000000     0.600000    
22500    1141.125495  -1.143984    0.000000     0.600000    
22500    1141.126075  -1.144855    0.000000     0.600000    
22500    1141.126668  -1.145665    0.000000     0.600000    
22500    1141.127293  -1.146165    0.000000     0.600000    
22500    1141.127913  -1.146736    0.000000     0.600000    
22500    1141.128528  -1.147133    0.000000     0.600000    
22500    1141.129150  -1.148213    0.000000     0.600000    
22500    1141.129785  -1.149209    0.000000     0.600000    
22500    1141.130401  -1.149794    0.000000     0.600000    
22500    1141.131016  -1.150817    0.000000     0.600000    
22500    1141.131620  -1.151691    0.000000     0.600000    
22500    1141.132183  -1.152625    0.000000     0.600000    
22500    1141.132741  -1.153196    0.000000     0.600000    
22500    1141.133298  -1.153364    0.000000     0.600000    
22500    1141.133863  -1.154178    0.000000     0.600000    
22500    1141.134427  -1.154744    0.000000     0.600000    
22500    1141.134987  -1.155467    0.000000     0.600000    
22500    1141.135558  -1.156209    0.000000     0.600000    
22500    1141.136122  -1.156479    0.000000     0.600000    
22500    1141.136715  -1.157972    0.000000     0.600000    
22500    1141.137331  -1.158633    0.000000     0.600000    
22500    1141.137948  -1.159962    0.000000     0.600000    
22500    1141.138571  -1.160942    0.000000     0.600000    
22500    1141.139196  -1.161859    0.000000     0.600000    
22500    1141.139807  -1.162618    0.000000     0.600000    
22500    1141.140429  -1.163693    0.000000     0.600000    
22500    1141.141052  -1.164899    0.000000     0.600000    
22500    1141.141664  -1.165541    0.000000     0.600000    
22500    1141.142274  -1.166489    0.000000     0.600000    
22500    1141.142892  -1.167097    0.000000     0.600000    
22500    1141.143506  -1.167758    0.000000     0.600000    
22500    1141.144121  -1.168418    0.000000     0.600000    
22500    1141.144736  -1.169299    0.000000     0.600000    
22500    1141.145352  -1.169751    0.000000     0.600000    
22500    1141.145967  -1.170635    0.000000     0.600000    
22500    1141.146572  -1.171074    0.000000     0.600000    
22500    1141.147132  -1.171593    0.000000     0.600000    
22500    1141.147701  -1.172232    0.000000     0.600000    
22500    1141.148270  -1.173101    0.000000     0.600000    
22500    1141.148838  -1.173671    0.000000     0.600000    
22500    1141.149410  -1.174428    0.000000     0.600000    
22500    1141.149978  -1.175490    0.000000     0.600000    
22500    1141.150548  -1.176147    0.000000     0.600000    
22500    1141.151117  -1.176839    0.000000     0.600000    
22500    1141.151678  -1.177605    0.000000     0.600000    
22500    1141.152242  -1.178569    0.000000     0.600000    
22500    1141.152810  -1.179168    0.000000     0.600000    
22500    1141.153375  -1.179789    0.000000     0.600000    
22500    1141.153936  -1.180277    0.000000     0.600000    
22500    1141.154502  -1.181017    0.000000     0.600000    
22500    1141.155067  -1.181444    0.000000     0.600000    
22500    1141.155632  -1.181773    0.000000     0.600000    
22500    1141.156202  -1.182973    0.000000     0.600000    
22500    1141.156790  -1.183293    0.000000     0.600000    
22500    1141.157413  -1.184046    0.000000     0.600000    
22500    1141.158033  -1.184966    0.000000     0.600000    
22500    1141.158642  -1.185656    0.000000     0.600000    
22500    1141.159262  -1.187330    0.000000     0.600000    
22500    1141.159883  -1.187752    0.000000     0.600000    
22500    1141.160499  -1.188645    0.000000     0.600000    
22500    1141.161123  -1.189138    0.000000     0.600000    
22500    1141.161728  -1.189901    0.000000     0.600000    
22500    1141.162295  -1.190178    0.000000     0.600000    
22500    1141.162876  -1.191308    0.000000     0.600000    
22500    1141.163439  -1.191910    0.000000     0.600000    
22500    1141.164007  -1.193202    0.000000     0.600000    
22500    1141.164573  -1.193973    0.000000     0.600000    
22500    1141.165148  -1.194670    0.000000     0.600000    
22500    1141.165714  -1.196000    0.000000     0.600000    
22500    1141.166285  -1.197105    0.000000     0.600000    
22500    1141.166851  -1.197982    0.000000     0.600000    
22500    1141.167411  -1.198439    0.000000     0.600000    
22500    1141.167974  -1.199144    0.000000     0.600000    
22500    1141.168544  -1.199498    0.000000     0.600000    
22500    1141.169112  -1.200406    0.000000     0.600000    
22500    1141.169680  -1.200906    0.000000     0.600000    
22500    1141.170244  -1.201439    0.000000     0.600000    
22500    1141.170811  -1.202035    0.000000     0.600000    
22500    1141.171385  -1.203661    0.000000     0.600000    
22500    1141.171958  -1.204019    0.000000     0.600000    
22500    1141.172524  -1.204556    0.000000     0.600000    
22500    1141.173094  -1.205714    0.000000     0.600000    
22500    1141.173659  -1.206609    0.000000     0.600000    
22500    1141.174221  -1.207788    0.000000     0.600000    
22500    1141.174784  -1.208481    0.000000     0.600000    
22500    1141.175356  -1.209197    0.000000     0.600000    
22500    1141.175923  -1.210029    0.000000     0.600000    
22500    1141.176482  -1.210732    0.000000     0.600000    
22500    1141.177043  -1.211547    0.000000     0.600000    
22500    1141.177609  -1.212657    0.000000     0.600000    
22500    1141.178171  -1.213491    0.000000     0.600000    
22500    1141.178722  -1.213667    0.000000     0.600000    
22500    1141.179294  -1.214156    0.000000     0.600000    
22500    1141.179856  -1.214961    0.000000     0.600000    
22500    1141.180424  -1.215992    0.000000     0.600000    
22500    1141.180989  -1.216583    0.000000     0.600000    
22500    1141.181544  -1.217065    0.000000     0.600000    
22500    1141.182069  -1.217551    0.000000     0.600000    
22500    1141.182602  -1.218144    0.000000     0.600000    
22500    1141.183129  -1.218771    0.000000     0.600000    
22500    1141.183656  -1.219949    0.000000     0.600000    
22500    1141.184196  -1.220786    0.000000     0.600000    
22500    1141.184723  -1.221256    0.000000     0.600000    
22500    1141.185253  -1.222098    0.000000     0.600000    
22500    1141.185779  -1.222834    0.000000     0.600000    
22500    1141.186310  -1.223662    0.000000     0.600000    
22500    1141.186831  -1.224184    0.000000     0.600000    
22500    1141.187354  -1.224656    0.000000     0.600000    
22500    1141.187881  -1.225165    0.000000     0.600000    
22500    1141.188412  -1.226266    0.000000     0.600000    
22500    1141.188945  -1.226805    0.000000     0.600000    
22500    1141.189472  -1.227606    0.000000     0.600000    
22500    1141.189995  -1.228061    0.000000     0.600000    
22500    1141.190523  -1.228805    0.000000     0.600000    
22500    1141.191047  -1.230343    0.000000     0.600000    
22500    1141.191570  -1.231063    0.000000     0.600000    
22500    1141.192100  -1.231758    0.000000     0.600000    
22500    1141.192627  -1.232767    0.000000     0.600000    
22500    1141.193156  -1.233512    0.000000     0.600000    
22500    1141.193680  -1.234372    0.000000     0.600000    
22500    1141.194211  -1.235356    0.000000     0.600000    
22500    1141.194749  -1.236512    0.000000     0.600000    
22500    1141.195278  -1.237567    0.000000     0.600000    
22500    1141.195809  -1.238124    0.000000     0.600000    
22500    1141.196331  -1.238819    0.000000     0.600000    
22500    1141.196823  -1.239805    0.000000     0.600000    
22500    1141.197297  -1.240355    0.000000     0.600000    
22500    1141.197770  -1.241160    0.000000     0.600000    
22500    1141.198241  -1.241688    0.000000     0.600000    
22500    1141.198716  -1.242348    0.000000     0.600000    
22500    1141.199191  -1.242711    0.000000     0.600000    
22500    1141.199662  -1.244430    0.000000     0.600000    
22500    1141.200132  -1.245123    0.000000     0.600000    
22500    1141.200603  -1.246024    0.000000     0.600000    
22500    1141.201075  -1.246440    0.000000     0.600000    
22500    1141.201554  -1.246847    0.000000     0.600000    
22500    1141.202077  -1.247408    0.000000     0.600000    
22500    1141.202605  -1.247831    0.000000     0.600000    
22500    1141.203129  -1.248537    0.000000     0.600000    
22500    1141.203650  -1.248979    0.000000     0.600000    
22500    1141.204174  -1.249627    0.000000     0.600000    
22500    1141.204701  -1.250327    0.000000     0.600000    
22500    1141.205231  -1.250929    0.000000     0.600000    
22500    1141.205745  -1.251761    0.000000     0.600000    
22500    1141.206263  -1.252726    0.000000     0.600000    
22500    1141.206748  -1.253367    0.000000     0.600000    
22500    1141.207220  -1.254112    0.000000     0.600000    
22500    1141.207689  -1.254465    0.000000     0.600000    
22500    1141.208158  -1.255663    0.000000     0.600000    
22500    1141.208631  -1.257063    0.000000     0.600000    
22500    1141.209102  -1.257988    0.000000     0.600000    
22500    1141.209571  -1.258567    0.000000     0.600000    
22500    1141.210042  -1.259112    0.000000     0.600000    
22500    1141.210514  -1.259579    0.000000     0.600000    
22500    1141.210988  -1.260125    0.000000     0.600000    
22500    1141.211457  -1.260670    0.000000     0.600000    
22500    1141.211925  -1.261153    0.000000     0.600000    
22500    1141.212391  -1.261972    0.000000     0.600000    
22500    1141.212860  -1.262953    0.000000     0.600000    
22500    1141.213323  -1.263789    0.000000     0.600000    
22500    1141.213780  -1.264561    0.000000     0.600000    
22500    1141.214245  -1.265085    0.000000     0.600000    
22500    1141.214712  -1.265804    0.000000     0.600000    
22500    1141.215181  -1.266270    0.000000     0.600000    
22500    1141.215643  -1.267040    0.000000     0.600000    
22500    1141.216106  -1.268608    0.000000     0.600000    
22500    1141.216573  -1.269515    0.000000     0.600000    
22500    1141.217041  -1.269921    0.000000     0.600000    
22500    1141.217510  -1.270598    0.000000     0.600000    
22500    1141.217983  -1.271036    0.000000     0.600000    
22500    1141.218461  -1.272172    0.000000     0.600000    
22500    1141.218933  -1.272974    0.000000     0.600000    
22500    1141.219402  -1.273472    0.000000     0.600000    
22500    1141.219876  -1.274845    0.000000     0.600000    
22500    1141.220350  -1.275552    0.000000     0.600000    
22500    1141.220813  -1.276107    0.000000     0.600000    
22500    1141.221286  -1.276658    0.000000     0.600000    
22500    1141.221745  -1.277455    0.000000     0.600000    
22500    1141.222215  -1.279154    0.000000     0.600000    
22500    1141.222673  -1.279876    0.000000     0.600000    
22500    1141.223135  -1.280653    0.000000     0.600000    
22500    1141.223604  -1.281844    0.000000     0.600000    
22500    1141.224068  -1.282357    0.000000     0.600000    
22500    1141.224524  -1.283087    0.000000     0.600000    
22500    1141.224985  -1.283360    0.000000     0.600000    
22500    1141.225447  -1.283899    0.000000     0.600000    
22500    1141.225907  -1.284349    0.000000     0.600000    
22500    1141.226370  -1.284967    0.000000     0.600000    
22500    1141.226832  -1.285920    0.000000     0.600000    
22500    1141.227292  -1.286266    0.000000     0.600000    
22500    1141.227749  -1.286866    0.000000     0.600000    
22500    1141.228203  -1.287168    0.000000     0.600000    
22500    1141.228662  -1.287721    0.000000     0.600000    
22500    1141.229131  -1.288255    0.000000     0.600000    
22500    1141.229597  -1.288785    0.000000     0.600000    
22500    1141.230056  -1.289203    0.000000     0.600000    
22500    1141.230518  -1.289962    0.000000     0.600000    
22500    1141.230983  -1.291080    0.000000     0.600000    
22500    1141.231452  -1.292828    0.000000     0.600000    
22500    1141.231915  -1.293153    0.000000     0.600000    
22500    1141.232374  -1.293642    0.000000     0.600000    
22500    1141.232843  -1.294200    0.000000     0.600000    
22500    1141.233306  -1.295598    0.000000     0.600000    
22500    1141.233773  -1.296377    0.000000     0.600000    
22500    1141.234232  -1.297109    0.000000     0.600000    
22500    1141.234684  -1.297490    0.000000     0.600000    
22500    1141.235148  -1.298176    0.000000     0.600000    
22500    1141.235610  -1.298839    0.000000     0.600000    
22500    1141.236063  -1.299067    0.000000     0.600000    
22500    1141.236525  -1.299687    0.000000     0.600000    
22500    1141.236983  -1.300103    0.000000     0.600000    
22500    1141.237439  -1.300440    0.000000     0.600000    
22500    1141.237906  -1.301138    0.000000     0.600000    
22500    1141.238361  -1.301372    0.000000     0.600000    
22500    1141.238827  -1.302345    0.000000     0.600000    
22500    1141.239283  -1.302711    0.000000     0.600000    
22500    1141.239741  -1.303836    0.000000     0.600000    
22500    1141.240185  -1.304103    0.000000     0.600000    
22500    1141.240655  -1.305094    0.000000     0.600000    
22500    1141.241113  -1.305611    0.000000     0.600000    
22500    1141.241581  -1.306567    0.000000     0.600000    
22500    1141.242042  -1.307252    0.000000     0.600000    
22500    1141.242497  -1.308258    0.000000     0.600000    
22500    1141.242962  -1.308979    0.000000     0.600000    
22500    1141.243414  -1.309191    0.000000     0.600000    
22500    1141.243874  -1.309829    0.000000     0.600000    
22500    1141.244335  -1.310441    0.000000     0.600000    
22500    1141.244793  -1.310784    0.000000     0.600000    
22500    1141.245259  -1.311639    0.000000     0.600000    
22500    1141.245724  -1.312467    0.000000     0.600000    
22500    1141.246191  -1.313614    0.000000     0.600000    
22500    1141.246647  -1.313888    0.000000     0.600000    
22500    1141.247109  -1.314700    0.000000     0.600000    
22500    1141.247568  -1.315609    0.000000     0.600000    
22500    1141.248018  -1.315758    0.000000     0.600000    
22500    1141.248479  -1.316264    0.000000     0.600000    
22500    1141.248947  -1.316954    0.000000     0.600000    
22500    1141.249405  -1.317457    0.000000     0.600000    
22500    1141.249854  -1.318005    0.000000     0.600000    
22500    1141.250318  -1.319494    0.000000     0.600000    
22500    1141.250774  -1.320343    0.000000     0.600000    
22500    1141.251224  -1.320718    0.000000     0.600000    
22500    1141.251689  -1.321425    0.000000     0.600000    
22500    1141.252144  -1.322419    0.000000     0.600000    
22500    1141.252602  -1.323032    0.000000     0.600000    
22500    1141.253057  -1.323369    0.000000     0.600000    
22500    1141.253519  -1.324491    0.000000     0.600000    
22500    1141.253980  -1.325437    0.000000     0.600000    
22500    1141.254438  -1.326096    0.000000     0.600000    
22500    1141.254894  -1.326447    0.000000     0.600000    
22500    1141.255353  -1.327074    0.000000     0.600000    
22500    1141.255817  -1.328098    0.000000     0.600000    
22500    1141.256282  -1.328719    0.000000     0.600000    
22500    1141.256737  -1.329754    0.000000     0.600000    
22500    1141.257186  -1.330147    0.000000     0.600000    
22500    1141.257647  -1.330569    0.000000     0.600000    
22500    1141.258110  -1.331130    0.000000     0.600000    
22500    1141.258563  -1.331622    0.000000     0.600000    
22500    1141.259030  -1.332624    0.000000     0.600000    
22500    1141.259494  -1.333843    0.000000     0.600000    
22500    1141.259956  -1.334334    0.000000     0.600000    
22500    1141.260411  -1.334726    0.000000     0.600000    
22500    1141.260884  -1.335891    0.000000     0.600000    
22500    1141.261341  -1.336329    0.000000     0.600000    
22500    1141.261803  -1.336865    0.000000     0.600000    
22500    1141.262260  -1.337126    0.000000     0.600000    
22500    1141.262726  -1.337682    0.000000     0.600000    
22500    1141.263190  -1.339231    0.000000     0.600000    
22500    1141.263652  -1.340188    0.000000     0.600000    
22500    1141.264120  -1.341281    0.000000     0.600000    
22500    1141.264582  -1.341958    0.000000     0.600000    
22500    1141.265039  -1.342625    0.000000     0.600000    
22500    1141.265508  -1.343584    0.000000     0.600000    
22500    1141.265969  -1.344226    0.000000     0.600000    
22500    1141.266425  -1.344605    0.000000     0.600000    
22500    1141.266898  -1.345756    0.000000     0.600000    
22500    1141.267351  -1.346248    0.000000     0.600000    
22500    1141.267807  -1.346376    0.000000     0.600000    
22500    1141.268268  -1.346633    0.000000     0.600000    
22500    1141.268732  -1.347483    0.000000     0.600000    
22500    1141.269196  -1.347931    0.000000     0.600000    
22500    1141.269656  -1.348463    0.000000     0.600000    
22500    1141.270116  -1.348898    0.000000     0.600000    
22500    1141.270563  -1.349221    0.000000     0.600000    
22500    1141.271025  -1.349774    0.000000     0.600000    
22500    1141.271481  -1.350183    0.000000     0.600000    
22500    1141.271942  -1.350886    0.000000     0.600000    
22500    1141.272410  -1.351268    0.000000     0.600000    
22500    1141.272873  -1.351909    0.000000     0.600000    
22500    1141.273330  -1.352370    0.000000     0.600000    
22500    1141.273799  -1.353131    0.000000     0.600000    
22500    1141.274257  -1.353369    0.000000     0.600000    
22500    1141.274726  -1.353940    0.000000     0.600000    
22500    1141.275197  -1.354419    0.000000     0.600000    
22500    1141.275662  -1.354820    0.000000     0.600000    
22500    1141.276129  -1.356371    0.000000     0.600000    
22500    1141.276600  -1.357093    0.000000     0.600000    
22500    1141.277066  -1.357839    0.000000     0.600000    
22500    1141.277524  -1.358330    0.000000     0.600000    
22500    1141.277993  -1.359143    0.000000     0.600000    
22500    1141.278457  -1.359832    0.000000     0.600000    
22500    1141.278917  -1.360117    0.000000     0.600000    
22500    1141.279367  -1.360901    0.000000     0.600000    
22500    1141.279831  -1.362048    0.000000     0.600000    
22500    1141.280287  -1.362683    0.000000     0.600000    
22500    1141.280757  -1.363306    0.000000     0.600000    
22500    1141.281216  -1.363991    0.000000     0.600000    
22500    1141.281673  -1.364882    0.000000     0.600000    
22500    1141.282128  -1.365766    0.000000     0.600000    
22500    1141.282589  -1.366064    0.000000     0.600000    
22500    1141.283047  -1.366722    0.000000     0.600000    
22500    1141.283501  -1.367509    0.000000     0.600000    
22500    1141.283958  -1.367924    0.000000     0.600000    
22500    1141.284418  -1.368567    0.000000     0.600000    
22500    1141.284881  -1.369163    0.000000     0.600000    
22500    1141.285347  -1.370619    0.000000     0.600000    
22500    1141.285810  -1.371122    0.000000     0.600000    
22500    1141.286264  -1.371462    0.000000     0.600000    
22500    1141.286718  -1.371920    0.000000     0.600000    
22500    1141.287181  -1.372626    0.000000     0.600000    
22500    1141.287640  -1.373306    0.000000     0.600000    
22500    1141.288098  -1.374251    0.000000     0.600000    
22500    1141.288555  -1.374990    0.000000     0.600000    
22500    1141.289014  -1.375792    0.000000     0.600000    
22500    1141.289471  -1.376335    0.000000     0.600000    
22500    1141.289929  -1.376716    0.000000     0.600000    
22500    1141.290393  -1.377256    0.000000     0.600000    
22500    1141.290854  -1.378211    0.000000     0.600000    
22500    1141.291316  -1.378579    0.000000     0.600000    
22500    1141.291768  -1.378968    0.000000     0.600000    
22500    1141.292222  -1.379388    0.000000     0.600000    
22500    1141.292679  -1.379823    0.000000     0.600000    
22500    1141.293136  -1.380522    0.000000     0.600000    
22500    1141.293591  -1.380636    0.000000     0.600000    
22500    1141.294049  -1.381044    0.000000     0.600000    
22500    1141.294503  -1.382242    0.000000     0.600000    
22500    1141.294959  -1.382529    0.000000     0.600000    
22500    1141.295416  -1.382838    0.000000     0.600000    
22500    1141.295876  -1.383301    0.000000     0.600000    
22500    1141.296335  -1.383963    0.000000     0.600000    
22500    1141.296795  -1.384569    0.000000     0.600000    
22500    1141.297257  -1.384961    0.000000     0.600000    
22500    1141.297721  -1.386257    0.000000     0.600000    
22500    1141.298176  -1.386614    0.000000     0.600000    
22500    1141.298640  -1.388537    0.000000     0.600000    
22500    1141.299103  -1.389486    0.000000     0.600000    
22500    1141.299555  -1.389774    0.000000     0.600000    
22500    1141.300017  -1.390330    0.000000     0.600000    
22500    1141.300479  -1.391167    0.000000     0.600000    
22500    1141.300937  -1.391397    0.000000     0.600000    
22500    1141.301392  -1.392190    0.000000     0.600000    
22500    1141.301843  -1.392486    0.000000     0.600000    
22500    1141.302301  -1.393193    0.000000     0.600000    
22500    1141.302757  -1.393901    0.000000     0.600000    
22500    1141.303216  -1.394563    0.000000     0.600000    
22500    1141.303677  -1.395516    0.000000     0.600000    
22500    1141.304133  -1.395856    0.000000     0.600000    
22500    1141.304595  -1.396356    0.000000     0.600000    
22500    1141.305059  -1.397173    0.000000     0.600000    
22500    1141.305521  -1.397508    0.000000     0.600000    
22500    1141.305976  -1.397844    0.000000     0.600000    
22500    1141.306440  -1.398783    0.000000     0.600000    
22500    1141.306903  -1.399696    0.000000     0.600000    
22500    1141.307364  -1.400567    0.000000     0.600000    
22500    1141.307821  -1.401560    0.000000     0.600000    
22500    1141.308282  -1.402442    0.000000     0.600000    
22500    1141.308745  -1.403189    0.000000     0.600000    
22500    1141.309206  -1.404104    0.000000     0.600000    
22500    1141.309662  -1.405109    0.000000     0.600000    
22500    1141.310123  -1.405601    0.000000     0.600000    
22500    1141.310578  -1.405767    0.000000     0.600000    
22500    1141.311028  -1.405889    0.000000     0.600000    
22500    1141.311489  -1.406672    0.000000     0.600000    
22500    1141.311944  -1.407191    0.000000     0.600000    
22500    1141.312402  -1.408153    0.000000     0.600000    
22500    1141.312856  -1.409178    0.000000     0.600000    
22500    1141.313316  -1.410099    0.000000     0.600000    
22500    1141.313768  -1.411116    0.000000     0.600000    
22500    1141.314225  -1.412459    0.000000     0.600000    
22500    1141.314673  -1.412794    0.000000     0.600000    
22500    1141.315131  -1.413670    0.000000     0.600000    
22500    1141.315595  -1.414767    0.000000     0.600000    
22500    1141.316048  -1.415093    0.000000     0.600000    
22500    1141.316501  -1.415760    0.000000     0.600000    
22500    1141.316956  -1.416014    0.000000     0.600000    
22500    1141.317412  -1.416908    0.000000     0.600000    
22500    1141.317873  -1.417388    0.000000     0.600000    
22500    1141.318336  -1.417923    0.000000     0.600000    
22500    1141.318792  -1.418313    0.000000     0.600000    
22500    1141.319265  -1.419166    0.000000     0.600000    
22500    1141.319722  -1.419753    0.000000     0.600000    
22500    1141.320179  -1.420369    0.000000     0.600000    
22500    1141.320633  -1.421177    0.000000     0.600000    
22500    1141.321106  -1.421971    0.000000     0.600000    
22500    1141.321567  -1.422698    0.000000     0.600000    
22500    1141.322025  -1.423094    0.000000     0.600000    
22500    1141.322478  -1.423594    0.000000     0.600000    
22500    1141.322932  -1.424216    0.000000     0.600000    
22500    1141.323393  -1.424741    0.000000     0.600000    
22500    1141.323850  -1.425619    0.000000     0.600000    
22500    1141.324306  -1.426141    0.000000     0.600000    
22500    1141.324771  -1.426679    0.000000     0.600000    
22500    1141.325235  -1.427054    0.000000     0.600000    
22500    1141.325692  -1.427496    0.000000     0.600000    
22500    1141.326147  -1.428318    0.000000     0.600000    
22500    1141.326600  -1.428960    0.000000     0.600000    
22500    1141.327053  -1.429576    0.000000     0.600000    
22500    1141.327510  -1.430091    0.000000     0.600000    
22500    1141.327971  -1.430603    0.000000     0.600000    
22500    1141.328431  -1.431824    0.000000     0.600000    
22500    1141.328883  -1.432881    0.000000     0.600000    
22500    1141.329344  -1.433700    0.000000     0.600000    
22500    1141.329801  -1.434070    0.000000     0.600000    
22500    1141.330256  -1.434406    0.000000     0.600000    
22500    1141.330711  -1.434877    0.000000     0.600000    
22500    1141.331170  -1.435634    0.000000     0.600000    
22500    1141.331631  -1.436434    0.000000     0.600000    
22500    1141.332093  -1.437365    0.000000     0.600000    
22500    1141.332551  -1.437943    0.000000     0.600000    
22500    1141.333004  -1.438507    0.000000     0.600000    
22500    1141.333460  -1.439018    0.000000     0.600000    
22500    1141.333913  -1.439456    0.000000     0.600000    
22500    1141.334372  -1.439961    0.000000     0.600000    
22500    1141.334830  -1.440552    0.000000     0.600000    
22500    1141.335301  -1.441390    0.000000     0.600000    
22500    1141.335757  -1.441951    0.000000     0.600000    
22500    1141.336217  -1.442931    0.000000     0.600000    
22500    1141.336674  -1.443429    0.000000     0.600000    
22500    1141.337133  -1.444355    0.000000     0.600000    
22500    1141.337593  -1.444860    0.000000     0.600000    
22500    1141.338051  -1.445609    0.000000     0.600000    
22500    1141.338511  -1.446434    0.000000     0.600000    
22500    1141.338966  -1.446976    0.000000     0.600000    
22500    1141.339425  -1.448168    0.000000     0.600000    
22500    1141.339875  -1.448725    0.000000     0.600000    
22500    1141.340326  -1.449246    0.000000     0.600000    
22500    1141.340778  -1.449677    0.000000     0.600000    
22500    1141.341232  -1.450025    0.000000     0.600000    
22500    1141.341689  -1.451077    0.000000     0.600000    
22500    1141.342145  -1.452329    0.000000     0.600000    
22500    1141.342597  -1.452936    0.000000     0.600000    
22500    1141.343056  -1.453606    0.000000     0.600000    
22500    1141.343509  -1.454502    0.000000     0.600000    
22500    1141.343959  -1.455081    0.000000     0.600000    
22500    1141.344417  -1.455609    0.000000     0.600000    
22500    1141.344872  -1.456223    0.000000     0.600000    
22500    1141.345330  -1.456455    0.000000     0.600000    
22500    1141.345790  -1.457196    0.000000     0.600000    
22500    1141.346241  -1.457509    0.000000     0.600000    
22500    1141.346698  -1.458101    0.000000     0.600000    
22500    1141.347151  -1.458818    0.000000     0.600000    
22500    1141.347609  -1.459624    0.000000     0.600000    
22500    1141.348067  -1.460039    0.000000     0.600000    
22500    1141.348519  -1.460327    0.000000     0.600000    
22500    1141.348968  -1.460925    0.000000     0.600000    
22500    1141.349419  -1.461448    0.000000     0.600000    
22500    1141.349881  -1.461701    0.000000     0.600000    
22500    1141.350339  -1.462255    0.000000     0.600000    
22500    1141.350807  -1.462906    0.000000     0.600000    
22500    1141.351275  -1.463690    0.000000     0.600000    
22500    1141.351738  -1.463955    0.000000     0.600000    
22500    1141.352199  -1.464715    0.000000     0.600000    
22500    1141.352656  -1.465704    0.000000     0.600000    
22500    1141.353114  -1.466433    0.000000     0.600000    
22500    1141.353572  -1.466936    0.000000     0.600000    
22500    1141.354023  -1.467874    0.000000     0.600000    
22500    1141.354479  -1.468206    0.000000     0.600000    
22500    1141.354929  -1.468729    0.000000     0.600000    
22500    1141.355384  -1.469561    0.000000     0.600000    
22500    1141.355842  -1.470286    0.000000     0.600000    
22500    1141.356302  -1.470977    0.000000     0.600000    
22500    1141.356755  -1.471479    0.000000     0.600000    
22500    1141.357210  -1.472367    0.000000     0.600000    
22500    1141.357668  -1.473273    0.000000     0.600000    
22500    1141.358122  -1.473569    0.000000     0.600000    
22500    1141.358580  -1.474066    0.000000     0.600000    
22500    1141.359033  -1.474459    0.000000     0.600000    
22500    1141.359490  -1.475361    0.000000     0.600000    
22500    1141.359933  -1.475803    0.000000     0.600000    
22500    1141.360391  -1.476320    0.000000     0.600000    
22500    1141.360856  -1.477459    0.000000     0.600000    
22500    1141.361313  -1.478008    0.000000     0.600000    
22500    1141.361768  -1.478393    0.000000     0.600000    
22500    1141.362217  -1.479012    0.000000     0.600000    
22500    1141.362664  -1.479361    0.000000     0.600000    
22500    1141.363122  -1.479868    0.000000     0.600000    
22500    1141.363577  -1.480188    0.000000     0.600000    
22500    1141.364032  -1.481207    0.000000     0.600000    
22500    1141.364491  -1.481811    0.000000     0.600000    
22500    1141.364941  -1.482261    0.000000     0.600000    
22500    1141.365396  -1.482628    0.000000     0.600000    
22500    1141.365849  -1.483187    0.000000     0.600000    
22500    1141.366305  -1.483441    0.000000     0.600000    
22500    1141.366763  -1.483922    0.000000     0.600000    
22500    1141.367228  -1.484525    0.000000     0.600000    
22500    1141.367686  -1.485556    0.000000     0.600000    
22500    1141.368141  -1.486339    0.000000     0.600000    
22500    1141.368599  -1.486930    0.000000     0.600000    
22500    1141.369050  -1.487143    0.000000     0.600000    
22500    1141.369502  -1.487404    0.000000     0.600000    
22500    1141.369955  -1.487729    0.000000     0.600000    
22500    1141.370409  -1.488472    0.000000     0.600000    
22500    1141.370866  -1.489038    0.000000     0.600000    
22500    1141.371323  -1.490040    0.000000     0.600000    
22500    1141.371782  -1.490341    0.000000     0.600000    
22500    1141.372239  -1.491281    0.000000     0.600000    
22500    1141.372687  -1.491533    0.000000     0.600000    
22500    1141.373140  -1.492387    0.000000     0.600000    
22500    1141.373589  -1.493053    0.000000     0.600000    
22500    1141.374050  -1.493164    0.000000     0.600000    
22500    1141.374508  -1.493626    0.000000     0.600000    
22500    1141.374970  -1.494291    0.000000     0.600000    
22500    1141.375428  -1.495125    0.000000     0.600000    
22500    1141.375877  -1.495807    0.000000     0.600000    
22500    1141.376330  -1.496902    0.000000     0.600000    
22500    1141.376787  -1.497213    0.000000     0.600000    
22500    1141.377240  -1.497943    0.000000     0.600000    
22500    1141.377696  -1.498382    0.000000     0.600000    
22500    1141.378156  -1.499499    0.000000     0.600000    
22500    1141.378613  -1.500340    0.000000     0.600000    
22500    1141.379063  -1.500880    0.000000     0.600000    
22500    1141.379518  -1.501548    0.000000     0.600000    
22500    1141.379969  -1.502410    0.000000     0.600000    
22500    1141.380432  -1.503541    0.000000     0.600000    
22500    1141.380889  -1.504262    0.000000     0.600000    
22500    1141.381338  -1.505068    0.000000     0.600000    
22500    1141.381796  -1.505654    0.000000     0.600000    
22500    1141.382251  -1.506392    0.000000     0.600000    
22500    1141.382700  -1.506859    0.000000     0.600000    
22500    1141.383148  -1.507240    0.000000     0.600000    
22500    1141.383594  -1.507617    0.000000     0.600000    
22500    1141.384050  -1.508731    0.000000     0.600000    
22500    1141.384506  -1.509261    0.000000     0.600000    
22500    1141.384965  -1.510098    0.000000     0.600000    
22500    1141.385421  -1.510637    0.000000     0.600000    
22500    1141.385877  -1.511412    0.000000     0.600000    
22500    1141.386327  -1.512164    0.000000     0.600000    
22500    1141.386781  -1.512916    0.000000     0.600000    
22500    1141.387234  -1.513648    0.000000     0.600000    
22500    1141.387689  -1.514176    0.000000     0.600000    
22500    1141.388137  -1.514538    0.000000     0.600000    
22500    1141.388596  -1.515529    0.000000     0.600000    
22500    1141.389056  -1.515999    0.000000     0.600000    
22500    1141.389510  -1.517136    0.000000     0.600000    
22500    1141.389957  -1.517497    0.000000     0.600000    
22500    1141.390405  -1.518225    0.000000     0.600000    
22500    1141.390857  -1.518961    0.000000     0.600000    
22500    1141.391306  -1.519253    0.000000     0.600000    
22500    1141.391759  -1.520187    0.000000     0.600000    
22500    1141.392211  -1.520776    0.000000     0.600000    
22500    1141.392669  -1.521612    0.000000     0.600000    
22500    1141.393124  -1.521973    0.000000     0.600000    
22500    1141.393579  -1.522504    0.000000     0.600000    
22500    1141.394039  -1.523398    0.000000     0.600000    
22500    1141.394489  -1.523924    0.000000     0.600000    
22500    1141.394937  -1.524455    0.000000     0.600000    
22500    1141.395395  -1.524795    0.000000     0.600000    
22500    1141.395844  -1.525579    0.000000     0.600000    
22500    1141.396302  -1.526569    0.000000     0.600000    
22500    1141.396759  -1.526973    0.000000     0.600000    
22500    1141.397210  -1.527328    0.000000     0.600000    
22500    1141.397666  -1.528181    0.000000     0.600000    
22500    1141.398122  -1.528853    0.000000     0.600000    
22500    1141.398579  -1.530015    0.000000     0.600000    
22500    1141.399038  -1.531433    0.000000     0.600000    
22500    1141.399487  -1.531783    0.000000     0.600000    
22500    1141.399942  -1.532294    0.000000     0.600000    
22500    1141.400397  -1.532689    0.000000     0.600000    
22500    1141.400857  -1.533757    0.000000     0.600000    
22500    1141.401313  -1.534276    0.000000     0.600000    
22500    1141.401770  -1.535077    0.000000     0.600000    
22500    1141.402488  -1.535806    0.000000     0.600000    
22500    1141.402949  -1.536248    0.000000     0.600000    
22500    1141.403400  -1.536623    0.000000     0.600000    
22500    1141.403863  -1.537227    0.000000     0.600000    
22500    1141.404320  -1.537976    0.000000     0.600000    
22500    1141.404767  -1.538215    0.000000     0.600000    
22500    1141.405228  -1.538807    0.000000     0.600000    
22500    1141.405671  -1.538892    0.000000     0.600000    
22500    1141.406120  -1.539408    0.000000     0.600000    
22500    1141.406568  -1.539904    0.000000     0.600000    
22500    1141.407026  -1.540619    0.000000     0.600000    
22500    1141.407476  -1.541386    0.000000     0.600000    
22500    1141.407921  -1.541872    0.000000     0.600000    
22500    1141.408365  -1.542168    0.000000     0.600000    
22500    1141.408820  -1.542738    0.000000     0.600000    
22500    1141.409271  -1.543379    0.000000     0.600000    
22500    1141.409723  -1.544210    0.000000     0.600000    
22500    1141.410177  -1.544822    0.000000     0.600000    
22500    1141.410638  -1.545416    0.000000     0.600000    
22500    1141.411095  -1.546329    0.000000     0.600000    
22500    1141.411546  -1.546636    0.000000     0.600000    
22500    1141.412003  -1.547447    0.000000     0.600000    
22500    1141.412460  -1.547852    0.000000     0.600000    
22500    1141.412909  -1.548740    0.000000     0.600000    
22500    1141.413352  -1.549073    0.000000     0.600000    
22500    1141.413830  -1.549106    0.000000     0.600000    
22500    1141.414279  -1.549720    0.000000     0.600000    
22500    1141.414736  -1.550357    0.000000     0.600000    
22500    1141.415192  -1.550996    0.000000     0.600000    
22500    1141.415649  -1.552124    0.000000     0.600000    
22500    1141.416102  -1.552816    0.000000     0.600000    
22500    1141.416545  -1.553382    0.000000     0.600000    
22500    1141.416986  -1.553712    0.000000     0.600000    
22500    1141.417444  -1.554627    0.000000     0.600000    
22500    1141.417902  -1.555176    0.000000     0.600000    
22500    1141.418357  -1.555910    0.000000     0.600000    
22500    1141.418808  -1.556731    0.000000     0.600000    
22500    1141.419259  -1.557451    0.000000     0.600000    
22500    1141.419715  -1.557994    0.000000     0.600000    
22500    1141.420168  -1.558966    0.000000     0.600000    
22500    1141.420630  -1.559366    0.000000     0.600000    
22500    1141.421078  -1.559626    0.000000     0.600000    
22500    1141.421528  -1.559957    0.000000     0.600000    
22500    1141.421976  -1.560291    0.000000     0.600000    
22500    1141.422427  -1.560845    0.000000     0.600000    
22500    1141.422870  -1.560968    0.000000     0.600000    
22500    1141.423323  -1.561562    0.000000     0.600000    
22500    1141.423764  -1.561817    0.000000     0.600000    
22500    1141.424211  -1.562128    0.000000     0.600000    
22500    1141.424662  -1.562538    0.000000     0.600000    
22500    1141.425108  -1.562698    0.000000     0.600000    
22500    1141.425550  -1.562988    0.000000     0.600000    
22500    1141.425998  -1.563408    0.000000     0.600000    
22500    1141.426465  -1.563958    0.000000     0.600000    
22500    1141.426919  -1.565103    0.000000     0.600000    
22500    1141.427367  -1.565829    0.000000     0.600000    
22500    1141.427822  -1.566474    0.000000     0.600000    
22500    1141.428271  -1.566787    0.000000     0.600000    
22500    1141.428721  -1.567190    0.000000     0.600000    
22500    1141.429164  -1.567679    0.000000     0.600000    
22500    1141.429620  -1.568164    0.000000     0.600000    
22500    1141.430073  -1.568800    0.000000     0.600000    
22500    1141.430523  -1.569336    0.000000     0.600000    
22500    1141.430971  -1.569715    0.000000     0.600000    
22500    1141.431419  -1.570771    0.000000     0.600000    
22500    1141.431870  -1.571418    0.000000     0.600000    
22500    1141.432320  -1.571797    0.000000     0.600000    
22500    1141.432771  -1.572637    0.000000     0.600000    
22500    1141.433221  -1.573785    0.000000     0.600000    
22500    1141.433674  -1.574428    0.000000     0.600000    
22500    1141.434131  -1.575342    0.000000     0.600000    
22500    1141.434586  -1.575583    0.000000     0.600000    
22500    1141.435043  -1.575925    0.000000     0.600000    
22500    1141.435514  -1.576533    0.000000     0.600000    
22500    1141.435967  -1.577087    0.000000     0.600000    
22500    1141.436415  -1.577477    0.000000     0.600000    
22500    1141.436871  -1.578032    0.000000     0.600000    
22500    1141.437327  -1.578477    0.000000     0.600000    
22500    1141.437777  -1.578795    0.000000     0.600000    
22500    1141.438229  -1.579348    0.000000     0.600000    
22500    1141.438684  -1.579849    0.000000     0.600000    
22500    1141.439141  -1.580072    0.000000     0.600000    
22500    1141.439592  -1.580322    0.000000     0.600000    
22500    1141.440045  -1.581330    0.000000     0.600000    
22500    1141.440494  -1.581742    0.000000     0.600000    
22500    1141.440944  -1.582253    0.000000     0.600000    
22500    1141.441393  -1.582917    0.000000     0.600000    
22500    1141.441846  -1.583427    0.000000     0.600000    
22500    1141.442298  -1.584137    0.000000     0.600000    
22500    1141.442745  -1.584288    0.000000     0.600000    
22500    1141.443192  -1.584540    0.000000     0.600000    
22500    1141.443644  -1.584892    0.000000     0.600000    
22500    1141.444097  -1.585826    0.000000     0.600000    
22500    1141.444544  -1.586136    0.000000     0.600000    
22500    1141.444996  -1.586881    0.000000     0.600000    
22500    1141.445448  -1.587733    0.000000     0.600000    
22500    1141.445900  -1.588088    0.000000     0.600000    
22500    1141.446352  -1.588602    0.000000     0.600000    
22500    1141.446796  -1.588797    0.000000     0.600000    
22500    1141.447239  -1.589032    0.000000     0.600000    
22500    1141.447688  -1.589626    0.000000     0.600000    
22500    1141.448139  -1.590269    0.000000     0.600000    
22500    1141.448581  -1.590613    0.000000     0.600000    
22500    1141.449027  -1.590923    0.000000     0.600000    
22500    1141.449481  -1.591354    0.000000     0.600000    
22500    1141.449927  -1.591948    0.000000     0.600000    
22500    1141.450373  -1.592625    0.000000     0.600000    
22500    1141.450812  -1.592693    0.000000     0.600000    
22500    1141.451267  -1.593156    0.000000     0.600000    
22500    1141.451709  -1.593472    0.000000     0.600000    
22500    1141.452161  -1.593730    0.000000     0.600000    
22500    1141.452621  -1.594560    0.000000     0.600000    
22500    1141.453073  -1.595338    0.000000     0.600000    
22500    1141.453519  -1.595565    0.000000     0.600000    
22500    1141.453971  -1.595745    0.000000     0.600000    
22500    1141.454422  -1.596486    0.000000     0.600000    
22500    1141.454874  -1.597012    0.000000     0.600000    
22500    1141.455321  -1.597553    0.000000     0.600000    
22500    1141.455769  -1.597887    0.000000     0.600000    
22500    1141.456222  -1.598122    0.000000     0.600000    
22500    1141.456671  -1.598416    0.000000     0.600000    
22500    1141.457122  -1.598732    0.000000     0.600000    
22500    1141.457569  -1.599375    0.000000     0.600000    
22500    1141.458020  -1.599716    0.000000     0.600000    
22500    1141.458466  -1.600145    0.000000     0.600000    
22500    1141.458904  -1.600272    0.000000     0.600000    
22500    1141.459356  -1.600763    0.000000     0.600000    
22500    1141.459808  -1.601107    0.000000     0.600000    
22500    1141.460264  -1.601525    0.000000     0.600000    
22500    1141.460721  -1.602465    0.000000     0.600000    
22500    1141.461174  -1.602764    0.000000     0.600000    
22500    1141.461630  -1.603308    0.000000     0.600000    
22500    1141.462077  -1.603856    0.000000     0.600000    
22500    1141.462525  -1.604040    0.000000     0.600000    
22500    1141.462968  -1.604268    0.000000     0.600000    
22500    1141.463420  -1.605295    0.000000     0.600000    
22500    1141.463865  -1.605796    0.000000     0.600000    
22500    1141.464316  -1.606403    0.000000     0.600000    
22500    1141.464766  -1.607120    0.000000     0.600000    
22500    1141.465226  -1.607800    0.000000     0.600000    
22500    1141.465674  -1.608440    0.000000     0.600000    
22500    1141.466120  -1.609087    0.000000     0.600000    
22500    1141.466576  -1.609547    0.000000     0.600000    
22500    1141.467024  -1.609816    0.000000     0.600000    
22500    1141.467471  -1.610483    0.000000     0.600000    
22500    1141.467923  -1.611403    0.000000     0.600000    
22500    1141.468363  -1.611603    0.000000     0.600000    
22500    1141.468821  -1.612348    0.000000     0.600000    
22500    1141.469273  -1.612799    0.000000     0.600000    
22500    1141.469723  -1.613175    0.000000     0.600000    
22500    1141.470178  -1.614148    0.000000     0.600000    
22500    1141.470629  -1.614741    0.000000     0.600000    
22500    1141.471079  -1.614980    0.000000     0.600000    
22500    1141.471528  -1.615797    0.000000     0.600000    
22500    1141.471978  -1.616516    0.000000     0.600000    
22500    1141.472426  -1.616910    0.000000     0.600000    
22500    1141.472870  -1.617183    0.000000     0.600000    
22500    1141.473329  -1.618144    0.000000     0.600000    
22500    1141.473787  -1.618541    0.000000     0.600000    
22500    1141.474238  -1.618811    0.000000     0.600000    
22500    1141.474686  -1.619536    0.000000     0.600000    
22500    1141.475148  -1.620033    0.000000     0.600000    
22500    1141.475592  -1.620524    0.000000     0.600000    
22500    1141.476040  -1.621105    0.000000     0.600000    
22500    1141.476492  -1.622073    0.000000     0.600000    
22500    1141.476943  -1.622602    0.000000     0.600000    
22500    1141.477385  -1.622808    0.000000     0.600000    
22500    1141.477833  -1.623168    0.000000     0.600000    
22500    1141.478279  -1.623685    0.000000     0.600000    
22500    1141.478727  -1.624256    0.000000     0.600000    
22500    1141.479163  -1.624311    0.000000     0.600000    
22500    1141.479619  -1.624720    0.000000     0.600000    
22500    1141.480071  -1.625367    0.000000     0.600000    
22500    1141.480515  -1.625777    0.000000     0.600000    
22500    1141.480969  -1.626629    0.000000     0.600000    
22500    1141.481420  -1.626973    0.000000     0.600000    
22500    1141.481863  -1.627349    0.000000     0.600000    
22500    1141.482312  -1.627759    0.000000     0.600000    
22500    1141.482760  -1.628529    0.000000     0.600000    
22500    1141.483209  -1.628767    0.000000     0.600000    
22500    1141.483654  -1.629032    0.000000     0.600000    
22500    1141.484107  -1.629624    0.000000     0.600000    
22500    1141.484557  -1.630262    0.000000     0.600000    
22500    1141.485009  -1.630620    0.000000     0.600000    
22500    1141.485466  -1.630920    0.000000     0.600000    
22500    1141.485918  -1.631239    0.000000     0.600000    
22500    1141.486368  -1.631803    0.000000     0.600000    
22500    1141.486814  -1.632069    0.000000     0.600000    
22500    1141.487262  -1.632499    0.000000     0.600000    
22500    1141.487710  -1.632798    0.000000     0.600000    
22500    1141.488161  -1.633365    0.000000     0.600000    
22500    1141.488620  -1.634026    0.000000     0.600000    
22500    1141.489068  -1.634503    0.000000     0.600000    
22500    1141.489518  -1.635221    0.000000     0.600000    
22500    1141.489968  -1.635660    0.000000     0.600000    
22500    1141.490418  -1.636047    0.000000     0.600000    
22500    1141.490870  -1.636374    0.000000     0.600000    
22500    1141.491318  -1.636774    0.000000     0.600000    
22500    1141.491760  -1.636928    0.000000     0.600000    
22500    1141.492207  -1.637553    0.000000     0.600000    
22500    1141.492651  -1.637928    0.000000     0.600000    
22500    1141.493098  -1.638060    0.000000     0.600000    
22500    1141.493550  -1.638545    0.000000     0.600000    
22500    1141.493998  -1.639169    0.000000     0.600000    
22500    1141.494447  -1.639652    0.000000     0.600000    
22500    1141.494900  -1.640221    0.000000     0.600000    
22500    1141.495345  -1.640625    0.000000     0.600000    
22500    1141.495798  -1.641321    0.000000     0.600000    
22500    1141.496248  -1.642261    0.000000     0.600000    
22500    1141.496688  -1.642395    0.000000     0.600000    
22500    1141.497132  -1.642531    0.000000     0.600000    
22500    1141.497581  -1.643006    0.000000     0.600000    
22500    1141.498025  -1.643418    0.000000     0.600000    
22500    1141.498470  -1.643579    0.000000     0.600000    
22500    1141.498908  -1.643822    0.000000     0.600000    
22500    1141.499361  -1.644337    0.000000     0.600000    
22500    1141.499815  -1.644576    0.000000     0.600000    
22500    1141.500265  -1.645037    0.000000     0.600000    
22500    1141.500707  -1.645399    0.000000     0.600000    
22500    1141.501163  -1.646212    0.000000     0.600000    
22500    1141.501616  -1.647046    0.000000     0.600000    
22500    1141.502069  -1.647536    0.000000     0.600000    
22500    1141.502521  -1.648199    0.000000     0.600000    
22500    1141.502971  -1.648626    0.000000     0.600000    
22500    1141.503425  -1.649071    0.000000     0.600000    
22500    1141.503875  -1.649491    0.000000     0.600000    
22500    1141.504322  -1.649649    0.000000     0.600000    
22500    1141.504774  -1.650209    0.000000     0.600000    
22500    1141.505221  -1.651323    0.000000     0.600000    
22500    1141.505666  -1.652216    0.000000     0.600000    
22500    1141.507516  -1.652500    0.000000     0.600000    
22500    1141.507965  -1.653270    0.000000     0.600000    
22500    1141.508401  -1.653384    0.000000     0.600000    
22500    1141.508848  -1.654624    0.000000     0.600000    
22500    1141.509278  -1.654647    0.000000     0.600000    
22500    1141.509724  -1.654929    0.000000     0.600000    
22500    1141.510172  -1.655593    0.000000     0.600000    
22500    1141.510625  -1.656158    0.000000     0.600000    
22500    1141.511075  -1.656650    0.000000     0.600000    
22500    1141.511518  -1.656936    0.000000     0.600000    
22500    1141.511961  -1.657029    0.000000     0.600000    
22500    1141.512412  -1.657307    0.000000     0.600000    
22500    1141.512869  -1.658227    0.000000     0.600000    
22500    1141.513314  -1.658475    0.000000     0.600000    
22500    1141.513779  -1.659073    0.000000     0.600000    
22500    1141.514222  -1.659318    0.000000     0.600000    
22500    1141.514669  -1.659706    0.000000     0.600000    
22500    1141.515120  -1.660290    0.000000     0.600000    
22500    1141.515572  -1.660974    0.000000     0.600000    
22500    1141.516021  -1.661376    0.000000     0.600000    
22500    1141.516469  -1.661911    0.000000     0.600000    
22500    1141.516917  -1.662393    0.000000     0.600000    
22500    1141.517368  -1.663378    0.000000     0.600000    
22500    1141.517815  -1.663672    0.000000     0.600000    
22500    1141.518267  -1.664050    0.000000     0.600000    
22500    1141.518717  -1.664597    0.000000     0.600000    
22500    1141.519168  -1.665078    0.000000     0.600000    
22500    1141.519613  -1.665546    0.000000     0.600000    
22500    1141.520056  -1.665925    0.000000     0.600000    
22500    1141.520503  -1.666520    0.000000     0.600000    
22500    1141.520957  -1.667383    0.000000     0.600000    
22500    1141.521396  -1.667610    0.000000     0.600000    
22500    1141.521843  -1.668132    0.000000     0.600000    
22500    1141.522283  -1.668672    0.000000     0.600000    
22500    1141.522726  -1.668915    0.000000     0.600000    
22500    1141.523173  -1.669492    0.000000     0.600000    
22500    1141.523626  -1.669955    0.000000     0.600000    
22500    1141.524078  -1.670545    0.000000     0.600000    
22500    1141.524520  -1.671003    0.000000     0.600000    
22500    1141.524972  -1.671266    0.000000     0.600000    
22500    1141.525439  -1.671846    0.000000     0.600000    
22500    1141.525910  -1.672376    0.000000     0.600000    
22500    1141.526366  -1.672745    0.000000     0.600000    
22500    1141.526817  -1.673286    0.000000     0.600000    
22500    1141.527268  -1.673909    0.000000     0.600000    
22500    1141.527719  -1.674203    0.000000     0.600000    
22500    1141.528174  -1.674823    0.000000     0.600000    
22500    1141.528623  -1.675235    0.000000     0.600000    
22500    1141.529071  -1.675600    0.000000     0.600000    
22500    1141.529520  -1.675986    0.000000     0.600000    
22500    1141.529972  -1.676131    0.000000     0.600000    
22500    1141.530419  -1.676581    0.000000     0.600000    
22500    1141.530871  -1.677263    0.000000     0.600000    
22500    1141.531326  -1.678024    0.000000     0.600000    
22500    1141.531783  -1.678354    0.000000     0.600000    
22500    1141.532236  -1.678693    0.000000     0.600000    
22500    1141.532685  -1.679195    0.000000     0.600000    
22500    1141.533132  -1.679749    0.000000     0.600000    
22500    1141.533585  -1.680405    0.000000     0.600000    
22500    1141.534034  -1.680970    0.000000     0.600000    
22500    1141.534485  -1.681830    0.000000     0.600000    
22500    1141.534932  -1.681915    0.000000     0.600000    
22500    1141.535381  -1.682349    0.000000     0.600000    
22500    1141.535830  -1.682760    0.000000     0.600000    
22500    1141.536281  -1.683414    0.000000     0.600000    
22500    1141.536730  -1.683752    0.000000     0.600000    
22500    1141.537173  -1.684059    0.000000     0.600000    
22500    1141.537620  -1.684365    0.000000     0.600000    
22500    1141.538073  -1.684983    0.000000     0.600000    
22500    1141.538528  -1.685852    0.000000     0.600000    
22500    1141.538974  -1.686094    0.000000     0.600000    
22500    1141.539422  -1.686522    0.000000     0.600000    
22500    1141.539867  -1.686903    0.000000     0.600000    
22500    1141.540312  -1.687625    0.000000     0.600000    
22500    1141.540761  -1.688001    0.000000     0.600000    
22500    1141.541211  -1.688214    0.000000     0.600000    
22500    1141.541655  -1.688719    0.000000     0.600000    
22500    1141.542104  -1.689611    0.000000     0.600000    
22500    1141.542550  -1.690004    0.000000     0.600000    
22500    1141.542999  -1.691000    0.000000     0.600000    
22500    1141.543446  -1.691652    0.000000     0.600000    
22500    1141.543890  -1.692123    0.000000     0.600000    
22500    1141.544338  -1.692829    0.000000     0.600000    
22500    1141.544785  -1.693075    0.000000     0.600000    
22500    1141.545227  -1.693316    0.000000     0.600000    
22500    1141.545666  -1.693591    0.000000     0.600000    
22500    1141.546110  -1.694152    0.000000     0.600000    
22500    1141.546564  -1.694562    0.000000     0.600000    
22500    1141.547004  -1.694702    0.000000     0.600000    
22500    1141.547450  -1.694957    0.000000     0.600000    
22500    1141.547905  -1.695460    0.000000     0.600000    
22500    1141.548350  -1.695794    0.000000     0.600000    
22500    1141.548790  -1.696004    0.000000     0.600000    
22500    1141.549233  -1.696470    0.000000     0.600000    
22500    1141.549682  -1.696748    0.000000     0.600000    
22500    1141.550128  -1.697298    0.000000     0.600000    
22500    1141.550570  -1.697590    0.000000     0.600000    
22500    1141.551012  -1.698182    0.000000     0.600000    
22500    1141.551468  -1.698508    0.000000     0.600000    
22500    1141.551916  -1.699477    0.000000     0.600000    
22500    1141.552352  -1.699502    0.000000     0.600000    
22500    1141.552800  -1.699820    0.000000     0.600000    
22500    1141.553236  -1.700033    0.000000     0.600000    
22500    1141.553679  -1.700310    0.000000     0.600000    
22500    1141.554121  -1.700765    0.000000     0.600000    
22500    1141.554565  -1.701230    0.000000     0.600000    
22500    1141.555007  -1.701548    0.000000     0.600000    
22500    1141.555450  -1.701997    0.000000     0.600000    
22500    1141.555899  -1.702711    0.000000     0.600000    
22500    1141.556343  -1.703303    0.000000     0.600000    
22500    1141.556783  -1.703857    0.000000     0.600000    
22500    1141.557229  -1.704318    0.000000     0.600000    
22500    1141.557676  -1.704747    0.000000     0.600000    
22500    1141.558120  -1.705367    0.000000     0.600000    
22500    1141.558558  -1.705710    0.000000     0.600000    
22500    1141.558997  -1.706273    0.000000     0.600000    
22500    1141.559442  -1.706716    0.000000     0.600000    
22500    1141.559895  -1.707341    0.000000     0.600000    
22500    1141.560332  -1.707458    0.000000     0.600000    
22500    1141.560782  -1.708028    0.000000     0.600000    
22500    1141.561223  -1.708475    0.000000     0.600000    
22500    1141.561673  -1.708892    0.000000     0.600000    
22500    1141.562121  -1.709404    0.000000     0.600000    
22500    1141.562570  -1.710217    0.000000     0.600000    
22500    1141.563017  -1.710597    0.000000     0.600000    
22500    1141.563463  -1.711045    0.000000     0.600000    
22500    1141.563913  -1.711736    0.000000     0.600000    
22500    1141.564349  -1.712069    0.000000     0.600000    
22500    1141.564791  -1.712298    0.000000     0.600000    
22500    1141.565234  -1.712938    0.000000     0.600000    
22500    1141.565671  -1.713087    0.000000     0.600000    
22500    1141.566118  -1.713602    0.000000     0.600000    
22500    1141.566560  -1.713860    0.000000     0.600000    
22500    1141.567014  -1.714464    0.000000     0.600000    
22500    1141.567463  -1.714813    0.000000     0.600000    
22500    1141.567907  -1.714974    0.000000     0.600000    
22500    1141.568347  -1.714998    0.000000     0.600000    
22500    1141.568784  -1.715092    0.000000     0.600000    
22500    1141.569227  -1.715502    0.000000     0.600000    
22500    1141.569671  -1.715585    0.000000     0.600000    
22500    1141.570118  -1.715960    0.000000     0.600000    
22500    1141.570570  -1.716679    0.000000     0.600000    
22500    1141.571015  -1.717200    0.000000     0.600000    
22500    1141.571464  -1.718007    0.000000     0.600000    
22500    1141.571911  -1.718700    0.000000     0.600000    
22500    1141.572358  -1.719065    0.000000     0.600000    
22500    1141.572801  -1.719621    0.000000     0.600000    
22500    1141.573240  -1.719885    0.000000     0.600000    
22500    1141.573689  -1.720080    0.000000     0.600000    
22500    1141.574131  -1.720349    0.000000     0.600000    
22500    1141.574578  -1.721130    0.000000     0.600000    
22500    1141.575018  -1.721243    0.000000     0.600000    
22500    1141.575459  -1.721586    0.000000     0.600000    
22500    1141.575895  -1.721720    0.000000     0.600000    
22500    1141.576337  -1.721945    0.000000     0.600000    
22500    1141.576780  -1.722387    0.000000     0.600000    
22500    1141.577219  -1.722816    0.000000     0.600000    
22500    1141.577666  -1.723342    0.000000     0.600000    
22500    1141.578114  -1.723821    0.000000     0.600000    
22500    1141.578560  -1.724281    0.000000     0.600000    
22500    1141.579011  -1.724713    0.000000     0.600000    
22500    1141.579463  -1.725099    0.000000     0.600000    
22500    1141.579903  -1.725375    0.000000     0.600000    
22500    1141.580355  -1.725833    0.000000     0.600000    
22500    1141.580805  -1.726269    0.000000     0.600000    
22500    1141.581242  -1.726512    0.000000     0.600000    
22500    1141.581678  -1.726540    0.000000     0.600000    
22500    1141.582125  -1.726708    0.000000     0.600000    
22500    1141.582570  -1.727063    0.000000     0.600000    
22500    1141.583014  -1.727507    0.000000     0.600000    
22500    1141.583461  -1.727845    0.000000     0.600000    
22500    1141.583900  -1.728083    0.000000     0.600000    
22500    1141.584365  -1.728524    0.000000     0.600000    
22500    1141.584810  -1.728895    0.000000     0.600000    
22500    1141.585258  -1.729161    0.000000     0.600000    
22500    1141.585694  -1.729424    0.000000     0.600000    
22500    1141.586140  -1.730033    0.000000     0.600000    
22500    1141.586590  -1.730725    0.000000     0.600000    
22500    1141.587030  -1.730893    0.000000     0.600000    
22500    1141.587479  -1.731464    0.000000     0.600000    
22500    1141.587935  -1.732329    0.000000     0.600000    
22500    1141.588375  -1.732723    0.000000     0.600000    
22500    1141.588818  -1.733205    0.000000     0.600000    
22500    1141.589265  -1.733829    0.000000     0.600000    
22500    1141.589717  -1.734381    0.000000     0.600000    
22500    1141.590167  -1.734752    0.000000     0.600000    
22500    1141.590619  -1.735108    0.000000     0.600000    
22500    1141.591074  -1.735541    0.000000     0.600000    
22500    1141.591516  -1.735902    0.000000     0.600000    
22500    1141.591957  -1.736118    0.000000     0.600000    
22500    1141.592405  -1.736497    0.000000     0.600000    
22500    1141.592847  -1.736794    0.000000     0.600000    
22500    1141.593290  -1.737069    0.000000     0.600000    
22500    1141.593733  -1.737509    0.000000     0.600000    
22500    1141.594174  -1.738320    0.000000     0.600000    
22500    1141.594622  -1.738945    0.000000     0.600000    
22500    1141.595067  -1.739478    0.000000     0.600000    
22500    1141.595516  -1.739976    0.000000     0.600000    
22500    1141.595955  -1.740561    0.000000     0.600000    
22500    1141.596396  -1.740793    0.000000     0.600000    
22500    1141.596835  -1.741236    0.000000     0.600000    
22500    1141.597288  -1.741951    0.000000     0.600000    
22500    1141.597734  -1.742343    0.000000     0.600000    
22500    1141.598178  -1.742795    0.000000     0.600000    
22500    1141.598616  -1.743057    0.000000     0.600000    
22500    1141.599067  -1.743911    0.000000     0.600000    
22500    1141.599517  -1.744586    0.000000     0.600000    
22500    1141.599962  -1.744900    0.000000     0.600000    
22500    1141.600410  -1.745326    0.000000     0.600000    
22500    1141.600855  -1.746195    0.000000     0.600000    
22500    1141.601306  -1.746631    0.000000     0.600000    
22500    1141.601749  -1.746876    0.000000     0.600000    
22500    1141.602197  -1.747503    0.000000     0.600000    
22500    1141.602646  -1.748408    0.000000     0.600000    
22500    1141.603093  -1.749168    0.000000     0.600000    
22500    1141.603530  -1.749361    0.000000     0.600000    
22500    1141.603963  -1.749559    0.000000     0.600000    
22500    1141.604406  -1.749702    0.000000     0.600000    
22500    1141.604861  -1.750065    0.000000     0.600000    
22500    1141.605307  -1.750367    0.000000     0.600000    
22500    1141.605748  -1.750723    0.000000     0.600000    
22500    1141.606183  -1.750927    0.000000     0.600000    
22500    1141.606619  -1.751215    0.000000     0.600000    
22500    1141.607059  -1.751314    0.000000     0.600000    
22500    1141.607502  -1.751637    0.000000     0.600000    
22500    1141.607949  -1.752399    0.000000     0.600000    
22500    1141.608397  -1.753102    0.000000     0.600000    
22500    1141.608842  -1.753457    0.000000     0.600000    
22500    1141.609286  -1.753823    0.000000     0.600000    
22500    1141.609732  -1.754163    0.000000     0.600000    
22500    1141.610160  -1.754182    0.000000     0.600000    
22500    1141.610605  -1.754555    0.000000     0.600000    
22500    1141.611051  -1.755042    0.000000     0.600000    
22500    1141.611503  -1.755936    0.000000     0.600000    
22500    1141.611943  -1.756906    0.000000     0.600000    
22500    1141.612384  -1.757443    0.000000     0.600000    
22500    1141.612828  -1.757673    0.000000     0.600000    
22500    1141.613271  -1.757910    0.000000     0.600000    
22500    1141.613708  -1.758152    0.000000     0.600000    
22500    1141.614152  -1.758845    0.000000     0.600000    
22500    1141.614587  -1.759016    0.000000     0.600000    
22500    1141.615027  -1.759230    0.000000     0.600000    
22500    1141.615472  -1.759664    0.000000     0.600000    
22500    1141.615919  -1.760190    0.000000     0.600000    
22500    1141.616361  -1.760836    0.000000     0.600000    
22500    1141.616801  -1.761155    0.000000     0.600000    
22500    1141.617245  -1.761515    0.000000     0.600000    
22500    1141.617695  -1.762339    0.000000     0.600000    
22500    1141.618134  -1.762828    0.000000     0.600000    
22500    1141.618576  -1.763114    0.000000     0.600000    
22500    1141.619004  -1.763227    0.000000     0.600000    
22500    1141.619448  -1.763427    0.000000     0.600000    
22500    1141.619882  -1.763701    0.000000     0.600000    
22500    1141.620327  -1.764120    0.000000     0.600000    
22500    1141.620773  -1.764377    0.000000     0.600000    
22500    1141.621218  -1.764862    0.000000     0.600000    
22500    1141.621656  -1.765067    0.000000     0.600000    
22500    1141.622105  -1.765769    0.000000     0.600000    
22500    1141.622555  -1.766698    0.000000     0.600000    
22500    1141.623003  -1.767104    0.000000     0.600000    
22500    1141.623442  -1.767286    0.000000     0.600000    
22500    1141.623884  -1.767828    0.000000     0.600000    
22500    1141.624331  -1.768740    0.000000     0.600000    
22500    1141.624776  -1.769507    0.000000     0.600000    
22500    1141.625215  -1.769677    0.000000     0.600000    
22500    1141.625668  -1.770191    0.000000     0.600000    
22500    1141.626106  -1.770489    0.000000     0.600000    
22500    1141.626544  -1.770931    0.000000     0.600000    
22500    1141.626990  -1.771442    0.000000     0.600000    
22500    1141.627427  -1.771700    0.000000     0.600000    
22500    1141.627874  -1.772543    0.000000     0.600000    
22500    1141.628323  -1.773093    0.000000     0.600000    
22500    1141.628762  -1.773297    0.000000     0.600000    
22500    1141.629207  -1.774234    0.000000     0.600000    
22500    1141.629647  -1.774866    0.000000     0.600000    
22500    1141.630084  -1.775079    0.000000     0.600000    
22500    1141.630530  -1.775333    0.000000     0.600000    
22500    1141.630973  -1.775567    0.000000     0.600000    
22500    1141.631412  -1.775954    0.000000     0.600000    
22500    1141.631850  -1.776041    0.000000     0.600000    
22500    1141.632294  -1.776413    0.000000     0.600000    
22500    1141.632744  -1.777027    0.000000     0.600000    
22500    1141.633188  -1.777431    0.000000     0.600000    
22500    1141.633632  -1.778239    0.000000     0.600000    
22500    1141.634070  -1.778565    0.000000     0.600000    
22500    1141.634510  -1.779663    0.000000     0.600000    
22500    1141.634955  -1.780536    0.000000     0.600000    
22500    1141.635395  -1.781093    0.000000     0.600000    
22500    1141.635835  -1.781668    0.000000     0.600000    
22500    1141.636271  -1.782139    0.000000     0.600000    
22500    1141.636713  -1.782509    0.000000     0.600000    
22500    1141.637150  -1.782779    0.000000     0.600000    
22500    1141.637596  -1.783087    0.000000     0.600000    
22500    1141.638032  -1.783459    0.000000     0.600000    
22500    1141.638473  -1.783935    0.000000     0.600000    
22500    1141.638910  -1.784075    0.000000     0.600000    
22500    1141.639353  -1.784435    0.000000     0.600000    
22500    1141.639793  -1.785088    0.000000     0.600000    
22500    1141.640233  -1.785611    0.000000     0.600000    
22500    1141.640671  -1.785883    0.000000     0.600000    
22500    1141.641118  -1.786693    0.000000     0.600000    
22500    1141.641567  -1.787353    0.000000     0.600000    
22500    1141.642003  -1.787669    0.000000     0.600000    
22500    1141.642442  -1.787861    0.000000     0.600000    
22500    1141.642878  -1.788185    0.000000     0.600000    
22500    1141.643317  -1.788515    0.000000     0.600000    
22500    1141.643755  -1.788842    0.000000     0.600000    
22500    1141.644192  -1.789427    0.000000     0.600000    
22500    1141.644632  -1.790094    0.000000     0.600000    
22500    1141.645071  -1.790770    0.000000     0.600000    
22500    1141.645518  -1.791291    0.000000     0.600000    
22500    1141.645962  -1.791672    0.000000     0.600000    
22500    1141.646399  -1.792137    0.000000     0.600000    
22500    1141.646842  -1.792574    0.000000     0.600000    
22500    1141.647287  -1.793408    0.000000     0.600000    
22500    1141.647733  -1.793978    0.000000     0.600000    
22500    1141.648170  -1.794316    0.000000     0.600000    
22500    1141.648617  -1.795017    0.000000     0.600000    
22500    1141.649051  -1.795141    0.000000     0.600000    
22500    1141.649492  -1.795512    0.000000     0.600000    
22500    1141.649944  -1.795793    0.000000     0.600000    
22500    1141.650393  -1.796256    0.000000     0.600000    
22500    1141.650842  -1.796566    0.000000     0.600000    
22500    1141.651281  -1.796800    0.000000     0.600000    
22500    1141.651722  -1.797332    0.000000     0.600000    
22500    1141.652165  -1.797477    0.000000     0.600000    
22500    1141.652601  -1.797686    0.000000     0.600000    
22500    1141.653052  -1.798030    0.000000     0.600000    
22500    1141.653500  -1.798685    0.000000     0.600000    
22500    1141.653940  -1.798984    0.000000     0.600000    
22500    1141.654381  -1.799826    0.000000     0.600000    
22500    1141.654822  -1.800353    0.000000     0.600000    
22500    1141.655277  -1.801343    0.000000     0.600000    
22500    1141.655717  -1.801892    0.000000     0.600000    
22500    1141.656158  -1.802414    0.000000     0.600000    
22500    1141.656592  -1.802706    0.000000     0.600000    
22500    1141.657036  -1.803096    0.000000     0.600000    
22500    1141.657482  -1.803621    0.000000     0.600000    
22500    1141.657924  -1.803967    0.000000     0.600000    
22500    1141.658364  -1.804689    0.000000     0.600000    
22500    1141.658806  -1.805365    0.000000     0.600000    
22500    1141.659240  -1.805581    0.000000     0.600000    
22500    1141.659677  -1.805715    0.000000     0.600000    
22500    1141.660109  -1.805924    0.000000     0.600000    
22500    1141.660558  -1.806438    0.000000     0.600000    
22500    1141.660992  -1.806842    0.000000     0.600000    
22500    1141.661424  -1.806958    0.000000     0.600000    
22500    1141.661861  -1.807054    0.000000     0.600000    
22500    1141.662299  -1.807495    0.000000     0.600000    
22500    1141.662739  -1.807785    0.000000     0.600000    
22500    1141.663185  -1.808628    0.000000     0.600000    
22500    1141.663628  -1.809024    0.000000     0.600000    
22500    1141.664069  -1.809404    0.000000     0.600000    
22500    1141.664522  -1.809877    0.000000     0.600000    
22500    1141.664964  -1.810347    0.000000     0.600000    
22500    1141.665406  -1.810874    0.000000     0.600000    
22500    1141.665849  -1.811147    0.000000     0.600000    
22500    1141.666284  -1.811792    0.000000     0.600000    
22500    1141.666727  -1.812248    0.000000     0.600000    
22500    1141.667159  -1.812470    0.000000     0.600000    
22500    1141.667600  -1.812696    0.000000     0.600000    
22500    1141.668044  -1.813048    0.000000     0.600000    
22500    1141.668485  -1.813441    0.000000     0.600000    
22500    1141.668912  -1.813464    0.000000     0.600000    
22500    1141.669351  -1.813736    0.000000     0.600000    
22500    1141.669788  -1.813962    0.000000     0.600000    
22500    1141.670233  -1.814644    0.000000     0.600000    
22500    1141.670671  -1.815096    0.000000     0.600000    
22500    1141.671105  -1.815504    0.000000     0.600000    
22500    1141.671540  -1.815616    0.000000     0.600000    
22500    1141.671986  -1.816038    0.000000     0.600000    
22500    1141.672429  -1.816634    0.000000     0.600000    
22500    1141.672867  -1.817021    0.000000     0.600000    
22500    1141.673301  -1.817360    0.000000     0.600000    
22500    1141.673742  -1.817583    0.000000     0.600000    
22500    1141.674183  -1.817940    0.000000     0.600000    
22500    1141.674616  -1.818025    0.000000     0.600000    
22500    1141.675063  -1.818599    0.000000     0.600000    
22500    1141.675512  -1.819259    0.000000     0.600000    
22500    1141.675951  -1.819733    0.000000     0.600000    
22500    1141.676389  -1.820111    0.000000     0.600000    
22500    1141.676830  -1.820502    0.000000     0.600000    
22500    1141.677271  -1.821112    0.000000     0.600000    
22500    1141.677702  -1.821180    0.000000     0.600000    
22500    1141.678134  -1.821469    0.000000     0.600000    
22500    1141.678579  -1.821924    0.000000     0.600000    
22500    1141.679023  -1.822397    0.000000     0.600000    
22500    1141.679458  -1.822629    0.000000     0.600000    
22500    1141.679899  -1.823218    0.000000     0.600000    
22500    1141.680339  -1.823846    0.000000     0.600000    
22500    1141.680777  -1.824030    0.000000     0.600000    
22500    1141.681213  -1.824444    0.000000     0.600000    
22500    1141.681651  -1.824604    0.000000     0.600000    
22500    1141.682091  -1.824896    0.000000     0.600000    
22500    1141.682535  -1.825233    0.000000     0.600000    
22500    1141.682976  -1.825651    0.000000     0.600000    
22500    1141.683412  -1.825917    0.000000     0.600000    
22500    1141.683850  -1.826226    0.000000     0.600000    
22500    1141.684289  -1.826488    0.000000     0.600000    
22500    1141.684726  -1.826803    0.000000     0.600000    
22500    1141.685155  -1.827070    0.000000     0.600000    
22500    1141.685595  -1.827713    0.000000     0.600000    
22500    1141.686035  -1.827930    0.000000     0.600000    
22500    1141.686481  -1.828283    0.000000     0.600000    
22500    1141.686922  -1.828497    0.000000     0.600000    
22500    1141.687354  -1.828888    0.000000     0.600000    
22500    1141.687794  -1.829262    0.000000     0.600000    
22500    1141.688236  -1.829567    0.000000     0.600000    
22500    1141.688676  -1.829932    0.000000     0.600000    
22500    1141.689109  -1.830275    0.000000     0.600000    
22500    1141.689549  -1.830981    0.000000     0.600000    
22500    1141.689991  -1.831627    0.000000     0.600000    
22500    1141.690422  -1.831894    0.000000     0.600000    
22500    1141.690859  -1.832334    0.000000     0.600000    
22500    1141.691295  -1.832720    0.000000     0.600000    
22500    1141.691724  -1.832756    0.000000     0.600000    
22500    1141.692162  -1.832999    0.000000     0.600000    
22500    1141.692601  -1.833212    0.000000     0.600000    
22500    1141.693043  -1.833831    0.000000     0.600000    
22500    1141.693476  -1.833955    0.000000     0.600000    
22500    1141.693914  -1.834139    0.000000     0.600000    
22500    1141.694353  -1.834628    0.000000     0.600000    
22500    1141.694799  -1.835123    0.000000     0.600000    
22500    1141.695235  -1.835282    0.000000     0.600000    
22500    1141.695674  -1.835673    0.000000     0.600000    
22500    1141.696106  -1.835849    0.000000     0.600000    
22500    1141.696542  -1.835967    0.000000     0.600000    
22500    1141.696974  -1.836187    0.000000     0.600000    
22500    1141.697413  -1.836380    0.000000     0.600000    
22500    1141.697861  -1.837262    0.000000     0.600000    
22500    1141.698299  -1.837570    0.000000     0.600000    
22500    1141.698738  -1.838198    0.000000     0.600000    
22500    1141.699176  -1.838334    0.000000     0.600000    
22500    1141.699629  -1.839157    0.000000     0.600000    
22500    1141.700069  -1.839484    0.000000     0.600000    
22500    1141.700514  -1.840025    0.000000     0.600000    
22500    1141.700956  -1.840483    0.000000     0.600000    
22500    1141.701391  -1.840943    0.000000     0.600000    
22500    1141.701824  -1.841386    0.000000     0.600000    
22500    1141.702259  -1.841601    0.000000     0.600000    
22500    1141.702692  -1.841668    0.000000     0.600000    
22500    1141.703138  -1.842220    0.000000     0.600000    
22500    1141.703566  -1.842234    0.000000     0.600000    
22500    1141.704008  -1.842896    0.000000     0.600000    
22500    1141.704453  -1.843513    0.000000     0.600000    
22500    1141.704892  -1.843707    0.000000     0.600000    
22500    1141.705329  -1.844197    0.000000     0.600000    
22500    1141.705766  -1.844503    0.000000     0.600000    
22500    1141.706204  -1.844990    0.000000     0.600000    
22500    1141.706644  -1.845250    0.000000     0.600000    
22500    1141.707082  -1.845469    0.000000     0.600000    
22500    1141.707523  -1.845862    0.000000     0.600000    
22500    1141.707957  -1.846137    0.000000     0.600000    
22500    1141.708399  -1.846518    0.000000     0.600000    
22500    1141.708836  -1.846671    0.000000     0.600000    
22500    1141.709276  -1.847079    0.000000     0.600000    
22500    1141.709715  -1.847138    0.000000     0.600000    
22500    1141.710145  -1.847416    0.000000     0.600000    
22500    1141.710587  -1.847845    0.000000     0.600000    
22500    1141.711023  -1.848072    0.000000     0.600000    
22500    1141.711461  -1.848368    0.000000     0.600000    
22500    1141.711897  -1.849176    0.000000     0.600000    
22500    1141.712333  -1.849402    0.000000     0.600000    
22500    1141.712769  -1.849512    0.000000     0.600000    
22500    1141.713208  -1.849979    0.000000     0.600000    
22500    1141.713648  -1.850167    0.000000     0.600000    
22500    1141.714087  -1.850668    0.000000     0.600000    
22500    1141.714534  -1.851312    0.000000     0.600000    
22500    1141.714986  -1.852041    0.000000     0.600000    
22500    1141.715427  -1.852423    0.000000     0.600000    
22500    1141.715865  -1.852722    0.000000     0.600000    
22500    1141.716301  -1.853007    0.000000     0.600000    
22500    1141.716738  -1.853224    0.000000     0.600000    
22500    1141.717181  -1.853665    0.000000     0.600000    
22500    1141.717619  -1.853844    0.000000     0.600000    
22500    1141.718064  -1.854215    0.000000     0.600000    
22500    1141.718500  -1.854420    0.000000     0.600000    
22500    1141.718932  -1.854676    0.000000     0.600000    
22500    1141.719378  -1.855053    0.000000     0.600000    
22500    1141.719825  -1.855488    0.000000     0.600000    
22500    1141.720276  -1.856068    0.000000     0.600000    
22500    1141.720735  -1.856370    0.000000     0.600000    
22500    1141.721180  -1.857123    0.000000     0.600000    
22500    1141.721623  -1.857487    0.000000     0.600000    
22500    1141.722064  -1.857736    0.000000     0.600000    
22500    1141.722499  -1.858409    0.000000     0.600000    
22500    1141.722935  -1.858895    0.000000     0.600000    
22500    1141.723374  -1.859749    0.000000     0.600000    
22500    1141.723801  -1.859891    0.000000     0.600000    
22500    1141.724229  -1.859981    0.000000     0.600000    
22500    1141.724654  -1.860105    0.000000     0.600000    
22500    1141.727477  -1.860683    0.000000     0.600000    
22500    1141.727904  -1.861059    0.000000     0.600000    
22500    1141.728331  -1.861178    0.000000     0.600000    
22500    1141.733736  -1.861511    0.000000     0.600000    
22500    1141.734169  -1.861594    0.000000     0.600000    
22500    1141.734601  -1.861763    0.000000     0.600000    
22500    1141.735043  -1.862670    0.000000     0.600000    
22500    1141.735480  -1.862830    0.000000     0.600000    
22500    1141.735923  -1.863318    0.000000     0.600000    
22500    1141.736364  -1.863758    0.000000     0.600000    
22500    1141.736811  -1.864203    0.000000     0.600000    
22500    1141.737242  -1.864265    0.000000     0.600000    
22500    1141.737675  -1.864707    0.000000     0.600000    
22500    1141.738123  -1.865118    0.000000     0.600000    
22500    1141.738565  -1.865379    0.000000     0.600000    
22500    1141.738997  -1.865742    0.000000     0.600000    
22500    1141.739428  -1.866016    0.000000     0.600000    
22500    1141.739862  -1.866180    0.000000     0.600000    
22500    1141.740290  -1.866406    0.000000     0.600000    
22500    1141.740718  -1.866536    0.000000     0.600000    
22500    1141.741154  -1.866734    0.000000     0.600000    
22500    1141.741595  -1.867130    0.000000     0.600000    
22500    1141.742034  -1.867266    0.000000     0.600000    
22500    1141.742472  -1.867699    0.000000     0.600000    
22500    1141.742907  -1.868356    0.000000     0.600000    
22500    1141.743348  -1.868868    0.000000     0.600000    
22500    1141.743779  -1.868958    0.000000     0.600000    
22500    1141.744216  -1.869225    0.000000     0.600000    
22500    1141.744648  -1.869507    0.000000     0.600000    
22500    1141.745088  -1.870129    0.000000     0.600000    
22500    1141.745538  -1.870340    0.000000     0.600000    
22500    1141.745979  -1.870815    0.000000     0.600000    
22500    1141.746409  -1.871448    0.000000     0.600000    
22500    1141.746856  -1.872026    0.000000     0.600000    
22500    1141.747291  -1.872311    0.000000     0.600000    
22500    1141.747723  -1.872628    0.000000     0.600000    
22500    1141.748170  -1.872860    0.000000     0.600000    
22500    1141.748606  -1.873498    0.000000     0.600000    
22500    1141.749044  -1.873713    0.000000     0.600000    
22500    1141.749470  -1.873768    0.000000     0.600000    
22500    1141.749907  -1.874123    0.000000     0.600000    
22500    1141.750335  -1.874185    0.000000     0.600000    
22500    1141.750765  -1.874336    0.000000     0.600000    
22500    1141.751200  -1.874716    0.000000     0.600000    
22500    1141.751623  -1.874951    0.000000     0.600000    
22500    1141.752054  -1.875045    0.000000     0.600000    
22500    1141.752477  -1.875356    0.000000     0.600000    
22500    1141.752916  -1.875735    0.000000     0.600000    
22500    1141.753346  -1.875853    0.000000     0.600000    
22500    1141.753782  -1.875999    0.000000     0.600000    
22500    1141.754215  -1.876149    0.000000     0.600000    
22500    1141.754644  -1.876393    0.000000     0.600000    
22500    1141.755088  -1.877031    0.000000     0.600000    
22500    1141.755521  -1.877322    0.000000     0.600000    
22500    1141.755953  -1.877549    0.000000     0.600000    
22500    1141.756394  -1.878131    0.000000     0.600000    
22500    1141.756834  -1.878600    0.000000     0.600000    
22500    1141.757275  -1.878808    0.000000     0.600000    
22500    1141.757708  -1.879060    0.000000     0.600000    
22500    1141.758135  -1.879576    0.000000     0.600000    
22500    1141.758563  -1.879838    0.000000     0.600000    
22500    1141.758989  -1.880543    0.000000     0.600000    
22500    1141.759424  -1.880964    0.000000     0.600000    
22500    1141.770581  -1.881248    0.000000     0.600000    
22500    1141.771021  -1.881591    0.000000     0.600000    
22500    1141.771457  -1.881957    0.000000     0.600000    
22500    1141.771895  -1.882309    0.000000     0.600000    
22500    1141.772328  -1.882565    0.000000     0.600000    
22500    1141.772767  -1.882950    0.000000     0.600000    
22500    1141.773203  -1.883458    0.000000     0.600000    
22500    1141.773638  -1.883766    0.000000     0.600000    
22500    1141.774066  -1.884058    0.000000     0.600000    
22500    1141.774497  -1.884484    0.000000     0.600000    
22500    1141.774917  -1.884535    0.000000     0.600000    
22500    1141.775350  -1.884771    0.000000     0.600000    
22500    1141.775783  -1.885121    0.000000     0.600000    
22500    1141.776211  -1.885288    0.000000     0.600000    
22500    1141.776631  -1.885314    0.000000     0.600000    
22500    1141.777054  -1.885758    0.000000     0.600000    
22500    1141.777489  -1.886117    0.000000     0.600000    
22500    1141.777921  -1.886318    0.000000     0.600000    
22500    1141.778356  -1.886452    0.000000     0.600000    
22500    1141.778788  -1.886570    0.000000     0.600000    
22500    1141.779218  -1.886878    0.000000     0.600000    
22500    1141.779658  -1.887230    0.000000     0.600000    
22500    1141.780099  -1.887649    0.000000     0.600000    
22500    1141.780539  -1.887892    0.000000     0.600000    
22500    1141.780978  -1.888335    0.000000     0.600000    
22500    1141.781409  -1.888509    0.000000     0.600000    
22500    1141.781850  -1.888943    0.000000     0.600000    
22500    1141.782287  -1.889527    0.000000     0.600000    
22500    1141.782717  -1.889587    0.000000     0.600000    
22500    1141.783161  -1.889908    0.000000     0.600000    
22500    1141.783595  -1.890243    0.000000     0.600000    
22500    1141.784027  -1.890309    0.000000     0.600000    
22500    1141.784470  -1.890880    0.000000     0.600000    
22500    1141.784923  -1.891079    0.000000     0.600000    
22500    1141.785384  -1.891610    0.000000     0.600000    
22500    1141.785826  -1.892518    0.000000     0.600000    
22501    1141.794050  -1.892523    0.626090     0.600000    
22511    1141.827469  -1.893104    0.631800     0.600000    
22521    1141.861281  -1.893905    0.632050     0.600000    
22531    1141.896725  -1.894801    0.633060     0.600000    
22541    1141.932869  -1.895987    0.631890     0.600000    
22551    1141.968893  -1.897512    0.630410     0.600000    
22561    1142.002393  -1.898528    0.627530     0.600000    
22571    1142.036185  -1.899150    0.634750     0.600000    
22581    1142.070427  -1.899855    0.630570     0.600000    
22591    1142.105349  -1.900293    0.626550     0.600000    
22601    1142.140663  -1.901141    0.628390     0.600000    
22611    1142.181428  -1.901928    0.628660     0.600000    
22621    1142.224439  -1.902687    0.626150     0.600000    
22631    1142.270846  -1.903536    0.629690     0.600000    
22641    1142.321303  -1.904350    0.627880     0.600000    
22651    1142.378997  -1.905213    0.629290     0.600000    
22661    1142.429366  -1.905915    0.629590     0.600000    
22671    1142.479830  -1.906392    0.628300     0.600000    
22681    1142.531134  -1.907574    0.627890     0.600000    
22691    1142.582653  -1.908260    0.629770     0.600000    
22701    1142.630123  -1.908792    0.629540     0.600000    
22711    1142.677512  -1.909448    0.629410     0.600000    
22721    1142.729504  -1.910050    0.629910     0.600000    
22731    1142.777905  -1.910966    0.630450     0.600000    
22741    1142.825592  -1.911279    0.626000     0.600000    
22751    1142.875778  -1.912171    0.628570     0.600000    
22761    1142.928818  -1.912906    0.630600     0.600000    
22771    1142.968291  -1.913603    0.628710     0.600000    
22781    1143.003814  -1.914079    0.629750     0.600000    
22791    1143.040014  -1.914737    0.626030     0.600000    
22801    1143.075349  -1.915643    0.627990     0.600000    
22811    1143.110344  -1.916932    0.627080     0.600000    
22821    1143.146302  -1.917539    0.627280     0.600000    
22831    1143.184806  -1.918278    0.627080     0.600000    
22841    1143.226493  -1.919250    0.627330     0.600000    
22851    1143.268012  -1.919915    0.628000     0.600000    
22861    1143.309047  -1.920359    0.626020     0.600000    
22871    1143.350528  -1.921139    0.627320     0.600000    
22881    1143.392414  -1.921988    0.628530     0.600000    
22891    1143.434209  -1.922346    0.627490     0.600000    
22901    1143.475628  -1.922776    0.623860     0.600000    
22911    1143.517599  -1.923341    0.626330     0.600000    
22921    1143.558971  -1.924247    0.624410     0.600000    
22931    1143.600733  -1.924875    0.626280     0.600000    
22941    1143.642520  -1.925391    0.625820     0.600000    
22951    1143.684332  -1.926242    0.626600     0.600000    
22961    1143.726025  -1.927019    0.626130     0.600000    
22971    1143.767610  -1.927675    0.625480     0.600000    
22981    1143.809557  -1.927890    0.625410     0.600000    
22991    1143.851044  -1.928927    0.627220     0.600000    
23001    1143.892971  -1.929561    0.624290     0.600000    
23011    1143.934889  -1.930404    0.628270     0.600000    
23021    1143.977231  -1.931094    0.624620     0.600000    
23031    1144.018210  -1.931423    0.627700     0.600000    
23041    1144.060067  -1.931851    0.628140     0.600000    
23051    1144.101826  -1.932388    0.625220     0.600000    
23061    1144.143127  -1.932910    0.628650     0.600000    
23071    1144.184999  -1.933500    0.622130     0.600000    
23081    1144.226464  -1.934042    0.625760     0.600000    
23091    1144.268442  -1.934535    0.626440     0.600000    
23101    1144.310354  -1.935019    0.627310     0.600000    
23111    1144.352388  -1.935536    0.622400     0.600000    
23121    1144.394373  -1.936415    0.624040     0.600000    
23131    1144.443756  -1.937067    0.626030     0.600000    
23141    1144.484682  -1.938128    0.625970     0.600000    
23151    1144.521667  -1.938826    0.627800     0.600000    
23161    1144.557574  -1.939313    0.626070     0.600000    
23171    1144.593153  -1.939710    0.622500     0.600000    
23181    1144.632386  -1.940008    0.624200     0.600000    
23191    1144.678296  -1.940948    0.623620     0.600000    
23201    1144.725592  -1.941477    0.622790     0.600000    
23211    1144.773609  -1.942083    0.624610     0.600000    
23221    1144.834130  -1.943068    0.624330     0.600000    
23231    1144.888150  -1.944002    0.621830     0.600000    
23241    1144.945291  -1.944411    0.621630     0.600000    
23251    1144.998150  -1.944963    0.626720     0.600000    
23261    1145.047241  -1.945328    0.622450     0.600000    
23271    1145.104262  -1.945867    0.623440     0.600000    
23281    1145.191280  -1.946678    0.626420     0.600000    
23291    1145.280218  -1.947111    0.623210     0.600000    
23301    1145.348725  -1.948034    0.619950     0.600000    
23311    1145.428628  -1.948667    0.624260     0.600000    
23321    1145.507203  -1.949276    0.621380     0.600000    
23331    1145.573491  -1.950323    0.622680     0.600000    
23341    1145.650988  -1.951189    0.622410     0.600000    
23351    1145.719847  -1.951885    0.624490     0.600000    
23361    1145.784978  -1.952908    0.621780     0.600000    
23371    1145.865322  -1.953733    0.624670     0.600000    
23381    1145.978963  -1.954535    0.620070     0.600000    
23391    1146.034209  -1.954906    0.622070     0.600000    
23401    1146.082116  -1.955490    0.623400     0.600000    
23411    1146.134669  -1.956572    0.622490     0.600000    
23421    1146.186711  -1.957090    0.622500     0.600000    
23431    1146.243403  -1.957617    0.620620     0.600000    
23441    1146.295350  -1.958416    0.621320     0.600000    
23451    1146.339471  -1.959044    0.624180     0.600000    
23461    1146.388850  -1.959484    0.621590     0.600000    
23471    1146.443546  -1.960131    0.625810     0.600000    
23481    1146.503411  -1.960792    0.625810     0.600000    
23491    1146.547235  -1.961320    0.622440     0.600000    
23501    1146.600830  -1.962166    0.621490     0.600000    
23511    1146.650555  -1.963125    0.622580     0.600000    
23521    1146.699798  -1.964005    0.620130     0.600000    
23531    1146.748988  -1.964629    0.623010     0.600000    
23541    1146.797598  -1.965365    0.618770     0.600000    
23551    1146.846156  -1.966266    0.619060     0.600000    
23561    1146.894682  -1.967306    0.621370     0.600000    
23571    1146.947148  -1.967900    0.618420     0.600000    
23581    1147.005305  -1.968364    0.619510     0.600000    
23591    1147.052128  -1.969212    0.624280     0.600000    
23601    1147.100594  -1.969675    0.621560     0.600000    
23611    1147.161144  -1.970347    0.621460     0.600000    
23621    1147.222997  -1.970831    0.620800     0.600000    
23631    1147.284719  -1.971688    0.621990     0.600000    
23641    1147.351258  -1.972511    0.620370     0.600000    
23651    1147.406520  -1.973300    0.621480     0.600000    
23661    1147.457863  -1.973661    0.619120     0.600000    
23671    1147.522139  -1.974105    0.622100     0.600000    
23681    1147.569017  -1.974604    0.622920     0.600000    
23691    1147.663377  -1.975550    0.618510     0.600000    
23701    1147.771221  -1.976095    0.620960     0.600000    
23711    1147.851994  -1.976795    0.621430     0.600000    
23721    1147.962009  -1.977418    0.618890     0.600000    
23731    1148.052069  -1.977964    0.619610     0.600000    
23741    1148.107788  -1.978421    0.616850     0.600000    
23751    1148.160582  -1.978979    0.620210     0.600000    
23761    1148.209071  -1.979990    0.619410     0.600000    
23771    1148.261455  -1.980704    0.619100     0.600000    
23781    1148.311313  -1.981403    0.619170     0.600000    
23791    1148.359981  -1.981870    0.618340     0.600000    
23801    1148.412201  -1.982558    0.617900     0.600000    
23811    1148.460354  -1.983213    0.617010     0.600000    
23821    1148.507616  -1.983682    0.619400     0.600000    
23831    1148.557442  -1.984617    0.619870     0.600000    
23841    1148.617536  -1.985004    0.617170     0.600000    
23851    1148.676539  -1.985868    0.620750     0.600000    
23861    1148.733004  -1.986619    0.619210     0.600000    
23871    1148.790828  -1.987087    0.620700     0.600000    
23881    1148.843597  -1.987685    0.615830     0.600000    
23891    1148.895263  -1.988380    0.618980     0.600000    
23901    1148.944447  -1.989150    0.615780     0.600000    
23911    1148.989952  -1.989621    0.620460     0.600000    
23921    1149.034888  -1.990163    0.618300     0.600000    
23931    1149.087923  -1.990732    0.617180     0.600000    
23941    1149.138584  -1.991250    0.618830     0.600000    
23951    1149.183504  -1.991634    0.618180     0.600000    
23961    1149.234110  -1.992478    0.616500     0.600000    
23971    1149.287344  -1.993129    0.617170     0.600000    
23981    1149.350255  -1.993721    0.615500     0.600000    
23991    1149.402492  -1.994723    0.618720     0.600000    
24001    1149.449772  -1.995678    0.618350     0.600000    
24011    1149.496509  -1.996126    0.617150     0.600000    
24021    1149.547742  -1.996730    0.615870     0.600000    
24031    1149.611519  -1.997112    0.616700     0.600000    
24041    1149.762191  -1.997633    0.614590     0.600000    
24051    1149.938101  -1.998812    0.616640     0.600000    
24061    1150.109076  -1.999352    0.617220     0.600000    
24071    1150.166392  -2.000062    0.615960     0.600000    
24081    1150.236917  -2.001107    0.613910     0.600000    
24091    1150.299599  -2.001672    0.616390     0.600000    
24101    1150.362145  -2.002269    0.617620     0.600000    
24111    1150.422895  -2.002917    0.612060     0.600000    
24121    1150.491289  -2.003772    0.615810     0.600000    
24131    1150.560257  -2.004332    0.619810     0.600000    
24141    1150.624425  -2.004698    0.617240     0.600000    
24151    1150.689466  -2.005224    0.616410     0.600000    
24161    1150.755711  -2.006228    0.613580     0.600000    
24171    1150.820104  -2.007169    0.613200     0.600000    
24181    1150.875977  -2.007943    0.616350     0.600000    
24191    1150.931449  -2.008692    0.613650     0.600000    
24201    1150.987062  -2.009512    0.613440     0.600000    
24211    1151.035505  -2.010319    0.613270     0.600000    
24221    1151.081087  -2.010870    0.615500     0.600000    
24231    1151.128490  -2.011825    0.614590     0.600000    
24241    1151.182059  -2.012296    0.611160     0.600000    
24251    1151.237982  -2.013093    0.614550     0.600000    
24261    1151.289870  -2.013606    0.613620     0.600000    
24271    1151.339220  -2.014161    0.613510     0.600000    
24281    1151.384561  -2.014974    0.613400     0.600000    
24291    1151.429822  -2.015820    0.615010     0.600000    
24301    1151.476593  -2.016376    0.613590     0.600000    
24311    1151.521256  -2.016655    0.615690     0.600000    
24321    1151.571602  -2.017240    0.613230     0.600000    
24331    1151.620091  -2.017968    0.616340     0.600000    
24341    1151.668301  -2.018379    0.614820     0.600000    
24351    1151.719696  -2.018751    0.614210     0.600000    
24361    1151.766504  -2.019770    0.613810     0.600000    
24371    1151.818805  -2.020261    0.614140     0.600000    
24381    1151.871833  -2.020933    0.613230     0.600000    
24391    1151.924112  -2.021205    0.615600     0.600000    
24401    1151.974249  -2.021657    0.615100     0.600000    
24411    1152.026658  -2.022443    0.614110     0.600000    
24421    1152.091799  -2.023217    0.614100     0.600000    
24431    1152.160191  -2.023530    0.611000     0.600000    
24441    1152.223165  -2.023937    0.612990     0.600000    
24451    1152.286832  -2.025014    0.618360     0.600000    
24461    1152.374708  -2.025456    0.614650     0.600000    
24471    1152.445756  -2.026070    0.612900     0.600000    
24481    1152.506896  -2.026558    0.611660     0.600000    
24491    1152.613963  -2.027547    0.614960     0.600000    
24501    1152.665079  -2.028572    0.612990     0.600000    
24511    1152.713075  -2.028975    0.610280     0.600000    
24521    1152.764378  -2.029606    0.610580     0.600000    
24531    1152.817590  -2.030007    0.612280     0.600000    
24541    1152.875602  -2.030924    0.611720     0.600000    
24551    1152.929200  -2.031555    0.614190     0.600000    
24561    1152.985556  -2.031997    0.611500     0.600000    
24571    1153.040869  -2.032666    0.610530     0.600000    
24581    1153.098666  -2.033346    0.614780     0.600000    
24591    1153.154541  -2.033976    0.611950     0.600000    
24601    1153.209388  -2.034526    0.609990     0.600000    
24611    1153.261616  -2.034811    0.612070     0.600000    
24621    1153.318660  -2.035647    0.610440     0.600000    
24631    1153.373780  -2.036573    0.607210     0.600000    
24641    1153.433857  -2.037178    0.610910     0.600000    
24651    1153.497346  -2.037757    0.612930     0.600000    
24661    1153.562951  -2.038407    0.609350     0.600000    
24671    1153.633350  -2.039453    0.610290     0.600000    
24681    1153.715155  -2.040011    0.611250     0.600000    
24691    1153.779325  -2.040834    0.612000     0.600000    
24701    1153.856289  -2.041933    0.608720     0.600000    
24711    1153.911113  -2.042321    0.610840     0.600000    
24721    1153.969493  -2.042881    0.608650     0.600000    
24731    1154.022417  -2.043597    0.614530     0.600000    
24741    1154.077520  -2.044368    0.613790     0.600000    
24751    1154.165611  -2.044819    0.608100     0.600000    
24761    1154.213151  -2.045579    0.609600     0.600000    
24771    1154.261670  -2.046246    0.609850     0.600000    
24781    1154.313222  -2.046674    0.609670     0.600000    
24791    1154.381756  -2.047369    0.607790     0.600000    
24801    1154.472156  -2.047978    0.606200     0.600000    
24811    1154.535007  -2.048420    0.611260     0.600000    
24821    1154.605189  -2.048965    0.610820     0.600000    
24831    1154.671431  -2.049645    0.612970     0.600000    
24841    1154.740825  -2.050215    0.609140     0.600000    
24851    1154.820889  -2.051172    0.609280     0.600000    
24861    1154.882256  -2.051597    0.610160     0.600000    
24871    1154.933726  -2.052087    0.610230     0.600000    
24881    1154.983995  -2.052610    0.609470     0.600000    
24891    1155.030806  -2.053186    0.610090     0.600000    
24901    1155.077471  -2.053841    0.607080     0.600000    
24911    1155.129796  -2.054586    0.607680     0.600000    
24921    1155.182517  -2.055238    0.608190     0.600000    
24931    1155.232025  -2.055658    0.605370     0.600000    
24941    1155.283083  -2.056396    0.607770     0.600000    
24951    1155.327648  -2.056712    0.609980     0.600000    
24961    1155.395513  -2.057109    0.609540     0.600000    
24971    1155.457508  -2.057755    0.607030     0.600000    
24981    1155.512336  -2.058475    0.610170     0.600000    
24991    1155.564916  -2.059220    0.607890     0.600000    
25001    1155.625380  -2.060140    0.608980     0.600000    
25011    1155.681783  -2.061023    0.606350     0.600000    
25021    1155.739472  -2.061707    0.608280     0.600000    
25031    1155.795687  -2.062079    0.606800     0.600000    
25041    1155.862727  -2.062640    0.607970     0.600000    
25051    1155.905512  -2.063419    0.608360     0.600000    
25061    1155.959191  -2.064089    0.608130     0.600000    
25071    1156.014253  -2.064863    0.607230     0.600000    
25081    1156.063216  -2.065473    0.611180     0.600000    
25091    1156.115077  -2.066022    0.606730     0.600000    
25101    1156.166424  -2.066300    0.608080     0.600000    
25111    1156.219683  -2.066873    0.604710     0.600000    
25121    1156.274800  -2.067465    0.606730     0.600000    
25131    1156.328570  -2.067824    0.608100     0.600000    
25141    1156.396336  -2.069182    0.605070     0.600000    
25151    1156.463950  -2.069968    0.605430     0.600000    
25161    1156.529840  -2.070624    0.605980     0.600000    
25171    1156.600434  -2.071064    0.606170     0.600000    
25181    1156.672137  -2.071463    0.607690     0.600000    
25191    1156.741906  -2.072039    0.603330     0.600000    
25201    1156.816853  -2.072584    0.604940     0.600000    
25211    1156.870115  -2.073478    0.608310     0.600000    
25221    1156.921394  -2.074157    0.605440     0.600000    
25231    1156.967834  -2.074673    0.603280     0.600000    
25241    1157.021339  -2.074940    0.606300     0.600000    
25251    1157.068802  -2.075609    0.605190     0.600000    
25261    1157.115522  -2.076043    0.604080     0.600000    
25271    1157.169739  -2.076855    0.604500     0.600000    
25281    1157.222106  -2.077522    0.604540     0.600000    
25291    1157.276384  -2.077950    0.604920     0.600000    
25301    1157.321460  -2.078943    0.603600     0.600000    
25311    1157.369965  -2.079584    0.605610     0.600000    
25321    1157.421240  -2.080955    0.604660     0.600000    
25331    1157.476000  -2.081600    0.604360     0.600000    
25341    1157.525932  -2.082101    0.606200     0.600000    
25351    1157.579638  -2.082461    0.602260     0.600000    
25361    1157.640041  -2.083075    0.604050     0.600000    
25371    1157.696453  -2.083694    0.602830     0.600000    
25381    1157.758750  -2.084500    0.603770     0.600000    
25391    1157.826812  -2.085384    0.602780     0.600000    
25401    1157.881357  -2.086149    0.604770     0.600000    
25411    1157.946163  -2.086682    0.601030     0.600000    
25421    1158.001673  -2.087112    0.603720     0.600000    
25431    1158.045894  -2.087487    0.606500     0.600000    
25441    1158.095409  -2.088197    0.601670     0.600000    
25451    1158.143756  -2.089081    0.604570     0.600000    
25461    1158.201135  -2.090146    0.602110     0.600000    
25471    1158.253626  -2.090503    0.606400     0.600000    
25481    1158.300671  -2.091157    0.598350     0.600000    
25491    1158.345415  -2.091685    0.605480     0.600000    
25501    1158.392084  -2.092227    0.602560     0.600000    
25511    1158.430763  -2.092726    0.603850     0.600000    
25521    1158.469294  -2.093621    0.604170     0.600000    
25531    1158.508833  -2.094799    0.604180     0.600000    
25541    1158.547897  -2.095687    0.602060     0.600000    
25551    1158.586712  -2.096736    0.601560     0.600000    
25561    1158.624932  -2.097646    0.604630     0.600000    
25571    1158.663075  -2.098338    0.601930     0.600000    
25581    1158.701803  -2.098845    0.598720     0.600000    
25591    1158.740220  -2.099495    0.602120     0.600000    
25601    1158.778920  -2.100252    0.604090     0.600000    
25611    1158.817247  -2.101032    0.605190     0.600000    
25621    1158.855181  -2.101667    0.602410     0.600000    
25631    1158.893243  -2.102178    0.603540     0.600000    
25641    1158.932323  -2.102569    0.600680     0.600000    
25651    1158.971209  -2.102909    0.601340     0.600000    
25661    1159.009026  -2.103522    0.600620     0.600000    
25671    1159.047695  -2.103957    0.601320     0.600000    
25681    1159.086118  -2.104527    0.602550     0.600000    
25691    1159.124782  -2.105031    0.601490     0.600000    
25701    1159.163000  -2.105494    0.599280     0.600000    
25711    1159.202582  -2.106351    0.600310     0.600000    
25721    1159.241327  -2.106765    0.599590     0.600000    
25731    1159.280133  -2.107332    0.599900     0.600000    
25741    1159.318875  -2.107628    0.600410     0.600000    
25751    1159.357335  -2.108223    0.603310     0.600000    
25761    1159.396956  -2.108716    0.601650     0.600000    
25771    1159.435642  -2.109276    0.599450     0.600000    
25781    1159.474628  -2.109572    0.599930     0.600000    
25791    1159.513894  -2.110251    0.598090     0.600000    
25801    1159.552391  -2.110462    0.599800     0.600000    
25811    1159.590786  -2.111367    0.599920     0.600000    
25821    1159.629155  -2.111912    0.599110     0.600000    
25831    1159.667506  -2.112525    0.601530     0.600000    
25841    1159.706137  -2.113094    0.599530     0.600000    
25851    1159.744082  -2.113560    0.600260     0.600000    
25861    1159.782641  -2.114078    0.598490     0.600000    
25871    1159.820351  -2.114820    0.599670     0.600000    
25881    1159.858953  -2.115310    0.599440     0.600000    
25891    1159.899885  -2.115957    0.598060     0.600000    
25901    1159.940706  -2.116830    0.601900     0.600000    
25911    1159.982220  -2.117458    0.599720     0.600000    
25921    1160.023810  -2.117875    0.597990     0.600000    
25931    1160.065423  -2.118479    0.601700     0.600000    
25941    1160.106183  -2.118698    0.596490     0.600000    
25951    1160.147868  -2.119187    0.597410     0.600000    
25961    1160.189510  -2.119670    0.599440     0.600000    
25971    1160.230243  -2.120053    0.598570     0.600000    
25981    1160.271752  -2.121091    0.596440     0.600000    
25991    1160.312056  -2.121553    0.598270     0.600000    
26001    1160.353197  -2.122137    0.598310     0.600000    
26011    1160.393979  -2.122748    0.599390     0.600000    
26021    1160.440035  -2.123462    0.598100     0.600000    
26031    1160.485838  -2.124042    0.595120     0.600000    
26041    1160.532111  -2.124822    0.597640     0.600000    
26051    1160.578970  -2.125323    0.600740     0.600000    
26061    1160.631691  -2.126570    0.599270     0.600000    
26071    1160.684263  -2.127461    0.597020     0.600000    
26081    1160.736568  -2.128387    0.598260     0.600000    
26091    1160.785982  -2.129015    0.597000     0.600000    
26101    1160.837950  -2.129691    0.599440     0.600000    
26111    1160.890373  -2.130200    0.598110     0.600000    
26121    1160.938353  -2.130761    0.596930     0.600000    
26131    1160.983968  -2.131078    0.595780     0.600000    
26141    1161.035329  -2.131766    0.598040     0.600000    
26151    1161.087980  -2.132227    0.599050     0.600000    
26161    1161.140680  -2.133000    0.595590     0.600000    
26171    1161.191687  -2.133621    0.596920     0.600000    
26181    1161.245357  -2.134536    0.597880     0.600000    
26191    1161.299053  -2.135198    0.597960     0.600000    
26201    1161.348787  -2.135773    0.598820     0.600000    
26211    1161.390785  -2.136361    0.595790     0.600000    
26221    1161.431166  -2.137007    0.592810     0.600000    
26231    1161.469489  -2.137501    0.596930     0.600000    
26241    1161.509755  -2.138177    0.596770     0.600000    
26251    1161.547193  -2.138637    0.594710     0.600000    
26261    1161.585393  -2.139174    0.595340     0.600000    
26271    1161.623120  -2.139654    0.596540     0.600000    
26281    1161.661492  -2.140461    0.593120     0.600000    
26291    1161.699620  -2.141038    0.594550     0.600000    
26301    1161.737509  -2.141515    0.596590     0.600000    
26311    1161.775004  -2.142195    0.593270     0.600000    
26321    1161.812382  -2.142564    0.596290     0.600000    
26331    1161.849803  -2.143014    0.594390     0.600000    
26341    1161.887351  -2.143781    0.594890     0.600000    
26351    1161.925284  -2.144456    0.596010     0.600000    
26361    1161.962845  -2.145239    0.595810     0.600000    
26371    1161.999957  -2.145946    0.596150     0.600000    
26381    1162.037386  -2.146518    0.597670     0.600000    
26391    1162.075182  -2.146886    0.592760     0.600000    
26401    1162.112597  -2.147471    0.594390     0.600000    
26411    1162.150015  -2.147849    0.595820     0.600000    
26421    1162.187912  -2.148572    0.592130     0.600000    
26431    1162.225399  -2.149154    0.595010     0.600000    
26441    1162.262891  -2.150139    0.593510     0.600000    
26451    1162.301068  -2.150990    0.593780     0.600000    
26461    1162.338658  -2.151342    0.595660     0.600000    
26471    1162.376292  -2.152576    0.593490     0.600000    
26481    1162.414742  -2.153435    0.594260     0.600000    
26491    1162.456994  -2.153877    0.590840     0.600000    
26501    1162.497947  -2.154444    0.591910     0.600000    
26511    1162.539157  -2.155142    0.592490     0.600000    
26521    1162.580168  -2.155426    0.595720     0.600000    
26531    1162.621389  -2.155821    0.592620     0.600000    
26541    1162.662265  -2.156347    0.594390     0.600000    
26551    1162.703920  -2.156981    0.596100     0.600000    
26561    1162.744846  -2.157937    0.591430     0.600000    
26571    1162.786822  -2.158891    0.594170     0.600000    
26581    1162.828352  -2.159532    0.594330     0.600000    
26591    1162.869393  -2.159856    0.593700     0.600000    
26601    1162.911174  -2.160521    0.592450     0.600000    
26611    1162.952340  -2.161064    0.591410     0.600000    
26621    1162.993361  -2.161438    0.590000     0.600000    
26631    1163.034793  -2.161829    0.593610     0.600000    
26641    1163.076114  -2.162244    0.591440     0.600000    
26651    1163.117486  -2.163045    0.592240     0.600000    
26661    1163.159316  -2.163506    0.590960     0.600000    
26671    1163.201887  -2.164001    0.592710     0.600000    
26681    1163.243226  -2.164553    0.589310     0.600000    
26691    1163.284928  -2.165115    0.596560     0.600000    
26701    1163.326673  -2.165708    0.593170     0.600000    
26711    1163.368020  -2.166279    0.589870     0.600000    
26721    1163.409345  -2.166849    0.591340     0.600000    
26731    1163.451265  -2.167032    0.589890     0.600000    
26741    1163.493213  -2.167421    0.590360     0.600000    
26751    1163.535049  -2.168220    0.590750     0.600000    
26761    1163.576815  -2.168615    0.590330     0.600000    
26771    1163.617978  -2.169094    0.589570     0.600000    
26781    1163.659835  -2.169416    0.591800     0.600000    
26791    1163.701324  -2.170037    0.590620     0.600000    
26801    1163.742964  -2.170429    0.590680     0.600000    
26811    1163.785252  -2.170891    0.589270     0.600000    
26821    1163.826543  -2.171377    0.594200     0.600000    
26831    1163.868155  -2.171736    0.588600     0.600000    
26841    1163.915791  -2.172328    0.589320     0.600000    
26851    1163.957182  -2.172669    0.588620     0.600000    
26861    1163.998415  -2.173049    0.592170     0.600000    
26871    1164.040687  -2.173522    0.591220     0.600000    
26881    1164.079108  -2.173945    0.591000     0.600000    
26891    1164.117306  -2.174370    0.589640     0.600000    
26901    1164.156458  -2.174688    0.591000     0.600000    
26911    1164.201669  -2.175125    0.591600     0.600000    
26921    1164.243247  -2.175573    0.588770     0.600000    
26931    1164.282533  -2.176272    0.591490     0.600000    
26941    1164.321836  -2.176686    0.588680     0.600000    
26951    1164.361023  -2.177078    0.588230     0.600000    
26961    1164.400406  -2.177918    0.587420     0.600000    
26971    1164.439185  -2.178358    0.588890     0.600000    
26981    1164.478060  -2.178796    0.589870     0.600000    
26991    1164.517312  -2.179248    0.588700     0.600000    
27001    1164.556683  -2.179523    0.589410     0.600000    
27011    1164.595210  -2.179969    0.591460     0.600000    
27021    1164.634209  -2.180555    0.588640     0.600000    
27031    1164.673005  -2.181211    0.587250     0.600000    
27041    1164.712390  -2.181619    0.589800     0.600000    
27051    1164.750691  -2.182183    0.591340     0.600000    
27061    1164.789668  -2.182585    0.587330     0.600000    
27071    1164.828250  -2.183291    0.590910     0.600000    
27081    1164.866781  -2.183954    0.589080     0.600000    
27091    1164.905831  -2.184665    0.588240     0.600000    
27101    1164.944519  -2.185390    0.589270     0.600000    
27111    1164.983506  -2.186231    0.587770     0.600000    
27121    1165.022578  -2.186970    0.591270     0.600000    
27131    1165.061253  -2.187335    0.590510     0.600000    
27141    1165.100363  -2.187776    0.588770     0.600000    
27151    1165.139955  -2.188301    0.589560     0.600000    
27161    1165.179608  -2.189360    0.588110     0.600000    
27171    1165.219607  -2.190099    0.586910     0.600000    
27181    1165.258765  -2.190470    0.590500     0.600000    
27191    1165.298745  -2.191052    0.585720     0.600000    
27201    1165.337313  -2.191745    0.591350     0.600000    
27211    1165.376305  -2.192650    0.584770     0.600000    
27221    1165.415065  -2.193215    0.585890     0.600000    
27231    1165.454731  -2.193898    0.587080     0.600000    
27241    1165.493821  -2.194282    0.586600     0.600000    
27251    1165.533765  -2.194644    0.588410     0.600000    
27261    1165.573461  -2.195604    0.585470     0.600000    
27271    1165.613403  -2.196087    0.589720     0.600000    
27281    1165.652958  -2.196609    0.586240     0.600000    
27291    1165.691402  -2.197104    0.586120     0.600000    
27301    1165.730963  -2.197327    0.583280     0.600000    
27311    1165.770542  -2.197805    0.585590     0.600000    
27321    1165.809766  -2.198241    0.586760     0.600000    
27331    1165.849345  -2.198685    0.585740     0.600000    
27341    1165.888993  -2.199233    0.588210     0.600000    
27351    1165.928239  -2.199781    0.583920     0.600000    
27361    1165.967675  -2.200215    0.584240     0.600000    
27371    1166.006517  -2.200657    0.585970     0.600000    
27381    1166.045365  -2.201189    0.583320     0.600000    
27391    1166.084331  -2.202087    0.585830     0.600000    
27401    1166.123846  -2.202717    0.585420     0.600000    
27411    1166.162464  -2.203205    0.582670     0.600000    
27421    1166.201537  -2.203734    0.583010     0.600000    
27431    1166.240935  -2.204300    0.585590     0.600000    
27441    1166.280484  -2.204983    0.582120     0.600000    
27451    1166.319589  -2.205773    0.584880     0.600000    
27461    1166.359107  -2.206326    0.586600     0.600000    
27471    1166.398203  -2.207013    0.587510     0.600000    
27481    1166.437640  -2.207968    0.586160     0.600000    
27491    1166.476248  -2.208340    0.581290     0.600000    
27500    1166.512127  -2.208965    0.584980     0.600000    
27500    1885.518112  -2.208965    0.000000     0.600000    
27500    1911.138308  -2.209328    0.000000     0.600000    
27500    1911.138912  -2.209968    0.000000     0.600000    
27500    1911.139452  -2.210324    0.000000     0.600000    
27500    1911.140001  -2.210653    0.000000     0.600000    
27500    1911.142848  -2.211227    0.000000     0.600000    
27500    1911.143440  -2.211577    0.000000     0.600000    
27500    1911.144005  -2.212024    0.000000     0.600000    
27500    1911.144556  -2.212733    0.000000     0.600000    
27500    1911.145102  -2.213016    0.000000     0.600000    
27500    1911.145643  -2.213537    0.000000     0.600000    
27500    1911.146195  -2.214002    0.000000     0.600000    
27500    1911.146736  -2.214669    0.000000     0.600000    
27500    1911.147280  -2.215260    0.000000     0.600000    
27500    1911.147826  -2.216347    0.000000     0.600000    
27500    1911.148377  -2.217099    0.000000     0.600000    
27500    1911.148907  -2.217540    0.000000     0.600000    
27500    1911.149445  -2.217829    0.000000     0.600000    
27500    1911.149973  -2.218467    0.000000     0.600000    
27500    1911.150507  -2.218860    0.000000     0.600000    
27500    1911.151038  -2.219182    0.000000     0.600000    
27500    1911.151558  -2.219615    0.000000     0.600000    
27500    1911.152086  -2.220417    0.000000     0.600000    
27500    1911.152615  -2.220990    0.000000     0.600000    
27500    1911.153150  -2.221203    0.000000     0.600000    
27500    1911.153675  -2.221655    0.000000     0.600000    
27500    1911.154204  -2.222186    0.000000     0.600000    
27500    1911.154735  -2.222978    0.000000     0.600000    
27500    1911.155259  -2.223625    0.000000     0.600000    
27500    1911.155786  -2.224002    0.000000     0.600000    
27500    1911.156322  -2.224644    0.000000     0.600000    
27500    1911.156844  -2.225281    0.000000     0.600000    
27500    1911.157365  -2.225853    0.000000     0.600000    
27500    1911.157889  -2.226157    0.000000     0.600000    
27500    1911.158423  -2.226711    0.000000     0.600000    
27500    1911.158941  -2.227224    0.000000     0.600000    
27500    1911.159470  -2.227675    0.000000     0.600000    
27500    1911.159997  -2.228214    0.000000     0.600000    
27500    1911.160526  -2.228585    0.000000     0.600000    
27500    1911.161051  -2.229231    0.000000     0.600000    
27500    1911.161574  -2.229518    0.000000     0.600000    
27500    1911.162149  -2.230023    0.000000     0.600000    
27500    1911.162680  -2.230808    0.000000     0.600000    
27500    1911.163212  -2.231324    0.000000     0.600000    
27500    1911.163740  -2.231506    0.000000     0.600000    
27500    1911.164274  -2.231959    0.000000     0.600000    
27500    1911.164843  -2.232348    0.000000     0.600000    
27500    1911.165375  -2.233175    0.000000     0.600000    
27500    1911.165905  -2.233650    0.000000     0.600000    
27500    1911.166440  -2.234082    0.000000     0.600000    
27500    1911.166975  -2.234496    0.000000     0.600000    
27500    1911.167503  -2.235205    0.000000     0.600000    
27500    1911.168033  -2.235579    0.000000     0.600000    
27500    1911.168568  -2.236152    0.000000     0.600000    
27500    1911.169099  -2.236780    0.000000     0.600000    
27500    1911.169665  -2.237502    0.000000     0.600000    
27500    1911.170193  -2.237770    0.000000     0.600000    
27500    1911.170731  -2.238272    0.000000     0.600000    
27500    1911.171326  -2.238720    0.000000     0.600000    
27500    1911.171853  -2.239249    0.000000     0.600000    
27500    1911.172381  -2.239880    0.000000     0.600000    
27500    1911.172916  -2.240347    0.000000     0.600000    
27500    1911.173446  -2.240810    0.000000     0.600000    
27500    1911.174071  -2.241021    0.000000     0.600000    
27500    1911.174619  -2.241576    0.000000     0.600000    
27500    1911.175765  -2.241764    0.000000     0.600000    
27500    1911.176683  -2.241986    0.000000     0.600000    
27500    1911.177223  -2.242326    0.000000     0.600000    
27500    1911.177756  -2.242781    0.000000     0.600000    
27500    1911.178286  -2.243167    0.000000     0.600000    
27500    1911.178826  -2.243396    0.000000     0.600000    
27500    1911.179359  -2.243985    0.000000     0.600000    
27500    1911.179886  -2.244728    0.000000     0.600000    
27500    1911.180418  -2.245138    0.000000     0.600000    
27500    1911.180952  -2.245452    0.000000     0.600000    
27500    1911.181480  -2.246062    0.000000     0.600000    
27500    1911.182009  -2.246468    0.000000     0.600000    
27500    1911.182605  -2.246733    0.000000     0.600000    
27500    1911.183250  -2.246902    0.000000     0.600000    
27500    1911.183862  -2.247831    0.000000     0.600000    
27500    1911.184405  -2.248842    0.000000     0.600000    
27500    1911.185501  -2.249470    0.000000     0.600000    
27500    1911.186178  -2.249831    0.000000     0.600000    
27500    1911.186720  -2.250242    0.000000     0.600000    
27500    1911.187981  -2.250475    0.000000     0.600000    
27500    1911.188985  -2.251050    0.000000     0.600000    
27500    1911.189522  -2.251333    0.000000     0.600000    
27500    1911.190055  -2.251830    0.000000     0.600000    
27500    1911.190593  -2.252147    0.000000     0.600000    
27500    1911.191172  -2.252708    0.000000     0.600000    
27500    1911.191846  -2.253329    0.000000     0.600000    
27500    1911.192573  -2.253798    0.000000     0.600000    
27500    1911.193299  -2.254491    0.000000     0.600000    
27500    1911.193988  -2.255050    0.000000     0.600000    
27500    1911.194522  -2.255462    0.000000     0.600000    
27500    1911.195232  -2.255885    0.000000     0.600000    
27500    1911.195767  -2.256738    0.000000     0.600000    
27500    1911.197076  -2.257148    0.000000     0.600000    
27500    1911.197612  -2.257615    0.000000     0.600000    
27500    1911.198150  -2.258109    0.000000     0.600000    
27500    1911.198712  -2.258812    0.000000     0.600000    
27500    1911.199293  -2.259106    0.000000     0.600000    
27500    1911.199921  -2.259695    0.000000     0.600000    
27500    1911.200497  -2.260003    0.000000     0.600000    
27500    1911.201073  -2.260440    0.000000     0.600000    
27500    1911.201651  -2.261353    0.000000     0.600000    
27500    1911.202225  -2.261828    0.000000     0.600000    
27500    1911.202794  -2.262039    0.000000     0.600000    
27500    1911.203365  -2.262812    0.000000     0.600000    
27500    1911.203939  -2.263449    0.000000     0.600000    
27500    1911.204510  -2.264016    0.000000     0.600000    
27500    1911.205084  -2.265099    0.000000     0.600000    
27500    1911.205657  -2.265515    0.000000     0.600000    
27500    1911.206236  -2.265769    0.000000     0.600000    
27500    1911.206810  -2.266205    0.000000     0.600000    
27500    1911.207397  -2.266633    0.000000     0.600000    
27500    1911.207972  -2.267160    0.000000     0.600000    
27500    1911.208539  -2.267517    0.000000     0.600000    
27500    1911.209104  -2.267751    0.000000     0.600000    
27500    1911.209671  -2.268523    0.000000     0.600000    
27500    1911.210235  -2.268888    0.000000     0.600000    
27500    1911.210807  -2.269538    0.000000     0.600000    
27500    1911.211373  -2.269992    0.000000     0.600000    
27500    1911.211944  -2.270836    0.000000     0.600000    
27500    1911.212516  -2.271528    0.000000     0.600000    
27500    1911.213078  -2.271911    0.000000     0.600000    
27500    1911.213643  -2.272349    0.000000     0.600000    
27500    1911.214207  -2.272721    0.000000     0.600000    
27500    1911.214789  -2.273294    0.000000     0.600000    
27500    1911.215359  -2.273868    0.000000     0.600000    
27500    1911.215925  -2.274328    0.000000     0.600000    
27500    1911.216523  -2.274919    0.000000     0.600000    
27500    1911.217112  -2.275429    0.000000     0.600000    
27500    1911.217685  -2.275903    0.000000     0.600000    
27500    1911.218252  -2.276158    0.000000     0.600000    
27500    1911.218828  -2.276723    0.000000     0.600000    
27500    1911.219401  -2.277330    0.000000     0.600000    
27500    1911.219977  -2.277804    0.000000     0.600000    
27500    1911.220539  -2.278138    0.000000     0.600000    
27500    1911.221100  -2.278408    0.000000     0.600000    
27500    1911.221668  -2.279048    0.000000     0.600000    
27500    1911.222236  -2.279581    0.000000     0.600000    
27500    1911.222817  -2.279977    0.000000     0.600000    
27500    1911.223380  -2.280367    0.000000     0.600000    
27500    1911.223951  -2.280654    0.000000     0.600000    
27500    1911.224523  -2.280917    0.000000     0.600000    
27500    1911.225091  -2.281426    0.000000     0.600000    
27500    1911.225672  -2.281765    0.000000     0.600000    
27500    1911.226659  -2.282106    0.000000     0.600000    
27500    1911.227847  -2.282431    0.000000     0.600000    
27500    1911.228419  -2.282840    0.000000     0.600000    
27500    1911.228999  -2.283530    0.000000     0.600000    
27500    1911.229575  -2.283817    0.000000     0.600000    
27500    1911.230152  -2.284305    0.000000     0.600000    
27500    1911.230716  -2.284618    0.000000     0.600000    
27500    1911.231327  -2.285262    0.000000     0.600000    
27500    1911.231910  -2.285805    0.000000     0.600000    
27500    1911.232487  -2.286235    0.000000     0.600000    
27500    1911.233057  -2.286874    0.000000     0.600000    
27500    1911.233632  -2.287249    0.000000     0.600000    
27500    1911.234214  -2.287877    0.000000     0.600000    
27500    1911.234785  -2.288323    0.000000     0.600000    
27500    1911.235404  -2.288704    0.000000     0.600000    
27500    1911.235976  -2.289150    0.000000     0.600000    
27500    1911.236535  -2.289513    0.000000     0.600000    
27500    1911.237104  -2.290093    0.000000     0.600000    
27500    1911.237679  -2.290843    0.000000     0.600000    
27500    1911.238242  -2.291338    0.000000     0.600000    
27500    1911.238811  -2.291950    0.000000     0.600000    
27500    1911.239386  -2.292377    0.000000     0.600000    
27500    1911.239959  -2.292841    0.000000     0.600000    
27500    1911.240523  -2.293728    0.000000     0.600000    
27500    1911.241095  -2.294160    0.000000     0.600000    
27500    1911.241665  -2.294461    0.000000     0.600000    
27500    1911.242236  -2.294962    0.000000     0.600000    
27500    1911.242804  -2.295400    0.000000     0.600000    
27500    1911.243375  -2.296241    0.000000     0.600000    
27500    1911.243940  -2.296586    0.000000     0.600000    
27500    1911.244502  -2.297240    0.000000     0.600000    
27500    1911.245065  -2.297464    0.000000     0.600000    
27500    1911.245627  -2.297762    0.000000     0.600000    
27500    1911.246188  -2.298460    0.000000     0.600000    
27500    1911.246758  -2.298739    0.000000     0.600000    
27500    1911.247323  -2.299379    0.000000     0.600000    
27500    1911.247887  -2.300196    0.000000     0.600000    
27500    1911.248450  -2.300728    0.000000     0.600000    
27500    1911.249012  -2.301208    0.000000     0.600000    
27500    1911.249582  -2.301530    0.000000     0.600000    
27500    1911.250154  -2.301798    0.000000     0.600000    
27500    1911.250718  -2.302330    0.000000     0.600000    
27500    1911.251281  -2.302818    0.000000     0.600000    
27500    1911.251848  -2.303595    0.000000     0.600000    
27500    1911.252405  -2.303728    0.000000     0.600000    
27500    1911.252969  -2.303944    0.000000     0.600000    
27500    1911.253524  -2.304327    0.000000     0.600000    
27500    1911.254087  -2.304677    0.000000     0.600000    
27500    1911.254649  -2.305289    0.000000     0.600000    
27500    1911.255215  -2.306089    0.000000     0.600000    
27500    1911.255777  -2.306732    0.000000     0.600000    
27500    1911.256335  -2.307031    0.000000     0.600000    
27500    1911.256908  -2.307595    0.000000     0.600000    
27500    1911.257467  -2.308125    0.000000     0.600000    
27500    1911.258079  -2.308475    0.000000     0.600000    
27500    1911.258659  -2.309127    0.000000     0.600000    
27500    1911.259229  -2.309508    0.000000     0.600000    
27500    1911.259801  -2.309813    0.000000     0.600000    
27500    1911.260366  -2.310014    0.000000     0.600000    
27500    1911.260949  -2.310291    0.000000     0.600000    
27500    1911.261510  -2.310656    0.000000     0.600000    
27500    1911.262085  -2.311188    0.000000     0.600000    
27500    1911.262652  -2.311947    0.000000     0.600000    
27500    1911.263215  -2.312625    0.000000     0.600000    
27500    1911.263779  -2.313134    0.000000     0.600000    
27500    1911.264339  -2.313387    0.000000     0.600000    
27500    1911.264904  -2.313648    0.000000     0.600000    
27500    1911.265475  -2.313945    0.000000     0.600000    
27500    1911.266031  -2.314173    0.000000     0.600000    
27500    1911.266597  -2.314642    0.000000     0.600000    
27500    1911.267164  -2.315296    0.000000     0.600000    
27500    1911.267750  -2.315678    0.000000     0.600000    
27500    1911.268355  -2.315981    0.000000     0.600000    
27500    1911.268951  -2.316278    0.000000     0.600000    
27500    1911.269560  -2.316525    0.000000     0.600000    
27500    1911.270165  -2.316909    0.000000     0.600000    
27500    1911.270770  -2.317450    0.000000     0.600000    
27500    1911.271377  -2.317947    0.000000     0.600000    
27500    1911.271973  -2.318440    0.000000     0.600000    
27500    1911.272566  -2.319080    0.000000     0.600000    
27500    1911.273132  -2.319491    0.000000     0.600000    
27500    1911.273699  -2.320207    0.000000     0.600000    
27500    1911.274264  -2.320727    0.000000     0.600000    
27500    1911.274827  -2.321206    0.000000     0.600000    
27500    1911.275389  -2.321704    0.000000     0.600000    
27500    1911.275943  -2.322251    0.000000     0.600000    
27500    1911.276499  -2.322647    0.000000     0.600000    
27500    1911.277062  -2.322906    0.000000     0.600000    
27500    1911.277644  -2.323628    0.000000     0.600000    
27500    1911.278240  -2.323915    0.000000     0.600000    
27500    1911.278834  -2.324290    0.000000     0.600000    
27500    1911.279446  -2.324877    0.000000     0.600000    
27500    1911.280052  -2.325184    0.000000     0.600000    
27500    1911.280656  -2.325927    0.000000     0.600000    
27500    1911.281270  -2.326653    0.000000     0.600000    
27500    1911.281875  -2.327244    0.000000     0.600000    
27500    1911.282475  -2.327679    0.000000     0.600000    
27500    1911.283073  -2.328125    0.000000     0.600000    
27500    1911.283671  -2.328240    0.000000     0.600000    
27500    1911.284270  -2.328650    0.000000     0.600000    
27500    1911.284876  -2.329277    0.000000     0.600000    
27500    1911.285476  -2.329685    0.000000     0.600000    
27500    1911.286075  -2.330025    0.000000     0.600000    
27500    1911.286673  -2.330209    0.000000     0.600000    
27500    1911.287284  -2.330612    0.000000     0.600000    
27500    1911.287886  -2.330871    0.000000     0.600000    
27500    1911.288490  -2.331444    0.000000     0.600000    
27500    1911.289095  -2.331604    0.000000     0.600000    
27500    1911.289702  -2.331952    0.000000     0.600000    
27500    1911.290293  -2.332279    0.000000     0.600000    
27500    1911.290891  -2.332497    0.000000     0.600000    
27500    1911.291482  -2.332915    0.000000     0.600000    
27500    1911.292101  -2.333401    0.000000     0.600000    
27500    1911.292708  -2.333783    0.000000     0.600000    
27500    1911.293309  -2.334315    0.000000     0.600000    
27500    1911.293912  -2.334729    0.000000     0.600000    
27500    1911.294514  -2.335351    0.000000     0.600000    
27500    1911.295116  -2.335878    0.000000     0.600000    
27500    1911.295713  -2.336323    0.000000     0.600000    
27500    1911.296344  -2.336721    0.000000     0.600000    
27500    1911.296952  -2.337033    0.000000     0.600000    
27500    1911.297552  -2.337352    0.000000     0.600000    
27500    1911.298138  -2.337652    0.000000     0.600000    
27500    1911.298739  -2.338356    0.000000     0.600000    
27500    1911.299340  -2.338830    0.000000     0.600000    
27500    1911.299942  -2.339231    0.000000     0.600000    
27500    1911.300543  -2.339427    0.000000     0.600000    
27500    1911.301139  -2.340169    0.000000     0.600000    
27500    1911.301735  -2.340719    0.000000     0.600000    
27500    1911.302327  -2.341313    0.000000     0.600000    
27500    1911.302951  -2.341650    0.000000     0.600000    
27500    1911.303545  -2.342021    0.000000     0.600000    
27500    1911.304146  -2.342442    0.000000     0.600000    
27500    1911.304735  -2.342844    0.000000     0.600000    
27500    1911.305331  -2.343236    0.000000     0.600000    
27500    1911.305924  -2.343660    0.000000     0.600000    
27500    1911.306515  -2.344020    0.000000     0.600000    
27500    1911.307108  -2.344388    0.000000     0.600000    
27500    1911.307704  -2.344753    0.000000     0.600000    
27500    1911.308315  -2.345104    0.000000     0.600000    
27500    1911.308920  -2.345412    0.000000     0.600000    
27500    1911.309529  -2.345941    0.000000     0.600000    
27500    1911.310137  -2.346602    0.000000     0.600000    
27500    1911.310747  -2.346980    0.000000     0.600000    
27500    1911.311351  -2.347702    0.000000     0.600000    
27500    1911.311955  -2.348055    0.000000     0.600000    
27500    1911.312560  -2.348529    0.000000     0.600000    
27500    1911.313168  -2.348864    0.000000     0.600000    
27500    1911.313774  -2.349425    0.000000     0.600000    
27500    1911.314386  -2.349914    0.000000     0.600000    
27500    1911.314985  -2.350373    0.000000     0.600000    
27500    1911.315579  -2.350854    0.000000     0.600000    
27500    1911.316188  -2.351429    0.000000     0.600000    
27500    1911.316790  -2.352150    0.000000     0.600000    
27500    1911.317390  -2.352487    0.000000     0.600000    
27500    1911.317988  -2.352960    0.000000     0.600000    
27500    1911.318586  -2.353175    0.000000     0.600000    
27500    1911.319190  -2.353460    0.000000     0.600000    
27500    1911.319796  -2.353838    0.000000     0.600000    
27500    1911.320403  -2.354545    0.000000     0.600000    
27500    1911.321007  -2.355006    0.000000     0.600000    
27500    1911.321603  -2.355426    0.000000     0.600000    
27500    1911.322198  -2.355770    0.000000     0.600000    
27500    1911.322794  -2.356258    0.000000     0.600000    
27500    1911.323389  -2.356495    0.000000     0.600000    
27500    1911.323994  -2.356941    0.000000     0.600000    
27500    1911.324596  -2.357434    0.000000     0.600000    
27500    1911.325190  -2.357724    0.000000     0.600000    
27500    1911.325792  -2.358072    0.000000     0.600000    
27500    1911.326401  -2.358431    0.000000     0.600000    
27500    1911.327005  -2.358737    0.000000     0.600000    
27500    1911.327622  -2.359217    0.000000     0.600000    
27500    1911.328243  -2.359520    0.000000     0.600000    
27500    1911.328856  -2.360147    0.000000     0.600000    
27500    1911.329465  -2.360413    0.000000     0.600000    
27500    1911.330080  -2.361142    0.000000     0.600000    
27500    1911.330692  -2.361425    0.000000     0.600000    
27500    1911.331310  -2.361773    0.000000     0.600000    
27500    1911.331917  -2.362074    0.000000     0.600000    
27500    1911.332535  -2.362638    0.000000     0.600000    
27500    1911.333151  -2.362999    0.000000     0.600000    
27500    1911.333772  -2.363462    0.000000     0.600000    
27500    1911.334394  -2.363752    0.000000     0.600000    
27500    1911.335014  -2.364374    0.000000     0.600000    
27500    1911.335634  -2.364919    0.000000     0.600000    
27500    1911.336247  -2.365275    0.000000     0.600000    
27500    1911.336862  -2.365803    0.000000     0.600000    
27500    1911.337478  -2.366140    0.000000     0.600000    
27500    1911.338089  -2.366369    0.000000     0.600000    
27500    1911.338702  -2.366833    0.000000     0.600000    
27500    1911.339315  -2.367235    0.000000     0.600000    
27500    1911.339938  -2.367783    0.000000     0.600000    
27500    1911.340533  -2.368120    0.000000     0.600000    
27500    1911.341122  -2.368375    0.000000     0.600000    
27500    1911.341721  -2.368729    0.000000     0.600000    
27500    1911.342315  -2.368960    0.000000     0.600000    
27500    1911.342999  -2.369258    0.000000     0.600000    
27500    1911.343624  -2.369729    0.000000     0.600000    
27500    1911.344237  -2.370081    0.000000     0.600000    
27500    1911.344855  -2.370482    0.000000     0.600000    
27500    1911.345470  -2.370939    0.000000     0.600000    
27500    1911.346084  -2.371211    0.000000     0.600000    
27500    1911.346687  -2.371727    0.000000     0.600000    
27500    1911.347301  -2.372352    0.000000     0.600000    
27500    1911.347903  -2.372641    0.000000     0.600000    
27500    1911.348541  -2.373132    0.000000     0.600000    
27500    1911.349155  -2.373703    0.000000     0.600000    
27500    1911.349762  -2.374210    0.000000     0.600000    
27500    1911.350368  -2.374529    0.000000     0.600000    
27500    1911.350967  -2.374830    0.000000     0.600000    
27500    1911.351573  -2.375392    0.000000     0.600000    
27500    1911.352186  -2.375663    0.000000     0.600000    
27500    1911.352789  -2.376216    0.000000     0.600000    
27500    1911.353393  -2.376430    0.000000     0.600000    
27500    1911.354329  -2.376669    0.000000     0.600000    
27500    1911.354926  -2.377107    0.000000     0.600000    
27500    1911.355528  -2.377648    0.000000     0.600000    
27500    1911.356133  -2.377903    0.000000     0.600000    
27500    1911.356731  -2.378299    0.000000     0.600000    
27500    1911.357336  -2.378654    0.000000     0.600000    
27500    1911.357945  -2.379585    0.000000     0.600000    
27500    1911.358537  -2.380066    0.000000     0.600000    
27500    1911.359151  -2.380393    0.000000     0.600000    
27500    1911.359747  -2.380857    0.000000     0.600000    
27500    1911.360342  -2.381366    0.000000     0.600000    
27500    1911.360943  -2.382034    0.000000     0.600000    
27500    1911.361544  -2.382378    0.000000     0.600000    
27500    1911.362145  -2.382984    0.000000     0.600000    
27500    1911.362740  -2.383523    0.000000     0.600000    
27500    1911.363335  -2.383739    0.000000     0.600000    
27500    1911.363936  -2.383980    0.000000     0.600000    
27500    1911.364541  -2.384461    0.000000     0.600000    
27500    1911.365133  -2.384996    0.000000     0.600000    
27500    1911.365723  -2.385325    0.000000     0.600000    
27500    1911.366315  -2.385605    0.000000     0.600000    
27500    1911.366909  -2.386220    0.000000     0.600000    
27500    1911.367507  -2.386765    0.000000     0.600000    
27500    1911.368094  -2.387061    0.000000     0.600000    
27500    1911.368689  -2.387535    0.000000     0.600000    
27500    1911.369292  -2.387953    0.000000     0.600000    
27500    1911.369886  -2.388296    0.000000     0.600000    
27500    1911.370471  -2.388451    0.000000     0.600000    
27500    1911.371070  -2.388767    0.000000     0.600000    
27500    1911.371678  -2.389251    0.000000     0.600000    
27500    1911.372284  -2.389595    0.000000     0.600000    
27500    1911.372877  -2.390066    0.000000     0.600000    
27500    1911.373470  -2.390684    0.000000     0.600000    
27500    1911.374065  -2.391243    0.000000     0.600000    
27500    1911.374662  -2.391667    0.000000     0.600000    
27500    1911.375252  -2.392232    0.000000     0.600000    
27500    1911.375845  -2.392861    0.000000     0.600000    
27500    1911.376441  -2.393635    0.000000     0.600000    
27500    1911.377035  -2.394135    0.000000     0.600000    
27500    1911.377634  -2.394743    0.000000     0.600000    
27500    1911.378222  -2.395268    0.000000     0.600000    
27500    1911.378814  -2.395400    0.000000     0.600000    
27500    1911.379411  -2.395717    0.000000     0.600000    
27500    1911.380011  -2.396025    0.000000     0.600000    
27500    1911.380608  -2.396452    0.000000     0.600000    
27500    1911.381200  -2.396902    0.000000     0.600000    
27500    1911.381802  -2.397163    0.000000     0.600000    
27500    1911.382401  -2.397387    0.000000     0.600000    
27500    1911.382980  -2.397456    0.000000     0.600000    
27500    1911.383577  -2.398267    0.000000     0.600000    
27500    1911.384171  -2.398670    0.000000     0.600000    
27500    1911.384755  -2.398820    0.000000     0.600000    
27500    1911.385352  -2.399302    0.000000     0.600000    
27500    1911.385944  -2.399612    0.000000     0.600000    
27500    1911.386534  -2.400084    0.000000     0.600000    
27500    1911.387123  -2.400403    0.000000     0.600000    
27500    1911.387711  -2.400748    0.000000     0.600000    
27500    1911.388317  -2.401171    0.000000     0.600000    
27500    1911.388895  -2.401841    0.000000     0.600000    
27500    1911.389487  -2.402293    0.000000     0.600000    
27500    1911.390070  -2.402622    0.000000     0.600000    
27500    1911.390652  -2.403257    0.000000     0.600000    
27500    1911.391236  -2.403595    0.000000     0.600000    
27500    1911.391817  -2.403863    0.000000     0.600000    
27500    1911.392397  -2.404173    0.000000     0.600000    
27500    1911.392982  -2.404702    0.000000     0.600000    
27500    1911.393568  -2.404986    0.000000     0.600000    
27500    1911.394151  -2.405601    0.000000     0.600000    
27500    1911.394728  -2.406188    0.000000     0.600000    
27500    1911.395301  -2.406445    0.000000     0.600000    
27500    1911.395875  -2.406987    0.000000     0.600000    
27500    1911.396459  -2.407348    0.000000     0.600000    
27500    1911.397039  -2.407693    0.000000     0.600000    
27500    1911.397619  -2.408546    0.000000     0.600000    
27500    1911.398193  -2.408751    0.000000     0.600000    
27500    1911.398766  -2.409108    0.000000     0.600000    
27500    1911.399344  -2.409568    0.000000     0.600000    
27500    1911.399922  -2.410110    0.000000     0.600000    
27500    1911.400496  -2.410660    0.000000     0.600000    
27500    1911.401081  -2.411450    0.000000     0.600000    
27500    1911.401663  -2.411716    0.000000     0.600000    
27500    1911.402236  -2.412086    0.000000     0.600000    
27500    1911.402813  -2.412522    0.000000     0.600000    
27500    1911.403391  -2.412743    0.000000     0.600000    
27500    1911.403965  -2.413244    0.000000     0.600000    
27500    1911.404541  -2.413670    0.000000     0.600000    
27500    1911.405110  -2.413901    0.000000     0.600000    
27500    1911.405687  -2.414529    0.000000     0.600000    
27500    1911.406263  -2.414941    0.000000     0.600000    
27500    1911.406843  -2.415347    0.000000     0.600000    
27500    1911.407423  -2.415617    0.000000     0.600000    
27500    1911.407997  -2.416030    0.000000     0.600000    
27500    1911.408575  -2.416473    0.000000     0.600000    
27500    1911.409156  -2.417062    0.000000     0.600000    
27500    1911.409739  -2.417535    0.000000     0.600000    
27500    1911.410316  -2.417846    0.000000     0.600000    
27500    1911.410888  -2.418426    0.000000     0.600000    
27500    1911.411474  -2.418976    0.000000     0.600000    
27500    1911.412052  -2.419157    0.000000     0.600000    
27500    1911.412635  -2.419656    0.000000     0.600000    
27500    1911.413218  -2.420081    0.000000     0.600000    
27500    1911.413799  -2.420533    0.000000     0.600000    
27500    1911.414378  -2.420869    0.000000     0.600000    
27500    1911.414953  -2.421375    0.000000     0.600000    
27500    1911.415524  -2.421672    0.000000     0.600000    
27500    1911.416104  -2.422019    0.000000     0.600000    
27500    1911.416680  -2.422587    0.000000     0.600000    
27500    1911.417255  -2.422982    0.000000     0.600000    
27500    1911.417835  -2.423233    0.000000     0.600000    
27500    1911.418414  -2.423775    0.000000     0.600000    
27500    1911.418979  -2.423919    0.000000     0.600000    
27500    1911.419555  -2.424342    0.000000     0.600000    
27500    1911.420129  -2.424921    0.000000     0.600000    
27500    1911.420699  -2.425264    0.000000     0.600000    
27500    1911.421271  -2.425602    0.000000     0.600000    
27500    1911.421847  -2.425852    0.000000     0.600000    
27500    1911.422418  -2.426360    0.000000     0.600000    
27500    1911.422994  -2.426916    0.000000     0.600000    
27500    1911.423577  -2.427448    0.000000     0.600000    
27500    1911.424151  -2.427840    0.000000     0.600000    
27500    1911.424726  -2.428182    0.000000     0.600000    
27500    1911.425297  -2.428849    0.000000     0.600000    
27500    1911.425868  -2.429073    0.000000     0.600000    
27500    1911.426446  -2.429549    0.000000     0.600000    
27500    1911.427024  -2.430135    0.000000     0.600000    
27500    1911.427594  -2.430480    0.000000     0.600000    
27500    1911.428163  -2.430820    0.000000     0.600000    
27500    1911.428736  -2.431290    0.000000     0.600000    
27500    1911.429315  -2.431654    0.000000     0.600000    
27500    1911.429889  -2.431964    0.000000     0.600000    
27500    1911.430458  -2.432315    0.000000     0.600000    
27500    1911.431034  -2.432861    0.000000     0.600000    
27500    1911.431614  -2.433158    0.000000     0.600000    
27500    1911.432192  -2.433754    0.000000     0.600000    
27500    1911.432767  -2.434092    0.000000     0.600000    
27500    1911.433345  -2.434530    0.000000     0.600000    
27500    1911.433924  -2.435181    0.000000     0.600000    
27500    1911.434502  -2.435776    0.000000     0.600000    
27500    1911.435071  -2.435977    0.000000     0.600000    
27500    1911.435644  -2.436412    0.000000     0.600000    
27500    1911.436216  -2.436823    0.000000     0.600000    
27500    1911.436785  -2.437130    0.000000     0.600000    
27500    1911.437360  -2.437496    0.000000     0.600000    
27500    1911.437929  -2.437759    0.000000     0.600000    
27500    1911.438505  -2.438426    0.000000     0.600000    
27500    1911.439087  -2.438873    0.000000     0.600000    
27500    1911.439663  -2.439280    0.000000     0.600000    
27500    1911.440240  -2.439612    0.000000     0.600000    
27500    1911.440813  -2.440108    0.000000     0.600000    
27500    1911.441389  -2.440627    0.000000     0.600000    
27500    1911.441949  -2.440851    0.000000     0.600000    
27500    1911.442522  -2.441210    0.000000     0.600000    
27500    1911.443090  -2.441576    0.000000     0.600000    
27500    1911.443655  -2.441634    0.000000     0.600000    
27500    1911.444227  -2.441897    0.000000     0.600000    
27500    1911.444807  -2.442500    0.000000     0.600000    
27500    1911.445371  -2.442612    0.000000     0.600000    
27500    1911.445946  -2.442924    0.000000     0.600000    
27500    1911.446524  -2.443448    0.000000     0.600000    
27500    1911.447107  -2.443981    0.000000     0.600000    
27500    1911.447690  -2.444698    0.000000     0.600000    
27500    1911.448264  -2.444948    0.000000     0.600000    
27500    1911.448836  -2.445272    0.000000     0.600000    
27500    1911.449412  -2.445798    0.000000     0.600000    
27500    1911.449987  -2.446179    0.000000     0.600000    
27500    1911.450562  -2.446526    0.000000     0.600000    
27500    1911.451135  -2.446732    0.000000     0.600000    
27500    1911.451714  -2.447224    0.000000     0.600000    
27500    1911.452281  -2.447770    0.000000     0.600000    
27500    1911.452855  -2.448183    0.000000     0.600000    
27500    1911.453431  -2.448613    0.000000     0.600000    
27500    1911.454003  -2.448874    0.000000     0.600000    
27500    1911.454582  -2.449118    0.000000     0.600000    
27500    1911.455158  -2.449635    0.000000     0.600000    
27500    1911.455723  -2.449996    0.000000     0.600000    
27500    1911.456291  -2.450069    0.000000     0.600000    
27500    1911.456872  -2.450431    0.000000     0.600000    
27500    1911.457446  -2.450678    0.000000     0.600000    
27500    1911.458018  -2.451307    0.000000     0.600000    
27500    1911.458598  -2.451793    0.000000     0.600000    
27500    1911.459169  -2.452158    0.000000     0.600000    
27500    1911.459737  -2.452416    0.000000     0.600000    
27500    1911.460311  -2.452829    0.000000     0.600000    
27500    1911.460880  -2.453331    0.000000     0.600000    
27500    1911.461447  -2.453861    0.000000     0.600000    
27500    1911.462021  -2.454178    0.000000     0.600000    
27500    1911.462595  -2.454607    0.000000     0.600000    
27500    1911.463171  -2.455050    0.000000     0.600000    
27500    1911.463748  -2.455549    0.000000     0.600000    
27500    1911.464326  -2.455941    0.000000     0.600000    
27500    1911.464902  -2.456341    0.000000     0.600000    
27500    1911.465478  -2.456695    0.000000     0.600000    
27500    1911.466055  -2.457160    0.000000     0.600000    
27500    1911.466628  -2.457327    0.000000     0.600000    
27500    1911.467206  -2.457876    0.000000     0.600000    
27500    1911.467778  -2.458086    0.000000     0.600000    
27500    1911.468361  -2.458414    0.000000     0.600000    
27500    1911.468945  -2.458678    0.000000     0.600000    
27500    1911.469518  -2.459090    0.000000     0.600000    
27500    1911.470098  -2.459600    0.000000     0.600000    
27500    1911.470673  -2.460087    0.000000     0.600000    
27500    1911.471246  -2.460530    0.000000     0.600000    
27500    1911.471818  -2.460787    0.000000     0.600000    
27500    1911.472387  -2.461066    0.000000     0.600000    
27500    1911.472955  -2.461308    0.000000     0.600000    
27500    1911.473526  -2.461727    0.000000     0.600000    
27500    1911.474087  -2.461896    0.000000     0.600000    
27500    1911.474664  -2.462316    0.000000     0.600000    
27500    1911.475231  -2.462738    0.000000     0.600000    
27500    1911.475813  -2.463288    0.000000     0.600000    
27500    1911.476382  -2.463569    0.000000     0.600000    
27500    1911.476963  -2.463963    0.000000     0.600000    
27500    1911.477537  -2.464166    0.000000     0.600000    
27500    1911.478107  -2.464510    0.000000     0.600000    
27500    1911.478687  -2.464850    0.000000     0.600000    
27500    1911.479264  -2.465147    0.000000     0.600000    
27500    1911.479836  -2.465474    0.000000     0.600000    
27500    1911.480410  -2.465711    0.000000     0.600000    
27500    1911.480978  -2.465904    0.000000     0.600000    
27500    1911.481551  -2.466264    0.000000     0.600000    
27500    1911.482127  -2.466541    0.000000     0.600000    
27500    1911.482704  -2.466868    0.000000     0.600000    
27500    1911.483274  -2.467143    0.000000     0.600000    
27500    1911.483848  -2.467380    0.000000     0.600000    
27500    1911.484418  -2.467873    0.000000     0.600000    
27500    1911.484998  -2.468183    0.000000     0.600000    
27500    1911.485566  -2.468844    0.000000     0.600000    
27500    1911.486122  -2.468964    0.000000     0.600000    
27500    1911.486689  -2.469206    0.000000     0.600000    
27500    1911.487258  -2.469452    0.000000     0.600000    
27500    1911.487825  -2.469742    0.000000     0.600000    
27500    1911.488396  -2.470012    0.000000     0.600000    
27500    1911.488963  -2.470359    0.000000     0.600000    
27500    1911.489534  -2.470948    0.000000     0.600000    
27500    1911.490110  -2.471444    0.000000     0.600000    
27500    1911.490676  -2.471819    0.000000     0.600000    
27500    1911.491245  -2.472007    0.000000     0.600000    
27500    1911.491811  -2.472335    0.000000     0.600000    
27500    1911.492375  -2.472601    0.000000     0.600000    
27500    1911.492945  -2.473046    0.000000     0.600000    
27500    1911.493506  -2.473417    0.000000     0.600000    
27500    1911.494073  -2.473814    0.000000     0.600000    
27500    1911.494648  -2.474180    0.000000     0.600000    
27500    1911.495219  -2.474455    0.000000     0.600000    
27500    1911.495783  -2.474961    0.000000     0.600000    
27500    1911.496353  -2.475455    0.000000     0.600000    
27500    1911.496920  -2.476013    0.000000     0.600000    
27500    1911.497493  -2.476238    0.000000     0.600000    
27500    1911.498052  -2.476691    0.000000     0.600000    
27500    1911.498614  -2.476918    0.000000     0.600000    
27500    1911.499179  -2.477537    0.000000     0.600000    
27500    1911.499754  -2.477924    0.000000     0.600000    
27500    1911.500317  -2.478284    0.000000     0.600000    
27500    1911.500891  -2.478540    0.000000     0.600000    
27500    1911.501463  -2.478824    0.000000     0.600000    
27500    1911.502033  -2.479233    0.000000     0.600000    
27500    1911.502609  -2.479662    0.000000     0.600000    
27500    1911.503183  -2.480302    0.000000     0.600000    
27500    1911.503748  -2.480755    0.000000     0.600000    
27500    1911.504328  -2.481310    0.000000     0.600000    
27500    1911.504892  -2.481645    0.000000     0.600000    
27500    1911.505464  -2.482027    0.000000     0.600000    
27500    1911.506030  -2.482412    0.000000     0.600000    
27500    1911.506596  -2.482722    0.000000     0.600000    
27500    1911.507162  -2.483164    0.000000     0.600000    
27500    1911.507732  -2.483823    0.000000     0.600000    
27500    1911.508298  -2.484015    0.000000     0.600000    
27500    1911.508867  -2.484560    0.000000     0.600000    
27500    1911.509447  -2.485085    0.000000     0.600000    
27500    1911.510008  -2.485424    0.000000     0.600000    
27500    1911.510578  -2.485851    0.000000     0.600000    
27500    1911.511146  -2.486279    0.000000     0.600000    
27500    1911.511711  -2.486556    0.000000     0.600000    
27500    1911.512276  -2.486963    0.000000     0.600000    
27500    1911.512842  -2.487115    0.000000     0.600000    
27500    1911.513414  -2.487720    0.000000     0.600000    
27500    1911.513988  -2.488199    0.000000     0.600000    
27500    1911.514563  -2.488687    0.000000     0.600000    
27500    1911.515135  -2.488929    0.000000     0.600000    
27500    1911.515705  -2.489235    0.000000     0.600000    
27500    1911.516277  -2.489634    0.000000     0.600000    
27500    1911.516848  -2.490013    0.000000     0.600000    
27500    1911.517416  -2.490237    0.000000     0.600000    
27500    1911.517991  -2.490454    0.000000     0.600000    
27500    1911.518556  -2.490825    0.000000     0.600000    
27500    1911.519121  -2.491064    0.000000     0.600000    
27500    1911.519691  -2.491346    0.000000     0.600000    
27500    1911.520251  -2.491541    0.000000     0.600000    
27500    1911.520814  -2.492079    0.000000     0.600000    
27500    1911.521387  -2.492504    0.000000     0.600000    
27500    1911.521956  -2.492688    0.000000     0.600000    
27500    1911.522528  -2.493116    0.000000     0.600000    
27500    1911.523103  -2.493509    0.000000     0.600000    
27500    1911.523666  -2.493873    0.000000     0.600000    
27500    1911.524237  -2.494466    0.000000     0.600000    
27500    1911.524805  -2.494835    0.000000     0.600000    
27500    1911.525368  -2.495072    0.000000     0.600000    
27500    1911.525930  -2.495378    0.000000     0.600000    
27500    1911.526496  -2.495536    0.000000     0.600000    
27500    1911.527062  -2.495842    0.000000     0.600000    
27500    1911.527631  -2.496209    0.000000     0.600000    
27500    1911.528201  -2.496694    0.000000     0.600000    
27500    1911.528776  -2.496903    0.000000     0.600000    
27500    1911.529340  -2.497076    0.000000     0.600000    
27500    1911.529902  -2.497193    0.000000     0.600000    
27500    1911.530469  -2.497471    0.000000     0.600000    
27500    1911.531033  -2.497865    0.000000     0.600000    
27500    1911.531602  -2.498246    0.000000     0.600000    
27500    1911.532170  -2.498617    0.000000     0.600000    
27500    1911.532763  -2.498891    0.000000     0.600000    
27500    1911.533380  -2.499326    0.000000     0.600000    
27500    1911.533994  -2.499526    0.000000     0.600000    
27500    1911.534625  -2.499905    0.000000     0.600000    
27500    1911.535248  -2.500292    0.000000     0.600000    
27500    1911.535867  -2.500688    0.000000     0.600000    
27500    1911.536483  -2.500924    0.000000     0.600000    
27500    1911.537116  -2.501504    0.000000     0.600000    
27500    1911.537711  -2.501941    0.000000     0.600000    
27500    1911.538281  -2.502390    0.000000     0.600000    
27500    1911.538850  -2.502800    0.000000     0.600000    
27500    1911.539420  -2.503386    0.000000     0.600000    
27500    1911.539989  -2.503593    0.000000     0.600000    
27500    1911.540557  -2.504057    0.000000     0.600000    
27500    1911.541117  -2.504242    0.000000     0.600000    
27500    1911.541680  -2.504635    0.000000     0.600000    
27500    1911.542246  -2.504849    0.000000     0.600000    
27500    1911.542809  -2.505238    0.000000     0.600000    
27500    1911.543377  -2.505579    0.000000     0.600000    
27500    1911.543922  -2.505609    0.000000     0.600000    
27500    1911.544499  -2.505888    0.000000     0.600000    
27500    1911.545053  -2.506100    0.000000     0.600000    
27500    1911.545641  -2.506402    0.000000     0.600000    
27500    1911.546205  -2.506630    0.000000     0.600000    
27500    1911.546778  -2.507093    0.000000     0.600000    
27500    1911.547348  -2.507412    0.000000     0.600000    
27500    1911.547956  -2.507736    0.000000     0.600000    
27500    1911.548572  -2.508068    0.000000     0.600000    
27500    1911.549196  -2.508410    0.000000     0.600000    
27500    1911.549814  -2.508636    0.000000     0.600000    
27500    1911.550409  -2.508785    0.000000     0.600000    
27500    1911.551026  -2.509092    0.000000     0.600000    
27500    1911.551646  -2.509350    0.000000     0.600000    
27500    1911.552254  -2.509860    0.000000     0.600000    
27500    1911.552836  -2.510269    0.000000     0.600000    
27500    1911.553403  -2.510722    0.000000     0.600000    
27500    1911.553976  -2.510988    0.000000     0.600000    
27500    1911.554536  -2.511327    0.000000     0.600000    
27500    1911.555104  -2.511578    0.000000     0.600000    
27500    1911.555663  -2.511942    0.000000     0.600000    
27500    1911.556225  -2.512303    0.000000     0.600000    
27500    1911.556789  -2.512572    0.000000     0.600000    
27500    1911.557349  -2.512809    0.000000     0.600000    
27500    1911.557909  -2.513207    0.000000     0.600000    
27500    1911.558478  -2.513722    0.000000     0.600000    
27500    1911.559034  -2.514147    0.000000     0.600000    
27500    1911.559600  -2.514496    0.000000     0.600000    
27500    1911.560167  -2.514864    0.000000     0.600000    
27500    1911.560732  -2.515082    0.000000     0.600000    
27500    1911.561293  -2.515328    0.000000     0.600000    
27500    1911.561854  -2.515409    0.000000     0.600000    
27500    1911.562413  -2.515686    0.000000     0.600000    
27500    1911.562971  -2.515896    0.000000     0.600000    
27500    1911.563526  -2.516164    0.000000     0.600000    
27500    1911.564096  -2.516398    0.000000     0.600000    
27500    1911.564655  -2.516552    0.000000     0.600000    
27500    1911.565217  -2.516834    0.000000     0.600000    
27500    1911.565784  -2.517543    0.000000     0.600000    
27500    1911.566346  -2.518087    0.000000     0.600000    
27500    1911.566910  -2.518363    0.000000     0.600000    
27500    1911.567483  -2.518903    0.000000     0.600000    
27500    1911.568052  -2.519333    0.000000     0.600000    
27500    1911.568613  -2.519472    0.000000     0.600000    
27500    1911.569173  -2.519768    0.000000     0.600000    
27500    1911.569745  -2.520063    0.000000     0.600000    
27500    1911.570303  -2.520211    0.000000     0.600000    
27500    1911.570861  -2.520320    0.000000     0.600000    
27500    1911.571431  -2.520958    0.000000     0.600000    
27500    1911.571986  -2.521126    0.000000     0.600000    
27500    1911.572548  -2.521294    0.000000     0.600000    
27500    1911.573112  -2.521742    0.000000     0.600000    
27500    1911.573683  -2.522070    0.000000     0.600000    
27500    1911.574256  -2.522436    0.000000     0.600000    
27500    1911.574820  -2.522759    0.000000     0.600000    
27500    1911.575383  -2.523109    0.000000     0.600000    
27500    1911.575946  -2.523545    0.000000     0.600000    
27500    1911.576507  -2.523779    0.000000     0.600000    
27500    1911.577070  -2.523987    0.000000     0.600000    
27500    1911.577634  -2.524622    0.000000     0.600000    
27500    1911.578198  -2.524881    0.000000     0.600000    
27500    1911.578760  -2.525058    0.000000     0.600000    
27500    1911.579334  -2.525177    0.000000     0.600000    
27500    1911.579899  -2.525494    0.000000     0.600000    
27500    1911.580471  -2.525812    0.000000     0.600000    
27500    1911.581035  -2.526110    0.000000     0.600000    
27500    1911.581599  -2.526462    0.000000     0.600000    
27500    1911.582162  -2.526815    0.000000     0.600000    
27500    1911.582719  -2.527099    0.000000     0.600000    
27500    1911.583273  -2.527267    0.000000     0.600000    
27500    1911.583840  -2.527761    0.000000     0.600000    
27500    1911.584415  -2.528148    0.000000     0.600000    
27500    1911.584978  -2.528612    0.000000     0.600000    
27500    1911.585532  -2.528871    0.000000     0.600000    
27500    1911.586090  -2.529069    0.000000     0.600000    
27500    1911.586642  -2.529229    0.000000     0.600000    
27500    1911.587202  -2.529410    0.000000     0.600000    
27500    1911.587767  -2.530158    0.000000     0.600000    
27500    1911.588333  -2.530887    0.000000     0.600000    
27500    1911.588885  -2.531238    0.000000     0.600000    
27500    1911.589450  -2.531511    0.000000     0.600000    
27500    1911.590012  -2.531662    0.000000     0.600000    
27500    1911.590580  -2.531902    0.000000     0.600000    
27500    1911.591146  -2.532203    0.000000     0.600000    
27500    1911.591707  -2.532846    0.000000     0.600000    
27500    1911.592257  -2.533068    0.000000     0.600000    
27500    1911.592821  -2.533329    0.000000     0.600000    
27500    1911.593386  -2.533795    0.000000     0.600000    
27500    1911.593956  -2.534145    0.000000     0.600000    
27500    1911.594519  -2.534479    0.000000     0.600000    
27500    1911.595075  -2.534836    0.000000     0.600000    
27500    1911.595636  -2.535044    0.000000     0.600000    
27500    1911.596202  -2.535348    0.000000     0.600000    
27500    1911.596767  -2.535702    0.000000     0.600000    
27500    1911.597334  -2.536057    0.000000     0.600000    
27500    1911.597891  -2.536318    0.000000     0.600000    
27500    1911.598459  -2.536931    0.000000     0.600000    
27500    1911.599025  -2.537307    0.000000     0.600000    
27500    1911.599594  -2.537502    0.000000     0.600000    
27500    1911.600160  -2.537848    0.000000     0.600000    
27500    1911.600711  -2.538253    0.000000     0.600000    
27500    1911.601279  -2.538493    0.000000     0.600000    
27500    1911.601847  -2.539053    0.000000     0.600000    
27500    1911.602410  -2.539284    0.000000     0.600000    
27500    1911.602937  -2.539679    0.000000     0.600000    
27500    1911.603471  -2.539883    0.000000     0.600000    
27500    1911.603994  -2.540104    0.000000     0.600000    
27500    1911.604525  -2.540436    0.000000     0.600000    
27500    1911.605048  -2.540625    0.000000     0.600000    
27500    1911.605572  -2.541003    0.000000     0.600000    
27500    1911.606098  -2.541352    0.000000     0.600000    
27500    1911.606621  -2.541631    0.000000     0.600000    
27500    1911.607150  -2.542317    0.000000     0.600000    
27500    1911.607677  -2.542460    0.000000     0.600000    
27500    1911.608209  -2.543042    0.000000     0.600000    
27500    1911.608725  -2.543235    0.000000     0.600000    
27500    1911.609249  -2.543430    0.000000     0.600000    
27500    1911.609780  -2.543828    0.000000     0.600000    
27500    1911.610299  -2.544060    0.000000     0.600000    
27500    1911.610819  -2.544356    0.000000     0.600000    
27500    1911.611345  -2.544725    0.000000     0.600000    
27500    1911.611873  -2.544948    0.000000     0.600000    
27500    1911.612395  -2.545220    0.000000     0.600000    
27500    1911.612914  -2.545384    0.000000     0.600000    
27500    1911.613436  -2.545635    0.000000     0.600000    
27500    1911.613967  -2.545851    0.000000     0.600000    
27500    1911.614492  -2.546081    0.000000     0.600000    
27500    1911.615021  -2.546469    0.000000     0.600000    
27500    1911.615540  -2.546881    0.000000     0.600000    
27500    1911.616067  -2.547138    0.000000     0.600000    
27500    1911.616588  -2.547535    0.000000     0.600000    
27500    1911.617119  -2.548133    0.000000     0.600000    
27500    1911.617651  -2.548672    0.000000     0.600000    
27500    1911.618185  -2.548947    0.000000     0.600000    
27500    1911.618712  -2.549231    0.000000     0.600000    
27500    1911.619246  -2.549494    0.000000     0.600000    
27500    1911.619773  -2.549870    0.000000     0.600000    
27500    1911.620309  -2.550406    0.000000     0.600000    
27500    1911.620839  -2.550738    0.000000     0.600000    
27500    1911.621366  -2.550957    0.000000     0.600000    
27500    1911.621897  -2.551535    0.000000     0.600000    
27500    1911.622424  -2.551712    0.000000     0.600000    
27500    1911.622952  -2.552075    0.000000     0.600000    
27500    1911.623476  -2.552397    0.000000     0.600000    
27500    1911.624003  -2.552612    0.000000     0.600000    
27500    1911.624531  -2.552752    0.000000     0.600000    
27500    1911.625061  -2.553094    0.000000     0.600000    
27500    1911.625596  -2.553779    0.000000     0.600000    
27500    1911.626120  -2.554056    0.000000     0.600000    
27500    1911.626649  -2.554309    0.000000     0.600000    
27500    1911.627182  -2.554741    0.000000     0.600000    
27500    1911.627724  -2.555208    0.000000     0.600000    
27500    1911.628284  -2.555460    0.000000     0.600000    
27500    1911.628839  -2.555748    0.000000     0.600000    
27500    1911.629402  -2.555889    0.000000     0.600000    
27500    1911.629961  -2.556357    0.000000     0.600000    
27500    1911.630516  -2.556605    0.000000     0.600000    
27500    1911.631072  -2.557050    0.000000     0.600000    
27500    1911.631628  -2.557336    0.000000     0.600000    
27500    1911.632187  -2.557611    0.000000     0.600000    
27500    1911.632730  -2.558043    0.000000     0.600000    
27500    1911.633252  -2.558239    0.000000     0.600000    
27500    1911.633772  -2.558359    0.000000     0.600000    
27500    1911.634307  -2.558801    0.000000     0.600000    
27500    1911.634833  -2.559064    0.000000     0.600000    
27500    1911.635355  -2.559347    0.000000     0.600000    
27500    1911.635878  -2.559633    0.000000     0.600000    
27500    1911.636402  -2.559947    0.000000     0.600000    
27500    1911.636921  -2.560217    0.000000     0.600000    
27500    1911.637451  -2.560587    0.000000     0.600000    
27500    1911.637979  -2.560816    0.000000     0.600000    
27500    1911.638498  -2.561085    0.000000     0.600000    
27500    1911.639018  -2.561236    0.000000     0.600000    
27500    1911.639545  -2.561453    0.000000     0.600000    
27500    1911.640066  -2.561874    0.000000     0.600000    
27500    1911.640595  -2.562211    0.000000     0.600000    
27500    1911.641122  -2.562525    0.000000     0.600000    
27500    1911.641646  -2.562758    0.000000     0.600000    
27500    1911.642166  -2.562901    0.000000     0.600000    
27500    1911.642685  -2.563204    0.000000     0.600000    
27500    1911.643218  -2.563463    0.000000     0.600000    
27500    1911.643744  -2.563767    0.000000     0.600000    
27500    1911.644276  -2.564163    0.000000     0.600000    
27500    1911.644791  -2.564482    0.000000     0.600000    
27500    1911.645317  -2.564669    0.000000     0.600000    
27500    1911.645840  -2.564860    0.000000     0.600000    
27500    1911.646359  -2.565086    0.000000     0.600000    
27500    1911.646876  -2.565369    0.000000     0.600000    
27500    1911.647394  -2.565477    0.000000     0.600000    
27500    1911.647922  -2.565680    0.000000     0.600000    
27500    1911.648454  -2.565986    0.000000     0.600000    
27500    1911.648980  -2.566157    0.000000     0.600000    
27500    1911.649501  -2.566393    0.000000     0.600000    
27500    1911.650036  -2.566798    0.000000     0.600000    
27500    1911.650560  -2.567122    0.000000     0.600000    
27500    1911.651073  -2.567322    0.000000     0.600000    
27500    1911.651604  -2.567707    0.000000     0.600000    
27500    1911.652135  -2.568049    0.000000     0.600000    
27500    1911.652662  -2.568304    0.000000     0.600000    
27500    1911.653193  -2.568559    0.000000     0.600000    
27500    1911.653710  -2.568946    0.000000     0.600000    
27500    1911.654240  -2.569134    0.000000     0.600000    
27500    1911.654762  -2.569559    0.000000     0.600000    
27500    1911.655286  -2.569664    0.000000     0.600000    
27500    1911.655810  -2.569858    0.000000     0.600000    
27500    1911.656341  -2.570226    0.000000     0.600000    
27500    1911.656874  -2.570568    0.000000     0.600000    
27500    1911.657391  -2.570696    0.000000     0.600000    
27500    1911.657914  -2.570875    0.000000     0.600000    
27500    1911.658437  -2.571042    0.000000     0.600000    
27500    1911.658961  -2.571332    0.000000     0.600000    
27500    1911.659479  -2.571580    0.000000     0.600000    
27500    1911.659994  -2.571728    0.000000     0.600000    
27500    1911.660523  -2.571999    0.000000     0.600000    
27500    1911.661044  -2.572464    0.000000     0.600000    
27500    1911.661560  -2.572626    0.000000     0.600000    
27500    1911.662081  -2.572824    0.000000     0.600000    
27500    1911.662609  -2.573185    0.000000     0.600000    
27500    1911.663120  -2.573322    0.000000     0.600000    
27500    1911.663646  -2.573611    0.000000     0.600000    
27500    1911.664171  -2.573910    0.000000     0.600000    
27500    1911.664686  -2.574109    0.000000     0.600000    
27500    1911.665208  -2.574242    0.000000     0.600000    
27500    1911.665732  -2.574638    0.000000     0.600000    
27500    1911.666258  -2.574936    0.000000     0.600000    
27500    1911.666779  -2.575025    0.000000     0.600000    
27500    1911.667301  -2.575529    0.000000     0.600000    
27500    1911.667802  -2.575743    0.000000     0.600000    
27500    1911.668295  -2.575917    0.000000     0.600000    
27500    1911.668787  -2.576163    0.000000     0.600000    
27500    1911.669290  -2.576491    0.000000     0.600000    
27500    1911.669777  -2.576796    0.000000     0.600000    
27500    1911.670271  -2.576949    0.000000     0.600000    
27500    1911.670755  -2.577239    0.000000     0.600000    
27500    1911.671249  -2.577478    0.000000     0.600000    
27500    1911.671746  -2.577798    0.000000     0.600000    
27500    1911.672236  -2.577996    0.000000     0.600000    
27500    1911.672746  -2.578430    0.000000     0.600000    
27500    1911.673265  -2.578513    0.000000     0.600000    
27500    1911.673796  -2.578719    0.000000     0.600000    
27500    1911.674335  -2.579043    0.000000     0.600000    
27500    1911.674864  -2.579401    0.000000     0.600000    
27500    1911.675393  -2.579615    0.000000     0.600000    
27500    1911.675908  -2.579747    0.000000     0.600000    
27500    1911.676437  -2.580143    0.000000     0.600000    
27500    1911.676962  -2.580262    0.000000     0.600000    
27500    1911.677476  -2.580623    0.000000     0.600000    
27500    1911.677964  -2.580945    0.000000     0.600000    
27500    1911.678463  -2.581247    0.000000     0.600000    
27500    1911.678954  -2.581457    0.000000     0.600000    
27500    1911.679447  -2.581670    0.000000     0.600000    
27500    1911.679937  -2.581908    0.000000     0.600000    
27500    1911.680429  -2.582232    0.000000     0.600000    
27500    1911.680913  -2.582323    0.000000     0.600000    
27500    1911.681406  -2.582681    0.000000     0.600000    
27500    1911.681905  -2.582986    0.000000     0.600000    
27500    1911.682395  -2.583339    0.000000     0.600000    
27500    1911.682914  -2.583445    0.000000     0.600000    
27500    1911.683443  -2.583706    0.000000     0.600000    
27500    1911.683957  -2.583922    0.000000     0.600000    
27500    1911.684490  -2.584242    0.000000     0.600000    
27500    1911.685015  -2.584443    0.000000     0.600000    
27500    1911.685540  -2.584699    0.000000     0.600000    
27500    1911.686061  -2.585004    0.000000     0.600000    
27500    1911.686585  -2.585204    0.000000     0.600000    
27500    1911.687104  -2.585528    0.000000     0.600000    
27500    1911.687609  -2.585947    0.000000     0.600000    
27500    1911.688101  -2.586325    0.000000     0.600000    
27500    1911.688587  -2.586618    0.000000     0.600000    
27500    1911.689082  -2.587048    0.000000     0.600000    
27500    1911.689568  -2.587372    0.000000     0.600000    
27500    1911.690051  -2.587631    0.000000     0.600000    
27500    1911.690534  -2.587750    0.000000     0.600000    
27500    1911.691017  -2.588165    0.000000     0.600000    
27500    1911.691502  -2.588359    0.000000     0.600000    
27500    1911.691979  -2.588436    0.000000     0.600000    
27500    1911.692475  -2.588801    0.000000     0.600000    
27500    1911.693003  -2.589305    0.000000     0.600000    
27500    1911.693520  -2.589455    0.000000     0.600000    
27500    1911.694041  -2.589899    0.000000     0.600000    
27500    1911.694568  -2.590196    0.000000     0.600000    
27500    1911.695093  -2.590384    0.000000     0.600000    
27500    1911.695617  -2.590655    0.000000     0.600000    
27500    1911.696138  -2.591087    0.000000     0.600000    
27500    1911.696657  -2.591518    0.000000     0.600000    
27500    1911.697179  -2.591855    0.000000     0.600000    
27500    1911.697698  -2.591977    0.000000     0.600000    
27500    1911.698224  -2.592180    0.000000     0.600000    
27500    1911.698743  -2.592447    0.000000     0.600000    
27500    1911.699269  -2.592618    0.000000     0.600000    
27500    1911.699789  -2.592881    0.000000     0.600000    
27500    1911.700308  -2.593169    0.000000     0.600000    
27500    1911.700828  -2.593327    0.000000     0.600000    
27500    1911.701356  -2.593575    0.000000     0.600000    
27500    1911.701876  -2.593888    0.000000     0.600000    
27500    1911.702393  -2.594258    0.000000     0.600000    
27500    1911.702889  -2.594504    0.000000     0.600000    
27500    1911.703372  -2.594548    0.000000     0.600000    
27500    1911.703860  -2.594886    0.000000     0.600000    
27500    1911.704351  -2.595095    0.000000     0.600000    
27500    1911.704839  -2.595463    0.000000     0.600000    
27500    1911.705330  -2.596090    0.000000     0.600000    
27500    1911.705817  -2.596317    0.000000     0.600000    
27500    1911.706305  -2.596689    0.000000     0.600000    
27500    1911.706782  -2.596882    0.000000     0.600000    
27500    1911.707273  -2.597080    0.000000     0.600000    
27500    1911.707747  -2.597179    0.000000     0.600000    
27500    1911.708233  -2.597403    0.000000     0.600000    
27500    1911.708719  -2.597601    0.000000     0.600000    
27500    1911.709204  -2.597829    0.000000     0.600000    
27500    1911.709688  -2.598279    0.000000     0.600000    
27500    1911.710171  -2.598531    0.000000     0.600000    
27500    1911.710652  -2.598848    0.000000     0.600000    
27500    1911.711136  -2.598985    0.000000     0.600000    
27500    1911.711612  -2.599179    0.000000     0.600000    
27500    1911.712099  -2.599420    0.000000     0.600000    
27500    1911.712588  -2.599658    0.000000     0.600000    
27500    1911.713115  -2.599738    0.000000     0.600000    
27500    1911.713635  -2.599987    0.000000     0.600000    
27500    1911.714157  -2.600545    0.000000     0.600000    
27500    1911.714671  -2.600701    0.000000     0.600000    
27500    1911.715193  -2.600823    0.000000     0.600000    
27500    1911.715704  -2.601049    0.000000     0.600000    
27500    1911.716224  -2.601380    0.000000     0.600000    
27500    1911.716747  -2.601669    0.000000     0.600000    
27500    1911.717265  -2.601944    0.000000     0.600000    
27500    1911.717757  -2.602292    0.000000     0.600000    
27500    1911.718246  -2.602756    0.000000     0.600000    
27500    1911.718718  -2.602944    0.000000     0.600000    
27500    1911.719205  -2.603197    0.000000     0.600000    
27500    1911.719688  -2.603417    0.000000     0.600000    
27500    1911.720163  -2.603600    0.000000     0.600000    
27500    1911.720639  -2.603652    0.000000     0.600000    
27500    1911.721111  -2.603701    0.000000     0.600000    
27500    1911.721599  -2.604109    0.000000     0.600000    
27500    1911.722085  -2.604343    0.000000     0.600000    
27500    1911.722573  -2.604889    0.000000     0.600000    
27500    1911.723063  -2.605127    0.000000     0.600000    
27500    1911.723541  -2.605368    0.000000     0.600000    
27500    1911.724028  -2.605691    0.000000     0.600000    
27500    1911.724515  -2.605898    0.000000     0.600000    
27500    1911.725009  -2.606125    0.000000     0.600000    
27500    1911.725502  -2.606455    0.000000     0.600000    
27500    1911.725989  -2.606893    0.000000     0.600000    
27500    1911.726472  -2.607130    0.000000     0.600000    
27500    1911.726962  -2.607365    0.000000     0.600000    
27500    1911.727440  -2.607469    0.000000     0.600000    
27500    1911.727960  -2.607872    0.000000     0.600000    
27500    1911.728480  -2.607969    0.000000     0.600000    
27500    1911.729002  -2.608317    0.000000     0.600000    
27500    1911.729520  -2.608763    0.000000     0.600000    
27500    1911.730032  -2.609124    0.000000     0.600000    
27500    1911.730581  -2.609348    0.000000     0.600000    
27500    1911.731101  -2.609687    0.000000     0.600000    
27500    1911.731614  -2.609888    0.000000     0.600000    
27500    1911.732125  -2.610171    0.000000     0.600000    
27500    1911.732625  -2.610537    0.000000     0.600000    
27500    1911.733110  -2.610733    0.000000     0.600000    
27500    1911.733594  -2.611089    0.000000     0.600000    
27500    1911.734071  -2.611421    0.000000     0.600000    
27500    1911.734553  -2.611603    0.000000     0.600000    
27500    1911.735043  -2.611963    0.000000     0.600000    
27500    1911.735519  -2.612329    0.000000     0.600000    
27500    1911.736006  -2.612622    0.000000     0.600000    
27500    1911.736491  -2.612827    0.000000     0.600000    
27500    1911.736966  -2.612951    0.000000     0.600000    
27500    1911.737441  -2.613021    0.000000     0.600000    
27500    1911.737927  -2.613471    0.000000     0.600000    
27500    1911.738402  -2.613656    0.000000     0.600000    
27500    1911.738872  -2.613798    0.000000     0.600000    
27500    1911.739356  -2.614166    0.000000     0.600000    
27500    1911.739845  -2.614683    0.000000     0.600000    
27500    1911.740325  -2.614864    0.000000     0.600000    
27500    1911.740811  -2.615039    0.000000     0.600000    
27500    1911.741290  -2.615205    0.000000     0.600000    
27500    1911.741770  -2.615566    0.000000     0.600000    
27500    1911.742251  -2.615804    0.000000     0.600000    
27500    1911.742738  -2.616413    0.000000     0.600000    
27500    1911.743216  -2.616649    0.000000     0.600000    
27500    1911.743686  -2.616719    0.000000     0.600000    
27500    1911.744172  -2.616988    0.000000     0.600000    
27500    1911.744658  -2.617532    0.000000     0.600000    
27500    1911.745137  -2.617929    0.000000     0.600000    
27500    1911.745617  -2.618011    0.000000     0.600000    
27500    1911.746101  -2.618369    0.000000     0.600000    
27500    1911.746579  -2.618608    0.000000     0.600000    
27500    1911.747065  -2.619053    0.000000     0.600000    
27500    1911.747549  -2.619448    0.000000     0.600000    
27500    1911.748033  -2.619798    0.000000     0.600000    
27500    1911.748518  -2.619982    0.000000     0.600000    
27500    1911.748996  -2.620105    0.000000     0.600000    
27500    1911.749475  -2.620287    0.000000     0.600000    
27500    1911.749955  -2.620523    0.000000     0.600000    
27500    1911.750440  -2.620703    0.000000     0.600000    
27500    1911.750911  -2.620841    0.000000     0.600000    
27500    1911.751396  -2.620993    0.000000     0.600000    
27500    1911.751876  -2.621417    0.000000     0.600000    
27500    1911.752357  -2.621674    0.000000     0.600000    
27500    1911.752871  -2.622053    0.000000     0.600000    
27500    1911.753385  -2.622287    0.000000     0.600000    
27500    1911.753910  -2.622607    0.000000     0.600000    
27500    1911.754426  -2.622653    0.000000     0.600000    
27500    1911.754949  -2.622827    0.000000     0.600000    
27500    1911.755469  -2.623128    0.000000     0.600000    
27500    1911.755981  -2.623221    0.000000     0.600000    
27500    1911.756501  -2.623499    0.000000     0.600000    
27500    1911.757015  -2.623869    0.000000     0.600000    
27500    1911.757524  -2.624023    0.000000     0.600000    
27500    1911.758009  -2.624335    0.000000     0.600000    
27500    1911.758498  -2.624542    0.000000     0.600000    
27500    1911.758986  -2.624718    0.000000     0.600000    
27500    1911.759468  -2.624949    0.000000     0.600000    
27500    1911.759946  -2.625100    0.000000     0.600000    
27500    1911.760434  -2.625268    0.000000     0.600000    
27500    1911.760917  -2.625477    0.000000     0.600000    
27500    1911.761401  -2.625603    0.000000     0.600000    
27500    1911.761883  -2.626139    0.000000     0.600000    
27500    1911.762372  -2.626324    0.000000     0.600000    
27500    1911.762894  -2.626615    0.000000     0.600000    
27500    1911.763418  -2.626936    0.000000     0.600000    
27500    1911.763936  -2.627116    0.000000     0.600000    
27500    1911.764461  -2.627349    0.000000     0.600000    
27500    1911.764977  -2.627687    0.000000     0.600000    
27500    1911.765484  -2.627900    0.000000     0.600000    
27500    1911.766013  -2.628219    0.000000     0.600000    
27500    1911.766524  -2.628386    0.000000     0.600000    
27500    1911.767046  -2.628617    0.000000     0.600000    
27500    1911.767554  -2.628880    0.000000     0.600000    
27500    1911.768042  -2.629314    0.000000     0.600000    
27500    1911.768533  -2.629713    0.000000     0.600000    
27500    1911.769008  -2.629788    0.000000     0.600000    
27500    1911.769491  -2.630167    0.000000     0.600000    
27500    1911.769980  -2.630279    0.000000     0.600000    
27500    1911.770471  -2.630497    0.000000     0.600000    
27500    1911.770954  -2.630651    0.000000     0.600000    
27500    1911.771427  -2.630889    0.000000     0.600000    
27500    1911.771902  -2.631201    0.000000     0.600000    
27500    1911.772388  -2.631358    0.000000     0.600000    
27500    1911.772893  -2.631460    0.000000     0.600000    
27500    1911.773411  -2.631701    0.000000     0.600000    
27500    1911.773921  -2.632009    0.000000     0.600000    
27500    1911.774441  -2.632286    0.000000     0.600000    
27500    1911.774965  -2.632830    0.000000     0.600000    
27500    1911.775497  -2.633000    0.000000     0.600000    
27500    1911.776018  -2.633174    0.000000     0.600000    
27500    1911.776547  -2.633602    0.000000     0.600000    
27500    1911.777060  -2.633726    0.000000     0.600000    
27500    1911.777566  -2.633901    0.000000     0.600000    
27500    1911.778047  -2.634095    0.000000     0.600000    
27500    1911.778533  -2.634398    0.000000     0.600000    
27500    1911.779018  -2.634907    0.000000     0.600000    
27500    1911.779502  -2.635170    0.000000     0.600000    
27500    1911.779985  -2.635374    0.000000     0.600000    
27500    1911.780472  -2.635767    0.000000     0.600000    
27500    1911.780959  -2.635879    0.000000     0.600000    
27500    1911.781441  -2.636143    0.000000     0.600000    
27500    1911.781924  -2.636396    0.000000     0.600000    
27500    1911.782405  -2.636515    0.000000     0.600000    
27500    1911.782885  -2.636695    0.000000     0.600000    
27500    1911.783359  -2.636764    0.000000     0.600000    
27500    1911.783842  -2.636863    0.000000     0.600000    
27500    1911.784327  -2.637162    0.000000     0.600000    
27500    1911.784801  -2.637348    0.000000     0.600000    
27500    1911.785260  -2.637546    0.000000     0.600000    
27500    1911.785714  -2.637609    0.000000     0.600000    
27500    1911.786188  -2.637783    0.000000     0.600000    
27500    1911.786673  -2.638062    0.000000     0.600000    
27500    1911.787165  -2.638371    0.000000     0.600000    
27500    1911.787651  -2.638713    0.000000     0.600000    
27500    1911.788129  -2.638999    0.000000     0.600000    
27500    1911.788599  -2.639081    0.000000     0.600000    
27500    1911.789072  -2.639200    0.000000     0.600000    
27500    1911.789545  -2.639282    0.000000     0.600000    
27500    1911.790026  -2.639638    0.000000     0.600000    
27500    1911.790508  -2.639930    0.000000     0.600000    
27500    1911.790990  -2.640225    0.000000     0.600000    
27500    1911.791470  -2.640544    0.000000     0.600000    
27500    1911.791944  -2.640706    0.000000     0.600000    
27500    1911.792420  -2.640877    0.000000     0.600000    
27500    1911.792892  -2.640950    0.000000     0.600000    
27500    1911.793376  -2.641242    0.000000     0.600000    
27500    1911.793865  -2.641638    0.000000     0.600000    
27500    1911.794352  -2.641709    0.000000     0.600000    
27500    1911.794840  -2.642220    0.000000     0.600000    
27500    1911.795317  -2.642254    0.000000     0.600000    
27500    1911.795801  -2.642625    0.000000     0.600000    
27500    1911.796287  -2.642851    0.000000     0.600000    
27500    1911.796766  -2.643018    0.000000     0.600000    
27500    1911.797252  -2.643241    0.000000     0.600000    
27500    1911.797724  -2.643461    0.000000     0.600000    
27500    1911.798202  -2.643653    0.000000     0.600000    
27500    1911.799260  -2.643932    0.000000     0.600000    
27500    1911.799747  -2.644257    0.000000     0.600000    
27500    1911.800233  -2.644425    0.000000     0.600000    
27500    1911.800718  -2.644726    0.000000     0.600000    
27500    1911.801204  -2.644960    0.000000     0.600000    
27500    1911.801674  -2.645136    0.000000     0.600000    
27500    1911.802158  -2.645285    0.000000     0.600000    
27500    1911.802663  -2.645636    0.000000     0.600000    
27500    1911.803176  -2.645856    0.000000     0.600000    
27500    1911.803687  -2.646114    0.000000     0.600000    
27500    1911.804211  -2.646476    0.000000     0.600000    
27500    1911.804722  -2.646640    0.000000     0.600000    
27500    1911.805235  -2.646839    0.000000     0.600000    
27500    1911.805752  -2.647155    0.000000     0.600000    
27500    1911.806258  -2.647362    0.000000     0.600000    
27500    1911.806778  -2.647582    0.000000     0.600000    
27500    1911.807294  -2.647947    0.000000     0.600000    
27500    1911.807784  -2.648059    0.000000     0.600000    
27500    1911.808265  -2.648290    0.000000     0.600000    
27500    1911.808743  -2.648618    0.000000     0.600000    
27500    1911.809234  -2.648838    0.000000     0.600000    
27500    1911.809714  -2.649041    0.000000     0.600000    
27500    1911.810200  -2.649198    0.000000     0.600000    
27500    1911.810681  -2.649383    0.000000     0.600000    
27500    1911.811157  -2.649533    0.000000     0.600000    
27500    1911.811636  -2.649764    0.000000     0.600000    
27500    1911.812109  -2.649899    0.000000     0.600000    
27500    1911.812585  -2.650022    0.000000     0.600000    
27500    1911.813061  -2.650065    0.000000     0.600000    
27500    1911.813533  -2.650141    0.000000     0.600000    
27500    1911.814017  -2.650285    0.000000     0.600000    
27500    1911.814503  -2.650471    0.000000     0.600000    
27500    1911.814991  -2.650881    0.000000     0.600000    
27500    1911.815480  -2.651150    0.000000     0.600000    
27500    1911.815965  -2.651375    0.000000     0.600000    
27500    1911.816445  -2.651549    0.000000     0.600000    
27500    1911.816922  -2.651699    0.000000     0.600000    
27500    1911.817402  -2.652101    0.000000     0.600000    
27500    1911.817923  -2.652537    0.000000     0.600000    
27500    1911.818439  -2.652703    0.000000     0.600000    
27500    1911.818950  -2.652983    0.000000     0.600000    
27500    1911.819466  -2.653362    0.000000     0.600000    
27500    1911.819981  -2.653599    0.000000     0.600000    
27500    1911.820487  -2.653708    0.000000     0.600000    
27500    1911.821007  -2.653973    0.000000     0.600000    
27500    1911.821527  -2.654333    0.000000     0.600000    
27500    1911.822046  -2.654591    0.000000     0.600000    
27500    1911.822556  -2.654791    0.000000     0.600000    
27500    1911.823042  -2.655135    0.000000     0.600000    
27500    1911.823517  -2.655437    0.000000     0.600000    
27500    1911.823993  -2.655599    0.000000     0.600000    
27500    1911.824473  -2.655957    0.000000     0.600000    
27500    1911.824961  -2.656205    0.000000     0.600000    
27500    1911.825446  -2.656675    0.000000     0.600000    
27500    1911.825930  -2.656882    0.000000     0.600000    
27500    1911.826410  -2.657319    0.000000     0.600000    
27500    1911.826885  -2.657409    0.000000     0.600000    
27500    1911.827367  -2.657765    0.000000     0.600000    
27500    1911.827843  -2.657896    0.000000     0.600000    
27500    1911.828314  -2.658037    0.000000     0.600000    
27500    1911.828792  -2.658165    0.000000     0.600000    
27500    1911.829272  -2.658365    0.000000     0.600000    
27500    1911.829751  -2.658534    0.000000     0.600000    
27500    1911.830226  -2.658838    0.000000     0.600000    
27500    1911.830702  -2.659000    0.000000     0.600000    
27500    1911.831192  -2.659441    0.000000     0.600000    
27500    1911.831679  -2.659602    0.000000     0.600000    
27500    1911.832145  -2.659703    0.000000     0.600000    
27500    1911.832642  -2.660013    0.000000     0.600000    
27500    1911.833158  -2.660314    0.000000     0.600000    
27500    1911.833681  -2.660770    0.000000     0.600000    
27500    1911.834186  -2.660957    0.000000     0.600000    
27500    1911.834695  -2.661212    0.000000     0.600000    
27500    1911.835216  -2.661434    0.000000     0.600000    
27500    1911.835738  -2.661620    0.000000     0.600000    
27500    1911.836265  -2.661828    0.000000     0.600000    
27500    1911.836782  -2.661962    0.000000     0.600000    
27500    1911.837301  -2.662609    0.000000     0.600000    
27500    1911.837777  -2.662832    0.000000     0.600000    
27500    1911.838254  -2.663002    0.000000     0.600000    
27500    1911.838731  -2.663343    0.000000     0.600000    
27500    1911.839211  -2.663484    0.000000     0.600000    
27500    1911.839694  -2.663607    0.000000     0.600000    
27500    1911.840171  -2.663779    0.000000     0.600000    
27500    1911.840645  -2.663846    0.000000     0.600000    
27500    1911.841122  -2.664055    0.000000     0.600000    
27500    1911.841593  -2.664203    0.000000     0.600000    
27500    1911.842060  -2.664334    0.000000     0.600000    
27500    1911.842542  -2.664612    0.000000     0.600000    
27500    1911.843017  -2.664720    0.000000     0.600000    
27500    1911.843490  -2.664965    0.000000     0.600000    
27500    1911.843965  -2.665088    0.000000     0.600000    
27500    1911.844433  -2.665248    0.000000     0.600000    
27500    1911.844910  -2.665437    0.000000     0.600000    
27500    1911.845387  -2.665729    0.000000     0.600000    
27500    1911.845865  -2.665928    0.000000     0.600000    
27500    1911.846333  -2.666070    0.000000     0.600000    
27500    1911.846811  -2.666233    0.000000     0.600000    
27500    1911.847279  -2.666397    0.000000     0.600000    
27500    1911.847759  -2.666625    0.000000     0.600000    
27500    1911.848241  -2.666974    0.000000     0.600000    
27500    1911.848714  -2.667095    0.000000     0.600000    
27500    1911.849196  -2.667456    0.000000     0.600000    
27500    1911.849665  -2.667566    0.000000     0.600000    
27500    1911.850144  -2.667872    0.000000     0.600000    
27500    1911.850619  -2.668006    0.000000     0.600000    
27500    1911.851096  -2.668272    0.000000     0.600000    
27500    1911.851572  -2.668348    0.000000     0.600000    
27500    1911.852046  -2.668525    0.000000     0.600000    
27500    1911.852529  -2.668833    0.000000     0.600000    
27500    1911.853038  -2.668968    0.000000     0.600000    
27500    1911.853554  -2.669275    0.000000     0.600000    
27500    1911.854068  -2.669488    0.000000     0.600000    
27500    1911.854586  -2.669573    0.000000     0.600000    
27500    1911.855097  -2.669865    0.000000     0.600000    
27500    1911.855615  -2.670069    0.000000     0.600000    
27500    1911.856131  -2.670354    0.000000     0.600000    
27500    1911.856650  -2.670821    0.000000     0.600000    
27500    1911.857159  -2.671045    0.000000     0.600000    
27500    1911.857653  -2.671396    0.000000     0.600000    
27500    1911.858135  -2.671588    0.000000     0.600000    
27500    1911.858621  -2.671964    0.000000     0.600000    
27500    1911.859101  -2.672180    0.000000     0.600000    
27500    1911.859571  -2.672323    0.000000     0.600000    
27500    1911.860048  -2.672628    0.000000     0.600000    
27500    1911.860525  -2.672925    0.000000     0.600000    
27500    1911.861008  -2.673130    0.000000     0.600000    
27500    1911.861493  -2.673400    0.000000     0.600000    
27500    1911.861976  -2.673713    0.000000     0.600000    
27500    1911.862447  -2.673929    0.000000     0.600000    
27500    1911.862931  -2.674359    0.000000     0.600000    
27500    1911.863409  -2.674525    0.000000     0.600000    
27500    1911.863884  -2.674670    0.000000     0.600000    
27500    1911.864357  -2.674745    0.000000     0.600000    
27500    1911.864836  -2.674882    0.000000     0.600000    
27500    1911.865324  -2.675153    0.000000     0.600000    
27500    1911.865799  -2.675322    0.000000     0.600000    
27500    1911.866273  -2.675397    0.000000     0.600000    
27500    1911.866753  -2.675627    0.000000     0.600000    
27500    1911.867239  -2.675732    0.000000     0.600000    
27500    1911.867738  -2.675851    0.000000     0.600000    
27500    1911.868251  -2.676123    0.000000     0.600000    
27500    1911.868766  -2.676406    0.000000     0.600000    
27500    1911.869279  -2.676564    0.000000     0.600000    
27500    1911.869788  -2.676654    0.000000     0.600000    
27500    1911.870295  -2.676779    0.000000     0.600000    
27500    1911.870802  -2.676948    0.000000     0.600000    
27500    1911.871307  -2.677319    0.000000     0.600000    
27500    1911.871812  -2.677469    0.000000     0.600000    
27500    1911.872331  -2.677882    0.000000     0.600000    
27500    1911.872813  -2.678113    0.000000     0.600000    
27500    1911.873291  -2.678290    0.000000     0.600000    
27500    1911.873776  -2.678407    0.000000     0.600000    
27500    1911.874254  -2.678560    0.000000     0.600000    
27500    1911.874731  -2.678670    0.000000     0.600000    
27500    1911.875211  -2.678765    0.000000     0.600000    
27500    1911.875699  -2.678971    0.000000     0.600000    
27500    1911.876175  -2.679052    0.000000     0.600000    
27500    1911.876653  -2.679215    0.000000     0.600000    
27500    1911.877129  -2.679287    0.000000     0.600000    
27500    1911.877602  -2.679526    0.000000     0.600000    
27500    1911.878073  -2.679791    0.000000     0.600000    
27500    1911.878540  -2.679988    0.000000     0.600000    
27500    1911.879010  -2.680127    0.000000     0.600000    
27500    1911.879488  -2.680287    0.000000     0.600000    
27500    1911.879958  -2.680459    0.000000     0.600000    
27500    1911.880440  -2.680683    0.000000     0.600000    
27500    1911.880917  -2.680941    0.000000     0.600000    
27500    1911.881396  -2.681259    0.000000     0.600000    
27500    1911.881871  -2.681472    0.000000     0.600000    
27500    1911.882352  -2.681912    0.000000     0.600000    
27500    1911.882824  -2.682011    0.000000     0.600000    
27500    1911.883301  -2.682320    0.000000     0.600000    
27500    1911.883784  -2.682593    0.000000     0.600000    
27500    1911.884263  -2.682917    0.000000     0.600000    
27500    1911.884732  -2.683074    0.000000     0.600000    
27500    1911.885208  -2.683311    0.000000     0.600000    
27500    1911.885683  -2.683504    0.000000     0.600000    
27500    1911.886154  -2.683675    0.000000     0.600000    
27500    1911.886615  -2.683709    0.000000     0.600000    
27500    1911.887091  -2.683995    0.000000     0.600000    
27500    1911.887575  -2.684172    0.000000     0.600000    
27500    1911.888076  -2.684356    0.000000     0.600000    
27500    1911.888585  -2.684486    0.000000     0.600000    
27500    1911.889100  -2.684702    0.000000     0.600000    
27500    1911.889614  -2.684891    0.000000     0.600000    
27500    1911.890118  -2.684997    0.000000     0.600000    
27500    1911.890633  -2.685064    0.000000     0.600000    
27500    1911.891151  -2.685250    0.000000     0.600000    
27500    1911.891656  -2.685380    0.000000     0.600000    
27500    1911.892171  -2.685515    0.000000     0.600000    
27500    1911.892667  -2.685726    0.000000     0.600000    
27500    1911.893147  -2.686072    0.000000     0.600000    
27500    1911.893619  -2.686322    0.000000     0.600000    
27500    1911.894099  -2.686620    0.000000     0.600000    
27500    1911.894570  -2.686810    0.000000     0.600000    
27500    1911.895049  -2.687193    0.000000     0.600000    
27500    1911.895532  -2.687388    0.000000     0.600000    
27500    1911.896016  -2.687649    0.000000     0.600000    
27500    1911.896487  -2.687821    0.000000     0.600000    
27500    1911.896961  -2.687976    0.000000     0.600000    
27500    1911.897442  -2.688128    0.000000     0.600000    
27500    1911.897914  -2.688444    0.000000     0.600000    
27500    1911.898389  -2.688609    0.000000     0.600000    
27500    1911.898859  -2.688770    0.000000     0.600000    
27500    1911.899328  -2.688844    0.000000     0.600000    
27500    1911.899798  -2.688940    0.000000     0.600000    
27500    1911.900274  -2.689072    0.000000     0.600000    
27500    1911.900747  -2.689163    0.000000     0.600000    
27500    1911.901232  -2.689251    0.000000     0.600000    
27500    1911.901729  -2.689349    0.000000     0.600000    
27500    1911.902205  -2.689489    0.000000     0.600000    
27500    1911.902680  -2.689589    0.000000     0.600000    
27500    1911.903161  -2.689728    0.000000     0.600000    
27500    1911.903641  -2.689956    0.000000     0.600000    
27500    1911.904118  -2.690109    0.000000     0.600000    
27500    1911.904595  -2.690339    0.000000     0.600000    
27500    1911.905079  -2.690469    0.000000     0.600000    
27500    1911.905561  -2.690738    0.000000     0.600000    
27500    1911.906139  -2.691024    0.000000     0.600000    
27500    1911.906663  -2.691206    0.000000     0.600000    
27500    1911.907161  -2.691465    0.000000     0.600000    
27500    1911.907653  -2.691704    0.000000     0.600000    
27500    1911.908138  -2.691907    0.000000     0.600000    
27500    1911.908620  -2.692043    0.000000     0.600000    
27500    1911.909122  -2.692149    0.000000     0.600000    
27500    1911.909596  -2.692235    0.000000     0.600000    
27500    1911.910061  -2.692305    0.000000     0.600000    
27500    1911.910525  -2.692544    0.000000     0.600000    
27500    1911.910990  -2.692761    0.000000     0.600000    
27500    1911.911469  -2.692839    0.000000     0.600000    
27500    1911.911950  -2.693009    0.000000     0.600000    
27500    1911.912422  -2.693102    0.000000     0.600000    
27500    1911.912897  -2.693223    0.000000     0.600000    
27500    1911.913367  -2.693432    0.000000     0.600000    
27500    1911.913835  -2.693764    0.000000     0.600000    
27500    1911.914307  -2.693961    0.000000     0.600000    
27500    1911.914777  -2.694237    0.000000     0.600000    
27500    1911.915248  -2.694532    0.000000     0.600000    
27500    1911.915720  -2.694662    0.000000     0.600000    
27500    1911.916183  -2.694911    0.000000     0.600000    
27500    1911.916652  -2.695155    0.000000     0.600000    
27500    1911.917116  -2.695312    0.000000     0.600000    
27500    1911.917577  -2.695536    0.000000     0.600000    
27500    1911.918030  -2.695630    0.000000     0.600000    
27500    1911.918491  -2.695761    0.000000     0.600000    
27500    1911.918969  -2.695879    0.000000     0.600000    
27500    1911.919431  -2.696026    0.000000     0.600000    
27500    1911.919891  -2.696235    0.000000     0.600000    
27500    1911.920357  -2.696507    0.000000     0.600000    
27500    1911.920819  -2.696579    0.000000     0.600000    
27500    1911.921292  -2.696961    0.000000     0.600000    
27500    1911.921767  -2.697168    0.000000     0.600000    
27500    1911.922233  -2.697513    0.000000     0.600000    
27500    1911.922700  -2.697765    0.000000     0.600000    
27500    1911.923159  -2.697918    0.000000     0.600000    
27500    1911.923625  -2.698074    0.000000     0.600000    
27500    1911.924091  -2.698308    0.000000     0.600000    
27500    1911.924570  -2.698376    0.000000     0.600000    
27500    1911.925040  -2.698514    0.000000     0.600000    
27500    1911.925506  -2.698872    0.000000     0.600000    
27500    1911.926052  -2.698954    0.000000     0.600000    
27500    1911.926969  -2.699230    0.000000     0.600000    
27500    1911.927453  -2.699628    0.000000     0.600000    
27500    1911.927922  -2.699741    0.000000     0.600000    
27500    1911.928386  -2.699866    0.000000     0.600000    
27500    1911.928845  -2.700036    0.000000     0.600000    
27500    1911.929316  -2.700122    0.000000     0.600000    
27500    1911.929787  -2.700234    0.000000     0.600000    
27500    1911.930263  -2.700421    0.000000     0.600000    
27500    1911.930721  -2.700567    0.000000     0.600000    
27500    1911.931191  -2.700829    0.000000     0.600000    
27500    1911.931654  -2.701127    0.000000     0.600000    
27500    1911.932123  -2.701374    0.000000     0.600000    
27500    1911.932585  -2.701629    0.000000     0.600000    
27500    1911.933039  -2.701698    0.000000     0.600000    
27500    1911.933507  -2.701880    0.000000     0.600000    
27500    1911.933980  -2.702257    0.000000     0.600000    
27500    1911.934449  -2.702496    0.000000     0.600000    
27500    1911.934900  -2.702619    0.000000     0.600000    
27500    1911.935361  -2.702843    0.000000     0.600000    
27500    1911.935831  -2.702947    0.000000     0.600000    
27500    1911.936303  -2.703257    0.000000     0.600000    
27500    1911.936770  -2.703475    0.000000     0.600000    
27500    1911.937235  -2.703668    0.000000     0.600000    
27500    1911.937704  -2.703950    0.000000     0.600000    
27500    1911.938175  -2.704145    0.000000     0.600000    
27500    1911.938638  -2.704383    0.000000     0.600000    
27500    1911.939113  -2.704718    0.000000     0.600000    
27500    1911.939577  -2.704822    0.000000     0.600000    
27500    1911.940047  -2.704994    0.000000     0.600000    
27500    1911.940505  -2.705183    0.000000     0.600000    
27500    1911.940967  -2.705343    0.000000     0.600000    
27500    1911.941428  -2.705585    0.000000     0.600000    
27500    1911.941902  -2.705736    0.000000     0.600000    
27500    1911.942381  -2.705876    0.000000     0.600000    
27500    1911.942864  -2.706145    0.000000     0.600000    
27500    1911.943350  -2.706265    0.000000     0.600000    
27500    1911.943810  -2.706379    0.000000     0.600000    
27500    1911.944269  -2.706606    0.000000     0.600000    
27500    1911.944725  -2.706666    0.000000     0.600000    
27500    1911.945195  -2.706740    0.000000     0.600000    
27500    1911.945671  -2.706818    0.000000     0.600000    
27500    1911.946187  -2.707239    0.000000     0.600000    
27500    1911.946677  -2.707498    0.000000     0.600000    
27500    1911.947155  -2.707674    0.000000     0.600000    
27500    1911.947636  -2.707717    0.000000     0.600000    
27500    1911.948110  -2.707855    0.000000     0.600000    
27500    1911.948579  -2.708086    0.000000     0.600000    
27500    1911.949051  -2.708270    0.000000     0.600000    
27500    1911.949513  -2.708334    0.000000     0.600000    
27500    1911.949978  -2.708550    0.000000     0.600000    
27500    1911.950448  -2.708706    0.000000     0.600000    
27500    1911.950912  -2.708775    0.000000     0.600000    
27500    1911.951375  -2.708932    0.000000     0.600000    
27500    1911.951842  -2.709153    0.000000     0.600000    
27500    1911.952300  -2.709287    0.000000     0.600000    
27500    1911.952762  -2.709512    0.000000     0.600000    
27500    1911.953219  -2.709600    0.000000     0.600000    
27500    1911.953678  -2.709965    0.000000     0.600000    
27500    1911.954146  -2.710180    0.000000     0.600000    
27500    1911.954610  -2.710488    0.000000     0.600000    
27500    1911.955065  -2.710680    0.000000     0.600000    
27500    1911.955554  -2.710970    0.000000     0.600000    
27500    1911.956014  -2.711358    0.000000     0.600000    
27500    1911.956480  -2.711669    0.000000     0.600000    
27500    1911.956932  -2.711726    0.000000     0.600000    
27500    1911.957386  -2.711758    0.000000     0.600000    
27500    1911.957840  -2.711987    0.000000     0.600000    
27500    1911.958300  -2.712149    0.000000     0.600000    
27500    1911.958768  -2.712204    0.000000     0.600000    
27500    1911.959236  -2.712366    0.000000     0.600000    
27500    1911.959696  -2.712448    0.000000     0.600000    
27500    1911.960154  -2.712489    0.000000     0.600000    
27500    1911.960620  -2.712725    0.000000     0.600000    
27500    1911.961079  -2.712875    0.000000     0.600000    
27500    1911.961558  -2.713009    0.000000     0.600000    
27500    1911.962018  -2.713222    0.000000     0.600000    
27500    1911.962498  -2.713641    0.000000     0.600000    
27500    1911.962950  -2.713829    0.000000     0.600000    
27500    1911.963418  -2.714096    0.000000     0.600000    
27500    1911.963880  -2.714230    0.000000     0.600000    
27500    1911.964339  -2.714408    0.000000     0.600000    
27500    1911.964793  -2.714509    0.000000     0.600000    
27500    1911.965257  -2.714767    0.000000     0.600000    
27500    1911.965718  -2.714837    0.000000     0.600000    
27500    1911.966185  -2.715187    0.000000     0.600000    
27500    1911.966647  -2.715327    0.000000     0.600000    
27500    1911.967110  -2.715663    0.000000     0.600000    
27500    1911.967583  -2.715712    0.000000     0.600000    
27500    1911.968045  -2.715890    0.000000     0.600000    
27500    1911.968509  -2.716092    0.000000     0.600000    
27500    1911.968979  -2.716325    0.000000     0.600000    
27500    1911.969452  -2.716452    0.000000     0.600000    
27500    1911.969915  -2.716632    0.000000     0.600000    
27500    1911.970378  -2.716909    0.000000     0.600000    
27500    1911.970828  -2.716995    0.000000     0.600000    
27500    1911.971286  -2.717114    0.000000     0.600000    
27500    1911.971755  -2.717515    0.000000     0.600000    
27500    1911.972222  -2.717674    0.000000     0.600000    
27500    1911.972692  -2.717871    0.000000     0.600000    
27500    1911.973180  -2.718054    0.000000     0.600000    
27500    1911.973665  -2.718187    0.000000     0.600000    
27500    1911.974163  -2.718446    0.000000     0.600000    
27500    1911.974645  -2.718585    0.000000     0.600000    
27500    1911.975120  -2.718783    0.000000     0.600000    
27500    1911.975610  -2.718897    0.000000     0.600000    
27500    1911.976085  -2.718914    0.000000     0.600000    
27500    1911.976559  -2.719210    0.000000     0.600000    
27500    1911.977019  -2.719343    0.000000     0.600000    
27500    1911.977484  -2.719535    0.000000     0.600000    
27500    1911.977942  -2.719604    0.000000     0.600000    
27500    1911.978405  -2.719918    0.000000     0.600000    
27500    1911.978863  -2.720040    0.000000     0.600000    
27500    1911.979340  -2.720287    0.000000     0.600000    
27500    1911.979806  -2.720322    0.000000     0.600000    
27500    1911.980272  -2.720453    0.000000     0.600000    
27500    1911.980733  -2.720630    0.000000     0.600000    
27500    1911.981206  -2.720776    0.000000     0.600000    
27500    1911.981687  -2.720980    0.000000     0.600000    
27500    1911.982163  -2.721282    0.000000     0.600000    
27500    1911.982635  -2.721423    0.000000     0.600000    
27500    1911.983112  -2.721644    0.000000     0.600000    
27500    1911.983586  -2.721773    0.000000     0.600000    
27500    1911.984070  -2.721946    0.000000     0.600000    
27500    1911.984550  -2.722096    0.000000     0.600000    
27500    1911.985043  -2.722379    0.000000     0.600000    
27500    1911.985523  -2.722449    0.000000     0.600000    
27500    1911.985981  -2.722587    0.000000     0.600000    
27500    1911.986462  -2.722812    0.000000     0.600000    
27500    1911.986951  -2.723066    0.000000     0.600000    
27500    1911.987434  -2.723452    0.000000     0.600000    
27500    1911.987907  -2.723673    0.000000     0.600000    
27500    1911.988388  -2.723816    0.000000     0.600000    
27500    1911.988878  -2.724211    0.000000     0.600000    
27500    1911.989360  -2.724258    0.000000     0.600000    
27500    1911.989844  -2.724672    0.000000     0.600000    
27500    1911.990324  -2.724923    0.000000     0.600000    
27500    1911.990810  -2.725201    0.000000     0.600000    
27500    1911.991292  -2.725380    0.000000     0.600000    
27500    1911.991776  -2.725523    0.000000     0.600000    
27500    1911.992256  -2.725773    0.000000     0.600000    
27500    1911.992733  -2.725982    0.000000     0.600000    
27500    1911.993207  -2.726066    0.000000     0.600000    
27500    1911.993674  -2.726255    0.000000     0.600000    
27500    1911.994156  -2.726411    0.000000     0.600000    
27500    1911.994630  -2.726562    0.000000     0.600000    
27500    1911.995104  -2.726768    0.000000     0.600000    
27500    1911.995578  -2.726849    0.000000     0.600000    
27500    1911.996044  -2.726963    0.000000     0.600000    
27500    1911.996545  -2.727140    0.000000     0.600000    
27500    1911.997010  -2.727182    0.000000     0.600000    
27500    1911.997491  -2.727412    0.000000     0.600000    
27500    1911.997972  -2.727601    0.000000     0.600000    
27500    1911.998440  -2.727815    0.000000     0.600000    
27500    1911.998907  -2.727884    0.000000     0.600000    
27500    1911.999389  -2.728073    0.000000     0.600000    
27500    1911.999856  -2.728256    0.000000     0.600000    
27500    1912.000341  -2.728535    0.000000     0.600000    
27500    1912.000814  -2.728685    0.000000     0.600000    
27500    1912.001286  -2.728766    0.000000     0.600000    
27500    1912.001752  -2.728934    0.000000     0.600000    
27500    1912.002228  -2.729064    0.000000     0.600000    
27500    1912.002688  -2.729087    0.000000     0.600000    
27500    1912.003164  -2.729415    0.000000     0.600000    
27500    1912.003630  -2.729507    0.000000     0.600000    
27500    1912.004100  -2.729682    0.000000     0.600000    
27500    1912.004570  -2.729724    0.000000     0.600000    
27500    1912.005039  -2.729879    0.000000     0.600000    
27500    1912.005516  -2.730099    0.000000     0.600000    
27500    1912.005992  -2.730263    0.000000     0.600000    
27500    1912.006463  -2.730399    0.000000     0.600000    
27500    1912.006942  -2.730626    0.000000     0.600000    
27500    1912.007423  -2.730917    0.000000     0.600000    
27500    1912.007898  -2.731056    0.000000     0.600000    
27500    1912.008384  -2.731157    0.000000     0.600000    
27500    1912.008864  -2.731284    0.000000     0.600000    
27500    1912.009346  -2.731568    0.000000     0.600000    
27500    1912.009827  -2.731702    0.000000     0.600000    
27500    1912.010305  -2.731827    0.000000     0.600000    
27500    1912.010781  -2.732017    0.000000     0.600000    
27500    1912.011253  -2.732174    0.000000     0.600000    
27500    1912.011730  -2.732524    0.000000     0.600000    
27500    1912.012208  -2.732878    0.000000     0.600000    
27500    1912.012687  -2.733185    0.000000     0.600000    
27500    1912.013163  -2.733360    0.000000     0.600000    
27500    1912.013629  -2.733496    0.000000     0.600000    
27500    1912.014110  -2.733698    0.000000     0.600000    
27500    1912.014580  -2.733946    0.000000     0.600000    
27500    1912.015062  -2.734087    0.000000     0.600000    
27500    1912.015544  -2.734294    0.000000     0.600000    
27500    1912.016017  -2.734566    0.000000     0.600000    
27500    1912.016485  -2.734711    0.000000     0.600000    
27500    1912.016954  -2.734831    0.000000     0.600000    
27500    1912.017423  -2.734937    0.000000     0.600000    
27500    1912.017905  -2.735239    0.000000     0.600000    
27500    1912.018384  -2.735448    0.000000     0.600000    
27500    1912.018868  -2.735589    0.000000     0.600000    
27500    1912.019343  -2.735817    0.000000     0.600000    
27500    1912.019815  -2.735880    0.000000     0.600000    
27500    1912.020283  -2.735977    0.000000     0.600000    
27500    1912.020787  -2.736187    0.000000     0.600000    
27500    1912.021319  -2.736561    0.000000     0.600000    
27500    1912.021828  -2.736715    0.000000     0.600000    
27500    1912.022346  -2.736870    0.000000     0.600000    
27500    1912.022857  -2.737007    0.000000     0.600000    
27500    1912.023364  -2.737179    0.000000     0.600000    
27500    1912.023863  -2.737349    0.000000     0.600000    
27500    1912.024378  -2.737539    0.000000     0.600000    
27500    1912.024890  -2.737748    0.000000     0.600000    
27500    1912.025397  -2.737885    0.000000     0.600000    
27500    1912.025877  -2.738186    0.000000     0.600000    
27500    1912.026354  -2.738449    0.000000     0.600000    
27500    1912.026830  -2.738643    0.000000     0.600000    
27500    1912.027292  -2.738771    0.000000     0.600000    
27500    1912.027767  -2.738848    0.000000     0.600000    
27500    1912.028239  -2.738979    0.000000     0.600000    
27500    1912.028711  -2.739254    0.000000     0.600000    
27500    1912.029189  -2.739364    0.000000     0.600000    
27500    1912.029665  -2.739485    0.000000     0.600000    
27500    1912.030128  -2.739691    0.000000     0.600000    
27500    1912.030593  -2.739747    0.000000     0.600000    
27500    1912.031065  -2.740026    0.000000     0.600000    
27500    1912.031530  -2.740239    0.000000     0.600000    
27500    1912.032006  -2.740376    0.000000     0.600000    
27500    1912.032483  -2.740573    0.000000     0.600000    
27500    1912.032959  -2.740800    0.000000     0.600000    
27500    1912.033432  -2.741079    0.000000     0.600000    
27500    1912.033904  -2.741242    0.000000     0.600000    
27500    1912.034373  -2.741427    0.000000     0.600000    
27500    1912.034842  -2.741503    0.000000     0.600000    
27500    1912.035321  -2.741760    0.000000     0.600000    
27500    1912.035790  -2.741835    0.000000     0.600000    
27500    1912.036261  -2.741887    0.000000     0.600000    
27500    1912.036724  -2.742030    0.000000     0.600000    
27500    1912.037207  -2.742253    0.000000     0.600000    
27500    1912.037670  -2.742396    0.000000     0.600000    
27500    1912.038140  -2.742759    0.000000     0.600000    
27500    1912.038612  -2.742921    0.000000     0.600000    
27500    1912.039087  -2.743234    0.000000     0.600000    
27500    1912.039556  -2.743401    0.000000     0.600000    
27500    1912.040019  -2.743572    0.000000     0.600000    
27500    1912.040476  -2.743649    0.000000     0.600000    
27500    1912.040934  -2.743695    0.000000     0.600000    
27500    1912.041406  -2.743991    0.000000     0.600000    
27500    1912.041878  -2.744202    0.000000     0.600000    
27500    1912.042352  -2.744317    0.000000     0.600000    
27500    1912.042822  -2.744384    0.000000     0.600000    
27500    1912.043284  -2.744543    0.000000     0.600000    
27500    1912.043760  -2.744794    0.000000     0.600000    
27500    1912.044227  -2.744865    0.000000     0.600000    
27500    1912.044699  -2.745014    0.000000     0.600000    
27500    1912.045172  -2.745232    0.000000     0.600000    
27500    1912.045640  -2.745338    0.000000     0.600000    
27500    1912.046117  -2.745421    0.000000     0.600000    
27500    1912.046578  -2.745557    0.000000     0.600000    
27500    1912.047052  -2.745813    0.000000     0.600000    
27500    1912.047527  -2.746212    0.000000     0.600000    
27500    1912.047989  -2.746234    0.000000     0.600000    
27500    1912.048461  -2.746394    0.000000     0.600000    
27500    1912.048918  -2.746425    0.000000     0.600000    
27500    1912.049382  -2.746501    0.000000     0.600000    
27500    1912.049850  -2.746782    0.000000     0.600000    
27500    1912.050315  -2.746907    0.000000     0.600000    
27500    1912.050788  -2.747167    0.000000     0.600000    
27500    1912.051256  -2.747363    0.000000     0.600000    
27500    1912.051721  -2.747564    0.000000     0.600000    
27500    1912.052194  -2.747790    0.000000     0.600000    
27500    1912.052664  -2.747899    0.000000     0.600000    
27500    1912.053134  -2.748157    0.000000     0.600000    
27500    1912.053611  -2.748495    0.000000     0.600000    
27500    1912.054079  -2.748684    0.000000     0.600000    
27500    1912.054550  -2.748952    0.000000     0.600000    
27500    1912.055017  -2.749086    0.000000     0.600000    
27500    1912.055495  -2.749269    0.000000     0.600000    
27500    1912.055994  -2.749404    0.000000     0.600000    
27500    1912.056501  -2.749475    0.000000     0.600000    
27500    1912.057002  -2.749520    0.000000     0.600000    
27500    1912.057502  -2.749683    0.000000     0.600000    
27500    1912.058010  -2.749866    0.000000     0.600000    
27500    1912.058509  -2.749946    0.000000     0.600000    
27500    1912.059011  -2.750040    0.000000     0.600000    
27500    1912.059528  -2.750373    0.000000     0.600000    
27500    1912.060040  -2.750494    0.000000     0.600000    
27500    1912.060540  -2.750773    0.000000     0.600000    
27500    1912.061022  -2.750952    0.000000     0.600000    
27500    1912.061493  -2.751140    0.000000     0.600000    
27500    1912.061968  -2.751254    0.000000     0.600000    
27500    1912.062432  -2.751355    0.000000     0.600000    
27500    1912.062904  -2.751427    0.000000     0.600000    
27500    1912.063386  -2.751577    0.000000     0.600000    
27500    1912.063857  -2.751732    0.000000     0.600000    
27500    1912.064322  -2.751786    0.000000     0.600000    
27500    1912.064805  -2.751973    0.000000     0.600000    
27500    1912.065284  -2.752129    0.000000     0.600000    
27500    1912.065782  -2.752230    0.000000     0.600000    
27500    1912.066285  -2.752393    0.000000     0.600000    
27500    1912.066793  -2.752557    0.000000     0.600000    
27500    1912.067296  -2.752737    0.000000     0.600000    
27500    1912.068811  -2.752985    0.000000     0.600000    
27500    1912.069328  -2.753318    0.000000     0.600000    
27500    1912.069829  -2.753441    0.000000     0.600000    
27500    1912.070340  -2.753627    0.000000     0.600000    
27500    1912.070821  -2.753841    0.000000     0.600000    
27500    1912.071288  -2.754043    0.000000     0.600000    
27500    1912.071760  -2.754199    0.000000     0.600000    
27500    1912.072215  -2.754221    0.000000     0.600000    
27500    1912.072685  -2.754439    0.000000     0.600000    
27500    1912.073144  -2.754505    0.000000     0.600000    
27500    1912.073614  -2.754551    0.000000     0.600000    
27500    1912.074086  -2.754805    0.000000     0.600000    
27500    1912.074547  -2.754865    0.000000     0.600000    
27500    1912.075005  -2.754880    0.000000     0.600000    
27500    1912.075466  -2.754949    0.000000     0.600000    
27500    1912.075938  -2.755180    0.000000     0.600000    
27500    1912.076412  -2.755371    0.000000     0.600000    
27500    1912.076884  -2.755430    0.000000     0.600000    
27500    1912.077359  -2.755598    0.000000     0.600000    
27500    1912.077825  -2.755674    0.000000     0.600000    
27500    1912.078283  -2.755698    0.000000     0.600000    
27500    1912.078741  -2.755744    0.000000     0.600000    
27500    1912.079208  -2.755864    0.000000     0.600000    
27500    1912.079673  -2.755945    0.000000     0.600000    
27500    1912.080142  -2.756083    0.000000     0.600000    
27500    1912.080623  -2.756314    0.000000     0.600000    
27500    1912.081133  -2.756423    0.000000     0.600000    
27500    1912.081638  -2.756529    0.000000     0.600000    
27500    1912.082134  -2.756588    0.000000     0.600000    
27500    1912.082647  -2.756763    0.000000     0.600000    
27500    1912.083140  -2.756787    0.000000     0.600000    
27500    1912.083646  -2.756885    0.000000     0.600000    
27500    1912.084155  -2.757089    0.000000     0.600000    
27500    1912.084670  -2.757215    0.000000     0.600000    
27500    1912.085176  -2.757350    0.000000     0.600000    
27500    1912.085653  -2.757422    0.000000     0.600000    
27500    1912.086126  -2.757593    0.000000     0.600000    
27500    1912.086583  -2.757683    0.000000     0.600000    
27500    1912.087056  -2.757933    0.000000     0.600000    
27500    1912.087534  -2.758093    0.000000     0.600000    
27500    1912.088013  -2.758317    0.000000     0.600000    
27500    1912.088482  -2.758454    0.000000     0.600000    
27500    1912.088956  -2.758686    0.000000     0.600000    
27500    1912.089437  -2.758923    0.000000     0.600000    
27500    1912.089903  -2.758936    0.000000     0.600000    
27500    1912.090392  -2.759242    0.000000     0.600000    
27500    1912.090866  -2.759407    0.000000     0.600000    
27500    1912.091328  -2.759637    0.000000     0.600000    
27500    1912.091797  -2.759773    0.000000     0.600000    
27500    1912.092265  -2.759994    0.000000     0.600000    
27500    1912.092725  -2.760015    0.000000     0.600000    
27500    1912.093198  -2.760175    0.000000     0.600000    
27500    1912.093664  -2.760289    0.000000     0.600000    
27500    1912.094130  -2.760583    0.000000     0.600000    
27500    1912.094608  -2.760719    0.000000     0.600000    
27500    1912.095086  -2.760964    0.000000     0.600000    
27500    1912.095581  -2.761153    0.000000     0.600000    
27500    1912.096085  -2.761240    0.000000     0.600000    
27500    1912.096602  -2.761494    0.000000     0.600000    
27500    1912.097111  -2.761594    0.000000     0.600000    
27500    1912.097619  -2.761729    0.000000     0.600000    
27500    1912.098126  -2.761898    0.000000     0.600000    
27500    1912.098632  -2.762106    0.000000     0.600000    
27500    1912.099143  -2.762278    0.000000     0.600000    
27500    1912.099660  -2.762680    0.000000     0.600000    
27500    1912.100164  -2.762743    0.000000     0.600000    
27500    1912.100671  -2.762866    0.000000     0.600000    
27500    1912.101183  -2.762958    0.000000     0.600000    
27500    1912.101692  -2.763008    0.000000     0.600000    
27500    1912.102210  -2.763136    0.000000     0.600000    
27500    1912.102715  -2.763300    0.000000     0.600000    
27500    1912.103217  -2.763479    0.000000     0.600000    
27500    1912.103726  -2.763535    0.000000     0.600000    
27500    1912.104233  -2.763624    0.000000     0.600000    
27500    1912.104742  -2.763859    0.000000     0.600000    
27500    1912.105258  -2.764089    0.000000     0.600000    
27500    1912.105747  -2.764204    0.000000     0.600000    
27500    1912.106219  -2.764281    0.000000     0.600000    
27500    1912.106691  -2.764334    0.000000     0.600000    
27500    1912.107175  -2.764623    0.000000     0.600000    
27500    1912.107645  -2.764728    0.000000     0.600000    
27500    1912.108124  -2.765029    0.000000     0.600000    
27500    1912.108597  -2.765134    0.000000     0.600000    
27500    1912.109076  -2.765269    0.000000     0.600000    
27500    1912.109557  -2.765474    0.000000     0.600000    
27500    1912.110028  -2.765708    0.000000     0.600000    
27500    1912.110501  -2.765960    0.000000     0.600000    
27500    1912.110963  -2.766071    0.000000     0.600000    
27500    1912.111438  -2.766325    0.000000     0.600000    
27500    1912.111902  -2.766411    0.000000     0.600000    
27500    1912.112379  -2.766634    0.000000     0.600000    
27500    1912.112851  -2.766752    0.000000     0.600000    
27500    1912.113321  -2.766927    0.000000     0.600000    
27500    1912.113802  -2.767284    0.000000     0.600000    
27500    1912.114283  -2.767590    0.000000     0.600000    
27500    1912.114748  -2.767658    0.000000     0.600000    
27500    1912.115227  -2.767880    0.000000     0.600000    
27500    1912.115699  -2.767949    0.000000     0.600000    
27500    1912.116169  -2.768088    0.000000     0.600000    
27500    1912.116640  -2.768141    0.000000     0.600000    
27500    1912.117121  -2.768298    0.000000     0.600000    
27500    1912.117579  -2.768388    0.000000     0.600000    
27500    1912.118052  -2.768563    0.000000     0.600000    
27500    1912.118524  -2.768622    0.000000     0.600000    
27500    1912.119003  -2.768946    0.000000     0.600000    
27500    1912.119481  -2.769148    0.000000     0.600000    
27500    1912.119957  -2.769394    0.000000     0.600000    
27500    1912.120440  -2.769573    0.000000     0.600000    
27500    1912.120901  -2.769680    0.000000     0.600000    
27500    1912.121382  -2.769865    0.000000     0.600000    
27500    1912.121841  -2.769921    0.000000     0.600000    
27500    1912.122312  -2.770036    0.000000     0.600000    
27500    1912.122788  -2.770207    0.000000     0.600000    
27500    1912.123253  -2.770418    0.000000     0.600000    
27500    1912.123725  -2.770520    0.000000     0.600000    
27500    1912.124196  -2.770713    0.000000     0.600000    
27500    1912.124665  -2.770865    0.000000     0.600000    
27500    1912.125140  -2.771041    0.000000     0.600000    
27500    1912.125612  -2.771138    0.000000     0.600000    
27500    1912.126077  -2.771255    0.000000     0.600000    
27500    1912.126541  -2.771328    0.000000     0.600000    
27500    1912.127011  -2.771426    0.000000     0.600000    
27500    1912.127476  -2.771473    0.000000     0.600000    
27500    1912.127949  -2.771610    0.000000     0.600000    
27500    1912.128429  -2.771751    0.000000     0.600000    
27500    1912.128897  -2.771966    0.000000     0.600000    
27500    1912.129377  -2.772165    0.000000     0.600000    
27500    1912.129846  -2.772300    0.000000     0.600000    
27500    1912.130313  -2.772448    0.000000     0.600000    
27500    1912.130816  -2.772608    0.000000     0.600000    
27500    1912.131319  -2.772657    0.000000     0.600000    
27500    1912.131826  -2.772866    0.000000     0.600000    
27500    1912.132323  -2.773057    0.000000     0.600000    
27500    1912.132837  -2.773213    0.000000     0.600000    
27500    1912.133342  -2.773435    0.000000     0.600000    
27500    1912.133851  -2.773630    0.000000     0.600000    
27500    1912.134349  -2.773900    0.000000     0.600000    
27500    1912.134858  -2.774072    0.000000     0.600000    
27500    1912.135370  -2.774236    0.000000     0.600000    
27500    1912.135843  -2.774317    0.000000     0.600000    
27500    1912.136319  -2.774639    0.000000     0.600000    
27500    1912.136794  -2.774695    0.000000     0.600000    
27500    1912.137262  -2.774758    0.000000     0.600000    
27500    1912.137728  -2.774853    0.000000     0.600000    
27500    1912.138199  -2.774924    0.000000     0.600000    
27500    1912.138681  -2.775137    0.000000     0.600000    
27500    1912.139152  -2.775254    0.000000     0.600000    
27500    1912.139630  -2.775468    0.000000     0.600000    
27500    1912.140110  -2.775859    0.000000     0.600000    
27500    1912.140594  -2.775963    0.000000     0.600000    
27500    1912.141098  -2.776016    0.000000     0.600000    
27500    1912.141609  -2.776264    0.000000     0.600000    
27500    1912.142124  -2.776695    0.000000     0.600000    
27500    1912.142634  -2.776916    0.000000     0.600000    
27500    1912.143131  -2.777056    0.000000     0.600000    
27500    1912.143632  -2.777088    0.000000     0.600000    
27500    1912.144137  -2.777344    0.000000     0.600000    
27500    1912.144632  -2.777366    0.000000     0.600000    
27500    1912.145136  -2.777636    0.000000     0.600000    
27500    1912.145635  -2.777798    0.000000     0.600000    
27500    1912.146103  -2.777879    0.000000     0.600000    
27500    1912.146577  -2.778122    0.000000     0.600000    
27500    1912.147045  -2.778200    0.000000     0.600000    
27500    1912.147512  -2.778296    0.000000     0.600000    
27500    1912.147989  -2.778521    0.000000     0.600000    
27500    1912.148454  -2.778546    0.000000     0.600000    
27500    1912.148927  -2.778602    0.000000     0.600000    
27500    1912.149391  -2.778728    0.000000     0.600000    
27500    1912.149863  -2.778927    0.000000     0.600000    
27500    1912.150318  -2.779028    0.000000     0.600000    
27500    1912.150782  -2.779246    0.000000     0.600000    
27500    1912.151248  -2.779527    0.000000     0.600000    
27500    1912.151720  -2.779758    0.000000     0.600000    
27500    1912.152199  -2.779916    0.000000     0.600000    
27500    1912.152665  -2.780080    0.000000     0.600000    
27500    1912.153127  -2.780237    0.000000     0.600000    
27500    1912.153590  -2.780282    0.000000     0.600000    
27500    1912.154066  -2.780559    0.000000     0.600000    
27500    1912.154522  -2.780710    0.000000     0.600000    
27500    1912.154994  -2.780942    0.000000     0.600000    
27500    1912.155476  -2.781100    0.000000     0.600000    
27500    1912.155978  -2.781332    0.000000     0.600000    
27500    1912.156486  -2.781663    0.000000     0.600000    
27500    1912.156985  -2.781785    0.000000     0.600000    
27500    1912.157495  -2.781905    0.000000     0.600000    
27500    1912.158003  -2.782090    0.000000     0.600000    
27500    1912.158507  -2.782447    0.000000     0.600000    
27500    1912.159004  -2.782574    0.000000     0.600000    
27500    1912.159501  -2.782693    0.000000     0.600000    
27500    1912.159992  -2.782774    0.000000     0.600000    
27500    1912.160487  -2.782954    0.000000     0.600000    
27500    1912.160957  -2.783037    0.000000     0.600000    
27500    1912.161434  -2.783380    0.000000     0.600000    
27500    1912.161906  -2.783584    0.000000     0.600000    
27500    1912.162377  -2.783705    0.000000     0.600000    
27500    1912.162841  -2.783843    0.000000     0.600000    
27500    1912.163304  -2.783952    0.000000     0.600000    
27500    1912.163777  -2.784154    0.000000     0.600000    
27500    1912.164239  -2.784222    0.000000     0.600000    
27500    1912.164702  -2.784308    0.000000     0.600000    
27500    1912.165163  -2.784421    0.000000     0.600000    
27500    1912.165655  -2.784583    0.000000     0.600000    
27500    1912.166145  -2.784647    0.000000     0.600000    
27500    1912.166646  -2.784776    0.000000     0.600000    
27500    1912.167152  -2.784976    0.000000     0.600000    
27500    1912.167661  -2.785109    0.000000     0.600000    
27500    1912.168161  -2.785157    0.000000     0.600000    
27500    1912.168660  -2.785223    0.000000     0.600000    
27500    1912.169171  -2.785372    0.000000     0.600000    
27500    1912.169691  -2.785579    0.000000     0.600000    
27500    1912.170199  -2.785653    0.000000     0.600000    
27500    1912.170683  -2.785720    0.000000     0.600000    
27500    1912.171151  -2.785810    0.000000     0.600000    
27500    1912.171622  -2.785949    0.000000     0.600000    
27500    1912.172092  -2.786090    0.000000     0.600000    
27500    1912.172556  -2.786169    0.000000     0.600000    
27500    1912.173030  -2.786260    0.000000     0.600000    
27500    1912.173503  -2.786476    0.000000     0.600000    
27500    1912.173972  -2.786585    0.000000     0.600000    
27500    1912.174434  -2.786677    0.000000     0.600000    
27500    1912.174902  -2.786810    0.000000     0.600000    
27500    1912.175374  -2.786932    0.000000     0.600000    
27500    1912.175868  -2.787022    0.000000     0.600000    
27500    1912.176363  -2.787268    0.000000     0.600000    
27500    1912.176871  -2.787652    0.000000     0.600000    
27500    1912.177368  -2.787758    0.000000     0.600000    
27500    1912.177856  -2.787872    0.000000     0.600000    
27500    1912.178357  -2.788061    0.000000     0.600000    
27500    1912.178846  -2.788137    0.000000     0.600000    
27500    1912.179343  -2.788231    0.000000     0.600000    
27500    1912.179843  -2.788347    0.000000     0.600000    
27500    1912.180348  -2.788662    0.000000     0.600000    
27500    1912.180820  -2.788737    0.000000     0.600000    
27500    1912.181284  -2.788980    0.000000     0.600000    
27500    1912.181749  -2.789246    0.000000     0.600000    
27500    1912.182209  -2.789275    0.000000     0.600000    
27500    1912.182668  -2.789302    0.000000     0.600000    
27500    1912.183132  -2.789374    0.000000     0.600000    
27500    1912.183599  -2.789475    0.000000     0.600000    
27500    1912.184076  -2.789819    0.000000     0.600000    
27500    1912.184544  -2.789946    0.000000     0.600000    
27500    1912.185016  -2.790148    0.000000     0.600000    
27500    1912.185493  -2.790355    0.000000     0.600000    
27500    1912.185991  -2.790545    0.000000     0.600000    
27500    1912.186498  -2.790932    0.000000     0.600000    
27500    1912.186996  -2.791022    0.000000     0.600000    
27500    1912.187493  -2.791122    0.000000     0.600000    
27500    1912.187996  -2.791338    0.000000     0.600000    
27500    1912.188501  -2.791510    0.000000     0.600000    
27500    1912.189006  -2.791631    0.000000     0.600000    
27500    1912.189516  -2.791781    0.000000     0.600000    
27500    1912.190018  -2.791877    0.000000     0.600000    
27500    1912.190514  -2.791971    0.000000     0.600000    
27500    1912.191019  -2.792132    0.000000     0.600000    
27500    1912.191510  -2.792202    0.000000     0.600000    
27500    1912.192008  -2.792320    0.000000     0.600000    
27500    1912.192510  -2.792419    0.000000     0.600000    
27500    1912.193005  -2.792490    0.000000     0.600000    
27500    1912.193496  -2.792677    0.000000     0.600000    
27500    1912.193987  -2.792719    0.000000     0.600000    
27500    1912.194479  -2.792964    0.000000     0.600000    
27501    1912.208101  -2.793000    0.426340     0.300000    
27511    1912.270847  -2.793213    0.694280     0.300000    
27521    1912.331680  -2.793573    0.695470     0.300000    
27531    1912.369172  -2.793802    0.697370     0.300000    
27541    1912.410374  -2.794069    0.696500     0.300000    
27551    1912.453222  -2.794336    0.695200     0.300000    
27561    1912.489378  -2.794691    0.695270     0.300000    
27571    1912.539088  -2.795110    0.694830     0.300000    
27581    1912.580888  -2.795463    0.693530     0.300000    
27591    1912.614010  -2.795663    0.696100     0.300000    
27601    1912.648648  -2.795925    0.694160     0.300000    
27611    1912.689671  -2.796084    0.695620     0.300000    
27621    1912.724082  -2.796240    0.693270     0.300000    
27631    1912.773264  -2.796384    0.695110     0.300000    
27641    1912.822826  -2.796659    0.694030     0.300000    
27651    1912.873831  -2.796955    0.696340     0.300000    
27661    1912.924568  -2.797070    0.699250     0.300000    
27671    1912.969853  -2.797312    0.694130     0.300000    
27681    1913.010521  -2.797562    0.697100     0.300000    
27691    1913.084673  -2.798082    0.693540     0.300000    
27701    1913.121060  -2.798378    0.695440     0.300000    
27711    1913.158247  -2.798681    0.692170     0.300000    
27721    1913.199014  -2.799004    0.695070     0.300000    
27731    1913.239117  -2.799159    0.695550     0.300000    
27741    1913.279002  -2.799453    0.693730     0.300000    
27751    1913.319551  -2.799636    0.694750     0.300000    
27761    1913.359893  -2.799773    0.696630     0.300000    
27771    1913.400363  -2.800038    0.692230     0.300000    
27781    1913.440230  -2.800298    0.694140     0.300000    
27791    1913.481122  -2.800548    0.695350     0.300000    
27801    1913.521407  -2.800846    0.692820     0.300000    
27811    1913.561448  -2.801132    0.693930     0.300000    
27821    1913.601728  -2.801383    0.694850     0.300000    
27831    1913.642323  -2.801463    0.693910     0.300000    
27841    1913.682945  -2.801659    0.692660     0.300000    
27851    1913.723460  -2.801972    0.691450     0.300000    
27861    1913.765640  -2.802361    0.690350     0.300000    
27871    1913.806368  -2.802653    0.692670     0.300000    
27881    1913.846598  -2.803095    0.692090     0.300000    
27891    1913.887429  -2.803391    0.695340     0.300000    
27901    1913.928547  -2.803715    0.691700     0.300000    
27911    1913.969500  -2.803971    0.689410     0.300000    
27921    1914.010210  -2.804246    0.692780     0.300000    
27931    1914.051605  -2.804593    0.692520     0.300000    
27941    1914.092284  -2.804860    0.692860     0.300000    
27951    1914.133153  -2.805130    0.694020     0.300000    
27961    1914.170693  -2.805266    0.694840     0.300000    
27971    1914.204740  -2.805417    0.691370     0.300000    
27981    1914.238548  -2.805583    0.693080     0.300000    
27991    1914.272195  -2.805749    0.691940     0.300000    
28001    1914.306247  -2.805867    0.693200     0.300000    
28011    1914.340350  -2.806108    0.693350     0.300000    
28021    1914.374422  -2.806350    0.692400     0.300000    
28031    1914.408500  -2.806709    0.691140     0.300000    
28041    1914.442953  -2.806979    0.693240     0.300000    
28051    1914.477080  -2.807365    0.693400     0.300000    
28061    1914.511590  -2.807675    0.691720     0.300000    
28071    1914.545992  -2.808101    0.691200     0.300000    
28081    1914.579957  -2.808284    0.691720     0.300000    
28091    1914.613861  -2.808590    0.692710     0.300000    
28101    1914.647895  -2.808713    0.693970     0.300000    
28111    1914.698541  -2.808929    0.691250     0.300000    
28121    1914.749200  -2.809133    0.690960     0.300000    
28131    1914.800234  -2.809383    0.689800     0.300000    
28141    1914.847545  -2.809638    0.689820     0.300000    
28151    1914.896545  -2.809855    0.689610     0.300000    
28161    1914.936707  -2.810094    0.691560     0.300000    
28171    1914.976939  -2.810412    0.692290     0.300000    
28181    1915.017248  -2.810610    0.690460     0.300000    
28191    1915.064500  -2.810714    0.688590     0.300000    
28201    1915.115216  -2.811156    0.692470     0.300000    
28211    1915.165294  -2.811426    0.691990     0.300000    
28221    1915.213927  -2.811633    0.688400     0.300000    
28231    1915.265216  -2.811821    0.688720     0.300000    
28241    1915.315674  -2.812026    0.691790     0.300000    
28251    1915.366273  -2.812290    0.691090     0.300000    
28261    1915.416706  -2.812462    0.691610     0.300000    
28271    1915.468048  -2.812592    0.690410     0.300000    
28281    1915.518477  -2.812847    0.691290     0.300000    
28291    1915.566161  -2.813043    0.691570     0.300000    
28301    1915.607204  -2.813290    0.691680     0.300000    
28311    1915.647099  -2.813388    0.692820     0.300000    
28321    1915.688082  -2.813712    0.688590     0.300000    
28331    1915.728373  -2.813991    0.689720     0.300000    
28341    1915.769324  -2.814207    0.690500     0.300000    
28351    1915.810040  -2.814510    0.691730     0.300000    
28361    1915.851318  -2.814756    0.690160     0.300000    
28371    1915.892000  -2.815184    0.689550     0.300000    
28381    1915.933020  -2.815439    0.688980     0.300000    
28391    1915.974818  -2.815810    0.688470     0.300000    
28401    1916.015690  -2.816129    0.692130     0.300000    
28411    1916.056457  -2.816323    0.689720     0.300000    
28421    1916.096602  -2.816635    0.691660     0.300000    
28431    1916.137858  -2.817037    0.688920     0.300000    
28441    1916.178966  -2.817210    0.691880     0.300000    
28451    1916.228893  -2.817562    0.691070     0.300000    
28461    1916.275850  -2.817780    0.688640     0.300000    
28471    1916.327063  -2.818018    0.689110     0.300000    
28481    1916.378206  -2.818238    0.690640     0.300000    
28491    1916.429106  -2.818505    0.687010     0.300000    
28501    1916.478758  -2.818670    0.690660     0.300000    
28511    1916.521282  -2.818998    0.687650     0.300000    
28521    1916.580613  -2.819222    0.690970     0.300000    
28531    1916.634316  -2.819684    0.688160     0.300000    
28541    1916.692359  -2.819947    0.688550     0.300000    
28551    1916.762010  -2.820273    0.690800     0.300000    
28561    1916.816399  -2.820499    0.690500     0.300000    
28571    1916.879896  -2.820790    0.691290     0.300000    
28581    1916.938270  -2.821057    0.687530     0.300000    
28591    1916.994081  -2.821194    0.687800     0.300000    
28601    1917.039793  -2.821540    0.687900     0.300000    
28611    1917.079353  -2.821729    0.686310     0.300000    
28621    1917.131610  -2.822138    0.687620     0.300000    
28631    1917.181833  -2.822388    0.688780     0.300000    
28641    1917.230919  -2.822577    0.686100     0.300000    
28651    1917.281112  -2.822956    0.687790     0.300000    
28661    1917.332493  -2.823184    0.690780     0.300000    
28671    1917.374651  -2.823448    0.685620     0.300000    
28681    1917.416155  -2.823704    0.687820     0.300000    
28691    1917.457393  -2.823913    0.685080     0.300000    
28701    1917.498795  -2.824219    0.688530     0.300000    
28711    1917.540047  -2.824532    0.687030     0.300000    
28721    1917.582101  -2.824841    0.687170     0.300000    
28731    1917.624328  -2.824981    0.686730     0.300000    
28741    1917.665962  -2.825479    0.685050     0.300000    
28751    1917.707576  -2.825781    0.690920     0.300000    
28761    1917.748821  -2.825990    0.686550     0.300000    
28771    1917.790461  -2.826211    0.686600     0.300000    
28781    1917.832517  -2.826504    0.688970     0.300000    
28791    1917.874182  -2.826887    0.688410     0.300000    
28801    1917.915425  -2.827237    0.687680     0.300000    
28811    1917.958078  -2.827489    0.685190     0.300000    
28821    1917.999761  -2.827703    0.685330     0.300000    
28831    1918.041367  -2.827998    0.683360     0.300000    
28841    1918.083711  -2.828133    0.685880     0.300000    
28851    1918.125900  -2.828345    0.685810     0.300000    
28861    1918.167206  -2.828492    0.684030     0.300000    
28871    1918.210310  -2.828711    0.686320     0.300000    
28881    1918.251537  -2.828977    0.685650     0.300000    
28891    1918.292911  -2.829290    0.686350     0.300000    
28901    1918.333721  -2.829491    0.685810     0.300000    
28911    1918.374789  -2.829677    0.684740     0.300000    
28921    1918.416058  -2.829916    0.685530     0.300000    
28931    1918.456750  -2.830183    0.683460     0.300000    
28941    1918.497585  -2.830395    0.688020     0.300000    
28951    1918.538569  -2.830621    0.685810     0.300000    
28961    1918.579727  -2.830833    0.685240     0.300000    
28971    1918.620641  -2.831234    0.687890     0.300000    
28981    1918.661440  -2.831406    0.685010     0.300000    
28991    1918.702383  -2.831745    0.686720     0.300000    
29001    1918.743112  -2.832039    0.688090     0.300000    
29011    1918.784145  -2.832248    0.683860     0.300000    
29021    1918.824874  -2.832401    0.683560     0.300000    
29031    1918.865830  -2.832708    0.685100     0.300000    
29041    1918.906988  -2.833004    0.684440     0.300000    
29051    1918.948077  -2.833179    0.682240     0.300000    
29061    1918.989263  -2.833414    0.684130     0.300000    
29071    1919.030617  -2.833711    0.681520     0.300000    
29081    1919.072171  -2.833986    0.687750     0.300000    
29091    1919.113510  -2.834260    0.683010     0.300000    
29101    1919.154285  -2.834574    0.685880     0.300000    
29111    1919.196107  -2.834834    0.685490     0.300000    
29121    1919.237281  -2.835128    0.682020     0.300000    
29131    1919.278275  -2.835387    0.683600     0.300000    
29141    1919.319069  -2.835534    0.684760     0.300000    
29151    1919.359980  -2.835789    0.686930     0.300000    
29161    1919.400751  -2.836115    0.681410     0.300000    
29171    1919.441800  -2.836303    0.683420     0.300000    
29181    1919.483058  -2.836587    0.684360     0.300000    
29191    1919.524404  -2.836762    0.685210     0.300000    
29201    1919.572953  -2.837097    0.683910     0.300000    
29211    1919.622726  -2.837329    0.683850     0.300000    
29221    1919.673189  -2.837483    0.681520     0.300000    
29231    1919.720658  -2.837981    0.683330     0.300000    
29241    1919.765671  -2.838273    0.678940     0.300000    
29251    1919.803574  -2.838667    0.681760     0.300000    
29261    1919.842014  -2.838838    0.684200     0.300000    
29271    1919.880414  -2.839051    0.682540     0.300000    
29281    1919.920253  -2.839266    0.682750     0.300000    
29291    1919.961626  -2.839503    0.682620     0.300000    
29301    1920.003359  -2.839845    0.682220     0.300000    
29311    1920.045755  -2.840156    0.680420     0.300000    
29321    1920.087260  -2.840520    0.683310     0.300000    
29331    1920.128581  -2.840690    0.681940     0.300000    
29341    1920.170033  -2.840992    0.683990     0.300000    
29351    1920.210644  -2.841236    0.679240     0.300000    
29361    1920.251797  -2.841477    0.683630     0.300000    
29371    1920.292438  -2.841791    0.681510     0.300000    
29381    1920.333491  -2.842222    0.682180     0.300000    
29391    1920.374164  -2.842384    0.680650     0.300000    
29401    1920.415016  -2.842797    0.681230     0.300000    
29411    1920.455921  -2.843134    0.679400     0.300000    
29421    1920.496386  -2.843379    0.679700     0.300000    
29431    1920.536880  -2.843698    0.679710     0.300000    
29441    1920.577412  -2.843984    0.679890     0.300000    
29451    1920.617905  -2.844171    0.679220     0.300000    
29461    1920.658364  -2.844439    0.676990     0.300000    
29471    1920.698426  -2.844666    0.679270     0.300000    
29481    1920.738900  -2.844831    0.682980     0.300000    
29491    1920.779314  -2.845190    0.679770     0.300000    
29501    1920.819784  -2.845469    0.679820     0.300000    
29511    1920.860284  -2.845706    0.679700     0.300000    
29521    1920.900694  -2.845889    0.681560     0.300000    
29531    1920.941464  -2.846107    0.678940     0.300000    
29541    1920.988848  -2.846271    0.678070     0.300000    
29551    1921.040348  -2.846428    0.679630     0.300000    
29561    1921.091847  -2.846741    0.680150     0.300000    
29571    1921.149775  -2.847040    0.683970     0.300000    
29581    1921.195810  -2.847325    0.680470     0.300000    
29591    1921.231903  -2.847620    0.680230     0.300000    
29601    1921.282257  -2.847883    0.682690     0.300000    
29611    1921.333745  -2.848163    0.682200     0.300000    
29621    1921.385220  -2.848553    0.680320     0.300000    
29631    1921.430086  -2.848846    0.681720     0.300000    
29641    1921.482964  -2.849169    0.680720     0.300000    
29651    1921.544224  -2.849443    0.678690     0.300000    
29661    1921.604968  -2.849583    0.681300     0.300000    
29671    1921.662977  -2.849802    0.676920     0.300000    
29681    1921.715938  -2.850074    0.682520     0.300000    
29691    1921.770779  -2.850241    0.676400     0.300000    
29701    1921.827057  -2.850515    0.681580     0.300000    
29711    1921.901766  -2.850893    0.674850     0.300000    
29721    1922.018664  -2.851155    0.677000     0.300000    
29731    1922.140702  -2.851368    0.681300     0.300000    
29741    1922.275138  -2.851510    0.680410     0.300000    
29751    1922.398559  -2.851753    0.679770     0.300000    
29761    1922.476938  -2.852027    0.676120     0.300000    
29771    1922.622663  -2.852218    0.678690     0.300000    
29781    1922.688233  -2.852434    0.680800     0.300000    
29791    1922.753503  -2.852628    0.678100     0.300000    
29801    1922.824786  -2.852837    0.681480     0.300000    
29811    1922.891132  -2.853172    0.678340     0.300000    
29821    1922.960663  -2.853446    0.678540     0.300000    
29831    1923.013654  -2.853878    0.677300     0.300000    
29841    1923.089395  -2.854177    0.677820     0.300000    
29851    1923.165263  -2.854424    0.678240     0.300000    
29861    1923.234799  -2.854707    0.678730     0.300000    
29871    1923.302325  -2.854907    0.678670     0.300000    
29881    1923.371738  -2.855210    0.676850     0.300000    
29891    1923.431291  -2.855457    0.676310     0.300000    
29901    1923.488340  -2.855675    0.675110     0.300000    
29911    1923.535587  -2.855866    0.675520     0.300000    
29921    1923.582345  -2.856040    0.678060     0.300000    
29931    1923.630247  -2.856337    0.676870     0.300000    
29941    1923.681075  -2.856531    0.680470     0.300000    
29951    1923.731437  -2.856699    0.676970     0.300000    
29961    1923.779679  -2.857004    0.677630     0.300000    
29971    1923.828493  -2.857283    0.679650     0.300000    
29981    1923.874568  -2.857588    0.672770     0.300000    
29991    1923.927277  -2.857687    0.675880     0.300000    
30001    1923.980280  -2.857919    0.678740     0.300000    
30011    1924.032834  -2.858086    0.678010     0.300000    
30021    1924.082081  -2.858347    0.676740     0.300000    
30031    1924.130119  -2.858530    0.677420     0.300000    
30041    1924.178032  -2.858842    0.676080     0.300000    
30051    1924.232133  -2.859169    0.679090     0.300000    
30061    1924.287821  -2.859391    0.678630     0.300000    
30071    1924.347092  -2.859551    0.677570     0.300000    
30081    1924.391990  -2.859833    0.675070     0.300000    
30091    1924.440616  -2.860036    0.677680     0.300000    
30101    1924.508096  -2.860190    0.679280     0.300000    
30111    1924.581875  -2.860445    0.676810     0.300000    
30121    1924.653477  -2.860704    0.673830     0.300000    
30131    1924.733776  -2.860988    0.677370     0.300000    
30141    1924.800090  -2.861256    0.675660     0.300000    
30151    1924.868073  -2.861429    0.676010     0.300000    
30161    1924.945579  -2.861633    0.678600     0.300000    
30171    1924.998419  -2.861744    0.678450     0.300000    
30181    1925.048878  -2.861953    0.676320     0.300000    
30191    1925.107639  -2.862118    0.674670     0.300000    
30201    1925.159273  -2.862460    0.675910     0.300000    
30211    1925.209266  -2.862608    0.675320     0.300000    
30221    1925.258126  -2.862803    0.674720     0.300000    
30231    1925.312611  -2.862989    0.675300     0.300000    
30241    1925.367761  -2.863155    0.674610     0.300000    
30251    1925.418312  -2.863432    0.676290     0.300000    
30261    1925.469396  -2.863668    0.673290     0.300000    
30271    1925.519474  -2.863979    0.675820     0.300000    
30281    1925.569369  -2.864178    0.674590     0.300000    
30291    1925.620456  -2.864420    0.677690     0.300000    
30301    1925.673829  -2.864850    0.674220     0.300000    
30311    1925.725261  -2.864995    0.672970     0.300000    
30321    1925.777463  -2.865185    0.674680     0.300000    
30331    1925.827028  -2.865443    0.673430     0.300000    
30341    1925.877112  -2.865570    0.675220     0.300000    
30351    1925.927590  -2.865759    0.676170     0.300000    
30361    1925.979759  -2.865988    0.673610     0.300000    
30371    1926.031449  -2.866163    0.673650     0.300000    
30381    1926.086498  -2.866390    0.675790     0.300000    
30391    1926.139662  -2.866499    0.677610     0.300000    
30401    1926.196998  -2.866810    0.675310     0.300000    
30411    1926.244945  -2.867031    0.676030     0.300000    
30421    1926.297093  -2.867363    0.672850     0.300000    
30431    1926.351621  -2.867659    0.674010     0.300000    
30441    1926.403216  -2.867841    0.673920     0.300000    
30451    1926.470903  -2.868092    0.673320     0.300000    
30461    1926.549705  -2.868298    0.673410     0.300000    
30471    1926.644442  -2.868568    0.673780     0.300000    
30481    1926.717368  -2.868769    0.672810     0.300000    
30491    1926.781481  -2.868954    0.674880     0.300000    
30501    1926.852521  -2.869222    0.672560     0.300000    
30511    1926.928075  -2.869462    0.670890     0.300000    
30521    1926.983015  -2.869634    0.673720     0.300000    
30531    1927.036514  -2.869980    0.671100     0.300000    
30541    1927.090078  -2.870201    0.674750     0.300000    
30551    1927.139822  -2.870473    0.671830     0.300000    
30561    1927.191577  -2.870607    0.673370     0.300000    
30571    1927.243076  -2.870993    0.674220     0.300000    
30581    1927.290134  -2.871234    0.673650     0.300000    
30591    1927.341713  -2.871368    0.673100     0.300000    
30601    1927.395904  -2.871538    0.676700     0.300000    
30611    1927.448604  -2.871861    0.672020     0.300000    
30621    1927.495157  -2.872062    0.669680     0.300000    
30631    1927.547245  -2.872346    0.672700     0.300000    
30641    1927.602201  -2.872678    0.673230     0.300000    
30651    1927.651946  -2.872881    0.672500     0.300000    
30661    1927.705943  -2.873179    0.667430     0.300000    
30671    1927.754934  -2.873402    0.672290     0.300000    
30681    1927.801509  -2.873653    0.669810     0.300000    
30691    1927.854901  -2.873861    0.674020     0.300000    
30701    1927.910518  -2.874133    0.670860     0.300000    
30711    1927.961269  -2.874281    0.670590     0.300000    
30721    1928.011761  -2.874461    0.671060     0.300000    
30731    1928.060393  -2.874723    0.673600     0.300000    
30741    1928.113997  -2.874981    0.670310     0.300000    
30751    1928.175771  -2.875312    0.672790     0.300000    
30761    1928.226161  -2.875544    0.673020     0.300000    
30771    1928.278656  -2.875750    0.674050     0.300000    
30781    1928.327956  -2.875856    0.670570     0.300000    
30791    1928.364225  -2.876246    0.668620     0.300000    
30801    1928.400508  -2.876438    0.670160     0.300000    
30811    1928.437183  -2.876784    0.669980     0.300000    
30821    1928.473164  -2.876891    0.669730     0.300000    
30831    1928.515190  -2.877145    0.673560     0.300000    
30841    1928.557113  -2.877304    0.668320     0.300000    
30851    1928.601754  -2.877493    0.673380     0.300000    
30861    1928.665522  -2.877602    0.669860     0.300000    
30871    1928.718411  -2.877697    0.670640     0.300000    
30881    1928.773502  -2.878030    0.671460     0.300000    
30891    1928.823744  -2.878307    0.665580     0.300000    
30901    1928.865390  -2.878460    0.668430     0.300000    
30911    1928.908514  -2.878740    0.671510     0.300000    
30921    1928.951735  -2.878915    0.671740     0.300000    
30931    1929.002124  -2.879167    0.670640     0.300000    
30941    1929.045515  -2.879408    0.666430     0.300000    
30951    1929.086149  -2.879633    0.669690     0.300000    
30961    1929.127806  -2.879964    0.669190     0.300000    
30971    1929.174360  -2.880176    0.671620     0.300000    
30981    1929.223082  -2.880414    0.671660     0.300000    
30991    1929.272991  -2.880617    0.671840     0.300000    
31001    1929.322680  -2.880806    0.672400     0.300000    
31011    1929.367171  -2.881168    0.671980     0.300000    
31021    1929.409205  -2.881454    0.670240     0.300000    
31031    1929.460987  -2.881632    0.669620     0.300000    
31041    1929.510202  -2.881810    0.669320     0.300000    
31051    1929.555011  -2.882067    0.668720     0.300000    
31061    1929.596681  -2.882258    0.668750     0.300000    
31071    1929.639021  -2.882560    0.669450     0.300000    
31081    1929.681173  -2.882832    0.672860     0.300000    
31091    1929.723386  -2.882971    0.670750     0.300000    
31101    1929.764864  -2.883151    0.671690     0.300000    
31111    1929.807298  -2.883340    0.669780     0.300000    
31121    1929.849462  -2.883587    0.666840     0.300000    
31131    1929.891890  -2.883948    0.667090     0.300000    
31141    1929.934161  -2.884064    0.671570     0.300000    
31151    1929.976141  -2.884191    0.668280     0.300000    
31161    1930.018454  -2.884412    0.667040     0.300000    
31171    1930.060140  -2.884814    0.668530     0.300000    
31181    1930.100685  -2.884951    0.670010     0.300000    
31191    1930.136786  -2.885166    0.671690     0.300000    
31201    1930.172982  -2.885414    0.668350     0.300000    
31211    1930.209109  -2.885751    0.666750     0.300000    
31221    1930.245651  -2.886122    0.668020     0.300000    
31231    1930.281447  -2.886408    0.670530     0.300000    
31241    1930.317859  -2.886614    0.667920     0.300000    
31250    1930.350601  -2.886797    0.670640     0.300000    
31250    2839.865932  -2.886797    0.000000     0.300000    
31250    2870.548980  -2.886973    0.000000     0.300000    
31250    2870.549830  -2.887177    0.000000     0.300000    
31250    2870.550438  -2.887346    0.000000     0.300000    
31250    2870.551228  -2.887545    0.000000     0.300000    
31250    2870.551864  -2.887743    0.000000     0.300000    
31250    2870.552542  -2.887904    0.000000     0.300000    
31250    2870.553590  -2.888047    0.000000     0.300000    
31250    2870.554306  -2.888155    0.000000     0.300000    
31250    2870.554994  -2.888396    0.000000     0.300000    
31250    2870.555703  -2.888491    0.000000     0.300000    
31250    2870.556387  -2.888597    0.000000     0.300000    
31250    2870.556966  -2.888768    0.000000     0.300000    
31250    2870.557793  -2.888959    0.000000     0.300000    
31250    2870.558453  -2.889206    0.000000     0.300000    
31250    2870.559299  -2.889398    0.000000     0.300000    
31250    2870.559900  -2.889544    0.000000     0.300000    
31250    2870.560580  -2.889749    0.000000     0.300000    
31250    2870.561784  -2.890016    0.000000     0.300000    
31250    2870.562536  -2.890219    0.000000     0.300000    
31250    2870.563145  -2.890381    0.000000     0.300000    
31250    2870.563927  -2.890574    0.000000     0.300000    
31250    2870.564628  -2.890803    0.000000     0.300000    
31250    2870.565372  -2.891069    0.000000     0.300000    
31250    2870.566109  -2.891287    0.000000     0.300000    
31250    2870.567344  -2.891518    0.000000     0.300000    
31250    2870.568237  -2.891813    0.000000     0.300000    
31250    2870.569116  -2.892003    0.000000     0.300000    
31250    2870.569801  -2.892221    0.000000     0.300000    
31250    2870.570396  -2.892352    0.000000     0.300000    
31250    2870.571187  -2.892502    0.000000     0.300000    
31250    2870.571840  -2.892762    0.000000     0.300000    
31250    2870.572505  -2.892890    0.000000     0.300000    
31250    2870.573185  -2.893115    0.000000     0.300000    
31250    2870.573857  -2.893262    0.000000     0.300000    
31250    2870.574525  -2.893445    0.000000     0.300000    
31250    2870.575222  -2.893579    0.000000     0.300000    
31250    2870.575957  -2.893809    0.000000     0.300000    
31250    2870.576990  -2.894031    0.000000     0.300000    
31250    2870.577731  -2.894157    0.000000     0.300000    
31250    2870.578465  -2.894313    0.000000     0.300000    
31250    2870.579091  -2.894495    0.000000     0.300000    
31250    2870.579880  -2.894666    0.000000     0.300000    
31250    2870.580517  -2.894870    0.000000     0.300000    
31250    2870.581248  -2.895053    0.000000     0.300000    
31250    2870.582081  -2.895263    0.000000     0.300000    
31250    2870.582667  -2.895496    0.000000     0.300000    
31250    2870.583263  -2.895759    0.000000     0.300000    
31250    2870.583867  -2.895908    0.000000     0.300000    
31250    2870.584491  -2.896064    0.000000     0.300000    
31250    2870.585229  -2.896227    0.000000     0.300000    
31250    2870.586979  -2.896623    0.000000     0.300000    
31250    2870.587717  -2.896739    0.000000     0.300000    
31250    2870.588324  -2.896883    0.000000     0.300000    
31250    2870.589051  -2.897147    0.000000     0.300000    
31250    2870.590205  -2.897314    0.000000     0.300000    
31250    2870.591011  -2.897469    0.000000     0.300000    
31250    2870.591942  -2.897680    0.000000     0.300000    
31250    2870.592674  -2.897860    0.000000     0.300000    
31250    2870.593521  -2.897985    0.000000     0.300000    
31250    2870.594147  -2.898221    0.000000     0.300000    
31250    2870.594773  -2.898339    0.000000     0.300000    
31250    2870.595401  -2.898671    0.000000     0.300000    
31250    2870.595988  -2.898860    0.000000     0.300000    
31250    2870.596600  -2.898995    0.000000     0.300000    
31250    2870.597272  -2.899112    0.000000     0.300000    
31250    2870.597986  -2.899313    0.000000     0.300000    
31250    2870.598567  -2.899663    0.000000     0.300000    
31250    2870.599153  -2.899766    0.000000     0.300000    
31250    2870.599725  -2.899997    0.000000     0.300000    
31250    2870.600313  -2.900193    0.000000     0.300000    
31250    2870.601540  -2.900361    0.000000     0.300000    
31250    2870.602092  -2.900524    0.000000     0.300000    
31250    2870.603615  -2.900685    0.000000     0.300000    
31250    2870.604210  -2.900876    0.000000     0.300000    
31250    2870.604827  -2.901093    0.000000     0.300000    
31250    2870.605426  -2.901229    0.000000     0.300000    
31250    2870.606042  -2.901411    0.000000     0.300000    
31250    2870.606740  -2.901617    0.000000     0.300000    
31250    2870.607508  -2.901723    0.000000     0.300000    
31250    2870.608239  -2.901848    0.000000     0.300000    
31250    2870.608891  -2.902011    0.000000     0.300000    
31250    2870.609623  -2.902214    0.000000     0.300000    
31250    2870.610325  -2.902508    0.000000     0.300000    
31250    2870.610913  -2.902834    0.000000     0.300000    
31250    2870.611930  -2.902962    0.000000     0.300000    
31250    2870.612645  -2.903074    0.000000     0.300000    
31250    2870.613271  -2.903295    0.000000     0.300000    
31250    2870.613867  -2.903556    0.000000     0.300000    
31250    2870.614515  -2.903880    0.000000     0.300000    
31250    2870.615207  -2.904056    0.000000     0.300000    
31250    2870.615954  -2.904367    0.000000     0.300000    
31250    2870.616884  -2.904501    0.000000     0.300000    
31250    2870.617529  -2.904670    0.000000     0.300000    
31250    2870.618147  -2.904956    0.000000     0.300000    
31250    2870.618880  -2.905186    0.000000     0.300000    
31250    2870.619693  -2.905417    0.000000     0.300000    
31250    2870.620326  -2.905526    0.000000     0.300000    
31250    2870.620914  -2.905665    0.000000     0.300000    
31250    2870.621615  -2.905849    0.000000     0.300000    
31250    2870.622332  -2.906054    0.000000     0.300000    
31250    2870.623007  -2.906209    0.000000     0.300000    
31250    2870.623655  -2.906440    0.000000     0.300000    
31250    2870.624266  -2.906630    0.000000     0.300000    
31250    2870.625011  -2.906854    0.000000     0.300000    
31250    2870.625620  -2.907127    0.000000     0.300000    
31250    2870.626250  -2.907291    0.000000     0.300000    
31250    2870.626934  -2.907438    0.000000     0.300000    
31250    2870.627612  -2.907676    0.000000     0.300000    
31250    2870.628312  -2.907907    0.000000     0.300000    
31250    2870.629101  -2.908001    0.000000     0.300000    
31250    2870.629759  -2.908161    0.000000     0.300000    
31250    2870.630397  -2.908558    0.000000     0.300000    
31250    2870.631040  -2.908787    0.000000     0.300000    
31250    2870.631710  -2.909051    0.000000     0.300000    
31250    2870.632384  -2.909218    0.000000     0.300000    
31250    2870.633021  -2.909388    0.000000     0.300000    
31250    2870.633916  -2.909511    0.000000     0.300000    
31250    2870.634786  -2.909681    0.000000     0.300000    
31250    2870.635473  -2.909936    0.000000     0.300000    
31250    2870.636667  -2.910135    0.000000     0.300000    
31250    2870.637330  -2.910314    0.000000     0.300000    
31250    2870.637935  -2.910510    0.000000     0.300000    
31250    2870.638689  -2.910620    0.000000     0.300000    
31250    2870.639290  -2.910759    0.000000     0.300000    
31250    2870.639981  -2.910902    0.000000     0.300000    
31250    2870.640775  -2.911068    0.000000     0.300000    
31250    2870.641428  -2.911188    0.000000     0.300000    
31250    2870.642177  -2.911273    0.000000     0.300000    
31250    2870.642835  -2.911482    0.000000     0.300000    
31250    2870.643997  -2.911695    0.000000     0.300000    
31250    2870.644789  -2.911879    0.000000     0.300000    
31250    2870.645579  -2.912034    0.000000     0.300000    
31250    2870.646328  -2.912173    0.000000     0.300000    
31250    2870.646936  -2.912344    0.000000     0.300000    
31250    2870.647555  -2.912615    0.000000     0.300000    
31250    2870.648260  -2.912823    0.000000     0.300000    
31250    2870.649015  -2.912948    0.000000     0.300000    
31250    2870.649787  -2.913056    0.000000     0.300000    
31250    2870.650433  -2.913225    0.000000     0.300000    
31250    2870.651081  -2.913492    0.000000     0.300000    
31250    2870.651798  -2.913658    0.000000     0.300000    
31250    2870.652606  -2.913825    0.000000     0.300000    
31250    2870.655055  -2.914008    0.000000     0.300000    
31250    2870.655769  -2.914135    0.000000     0.300000    
31250    2870.657044  -2.914274    0.000000     0.300000    
31250    2870.657773  -2.914422    0.000000     0.300000    
31250    2870.658628  -2.914665    0.000000     0.300000    
31250    2870.659396  -2.914800    0.000000     0.300000    
31250    2870.660190  -2.915110    0.000000     0.300000    
31250    2870.660865  -2.915193    0.000000     0.300000    
31250    2870.661549  -2.915416    0.000000     0.300000    
31250    2870.662212  -2.915594    0.000000     0.300000    
31250    2870.662828  -2.915872    0.000000     0.300000    
31250    2870.663452  -2.916068    0.000000     0.300000    
31250    2870.664431  -2.916266    0.000000     0.300000    
31250    2870.665112  -2.916487    0.000000     0.300000    
31250    2870.665779  -2.916679    0.000000     0.300000    
31250    2870.666482  -2.916828    0.000000     0.300000    
31250    2870.667158  -2.916968    0.000000     0.300000    
31250    2870.667945  -2.917083    0.000000     0.300000    
31250    2870.668701  -2.917200    0.000000     0.300000    
31250    2870.669367  -2.917399    0.000000     0.300000    
31250    2870.670082  -2.917605    0.000000     0.300000    
31250    2870.670771  -2.917850    0.000000     0.300000    
31250    2870.671389  -2.918008    0.000000     0.300000    
31250    2870.672106  -2.918229    0.000000     0.300000    
31250    2870.672807  -2.918314    0.000000     0.300000    
31250    2870.673530  -2.918491    0.000000     0.300000    
31250    2870.674193  -2.918619    0.000000     0.300000    
31250    2870.675269  -2.918742    0.000000     0.300000    
31250    2870.675911  -2.918856    0.000000     0.300000    
31250    2870.676639  -2.919080    0.000000     0.300000    
31250    2870.677807  -2.919197    0.000000     0.300000    
31250    2870.678614  -2.919304    0.000000     0.300000    
31250    2870.679324  -2.919608    0.000000     0.300000    
31250    2870.679951  -2.919742    0.000000     0.300000    
31250    2870.680655  -2.919991    0.000000     0.300000    
31250    2870.681333  -2.920091    0.000000     0.300000    
31250    2870.682082  -2.920326    0.000000     0.300000    
31250    2870.683024  -2.920517    0.000000     0.300000    
31250    2870.683666  -2.920735    0.000000     0.300000    
31250    2870.684336  -2.920907    0.000000     0.300000    
31250    2870.685080  -2.921126    0.000000     0.300000    
31250    2870.685722  -2.921317    0.000000     0.300000    
31250    2870.686395  -2.921559    0.000000     0.300000    
31250    2870.687080  -2.921885    0.000000     0.300000    
31250    2870.687801  -2.922007    0.000000     0.300000    
31250    2870.688445  -2.922178    0.000000     0.300000    
31250    2870.689113  -2.922413    0.000000     0.300000    
31250    2870.689781  -2.922649    0.000000     0.300000    
31250    2870.690415  -2.922847    0.000000     0.300000    
31250    2870.691086  -2.923019    0.000000     0.300000    
31250    2870.691711  -2.923149    0.000000     0.300000    
31250    2870.692365  -2.923423    0.000000     0.300000    
31250    2870.693213  -2.923727    0.000000     0.300000    
31250    2870.693851  -2.923856    0.000000     0.300000    
31250    2870.694557  -2.924022    0.000000     0.300000    
31250    2870.695200  -2.924170    0.000000     0.300000    
31250    2870.695817  -2.924341    0.000000     0.300000    
31250    2870.696442  -2.924536    0.000000     0.300000    
31250    2870.697109  -2.924793    0.000000     0.300000    
31250    2870.697852  -2.925083    0.000000     0.300000    
31250    2870.698484  -2.925218    0.000000     0.300000    
31250    2870.699192  -2.925359    0.000000     0.300000    
31250    2870.699814  -2.925535    0.000000     0.300000    
31250    2870.700464  -2.925703    0.000000     0.300000    
31250    2870.701127  -2.925802    0.000000     0.300000    
31250    2870.701771  -2.925996    0.000000     0.300000    
31250    2870.702433  -2.926157    0.000000     0.300000    
31250    2870.703061  -2.926349    0.000000     0.300000    
31250    2870.703684  -2.926526    0.000000     0.300000    
31250    2870.704346  -2.926775    0.000000     0.300000    
31250    2870.705030  -2.926956    0.000000     0.300000    
31250    2870.705746  -2.927283    0.000000     0.300000    
31250    2870.706420  -2.927487    0.000000     0.300000    
31250    2870.707071  -2.927612    0.000000     0.300000    
31250    2870.707742  -2.927880    0.000000     0.300000    
31250    2870.708716  -2.928224    0.000000     0.300000    
31250    2870.709552  -2.928403    0.000000     0.300000    
31250    2870.710176  -2.928478    0.000000     0.300000    
31250    2870.711021  -2.928716    0.000000     0.300000    
31250    2870.711687  -2.928851    0.000000     0.300000    
31250    2870.712416  -2.928954    0.000000     0.300000    
31250    2870.713171  -2.929089    0.000000     0.300000    
31250    2870.714068  -2.929279    0.000000     0.300000    
31250    2870.714800  -2.929376    0.000000     0.300000    
31250    2870.715452  -2.929575    0.000000     0.300000    
31250    2870.716075  -2.929762    0.000000     0.300000    
31250    2870.716773  -2.929897    0.000000     0.300000    
31250    2870.717473  -2.930270    0.000000     0.300000    
31250    2870.718095  -2.930345    0.000000     0.300000    
31250    2870.718750  -2.930490    0.000000     0.300000    
31250    2870.719441  -2.930727    0.000000     0.300000    
31250    2870.720078  -2.930908    0.000000     0.300000    
31250    2870.720747  -2.931125    0.000000     0.300000    
31250    2870.721466  -2.931304    0.000000     0.300000    
31250    2870.722226  -2.931498    0.000000     0.300000    
31250    2870.722899  -2.931701    0.000000     0.300000    
31250    2870.723572  -2.931911    0.000000     0.300000    
31250    2870.724235  -2.932104    0.000000     0.300000    
31250    2870.724906  -2.932257    0.000000     0.300000    
31250    2870.725556  -2.932568    0.000000     0.300000    
31250    2870.726179  -2.932883    0.000000     0.300000    
31250    2870.726828  -2.932970    0.000000     0.300000    
31250    2870.727507  -2.933098    0.000000     0.300000    
31250    2870.728187  -2.933358    0.000000     0.300000    
31250    2870.728971  -2.933570    0.000000     0.300000    
31250    2870.729644  -2.933715    0.000000     0.300000    
31250    2870.730365  -2.933808    0.000000     0.300000    
31250    2870.731103  -2.933960    0.000000     0.300000    
31250    2870.731865  -2.934024    0.000000     0.300000    
31250    2870.732845  -2.934239    0.000000     0.300000    
31250    2870.733598  -2.934438    0.000000     0.300000    
31250    2870.734285  -2.934569    0.000000     0.300000    
31250    2870.734960  -2.934724    0.000000     0.300000    
31250    2870.735636  -2.934834    0.000000     0.300000    
31250    2870.736388  -2.935046    0.000000     0.300000    
31250    2870.737309  -2.935223    0.000000     0.300000    
31250    2870.737977  -2.935331    0.000000     0.300000    
31250    2870.738600  -2.935534    0.000000     0.300000    
31250    2870.739318  -2.935807    0.000000     0.300000    
31250    2870.739967  -2.935995    0.000000     0.300000    
31250    2870.740577  -2.936067    0.000000     0.300000    
31250    2870.741277  -2.936446    0.000000     0.300000    
31250    2870.742015  -2.936604    0.000000     0.300000    
31250    2870.743605  -2.936818    0.000000     0.300000    
31250    2870.744272  -2.936976    0.000000     0.300000    
31250    2870.744971  -2.937218    0.000000     0.300000    
31250    2870.745597  -2.937372    0.000000     0.300000    
31250    2870.746220  -2.937481    0.000000     0.300000    
31250    2870.746839  -2.937615    0.000000     0.300000    
31250    2870.747527  -2.937813    0.000000     0.300000    
31250    2870.748153  -2.937955    0.000000     0.300000    
31250    2870.748827  -2.938113    0.000000     0.300000    
31250    2870.749451  -2.938284    0.000000     0.300000    
31250    2870.750069  -2.938596    0.000000     0.300000    
31250    2870.750696  -2.938685    0.000000     0.300000    
31250    2870.751318  -2.938971    0.000000     0.300000    
31250    2870.751938  -2.939104    0.000000     0.300000    
31250    2870.752633  -2.939245    0.000000     0.300000    
31250    2870.753335  -2.939445    0.000000     0.300000    
31250    2870.754019  -2.939603    0.000000     0.300000    
31250    2870.754712  -2.939720    0.000000     0.300000    
31250    2870.755408  -2.939885    0.000000     0.300000    
31250    2870.756075  -2.939992    0.000000     0.300000    
31250    2870.756797  -2.940149    0.000000     0.300000    
31250    2870.757497  -2.940382    0.000000     0.300000    
31250    2870.758229  -2.940607    0.000000     0.300000    
31250    2870.758910  -2.940820    0.000000     0.300000    
31250    2870.759576  -2.940917    0.000000     0.300000    
31250    2870.760250  -2.941103    0.000000     0.300000    
31250    2870.760963  -2.941280    0.000000     0.300000    
31250    2870.761633  -2.941477    0.000000     0.300000    
31250    2870.762308  -2.941667    0.000000     0.300000    
31250    2870.762969  -2.941781    0.000000     0.300000    
31250    2870.763635  -2.942018    0.000000     0.300000    
31250    2870.764388  -2.942202    0.000000     0.300000    
31250    2870.765075  -2.942425    0.000000     0.300000    
31250    2870.765745  -2.942720    0.000000     0.300000    
31250    2870.766446  -2.942907    0.000000     0.300000    
31250    2870.767482  -2.943026    0.000000     0.300000    
31250    2870.768106  -2.943219    0.000000     0.300000    
31250    2870.768724  -2.943371    0.000000     0.300000    
31250    2870.769358  -2.943621    0.000000     0.300000    
31250    2870.769967  -2.943690    0.000000     0.300000    
31250    2870.770705  -2.943803    0.000000     0.300000    
31250    2870.771398  -2.943896    0.000000     0.300000    
31250    2870.772016  -2.944074    0.000000     0.300000    
31250    2870.772747  -2.944268    0.000000     0.300000    
31250    2870.773552  -2.944429    0.000000     0.300000    
31250    2870.774232  -2.944569    0.000000     0.300000    
31250    2870.774979  -2.944737    0.000000     0.300000    
31250    2870.775930  -2.944927    0.000000     0.300000    
31250    2870.776599  -2.945019    0.000000     0.300000    
31250    2870.777415  -2.945107    0.000000     0.300000    
31250    2870.778214  -2.945385    0.000000     0.300000    
31250    2870.778912  -2.945530    0.000000     0.300000    
31250    2870.779595  -2.945770    0.000000     0.300000    
31250    2870.780260  -2.946012    0.000000     0.300000    
31250    2870.780933  -2.946166    0.000000     0.300000    
31250    2870.781725  -2.946338    0.000000     0.300000    
31250    2870.782411  -2.946459    0.000000     0.300000    
31250    2870.783091  -2.946576    0.000000     0.300000    
31250    2870.783700  -2.946632    0.000000     0.300000    
31250    2870.784475  -2.947102    0.000000     0.300000    
31250    2870.785167  -2.947203    0.000000     0.300000    
31250    2870.785823  -2.947449    0.000000     0.300000    
31250    2870.786469  -2.947752    0.000000     0.300000    
31250    2870.787078  -2.947887    0.000000     0.300000    
31250    2870.787731  -2.948070    0.000000     0.300000    
31250    2870.788393  -2.948233    0.000000     0.300000    
31250    2870.789062  -2.948446    0.000000     0.300000    
31250    2870.789724  -2.948747    0.000000     0.300000    
31250    2870.790408  -2.948934    0.000000     0.300000    
31250    2870.791076  -2.949189    0.000000     0.300000    
31250    2870.791728  -2.949412    0.000000     0.300000    
31250    2870.792523  -2.949550    0.000000     0.300000    
31250    2870.793216  -2.949717    0.000000     0.300000    
31250    2870.793963  -2.949902    0.000000     0.300000    
31250    2870.794635  -2.950022    0.000000     0.300000    
31250    2870.795361  -2.950125    0.000000     0.300000    
31250    2870.796118  -2.950262    0.000000     0.300000    
31250    2870.796792  -2.950425    0.000000     0.300000    
31250    2870.797485  -2.950579    0.000000     0.300000    
31250    2870.798154  -2.950724    0.000000     0.300000    
31250    2870.798821  -2.950927    0.000000     0.300000    
31250    2870.799478  -2.951043    0.000000     0.300000    
31250    2870.800131  -2.951080    0.000000     0.300000    
31250    2870.800799  -2.951156    0.000000     0.300000    
31250    2870.801461  -2.951282    0.000000     0.300000    
31250    2870.802124  -2.951465    0.000000     0.300000    
31250    2870.802736  -2.951708    0.000000     0.300000    
31250    2870.803355  -2.951867    0.000000     0.300000    
31250    2870.804052  -2.952011    0.000000     0.300000    
31250    2870.804689  -2.952164    0.000000     0.300000    
31250    2870.805403  -2.952263    0.000000     0.300000    
31250    2870.806041  -2.952322    0.000000     0.300000    
31250    2870.806669  -2.952452    0.000000     0.300000    
31250    2870.807305  -2.952534    0.000000     0.300000    
31250    2870.807986  -2.952744    0.000000     0.300000    
31250    2870.808660  -2.952935    0.000000     0.300000    
31250    2870.809363  -2.953023    0.000000     0.300000    
31250    2870.810036  -2.953264    0.000000     0.300000    
31250    2870.810694  -2.953333    0.000000     0.300000    
31250    2870.811346  -2.953517    0.000000     0.300000    
31250    2870.811992  -2.953649    0.000000     0.300000    
31250    2870.812653  -2.953833    0.000000     0.300000    
31250    2870.813302  -2.953968    0.000000     0.300000    
31250    2870.813950  -2.954027    0.000000     0.300000    
31250    2870.814604  -2.954134    0.000000     0.300000    
31250    2870.815257  -2.954312    0.000000     0.300000    
31250    2870.815907  -2.954533    0.000000     0.300000    
31250    2870.816556  -2.954762    0.000000     0.300000    
31250    2870.817210  -2.954946    0.000000     0.300000    
31250    2870.817805  -2.955071    0.000000     0.300000    
31250    2870.818404  -2.955198    0.000000     0.300000    
31250    2870.818999  -2.955388    0.000000     0.300000    
31250    2870.819599  -2.955615    0.000000     0.300000    
31250    2870.820189  -2.955665    0.000000     0.300000    
31250    2870.820795  -2.955808    0.000000     0.300000    
31250    2870.821456  -2.955948    0.000000     0.300000    
31250    2870.822055  -2.956094    0.000000     0.300000    
31250    2870.822700  -2.956321    0.000000     0.300000    
31250    2870.823347  -2.956565    0.000000     0.300000    
31250    2870.824003  -2.956703    0.000000     0.300000    
31250    2870.824667  -2.956859    0.000000     0.300000    
31250    2870.825318  -2.957012    0.000000     0.300000    
31250    2870.825974  -2.957115    0.000000     0.300000    
31250    2870.826628  -2.957270    0.000000     0.300000    
31250    2870.827278  -2.957397    0.000000     0.300000    
31250    2870.827879  -2.957655    0.000000     0.300000    
31250    2870.828490  -2.957942    0.000000     0.300000    
31250    2870.829095  -2.958134    0.000000     0.300000    
31250    2870.829696  -2.958293    0.000000     0.300000    
31250    2870.830297  -2.958544    0.000000     0.300000    
31250    2870.830897  -2.958771    0.000000     0.300000    
31250    2870.831498  -2.958981    0.000000     0.300000    
31250    2870.832098  -2.959166    0.000000     0.300000    
31250    2870.832743  -2.959336    0.000000     0.300000    
31250    2870.833386  -2.959415    0.000000     0.300000    
31250    2870.834034  -2.959596    0.000000     0.300000    
31250    2870.834690  -2.959737    0.000000     0.300000    
31250    2870.835343  -2.959967    0.000000     0.300000    
31250    2870.835979  -2.960017    0.000000     0.300000    
31250    2870.836625  -2.960216    0.000000     0.300000    
31250    2870.837278  -2.960364    0.000000     0.300000    
31250    2870.837930  -2.960563    0.000000     0.300000    
31250    2870.838585  -2.960773    0.000000     0.300000    
31250    2870.839229  -2.960945    0.000000     0.300000    
31250    2870.839869  -2.961066    0.000000     0.300000    
31250    2870.840673  -2.961278    0.000000     0.300000    
31250    2870.841427  -2.961370    0.000000     0.300000    
31250    2870.842164  -2.961525    0.000000     0.300000    
31250    2870.842823  -2.961648    0.000000     0.300000    
31250    2870.843479  -2.961733    0.000000     0.300000    
31250    2870.844125  -2.961910    0.000000     0.300000    
31250    2870.844771  -2.961936    0.000000     0.300000    
31250    2870.845424  -2.962151    0.000000     0.300000    
31250    2870.846085  -2.962363    0.000000     0.300000    
31250    2870.846736  -2.962543    0.000000     0.300000    
31250    2870.847392  -2.962694    0.000000     0.300000    
31250    2870.848049  -2.962988    0.000000     0.300000    
31250    2870.848702  -2.963250    0.000000     0.300000    
31250    2870.849344  -2.963338    0.000000     0.300000    
31250    2870.849995  -2.963476    0.000000     0.300000    
31250    2870.850648  -2.963842    0.000000     0.300000    
31250    2870.851300  -2.964057    0.000000     0.300000    
31250    2870.851956  -2.964237    0.000000     0.300000    
31250    2870.852611  -2.964451    0.000000     0.300000    
31250    2870.853258  -2.964678    0.000000     0.300000    
31250    2870.853897  -2.964921    0.000000     0.300000    
31250    2870.854561  -2.965107    0.000000     0.300000    
31250    2870.855212  -2.965224    0.000000     0.300000    
31250    2870.855877  -2.965343    0.000000     0.300000    
31250    2870.856521  -2.965454    0.000000     0.300000    
31250    2870.857174  -2.965631    0.000000     0.300000    
31250    2870.857808  -2.965894    0.000000     0.300000    
31250    2870.858449  -2.966083    0.000000     0.300000    
31250    2870.859095  -2.966320    0.000000     0.300000    
31250    2870.859733  -2.966455    0.000000     0.300000    
31250    2870.860377  -2.966619    0.000000     0.300000    
31250    2870.861016  -2.966732    0.000000     0.300000    
31250    2870.861654  -2.966947    0.000000     0.300000    
31250    2870.862285  -2.967097    0.000000     0.300000    
31250    2870.862924  -2.967211    0.000000     0.300000    
31250    2870.863561  -2.967315    0.000000     0.300000    
31250    2870.864211  -2.967467    0.000000     0.300000    
31250    2870.864853  -2.967626    0.000000     0.300000    
31250    2870.865503  -2.967814    0.000000     0.300000    
31250    2870.866160  -2.968010    0.000000     0.300000    
31250    2870.866800  -2.968279    0.000000     0.300000    
31250    2870.867439  -2.968513    0.000000     0.300000    
31250    2870.868088  -2.968575    0.000000     0.300000    
31250    2870.868723  -2.968777    0.000000     0.300000    
31250    2870.869360  -2.968904    0.000000     0.300000    
31250    2870.870017  -2.969134    0.000000     0.300000    
31250    2870.870662  -2.969252    0.000000     0.300000    
31250    2870.871311  -2.969455    0.000000     0.300000    
31250    2870.871961  -2.969636    0.000000     0.300000    
31250    2870.872605  -2.969729    0.000000     0.300000    
31250    2870.873250  -2.969915    0.000000     0.300000    
31250    2870.873897  -2.970050    0.000000     0.300000    
31250    2870.874657  -2.970197    0.000000     0.300000    
31250    2870.875316  -2.970269    0.000000     0.300000    
31250    2870.875957  -2.970413    0.000000     0.300000    
31250    2870.876602  -2.970546    0.000000     0.300000    
31250    2870.877241  -2.970811    0.000000     0.300000    
31250    2870.877830  -2.970924    0.000000     0.300000    
31250    2870.878439  -2.970998    0.000000     0.300000    
31250    2870.879026  -2.971157    0.000000     0.300000    
31250    2870.879605  -2.971297    0.000000     0.300000    
31250    2870.880189  -2.971463    0.000000     0.300000    
31250    2870.880786  -2.971617    0.000000     0.300000    
31250    2870.881372  -2.971691    0.000000     0.300000    
31250    2870.881961  -2.971879    0.000000     0.300000    
31250    2870.882593  -2.972009    0.000000     0.300000    
31250    2870.883228  -2.972199    0.000000     0.300000    
31250    2870.883875  -2.972385    0.000000     0.300000    
31250    2870.884534  -2.972539    0.000000     0.300000    
31250    2870.885194  -2.972758    0.000000     0.300000    
31250    2870.885835  -2.972950    0.000000     0.300000    
31250    2870.886463  -2.973032    0.000000     0.300000    
31250    2870.887096  -2.973217    0.000000     0.300000    
31250    2870.887729  -2.973384    0.000000     0.300000    
31250    2870.888362  -2.973483    0.000000     0.300000    
31250    2870.889000  -2.973591    0.000000     0.300000    
31250    2870.889648  -2.973654    0.000000     0.300000    
31250    2870.890281  -2.973701    0.000000     0.300000    
31250    2870.890923  -2.973769    0.000000     0.300000    
31250    2870.891585  -2.973995    0.000000     0.300000    
31250    2870.892230  -2.974123    0.000000     0.300000    
31250    2870.892871  -2.974290    0.000000     0.300000    
31250    2870.893526  -2.974476    0.000000     0.300000    
31250    2870.894165  -2.974570    0.000000     0.300000    
31250    2870.894800  -2.974607    0.000000     0.300000    
31250    2870.895445  -2.974771    0.000000     0.300000    
31250    2870.896070  -2.974877    0.000000     0.300000    
31250    2870.896707  -2.975112    0.000000     0.300000    
31250    2870.897331  -2.975388    0.000000     0.300000    
31250    2870.897965  -2.975537    0.000000     0.300000    
31250    2870.898597  -2.975766    0.000000     0.300000    
31250    2870.899254  -2.976044    0.000000     0.300000    
31250    2870.899894  -2.976171    0.000000     0.300000    
31250    2870.900534  -2.976243    0.000000     0.300000    
31250    2870.901177  -2.976418    0.000000     0.300000    
31250    2870.901819  -2.976526    0.000000     0.300000    
31250    2870.902447  -2.976670    0.000000     0.300000    
31250    2870.903083  -2.976750    0.000000     0.300000    
31250    2870.903717  -2.976840    0.000000     0.300000    
31250    2870.904357  -2.976987    0.000000     0.300000    
31250    2870.905000  -2.977138    0.000000     0.300000    
31250    2870.905637  -2.977367    0.000000     0.300000    
31250    2870.906467  -2.977513    0.000000     0.300000    
31250    2870.907127  -2.977567    0.000000     0.300000    
31250    2870.907781  -2.977719    0.000000     0.300000    
31250    2870.908431  -2.977970    0.000000     0.300000    
31250    2870.909082  -2.978182    0.000000     0.300000    
31250    2870.909733  -2.978385    0.000000     0.300000    
31250    2870.910379  -2.978548    0.000000     0.300000    
31250    2870.911015  -2.978701    0.000000     0.300000    
31250    2870.911663  -2.978960    0.000000     0.300000    
31250    2870.912302  -2.979064    0.000000     0.300000    
31250    2870.912947  -2.979254    0.000000     0.300000    
31250    2870.913599  -2.979478    0.000000     0.300000    
31250    2870.914246  -2.979600    0.000000     0.300000    
31250    2870.914888  -2.979750    0.000000     0.300000    
31250    2870.915519  -2.979890    0.000000     0.300000    
31250    2870.916160  -2.980055    0.000000     0.300000    
31250    2870.916810  -2.980245    0.000000     0.300000    
31250    2870.917455  -2.980431    0.000000     0.300000    
31250    2870.918101  -2.980561    0.000000     0.300000    
31250    2870.918735  -2.980747    0.000000     0.300000    
31250    2870.919377  -2.980893    0.000000     0.300000    
31250    2870.920019  -2.981158    0.000000     0.300000    
31250    2870.920658  -2.981285    0.000000     0.300000    
31250    2870.921286  -2.981558    0.000000     0.300000    
31250    2870.921921  -2.981715    0.000000     0.300000    
31250    2870.922561  -2.981829    0.000000     0.300000    
31250    2870.923192  -2.982019    0.000000     0.300000    
31250    2870.923824  -2.982192    0.000000     0.300000    
31250    2870.924468  -2.982271    0.000000     0.300000    
31250    2870.925124  -2.982498    0.000000     0.300000    
31250    2870.925764  -2.982752    0.000000     0.300000    
31250    2870.926401  -2.982888    0.000000     0.300000    
31250    2870.927033  -2.982949    0.000000     0.300000    
31250    2870.927674  -2.983109    0.000000     0.300000    
31250    2870.928311  -2.983265    0.000000     0.300000    
31250    2870.928945  -2.983368    0.000000     0.300000    
31250    2870.929574  -2.983548    0.000000     0.300000    
31250    2870.930208  -2.983692    0.000000     0.300000    
31250    2870.930871  -2.983892    0.000000     0.300000    
31250    2870.931500  -2.984097    0.000000     0.300000    
31250    2870.932127  -2.984235    0.000000     0.300000    
31250    2870.932762  -2.984432    0.000000     0.300000    
31250    2870.933403  -2.984600    0.000000     0.300000    
31250    2870.934046  -2.984754    0.000000     0.300000    
31250    2870.934704  -2.984922    0.000000     0.300000    
31250    2870.935352  -2.985111    0.000000     0.300000    
31250    2870.935988  -2.985307    0.000000     0.300000    
31250    2870.936628  -2.985504    0.000000     0.300000    
31250    2870.937254  -2.985647    0.000000     0.300000    
31250    2870.937887  -2.985819    0.000000     0.300000    
31250    2870.938521  -2.985959    0.000000     0.300000    
31250    2870.939140  -2.986029    0.000000     0.300000    
31250    2870.939880  -2.986320    0.000000     0.300000    
31250    2870.940528  -2.986372    0.000000     0.300000    
31250    2870.941164  -2.986527    0.000000     0.300000    
31250    2870.941795  -2.986571    0.000000     0.300000    
31250    2870.942435  -2.986697    0.000000     0.300000    
31250    2870.943089  -2.987077    0.000000     0.300000    
31250    2870.943731  -2.987216    0.000000     0.300000    
31250    2870.944378  -2.987372    0.000000     0.300000    
31250    2870.945018  -2.987410    0.000000     0.300000    
31250    2870.945665  -2.987506    0.000000     0.300000    
31250    2870.946326  -2.987617    0.000000     0.300000    
31250    2870.946981  -2.987749    0.000000     0.300000    
31250    2870.947640  -2.987895    0.000000     0.300000    
31250    2870.948300  -2.988065    0.000000     0.300000    
31250    2870.948947  -2.988196    0.000000     0.300000    
31250    2870.949597  -2.988382    0.000000     0.300000    
31250    2870.950232  -2.988514    0.000000     0.300000    
31250    2870.950862  -2.988728    0.000000     0.300000    
31250    2870.951493  -2.988853    0.000000     0.300000    
31250    2870.952126  -2.989086    0.000000     0.300000    
31250    2870.952759  -2.989155    0.000000     0.300000    
31250    2870.953392  -2.989249    0.000000     0.300000    
31250    2870.954020  -2.989319    0.000000     0.300000    
31250    2870.954669  -2.989458    0.000000     0.300000    
31250    2870.955308  -2.989614    0.000000     0.300000    
31250    2870.955943  -2.989778    0.000000     0.300000    
31250    2870.956574  -2.989830    0.000000     0.300000    
31250    2870.957215  -2.989937    0.000000     0.300000    
31250    2870.957853  -2.990025    0.000000     0.300000    
31250    2870.958486  -2.990198    0.000000     0.300000    
31250    2870.959126  -2.990345    0.000000     0.300000    
31250    2870.959763  -2.990556    0.000000     0.300000    
31250    2870.960390  -2.990663    0.000000     0.300000    
31250    2870.961156  -2.990873    0.000000     0.300000    
31250    2870.961847  -2.991022    0.000000     0.300000    
31250    2870.962501  -2.991157    0.000000     0.300000    
31250    2870.963240  -2.991210    0.000000     0.300000    
31250    2870.964054  -2.991388    0.000000     0.300000    
31250    2870.964704  -2.991462    0.000000     0.300000    
31250    2870.965355  -2.991653    0.000000     0.300000    
31250    2870.965982  -2.991769    0.000000     0.300000    
31250    2870.966616  -2.991872    0.000000     0.300000    
31250    2870.967243  -2.991978    0.000000     0.300000    
31250    2870.967885  -2.992097    0.000000     0.300000    
31250    2870.968525  -2.992406    0.000000     0.300000    
31250    2870.969163  -2.992660    0.000000     0.300000    
31250    2870.969903  -2.992783    0.000000     0.300000    
31250    2870.970548  -2.992885    0.000000     0.300000    
31250    2870.971185  -2.993013    0.000000     0.300000    
31250    2870.971820  -2.993105    0.000000     0.300000    
31250    2870.972474  -2.993232    0.000000     0.300000    
31250    2870.973108  -2.993397    0.000000     0.300000    
31250    2870.973751  -2.993527    0.000000     0.300000    
31250    2870.974402  -2.993617    0.000000     0.300000    
31250    2870.975037  -2.993695    0.000000     0.300000    
31250    2870.975669  -2.993906    0.000000     0.300000    
31250    2870.976326  -2.994018    0.000000     0.300000    
31250    2870.976959  -2.994087    0.000000     0.300000    
31250    2870.977601  -2.994245    0.000000     0.300000    
31250    2870.978230  -2.994296    0.000000     0.300000    
31250    2870.978872  -2.994362    0.000000     0.300000    
31250    2870.979553  -2.994482    0.000000     0.300000    
31250    2870.980180  -2.994736    0.000000     0.300000    
31250    2870.980821  -2.994890    0.000000     0.300000    
31250    2870.981441  -2.994916    0.000000     0.300000    
31250    2870.982084  -2.995017    0.000000     0.300000    
31250    2870.982718  -2.995178    0.000000     0.300000    
31250    2870.983359  -2.995266    0.000000     0.300000    
31250    2870.983989  -2.995322    0.000000     0.300000    
31250    2870.984629  -2.995450    0.000000     0.300000    
31250    2870.985265  -2.995615    0.000000     0.300000    
31250    2870.985903  -2.995782    0.000000     0.300000    
31250    2870.986544  -2.995858    0.000000     0.300000    
31250    2870.987182  -2.995996    0.000000     0.300000    
31250    2870.987820  -2.996184    0.000000     0.300000    
31250    2870.988452  -2.996360    0.000000     0.300000    
31250    2870.989097  -2.996520    0.000000     0.300000    
31250    2870.989732  -2.996727    0.000000     0.300000    
31250    2870.990374  -2.996809    0.000000     0.300000    
31250    2870.991013  -2.996996    0.000000     0.300000    
31250    2870.991650  -2.997136    0.000000     0.300000    
31250    2870.992287  -2.997365    0.000000     0.300000    
31250    2870.992926  -2.997564    0.000000     0.300000    
31250    2870.993560  -2.997861    0.000000     0.300000    
31250    2870.994199  -2.997965    0.000000     0.300000    
31250    2870.994826  -2.997984    0.000000     0.300000    
31250    2870.995448  -2.998121    0.000000     0.300000    
31250    2870.996079  -2.998203    0.000000     0.300000    
31250    2870.996724  -2.998373    0.000000     0.300000    
31250    2870.997345  -2.998436    0.000000     0.300000    
31250    2870.997972  -2.998512    0.000000     0.300000    
31250    2870.998607  -2.998647    0.000000     0.300000    
31250    2870.999239  -2.998808    0.000000     0.300000    
31250    2870.999866  -2.998884    0.000000     0.300000    
31250    2871.000496  -2.999023    0.000000     0.300000    
31250    2871.001115  -2.999065    0.000000     0.300000    
31250    2871.001754  -2.999191    0.000000     0.300000    
31250    2871.002390  -2.999314    0.000000     0.300000    
31250    2871.003008  -2.999540    0.000000     0.300000    
31250    2871.003651  -2.999653    0.000000     0.300000    
31250    2871.004282  -2.999747    0.000000     0.300000    
31250    2871.004919  -3.000018    0.000000     0.300000    
31250    2871.005545  -3.000173    0.000000     0.300000    
31250    2871.006166  -3.000316    0.000000     0.300000    
31250    2871.006791  -3.000570    0.000000     0.300000    
31250    2871.007407  -3.000653    0.000000     0.300000    
31250    2871.008029  -3.000789    0.000000     0.300000    
31250    2871.008645  -3.000995    0.000000     0.300000    
31250    2871.009271  -3.001130    0.000000     0.300000    
31250    2871.009895  -3.001324    0.000000     0.300000    
31250    2871.010531  -3.001401    0.000000     0.300000    
31250    2871.011152  -3.001574    0.000000     0.300000    
31250    2871.011779  -3.001832    0.000000     0.300000    
31250    2871.012381  -3.002011    0.000000     0.300000    
31250    2871.012954  -3.002192    0.000000     0.300000    
31250    2871.013525  -3.002358    0.000000     0.300000    
31250    2871.014093  -3.002429    0.000000     0.300000    
31250    2871.014668  -3.002602    0.000000     0.300000    
31250    2871.015230  -3.002732    0.000000     0.300000    
31250    2871.015801  -3.002890    0.000000     0.300000    
31250    2871.016372  -3.003106    0.000000     0.300000    
31250    2871.016941  -3.003265    0.000000     0.300000    
31250    2871.017531  -3.003452    0.000000     0.300000    
31250    2871.018103  -3.003543    0.000000     0.300000    
31250    2871.018675  -3.003737    0.000000     0.300000    
31250    2871.019249  -3.003843    0.000000     0.300000    
31250    2871.019815  -3.003989    0.000000     0.300000    
31250    2871.020374  -3.004047    0.000000     0.300000    
31250    2871.020951  -3.004299    0.000000     0.300000    
31250    2871.021522  -3.004481    0.000000     0.300000    
31250    2871.022095  -3.004646    0.000000     0.300000    
31250    2871.022661  -3.004789    0.000000     0.300000    
31250    2871.023233  -3.004999    0.000000     0.300000    
31250    2871.023796  -3.005076    0.000000     0.300000    
31250    2871.024374  -3.005260    0.000000     0.300000    
31250    2871.024946  -3.005431    0.000000     0.300000    
31250    2871.025519  -3.005543    0.000000     0.300000    
31250    2871.026075  -3.005597    0.000000     0.300000    
31250    2871.026642  -3.005703    0.000000     0.300000    
31250    2871.027216  -3.005799    0.000000     0.300000    
31250    2871.027780  -3.005968    0.000000     0.300000    
31250    2871.028356  -3.006129    0.000000     0.300000    
31250    2871.028932  -3.006347    0.000000     0.300000    
31250    2871.029497  -3.006442    0.000000     0.300000    
31250    2871.030063  -3.006543    0.000000     0.300000    
31250    2871.030640  -3.006788    0.000000     0.300000    
31250    2871.031207  -3.006876    0.000000     0.300000    
31250    2871.031781  -3.006994    0.000000     0.300000    
31250    2871.032376  -3.007220    0.000000     0.300000    
31250    2871.033009  -3.007367    0.000000     0.300000    
31250    2871.033630  -3.007470    0.000000     0.300000    
31250    2871.034253  -3.007655    0.000000     0.300000    
31250    2871.034900  -3.007890    0.000000     0.300000    
31250    2871.035529  -3.008132    0.000000     0.300000    
31250    2871.036161  -3.008345    0.000000     0.300000    
31250    2871.036780  -3.008489    0.000000     0.300000    
31250    2871.037387  -3.008628    0.000000     0.300000    
31250    2871.037958  -3.008743    0.000000     0.300000    
31250    2871.038535  -3.008848    0.000000     0.300000    
31250    2871.039115  -3.009024    0.000000     0.300000    
31250    2871.039696  -3.009112    0.000000     0.300000    
31250    2871.040274  -3.009193    0.000000     0.300000    
31250    2871.040843  -3.009270    0.000000     0.300000    
31250    2871.041421  -3.009468    0.000000     0.300000    
31250    2871.042001  -3.009600    0.000000     0.300000    
31250    2871.042611  -3.009815    0.000000     0.300000    
31250    2871.043187  -3.009970    0.000000     0.300000    
31250    2871.043761  -3.010033    0.000000     0.300000    
31250    2871.044341  -3.010221    0.000000     0.300000    
31250    2871.044925  -3.010353    0.000000     0.300000    
31250    2871.045492  -3.010437    0.000000     0.300000    
31250    2871.046066  -3.010511    0.000000     0.300000    
31250    2871.046628  -3.010560    0.000000     0.300000    
31250    2871.047201  -3.010658    0.000000     0.300000    
31250    2871.047778  -3.010882    0.000000     0.300000    
31250    2871.048360  -3.011089    0.000000     0.300000    
31250    2871.048940  -3.011248    0.000000     0.300000    
31250    2871.049506  -3.011315    0.000000     0.300000    
31250    2871.050088  -3.011523    0.000000     0.300000    
31250    2871.050659  -3.011651    0.000000     0.300000    
31250    2871.051242  -3.011782    0.000000     0.300000    
31250    2871.051820  -3.011937    0.000000     0.300000    
31250    2871.052403  -3.012031    0.000000     0.300000    
31250    2871.052988  -3.012215    0.000000     0.300000    
31250    2871.053560  -3.012314    0.000000     0.300000    
31250    2871.054137  -3.012455    0.000000     0.300000    
31250    2871.054722  -3.012647    0.000000     0.300000    
31250    2871.055302  -3.012779    0.000000     0.300000    
31250    2871.055879  -3.012922    0.000000     0.300000    
31250    2871.056447  -3.012964    0.000000     0.300000    
31250    2871.057023  -3.013074    0.000000     0.300000    
31250    2871.057601  -3.013246    0.000000     0.300000    
31250    2871.058183  -3.013380    0.000000     0.300000    
31250    2871.058751  -3.013521    0.000000     0.300000    
31250    2871.059330  -3.013693    0.000000     0.300000    
31250    2871.059904  -3.013884    0.000000     0.300000    
31250    2871.060478  -3.013986    0.000000     0.300000    
31250    2871.061049  -3.014062    0.000000     0.300000    
31250    2871.061620  -3.014233    0.000000     0.300000    
31250    2871.062191  -3.014402    0.000000     0.300000    
31250    2871.062763  -3.014578    0.000000     0.300000    
31250    2871.063343  -3.014663    0.000000     0.300000    
31250    2871.063907  -3.014709    0.000000     0.300000    
31250    2871.064484  -3.014882    0.000000     0.300000    
31250    2871.065063  -3.015011    0.000000     0.300000    
31250    2871.065642  -3.015115    0.000000     0.300000    
31250    2871.066229  -3.015313    0.000000     0.300000    
31250    2871.066829  -3.015532    0.000000     0.300000    
31250    2871.067423  -3.015687    0.000000     0.300000    
31250    2871.068131  -3.015847    0.000000     0.300000    
31250    2871.068774  -3.015999    0.000000     0.300000    
31250    2871.069371  -3.016151    0.000000     0.300000    
31250    2871.070253  -3.016246    0.000000     0.300000    
31250    2871.070876  -3.016412    0.000000     0.300000    
31250    2871.071469  -3.016499    0.000000     0.300000    
31250    2871.072057  -3.016668    0.000000     0.300000    
31250    2871.072648  -3.016716    0.000000     0.300000    
31250    2871.073250  -3.016856    0.000000     0.300000    
31250    2871.073852  -3.017048    0.000000     0.300000    
31250    2871.074444  -3.017170    0.000000     0.300000    
31250    2871.075045  -3.017375    0.000000     0.300000    
31250    2871.075638  -3.017534    0.000000     0.300000    
31250    2871.076218  -3.017670    0.000000     0.300000    
31250    2871.076842  -3.017829    0.000000     0.300000    
31250    2871.077448  -3.018097    0.000000     0.300000    
31250    2871.078038  -3.018274    0.000000     0.300000    
31250    2871.078663  -3.018388    0.000000     0.300000    
31250    2871.079240  -3.018456    0.000000     0.300000    
31250    2871.079817  -3.018585    0.000000     0.300000    
31250    2871.080393  -3.018711    0.000000     0.300000    
31250    2871.080970  -3.018821    0.000000     0.300000    
31250    2871.081538  -3.018966    0.000000     0.300000    
31250    2871.082117  -3.019116    0.000000     0.300000    
31250    2871.082697  -3.019270    0.000000     0.300000    
31250    2871.083274  -3.019446    0.000000     0.300000    
31250    2871.083855  -3.019670    0.000000     0.300000    
31250    2871.084430  -3.019820    0.000000     0.300000    
31250    2871.084999  -3.019913    0.000000     0.300000    
31250    2871.085578  -3.020042    0.000000     0.300000    
31250    2871.086143  -3.020162    0.000000     0.300000    
31250    2871.086719  -3.020226    0.000000     0.300000    
31250    2871.087286  -3.020284    0.000000     0.300000    
31250    2871.087856  -3.020392    0.000000     0.300000    
31250    2871.088426  -3.020496    0.000000     0.300000    
31250    2871.089002  -3.020692    0.000000     0.300000    
31250    2871.089568  -3.020857    0.000000     0.300000    
31250    2871.090140  -3.020989    0.000000     0.300000    
31250    2871.090706  -3.021119    0.000000     0.300000    
31250    2871.091276  -3.021260    0.000000     0.300000    
31250    2871.091837  -3.021318    0.000000     0.300000    
31250    2871.092400  -3.021526    0.000000     0.300000    
31250    2871.092971  -3.021714    0.000000     0.300000    
31250    2871.093538  -3.021814    0.000000     0.300000    
31250    2871.094105  -3.021879    0.000000     0.300000    
31250    2871.094685  -3.022025    0.000000     0.300000    
31250    2871.095258  -3.022156    0.000000     0.300000    
31250    2871.095826  -3.022209    0.000000     0.300000    
31250    2871.096385  -3.022335    0.000000     0.300000    
31250    2871.096945  -3.022390    0.000000     0.300000    
31250    2871.097515  -3.022545    0.000000     0.300000    
31250    2871.098084  -3.022607    0.000000     0.300000    
31250    2871.098654  -3.022710    0.000000     0.300000    
31250    2871.099212  -3.022792    0.000000     0.300000    
31250    2871.099786  -3.022912    0.000000     0.300000    
31250    2871.100360  -3.023061    0.000000     0.300000    
31250    2871.100929  -3.023096    0.000000     0.300000    
31250    2871.101494  -3.023242    0.000000     0.300000    
31250    2871.102063  -3.023359    0.000000     0.300000    
31250    2871.102640  -3.023566    0.000000     0.300000    
31250    2871.103291  -3.023710    0.000000     0.300000    
31250    2871.103973  -3.023832    0.000000     0.300000    
31250    2871.104581  -3.024007    0.000000     0.300000    
31250    2871.105211  -3.024086    0.000000     0.300000    
31250    2871.105779  -3.024172    0.000000     0.300000    
31250    2871.106359  -3.024297    0.000000     0.300000    
31250    2871.106937  -3.024397    0.000000     0.300000    
31250    2871.107499  -3.024441    0.000000     0.300000    
31250    2871.108077  -3.024621    0.000000     0.300000    
31250    2871.110149  -3.024813    0.000000     0.300000    
31250    2871.110760  -3.025006    0.000000     0.300000    
31250    2871.111364  -3.025129    0.000000     0.300000    
31250    2871.112048  -3.025187    0.000000     0.300000    
31250    2871.112654  -3.025287    0.000000     0.300000    
31250    2871.113209  -3.025485    0.000000     0.300000    
31250    2871.113759  -3.025599    0.000000     0.300000    
31250    2871.114302  -3.025724    0.000000     0.300000    
31250    2871.114855  -3.025907    0.000000     0.300000    
31250    2871.115490  -3.026033    0.000000     0.300000    
31250    2871.116042  -3.026196    0.000000     0.300000    
31250    2871.116580  -3.026301    0.000000     0.300000    
31250    2871.117119  -3.026353    0.000000     0.300000    
31250    2871.117695  -3.026435    0.000000     0.300000    
31250    2871.118271  -3.026519    0.000000     0.300000    
31250    2871.118850  -3.026768    0.000000     0.300000    
31250    2871.119424  -3.026931    0.000000     0.300000    
31250    2871.120123  -3.027115    0.000000     0.300000    
31250    2871.120698  -3.027213    0.000000     0.300000    
31250    2871.121283  -3.027477    0.000000     0.300000    
31250    2871.121865  -3.027576    0.000000     0.300000    
31250    2871.122417  -3.027604    0.000000     0.300000    
31250    2871.122956  -3.027699    0.000000     0.300000    
31250    2871.123489  -3.027875    0.000000     0.300000    
31250    2871.124026  -3.028056    0.000000     0.300000    
31250    2871.124567  -3.028192    0.000000     0.300000    
31250    2871.125102  -3.028338    0.000000     0.300000    
31250    2871.125637  -3.028394    0.000000     0.300000    
31250    2871.126175  -3.028514    0.000000     0.300000    
31250    2871.126697  -3.028574    0.000000     0.300000    
31250    2871.127248  -3.028721    0.000000     0.300000    
31250    2871.127779  -3.028895    0.000000     0.300000    
31250    2871.128308  -3.029062    0.000000     0.300000    
31250    2871.128850  -3.029131    0.000000     0.300000    
31250    2871.129389  -3.029298    0.000000     0.300000    
31250    2871.129932  -3.029462    0.000000     0.300000    
31250    2871.130530  -3.029544    0.000000     0.300000    
31250    2871.131095  -3.029727    0.000000     0.300000    
31250    2871.131637  -3.029858    0.000000     0.300000    
31250    2871.132180  -3.030017    0.000000     0.300000    
31250    2871.132755  -3.030107    0.000000     0.300000    
31250    2871.133328  -3.030211    0.000000     0.300000    
31250    2871.133873  -3.030366    0.000000     0.300000    
31250    2871.134409  -3.030403    0.000000     0.300000    
31250    2871.134950  -3.030495    0.000000     0.300000    
31250    2871.135496  -3.030654    0.000000     0.300000    
31250    2871.136116  -3.030772    0.000000     0.300000    
31250    2871.136690  -3.030899    0.000000     0.300000    
31250    2871.137248  -3.031057    0.000000     0.300000    
31250    2871.137802  -3.031163    0.000000     0.300000    
31250    2871.138346  -3.031213    0.000000     0.300000    
31250    2871.138887  -3.031296    0.000000     0.300000    
31250    2871.139437  -3.031390    0.000000     0.300000    
31250    2871.139991  -3.031501    0.000000     0.300000    
31250    2871.140530  -3.031529    0.000000     0.300000    
31250    2871.141071  -3.031722    0.000000     0.300000    
31250    2871.141609  -3.031913    0.000000     0.300000    
31250    2871.142153  -3.032012    0.000000     0.300000    
31250    2871.142702  -3.032184    0.000000     0.300000    
31250    2871.143234  -3.032319    0.000000     0.300000    
31250    2871.143839  -3.032453    0.000000     0.300000    
31250    2871.144391  -3.032519    0.000000     0.300000    
31250    2871.144961  -3.032618    0.000000     0.300000    
31250    2871.145530  -3.032705    0.000000     0.300000    
31250    2871.146073  -3.032852    0.000000     0.300000    
31250    2871.146613  -3.033004    0.000000     0.300000    
31250    2871.147160  -3.033165    0.000000     0.300000    
31250    2871.147681  -3.033286    0.000000     0.300000    
31250    2871.148212  -3.033413    0.000000     0.300000    
31250    2871.148745  -3.033529    0.000000     0.300000    
31250    2871.149272  -3.033562    0.000000     0.300000    
31250    2871.149801  -3.033642    0.000000     0.300000    
31250    2871.150326  -3.033738    0.000000     0.300000    
31250    2871.150853  -3.033848    0.000000     0.300000    
31250    2871.151381  -3.033927    0.000000     0.300000    
31250    2871.151915  -3.033989    0.000000     0.300000    
31250    2871.152508  -3.034108    0.000000     0.300000    
31250    2871.153103  -3.034161    0.000000     0.300000    
31250    2871.153673  -3.034239    0.000000     0.300000    
31250    2871.154227  -3.034363    0.000000     0.300000    
31250    2871.154779  -3.034476    0.000000     0.300000    
31250    2871.155339  -3.034599    0.000000     0.300000    
31250    2871.156361  -3.034683    0.000000     0.300000    
31250    2871.156918  -3.034836    0.000000     0.300000    
31250    2871.157475  -3.034997    0.000000     0.300000    
31250    2871.158030  -3.035154    0.000000     0.300000    
31250    2871.158584  -3.035253    0.000000     0.300000    
31250    2871.159136  -3.035311    0.000000     0.300000    
31250    2871.159689  -3.035362    0.000000     0.300000    
31250    2871.160241  -3.035558    0.000000     0.300000    
31250    2871.160792  -3.035680    0.000000     0.300000    
31250    2871.161340  -3.035771    0.000000     0.300000    
31250    2871.161898  -3.035932    0.000000     0.300000    
31250    2871.162441  -3.036009    0.000000     0.300000    
31250    2871.162984  -3.036124    0.000000     0.300000    
31250    2871.163592  -3.036269    0.000000     0.300000    
31250    2871.164146  -3.036366    0.000000     0.300000    
31250    2871.164696  -3.036507    0.000000     0.300000    
31250    2871.165272  -3.036567    0.000000     0.300000    
31250    2871.165853  -3.036746    0.000000     0.300000    
31250    2871.166407  -3.036888    0.000000     0.300000    
31250    2871.166938  -3.036992    0.000000     0.300000    
31250    2871.167486  -3.037041    0.000000     0.300000    
31250    2871.168028  -3.037104    0.000000     0.300000    
31250    2871.168565  -3.037298    0.000000     0.300000    
31250    2871.169121  -3.037462    0.000000     0.300000    
31250    2871.169646  -3.037532    0.000000     0.300000    
31250    2871.170178  -3.037688    0.000000     0.300000    
31250    2871.170703  -3.037793    0.000000     0.300000    
31250    2871.171241  -3.037880    0.000000     0.300000    
31250    2871.171765  -3.038048    0.000000     0.300000    
31250    2871.172306  -3.038172    0.000000     0.300000    
31250    2871.172833  -3.038229    0.000000     0.300000    
31250    2871.173375  -3.038399    0.000000     0.300000    
31250    2871.173920  -3.038522    0.000000     0.300000    
31250    2871.174450  -3.038669    0.000000     0.300000    
31250    2871.174981  -3.038815    0.000000     0.300000    
31250    2871.175499  -3.038899    0.000000     0.300000    
31250    2871.176026  -3.038977    0.000000     0.300000    
31250    2871.176559  -3.039122    0.000000     0.300000    
31250    2871.177094  -3.039272    0.000000     0.300000    
31250    2871.177615  -3.039304    0.000000     0.300000    
31250    2871.178150  -3.039343    0.000000     0.300000    
31250    2871.178679  -3.039496    0.000000     0.300000    
31250    2871.179221  -3.039680    0.000000     0.300000    
31250    2871.179753  -3.039832    0.000000     0.300000    
31250    2871.180292  -3.039922    0.000000     0.300000    
31250    2871.180817  -3.039961    0.000000     0.300000    
31250    2871.181341  -3.040057    0.000000     0.300000    
31250    2871.181886  -3.040208    0.000000     0.300000    
31250    2871.182425  -3.040323    0.000000     0.300000    
31250    2871.182962  -3.040416    0.000000     0.300000    
31250    2871.183488  -3.040581    0.000000     0.300000    
31250    2871.184124  -3.040740    0.000000     0.300000    
31250    2871.184683  -3.040804    0.000000     0.300000    
31250    2871.185225  -3.040834    0.000000     0.300000    
31250    2871.185773  -3.040936    0.000000     0.300000    
31250    2871.186327  -3.041068    0.000000     0.300000    
31250    2871.186876  -3.041130    0.000000     0.300000    
31250    2871.187410  -3.041275    0.000000     0.300000    
31250    2871.187929  -3.041409    0.000000     0.300000    
31250    2871.188441  -3.041488    0.000000     0.300000    
31250    2871.188955  -3.041669    0.000000     0.300000    
31250    2871.189458  -3.041706    0.000000     0.300000    
31250    2871.189973  -3.041873    0.000000     0.300000    
31250    2871.190480  -3.042023    0.000000     0.300000    
31250    2871.190981  -3.042099    0.000000     0.300000    
31250    2871.191491  -3.042293    0.000000     0.300000    
31250    2871.192005  -3.042370    0.000000     0.300000    
31250    2871.192512  -3.042550    0.000000     0.300000    
31250    2871.193013  -3.042602    0.000000     0.300000    
31250    2871.193508  -3.042675    0.000000     0.300000    
31250    2871.194013  -3.042716    0.000000     0.300000    
31250    2871.194521  -3.042910    0.000000     0.300000    
31250    2871.195038  -3.043073    0.000000     0.300000    
31250    2871.195557  -3.043214    0.000000     0.300000    
31250    2871.196063  -3.043368    0.000000     0.300000    
31250    2871.196584  -3.043432    0.000000     0.300000    
31250    2871.197092  -3.043535    0.000000     0.300000    
31250    2871.197740  -3.043660    0.000000     0.300000    
31250    2871.198299  -3.043750    0.000000     0.300000    
31250    2871.198850  -3.043833    0.000000     0.300000    
31250    2871.199403  -3.043936    0.000000     0.300000    
31250    2871.200002  -3.044170    0.000000     0.300000    
31250    2871.200550  -3.044217    0.000000     0.300000    
31250    2871.201103  -3.044375    0.000000     0.300000    
31250    2871.201644  -3.044433    0.000000     0.300000    
31250    2871.202196  -3.044481    0.000000     0.300000    
31250    2871.202785  -3.044588    0.000000     0.300000    
31250    2871.203300  -3.044693    0.000000     0.300000    
31250    2871.203805  -3.044784    0.000000     0.300000    
31250    2871.204308  -3.044848    0.000000     0.300000    
31250    2871.204822  -3.044924    0.000000     0.300000    
31250    2871.205322  -3.044995    0.000000     0.300000    
31250    2871.205818  -3.045109    0.000000     0.300000    
31250    2871.206313  -3.045313    0.000000     0.300000    
31250    2871.206805  -3.045376    0.000000     0.300000    
31250    2871.207316  -3.045458    0.000000     0.300000    
31250    2871.207842  -3.045578    0.000000     0.300000    
31250    2871.208378  -3.045678    0.000000     0.300000    
31250    2871.208923  -3.045834    0.000000     0.300000    
31250    2871.209461  -3.045982    0.000000     0.300000    
31250    2871.209988  -3.046027    0.000000     0.300000    
31250    2871.210525  -3.046203    0.000000     0.300000    
31250    2871.211053  -3.046391    0.000000     0.300000    
31250    2871.211579  -3.046552    0.000000     0.300000    
31250    2871.212100  -3.046640    0.000000     0.300000    
31250    2871.212632  -3.046727    0.000000     0.300000    
31250    2871.213166  -3.046891    0.000000     0.300000    
31250    2871.213699  -3.047058    0.000000     0.300000    
31250    2871.214222  -3.047123    0.000000     0.300000    
31250    2871.214754  -3.047259    0.000000     0.300000    
31250    2871.215290  -3.047460    0.000000     0.300000    
31250    2871.215805  -3.047538    0.000000     0.300000    
31250    2871.216339  -3.047597    0.000000     0.300000    
31250    2871.216863  -3.047678    0.000000     0.300000    
31250    2871.217416  -3.047893    0.000000     0.300000    
31250    2871.217983  -3.048055    0.000000     0.300000    
31250    2871.218545  -3.048228    0.000000     0.300000    
31250    2871.219104  -3.048278    0.000000     0.300000    
31250    2871.219667  -3.048361    0.000000     0.300000    
31250    2871.220239  -3.048554    0.000000     0.300000    
31250    2871.220807  -3.048643    0.000000     0.300000    
31250    2871.221386  -3.048779    0.000000     0.300000    
31250    2871.221956  -3.048894    0.000000     0.300000    
31250    2871.222506  -3.048939    0.000000     0.300000    
31250    2871.223038  -3.049013    0.000000     0.300000    
31250    2871.223573  -3.049200    0.000000     0.300000    
31250    2871.224103  -3.049251    0.000000     0.300000    
31250    2871.224621  -3.049266    0.000000     0.300000    
31250    2871.225150  -3.049320    0.000000     0.300000    
31250    2871.225679  -3.049381    0.000000     0.300000    
31250    2871.226212  -3.049479    0.000000     0.300000    
31250    2871.226740  -3.049565    0.000000     0.300000    
31250    2871.227279  -3.049788    0.000000     0.300000    
31250    2871.227808  -3.049846    0.000000     0.300000    
31250    2871.228342  -3.049931    0.000000     0.300000    
31250    2871.228871  -3.049988    0.000000     0.300000    
31250    2871.229398  -3.050097    0.000000     0.300000    
31250    2871.229920  -3.050156    0.000000     0.300000    
31250    2871.230452  -3.050265    0.000000     0.300000    
31250    2871.230985  -3.050447    0.000000     0.300000    
31250    2871.231518  -3.050535    0.000000     0.300000    
31250    2871.232041  -3.050571    0.000000     0.300000    
31250    2871.232601  -3.050668    0.000000     0.300000    
31250    2871.233160  -3.050726    0.000000     0.300000    
31250    2871.233738  -3.050943    0.000000     0.300000    
31250    2871.234300  -3.051040    0.000000     0.300000    
31250    2871.234885  -3.051298    0.000000     0.300000    
31250    2871.235467  -3.051445    0.000000     0.300000    
31250    2871.236076  -3.051515    0.000000     0.300000    
31250    2871.236659  -3.051701    0.000000     0.300000    
31250    2871.237238  -3.051827    0.000000     0.300000    
31250    2871.237764  -3.051907    0.000000     0.300000    
31250    2871.238293  -3.051979    0.000000     0.300000    
31250    2871.238822  -3.052108    0.000000     0.300000    
31250    2871.239379  -3.052245    0.000000     0.300000    
31250    2871.239914  -3.052296    0.000000     0.300000    
31250    2871.240444  -3.052332    0.000000     0.300000    
31250    2871.240978  -3.052423    0.000000     0.300000    
31250    2871.241498  -3.052547    0.000000     0.300000    
31250    2871.242029  -3.052655    0.000000     0.300000    
31250    2871.242582  -3.052793    0.000000     0.300000    
31250    2871.243148  -3.052906    0.000000     0.300000    
31250    2871.243705  -3.053039    0.000000     0.300000    
31250    2871.244270  -3.053141    0.000000     0.300000    
31250    2871.244838  -3.053293    0.000000     0.300000    
31250    2871.245395  -3.053412    0.000000     0.300000    
31250    2871.245956  -3.053523    0.000000     0.300000    
31250    2871.246515  -3.053612    0.000000     0.300000    
31250    2871.247084  -3.053704    0.000000     0.300000    
31250    2871.247651  -3.053821    0.000000     0.300000    
31250    2871.248207  -3.053899    0.000000     0.300000    
31250    2871.248846  -3.054045    0.000000     0.300000    
31250    2871.249434  -3.054166    0.000000     0.300000    
31250    2871.250016  -3.054289    0.000000     0.300000    
31250    2871.250596  -3.054458    0.000000     0.300000    
31250    2871.251172  -3.054532    0.000000     0.300000    
31250    2871.251750  -3.054599    0.000000     0.300000    
31250    2871.252315  -3.054747    0.000000     0.300000    
31250    2871.252862  -3.054894    0.000000     0.300000    
31250    2871.253410  -3.054990    0.000000     0.300000    
31250    2871.253950  -3.055116    0.000000     0.300000    
31250    2871.254490  -3.055173    0.000000     0.300000    
31250    2871.255028  -3.055205    0.000000     0.300000    
31250    2871.255565  -3.055346    0.000000     0.300000    
31250    2871.256112  -3.055467    0.000000     0.300000    
31250    2871.256643  -3.055515    0.000000     0.300000    
31250    2871.257191  -3.055714    0.000000     0.300000    
31250    2871.257731  -3.055881    0.000000     0.300000    
31250    2871.258278  -3.056005    0.000000     0.300000    
31250    2871.258815  -3.056082    0.000000     0.300000    
31250    2871.259347  -3.056216    0.000000     0.300000    
31250    2871.259869  -3.056229    0.000000     0.300000    
31250    2871.260408  -3.056460    0.000000     0.300000    
31250    2871.260948  -3.056586    0.000000     0.300000    
31250    2871.261484  -3.056669    0.000000     0.300000    
31250    2871.262027  -3.056750    0.000000     0.300000    
31250    2871.262568  -3.056930    0.000000     0.300000    
31250    2871.263104  -3.057007    0.000000     0.300000    
31250    2871.263640  -3.057109    0.000000     0.300000    
31250    2871.264176  -3.057212    0.000000     0.300000    
31250    2871.264730  -3.057298    0.000000     0.300000    
31250    2871.265264  -3.057392    0.000000     0.300000    
31250    2871.265798  -3.057500    0.000000     0.300000    
31250    2871.266350  -3.057575    0.000000     0.300000    
31250    2871.266889  -3.057629    0.000000     0.300000    
31250    2871.267427  -3.057767    0.000000     0.300000    
31250    2871.267971  -3.057871    0.000000     0.300000    
31250    2871.268515  -3.058015    0.000000     0.300000    
31250    2871.269061  -3.058079    0.000000     0.300000    
31250    2871.269761  -3.058170    0.000000     0.300000    
31250    2871.270308  -3.058269    0.000000     0.300000    
31250    2871.270858  -3.058336    0.000000     0.300000    
31250    2871.271394  -3.058358    0.000000     0.300000    
31250    2871.271934  -3.058494    0.000000     0.300000    
31250    2871.272478  -3.058625    0.000000     0.300000    
31250    2871.273018  -3.058706    0.000000     0.300000    
31250    2871.273551  -3.058826    0.000000     0.300000    
31250    2871.274081  -3.058906    0.000000     0.300000    
31250    2871.274684  -3.058950    0.000000     0.300000    
31250    2871.275263  -3.059065    0.000000     0.300000    
31250    2871.275810  -3.059102    0.000000     0.300000    
31250    2871.276364  -3.059195    0.000000     0.300000    
31250    2871.276914  -3.059257    0.000000     0.300000    
31250    2871.277456  -3.059386    0.000000     0.300000    
31250    2871.277986  -3.059466    0.000000     0.300000    
31250    2871.278530  -3.059687    0.000000     0.300000    
31250    2871.279066  -3.059752    0.000000     0.300000    
31250    2871.279676  -3.059828    0.000000     0.300000    
31250    2871.280232  -3.059885    0.000000     0.300000    
31250    2871.280770  -3.059953    0.000000     0.300000    
31250    2871.281305  -3.059982    0.000000     0.300000    
31250    2871.281841  -3.060062    0.000000     0.300000    
31250    2871.282376  -3.060104    0.000000     0.300000    
31250    2871.282912  -3.060159    0.000000     0.300000    
31250    2871.283448  -3.060227    0.000000     0.300000    
31250    2871.283988  -3.060265    0.000000     0.300000    
31250    2871.284519  -3.060419    0.000000     0.300000    
31250    2871.285052  -3.060482    0.000000     0.300000    
31250    2871.285595  -3.060610    0.000000     0.300000    
31250    2871.286127  -3.060678    0.000000     0.300000    
31250    2871.286666  -3.060784    0.000000     0.300000    
31250    2871.287208  -3.060864    0.000000     0.300000    
31250    2871.287738  -3.060889    0.000000     0.300000    
31250    2871.288286  -3.061001    0.000000     0.300000    
31250    2871.288820  -3.061121    0.000000     0.300000    
31250    2871.289363  -3.061182    0.000000     0.300000    
31250    2871.289968  -3.061275    0.000000     0.300000    
31250    2871.290519  -3.061430    0.000000     0.300000    
31250    2871.291049  -3.061527    0.000000     0.300000    
31250    2871.291591  -3.061639    0.000000     0.300000    
31250    2871.292119  -3.061674    0.000000     0.300000    
31250    2871.292641  -3.061754    0.000000     0.300000    
31250    2871.293177  -3.061807    0.000000     0.300000    
31250    2871.293710  -3.061877    0.000000     0.300000    
31250    2871.294252  -3.061971    0.000000     0.300000    
31250    2871.294896  -3.062098    0.000000     0.300000    
31250    2871.295433  -3.062161    0.000000     0.300000    
31250    2871.295968  -3.062246    0.000000     0.300000    
31250    2871.296488  -3.062280    0.000000     0.300000    
31250    2871.297023  -3.062510    0.000000     0.300000    
31250    2871.297558  -3.062592    0.000000     0.300000    
31250    2871.298089  -3.062667    0.000000     0.300000    
31250    2871.298612  -3.062770    0.000000     0.300000    
31250    2871.299133  -3.062840    0.000000     0.300000    
31250    2871.299720  -3.062942    0.000000     0.300000    
31250    2871.300278  -3.063090    0.000000     0.300000    
31250    2871.300827  -3.063215    0.000000     0.300000    
31250    2871.301362  -3.063374    0.000000     0.300000    
31250    2871.301905  -3.063460    0.000000     0.300000    
31250    2871.302447  -3.063596    0.000000     0.300000    
31250    2871.303009  -3.063644    0.000000     0.300000    
31250    2871.303547  -3.063729    0.000000     0.300000    
31250    2871.304079  -3.063768    0.000000     0.300000    
31250    2871.304607  -3.063826    0.000000     0.300000    
31250    2871.305137  -3.063913    0.000000     0.300000    
31250    2871.305659  -3.063970    0.000000     0.300000    
31250    2871.306195  -3.064059    0.000000     0.300000    
31250    2871.306725  -3.064135    0.000000     0.300000    
31250    2871.307259  -3.064173    0.000000     0.300000    
31250    2871.307781  -3.064287    0.000000     0.300000    
31250    2871.308319  -3.064415    0.000000     0.300000    
31250    2871.308833  -3.064457    0.000000     0.300000    
31250    2871.309367  -3.064587    0.000000     0.300000    
31250    2871.309890  -3.064670    0.000000     0.300000    
31250    2871.310434  -3.064721    0.000000     0.300000    
31250    2871.310961  -3.064824    0.000000     0.300000    
31250    2871.311487  -3.064940    0.000000     0.300000    
31250    2871.312016  -3.064989    0.000000     0.300000    
31250    2871.312514  -3.065104    0.000000     0.300000    
31250    2871.313004  -3.065248    0.000000     0.300000    
31250    2871.313614  -3.065320    0.000000     0.300000    
31250    2871.314172  -3.065451    0.000000     0.300000    
31250    2871.314684  -3.065508    0.000000     0.300000    
31250    2871.315182  -3.065608    0.000000     0.300000    
31250    2871.315716  -3.065702    0.000000     0.300000    
31250    2871.316205  -3.065772    0.000000     0.300000    
31250    2871.316699  -3.065889    0.000000     0.300000    
31250    2871.317199  -3.066112    0.000000     0.300000    
31250    2871.317686  -3.066196    0.000000     0.300000    
31250    2871.318181  -3.066413    0.000000     0.300000    
31250    2871.318649  -3.066424    0.000000     0.300000    
31250    2871.319214  -3.066504    0.000000     0.300000    
31250    2871.319719  -3.066594    0.000000     0.300000    
31250    2871.320215  -3.066720    0.000000     0.300000    
31250    2871.320713  -3.066792    0.000000     0.300000    
31250    2871.321205  -3.066932    0.000000     0.300000    
31250    2871.321703  -3.067059    0.000000     0.300000    
31250    2871.322203  -3.067141    0.000000     0.300000    
31250    2871.322739  -3.067303    0.000000     0.300000    
31250    2871.323266  -3.067376    0.000000     0.300000    
31250    2871.323792  -3.067458    0.000000     0.300000    
31250    2871.324318  -3.067508    0.000000     0.300000    
31250    2871.324841  -3.067582    0.000000     0.300000    
31250    2871.325366  -3.067645    0.000000     0.300000    
31250    2871.325888  -3.067723    0.000000     0.300000    
31250    2871.326407  -3.067867    0.000000     0.300000    
31250    2871.327010  -3.067939    0.000000     0.300000    
31250    2871.327563  -3.068089    0.000000     0.300000    
31250    2871.328103  -3.068215    0.000000     0.300000    
31250    2871.328635  -3.068300    0.000000     0.300000    
31250    2871.329172  -3.068358    0.000000     0.300000    
31250    2871.329708  -3.068393    0.000000     0.300000    
31250    2871.330235  -3.068429    0.000000     0.300000    
31250    2871.330771  -3.068536    0.000000     0.300000    
31250    2871.331315  -3.068664    0.000000     0.300000    
31250    2871.331856  -3.068741    0.000000     0.300000    
31250    2871.332370  -3.068833    0.000000     0.300000    
31250    2871.332867  -3.068962    0.000000     0.300000    
31250    2871.333359  -3.069151    0.000000     0.300000    
31250    2871.333857  -3.069263    0.000000     0.300000    
31250    2871.334362  -3.069277    0.000000     0.300000    
31250    2871.334852  -3.069425    0.000000     0.300000    
31250    2871.335344  -3.069555    0.000000     0.300000    
31250    2871.335913  -3.069653    0.000000     0.300000    
31250    2871.336420  -3.069712    0.000000     0.300000    
31250    2871.336915  -3.069850    0.000000     0.300000    
31250    2871.337440  -3.070032    0.000000     0.300000    
31250    2871.337966  -3.070054    0.000000     0.300000    
31250    2871.338505  -3.070233    0.000000     0.300000    
31250    2871.339043  -3.070310    0.000000     0.300000    
31250    2871.339570  -3.070392    0.000000     0.300000    
31250    2871.340097  -3.070456    0.000000     0.300000    
31250    2871.340615  -3.070489    0.000000     0.300000    
31250    2871.341141  -3.070566    0.000000     0.300000    
31250    2871.341662  -3.070584    0.000000     0.300000    
31250    2871.342191  -3.070658    0.000000     0.300000    
31250    2871.342684  -3.070839    0.000000     0.300000    
31250    2871.343175  -3.070903    0.000000     0.300000    
31250    2871.343711  -3.070942    0.000000     0.300000    
31250    2871.344198  -3.071047    0.000000     0.300000    
31250    2871.344717  -3.071113    0.000000     0.300000    
31250    2871.345268  -3.071201    0.000000     0.300000    
31250    2871.345779  -3.071332    0.000000     0.300000    
31250    2871.346283  -3.071435    0.000000     0.300000    
31250    2871.346771  -3.071503    0.000000     0.300000    
31250    2871.347273  -3.071577    0.000000     0.300000    
31250    2871.347766  -3.071614    0.000000     0.300000    
31250    2871.348257  -3.071689    0.000000     0.300000    
31250    2871.348745  -3.071744    0.000000     0.300000    
31250    2871.349231  -3.071832    0.000000     0.300000    
31250    2871.349722  -3.071886    0.000000     0.300000    
31250    2871.350209  -3.071963    0.000000     0.300000    
31250    2871.350703  -3.072081    0.000000     0.300000    
31250    2871.351194  -3.072135    0.000000     0.300000    
31250    2871.351689  -3.072216    0.000000     0.300000    
31250    2871.352198  -3.072305    0.000000     0.300000    
31250    2871.352770  -3.072412    0.000000     0.300000    
31250    2871.353293  -3.072461    0.000000     0.300000    
31250    2871.353825  -3.072519    0.000000     0.300000    
31250    2871.354354  -3.072619    0.000000     0.300000    
31250    2871.354896  -3.072834    0.000000     0.300000    
31250    2871.355430  -3.072975    0.000000     0.300000    
31250    2871.355955  -3.073100    0.000000     0.300000    
31250    2871.356500  -3.073259    0.000000     0.300000    
31250    2871.357032  -3.073350    0.000000     0.300000    
31250    2871.357543  -3.073501    0.000000     0.300000    
31250    2871.358031  -3.073563    0.000000     0.300000    
31250    2871.358530  -3.073775    0.000000     0.300000    
31250    2871.359021  -3.073827    0.000000     0.300000    
31250    2871.359515  -3.073891    0.000000     0.300000    
31250    2871.360002  -3.074038    0.000000     0.300000    
31250    2871.360485  -3.074088    0.000000     0.300000    
31250    2871.360980  -3.074149    0.000000     0.300000    
31250    2871.361479  -3.074338    0.000000     0.300000    
31250    2871.361969  -3.074471    0.000000     0.300000    
31250    2871.362458  -3.074578    0.000000     0.300000    
31250    2871.362951  -3.074694    0.000000     0.300000    
31250    2871.363430  -3.074769    0.000000     0.300000    
31250    2871.363915  -3.074826    0.000000     0.300000    
31250    2871.364404  -3.074988    0.000000     0.300000    
31250    2871.364899  -3.075018    0.000000     0.300000    
31250    2871.365380  -3.075079    0.000000     0.300000    
31250    2871.365917  -3.075176    0.000000     0.300000    
31250    2871.366400  -3.075270    0.000000     0.300000    
31250    2871.366886  -3.075334    0.000000     0.300000    
31250    2871.367387  -3.075459    0.000000     0.300000    
31250    2871.367915  -3.075663    0.000000     0.300000    
31250    2871.368435  -3.075743    0.000000     0.300000    
31250    2871.368948  -3.075846    0.000000     0.300000    
31250    2871.369468  -3.075932    0.000000     0.300000    
31250    2871.369980  -3.075987    0.000000     0.300000    
31250    2871.370491  -3.076009    0.000000     0.300000    
31250    2871.371017  -3.076078    0.000000     0.300000    
31250    2871.371538  -3.076164    0.000000     0.300000    
31250    2871.372078  -3.076275    0.000000     0.300000    
31250    2871.372567  -3.076293    0.000000     0.300000    
31250    2871.373045  -3.076394    0.000000     0.300000    
31250    2871.373533  -3.076529    0.000000     0.300000    
31250    2871.374015  -3.076632    0.000000     0.300000    
31250    2871.374494  -3.076703    0.000000     0.300000    
31250    2871.374973  -3.076763    0.000000     0.300000    
31250    2871.375460  -3.076873    0.000000     0.300000    
31250    2871.375944  -3.077015    0.000000     0.300000    
31250    2871.376435  -3.077132    0.000000     0.300000    
31250    2871.376915  -3.077175    0.000000     0.300000    
31250    2871.377422  -3.077246    0.000000     0.300000    
31250    2871.377938  -3.077277    0.000000     0.300000    
31250    2871.378456  -3.077314    0.000000     0.300000    
31250    2871.378974  -3.077395    0.000000     0.300000    
31250    2871.379486  -3.077456    0.000000     0.300000    
31250    2871.380002  -3.077486    0.000000     0.300000    
31250    2871.380519  -3.077543    0.000000     0.300000    
31250    2871.381039  -3.077658    0.000000     0.300000    
31250    2871.381562  -3.077722    0.000000     0.300000    
31250    2871.382068  -3.077789    0.000000     0.300000    
31250    2871.382582  -3.077846    0.000000     0.300000    
31250    2871.383097  -3.077927    0.000000     0.300000    
31250    2871.383620  -3.078010    0.000000     0.300000    
31250    2871.384136  -3.078092    0.000000     0.300000    
31250    2871.384665  -3.078198    0.000000     0.300000    
31250    2871.385174  -3.078249    0.000000     0.300000    
31250    2871.385689  -3.078261    0.000000     0.300000    
31250    2871.386210  -3.078384    0.000000     0.300000    
31250    2871.386732  -3.078467    0.000000     0.300000    
31250    2871.387263  -3.078540    0.000000     0.300000    
31250    2871.387784  -3.078676    0.000000     0.300000    
31250    2871.388311  -3.078836    0.000000     0.300000    
31250    2871.388833  -3.078926    0.000000     0.300000    
31250    2871.389453  -3.078982    0.000000     0.300000    
31250    2871.389977  -3.079010    0.000000     0.300000    
31250    2871.390518  -3.079088    0.000000     0.300000    
31250    2871.391044  -3.079130    0.000000     0.300000    
31250    2871.391569  -3.079206    0.000000     0.300000    
31250    2871.392092  -3.079331    0.000000     0.300000    
31250    2871.392594  -3.079458    0.000000     0.300000    
31250    2871.393077  -3.079509    0.000000     0.300000    
31250    2871.393562  -3.079573    0.000000     0.300000    
31250    2871.394048  -3.079703    0.000000     0.300000    
31250    2871.394545  -3.079885    0.000000     0.300000    
31250    2871.395034  -3.079977    0.000000     0.300000    
31250    2871.395528  -3.080000    0.000000     0.300000    
31250    2871.396016  -3.080039    0.000000     0.300000    
31250    2871.396511  -3.080129    0.000000     0.300000    
31250    2871.397003  -3.080204    0.000000     0.300000    
31250    2871.397520  -3.080302    0.000000     0.300000    
31250    2871.398037  -3.080364    0.000000     0.300000    
31250    2871.398561  -3.080509    0.000000     0.300000    
31250    2871.399084  -3.080563    0.000000     0.300000    
31250    2871.399641  -3.080672    0.000000     0.300000    
31250    2871.400175  -3.080819    0.000000     0.300000    
31250    2871.400707  -3.080886    0.000000     0.300000    
31250    2871.401226  -3.080928    0.000000     0.300000    
31250    2871.401746  -3.081024    0.000000     0.300000    
31250    2871.402330  -3.081143    0.000000     0.300000    
31250    2871.402852  -3.081186    0.000000     0.300000    
31250    2871.403385  -3.081235    0.000000     0.300000    
31250    2871.403918  -3.081407    0.000000     0.300000    
31250    2871.404438  -3.081483    0.000000     0.300000    
31250    2871.404962  -3.081546    0.000000     0.300000    
31250    2871.405478  -3.081664    0.000000     0.300000    
31250    2871.405994  -3.081756    0.000000     0.300000    
31250    2871.406504  -3.081849    0.000000     0.300000    
31250    2871.407018  -3.081886    0.000000     0.300000    
31250    2871.407540  -3.081957    0.000000     0.300000    
31250    2871.408052  -3.082074    0.000000     0.300000    
31250    2871.408577  -3.082172    0.000000     0.300000    
31250    2871.409089  -3.082223    0.000000     0.300000    
31250    2871.409601  -3.082321    0.000000     0.300000    
31250    2871.410107  -3.082359    0.000000     0.300000    
31250    2871.410629  -3.082452    0.000000     0.300000    
31250    2871.411144  -3.082512    0.000000     0.300000    
31250    2871.411658  -3.082628    0.000000     0.300000    
31250    2871.412175  -3.082696    0.000000     0.300000    
31250    2871.412700  -3.082852    0.000000     0.300000    
31250    2871.413212  -3.082927    0.000000     0.300000    
31250    2871.413724  -3.082990    0.000000     0.300000    
31250    2871.414277  -3.083155    0.000000     0.300000    
31250    2871.414807  -3.083204    0.000000     0.300000    
31250    2871.415335  -3.083296    0.000000     0.300000    
31250    2871.415852  -3.083376    0.000000     0.300000    
31250    2871.416372  -3.083470    0.000000     0.300000    
31250    2871.416890  -3.083552    0.000000     0.300000    
31250    2871.417400  -3.083650    0.000000     0.300000    
31250    2871.417884  -3.083773    0.000000     0.300000    
31250    2871.418353  -3.083779    0.000000     0.300000    
31250    2871.418838  -3.083862    0.000000     0.300000    
31250    2871.419360  -3.083941    0.000000     0.300000    
31250    2871.419847  -3.084078    0.000000     0.300000    
31250    2871.420336  -3.084146    0.000000     0.300000    
31250    2871.420821  -3.084292    0.000000     0.300000    
31250    2871.421300  -3.084372    0.000000     0.300000    
31250    2871.421793  -3.084513    0.000000     0.300000    
31250    2871.422338  -3.084580    0.000000     0.300000    
31250    2871.423997  -3.084651    0.000000     0.300000    
31250    2871.424488  -3.084690    0.000000     0.300000    
31250    2871.424983  -3.084787    0.000000     0.300000    
31250    2871.425466  -3.084821    0.000000     0.300000    
31250    2871.425955  -3.084925    0.000000     0.300000    
31250    2871.426447  -3.085035    0.000000     0.300000    
31250    2871.426938  -3.085159    0.000000     0.300000    
31250    2871.427432  -3.085237    0.000000     0.300000    
31250    2871.428010  -3.085380    0.000000     0.300000    
31250    2871.428515  -3.085490    0.000000     0.300000    
31250    2871.429013  -3.085525    0.000000     0.300000    
31250    2871.429517  -3.085604    0.000000     0.300000    
31250    2871.429994  -3.085671    0.000000     0.300000    
31250    2871.430505  -3.085714    0.000000     0.300000    
31250    2871.430984  -3.085759    0.000000     0.300000    
31250    2871.431470  -3.085801    0.000000     0.300000    
31250    2871.431947  -3.085967    0.000000     0.300000    
31250    2871.432440  -3.086059    0.000000     0.300000    
31250    2871.432948  -3.086256    0.000000     0.300000    
31250    2871.433455  -3.086338    0.000000     0.300000    
31250    2871.433980  -3.086404    0.000000     0.300000    
31250    2871.434558  -3.086462    0.000000     0.300000    
31250    2871.435047  -3.086528    0.000000     0.300000    
31250    2871.435534  -3.086607    0.000000     0.300000    
31250    2871.436086  -3.086737    0.000000     0.300000    
31250    2871.436596  -3.086784    0.000000     0.300000    
31250    2871.437091  -3.086893    0.000000     0.300000    
31250    2871.437578  -3.086968    0.000000     0.300000    
31250    2871.438063  -3.087049    0.000000     0.300000    
31250    2871.438549  -3.087082    0.000000     0.300000    
31250    2871.439041  -3.087168    0.000000     0.300000    
31250    2871.439527  -3.087262    0.000000     0.300000    
31250    2871.440001  -3.087306    0.000000     0.300000    
31250    2871.440482  -3.087341    0.000000     0.300000    
31250    2871.440967  -3.087421    0.000000     0.300000    
31250    2871.441454  -3.087495    0.000000     0.300000    
31250    2871.441938  -3.087655    0.000000     0.300000    
31250    2871.442422  -3.087747    0.000000     0.300000    
31250    2871.442905  -3.087828    0.000000     0.300000    
31250    2871.443391  -3.087925    0.000000     0.300000    
31250    2871.443873  -3.088030    0.000000     0.300000    
31250    2871.444366  -3.088093    0.000000     0.300000    
31250    2871.444857  -3.088244    0.000000     0.300000    
31250    2871.445351  -3.088340    0.000000     0.300000    
31250    2871.445841  -3.088458    0.000000     0.300000    
31250    2871.446328  -3.088504    0.000000     0.300000    
31250    2871.446811  -3.088611    0.000000     0.300000    
31250    2871.447309  -3.088700    0.000000     0.300000    
31250    2871.447802  -3.088758    0.000000     0.300000    
31250    2871.448277  -3.088782    0.000000     0.300000    
31250    2871.448830  -3.088901    0.000000     0.300000    
31250    2871.449329  -3.089091    0.000000     0.300000    
31250    2871.449814  -3.089185    0.000000     0.300000    
31250    2871.450296  -3.089302    0.000000     0.300000    
31250    2871.450786  -3.089389    0.000000     0.300000    
31250    2871.451269  -3.089442    0.000000     0.300000    
31250    2871.451759  -3.089489    0.000000     0.300000    
31250    2871.452251  -3.089539    0.000000     0.300000    
31250    2871.452773  -3.089612    0.000000     0.300000    
31250    2871.453463  -3.089755    0.000000     0.300000    
31250    2871.454000  -3.089780    0.000000     0.300000    
31250    2871.454547  -3.089903    0.000000     0.300000    
31250    2871.455082  -3.090032    0.000000     0.300000    
31250    2871.455609  -3.090089    0.000000     0.300000    
31250    2871.456135  -3.090176    0.000000     0.300000    
31250    2871.456659  -3.090254    0.000000     0.300000    
31250    2871.457195  -3.090338    0.000000     0.300000    
31250    2871.457667  -3.090357    0.000000     0.300000    
31250    2871.458146  -3.090424    0.000000     0.300000    
31250    2871.458649  -3.090659    0.000000     0.300000    
31250    2871.459138  -3.090755    0.000000     0.300000    
31250    2871.459618  -3.090839    0.000000     0.300000    
31250    2871.460105  -3.090911    0.000000     0.300000    
31250    2871.460580  -3.090978    0.000000     0.300000    
31250    2871.461072  -3.091019    0.000000     0.300000    
31250    2871.461674  -3.091126    0.000000     0.300000    
31250    2871.462183  -3.091207    0.000000     0.300000    
31250    2871.462671  -3.091269    0.000000     0.300000    
31250    2871.463153  -3.091341    0.000000     0.300000    
31250    2871.463676  -3.091422    0.000000     0.300000    
31250    2871.464189  -3.091486    0.000000     0.300000    
31250    2871.464688  -3.091535    0.000000     0.300000    
31250    2871.465178  -3.091581    0.000000     0.300000    
31250    2871.465669  -3.091676    0.000000     0.300000    
31250    2871.466159  -3.091746    0.000000     0.300000    
31250    2871.466639  -3.091830    0.000000     0.300000    
31250    2871.467135  -3.091949    0.000000     0.300000    
31250    2871.467668  -3.091980    0.000000     0.300000    
31250    2871.468190  -3.092069    0.000000     0.300000    
31250    2871.468710  -3.092157    0.000000     0.300000    
31250    2871.469232  -3.092241    0.000000     0.300000    
31250    2871.469752  -3.092360    0.000000     0.300000    
31250    2871.470273  -3.092401    0.000000     0.300000    
31250    2871.470797  -3.092600    0.000000     0.300000    
31250    2871.471324  -3.092725    0.000000     0.300000    
31250    2871.471836  -3.092755    0.000000     0.300000    
31250    2871.472344  -3.092902    0.000000     0.300000    
31250    2871.472834  -3.093005    0.000000     0.300000    
31250    2871.473318  -3.093103    0.000000     0.300000    
31250    2871.473803  -3.093194    0.000000     0.300000    
31250    2871.474285  -3.093229    0.000000     0.300000    
31250    2871.474829  -3.093308    0.000000     0.300000    
31250    2871.475320  -3.093386    0.000000     0.300000    
31250    2871.475816  -3.093405    0.000000     0.300000    
31250    2871.476304  -3.093479    0.000000     0.300000    
31250    2871.476788  -3.093563    0.000000     0.300000    
31250    2871.477289  -3.093671    0.000000     0.300000    
31250    2871.477778  -3.093740    0.000000     0.300000    
31250    2871.478266  -3.093794    0.000000     0.300000    
31250    2871.478751  -3.093861    0.000000     0.300000    
31250    2871.479234  -3.093947    0.000000     0.300000    
31250    2871.479715  -3.093973    0.000000     0.300000    
31250    2871.480198  -3.094029    0.000000     0.300000    
31250    2871.480679  -3.094057    0.000000     0.300000    
31250    2871.481167  -3.094123    0.000000     0.300000    
31250    2871.481656  -3.094266    0.000000     0.300000    
31250    2871.482135  -3.094329    0.000000     0.300000    
31250    2871.482622  -3.094482    0.000000     0.300000    
31250    2871.483113  -3.094633    0.000000     0.300000    
31250    2871.483598  -3.094714    0.000000     0.300000    
31250    2871.484089  -3.094877    0.000000     0.300000    
31250    2871.484578  -3.094957    0.000000     0.300000    
31250    2871.485057  -3.095084    0.000000     0.300000    
31250    2871.485540  -3.095137    0.000000     0.300000    
31250    2871.486020  -3.095168    0.000000     0.300000    
31250    2871.486514  -3.095378    0.000000     0.300000    
31250    2871.486998  -3.095431    0.000000     0.300000    
31250    2871.487541  -3.095450    0.000000     0.300000    
31250    2871.488027  -3.095520    0.000000     0.300000    
31250    2871.488514  -3.095606    0.000000     0.300000    
31250    2871.488990  -3.095626    0.000000     0.300000    
31250    2871.489463  -3.095659    0.000000     0.300000    
31250    2871.489953  -3.095805    0.000000     0.300000    
31250    2871.490436  -3.095901    0.000000     0.300000    
31250    2871.490921  -3.095977    0.000000     0.300000    
31250    2871.491403  -3.096038    0.000000     0.300000    
31250    2871.491884  -3.096088    0.000000     0.300000    
31250    2871.492347  -3.096102    0.000000     0.300000    
31250    2871.492825  -3.096217    0.000000     0.300000    
31250    2871.493303  -3.096282    0.000000     0.300000    
31250    2871.493784  -3.096380    0.000000     0.300000    
31250    2871.494268  -3.096469    0.000000     0.300000    
31250    2871.494747  -3.096555    0.000000     0.300000    
31250    2871.495227  -3.096595    0.000000     0.300000    
31250    2871.495703  -3.096621    0.000000     0.300000    
31250    2871.496179  -3.096773    0.000000     0.300000    
31250    2871.496655  -3.096879    0.000000     0.300000    
31250    2871.497131  -3.096948    0.000000     0.300000    
31250    2871.497653  -3.097105    0.000000     0.300000    
31250    2871.498174  -3.097203    0.000000     0.300000    
31250    2871.498691  -3.097320    0.000000     0.300000    
31250    2871.499203  -3.097355    0.000000     0.300000    
31250    2871.499719  -3.097455    0.000000     0.300000    
31250    2871.500225  -3.097497    0.000000     0.300000    
31250    2871.500743  -3.097645    0.000000     0.300000    
31250    2871.501252  -3.097684    0.000000     0.300000    
31250    2871.501755  -3.097729    0.000000     0.300000    
31250    2871.502271  -3.097775    0.000000     0.300000    
31250    2871.502784  -3.097881    0.000000     0.300000    
31250    2871.503306  -3.098055    0.000000     0.300000    
31250    2871.503823  -3.098134    0.000000     0.300000    
31250    2871.504339  -3.098198    0.000000     0.300000    
31250    2871.504855  -3.098337    0.000000     0.300000    
31250    2871.505417  -3.098396    0.000000     0.300000    
31250    2871.505939  -3.098497    0.000000     0.300000    
31250    2871.506447  -3.098553    0.000000     0.300000    
31250    2871.506948  -3.098574    0.000000     0.300000    
31250    2871.507472  -3.098638    0.000000     0.300000    
31250    2871.507974  -3.098673    0.000000     0.300000    
31250    2871.508476  -3.098690    0.000000     0.300000    
31250    2871.508992  -3.098798    0.000000     0.300000    
31250    2871.509504  -3.098935    0.000000     0.300000    
31250    2871.510007  -3.098938    0.000000     0.300000    
31250    2871.510516  -3.099056    0.000000     0.300000    
31250    2871.511027  -3.099133    0.000000     0.300000    
31250    2871.511539  -3.099205    0.000000     0.300000    
31250    2871.512057  -3.099314    0.000000     0.300000    
31250    2871.512574  -3.099434    0.000000     0.300000    
31250    2871.513085  -3.099513    0.000000     0.300000    
31250    2871.513599  -3.099639    0.000000     0.300000    
31250    2871.514113  -3.099752    0.000000     0.300000    
31250    2871.514628  -3.099813    0.000000     0.300000    
31250    2871.515138  -3.099909    0.000000     0.300000    
31250    2871.515645  -3.099939    0.000000     0.300000    
31250    2871.516160  -3.100089    0.000000     0.300000    
31250    2871.516676  -3.100190    0.000000     0.300000    
31250    2871.517185  -3.100278    0.000000     0.300000    
31250    2871.517695  -3.100382    0.000000     0.300000    
31250    2871.518207  -3.100458    0.000000     0.300000    
31250    2871.518724  -3.100572    0.000000     0.300000    
31250    2871.519240  -3.100696    0.000000     0.300000    
31250    2871.519757  -3.100774    0.000000     0.300000    
31250    2871.520275  -3.100883    0.000000     0.300000    
31250    2871.520779  -3.100943    0.000000     0.300000    
31250    2871.521286  -3.100994    0.000000     0.300000    
31250    2871.521807  -3.101090    0.000000     0.300000    
31250    2871.522415  -3.101173    0.000000     0.300000    
31250    2871.523042  -3.101187    0.000000     0.300000    
31250    2871.523597  -3.101216    0.000000     0.300000    
31250    2871.524150  -3.101350    0.000000     0.300000    
31250    2871.524706  -3.101403    0.000000     0.300000    
31250    2871.525257  -3.101447    0.000000     0.300000    
31250    2871.525819  -3.101527    0.000000     0.300000    
31250    2871.526371  -3.101579    0.000000     0.300000    
31250    2871.526927  -3.101670    0.000000     0.300000    
31250    2871.527447  -3.101744    0.000000     0.300000    
31250    2871.527963  -3.101790    0.000000     0.300000    
31250    2871.528448  -3.101853    0.000000     0.300000    
31250    2871.528930  -3.101903    0.000000     0.300000    
31250    2871.529411  -3.102054    0.000000     0.300000    
31250    2871.529896  -3.102217    0.000000     0.300000    
31250    2871.530371  -3.102250    0.000000     0.300000    
31250    2871.530845  -3.102303    0.000000     0.300000    
31250    2871.531320  -3.102350    0.000000     0.300000    
31250    2871.531801  -3.102441    0.000000     0.300000    
31250    2871.532296  -3.102549    0.000000     0.300000    
31250    2871.532811  -3.102621    0.000000     0.300000    
31250    2871.533312  -3.102638    0.000000     0.300000    
31250    2871.533817  -3.102686    0.000000     0.300000    
31250    2871.534319  -3.102699    0.000000     0.300000    
31250    2871.534838  -3.102809    0.000000     0.300000    
31250    2871.535348  -3.102846    0.000000     0.300000    
31250    2871.535936  -3.102972    0.000000     0.300000    
31250    2871.536468  -3.103044    0.000000     0.300000    
31250    2871.536999  -3.103082    0.000000     0.300000    
31250    2871.537515  -3.103119    0.000000     0.300000    
31250    2871.538048  -3.103148    0.000000     0.300000    
31250    2871.538589  -3.103268    0.000000     0.300000    
31250    2871.539117  -3.103421    0.000000     0.300000    
31250    2871.539636  -3.103498    0.000000     0.300000    
31250    2871.540151  -3.103575    0.000000     0.300000    
31250    2871.540669  -3.103642    0.000000     0.300000    
31250    2871.541200  -3.103679    0.000000     0.300000    
31250    2871.541716  -3.103710    0.000000     0.300000    
31250    2871.542241  -3.103792    0.000000     0.300000    
31250    2871.542726  -3.103860    0.000000     0.300000    
31250    2871.543203  -3.103899    0.000000     0.300000    
31250    2871.543695  -3.104010    0.000000     0.300000    
31250    2871.544181  -3.104085    0.000000     0.300000    
31250    2871.544678  -3.104155    0.000000     0.300000    
31250    2871.545153  -3.104204    0.000000     0.300000    
31250    2871.545639  -3.104288    0.000000     0.300000    
31250    2871.546137  -3.104436    0.000000     0.300000    
31250    2871.546622  -3.104544    0.000000     0.300000    
31250    2871.547110  -3.104604    0.000000     0.300000    
31250    2871.547596  -3.104687    0.000000     0.300000    
31250    2871.548092  -3.104772    0.000000     0.300000    
31250    2871.548589  -3.104823    0.000000     0.300000    
31250    2871.549079  -3.104917    0.000000     0.300000    
31250    2871.549572  -3.105002    0.000000     0.300000    
31250    2871.550060  -3.105109    0.000000     0.300000    
31250    2871.550543  -3.105190    0.000000     0.300000    
31250    2871.551019  -3.105253    0.000000     0.300000    
31250    2871.551501  -3.105306    0.000000     0.300000    
31250    2871.551982  -3.105382    0.000000     0.300000    
31250    2871.552481  -3.105417    0.000000     0.300000    
31250    2871.553005  -3.105550    0.000000     0.300000    
31250    2871.553526  -3.105604    0.000000     0.300000    
31250    2871.554044  -3.105622    0.000000     0.300000    
31250    2871.554569  -3.105681    0.000000     0.300000    
31250    2871.555096  -3.105767    0.000000     0.300000    
31250    2871.555611  -3.105812    0.000000     0.300000    
31250    2871.556134  -3.105924    0.000000     0.300000    
31250    2871.556658  -3.106030    0.000000     0.300000    
31250    2871.557173  -3.106107    0.000000     0.300000    
31250    2871.557651  -3.106163    0.000000     0.300000    
31250    2871.558130  -3.106241    0.000000     0.300000    
31250    2871.558606  -3.106338    0.000000     0.300000    
31250    2871.559081  -3.106378    0.000000     0.300000    
31250    2871.559566  -3.106522    0.000000     0.300000    
31250    2871.560050  -3.106647    0.000000     0.300000    
31250    2871.560523  -3.106677    0.000000     0.300000    
31250    2871.561005  -3.106738    0.000000     0.300000    
31250    2871.561487  -3.106866    0.000000     0.300000    
31250    2871.561962  -3.106959    0.000000     0.300000    
31250    2871.562479  -3.107055    0.000000     0.300000    
31250    2871.562991  -3.107125    0.000000     0.300000    
31250    2871.563510  -3.107179    0.000000     0.300000    
31250    2871.564028  -3.107248    0.000000     0.300000    
31250    2871.564555  -3.107322    0.000000     0.300000    
31250    2871.565073  -3.107440    0.000000     0.300000    
31250    2871.565592  -3.107551    0.000000     0.300000    
31250    2871.566116  -3.107647    0.000000     0.300000    
31250    2871.566643  -3.107706    0.000000     0.300000    
31250    2871.567161  -3.107761    0.000000     0.300000    
31250    2871.567674  -3.107784    0.000000     0.300000    
31250    2871.568194  -3.107863    0.000000     0.300000    
31250    2871.568712  -3.107919    0.000000     0.300000    
31250    2871.569225  -3.107999    0.000000     0.300000    
31250    2871.569741  -3.108036    0.000000     0.300000    
31250    2871.570271  -3.108146    0.000000     0.300000    
31250    2871.570797  -3.108232    0.000000     0.300000    
31250    2871.571313  -3.108265    0.000000     0.300000    
31250    2871.571831  -3.108284    0.000000     0.300000    
31250    2871.572338  -3.108356    0.000000     0.300000    
31250    2871.572819  -3.108401    0.000000     0.300000    
31250    2871.573307  -3.108493    0.000000     0.300000    
31250    2871.573798  -3.108591    0.000000     0.300000    
31250    2871.574282  -3.108648    0.000000     0.300000    
31250    2871.574778  -3.108709    0.000000     0.300000    
31250    2871.575259  -3.108767    0.000000     0.300000    
31250    2871.575747  -3.108821    0.000000     0.300000    
31250    2871.576222  -3.108840    0.000000     0.300000    
31250    2871.576711  -3.108992    0.000000     0.300000    
31250    2871.577198  -3.109109    0.000000     0.300000    
31250    2871.577739  -3.109149    0.000000     0.300000    
31250    2871.578230  -3.109245    0.000000     0.300000    
31250    2871.578704  -3.109301    0.000000     0.300000    
31250    2871.579183  -3.109351    0.000000     0.300000    
31250    2871.579660  -3.109423    0.000000     0.300000    
31250    2871.580133  -3.109438    0.000000     0.300000    
31250    2871.580660  -3.109570    0.000000     0.300000    
31250    2871.581135  -3.109611    0.000000     0.300000    
31250    2871.581619  -3.109749    0.000000     0.300000    
31250    2871.582104  -3.109838    0.000000     0.300000    
31250    2871.582582  -3.109990    0.000000     0.300000    
31250    2871.583053  -3.110096    0.000000     0.300000    
31250    2871.583523  -3.110157    0.000000     0.300000    
31250    2871.583994  -3.110210    0.000000     0.300000    
31250    2871.584468  -3.110382    0.000000     0.300000    
31250    2871.584947  -3.110466    0.000000     0.300000    
31250    2871.585420  -3.110526    0.000000     0.300000    
31250    2871.585891  -3.110596    0.000000     0.300000    
31250    2871.586363  -3.110612    0.000000     0.300000    
31250    2871.586836  -3.110662    0.000000     0.300000    
31250    2871.587319  -3.110713    0.000000     0.300000    
31250    2871.587834  -3.110788    0.000000     0.300000    
31250    2871.588343  -3.110888    0.000000     0.300000    
31250    2871.588858  -3.110982    0.000000     0.300000    
31250    2871.589373  -3.111045    0.000000     0.300000    
31250    2871.589892  -3.111176    0.000000     0.300000    
31250    2871.590395  -3.111183    0.000000     0.300000    
31250    2871.590906  -3.111261    0.000000     0.300000    
31250    2871.591454  -3.111309    0.000000     0.300000    
31250    2871.591996  -3.111330    0.000000     0.300000    
31250    2871.592482  -3.111355    0.000000     0.300000    
31250    2871.592979  -3.111491    0.000000     0.300000    
31250    2871.593460  -3.111545    0.000000     0.300000    
31250    2871.593949  -3.111694    0.000000     0.300000    
31250    2871.594509  -3.111770    0.000000     0.300000    
31250    2871.595014  -3.111867    0.000000     0.300000    
31250    2871.595499  -3.111944    0.000000     0.300000    
31250    2871.595986  -3.112067    0.000000     0.300000    
31250    2871.596459  -3.112103    0.000000     0.300000    
31250    2871.596941  -3.112237    0.000000     0.300000    
31250    2871.597434  -3.112345    0.000000     0.300000    
31250    2871.597909  -3.112447    0.000000     0.300000    
31250    2871.598396  -3.112500    0.000000     0.300000    
31250    2871.598874  -3.112559    0.000000     0.300000    
31250    2871.599379  -3.112609    0.000000     0.300000    
31250    2871.599848  -3.112676    0.000000     0.300000    
31250    2871.600327  -3.112789    0.000000     0.300000    
31250    2871.600807  -3.112861    0.000000     0.300000    
31250    2871.601286  -3.112928    0.000000     0.300000    
31250    2871.601764  -3.113022    0.000000     0.300000    
31250    2871.602265  -3.113093    0.000000     0.300000    
31250    2871.602744  -3.113231    0.000000     0.300000    
31250    2871.603219  -3.113269    0.000000     0.300000    
31250    2871.603702  -3.113382    0.000000     0.300000    
31250    2871.604181  -3.113447    0.000000     0.300000    
31250    2871.604658  -3.113485    0.000000     0.300000    
31250    2871.605142  -3.113520    0.000000     0.300000    
31250    2871.605618  -3.113570    0.000000     0.300000    
31250    2871.606096  -3.113633    0.000000     0.300000    
31250    2871.606579  -3.113680    0.000000     0.300000    
31250    2871.607059  -3.113732    0.000000     0.300000    
31250    2871.607543  -3.113812    0.000000     0.300000    
31250    2871.608016  -3.113877    0.000000     0.300000    
31250    2871.608503  -3.113927    0.000000     0.300000    
31250    2871.608979  -3.113963    0.000000     0.300000    
31250    2871.609441  -3.114010    0.000000     0.300000    
31250    2871.609909  -3.114053    0.000000     0.300000    
31250    2871.610377  -3.114092    0.000000     0.300000    
31250    2871.610848  -3.114103    0.000000     0.300000    
31250    2871.611378  -3.114128    0.000000     0.300000    
31250    2871.611954  -3.114272    0.000000     0.300000    
31250    2871.612447  -3.114316    0.000000     0.300000    
31250    2871.612932  -3.114362    0.000000     0.300000    
31250    2871.613420  -3.114471    0.000000     0.300000    
31250    2871.613923  -3.114618    0.000000     0.300000    
31250    2871.614449  -3.114676    0.000000     0.300000    
31250    2871.614940  -3.114741    0.000000     0.300000    
31250    2871.615419  -3.114821    0.000000     0.300000    
31250    2871.615904  -3.114873    0.000000     0.300000    
31250    2871.616390  -3.114964    0.000000     0.300000    
31250    2871.616872  -3.115065    0.000000     0.300000    
31250    2871.617364  -3.115194    0.000000     0.300000    
31250    2871.617843  -3.115283    0.000000     0.300000    
31250    2871.618325  -3.115371    0.000000     0.300000    
31250    2871.618811  -3.115469    0.000000     0.300000    
31250    2871.619285  -3.115515    0.000000     0.300000    
31250    2871.619765  -3.115545    0.000000     0.300000    
31250    2871.620249  -3.115636    0.000000     0.300000    
31250    2871.620731  -3.115692    0.000000     0.300000    
31250    2871.621222  -3.115796    0.000000     0.300000    
31250    2871.621699  -3.115837    0.000000     0.300000    
31250    2871.622250  -3.115903    0.000000     0.300000    
31250    2871.622732  -3.115961    0.000000     0.300000    
31250    2871.623214  -3.116005    0.000000     0.300000    
31250    2871.623702  -3.116066    0.000000     0.300000    
31250    2871.624182  -3.116125    0.000000     0.300000    
31250    2871.624670  -3.116193    0.000000     0.300000    
31250    2871.625137  -3.116221    0.000000     0.300000    
31250    2871.625618  -3.116291    0.000000     0.300000    
31250    2871.626092  -3.116383    0.000000     0.300000    
31250    2871.626577  -3.116471    0.000000     0.300000    
31250    2871.627134  -3.116512    0.000000     0.300000    
31250    2871.627632  -3.116592    0.000000     0.300000    
31250    2871.628124  -3.116627    0.000000     0.300000    
31250    2871.628596  -3.116642    0.000000     0.300000    
31250    2871.629071  -3.116678    0.000000     0.300000    
31250    2871.629550  -3.116776    0.000000     0.300000    
31250    2871.630022  -3.116832    0.000000     0.300000    
31250    2871.630498  -3.116894    0.000000     0.300000    
31250    2871.630992  -3.116908    0.000000     0.300000    
31250    2871.631465  -3.116924    0.000000     0.300000    
31250    2871.631930  -3.116936    0.000000     0.300000    
31250    2871.632420  -3.117034    0.000000     0.300000    
31250    2871.632928  -3.117135    0.000000     0.300000    
31250    2871.633429  -3.117181    0.000000     0.300000    
31250    2871.633927  -3.117231    0.000000     0.300000    
31250    2871.634395  -3.117268    0.000000     0.300000    
31250    2871.634860  -3.117338    0.000000     0.300000    
31250    2871.635332  -3.117391    0.000000     0.300000    
31250    2871.635812  -3.117441    0.000000     0.300000    
31250    2871.636287  -3.117509    0.000000     0.300000    
31250    2871.636764  -3.117626    0.000000     0.300000    
31250    2871.637250  -3.117664    0.000000     0.300000    
31250    2871.637730  -3.117778    0.000000     0.300000    
31250    2871.638213  -3.117985    0.000000     0.300000    
31250    2871.638691  -3.118043    0.000000     0.300000    
31250    2871.639187  -3.118168    0.000000     0.300000    
31250    2871.639662  -3.118237    0.000000     0.300000    
31250    2871.640143  -3.118320    0.000000     0.300000    
31250    2871.640687  -3.118400    0.000000     0.300000    
31250    2871.641194  -3.118444    0.000000     0.300000    
31250    2871.641670  -3.118505    0.000000     0.300000    
31250    2871.642160  -3.118564    0.000000     0.300000    
31250    2871.642640  -3.118596    0.000000     0.300000    
31250    2871.643117  -3.118675    0.000000     0.300000    
31250    2871.643592  -3.118703    0.000000     0.300000    
31250    2871.644063  -3.118767    0.000000     0.300000    
31250    2871.644537  -3.118782    0.000000     0.300000    
31250    2871.645014  -3.118848    0.000000     0.300000    
31250    2871.645493  -3.118918    0.000000     0.300000    
31250    2871.645969  -3.118959    0.000000     0.300000    
31250    2871.646438  -3.119040    0.000000     0.300000    
31250    2871.646909  -3.119081    0.000000     0.300000    
31250    2871.647406  -3.119104    0.000000     0.300000    
31250    2871.647918  -3.119145    0.000000     0.300000    
31250    2871.648430  -3.119181    0.000000     0.300000    
31250    2871.648944  -3.119214    0.000000     0.300000    
31250    2871.649455  -3.119314    0.000000     0.300000    
31250    2871.649965  -3.119444    0.000000     0.300000    
31250    2871.650480  -3.119557    0.000000     0.300000    
31250    2871.651001  -3.119575    0.000000     0.300000    
31250    2871.651519  -3.119709    0.000000     0.300000    
31250    2871.652024  -3.119766    0.000000     0.300000    
31250    2871.652591  -3.119832    0.000000     0.300000    
31250    2871.653111  -3.119864    0.000000     0.300000    
31250    2871.653628  -3.119906    0.000000     0.300000    
31250    2871.654135  -3.119936    0.000000     0.300000    
31250    2871.654651  -3.119958    0.000000     0.300000    
31250    2871.655152  -3.119976    0.000000     0.300000    
31250    2871.655666  -3.120010    0.000000     0.300000    
31250    2871.656191  -3.120094    0.000000     0.300000    
31250    2871.656706  -3.120205    0.000000     0.300000    
31250    2871.657223  -3.120263    0.000000     0.300000    
31250    2871.657705  -3.120382    0.000000     0.300000    
31250    2871.658171  -3.120386    0.000000     0.300000    
31250    2871.658646  -3.120464    0.000000     0.300000    
31250    2871.659115  -3.120482    0.000000     0.300000    
31250    2871.659590  -3.120543    0.000000     0.300000    
31250    2871.660071  -3.120638    0.000000     0.300000    
31250    2871.660545  -3.120675    0.000000     0.300000    
31250    2871.661026  -3.120751    0.000000     0.300000    
31250    2871.661504  -3.120804    0.000000     0.300000    
31250    2871.661983  -3.120871    0.000000     0.300000    
31250    2871.662466  -3.120936    0.000000     0.300000    
31250    2871.662949  -3.121085    0.000000     0.300000    
31250    2871.663419  -3.121133    0.000000     0.300000    
31250    2871.663908  -3.121184    0.000000     0.300000    
31250    2871.664391  -3.121224    0.000000     0.300000    
31250    2871.664869  -3.121249    0.000000     0.300000    
31250    2871.665338  -3.121267    0.000000     0.300000    
31250    2871.665807  -3.121275    0.000000     0.300000    
31250    2871.666305  -3.121330    0.000000     0.300000    
31250    2871.666788  -3.121378    0.000000     0.300000    
31250    2871.667288  -3.121466    0.000000     0.300000    
31250    2871.667804  -3.121580    0.000000     0.300000    
31250    2871.668284  -3.121651    0.000000     0.300000    
31250    2871.668756  -3.121667    0.000000     0.300000    
31250    2871.669239  -3.121716    0.000000     0.300000    
31250    2871.669720  -3.121802    0.000000     0.300000    
31250    2871.670200  -3.121875    0.000000     0.300000    
31250    2871.670682  -3.121943    0.000000     0.300000    
31250    2871.671152  -3.122029    0.000000     0.300000    
31250    2871.671634  -3.122114    0.000000     0.300000    
31250    2871.672109  -3.122182    0.000000     0.300000    
31250    2871.672655  -3.122235    0.000000     0.300000    
31250    2871.673141  -3.122300    0.000000     0.300000    
31250    2871.673627  -3.122400    0.000000     0.300000    
31250    2871.674100  -3.122458    0.000000     0.300000    
31250    2871.674583  -3.122521    0.000000     0.300000    
31250    2871.675057  -3.122577    0.000000     0.300000    
31250    2871.675530  -3.122638    0.000000     0.300000    
31250    2871.676008  -3.122720    0.000000     0.300000    
31250    2871.676478  -3.122746    0.000000     0.300000    
31250    2871.676949  -3.122804    0.000000     0.300000    
31250    2871.677429  -3.122837    0.000000     0.300000    
31250    2871.677913  -3.122921    0.000000     0.300000    
31250    2871.678407  -3.122952    0.000000     0.300000    
31250    2871.678877  -3.122964    0.000000     0.300000    
31250    2871.679375  -3.123021    0.000000     0.300000    
31250    2871.679846  -3.123064    0.000000     0.300000    
31250    2871.680329  -3.123162    0.000000     0.300000    
31250    2871.680826  -3.123248    0.000000     0.300000    
31250    2871.681305  -3.123327    0.000000     0.300000    
31250    2871.681779  -3.123381    0.000000     0.300000    
31250    2871.682264  -3.123466    0.000000     0.300000    
31250    2871.682751  -3.123528    0.000000     0.300000    
31250    2871.683228  -3.123639    0.000000     0.300000    
31250    2871.683708  -3.123734    0.000000     0.300000    
31250    2871.684186  -3.123795    0.000000     0.300000    
31250    2871.684667  -3.123839    0.000000     0.300000    
31250    2871.685137  -3.123895    0.000000     0.300000    
31250    2871.685617  -3.123921    0.000000     0.300000    
31250    2871.686097  -3.123999    0.000000     0.300000    
31250    2871.686565  -3.124008    0.000000     0.300000    
31250    2871.687043  -3.124116    0.000000     0.300000    
31250    2871.687517  -3.124197    0.000000     0.300000    
31250    2871.687985  -3.124216    0.000000     0.300000    
31250    2871.688455  -3.124243    0.000000     0.300000    
31250    2871.689027  -3.124302    0.000000     0.300000    
31250    2871.689513  -3.124362    0.000000     0.300000    
31250    2871.689989  -3.124444    0.000000     0.300000    
31250    2871.690467  -3.124561    0.000000     0.300000    
31250    2871.690950  -3.124609    0.000000     0.300000    
31250    2871.691427  -3.124704    0.000000     0.300000    
31250    2871.691912  -3.124817    0.000000     0.300000    
31250    2871.692383  -3.124841    0.000000     0.300000    
31250    2871.692853  -3.124889    0.000000     0.300000    
31250    2871.693325  -3.124924    0.000000     0.300000    
31250    2871.693796  -3.125020    0.000000     0.300000    
31250    2871.694263  -3.125048    0.000000     0.300000    
31250    2871.694736  -3.125079    0.000000     0.300000    
31250    2871.695212  -3.125157    0.000000     0.300000    
31250    2871.695694  -3.125270    0.000000     0.300000    
31250    2871.696170  -3.125329    0.000000     0.300000    
31250    2871.696655  -3.125414    0.000000     0.300000    
31250    2871.697132  -3.125454    0.000000     0.300000    
31250    2871.697640  -3.125571    0.000000     0.300000    
31250    2871.698155  -3.125660    0.000000     0.300000    
31250    2871.698672  -3.125734    0.000000     0.300000    
31250    2871.699184  -3.125800    0.000000     0.300000    
31250    2871.699679  -3.125808    0.000000     0.300000    
31250    2871.700190  -3.125873    0.000000     0.300000    
31250    2871.700701  -3.125905    0.000000     0.300000    
31250    2871.701220  -3.125987    0.000000     0.300000    
31250    2871.701732  -3.126006    0.000000     0.300000    
31250    2871.702250  -3.126037    0.000000     0.300000    
31250    2871.702736  -3.126134    0.000000     0.300000    
31250    2871.703211  -3.126173    0.000000     0.300000    
31250    2871.703674  -3.126173    0.000000     0.300000    
31250    2871.704154  -3.126260    0.000000     0.300000    
31250    2871.704634  -3.126285    0.000000     0.300000    
31250    2871.705104  -3.126288    0.000000     0.300000    
31250    2871.705583  -3.126314    0.000000     0.300000    
31250    2871.706101  -3.126346    0.000000     0.300000    
31250    2871.706603  -3.126396    0.000000     0.300000    
31250    2871.707092  -3.126475    0.000000     0.300000    
31250    2871.707565  -3.126580    0.000000     0.300000    
31250    2871.708114  -3.126624    0.000000     0.300000    
