# Energy vs Function Calls Data
# Columns: Step, Total_Energy_Calls, U_max
# Generated on: 2025-06-13 22:30:41
#
0        20000        21.605352   
0        20000        21.605352   
0        20010        21.585014   
0        20020        21.571270   
0        20030        21.559023   
0        20040        21.547617   
0        20050        21.531353   
0        20060        21.517715   
0        20070        21.502441   
0        20080        21.489481   
0        20090        21.478724   
0        20100        21.468311   
0        20110        21.457136   
0        20120        21.437386   
0        20130        21.425417   
0        20140        21.415625   
0        20150        21.399460   
0        20160        21.380913   
0        20170        21.358566   
0        20180        21.348789   
0        20190        21.332218   
0        20200        21.323051   
0        20210        21.309015   
0        20220        21.289951   
0        20230        21.280472   
0        20240        21.263741   
0        20250        21.247490   
0        20260        21.237206   
0        20270        21.225203   
0        20280        21.211472   
0        20290        21.197981   
0        20300        21.182674   
0        20310        21.170662   
0        20320        21.157555   
0        20330        21.143976   
0        20340        21.132471   
0        20350        21.124462   
0        20360        21.107849   
0        20370        21.098986   
0        20380        21.080036   
0        20390        21.071022   
0        20400        21.056007   
0        20410        21.047825   
0        20420        21.038322   
0        20430        21.022602   
0        20440        21.010883   
0        20450        21.000420   
0        20460        20.987471   
0        20470        20.972118   
0        20480        20.954687   
0        20490        20.938374   
0        20500        20.925707   
0        20510        20.910294   
0        20520        20.898462   
0        20530        20.882221   
0        20540        20.874302   
0        20550        20.866257   
0        20560        20.851292   
0        20570        20.841576   
0        20580        20.829845   
0        20590        20.814724   
0        20600        20.799664   
0        20610        20.784224   
0        20620        20.767088   
0        20630        20.758421   
0        20640        20.747734   
0        20650        20.728878   
0        20660        20.716225   
0        20670        20.703510   
0        20680        20.684069   
0        20690        20.673176   
0        20700        20.646582   
0        20710        20.635979   
0        20720        20.626987   
0        20730        20.609837   
0        20740        20.597061   
0        20750        20.580500   
0        20760        20.571087   
0        20770        20.553276   
0        20780        20.535048   
0        20790        20.518402   
0        20800        20.507883   
0        20810        20.499249   
0        20820        20.489695   
0        20830        20.476778   
0        20840        20.461971   
0        20850        20.456482   
0        20860        20.445873   
0        20870        20.439577   
0        20880        20.423763   
0        20890        20.411833   
0        20900        20.397673   
0        20910        20.385883   
0        20920        20.367695   
0        20930        20.346294   
0        20940        20.333288   
0        20950        20.321192   
0        20960        20.310204   
0        20970        20.296249   
0        20980        20.280560   
0        20990        20.270153   
0        21000        20.256695   
0        21010        20.250416   
0        21020        20.231819   
0        21030        20.217173   
0        21040        20.206474   
0        21050        20.187801   
0        21060        20.167549   
0        21070        20.158760   
0        21080        20.143433   
0        21090        20.126068   
0        21100        20.112665   
0        21110        20.093847   
0        21120        20.078022   
0        21130        20.063442   
0        21140        20.053967   
0        21150        20.029221   
0        21160        20.015749   
0        21170        20.003872   
0        21180        19.996262   
0        21190        19.983585   
0        21200        19.968693   
0        21210        19.961021   
0        21220        19.946728   
0        21230        19.931229   
0        21240        19.916895   
0        21250        19.892864   
0        21260        19.871201   
0        21270        19.863853   
0        21280        19.852627   
0        21290        19.837011   
0        21300        19.817881   
0        21310        19.806252   
0        21320        19.789650   
0        21330        19.785257   
0        21340        19.771755   
0        21350        19.753218   
0        21360        19.743807   
0        21370        19.736376   
0        21380        19.725967   
0        21390        19.717096   
0        21400        19.709919   
0        21410        19.695724   
0        21420        19.683796   
0        21430        19.669699   
0        21440        19.655128   
0        21450        19.644146   
0        21460        19.634813   
0        21470        19.620935   
0        21480        19.604044   
0        21490        19.587555   
0        21500        19.573017   
0        21510        19.556576   
0        21520        19.533669   
0        21530        19.519592   
0        21540        19.509884   
0        21550        19.499329   
0        21560        19.483299   
0        21570        19.474060   
0        21580        19.453701   
0        21590        19.436129   
0        21600        19.428703   
0        21610        19.415434   
0        21620        19.404287   
0        21630        19.384327   
0        21640        19.376259   
0        21650        19.357233   
0        21660        19.351473   
0        21670        19.340614   
0        21680        19.304985   
0        21690        19.292006   
0        21700        19.268026   
0        21710        19.248156   
0        21720        19.233768   
0        21730        19.217266   
0        21740        19.210669   
0        21750        19.191868   
0        21760        19.180994   
0        21770        19.167830   
0        21780        19.148670   
0        21790        19.144505   
0        21800        19.131989   
0        21810        19.112963   
0        21820        19.104542   
0        21830        19.088894   
0        21840        19.074869   
0        21850        19.062685   
0        21860        19.053308   
0        21870        19.035294   
0        21880        19.015282   
0        21890        19.007427   
0        21900        18.996672   
0        21910        18.985519   
0        21920        18.969654   
0        21930        18.957596   
0        21940        18.938408   
0        21950        18.924515   
0        21960        18.907507   
0        21970        18.893278   
0        21980        18.887241   
0        21990        18.879173   
0        22000        18.871502   
0        22010        18.855627   
0        22020        18.841980   
0        22030        18.824814   
0        22040        18.817122   
0        22050        18.811134   
0        22060        18.803118   
0        22070        18.789616   
0        22080        18.779255   
0        22090        18.766195   
0        22100        18.754395   
0        22110        18.744869   
0        22120        18.737129   
0        22130        18.728329   
0        22140        18.720835   
0        22150        18.709538   
0        22160        18.690937   
0        22170        18.677921   
0        22180        18.666889   
0        22190        18.650543   
0        22200        18.635580   
0        22210        18.624348   
0        22220        18.609325   
0        22230        18.595066   
0        22240        18.581697   
0        22250        18.564857   
0        22260        18.555376   
0        22270        18.541842   
0        22280        18.524714   
0        22290        18.512012   
0        22300        18.503654   
0        22310        18.477604   
0        22320        18.464466   
0        22330        18.457081   
0        22340        18.446882   
0        22350        18.437548   
0        22360        18.424679   
0        22370        18.408817   
0        22380        18.399530   
0        22390        18.375128   
0        22400        18.369261   
0        22410        18.355598   
0        22420        18.343586   
0        22430        18.331932   
0        22440        18.314512   
0        22450        18.305752   
0        22460        18.288830   
0        22470        18.282280   
0        22480        18.276606   
0        22490        18.266605   
0        22500        18.254368   
0        22510        18.233095   
0        22520        18.227154   
0        22530        18.216391   
0        22540        18.209618   
0        22550        18.192200   
0        22560        18.180317   
0        22570        18.174011   
0        22580        18.168659   
0        22590        18.150072   
0        22600        18.134489   
0        22610        18.117800   
0        22620        18.107780   
0        22630        18.095325   
0        22640        18.071520   
0        22650        18.054756   
0        22660        18.046463   
0        22670        18.037712   
0        22680        18.015617   
0        22690        18.002449   
0        22700        17.992086   
0        22710        17.980698   
0        22720        17.968727   
0        22730        17.953669   
0        22740        17.942320   
0        22750        17.930996   
0        22760        17.913864   
0        22770        17.904871   
0        22780        17.891996   
0        22790        17.877846   
0        22800        17.861441   
0        22810        17.847818   
0        22820        17.835003   
0        22830        17.813564   
0        22840        17.806255   
0        22850        17.794724   
0        22860        17.788120   
0        22870        17.776125   
0        22880        17.762009   
0        22890        17.746799   
0        22900        17.737305   
0        22910        17.722889   
0        22920        17.715092   
0        22930        17.688116   
0        22940        17.674652   
0        22950        17.658443   
0        22960        17.638700   
0        22970        17.625397   
0        22980        17.617996   
0        22990        17.599640   
0        23000        17.589039   
0        23010        17.568695   
0        23020        17.557539   
0        23030        17.545176   
0        23040        17.528076   
0        23050        17.513599   
0        23060        17.503666   
0        23070        17.494740   
0        23080        17.484064   
0        23090        17.468473   
0        23100        17.461128   
0        23110        17.449417   
0        23120        17.429119   
0        23130        17.420580   
0        23140        17.412613   
0        23150        17.395472   
0        23160        17.391571   
0        23170        17.374859   
0        23180        17.361841   
0        23190        17.358416   
0        23200        17.343273   
0        23210        17.330591   
0        23220        17.315363   
0        23230        17.300770   
0        23240        17.289532   
0        23250        17.277817   
0        23260        17.264011   
0        23270        17.259760   
0        23280        17.248917   
0        23290        17.242804   
0        23300        17.221222   
0        23310        17.211004   
0        23320        17.201904   
0        23330        17.197479   
0        23340        17.188505   
0        23350        17.179087   
0        23360        17.170811   
0        23370        17.163158   
0        23380        17.151464   
0        23390        17.135725   
0        23400        17.126526   
0        23410        17.111408   
0        23420        17.099762   
0        23430        17.096024   
0        23440        17.076157   
0        23450        17.069218   
0        23460        17.060150   
0        23470        17.043411   
0        23480        17.034481   
0        23490        17.030869   
0        23500        17.020214   
0        23510        17.007664   
0        23520        16.998960   
0        23530        16.989159   
0        23540        16.981739   
0        23550        16.965372   
0        23560        16.953617   
0        23570        16.940948   
0        23580        16.930113   
0        23590        16.922773   
0        23600        16.912952   
0        23610        16.904575   
0        23620        16.896992   
0        23630        16.885483   
0        23640        16.864796   
0        23650        16.853205   
0        23660        16.848112   
0        23670        16.838982   
0        23680        16.829187   
0        23690        16.824753   
0        23700        16.813778   
0        23710        16.799761   
0        23720        16.793715   
0        23730        16.787210   
0        23740        16.776947   
0        23750        16.761974   
0        23760        16.753845   
0        23770        16.746544   
0        23780        16.733387   
0        23790        16.718777   
0        23800        16.711792   
0        23810        16.703945   
0        23820        16.694481   
0        23830        16.683907   
0        23840        16.680614   
0        23850        16.670834   
0        23860        16.660322   
0        23870        16.649567   
0        23880        16.637060   
0        23890        16.621315   
0        23900        16.611248   
0        23910        16.604090   
0        23920        16.591988   
0        23930        16.581621   
0        23940        16.573595   
0        23950        16.565136   
0        23960        16.554718   
0        23970        16.548737   
0        23980        16.539558   
0        23990        16.528053   
0        24000        16.517538   
0        24010        16.508274   
0        24020        16.500336   
0        24030        16.491627   
0        24040        16.480091   
0        24050        16.466351   
0        24060        16.455383   
0        24070        16.443588   
0        24080        16.433929   
0        24090        16.424179   
0        24100        16.409954   
0        24110        16.402161   
0        24120        16.384838   
0        24130        16.371853   
0        24140        16.364281   
0        24150        16.354654   
0        24160        16.341877   
0        24170        16.329937   
0        24180        16.322159   
0        24190        16.310762   
0        24200        16.296764   
0        24210        16.285408   
0        24220        16.277565   
0        24230        16.265682   
0        24240        16.261637   
0        24250        16.248634   
0        24260        16.240814   
0        24270        16.229366   
0        24280        16.221228   
0        24290        16.208168   
0        24300        16.196579   
0        24310        16.193247   
0        24320        16.182165   
0        24330        16.178118   
0        24340        16.161385   
0        24350        16.138294   
0        24360        16.125275   
0        24370        16.113968   
0        24380        16.104389   
0        24390        16.093082   
0        24400        16.089420   
0        24410        16.081928   
0        24420        16.075203   
0        24430        16.069942   
0        24440        16.059841   
0        24450        16.052868   
0        24460        16.041174   
0        24470        16.038595   
0        24480        16.032536   
0        24490        16.016802   
0        24500        15.999493   
0        24510        15.984549   
0        24520        15.976673   
0        24530        15.971209   
0        24540        15.946819   
0        24550        15.939402   
0        24560        15.921915   
0        24570        15.913070   
0        24580        15.906841   
0        24590        15.898094   
0        24600        15.891801   
0        24610        15.881553   
0        24620        15.871180   
0        24630        15.859305   
0        24640        15.853769   
0        24650        15.845329   
0        24660        15.836414   
0        24670        15.814988   
0        24680        15.794870   
0        24690        15.777097   
0        24700        15.762980   
0        24710        15.752155   
0        24720        15.748532   
0        24730        15.738564   
0        24740        15.732489   
0        24750        15.721594   
0        24760        15.709135   
0        24770        15.702440   
0        24780        15.693609   
0        24790        15.676182   
0        24800        15.664991   
0        24810        15.651625   
0        24820        15.641650   
0        24830        15.633485   
0        24840        15.617309   
0        24850        15.611484   
0        24860        15.599925   
0        24870        15.592724   
0        24880        15.585540   
0        24890        15.579023   
0        24900        15.575366   
0        24910        15.567945   
0        24920        15.559647   
0        24930        15.556372   
0        24940        15.551807   
0        24950        15.542568   
0        24960        15.531930   
0        24970        15.518987   
0        24980        15.509946   
0        24990        15.500196   
0        25000        15.483936   
0        25010        15.477187   
0        25020        15.469404   
0        25030        15.455392   
0        25040        15.444543   
0        25050        15.432781   
0        25060        15.420319   
0        25070        15.410669   
0        25080        15.398771   
0        25090        15.389984   
0        25100        15.382298   
0        25110        15.373263   
0        25120        15.358515   
0        25130        15.342346   
0        25140        15.338581   
0        25150        15.331285   
0        25160        15.320055   
0        25170        15.305710   
0        25180        15.297735   
0        25190        15.287840   
0        25200        15.281954   
0        25210        15.274209   
0        25220        15.263022   
0        25230        15.255784   
0        25240        15.250280   
0        25250        15.244177   
0        25260        15.237628   
0        25270        15.226175   
0        25280        15.214680   
0        25290        15.204552   
0        25300        15.195871   
0        25310        15.185884   
0        25320        15.176494   
0        25330        15.169370   
0        25340        15.156595   
0        25350        15.147059   
0        25360        15.131970   
0        25370        15.122288   
0        25380        15.112192   
0        25390        15.102777   
0        25400        15.089759   
0        25410        15.083242   
0        25420        15.075438   
0        25430        15.066103   
0        25440        15.056820   
0        25450        15.051935   
0        25460        15.046483   
0        25470        15.034618   
0        25480        15.025660   
0        25490        15.020090   
0        25500        15.012365   
0        25510        15.004603   
0        25520        14.990047   
0        25530        14.978874   
0        25540        14.967487   
0        25550        14.962403   
0        25560        14.948115   
0        25570        14.937693   
0        25580        14.925251   
0        25590        14.922698   
0        25600        14.916143   
0        25610        14.908559   
0        25620        14.897959   
0        25630        14.890606   
0        25640        14.883536   
0        25650        14.862997   
0        25660        14.853144   
0        25670        14.837893   
0        25680        14.832170   
0        25690        14.826905   
0        25700        14.817028   
0        25710        14.804379   
0        25720        14.796457   
0        25730        14.784488   
0        25740        14.773033   
0        25750        14.765190   
0        25760        14.750757   
0        25770        14.743026   
0        25780        14.734308   
0        25790        14.722784   
0        25800        14.713634   
0        25810        14.701256   
0        25820        14.686006   
0        25830        14.678335   
0        25840        14.671585   
0        25850        14.659189   
0        25860        14.646355   
0        25870        14.632213   
0        25880        14.624585   
0        25890        14.621378   
0        25900        14.615493   
0        25910        14.606644   
0        25920        14.598083   
0        25930        14.581110   
0        25940        14.573475   
0        25950        14.565744   
0        25960        14.559160   
0        25970        14.551191   
0        25980        14.547031   
0        25990        14.535700   
0        26000        14.529396   
0        26010        14.520229   
0        26020        14.507784   
0        26030        14.496613   
0        26040        14.490117   
0        26050        14.478925   
0        26060        14.473238   
0        26070        14.460545   
0        26080        14.447599   
0        26090        14.433852   
0        26100        14.428982   
0        26110        14.416926   
0        26120        14.408218   
0        26130        14.404538   
0        26140        14.400291   
0        26150        14.387257   
0        26160        14.379841   
0        26170        14.368078   
0        26180        14.359653   
0        26190        14.348064   
0        26200        14.336812   
0        26210        14.329691   
0        26220        14.321451   
0        26230        14.311844   
0        26240        14.302025   
0        26250        14.290924   
0        26260        14.283814   
0        26270        14.279516   
0        26280        14.276295   
0        26290        14.262245   
0        26300        14.258913   
0        26310        14.250498   
0        26320        14.239311   
0        26330        14.231007   
0        26340        14.227178   
0        26350        14.220469   
0        26360        14.212982   
0        26370        14.200819   
0        26380        14.186683   
0        26390        14.165171   
0        26400        14.155589   
0        26410        14.147633   
0        26420        14.132403   
0        26430        14.119537   
0        26440        14.112325   
0        26450        14.106407   
0        26460        14.099276   
0        26470        14.089909   
0        26480        14.073647   
0        26490        14.062082   
0        26500        14.057346   
0        26510        14.051651   
0        26520        14.037918   
0        26530        14.025876   
0        26540        14.020224   
0        26550        14.015446   
0        26560        14.007586   
0        26570        14.001205   
0        26580        13.992042   
0        26590        13.986643   
0        26600        13.977001   
0        26610        13.969620   
0        26620        13.963932   
0        26630        13.955146   
0        26640        13.949148   
0        26650        13.938778   
0        26660        13.926655   
0        26670        13.923679   
0        26680        13.917987   
0        26690        13.913369   
0        26700        13.907747   
0        26710        13.901316   
0        26720        13.884226   
0        26730        13.877037   
0        26740        13.869118   
0        26750        13.855621   
0        26760        13.848444   
0        26770        13.838204   
0        26780        13.831919   
0        26790        13.822783   
0        26800        13.817476   
0        26810        13.808255   
0        26820        13.795603   
0        26830        13.791388   
0        26840        13.784640   
0        26850        13.770880   
0        26860        13.764579   
0        26870        13.759926   
0        26880        13.743115   
0        26890        13.740232   
0        26900        13.736876   
0        26910        13.729737   
0        26920        13.721291   
0        26930        13.716542   
0        26940        13.706798   
0        26950        13.701571   
0        26960        13.693002   
0        26970        13.679457   
0        26980        13.674587   
0        26990        13.667530   
0        27000        13.662722   
0        27010        13.656512   
0        27020        13.646753   
0        27030        13.634836   
0        27040        13.629999   
0        27050        13.620525   
0        27060        13.612352   
0        27070        13.603239   
0        27080        13.599200   
0        27090        13.594254   
0        27100        13.584695   
0        27110        13.579155   
0        27120        13.574987   
0        27130        13.568376   
0        27140        13.555967   
0        27150        13.551380   
0        27160        13.538449   
0        27170        13.532581   
0        27180        13.524138   
0        27190        13.515453   
0        27200        13.500026   
0        27210        13.493362   
0        27220        13.486845   
0        27230        13.477331   
0        27240        13.470514   
0        27250        13.462303   
0        27260        13.457980   
0        27270        13.453820   
0        27280        13.446857   
0        27290        13.437046   
0        27300        13.426480   
0        27310        13.421041   
0        27320        13.416084   
0        27330        13.406940   
0        27340        13.397458   
0        27350        13.390712   
0        27360        13.381926   
0        27370        13.376314   
0        27380        13.372473   
0        27390        13.359922   
0        27400        13.349419   
0        27410        13.338795   
0        27420        13.329801   
0        27430        13.323725   
0        27440        13.315504   
0        27450        13.311819   
0        27460        13.306660   
0        27470        13.298427   
0        27480        13.291031   
0        27490        13.280962   
0        27500        13.275516   
0        27510        13.267143   
0        27520        13.261097   
0        27530        13.250854   
0        27540        13.246407   
0        27550        13.232666   
0        27560        13.225622   
0        27570        13.220791   
0        27580        13.215601   
0        27590        13.209057   
0        27600        13.201260   
0        27610        13.194849   
0        27620        13.185677   
0        27630        13.179714   
0        27640        13.173245   
0        27650        13.168543   
0        27660        13.161879   
0        27670        13.152014   
0        27680        13.144455   
0        27690        13.141883   
0        27700        13.134914   
0        27710        13.127243   
0        27720        13.118963   
0        27730        13.112208   
0        27740        13.101650   
0        27750        13.095243   
0        27760        13.089270   
0        27770        13.083009   
0        27780        13.073533   
0        27790        13.068206   
0        27800        13.064077   
0        27810        13.056888   
0        27820        13.048968   
0        27830        13.044226   
0        27840        13.036442   
0        27850        13.031070   
0        27860        13.025594   
0        27870        13.017847   
0        27880        13.009698   
0        27890        12.999956   
0        27900        12.994992   
0        27910        12.986689   
0        27920        12.972608   
0        27930        12.968462   
0        27940        12.964041   
0        27950        12.957438   
0        27960        12.950201   
0        27970        12.938839   
0        27980        12.930292   
0        27990        12.924513   
0        28000        12.919290   
0        28010        12.906827   
0        28020        12.900185   
0        28030        12.894733   
0        28040        12.884289   
0        28050        12.879629   
0        28060        12.874440   
0        28070        12.869419   
0        28080        12.862385   
0        28090        12.853903   
0        28100        12.851277   
0        28110        12.847192   
0        28120        12.842957   
0        28130        12.839450   
0        28140        12.828232   
0        28150        12.824463   
0        28160        12.817177   
0        28170        12.800503   
0        28180        12.783630   
0        28190        12.780449   
0        28200        12.776213   
0        28210        12.771535   
0        28220        12.764706   
0        28230        12.759636   
0        28240        12.749670   
0        28250        12.733563   
0        28260        12.728368   
0        28270        12.722645   
0        28280        12.716105   
0        28290        12.707624   
0        28300        12.699926   
0        28310        12.692800   
0        28320        12.687651   
0        28330        12.680862   
0        28340        12.671278   
0        28350        12.665634   
0        28360        12.656013   
0        28370        12.645899   
0        28380        12.643970   
0        28390        12.639247   
0        28400        12.635981   
0        28410        12.629427   
0        28420        12.616337   
0        28430        12.611403   
0        28440        12.607906   
0        28450        12.600383   
0        28460        12.592810   
0        28470        12.587132   
0        28480        12.577232   
0        28490        12.571218   
0        28500        12.564952   
0        28510        12.555553   
0        28520        12.540504   
0        28530        12.533160   
0        28540        12.526852   
0        28550        12.521521   
0        28560        12.519945   
0        28570        12.512853   
0        28580        12.508663   
0        28590        12.498819   
0        28600        12.489893   
0        28610        12.481464   
0        28620        12.475401   
0        28630        12.468289   
0        28640        12.463609   
0        28650        12.457066   
0        28660        12.451006   
0        28670        12.446031   
0        28680        12.438274   
0        28690        12.434023   
0        28700        12.424713   
0        28710        12.412355   
0        28720        12.407310   
0        28730        12.401558   
0        28740        12.399954   
0        28750        12.396177   
0        28760        12.388538   
0        28770        12.383610   
0        28780        12.377384   
0        28790        12.370205   
0        28800        12.366514   
0        28810        12.359343   
0        28820        12.350803   
0        28830        12.347503   
0        28840        12.338387   
0        28850        12.330425   
0        28860        12.326906   
0        28870        12.320186   
0        28880        12.310161   
0        28890        12.301872   
0        28900        12.293568   
0        28910        12.284714   
0        28920        12.276970   
0        28930        12.275082   
0        28940        12.269863   
0        28950        12.264007   
0        28960        12.257366   
0        28970        12.250537   
0        28980        12.247715   
0        28990        12.240925   
0        29000        12.238310   
0        29010        12.234556   
0        29020        12.230430   
0        29030        12.225616   
0        29040        12.218540   
0        29050        12.208308   
0        29060        12.198570   
0        29070        12.189534   
0        29080        12.178041   
0        29090        12.171413   
0        29100        12.164244   
0        29110        12.158235   
0        29120        12.150116   
0        29130        12.142024   
0        29140        12.135092   
0        29150        12.127733   
0        29160        12.124801   
0        29170        12.119547   
0        29180        12.113975   
0        29190        12.109157   
0        29200        12.096039   
0        29210        12.092867   
0        29220        12.084795   
0        29230        12.068539   
0        29240        12.060757   
0        29250        12.056414   
0        29260        12.053988   
0        29270        12.038174   
0        29280        12.033623   
0        29290        12.026665   
0        29300        12.022880   
0        29310        12.014980   
0        29320        12.007578   
0        29330        12.003702   
0        29340        11.995334   
0        29350        11.992543   
0        29360        11.988213   
0        29370        11.978207   
0        29380        11.973088   
0        29390        11.968760   
0        29400        11.964378   
0        29410        11.958170   
0        29420        11.949932   
0        29430        11.944464   
0        29440        11.936455   
0        29450        11.932399   
0        29460        11.923206   
0        29470        11.917648   
0        29480        11.912178   
0        29490        11.905504   
0        29500        11.898157   
0        29510        11.889761   
0        29520        11.886471   
0        29530        11.878928   
0        29540        11.870350   
0        29550        11.867409   
0        29560        11.865832   
0        29570        11.857827   
0        29580        11.849639   
0        29590        11.842145   
0        29600        11.834368   
0        29610        11.825588   
0        29620        11.818786   
0        29630        11.813944   
0        29640        11.802834   
0        29650        11.797182   
0        29660        11.790668   
0        29670        11.777863   
0        29680        11.773028   
0        29690        11.766051   
0        29700        11.761917   
0        29710        11.755402   
0        29720        11.752459   
0        29730        11.742525   
0        29740        11.736003   
0        29750        11.730442   
0        29760        11.716924   
0        29770        11.710590   
0        29780        11.703218   
0        29790        11.698776   
0        29800        11.694361   
0        29810        11.691297   
0        29820        11.686842   
0        29830        11.686213   
0        29840        11.679965   
0        29850        11.671391   
0        29860        11.666773   
0        29870        11.661661   
0        29880        11.657377   
0        29890        11.654085   
0        29900        11.650030   
0        29910        11.645158   
0        29920        11.641466   
0        29930        11.626190   
0        29940        11.623266   
0        29950        11.615389   
0        29960        11.607666   
0        29970        11.599838   
0        29980        11.593411   
0        29990        11.589071   
0        30000        11.581610   
1        130000       11.581060   
11       1130000      11.572835   
21       2130000      11.564714   
31       3130000      11.559042   
41       4130000      11.552391   
51       5130000      11.547678   
61       6130000      11.536877   
71       7130000      11.530785   
81       8130000      11.521742   
91       9130000      11.515467   
101      10130000     11.510155   
111      11130000     11.501369   
121      12130000     11.494940   
131      13130000     11.484905   
141      14130000     11.475342   
151      15130000     11.462198   
161      16130000     11.451014   
171      17130000     11.446009   
181      18130000     11.439988   
191      19130000     11.431854   
201      20130000     11.426949   
211      21130000     11.423023   
221      22130000     11.415802   
231      23130000     11.408520   
241      24130000     11.401631   
251      25130000     11.393155   
261      26130000     11.379103   
271      27130000     11.371002   
281      28130000     11.366241   
291      29130000     11.358235   
301      30130000     11.351685   
311      31130000     11.343137   
321      32130000     11.334191   
331      33130000     11.328543   
341      34130000     11.320836   
351      35130000     11.313562   
361      36130000     11.303951   
371      37130000     11.296317   
381      38130000     11.290954   
391      39130000     11.276958   
401      40130000     11.269722   
411      41130000     11.259196   
421      42130000     11.245861   
431      43130000     11.238781   
441      44130000     11.230612   
451      45130000     11.221762   
461      46130000     11.215055   
471      47130000     11.204550   
481      48130000     11.199929   
491      49130000     11.193397   
501      50130000     11.184546   
511      51130000     11.177477   
521      52130000     11.170336   
531      53130000     11.161677   
541      54130000     11.154413   
551      55130000     11.149988   
561      56130000     11.141506   
571      57130000     11.129822   
581      58130000     11.122445   
591      59130000     11.112505   
601      60130000     11.099467   
611      61130000     11.092525   
621      62130000     11.089121   
631      63130000     11.081670   
641      64130000     11.079130   
651      65130000     11.074490   
661      66130000     11.069475   
671      67130000     11.061815   
681      68130000     11.048466   
691      69130000     11.043930   
701      70130000     11.038019   
711      71130000     11.028629   
721      72130000     11.019670   
731      73130000     11.013237   
741      74130000     11.007495   
751      75130000     11.000029   
761      76130000     10.990428   
771      77130000     10.980135   
781      78130000     10.972305   
791      79130000     10.964708   
801      80130000     10.957813   
811      81130000     10.953983   
821      82130000     10.948297   
831      83130000     10.941025   
841      84130000     10.932615   
851      85130000     10.924400   
861      86130000     10.917122   
871      87130000     10.912861   
881      88130000     10.903421   
891      89130000     10.897233   
901      90130000     10.890804   
911      91130000     10.877776   
921      92130000     10.868302   
931      93130000     10.860542   
941      94130000     10.854038   
951      95130000     10.842774   
961      96130000     10.837840   
971      97130000     10.830938   
981      98130000     10.818813   
991      99130000     10.813130   
1001     100130000    10.804121   
1011     101130000    10.797258   
1021     102130000    10.791902   
1031     103130000    10.787092   
1041     104130000    10.781530   
1051     105130000    10.776874   
1061     106130000    10.769637   
1071     107130000    10.760369   
1081     108130000    10.751307   
1091     109130000    10.746290   
1101     110130000    10.738938   
1111     111130000    10.726086   
1121     112130000    10.718172   
1131     113130000    10.708302   
1141     114130000    10.701437   
1151     115130000    10.697104   
1161     116130000    10.688269   
1171     117130000    10.681030   
1181     118130000    10.674553   
1191     119130000    10.668896   
1201     120130000    10.660563   
1211     121130000    10.653980   
1221     122130000    10.647735   
1231     123130000    10.636424   
1241     124130000    10.629183   
1251     125130000    10.622059   
1261     126130000    10.615829   
1271     127130000    10.610390   
1281     128130000    10.599108   
1291     129130000    10.595041   
1301     130130000    10.591148   
1311     131130000    10.581170   
1321     132130000    10.570473   
1331     133130000    10.564737   
1341     134130000    10.555750   
1351     135130000    10.548676   
1361     136130000    10.540115   
1371     137130000    10.533145   
1381     138130000    10.526064   
1391     139130000    10.518320   
1401     140130000    10.509103   
1411     141130000    10.502860   
1421     142130000    10.498585   
1431     143130000    10.492140   
1441     144130000    10.486522   
1451     145130000    10.481070   
1461     146130000    10.471422   
1471     147130000    10.466475   
1481     148130000    10.460300   
1491     149130000    10.452489   
1501     150130000    10.444673   
1511     151130000    10.439195   
1521     152130000    10.430420   
1531     153130000    10.422190   
1541     154130000    10.413062   
1551     155130000    10.405159   
1561     156130000    10.400373   
1571     157130000    10.390946   
1581     158130000    10.383888   
1591     159130000    10.375891   
1601     160130000    10.367372   
1611     161130000    10.359871   
1621     162130000    10.353604   
1631     163130000    10.346343   
1641     164130000    10.338585   
1651     165130000    10.334579   
1661     166130000    10.327072   
1671     167130000    10.321754   
1681     168130000    10.316187   
1691     169130000    10.307926   
1701     170130000    10.302832   
1711     171130000    10.294221   
1721     172130000    10.290225   
1731     173130000    10.282925   
1741     174130000    10.277920   
1751     175130000    10.272075   
1761     176130000    10.264460   
1771     177130000    10.257303   
1781     178130000    10.248326   
1791     179130000    10.239347   
1801     180130000    10.234037   
1811     181130000    10.227897   
1821     182130000    10.219799   
1831     183130000    10.209395   
1841     184130000    10.202541   
1851     185130000    10.192974   
1861     186130000    10.182135   
1871     187130000    10.173400   
1881     188130000    10.168201   
1891     189130000    10.162150   
1901     190130000    10.155678   
1911     191130000    10.149266   
1921     192130000    10.145417   
1931     193130000    10.135502   
1941     194130000    10.130272   
1951     195130000    10.118933   
1961     196130000    10.109941   
1971     197130000    10.104183   
1981     198130000    10.096651   
1991     199130000    10.088537   
2001     200130000    10.082727   
2011     201130000    10.069065   
2021     202130000    10.062512   
2031     203130000    10.056728   
2041     204130000    10.045529   
2051     205130000    10.038582   
2061     206130000    10.030651   
2071     207130000    10.022896   
2081     208130000    10.014393   
2091     209130000    10.005259   
2101     210130000    9.995973    
2111     211130000    9.990188    
2121     212130000    9.983548    
2131     213130000    9.977940    
2141     214130000    9.972137    
2151     215130000    9.966164    
2161     216130000    9.959370    
2171     217130000    9.951570    
2181     218130000    9.940271    
2191     219130000    9.932832    
2201     220130000    9.926785    
2211     221130000    9.919998    
2221     222130000    9.908596    
2231     223130000    9.901439    
2241     224130000    9.893665    
2251     225130000    9.887115    
2261     226130000    9.878165    
2271     227130000    9.867872    
2281     228130000    9.859734    
2291     229130000    9.854072    
2301     230130000    9.847429    
2311     231130000    9.839756    
2321     232130000    9.835753    
2331     233130000    9.831367    
2341     234130000    9.823666    
2351     235130000    9.818770    
2361     236130000    9.809486    
2371     237130000    9.803252    
2381     238130000    9.799450    
2391     239130000    9.794732    
2401     240130000    9.787821    
2411     241130000    9.783134    
2421     242130000    9.773172    
2431     243130000    9.764423    
2441     244130000    9.756811    
2451     245130000    9.751513    
2461     246130000    9.742887    
2471     247130000    9.738490    
2481     248130000    9.729683    
2491     249130000    9.721770    
2501     250130000    9.714086    
2511     251130000    9.706124    
2521     252130000    9.701749    
2531     253130000    9.695223    
2541     254130000    9.686505    
2551     255130000    9.680850    
2561     256130000    9.673710    
2571     257130000    9.670088    
2581     258130000    9.662384    
2591     259130000    9.656385    
2601     260130000    9.649616    
2611     261130000    9.639430    
2621     262130000    9.626149    
2631     263130000    9.620439    
2641     264130000    9.614805    
2651     265130000    9.609573    
2661     266130000    9.601875    
2671     267130000    9.594452    
2681     268130000    9.585326    
2691     269130000    9.579924    
2701     270130000    9.576162    
2711     271130000    9.572172    
2721     272130000    9.567134    
2731     273130000    9.558767    
2741     274130000    9.549700    
2751     275130000    9.543837    
2761     276130000    9.535950    
2771     277130000    9.529112    
2781     278130000    9.523916    
2791     279130000    9.517228    
2801     280130000    9.510811    
2811     281130000    9.505394    
2821     282130000    9.498177    
2831     283130000    9.488994    
2841     284130000    9.478899    
2851     285130000    9.471940    
2861     286130000    9.468807    
2871     287130000    9.462461    
2881     288130000    9.457198    
2891     289130000    9.452002    
2901     290130000    9.443666    
2911     291130000    9.436764    
2921     292130000    9.432614    
2931     293130000    9.425037    
2941     294130000    9.419420    
2951     295130000    9.410117    
2961     296130000    9.401808    
2971     297130000    9.397194    
2981     298130000    9.393197    
2991     299130000    9.389400    
3001     300130000    9.380879    
3011     301130000    9.372105    
3021     302130000    9.367144    
3031     303130000    9.358683    
3041     304130000    9.353374    
3051     305130000    9.345636    
3061     306130000    9.340491    
3071     307130000    9.333237    
3081     308130000    9.326902    
3091     309130000    9.320456    
3101     310130000    9.311444    
3111     311130000    9.306376    
3121     312130000    9.302554    
3131     313130000    9.298742    
3141     314130000    9.289200    
3151     315130000    9.281985    
3161     316130000    9.273255    
3171     317130000    9.268419    
3181     318130000    9.261112    
3191     319130000    9.255753    
3201     320130000    9.245884    
3211     321130000    9.241718    
3221     322130000    9.236849    
3231     323130000    9.230597    
3241     324130000    9.225852    
3251     325130000    9.222460    
3261     326130000    9.213625    
3271     327130000    9.207310    
3281     328130000    9.199850    
3291     329130000    9.192297    
3301     330130000    9.186877    
3311     331130000    9.180983    
3321     332130000    9.173058    
3331     333130000    9.167376    
3341     334130000    9.162730    
3351     335130000    9.156769    
3361     336130000    9.147539    
3371     337130000    9.141783    
3381     338130000    9.136414    
3391     339130000    9.127198    
3401     340130000    9.121187    
3411     341130000    9.114639    
3421     342130000    9.107367    
3431     343130000    9.098237    
3441     344130000    9.090683    
3451     345130000    9.083909    
3461     346130000    9.077250    
3471     347130000    9.072707    
3481     348130000    9.067342    
3491     349130000    9.061509    
3501     350130000    9.056000    
3511     351130000    9.050976    
3521     352130000    9.047760    
3531     353130000    9.042432    
3541     354130000    9.031681    
3551     355130000    9.024059    
3561     356130000    9.019949    
3571     357130000    9.012414    
3581     358130000    9.001902    
3591     359130000    8.994818    
3601     360130000    8.988390    
3611     361130000    8.978834    
3621     362130000    8.973082    
3631     363130000    8.964500    
3641     364130000    8.960198    
3651     365130000    8.956127    
3661     366130000    8.951548    
3671     367130000    8.946363    
3681     368130000    8.936447    
3691     369130000    8.927010    
3701     370130000    8.922087    
3711     371130000    8.915147    
3721     372130000    8.908502    
3731     373130000    8.903540    
3741     374130000    8.899418    
3751     375130000    8.890404    
3761     376130000    8.885977    
3771     377130000    8.883365    
3781     378130000    8.880926    
3791     379130000    8.874393    
3801     380130000    8.870131    
3811     381130000    8.866272    
3821     382130000    8.858095    
3831     383130000    8.852746    
3841     384130000    8.849400    
3851     385130000    8.845344    
3861     386130000    8.842430    
3871     387130000    8.835257    
3881     388130000    8.828343    
3891     389130000    8.823172    
3901     390130000    8.816963    
3911     391130000    8.810924    
3921     392130000    8.803347    
3931     393130000    8.796918    
3941     394130000    8.791258    
3951     395130000    8.785208    
3961     396130000    8.778955    
3971     397130000    8.770325    
3981     398130000    8.763321    
3991     399130000    8.756496    
4001     400130000    8.749451    
4011     401130000    8.739511    
4021     402130000    8.728142    
4031     403130000    8.722387    
4041     404130000    8.714801    
4051     405130000    8.709221    
4061     406130000    8.705258    
4071     407130000    8.701286    
4081     408130000    8.694674    
4091     409130000    8.689533    
4101     410130000    8.685045    
4111     411130000    8.680130    
4121     412130000    8.675021    
4131     413130000    8.667267    
4141     414130000    8.662292    
4151     415130000    8.656639    
4161     416130000    8.649571    
4171     417130000    8.643396    
4181     418130000    8.638412    
4191     419130000    8.631647    
4201     420130000    8.618662    
4211     421130000    8.614004    
4221     422130000    8.610341    
4231     423130000    8.606813    
4241     424130000    8.601148    
4251     425130000    8.594820    
4261     426130000    8.589447    
4271     427130000    8.582694    
4281     428130000    8.577643    
4291     429130000    8.570423    
4301     430130000    8.564721    
4311     431130000    8.559589    
4321     432130000    8.555351    
4331     433130000    8.550461    
4341     434130000    8.544768    
4351     435130000    8.538977    
4361     436130000    8.530668    
4371     437130000    8.523889    
4381     438130000    8.520853    
4391     439130000    8.517472    
4401     440130000    8.512496    
4411     441130000    8.506342    
4421     442130000    8.499969    
4431     443130000    8.490283    
4441     444130000    8.483653    
4451     445130000    8.477449    
4461     446130000    8.472541    
4471     447130000    8.466335    
4481     448130000    8.461117    
4491     449130000    8.457433    
4501     450130000    8.452770    
4511     451130000    8.447864    
4521     452130000    8.438219    
4531     453130000    8.433434    
4541     454130000    8.425464    
4551     455130000    8.419627    
4561     456130000    8.414557    
4571     457130000    8.408738    
4581     458130000    8.404533    
4591     459130000    8.396852    
4601     460130000    8.391338    
4611     461130000    8.385596    
4621     462130000    8.379148    
4631     463130000    8.373510    
4641     464130000    8.369279    
4651     465130000    8.364592    
4661     466130000    8.357469    
4671     467130000    8.351703    
4681     468130000    8.345299    
4691     469130000    8.338533    
4701     470130000    8.330726    
4711     471130000    8.320527    
4721     472130000    8.317268    
4731     473130000    8.314112    
4741     474130000    8.310046    
4751     475130000    8.304734    
4761     476130000    8.299088    
4771     477130000    8.292011    
4781     478130000    8.287673    
4791     479130000    8.282292    
4801     480130000    8.276559    
4811     481130000    8.271799    
4821     482130000    8.261540    
4831     483130000    8.259295    
4841     484130000    8.255457    
4851     485130000    8.251698    
4861     486130000    8.247988    
4871     487130000    8.240319    
4881     488130000    8.233726    
4891     489130000    8.225214    
4901     490130000    8.217472    
4911     491130000    8.207328    
4921     492130000    8.203493    
4931     493130000    8.197968    
4941     494130000    8.192828    
4951     495130000    8.185006    
4961     496130000    8.180055    
4971     497130000    8.172258    
4981     498130000    8.166740    
4991     499130000    8.157947    
5001     500130000    8.151638    
5011     501130000    8.143839    
5021     502130000    8.135827    
5031     503130000    8.128623    
5041     504130000    8.125092    
5051     505130000    8.115843    
5061     506130000    8.107347    
5071     507130000    8.100555    
5081     508130000    8.096134    
5091     509130000    8.091034    
5101     510130000    8.084929    
5111     511130000    8.080056    
5121     512130000    8.074110    
5131     513130000    8.066446    
5141     514130000    8.061316    
5151     515130000    8.056963    
5161     516130000    8.051178    
5171     517130000    8.047331    
5181     518130000    8.043283    
5191     519130000    8.037654    
5201     520130000    8.028701    
5211     521130000    8.020887    
5221     522130000    8.015260    
5231     523130000    8.011135    
5241     524130000    8.006187    
5251     525130000    7.998525    
5261     526130000    7.992462    
5271     527130000    7.986299    
5281     528130000    7.982408    
5291     529130000    7.974573    
5301     530130000    7.968038    
5311     531130000    7.958489    
5321     532130000    7.951851    
5331     533130000    7.945996    
5341     534130000    7.938056    
5351     535130000    7.933730    
5361     536130000    7.928655    
5371     537130000    7.924350    
5381     538130000    7.917774    
5391     539130000    7.912338    
5401     540130000    7.908809    
5411     541130000    7.904785    
5421     542130000    7.896111    
5431     543130000    7.891790    
5441     544130000    7.887135    
5451     545130000    7.878846    
5461     546130000    7.872641    
5471     547130000    7.867840    
5481     548130000    7.861882    
5491     549130000    7.855991    
5501     550130000    7.853827    
5511     551130000    7.847012    
5521     552130000    7.840729    
5531     553130000    7.835767    
5541     554130000    7.830400    
5551     555130000    7.824928    
5561     556130000    7.819272    
5571     557130000    7.814487    
5581     558130000    7.809901    
5591     559130000    7.803115    
5601     560130000    7.796818    
5611     561130000    7.791085    
5621     562130000    7.788526    
5631     563130000    7.781260    
5641     564130000    7.778868    
5651     565130000    7.775356    
5661     566130000    7.769601    
5671     567130000    7.766779    
5681     568130000    7.762569    
5691     569130000    7.758732    
5701     570130000    7.752624    
5711     571130000    7.747707    
5721     572130000    7.743354    
5731     573130000    7.738628    
5741     574130000    7.733942    
5751     575130000    7.729423    
5761     576130000    7.724876    
5771     577130000    7.719266    
5781     578130000    7.714467    
5791     579130000    7.711006    
5801     580130000    7.704339    
5811     581130000    7.695003    
5821     582130000    7.691013    
5831     583130000    7.686187    
5841     584130000    7.679742    
5851     585130000    7.676165    
5861     586130000    7.672295    
5871     587130000    7.665426    
5881     588130000    7.661598    
5891     589130000    7.656632    
5901     590130000    7.651217    
5911     591130000    7.648849    
5921     592130000    7.644443    
5931     593130000    7.638590    
5941     594130000    7.634555    
5951     595130000    7.630082    
5961     596130000    7.624725    
5971     597130000    7.616179    
5981     598130000    7.610557    
5991     599130000    7.606425    
6001     600130000    7.601894    
6011     601130000    7.596843    
6021     602130000    7.593256    
6031     603130000    7.585208    
6041     604130000    7.581190    
6051     605130000    7.576586    
6061     606130000    7.572722    
6071     607130000    7.568147    
6081     608130000    7.560961    
6091     609130000    7.557216    
6101     610130000    7.554316    
6111     611130000    7.552414    
6121     612130000    7.548133    
6131     613130000    7.543658    
6141     614130000    7.538584    
6151     615130000    7.532683    
6161     616130000    7.527685    
6171     617130000    7.524369    
6181     618130000    7.520690    
6191     619130000    7.515615    
6201     620130000    7.512088    
6211     621130000    7.507114    
6221     622130000    7.503583    
6231     623130000    7.500473    
6241     624130000    7.495979    
6251     625130000    7.488549    
6261     626130000    7.484722    
6271     627130000    7.481684    
6281     628130000    7.477239    
6291     629130000    7.473626    
6301     630130000    7.467154    
6311     631130000    7.464997    
6321     632130000    7.458255    
6331     633130000    7.451895    
6341     634130000    7.446861    
6351     635130000    7.443287    
6361     636130000    7.437077    
6371     637130000    7.431743    
6381     638130000    7.426070    
6391     639130000    7.422889    
6401     640130000    7.415162    
6411     641130000    7.410035    
6421     642130000    7.403355    
6431     643130000    7.397635    
6441     644130000    7.393596    
6451     645130000    7.385881    
6461     646130000    7.382885    
6471     647130000    7.379159    
6481     648130000    7.376411    
6491     649130000    7.370783    
6501     650130000    7.364571    
6511     651130000    7.359123    
6521     652130000    7.352479    
6531     653130000    7.347278    
6541     654130000    7.341555    
6551     655130000    7.334696    
6561     656130000    7.331230    
6571     657130000    7.325206    
6581     658130000    7.319138    
6591     659130000    7.310660    
6601     660130000    7.307015    
6611     661130000    7.299826    
6621     662130000    7.291813    
6631     663130000    7.287745    
6641     664130000    7.283451    
6651     665130000    7.279020    
6661     666130000    7.273842    
6671     667130000    7.266820    
6681     668130000    7.260275    
6691     669130000    7.252979    
6701     670130000    7.243434    
6711     671130000    7.239206    
6721     672130000    7.234117    
6731     673130000    7.229447    
6741     674130000    7.226897    
6751     675130000    7.222151    
6761     676130000    7.218369    
6771     677130000    7.211128    
6781     678130000    7.206363    
6791     679130000    7.201199    
6801     680130000    7.197270    
6811     681130000    7.193909    
6821     682130000    7.187745    
6831     683130000    7.183359    
6841     684130000    7.179841    
6851     685130000    7.175994    
6861     686130000    7.171729    
6871     687130000    7.167923    
6881     688130000    7.160897    
6891     689130000    7.156398    
6901     690130000    7.150984    
6911     691130000    7.144282    
6921     692130000    7.139658    
6931     693130000    7.134926    
6941     694130000    7.129789    
6951     695130000    7.124878    
6961     696130000    7.120024    
6971     697130000    7.115321    
6981     698130000    7.110482    
6991     699130000    7.106408    
7001     700130000    7.101984    
7011     701130000    7.096616    
7021     702130000    7.089025    
7031     703130000    7.082661    
7041     704130000    7.079483    
7051     705130000    7.075782    
7061     706130000    7.069965    
7071     707130000    7.064456    
7081     708130000    7.060259    
7091     709130000    7.052081    
7101     710130000    7.045657    
7111     711130000    7.038241    
7121     712130000    7.034708    
7131     713130000    7.030867    
7141     714130000    7.026868    
7151     715130000    7.019411    
7161     716130000    7.017202    
7171     717130000    7.013359    
7181     718130000    7.007814    
7191     719130000    7.001037    
7201     720130000    6.998042    
7211     721130000    6.995117    
7221     722130000    6.992448    
7231     723130000    6.987553    
7241     724130000    6.983929    
7251     725130000    6.980769    
7261     726130000    6.972091    
7271     727130000    6.968722    
7281     728130000    6.963442    
7291     729130000    6.959435    
7301     730130000    6.953746    
7311     731130000    6.948712    
7321     732130000    6.941503    
7331     733130000    6.936745    
7341     734130000    6.931590    
7351     735130000    6.927290    
7361     736130000    6.922771    
7371     737130000    6.915629    
7381     738130000    6.909606    
7391     739130000    6.905145    
7401     740130000    6.898450    
7411     741130000    6.893834    
7421     742130000    6.890253    
7431     743130000    6.882274    
7441     744130000    6.877462    
7451     745130000    6.874865    
7461     746130000    6.868721    
7471     747130000    6.863736    
7481     748130000    6.859959    
7491     749130000    6.854055    
7500     750030000    6.850106    
7500     750030000    6.850106    
7500     750030010    6.845930    
7500     750030020    6.842664    
7500     750030030    6.837340    
7500     750030040    6.833596    
7500     750030050    6.830593    
7500     750030060    6.828557    
7500     750030070    6.824030    
7500     750030080    6.820159    
7500     750030090    6.815058    
7500     750030100    6.809147    
7500     750030110    6.806535    
7500     750030120    6.799409    
7500     750030130    6.795707    
7500     750030140    6.789598    
7500     750030150    6.785025    
7500     750030160    6.779330    
7500     750030170    6.773565    
7500     750030180    6.768225    
7500     750030190    6.762790    
7500     750030200    6.757507    
7500     750030210    6.751584    
7500     750030220    6.748954    
7500     750030230    6.743913    
7500     750030240    6.739147    
7500     750030250    6.733517    
7500     750030260    6.729966    
7500     750030270    6.725969    
7500     750030280    6.721600    
7500     750030290    6.715472    
7500     750030300    6.711290    
7500     750030310    6.705689    
7500     750030320    6.700301    
7500     750030330    6.695849    
7500     750030340    6.691725    
7500     750030350    6.683171    
7500     750030360    6.679303    
7500     750030370    6.675104    
7500     750030380    6.670502    
7500     750030390    6.666332    
7500     750030400    6.661487    
7500     750030410    6.659201    
7500     750030420    6.654972    
7500     750030430    6.650675    
7500     750030440    6.645611    
7500     750030450    6.642625    
7500     750030460    6.640110    
7500     750030470    6.635483    
7500     750030480    6.630894    
7500     750030490    6.626826    
7500     750030500    6.624514    
7500     750030510    6.620320    
7500     750030520    6.617148    
7500     750030530    6.613476    
7500     750030540    6.607340    
7500     750030550    6.604138    
7500     750030560    6.600376    
7500     750030570    6.597713    
7500     750030580    6.593625    
7500     750030590    6.589845    
7500     750030600    6.583309    
7500     750030610    6.576458    
7500     750030620    6.573811    
7500     750030630    6.569671    
7500     750030640    6.563475    
7500     750030650    6.558145    
7500     750030660    6.554473    
7500     750030670    6.551589    
7500     750030680    6.547685    
7500     750030690    6.544151    
7500     750030700    6.540090    
7500     750030710    6.535719    
7500     750030720    6.524184    
7500     750030730    6.520668    
7500     750030740    6.517962    
7500     750030750    6.514428    
7500     750030760    6.509226    
7500     750030770    6.502486    
7500     750030780    6.498835    
7500     750030790    6.495944    
7500     750030800    6.486404    
7500     750030810    6.483649    
7500     750030820    6.478648    
7500     750030830    6.473879    
7500     750030840    6.469192    
7500     750030850    6.465518    
7500     750030860    6.461316    
7500     750030870    6.459710    
7500     750030880    6.457084    
7500     750030890    6.453761    
7500     750030900    6.451691    
7500     750030910    6.445973    
7500     750030920    6.441663    
7500     750030930    6.436975    
7500     750030940    6.432876    
7500     750030950    6.430174    
7500     750030960    6.427387    
7500     750030970    6.423015    
7500     750030980    6.420466    
7500     750030990    6.416492    
7500     750031000    6.410952    
7500     750031010    6.409206    
7500     750031020    6.406049    
7500     750031030    6.401706    
7500     750031040    6.399014    
7500     750031050    6.392442    
7500     750031060    6.388887    
7500     750031070    6.384609    
7500     750031080    6.381513    
7500     750031090    6.378678    
7500     750031100    6.375415    
7500     750031110    6.372075    
7500     750031120    6.365311    
7500     750031130    6.357210    
7500     750031140    6.352956    
7500     750031150    6.349676    
7500     750031160    6.345643    
7500     750031170    6.339209    
7500     750031180    6.335466    
7500     750031190    6.332386    
7500     750031200    6.329437    
7500     750031210    6.326598    
7500     750031220    6.321658    
7500     750031230    6.316553    
7500     750031240    6.313437    
7500     750031250    6.310331    
7500     750031260    6.306151    
7500     750031270    6.299279    
7500     750031280    6.295981    
7500     750031290    6.292094    
7500     750031300    6.284974    
7500     750031310    6.282495    
7500     750031320    6.275827    
7500     750031330    6.273940    
7500     750031340    6.269561    
7500     750031350    6.266911    
7500     750031360    6.261351    
7500     750031370    6.255218    
7500     750031380    6.251138    
7500     750031390    6.248538    
7500     750031400    6.246773    
7500     750031410    6.243568    
7500     750031420    6.241842    
7500     750031430    6.236811    
7500     750031440    6.233604    
7500     750031450    6.227925    
7500     750031460    6.223150    
7500     750031470    6.218905    
7500     750031480    6.216878    
7500     750031490    6.211683    
7500     750031500    6.206820    
7500     750031510    6.203409    
7500     750031520    6.200067    
7500     750031530    6.194441    
7500     750031540    6.190970    
7500     750031550    6.186620    
7500     750031560    6.180991    
7500     750031570    6.178116    
7500     750031580    6.175584    
7500     750031590    6.171960    
7500     750031600    6.170597    
7500     750031610    6.167370    
7500     750031620    6.162981    
7500     750031630    6.158810    
7500     750031640    6.156862    
7500     750031650    6.153584    
7500     750031660    6.149089    
7500     750031670    6.145252    
7500     750031680    6.142399    
7500     750031690    6.139132    
7500     750031700    6.134551    
7500     750031710    6.130232    
7500     750031720    6.126276    
7500     750031730    6.120997    
7500     750031740    6.117781    
7500     750031750    6.113770    
7500     750031760    6.110795    
7500     750031770    6.105896    
7500     750031780    6.101794    
7500     750031790    6.095667    
7500     750031800    6.091790    
7500     750031810    6.087890    
7500     750031820    6.082203    
7500     750031830    6.076049    
7500     750031840    6.070534    
7500     750031850    6.067912    
7500     750031860    6.063978    
7500     750031870    6.060953    
7500     750031880    6.056288    
7500     750031890    6.051600    
7500     750031900    6.047705    
7500     750031910    6.043753    
7500     750031920    6.039305    
7500     750031930    6.034534    
7500     750031940    6.032351    
7500     750031950    6.027118    
7500     750031960    6.022712    
7500     750031970    6.018238    
7500     750031980    6.015251    
7500     750031990    6.010331    
7500     750032000    6.008281    
7500     750032010    6.004919    
7500     750032020    6.002353    
7500     750032030    5.998669    
7500     750032040    5.993134    
7500     750032050    5.988785    
7500     750032060    5.984720    
7500     750032070    5.982545    
7500     750032080    5.980132    
7500     750032090    5.976259    
7500     750032100    5.972079    
7500     750032110    5.969968    
7500     750032120    5.965495    
7500     750032130    5.961108    
7500     750032140    5.959232    
7500     750032150    5.955044    
7500     750032160    5.950290    
7500     750032170    5.947504    
7500     750032180    5.945529    
7500     750032190    5.942681    
7500     750032200    5.939426    
7500     750032210    5.936715    
7500     750032220    5.931118    
7500     750032230    5.928633    
7500     750032240    5.926107    
7500     750032250    5.922904    
7500     750032260    5.919524    
7500     750032270    5.913815    
7500     750032280    5.909313    
7500     750032290    5.906443    
7500     750032300    5.903082    
7500     750032310    5.899610    
7500     750032320    5.895903    
7500     750032330    5.893387    
7500     750032340    5.890788    
7500     750032350    5.887279    
7500     750032360    5.884772    
7500     750032370    5.879295    
7500     750032380    5.877880    
7500     750032390    5.873730    
7500     750032400    5.867361    
7500     750032410    5.864047    
7500     750032420    5.858955    
7500     750032430    5.856721    
7500     750032440    5.853855    
7500     750032450    5.849946    
7500     750032460    5.845958    
7500     750032470    5.843389    
7500     750032480    5.840213    
7500     750032490    5.837518    
7500     750032500    5.834968    
7500     750032510    5.831207    
7500     750032520    5.825881    
7500     750032530    5.822400    
7500     750032540    5.818367    
7500     750032550    5.814820    
7500     750032560    5.812856    
7500     750032570    5.806631    
7500     750032580    5.804016    
7500     750032590    5.802219    
7500     750032600    5.798357    
7500     750032610    5.794096    
7500     750032620    5.790341    
7500     750032630    5.788222    
7500     750032640    5.781723    
7500     750032650    5.780107    
7500     750032660    5.777060    
7500     750032670    5.772966    
7500     750032680    5.771720    
7500     750032690    5.768305    
7500     750032700    5.764401    
7500     750032710    5.762171    
7500     750032720    5.758719    
7500     750032730    5.755916    
7500     750032740    5.752117    
7500     750032750    5.748057    
7500     750032760    5.745652    
7500     750032770    5.743323    
7500     750032780    5.740363    
7500     750032790    5.737031    
7500     750032800    5.734503    
7500     750032810    5.731520    
7500     750032820    5.728302    
7500     750032830    5.726374    
7500     750032840    5.724537    
7500     750032850    5.721041    
7500     750032860    5.717917    
7500     750032870    5.716408    
7500     750032880    5.712492    
7500     750032890    5.711360    
7500     750032900    5.707905    
7500     750032910    5.703580    
7500     750032920    5.701188    
7500     750032930    5.696962    
7500     750032940    5.694373    
7500     750032950    5.691555    
7500     750032960    5.689692    
7500     750032970    5.687180    
7500     750032980    5.685030    
7500     750032990    5.681249    
7500     750033000    5.678808    
7500     750033010    5.674170    
7500     750033020    5.671103    
7500     750033030    5.666640    
7500     750033040    5.664045    
7500     750033050    5.662762    
7500     750033060    5.658244    
7500     750033070    5.655395    
7500     750033080    5.650363    
7500     750033090    5.646268    
7500     750033100    5.642638    
7500     750033110    5.638781    
7500     750033120    5.634972    
7500     750033130    5.631650    
7500     750033140    5.628403    
7500     750033150    5.624593    
7500     750033160    5.619648    
7500     750033170    5.615168    
7500     750033180    5.610601    
7500     750033190    5.608813    
7500     750033200    5.604160    
7500     750033210    5.602485    
7500     750033220    5.600183    
7500     750033230    5.594512    
7500     750033240    5.588861    
7500     750033250    5.584859    
7500     750033260    5.581650    
7500     750033270    5.578228    
7500     750033280    5.574723    
7500     750033290    5.571659    
7500     750033300    5.568394    
7500     750033310    5.564766    
7500     750033320    5.562169    
7500     750033330    5.557007    
7500     750033340    5.552765    
7500     750033350    5.550300    
7500     750033360    5.547131    
7500     750033370    5.542354    
7500     750033380    5.539846    
7500     750033390    5.537626    
7500     750033400    5.535509    
7500     750033410    5.534176    
7500     750033420    5.530920    
7500     750033430    5.528615    
7500     750033440    5.524972    
7500     750033450    5.521099    
7500     750033460    5.519239    
7500     750033470    5.516350    
7500     750033480    5.513436    
7500     750033490    5.510107    
7500     750033500    5.505636    
7500     750033510    5.501642    
7500     750033520    5.499250    
7500     750033530    5.496367    
7500     750033540    5.493360    
7500     750033550    5.490155    
7500     750033560    5.488325    
7500     750033570    5.484573    
7500     750033580    5.478908    
7500     750033590    5.476764    
7500     750033600    5.475070    
7500     750033610    5.472164    
7500     750033620    5.468610    
7500     750033630    5.465336    
7500     750033640    5.463662    
7500     750033650    5.461908    
7500     750033660    5.459663    
7500     750033670    5.454656    
7500     750033680    5.450107    
7500     750033690    5.445885    
7500     750033700    5.440325    
7500     750033710    5.437470    
7500     750033720    5.436082    
7500     750033730    5.432580    
7500     750033740    5.431087    
7500     750033750    5.429910    
7500     750033760    5.427254    
7500     750033770    5.424680    
7500     750033780    5.421402    
7500     750033790    5.419274    
7500     750033800    5.418198    
7500     750033810    5.415384    
7500     750033820    5.412530    
7500     750033830    5.410837    
7500     750033840    5.406476    
7500     750033850    5.404522    
7500     750033860    5.402100    
7500     750033870    5.400206    
7500     750033880    5.397978    
7500     750033890    5.393902    
7500     750033900    5.391647    
7500     750033910    5.388561    
7500     750033920    5.386726    
7500     750033930    5.383294    
7500     750033940    5.378981    
7500     750033950    5.376307    
7500     750033960    5.374828    
7500     750033970    5.372303    
7500     750033980    5.369711    
7500     750033990    5.365830    
7500     750034000    5.363058    
7500     750034010    5.359682    
7500     750034020    5.356369    
7500     750034030    5.354328    
7500     750034040    5.349822    
7500     750034050    5.346774    
7500     750034060    5.344430    
7500     750034070    5.341536    
7500     750034080    5.338903    
7500     750034090    5.336359    
7500     750034100    5.334013    
7500     750034110    5.332397    
7500     750034120    5.328864    
7500     750034130    5.325416    
7500     750034140    5.322752    
7500     750034150    5.319243    
7500     750034160    5.316395    
7500     750034170    5.313600    
7500     750034180    5.312155    
7500     750034190    5.309552    
7500     750034200    5.307631    
7500     750034210    5.305542    
7500     750034220    5.301600    
7500     750034230    5.298697    
7500     750034240    5.295385    
7500     750034250    5.292254    
7500     750034260    5.290155    
7500     750034270    5.287105    
7500     750034280    5.283174    
7500     750034290    5.281399    
7500     750034300    5.278244    
7500     750034310    5.276091    
7500     750034320    5.272149    
7500     750034330    5.269772    
7500     750034340    5.265967    
7500     750034350    5.261550    
7500     750034360    5.257655    
7500     750034370    5.254734    
7500     750034380    5.252892    
7500     750034390    5.251548    
7500     750034400    5.250024    
7500     750034410    5.248027    
7500     750034420    5.244564    
7500     750034430    5.241667    
7500     750034440    5.238795    
7500     750034450    5.237022    
7500     750034460    5.232900    
7500     750034470    5.230197    
7500     750034480    5.227951    
7500     750034490    5.225691    
7500     750034500    5.224590    
7500     750034510    5.222695    
7500     750034520    5.220305    
7500     750034530    5.218681    
7500     750034540    5.215309    
7500     750034550    5.213632    
7500     750034560    5.210013    
7500     750034570    5.208343    
7500     750034580    5.205121    
7500     750034590    5.200336    
7500     750034600    5.196907    
7500     750034610    5.194818    
7500     750034620    5.192977    
7500     750034630    5.191973    
7500     750034640    5.188615    
7500     750034650    5.187469    
7500     750034660    5.184430    
7500     750034670    5.181234    
7500     750034680    5.178438    
7500     750034690    5.177129    
7500     750034700    5.174510    
7500     750034710    5.172951    
7500     750034720    5.169288    
7500     750034730    5.167262    
7500     750034740    5.164531    
7500     750034750    5.160102    
7500     750034760    5.156929    
7500     750034770    5.154303    
7500     750034780    5.150907    
7500     750034790    5.146143    
7500     750034800    5.144149    
7500     750034810    5.140342    
7500     750034820    5.137652    
7500     750034830    5.135727    
7500     750034840    5.132421    
7500     750034850    5.130025    
7500     750034860    5.127442    
7500     750034870    5.124889    
7500     750034880    5.120484    
7500     750034890    5.116675    
7500     750034900    5.114673    
7500     750034910    5.111306    
7500     750034920    5.108301    
7500     750034930    5.105230    
7500     750034940    5.103529    
7500     750034950    5.100417    
7500     750034960    5.096937    
7500     750034970    5.095370    
7500     750034980    5.090036    
7500     750034990    5.086680    
7500     750035000    5.084449    
7500     750035010    5.081788    
7500     750035020    5.078981    
7500     750035030    5.075768    
7500     750035040    5.072198    
7500     750035050    5.070896    
7500     750035060    5.068844    
7500     750035070    5.064899    
7500     750035080    5.060972    
7500     750035090    5.058985    
7500     750035100    5.057309    
7500     750035110    5.053035    
7500     750035120    5.050725    
7500     750035130    5.047352    
7500     750035140    5.045304    
7500     750035150    5.042368    
7500     750035160    5.038126    
7500     750035170    5.035622    
7500     750035180    5.033595    
7500     750035190    5.029934    
7500     750035200    5.028613    
7500     750035210    5.026170    
7500     750035220    5.021387    
7500     750035230    5.018333    
7500     750035240    5.014518    
7500     750035250    5.012897    
7500     750035260    5.010871    
7500     750035270    5.009276    
7500     750035280    5.005937    
7500     750035290    5.001365    
7500     750035300    4.999502    
7500     750035310    4.996421    
7500     750035320    4.994467    
7500     750035330    4.993764    
7500     750035340    4.992359    
7500     750035350    4.990130    
7500     750035360    4.987395    
7500     750035370    4.984705    
7500     750035380    4.982913    
7500     750035390    4.981535    
7500     750035400    4.975727    
7500     750035410    4.973312    
7500     750035420    4.969929    
7500     750035430    4.968737    
7500     750035440    4.965507    
7500     750035450    4.962540    
7500     750035460    4.957503    
7500     750035470    4.955004    
7500     750035480    4.952929    
7500     750035490    4.949502    
7500     750035500    4.947393    
7500     750035510    4.943703    
7500     750035520    4.939622    
7500     750035530    4.937360    
7500     750035540    4.935627    
7500     750035550    4.933736    
7500     750035560    4.931501    
7500     750035570    4.928879    
7500     750035580    4.924775    
7500     750035590    4.922649    
7500     750035600    4.921793    
7500     750035610    4.919027    
7500     750035620    4.915447    
7500     750035630    4.912087    
7500     750035640    4.910609    
7500     750035650    4.907743    
7500     750035660    4.904273    
7500     750035670    4.903237    
7500     750035680    4.898991    
7500     750035690    4.893443    
7500     750035700    4.891095    
7500     750035710    4.889578    
7500     750035720    4.888239    
7500     750035730    4.886819    
7500     750035740    4.883934    
7500     750035750    4.880573    
7500     750035760    4.878571    
7500     750035770    4.876295    
7500     750035780    4.874832    
7500     750035790    4.871769    
7500     750035800    4.868534    
7500     750035810    4.867260    
7500     750035820    4.866044    
7500     750035830    4.864249    
7500     750035840    4.862135    
7500     750035850    4.859512    
7500     750035860    4.856827    
7500     750035870    4.855436    
7500     750035880    4.851840    
7500     750035890    4.850117    
7500     750035900    4.846319    
7500     750035910    4.844547    
7500     750035920    4.841935    
7500     750035930    4.839989    
7500     750035940    4.837582    
7500     750035950    4.835431    
7500     750035960    4.834032    
7500     750035970    4.833099    
7500     750035980    4.828630    
7500     750035990    4.825440    
7500     750036000    4.819192    
7500     750036010    4.816617    
7500     750036020    4.812531    
7500     750036030    4.810421    
7500     750036040    4.808208    
7500     750036050    4.806917    
7500     750036060    4.806190    
7500     750036070    4.803092    
7500     750036080    4.801285    
7500     750036090    4.798903    
7500     750036100    4.797937    
7500     750036110    4.795993    
7500     750036120    4.792847    
7500     750036130    4.788767    
7500     750036140    4.786701    
7500     750036150    4.785577    
7500     750036160    4.783620    
7500     750036170    4.781349    
7500     750036180    4.779649    
7500     750036190    4.775916    
7500     750036200    4.774480    
7500     750036210    4.771618    
7500     750036220    4.769049    
7500     750036230    4.766306    
7500     750036240    4.764207    
7500     750036250    4.761469    
7500     750036260    4.758701    
7500     750036270    4.756577    
7500     750036280    4.751240    
7500     750036290    4.749140    
7500     750036300    4.747264    
7500     750036310    4.744270    
7500     750036320    4.742182    
7500     750036330    4.740530    
7500     750036340    4.736781    
7500     750036350    4.734412    
7500     750036360    4.732379    
7500     750036370    4.728209    
7500     750036380    4.725566    
7500     750036390    4.724236    
7500     750036400    4.722919    
7500     750036410    4.721554    
7500     750036420    4.719821    
7500     750036430    4.718750    
7500     750036440    4.715849    
7500     750036450    4.714207    
7500     750036460    4.712564    
7500     750036470    4.709500    
7500     750036480    4.707623    
7500     750036490    4.703995    
7500     750036500    4.703039    
7500     750036510    4.701406    
7500     750036520    4.698177    
7500     750036530    4.696078    
7500     750036540    4.690872    
7500     750036550    4.689578    
7500     750036560    4.688664    
7500     750036570    4.687474    
7500     750036580    4.685331    
7500     750036590    4.684786    
7500     750036600    4.682597    
7500     750036610    4.679726    
7500     750036620    4.676532    
7500     750036630    4.670897    
7500     750036640    4.668632    
7500     750036650    4.665920    
7500     750036660    4.662867    
7500     750036670    4.659973    
7500     750036680    4.656507    
7500     750036690    4.653836    
7500     750036700    4.651878    
7500     750036710    4.649888    
7500     750036720    4.647439    
7500     750036730    4.645789    
7500     750036740    4.641998    
7500     750036750    4.640504    
7500     750036760    4.638642    
7500     750036770    4.637348    
7500     750036780    4.635301    
7500     750036790    4.632370    
7500     750036800    4.630884    
7500     750036810    4.627918    
7500     750036820    4.626121    
7500     750036830    4.625404    
7500     750036840    4.623944    
7500     750036850    4.621502    
7500     750036860    4.619022    
7500     750036870    4.617215    
7500     750036880    4.613288    
7500     750036890    4.611481    
7500     750036900    4.609644    
7500     750036910    4.608008    
7500     750036920    4.605477    
7500     750036930    4.604985    
7500     750036940    4.601088    
7500     750036950    4.598792    
7500     750036960    4.597482    
7500     750036970    4.595645    
7500     750036980    4.594321    
7500     750036990    4.593421    
7500     750037000    4.591784    
7500     750037010    4.590658    
7500     750037020    4.588562    
7500     750037030    4.586873    
7500     750037040    4.585510    
7500     750037050    4.583126    
7500     750037060    4.580766    
7500     750037070    4.576494    
7500     750037080    4.574074    
7500     750037090    4.570366    
7500     750037100    4.569255    
7500     750037110    4.567063    
7500     750037120    4.565049    
7500     750037130    4.563468    
7500     750037140    4.561473    
7500     750037150    4.557711    
7500     750037160    4.556295    
7500     750037170    4.555029    
7500     750037180    4.552802    
7500     750037190    4.550344    
7500     750037200    4.548146    
7500     750037210    4.543632    
7500     750037220    4.541079    
7500     750037230    4.538557    
7500     750037240    4.536572    
7500     750037250    4.534493    
7500     750037260    4.532305    
7500     750037270    4.531227    
7500     750037280    4.529454    
7500     750037290    4.527127    
7500     750037300    4.524752    
7500     750037310    4.522822    
7500     750037320    4.521403    
7500     750037330    4.518824    
7500     750037340    4.517233    
7500     750037350    4.514855    
7500     750037360    4.512315    
7500     750037370    4.509973    
7500     750037380    4.506348    
7500     750037390    4.503896    
7500     750037400    4.501733    
7500     750037410    4.498549    
7500     750037420    4.494854    
7500     750037430    4.491904    
7500     750037440    4.489282    
7500     750037450    4.486797    
7500     750037460    4.485302    
7500     750037470    4.482965    
7500     750037480    4.481310    
7500     750037490    4.478597    
7500     750037500    4.475300    
7500     750037510    4.473151    
7500     750037520    4.470997    
7500     750037530    4.469095    
7500     750037540    4.467097    
7500     750037550    4.464969    
7500     750037560    4.464061    
7500     750037570    4.461700    
7500     750037580    4.460377    
7500     750037590    4.457577    
7500     750037600    4.456084    
7500     750037610    4.454544    
7500     750037620    4.451698    
7500     750037630    4.449942    
7500     750037640    4.446996    
7500     750037650    4.443755    
7500     750037660    4.441122    
7500     750037670    4.438872    
7500     750037680    4.438112    
7500     750037690    4.436296    
7500     750037700    4.435054    
7500     750037710    4.430783    
7500     750037720    4.430229    
7500     750037730    4.428534    
7500     750037740    4.426628    
7500     750037750    4.425513    
7500     750037760    4.423057    
7500     750037770    4.422176    
7500     750037780    4.421327    
7500     750037790    4.419254    
7500     750037800    4.417564    
7500     750037810    4.415011    
7500     750037820    4.413702    
7500     750037830    4.413113    
7500     750037840    4.412503    
7500     750037850    4.408916    
7500     750037860    4.407911    
7500     750037870    4.405973    
7500     750037880    4.404272    
7500     750037890    4.401763    
7500     750037900    4.399518    
7500     750037910    4.397801    
7500     750037920    4.396885    
7500     750037930    4.395651    
7500     750037940    4.391722    
7500     750037950    4.390299    
7500     750037960    4.388670    
7500     750037970    4.387336    
7500     750037980    4.386434    
7500     750037990    4.383851    
7500     750038000    4.382934    
7500     750038010    4.380468    
7500     750038020    4.379567    
7500     750038030    4.377104    
7500     750038040    4.375813    
7500     750038050    4.373576    
7500     750038060    4.371879    
7500     750038070    4.369526    
7500     750038080    4.366962    
7500     750038090    4.364953    
7500     750038100    4.363371    
7500     750038110    4.362861    
7500     750038120    4.360686    
7500     750038130    4.357746    
7500     750038140    4.356043    
7500     750038150    4.354259    
7500     750038160    4.353529    
7500     750038170    4.351781    
7500     750038180    4.349211    
7500     750038190    4.348263    
7500     750038200    4.346777    
7500     750038210    4.345478    
7500     750038220    4.343982    
7500     750038230    4.342850    
7500     750038240    4.339946    
7500     750038250    4.338273    
7500     750038260    4.336388    
7500     750038270    4.334637    
7500     750038280    4.332689    
7500     750038290    4.330368    
7500     750038300    4.328078    
7500     750038310    4.326529    
7500     750038320    4.323938    
7500     750038330    4.322624    
7500     750038340    4.321182    
7500     750038350    4.320501    
7500     750038360    4.319481    
7500     750038370    4.317036    
7500     750038380    4.315397    
7500     750038390    4.313930    
7500     750038400    4.311675    
7500     750038410    4.310085    
7500     750038420    4.308576    
7500     750038430    4.307693    
7500     750038440    4.306989    
7500     750038450    4.304900    
7500     750038460    4.303542    
7500     750038470    4.301981    
7500     750038480    4.300681    
7500     750038490    4.299800    
7500     750038500    4.297459    
7500     750038510    4.296222    
7500     750038520    4.295186    
7500     750038530    4.292963    
7500     750038540    4.291324    
7500     750038550    4.289427    
7500     750038560    4.288177    
7500     750038570    4.286504    
7500     750038580    4.283735    
7500     750038590    4.281925    
7500     750038600    4.278511    
7500     750038610    4.275843    
7500     750038620    4.273585    
7500     750038630    4.272015    
7500     750038640    4.270270    
7500     750038650    4.269123    
7500     750038660    4.266900    
7500     750038670    4.264201    
7500     750038680    4.263011    
7500     750038690    4.261770    
7500     750038700    4.260614    
7500     750038710    4.258905    
7500     750038720    4.257327    
7500     750038730    4.255606    
7500     750038740    4.252164    
7500     750038750    4.250300    
7500     750038760    4.248531    
7500     750038770    4.246962    
7500     750038780    4.244864    
7500     750038790    4.242773    
7500     750038800    4.241195    
7500     750038810    4.240242    
7500     750038820    4.238888    
7500     750038830    4.236930    
7500     750038840    4.235757    
7500     750038850    4.234619    
7500     750038860    4.233788    
7500     750038870    4.232335    
7500     750038880    4.229904    
7500     750038890    4.227645    
7500     750038900    4.225539    
7500     750038910    4.222708    
7500     750038920    4.221692    
7500     750038930    4.220588    
7500     750038940    4.218817    
7500     750038950    4.216455    
7500     750038960    4.214592    
7500     750038970    4.213394    
7500     750038980    4.211521    
7500     750038990    4.210168    
7500     750039000    4.208373    
7500     750039010    4.205977    
7500     750039020    4.205544    
7500     750039030    4.203155    
7500     750039040    4.200672    
7500     750039050    4.199615    
7500     750039060    4.198874    
7500     750039070    4.197570    
7500     750039080    4.195580    
7500     750039090    4.193977    
7500     750039100    4.192281    
7500     750039110    4.190901    
7500     750039120    4.189561    
7500     750039130    4.188526    
7500     750039140    4.187753    
7500     750039150    4.186237    
7500     750039160    4.185021    
7500     750039170    4.184246    
7500     750039180    4.183315    
7500     750039190    4.181423    
7500     750039200    4.179423    
7500     750039210    4.177680    
7500     750039220    4.175294    
7500     750039230    4.173272    
7500     750039240    4.170546    
7500     750039250    4.169585    
7500     750039260    4.168541    
7500     750039270    4.166718    
7500     750039280    4.165419    
7500     750039290    4.164230    
7500     750039300    4.163784    
7500     750039310    4.162568    
7500     750039320    4.161403    
7500     750039330    4.159648    
7500     750039340    4.156679    
7500     750039350    4.155754    
7500     750039360    4.154853    
7500     750039370    4.152969    
7500     750039380    4.151428    
7500     750039390    4.149516    
7500     750039400    4.148132    
7500     750039410    4.147292    
7500     750039420    4.145352    
7500     750039430    4.144102    
7500     750039440    4.141642    
7500     750039450    4.140770    
7500     750039460    4.139361    
7500     750039470    4.137507    
7500     750039480    4.135744    
7500     750039490    4.134588    
7500     750039500    4.132406    
7500     750039510    4.131424    
7500     750039520    4.130071    
7500     750039530    4.128611    
7500     750039540    4.127470    
7500     750039550    4.124919    
7500     750039560    4.124037    
7500     750039570    4.121818    
7500     750039580    4.119429    
7500     750039590    4.117799    
7500     750039600    4.116173    
7500     750039610    4.114218    
7500     750039620    4.112354    
7500     750039630    4.111381    
7500     750039640    4.108289    
7500     750039650    4.106374    
7500     750039660    4.104722    
7500     750039670    4.102333    
7500     750039680    4.101048    
7500     750039690    4.100453    
7500     750039700    4.099325    
7500     750039710    4.098349    
7500     750039720    4.096315    
7500     750039730    4.095490    
7500     750039740    4.094051    
7500     750039750    4.092268    
7500     750039760    4.091890    
7500     750039770    4.090543    
7500     750039780    4.090115    
7500     750039790    4.088625    
7500     750039800    4.086401    
7500     750039810    4.085690    
7500     750039820    4.083965    
7500     750039830    4.083092    
7500     750039840    4.081414    
7500     750039850    4.078605    
7500     750039860    4.075280    
7500     750039870    4.074306    
7500     750039880    4.073678    
7500     750039890    4.072293    
7500     750039900    4.070906    
7500     750039910    4.070323    
7500     750039920    4.069197    
7500     750039930    4.067954    
7500     750039940    4.066925    
7500     750039950    4.065698    
7500     750039960    4.064332    
7500     750039970    4.063150    
7500     750039980    4.061714    
7500     750039990    4.060397    
7500     750040000    4.059815    
7501     750140000    4.059765    
7511     751140000    4.056978    
7521     752140000    4.054287    
7531     753140000    4.052134    
7541     754140000    4.048726    
7551     755140000    4.047534    
7561     756140000    4.045185    
7571     757140000    4.042329    
7581     758140000    4.040397    
7591     759140000    4.039000    
7601     760140000    4.037550    
7611     761140000    4.035307    
7621     762140000    4.032393    
7631     763140000    4.030452    
7641     764140000    4.028332    
7651     765140000    4.025911    
7661     766140000    4.023971    
7671     767140000    4.022134    
7681     768140000    4.019570    
7691     769140000    4.016139    
7701     770140000    4.013363    
7711     771140000    4.011106    
7721     772140000    4.008176    
7731     773140000    4.006079    
7741     774140000    4.003288    
7751     775140000    4.001736    
7761     776140000    3.998639    
7771     777140000    3.996567    
7781     778140000    3.994520    
7791     779140000    3.992462    
7801     780140000    3.990046    
7811     781140000    3.987853    
7821     782140000    3.985729    
7831     783140000    3.983541    
7841     784140000    3.981255    
7851     785140000    3.978696    
7861     786140000    3.975820    
7871     787140000    3.973326    
7881     788140000    3.970954    
7891     789140000    3.968481    
7901     790140000    3.966893    
7911     791140000    3.964905    
7921     792140000    3.962210    
7931     793140000    3.960602    
7941     794140000    3.959064    
7951     795140000    3.957156    
7961     796140000    3.955659    
7971     797140000    3.953132    
7981     798140000    3.950944    
7991     799140000    3.949295    
8001     800140000    3.948226    
8011     801140000    3.945971    
8021     802140000    3.945014    
8031     803140000    3.943483    
8041     804140000    3.942930    
8051     805140000    3.941223    
8061     806140000    3.940354    
8071     807140000    3.939155    
8081     808140000    3.937271    
8091     809140000    3.934700    
8101     810140000    3.932655    
8111     811140000    3.927953    
8121     812140000    3.924311    
8131     813140000    3.922375    
8141     814140000    3.919322    
8151     815140000    3.918138    
8161     816140000    3.916302    
8171     817140000    3.914597    
8181     818140000    3.912859    
8191     819140000    3.911727    
8201     820140000    3.910341    
8211     821140000    3.908221    
8221     822140000    3.905780    
8231     823140000    3.904052    
8241     824140000    3.901012    
8251     825140000    3.898682    
8261     826140000    3.896688    
8271     827140000    3.895339    
8281     828140000    3.893382    
8291     829140000    3.891778    
8301     830140000    3.890261    
8311     831140000    3.888134    
8321     832140000    3.886804    
8331     833140000    3.885117    
8341     834140000    3.882366    
8351     835140000    3.880940    
8361     836140000    3.878225    
8371     837140000    3.876123    
8381     838140000    3.874686    
8391     839140000    3.871846    
8401     840140000    3.868407    
8411     841140000    3.866685    
8421     842140000    3.865554    
8431     843140000    3.864073    
8441     844140000    3.863410    
8451     845140000    3.861136    
8461     846140000    3.859087    
8471     847140000    3.857134    
8481     848140000    3.855017    
8491     849140000    3.852534    
8501     850140000    3.851100    
8511     851140000    3.848614    
8521     852140000    3.846780    
8531     853140000    3.843692    
8541     854140000    3.841910    
8551     855140000    3.839869    
8561     856140000    3.838398    
8571     857140000    3.835787    
8581     858140000    3.833237    
8591     859140000    3.831673    
8601     860140000    3.829925    
8611     861140000    3.828700    
8621     862140000    3.826952    
8631     863140000    3.825331    
8641     864140000    3.823651    
8651     865140000    3.821781    
8661     866140000    3.820149    
8671     867140000    3.818297    
8681     868140000    3.817307    
8691     869140000    3.815763    
8701     870140000    3.814408    
8711     871140000    3.811978    
8721     872140000    3.810550    
8731     873140000    3.808336    
8741     874140000    3.807058    
8751     875140000    3.804435    
8761     876140000    3.802814    
8771     877140000    3.801553    
8781     878140000    3.800300    
8791     879140000    3.798620    
8801     880140000    3.796138    
8811     881140000    3.793809    
8821     882140000    3.791964    
8831     883140000    3.789663    
8841     884140000    3.787499    
8851     885140000    3.786273    
8861     886140000    3.784260    
8871     887140000    3.781691    
8881     888140000    3.780584    
8891     889140000    3.778564    
8901     890140000    3.776282    
8911     891140000    3.774704    
8921     892140000    3.772592    
8931     893140000    3.771822    
8941     894140000    3.769127    
8951     895140000    3.767879    
8961     896140000    3.766420    
8971     897140000    3.764256    
8981     898140000    3.761477    
8991     899140000    3.759947    
9001     900140000    3.757693    
9011     901140000    3.755627    
9021     902140000    3.754364    
9031     903140000    3.753125    
9041     904140000    3.751819    
9051     905140000    3.748866    
9061     906140000    3.747079    
9071     907140000    3.744658    
9081     908140000    3.742293    
9091     909140000    3.739957    
9101     910140000    3.738726    
9111     911140000    3.736236    
9121     912140000    3.734711    
9131     913140000    3.733195    
9141     914140000    3.731348    
9151     915140000    3.730030    
9161     916140000    3.728200    
9171     917140000    3.725825    
9181     918140000    3.724635    
9191     919140000    3.722802    
9201     920140000    3.719499    
9211     921140000    3.717899    
9221     922140000    3.716876    
9231     923140000    3.715815    
9241     924140000    3.713376    
9251     925140000    3.712088    
9261     926140000    3.710996    
9271     927140000    3.709605    
9281     928140000    3.708127    
9291     929140000    3.706604    
9301     930140000    3.704011    
9311     931140000    3.702742    
9321     932140000    3.700492    
9331     933140000    3.698951    
9341     934140000    3.696995    
9351     935140000    3.695791    
9361     936140000    3.695158    
9371     937140000    3.693371    
9381     938140000    3.691195    
9391     939140000    3.689522    
9401     940140000    3.687062    
9411     941140000    3.685403    
9421     942140000    3.684561    
9431     943140000    3.682689    
9441     944140000    3.681189    
9451     945140000    3.679126    
9461     946140000    3.677645    
9471     947140000    3.675853    
9481     948140000    3.673810    
9491     949140000    3.672105    
9501     950140000    3.671052    
9511     951140000    3.670005    
9521     952140000    3.668481    
9531     953140000    3.666042    
9541     954140000    3.665052    
9551     955140000    3.662968    
9561     956140000    3.660005    
9571     957140000    3.658349    
9581     958140000    3.657248    
9591     959140000    3.656367    
9601     960140000    3.654410    
9611     961140000    3.651564    
9621     962140000    3.650691    
9631     963140000    3.648467    
9641     964140000    3.647092    
9651     965140000    3.645015    
9661     966140000    3.642973    
9671     967140000    3.641173    
9681     968140000    3.639426    
9691     969140000    3.637542    
9701     970140000    3.635890    
9711     971140000    3.633391    
9721     972140000    3.631260    
9731     973140000    3.629592    
9741     974140000    3.627598    
9751     975140000    3.626096    
9761     976140000    3.624408    
9771     977140000    3.623822    
9781     978140000    3.621102    
9791     979140000    3.619133    
9801     980140000    3.617773    
9811     981140000    3.616112    
9821     982140000    3.614104    
9831     983140000    3.612029    
9841     984140000    3.611010    
9851     985140000    3.609833    
9861     986140000    3.607072    
9871     987140000    3.605126    
9881     988140000    3.603427    
9891     989140000    3.601684    
9901     990140000    3.600372    
9911     991140000    3.598275    
9921     992140000    3.596741    
9931     993140000    3.594928    
9941     994140000    3.593536    
9951     995140000    3.592540    
9961     996140000    3.591385    
9971     997140000    3.590563    
9981     998140000    3.588226    
9991     999140000    3.586421    
10001    1000140000   3.585363    
10011    1001140000   3.584101    
10021    1002140000   3.583155    
10031    1003140000   3.581484    
10041    1004140000   3.580433    
10051    1005140000   3.578137    
10061    1006140000   3.576478    
10071    1007140000   3.575269    
10081    1008140000   3.573192    
10091    1009140000   3.571745    
10101    1010140000   3.569541    
10111    1011140000   3.568623    
10121    1012140000   3.567373    
10131    1013140000   3.565859    
10141    1014140000   3.564457    
10151    1015140000   3.561767    
10161    1016140000   3.560158    
10171    1017140000   3.557666    
10181    1018140000   3.556349    
10191    1019140000   3.553540    
10201    1020140000   3.552558    
10211    1021140000   3.550837    
10221    1022140000   3.549522    
10231    1023140000   3.547645    
10241    1024140000   3.546166    
10251    1025140000   3.545091    
10261    1026140000   3.544238    
10271    1027140000   3.541614    
10281    1028140000   3.540842    
10291    1029140000   3.539927    
10301    1030140000   3.538299    
10311    1031140000   3.537038    
10321    1032140000   3.536321    
10331    1033140000   3.534448    
10341    1034140000   3.533618    
10351    1035140000   3.532537    
10361    1036140000   3.530745    
10371    1037140000   3.529034    
10381    1038140000   3.528043    
10391    1039140000   3.525759    
10401    1040140000   3.524437    
10411    1041140000   3.522625    
10421    1042140000   3.521276    
10431    1043140000   3.520178    
10441    1044140000   3.519204    
10451    1045140000   3.517358    
10461    1046140000   3.516459    
10471    1047140000   3.515331    
10481    1048140000   3.514498    
10491    1049140000   3.512938    
10501    1050140000   3.511562    
10511    1051140000   3.509639    
10521    1052140000   3.507438    
10531    1053140000   3.504662    
10541    1054140000   3.502999    
10551    1055140000   3.501864    
10561    1056140000   3.500830    
10571    1057140000   3.499403    
10581    1058140000   3.498036    
10591    1059140000   3.496571    
10601    1060140000   3.495475    
10611    1061140000   3.494413    
10621    1062140000   3.492185    
10631    1063140000   3.490929    
10641    1064140000   3.489577    
10651    1065140000   3.487772    
10661    1066140000   3.486816    
10671    1067140000   3.484769    
10681    1068140000   3.483558    
10691    1069140000   3.481232    
10701    1070140000   3.479463    
10711    1071140000   3.478688    
10721    1072140000   3.477618    
10731    1073140000   3.475933    
10741    1074140000   3.474030    
10751    1075140000   3.471246    
10761    1076140000   3.470274    
10771    1077140000   3.469158    
10781    1078140000   3.467793    
10791    1079140000   3.465687    
10801    1080140000   3.463850    
10811    1081140000   3.462060    
10821    1082140000   3.460149    
10831    1083140000   3.458914    
10841    1084140000   3.457464    
10851    1085140000   3.456443    
10861    1086140000   3.454345    
10871    1087140000   3.452996    
10881    1088140000   3.451640    
10891    1089140000   3.450042    
10901    1090140000   3.447611    
10911    1091140000   3.445540    
10921    1092140000   3.444753    
10931    1093140000   3.442967    
10941    1094140000   3.441072    
10951    1095140000   3.439437    
10961    1096140000   3.437335    
10971    1097140000   3.435627    
10981    1098140000   3.434673    
10991    1099140000   3.433562    
11001    1100140000   3.432141    
11011    1101140000   3.430833    
11021    1102140000   3.429460    
11031    1103140000   3.428363    
11041    1104140000   3.427433    
11051    1105140000   3.425684    
11061    1106140000   3.423384    
11071    1107140000   3.421344    
11081    1108140000   3.419401    
11091    1109140000   3.418451    
11101    1110140000   3.417278    
11111    1111140000   3.414799    
11121    1112140000   3.413581    
11131    1113140000   3.412044    
11141    1114140000   3.410273    
11151    1115140000   3.409177    
11161    1116140000   3.407621    
11171    1117140000   3.406561    
11181    1118140000   3.405044    
11191    1119140000   3.403610    
11201    1120140000   3.402663    
11211    1121140000   3.401842    
11221    1122140000   3.400643    
11231    1123140000   3.399720    
11241    1124140000   3.398511    
11251    1125140000   3.396989    
11261    1126140000   3.396235    
11271    1127140000   3.394665    
11281    1128140000   3.393529    
11291    1129140000   3.392677    
11301    1130140000   3.390194    
11311    1131140000   3.388933    
11321    1132140000   3.387116    
11331    1133140000   3.385975    
11341    1134140000   3.384551    
11351    1135140000   3.383742    
11361    1136140000   3.382619    
11371    1137140000   3.381791    
11381    1138140000   3.380767    
11391    1139140000   3.378429    
11401    1140140000   3.377183    
11411    1141140000   3.375644    
11421    1142140000   3.374586    
11431    1143140000   3.373907    
11441    1144140000   3.372586    
11451    1145140000   3.371851    
11461    1146140000   3.370693    
11471    1147140000   3.369560    
11481    1148140000   3.368130    
11491    1149140000   3.366846    
11501    1150140000   3.365594    
11511    1151140000   3.364190    
11521    1152140000   3.363189    
11531    1153140000   3.362122    
11541    1154140000   3.361147    
11551    1155140000   3.360160    
11561    1156140000   3.359020    
11571    1157140000   3.357789    
11581    1158140000   3.356925    
11591    1159140000   3.356052    
11601    1160140000   3.354537    
11611    1161140000   3.352850    
11621    1162140000   3.350792    
11631    1163140000   3.349838    
11641    1164140000   3.348636    
11651    1165140000   3.347399    
11661    1166140000   3.346541    
11671    1167140000   3.345510    
11681    1168140000   3.344269    
11691    1169140000   3.343049    
11701    1170140000   3.341762    
11711    1171140000   3.340229    
11721    1172140000   3.339072    
11731    1173140000   3.338201    
11741    1174140000   3.337338    
11751    1175140000   3.335716    
11761    1176140000   3.333773    
11771    1177140000   3.332889    
11781    1178140000   3.331620    
11791    1179140000   3.330080    
11801    1180140000   3.328076    
11811    1181140000   3.327038    
11821    1182140000   3.325805    
11831    1183140000   3.324878    
11841    1184140000   3.323466    
11851    1185140000   3.322448    
11861    1186140000   3.321775    
11871    1187140000   3.320462    
11881    1188140000   3.319139    
11891    1189140000   3.318049    
11901    1190140000   3.316247    
11911    1191140000   3.314493    
11921    1192140000   3.313552    
11931    1193140000   3.312372    
11941    1194140000   3.311201    
11951    1195140000   3.310192    
11961    1196140000   3.308972    
11971    1197140000   3.307508    
11981    1198140000   3.306025    
11991    1199140000   3.304903    
12001    1200140000   3.304217    
12011    1201140000   3.302972    
12021    1202140000   3.301620    
12031    1203140000   3.300255    
12041    1204140000   3.299268    
12051    1205140000   3.298028    
12061    1206140000   3.297043    
12071    1207140000   3.295809    
12081    1208140000   3.294845    
12091    1209140000   3.293782    
12101    1210140000   3.292528    
12111    1211140000   3.291293    
12121    1212140000   3.289834    
12131    1213140000   3.287785    
12141    1214140000   3.286730    
12151    1215140000   3.285230    
12161    1216140000   3.284219    
12171    1217140000   3.282764    
12181    1218140000   3.281929    
12191    1219140000   3.280113    
12201    1220140000   3.278996    
12211    1221140000   3.278260    
12221    1222140000   3.276835    
12231    1223140000   3.275886    
12241    1224140000   3.275008    
12251    1225140000   3.273600    
12261    1226140000   3.272204    
12271    1227140000   3.271015    
12281    1228140000   3.269970    
12291    1229140000   3.268420    
12301    1230140000   3.267787    
12311    1231140000   3.266762    
12321    1232140000   3.265886    
12331    1233140000   3.265182    
12341    1234140000   3.263939    
12351    1235140000   3.262207    
12361    1236140000   3.261358    
12371    1237140000   3.260385    
12381    1238140000   3.259546    
12391    1239140000   3.258584    
12401    1240140000   3.257489    
12411    1241140000   3.256732    
12421    1242140000   3.255727    
12431    1243140000   3.254381    
12441    1244140000   3.253693    
12451    1245140000   3.252748    
12461    1246140000   3.251555    
12471    1247140000   3.250357    
12481    1248140000   3.248638    
12491    1249140000   3.247858    
12500    1250040000   3.247245    
12500    1250040000   3.247245    
12500    1250040010   3.246502    
12500    1250040020   3.245405    
12500    1250040030   3.244849    
12500    1250040040   3.244193    
12500    1250040050   3.243579    
12500    1250040060   3.242918    
12500    1250040070   3.241717    
12500    1250040080   3.240515    
12500    1250040090   3.239453    
12500    1250040100   3.238228    
12500    1250040110   3.237352    
12500    1250040120   3.236644    
12500    1250040130   3.235176    
12500    1250040140   3.234398    
12500    1250040150   3.233068    
12500    1250040160   3.232636    
12500    1250040170   3.232181    
12500    1250040180   3.230703    
12500    1250040190   3.229949    
12500    1250040200   3.228579    
12500    1250040210   3.227891    
12500    1250040220   3.227255    
12500    1250040230   3.226089    
12500    1250040240   3.225067    
12500    1250040250   3.223958    
12500    1250040260   3.223294    
12500    1250040270   3.222610    
12500    1250040280   3.221672    
12500    1250040290   3.221082    
12500    1250040300   3.220017    
12500    1250040310   3.219434    
12500    1250040320   3.218471    
12500    1250040330   3.217793    
12500    1250040340   3.216526    
12500    1250040350   3.215906    
12500    1250040360   3.214972    
12500    1250040370   3.213859    
12500    1250040380   3.213226    
12500    1250040390   3.212079    
12500    1250040400   3.211199    
12500    1250040410   3.209907    
12500    1250040420   3.209444    
12500    1250040430   3.208389    
12500    1250040440   3.207656    
12500    1250040450   3.207050    
12500    1250040460   3.206295    
12500    1250040470   3.205292    
12500    1250040480   3.204673    
12500    1250040490   3.204212    
12500    1250040500   3.203356    
12500    1250040510   3.202565    
12500    1250040520   3.201869    
12500    1250040530   3.200926    
12500    1250040540   3.200413    
12500    1250040550   3.200181    
12500    1250040560   3.199291    
12500    1250040570   3.198591    
12500    1250040580   3.197905    
12500    1250040590   3.197270    
12500    1250040600   3.197020    
12500    1250040610   3.196700    
12500    1250040620   3.196201    
12500    1250040630   3.195409    
12500    1250040640   3.195058    
12500    1250040650   3.194316    
12500    1250040660   3.193484    
12500    1250040670   3.192935    
12500    1250040680   3.192229    
12500    1250040690   3.191583    
12500    1250040700   3.191025    
12500    1250040710   3.190277    
12500    1250040720   3.189858    
12500    1250040730   3.189162    
12500    1250040740   3.188387    
12500    1250040750   3.187536    
12500    1250040760   3.187215    
12500    1250040770   3.186801    
12500    1250040780   3.186161    
12500    1250040790   3.185223    
12500    1250040800   3.184071    
12500    1250040810   3.183147    
12500    1250040820   3.182106    
12500    1250040830   3.181319    
12500    1250040840   3.180928    
12500    1250040850   3.179790    
12500    1250040860   3.178915    
12500    1250040870   3.178179    
12500    1250040880   3.177265    
12500    1250040890   3.176821    
12500    1250040900   3.176185    
12500    1250040910   3.175554    
12500    1250040920   3.174466    
12500    1250040930   3.173771    
12500    1250040940   3.173182    
12500    1250040950   3.172687    
12500    1250040960   3.172194    
12500    1250040970   3.171847    
12500    1250040980   3.171330    
12500    1250040990   3.170296    
12500    1250041000   3.169267    
12500    1250041010   3.168723    
12500    1250041020   3.167692    
12500    1250041030   3.166057    
12500    1250041040   3.165767    
12500    1250041050   3.165369    
12500    1250041060   3.164581    
12500    1250041070   3.163796    
12500    1250041080   3.162846    
12500    1250041090   3.161932    
12500    1250041100   3.161266    
12500    1250041110   3.160344    
12500    1250041120   3.159690    
12500    1250041130   3.158898    
12500    1250041140   3.157361    
12500    1250041150   3.156259    
12500    1250041160   3.155714    
12500    1250041170   3.155289    
12500    1250041180   3.154289    
12500    1250041190   3.153396    
12500    1250041200   3.152751    
12500    1250041210   3.151526    
12500    1250041220   3.150239    
12500    1250041230   3.148272    
12500    1250041240   3.147209    
12500    1250041250   3.146321    
12500    1250041260   3.145585    
12500    1250041270   3.144419    
12500    1250041280   3.143683    
12500    1250041290   3.142715    
12500    1250041300   3.141948    
12500    1250041310   3.141202    
12500    1250041320   3.140443    
12500    1250041330   3.140230    
12500    1250041340   3.138812    
12500    1250041350   3.138150    
12500    1250041360   3.136802    
12500    1250041370   3.135452    
12500    1250041380   3.134412    
12500    1250041390   3.134004    
12500    1250041400   3.132408    
12500    1250041410   3.131626    
12500    1250041420   3.128872    
12500    1250041430   3.127793    
12500    1250041440   3.126913    
12500    1250041450   3.126481    
12500    1250041460   3.125923    
12500    1250041470   3.125402    
12500    1250041480   3.124476    
12500    1250041490   3.123530    
12500    1250041500   3.122653    
12500    1250041510   3.122065    
12500    1250041520   3.120889    
12500    1250041530   3.120049    
12500    1250041540   3.119331    
12500    1250041550   3.118646    
12500    1250041560   3.117826    
12500    1250041570   3.116862    
12500    1250041580   3.116372    
12500    1250041590   3.115545    
12500    1250041600   3.114880    
12500    1250041610   3.113821    
12500    1250041620   3.112476    
12500    1250041630   3.111917    
12500    1250041640   3.110789    
12500    1250041650   3.109864    
12500    1250041660   3.109358    
12500    1250041670   3.108551    
12500    1250041680   3.108201    
12500    1250041690   3.107150    
12500    1250041700   3.105636    
12500    1250041710   3.105223    
12500    1250041720   3.103978    
12500    1250041730   3.103191    
12500    1250041740   3.102259    
12500    1250041750   3.101596    
12500    1250041760   3.099520    
12500    1250041770   3.097712    
12500    1250041780   3.096319    
12500    1250041790   3.095712    
12500    1250041800   3.094510    
12500    1250041810   3.093208    
12500    1250041820   3.091897    
12500    1250041830   3.091151    
12500    1250041840   3.090157    
12500    1250041850   3.089502    
12500    1250041860   3.088835    
12500    1250041870   3.087709    
12500    1250041880   3.086935    
12500    1250041890   3.086406    
12500    1250041900   3.085896    
12500    1250041910   3.084680    
12500    1250041920   3.083648    
12500    1250041930   3.082830    
12500    1250041940   3.081875    
12500    1250041950   3.080932    
12500    1250041960   3.079934    
12500    1250041970   3.078978    
12500    1250041980   3.078506    
12500    1250041990   3.077691    
12500    1250042000   3.077245    
12500    1250042010   3.075081    
12500    1250042020   3.074054    
12500    1250042030   3.073210    
12500    1250042040   3.072269    
12500    1250042050   3.071250    
12500    1250042060   3.070011    
12500    1250042070   3.069571    
12500    1250042080   3.069051    
12500    1250042090   3.067657    
12500    1250042100   3.067305    
12500    1250042110   3.066843    
12500    1250042120   3.065715    
12500    1250042130   3.064911    
12500    1250042140   3.064656    
12500    1250042150   3.064301    
12500    1250042160   3.063443    
12500    1250042170   3.062923    
12500    1250042180   3.061791    
12500    1250042190   3.061270    
12500    1250042200   3.060100    
12500    1250042210   3.058280    
12500    1250042220   3.057635    
12500    1250042230   3.056591    
12500    1250042240   3.056033    
12500    1250042250   3.055030    
12500    1250042260   3.053715    
12500    1250042270   3.052907    
12500    1250042280   3.051293    
12500    1250042290   3.050416    
12500    1250042300   3.049325    
12500    1250042310   3.047974    
12500    1250042320   3.047120    
12500    1250042330   3.046770    
12500    1250042340   3.045375    
12500    1250042350   3.044578    
12500    1250042360   3.043626    
12500    1250042370   3.042705    
12500    1250042380   3.041498    
12500    1250042390   3.040451    
12500    1250042400   3.038982    
12500    1250042410   3.038031    
12500    1250042420   3.037232    
12500    1250042430   3.036521    
12500    1250042440   3.035450    
12500    1250042450   3.034368    
12500    1250042460   3.032868    
12500    1250042470   3.031858    
12500    1250042480   3.030780    
12500    1250042490   3.030197    
12500    1250042500   3.029264    
12500    1250042510   3.028405    
12500    1250042520   3.027313    
12500    1250042530   3.026759    
12500    1250042540   3.026328    
12500    1250042550   3.025567    
12500    1250042560   3.024535    
12500    1250042570   3.023008    
12500    1250042580   3.022152    
12500    1250042590   3.020196    
12500    1250042600   3.019025    
12500    1250042610   3.017722    
12500    1250042620   3.016642    
12500    1250042630   3.015925    
12500    1250042640   3.015271    
12500    1250042650   3.014140    
12500    1250042660   3.013239    
12500    1250042670   3.012095    
12500    1250042680   3.011171    
12500    1250042690   3.009775    
12500    1250042700   3.009073    
12500    1250042710   3.008251    
12500    1250042720   3.007059    
12500    1250042730   3.005119    
12500    1250042740   3.003996    
12500    1250042750   3.002891    
12500    1250042760   3.002283    
12500    1250042770   3.001688    
12500    1250042780   3.000238    
12500    1250042790   2.999286    
12500    1250042800   2.998487    
12500    1250042810   2.997891    
12500    1250042820   2.997050    
12500    1250042830   2.996817    
12500    1250042840   2.995604    
12500    1250042850   2.995028    
12500    1250042860   2.994272    
12500    1250042870   2.993900    
12500    1250042880   2.993477    
12500    1250042890   2.992594    
12500    1250042900   2.991882    
12500    1250042910   2.991215    
12500    1250042920   2.989871    
12500    1250042930   2.989017    
12500    1250042940   2.988118    
12500    1250042950   2.986990    
12500    1250042960   2.986558    
12500    1250042970   2.985596    
12500    1250042980   2.984640    
12500    1250042990   2.983946    
12500    1250043000   2.982631    
12500    1250043010   2.981667    
12500    1250043020   2.980976    
12500    1250043030   2.980456    
12500    1250043040   2.979878    
12500    1250043050   2.979173    
12500    1250043060   2.977777    
12500    1250043070   2.976662    
12500    1250043080   2.974630    
12500    1250043090   2.973625    
12500    1250043100   2.973097    
12500    1250043110   2.971806    
12500    1250043120   2.971316    
12500    1250043130   2.970462    
12500    1250043140   2.969282    
12500    1250043150   2.968012    
12500    1250043160   2.967535    
12500    1250043170   2.966830    
12500    1250043180   2.965416    
12500    1250043190   2.964424    
12500    1250043200   2.963182    
12500    1250043210   2.962335    
12500    1250043220   2.961390    
12500    1250043230   2.960620    
12500    1250043240   2.959392    
12500    1250043250   2.957642    
12500    1250043260   2.956802    
12500    1250043270   2.954937    
12500    1250043280   2.953165    
12500    1250043290   2.952018    
12500    1250043300   2.951042    
12500    1250043310   2.948940    
12500    1250043320   2.947883    
12500    1250043330   2.946922    
12500    1250043340   2.946206    
12500    1250043350   2.945148    
12500    1250043360   2.944211    
12500    1250043370   2.943562    
12500    1250043380   2.942830    
12500    1250043390   2.942513    
12500    1250043400   2.941402    
12500    1250043410   2.940158    
12500    1250043420   2.939496    
12500    1250043430   2.938476    
12500    1250043440   2.937153    
12500    1250043450   2.935945    
12500    1250043460   2.935354    
12500    1250043470   2.934571    
12500    1250043480   2.933227    
12500    1250043490   2.932482    
12500    1250043500   2.931744    
12500    1250043510   2.930630    
12500    1250043520   2.930020    
12500    1250043530   2.929600    
12500    1250043540   2.928699    
12500    1250043550   2.927989    
12500    1250043560   2.927155    
12500    1250043570   2.925655    
12500    1250043580   2.924369    
12500    1250043590   2.923264    
12500    1250043600   2.922444    
12500    1250043610   2.921283    
12500    1250043620   2.920352    
12500    1250043630   2.919721    
12500    1250043640   2.919040    
12500    1250043650   2.917834    
12500    1250043660   2.916569    
12500    1250043670   2.915227    
12500    1250043680   2.913622    
12500    1250043690   2.912931    
12500    1250043700   2.911358    
12500    1250043710   2.910702    
12500    1250043720   2.909724    
12500    1250043730   2.909012    
12500    1250043740   2.907598    
12500    1250043750   2.905846    
12500    1250043760   2.904610    
12500    1250043770   2.904150    
12500    1250043780   2.903132    
12500    1250043790   2.902195    
12500    1250043800   2.901193    
12500    1250043810   2.900495    
12500    1250043820   2.899520    
12500    1250043830   2.898204    
12500    1250043840   2.897126    
12500    1250043850   2.895878    
12500    1250043860   2.894217    
12500    1250043870   2.893498    
12500    1250043880   2.892794    
12500    1250043890   2.891845    
12500    1250043900   2.891110    
12500    1250043910   2.889900    
12500    1250043920   2.888401    
12500    1250043930   2.887097    
12500    1250043940   2.885860    
12500    1250043950   2.885215    
12500    1250043960   2.884404    
12500    1250043970   2.882331    
12500    1250043980   2.881441    
12500    1250043990   2.880717    
12500    1250044000   2.879108    
12500    1250044010   2.877901    
12500    1250044020   2.877324    
12500    1250044030   2.876705    
12500    1250044040   2.875942    
12500    1250044050   2.875045    
12500    1250044060   2.874220    
12500    1250044070   2.873472    
12500    1250044080   2.872082    
12500    1250044090   2.871120    
12500    1250044100   2.869920    
12500    1250044110   2.868486    
12500    1250044120   2.867736    
12500    1250044130   2.867528    
12500    1250044140   2.866947    
12500    1250044150   2.865699    
12500    1250044160   2.864355    
12500    1250044170   2.863647    
12500    1250044180   2.862580    
12500    1250044190   2.861441    
12500    1250044200   2.860739    
12500    1250044210   2.859395    
12500    1250044220   2.858806    
12500    1250044230   2.858248    
12500    1250044240   2.857459    
12500    1250044250   2.856345    
12500    1250044260   2.854963    
12500    1250044270   2.854065    
12500    1250044280   2.853138    
12500    1250044290   2.852055    
12500    1250044300   2.851265    
12500    1250044310   2.849482    
12500    1250044320   2.849175    
12500    1250044330   2.847538    
12500    1250044340   2.846182    
12500    1250044350   2.845291    
12500    1250044360   2.844697    
12500    1250044370   2.844371    
12500    1250044380   2.843876    
12500    1250044390   2.841661    
12500    1250044400   2.841336    
12500    1250044410   2.840775    
12500    1250044420   2.839684    
12500    1250044430   2.838997    
12500    1250044440   2.837862    
12500    1250044450   2.836952    
12500    1250044460   2.835595    
12500    1250044470   2.833822    
12500    1250044480   2.832702    
12500    1250044490   2.831951    
12500    1250044500   2.831327    
12500    1250044510   2.830258    
12500    1250044520   2.829347    
12500    1250044530   2.828399    
12500    1250044540   2.827549    
12500    1250044550   2.826440    
12500    1250044560   2.825687    
12500    1250044570   2.824746    
12500    1250044580   2.824347    
12500    1250044590   2.822907    
12500    1250044600   2.822415    
12500    1250044610   2.822175    
12500    1250044620   2.821661    
12500    1250044630   2.820872    
12500    1250044640   2.820261    
12500    1250044650   2.819518    
12500    1250044660   2.818961    
12500    1250044670   2.818144    
12500    1250044680   2.817174    
12500    1250044690   2.816176    
12500    1250044700   2.815681    
12500    1250044710   2.814930    
12500    1250044720   2.813667    
12500    1250044730   2.812550    
12500    1250044740   2.812066    
12500    1250044750   2.811680    
12500    1250044760   2.810467    
12500    1250044770   2.809379    
12500    1250044780   2.808228    
12500    1250044790   2.807541    
12500    1250044800   2.807151    
12500    1250044810   2.806499    
12500    1250044820   2.806059    
12500    1250044830   2.805011    
12500    1250044840   2.804350    
12500    1250044850   2.803379    
12500    1250044860   2.802555    
12500    1250044870   2.802113    
12500    1250044880   2.801747    
12500    1250044890   2.801058    
12500    1250044900   2.799579    
12500    1250044910   2.798831    
12500    1250044920   2.798096    
12500    1250044930   2.797773    
12500    1250044940   2.796790    
12500    1250044950   2.795449    
12500    1250044960   2.794737    
12500    1250044970   2.794095    
12500    1250044980   2.793427    
12500    1250044990   2.792351    
12500    1250045000   2.791544    
12500    1250045010   2.790801    
12500    1250045020   2.790299    
12500    1250045030   2.789409    
12500    1250045040   2.788922    
12500    1250045050   2.787714    
12500    1250045060   2.785445    
12500    1250045070   2.784935    
12500    1250045080   2.783986    
12500    1250045090   2.782866    
12500    1250045100   2.782252    
12500    1250045110   2.781382    
12500    1250045120   2.779624    
12500    1250045130   2.779315    
12500    1250045140   2.778522    
12500    1250045150   2.777693    
12500    1250045160   2.776852    
12500    1250045170   2.775744    
12500    1250045180   2.773579    
12500    1250045190   2.772994    
12500    1250045200   2.772042    
12500    1250045210   2.770626    
12500    1250045220   2.769446    
12500    1250045230   2.768579    
12500    1250045240   2.767372    
12500    1250045250   2.766912    
12500    1250045260   2.765635    
12500    1250045270   2.764886    
12500    1250045280   2.764286    
12500    1250045290   2.763771    
12500    1250045300   2.763046    
12500    1250045310   2.761929    
12500    1250045320   2.760951    
12500    1250045330   2.760236    
12500    1250045340   2.759219    
12500    1250045350   2.758507    
12500    1250045360   2.756999    
12500    1250045370   2.755957    
12500    1250045380   2.754870    
12500    1250045390   2.753801    
12500    1250045400   2.753077    
12500    1250045410   2.752549    
12500    1250045420   2.751851    
12500    1250045430   2.750991    
12500    1250045440   2.749869    
12500    1250045450   2.748978    
12500    1250045460   2.747684    
12500    1250045470   2.746870    
12500    1250045480   2.746272    
12500    1250045490   2.745963    
12500    1250045500   2.745552    
12500    1250045510   2.744582    
12500    1250045520   2.743776    
12500    1250045530   2.743353    
12500    1250045540   2.742357    
12500    1250045550   2.741965    
12500    1250045560   2.740775    
12500    1250045570   2.740246    
12500    1250045580   2.739924    
12500    1250045590   2.739392    
12500    1250045600   2.738375    
12500    1250045610   2.737628    
12500    1250045620   2.736666    
12500    1250045630   2.735736    
12500    1250045640   2.734721    
12500    1250045650   2.734182    
12500    1250045660   2.733106    
12500    1250045670   2.732828    
12500    1250045680   2.731962    
12500    1250045690   2.731085    
12500    1250045700   2.730186    
12500    1250045710   2.729188    
12500    1250045720   2.728733    
12500    1250045730   2.728007    
12500    1250045740   2.726976    
12500    1250045750   2.726132    
12500    1250045760   2.725305    
12500    1250045770   2.724334    
12500    1250045780   2.722816    
12500    1250045790   2.722112    
12500    1250045800   2.721655    
12500    1250045810   2.721070    
12500    1250045820   2.719993    
12500    1250045830   2.718645    
12500    1250045840   2.718167    
12500    1250045850   2.717772    
12500    1250045860   2.717100    
12500    1250045870   2.715209    
12500    1250045880   2.714444    
12500    1250045890   2.713610    
12500    1250045900   2.712311    
12500    1250045910   2.710922    
12500    1250045920   2.710120    
12500    1250045930   2.709374    
12500    1250045940   2.708350    
12500    1250045950   2.706902    
12500    1250045960   2.706142    
12500    1250045970   2.705567    
12500    1250045980   2.704441    
12500    1250045990   2.703909    
12500    1250046000   2.701850    
12500    1250046010   2.700787    
12500    1250046020   2.700069    
12500    1250046030   2.698696    
12500    1250046040   2.697907    
12500    1250046050   2.697404    
12500    1250046060   2.696515    
12500    1250046070   2.696017    
12500    1250046080   2.694482    
12500    1250046090   2.693736    
12500    1250046100   2.693317    
12500    1250046110   2.692732    
12500    1250046120   2.692143    
12500    1250046130   2.691397    
12500    1250046140   2.690782    
12500    1250046150   2.689434    
12500    1250046160   2.688990    
12500    1250046170   2.688551    
12500    1250046180   2.688075    
12500    1250046190   2.687088    
12500    1250046200   2.685520    
12500    1250046210   2.684748    
12500    1250046220   2.684531    
12500    1250046230   2.683753    
12500    1250046240   2.682573    
12500    1250046250   2.681953    
12500    1250046260   2.680882    
12500    1250046270   2.680359    
12500    1250046280   2.680130    
12500    1250046290   2.679698    
12500    1250046300   2.679320    
12500    1250046310   2.678608    
12500    1250046320   2.677557    
12500    1250046330   2.676916    
12500    1250046340   2.676207    
12500    1250046350   2.675052    
12500    1250046360   2.674611    
12500    1250046370   2.673272    
12500    1250046380   2.672495    
12500    1250046390   2.671395    
12500    1250046400   2.670714    
12500    1250046410   2.669824    
12500    1250046420   2.669197    
12500    1250046430   2.668538    
12500    1250046440   2.667860    
12500    1250046450   2.667134    
12500    1250046460   2.666481    
12500    1250046470   2.665965    
12500    1250046480   2.665098    
12500    1250046490   2.664571    
12500    1250046500   2.663614    
12500    1250046510   2.662621    
12500    1250046520   2.661937    
12500    1250046530   2.661137    
12500    1250046540   2.660457    
12500    1250046550   2.660069    
12500    1250046560   2.659627    
12500    1250046570   2.658991    
12500    1250046580   2.658733    
12500    1250046590   2.657347    
12500    1250046600   2.656309    
12500    1250046610   2.654943    
12500    1250046620   2.653624    
12500    1250046630   2.652510    
12500    1250046640   2.651688    
12500    1250046650   2.650962    
12500    1250046660   2.650720    
12500    1250046670   2.650304    
12500    1250046680   2.649483    
12500    1250046690   2.648388    
12500    1250046700   2.647447    
12500    1250046710   2.647182    
12500    1250046720   2.646746    
12500    1250046730   2.645932    
12500    1250046740   2.645635    
12500    1250046750   2.645039    
12500    1250046760   2.644523    
12500    1250046770   2.643503    
12500    1250046780   2.642530    
12500    1250046790   2.641986    
12500    1250046800   2.641168    
12500    1250046810   2.640341    
12500    1250046820   2.639121    
12500    1250046830   2.638718    
12500    1250046840   2.637852    
12500    1250046850   2.637361    
12500    1250046860   2.636624    
12500    1250046870   2.636357    
12500    1250046880   2.635945    
12500    1250046890   2.634996    
12500    1250046900   2.633891    
12500    1250046910   2.632836    
12500    1250046920   2.632366    
12500    1250046930   2.631900    
12500    1250046940   2.631514    
12500    1250046950   2.630786    
12500    1250046960   2.630363    
12500    1250046970   2.628992    
12500    1250046980   2.628263    
12500    1250046990   2.626879    
12500    1250047000   2.626375    
12500    1250047010   2.625632    
12500    1250047020   2.625057    
12500    1250047030   2.623793    
12500    1250047040   2.623306    
12500    1250047050   2.623007    
12500    1250047060   2.622152    
12500    1250047070   2.620953    
12500    1250047080   2.620662    
12500    1250047090   2.619678    
12500    1250047100   2.619149    
12500    1250047110   2.617621    
12500    1250047120   2.616887    
12500    1250047130   2.616279    
12500    1250047140   2.615130    
12500    1250047150   2.613952    
12500    1250047160   2.612850    
12500    1250047170   2.612530    
12500    1250047180   2.611584    
12500    1250047190   2.611119    
12500    1250047200   2.610071    
12500    1250047210   2.608692    
12500    1250047220   2.607775    
12500    1250047230   2.607103    
12500    1250047240   2.606574    
12500    1250047250   2.606056    
12500    1250047260   2.605916    
12500    1250047270   2.604523    
12500    1250047280   2.603762    
12500    1250047290   2.602464    
12500    1250047300   2.601524    
12500    1250047310   2.601233    
12500    1250047320   2.600216    
12500    1250047330   2.599532    
12500    1250047340   2.598649    
12500    1250047350   2.597385    
12500    1250047360   2.596775    
12500    1250047370   2.596154    
12500    1250047380   2.595005    
12500    1250047390   2.594781    
12500    1250047400   2.594278    
12500    1250047410   2.593739    
12500    1250047420   2.593405    
12500    1250047430   2.592518    
12500    1250047440   2.590540    
12500    1250047450   2.589403    
12500    1250047460   2.588200    
12500    1250047470   2.585492    
12500    1250047480   2.584841    
12500    1250047490   2.583457    
12500    1250047500   2.581372    
12500    1250047510   2.579275    
12500    1250047520   2.577302    
12500    1250047530   2.575582    
12500    1250047540   2.573484    
12500    1250047550   2.572824    
12500    1250047560   2.571472    
12500    1250047570   2.570411    
12500    1250047580   2.569062    
12500    1250047590   2.568198    
12500    1250047600   2.567310    
12500    1250047610   2.565506    
12500    1250047620   2.563218    
12500    1250047630   2.561281    
12500    1250047640   2.559702    
12500    1250047650   2.558207    
12500    1250047660   2.557165    
12500    1250047670   2.555786    
12500    1250047680   2.553696    
12500    1250047690   2.552640    
12500    1250047700   2.550218    
12500    1250047710   2.549067    
12500    1250047720   2.547286    
12500    1250047730   2.545602    
12500    1250047740   2.543859    
12500    1250047750   2.542275    
12500    1250047760   2.541045    
12500    1250047770   2.538621    
12500    1250047780   2.536113    
12500    1250047790   2.534851    
12500    1250047800   2.533653    
12500    1250047810   2.531466    
12500    1250047820   2.530682    
12500    1250047830   2.529557    
12500    1250047840   2.528619    
12500    1250047850   2.527529    
12500    1250047860   2.526177    
12500    1250047870   2.524655    
12500    1250047880   2.523403    
12500    1250047890   2.521890    
12500    1250047900   2.521264    
12500    1250047910   2.519257    
12500    1250047920   2.516630    
12500    1250047930   2.515482    
12500    1250047940   2.512568    
12500    1250047950   2.511343    
12500    1250047960   2.510351    
12500    1250047970   2.509227    
12500    1250047980   2.507491    
12500    1250047990   2.507061    
12500    1250048000   2.504751    
12500    1250048010   2.503200    
12500    1250048020   2.501257    
12500    1250048030   2.499475    
12500    1250048040   2.496625    
12500    1250048050   2.494847    
12500    1250048060   2.493931    
12500    1250048070   2.491329    
12500    1250048080   2.489513    
12500    1250048090   2.487056    
12500    1250048100   2.485696    
12500    1250048110   2.484365    
12500    1250048120   2.482208    
12500    1250048130   2.479654    
12500    1250048140   2.479194    
12500    1250048150   2.477621    
12500    1250048160   2.475997    
12500    1250048170   2.472504    
12500    1250048180   2.471254    
12500    1250048190   2.469202    
12500    1250048200   2.467326    
12500    1250048210   2.466118    
12500    1250048220   2.465044    
12500    1250048230   2.462847    
12500    1250048240   2.461590    
12500    1250048250   2.459334    
12500    1250048260   2.457707    
12500    1250048270   2.456120    
12500    1250048280   2.453836    
12500    1250048290   2.451166    
12500    1250048300   2.449626    
12500    1250048310   2.448650    
12500    1250048320   2.447544    
12500    1250048330   2.446728    
12500    1250048340   2.445542    
12500    1250048350   2.444854    
12500    1250048360   2.442258    
12500    1250048370   2.440254    
12500    1250048380   2.439063    
12500    1250048390   2.437307    
12500    1250048400   2.434843    
12500    1250048410   2.434182    
12500    1250048420   2.431023    
12500    1250048430   2.429687    
12500    1250048440   2.427976    
12500    1250048450   2.427337    
12500    1250048460   2.424785    
12500    1250048470   2.422457    
12500    1250048480   2.420062    
12500    1250048490   2.417359    
12500    1250048500   2.414987    
12500    1250048510   2.414203    
12500    1250048520   2.411229    
12500    1250048530   2.410534    
12500    1250048540   2.410043    
12500    1250048550   2.409008    
12500    1250048560   2.408226    
12500    1250048570   2.407026    
12500    1250048580   2.405976    
12500    1250048590   2.404209    
12500    1250048600   2.402758    
12500    1250048610   2.401328    
12500    1250048620   2.399924    
12500    1250048630   2.397360    
12500    1250048640   2.396243    
12500    1250048650   2.394165    
12500    1250048660   2.393013    
12500    1250048670   2.391273    
12500    1250048680   2.389416    
12500    1250048690   2.387880    
12500    1250048700   2.386768    
12500    1250048710   2.384160    
12500    1250048720   2.383421    
12500    1250048730   2.381581    
12500    1250048740   2.380118    
12500    1250048750   2.377198    
12500    1250048760   2.375455    
12500    1250048770   2.372843    
12500    1250048780   2.371352    
12500    1250048790   2.368215    
12500    1250048800   2.365893    
12500    1250048810   2.364332    
12500    1250048820   2.363020    
12500    1250048830   2.361067    
12500    1250048840   2.359901    
12500    1250048850   2.357260    
12500    1250048860   2.355657    
12500    1250048870   2.353364    
12500    1250048880   2.352588    
12500    1250048890   2.351357    
12500    1250048900   2.350029    
12500    1250048910   2.348041    
12500    1250048920   2.347342    
12500    1250048930   2.346161    
12500    1250048940   2.344922    
12500    1250048950   2.341701    
12500    1250048960   2.340750    
12500    1250048970   2.338540    
12500    1250048980   2.337511    
12500    1250048990   2.336582    
12500    1250049000   2.333759    
12500    1250049010   2.333113    
12500    1250049020   2.331691    
12500    1250049030   2.330606    
12500    1250049040   2.329482    
12500    1250049050   2.328063    
12500    1250049060   2.327431    
12500    1250049070   2.326398    
12500    1250049080   2.323987    
12500    1250049090   2.320949    
12500    1250049100   2.318113    
12500    1250049110   2.316647    
12500    1250049120   2.315199    
12500    1250049130   2.312778    
12500    1250049140   2.310025    
12500    1250049150   2.308555    
12500    1250049160   2.308089    
12500    1250049170   2.305501    
12500    1250049180   2.303731    
12500    1250049190   2.302546    
12500    1250049200   2.301413    
12500    1250049210   2.299797    
12500    1250049220   2.299006    
12500    1250049230   2.296499    
12500    1250049240   2.295265    
12500    1250049250   2.293102    
12500    1250049260   2.292133    
12500    1250049270   2.291109    
12500    1250049280   2.291043    
12500    1250049290   2.290165    
12500    1250049300   2.287725    
12500    1250049310   2.286337    
12500    1250049320   2.284586    
12500    1250049330   2.283833    
12500    1250049340   2.282341    
12500    1250049350   2.279794    
12500    1250049360   2.277189    
12500    1250049370   2.275020    
12500    1250049380   2.274791    
12500    1250049390   2.272935    
12500    1250049400   2.271825    
12500    1250049410   2.271225    
12500    1250049420   2.269957    
12500    1250049430   2.267433    
12500    1250049440   2.265417    
12500    1250049450   2.264780    
12500    1250049460   2.262160    
12500    1250049470   2.261454    
12500    1250049480   2.260201    
12500    1250049490   2.257689    
12500    1250049500   2.255519    
12500    1250049510   2.254536    
12500    1250049520   2.251859    
12500    1250049530   2.250666    
12500    1250049540   2.249736    
12500    1250049550   2.248541    
12500    1250049560   2.247146    
12500    1250049570   2.245203    
12500    1250049580   2.244305    
12500    1250049590   2.243669    
12500    1250049600   2.242649    
12500    1250049610   2.240545    
12500    1250049620   2.239220    
12500    1250049630   2.238069    
12500    1250049640   2.237125    
12500    1250049650   2.235955    
12500    1250049660   2.234819    
12500    1250049670   2.234026    
12500    1250049680   2.232453    
12500    1250049690   2.231133    
12500    1250049700   2.229272    
12500    1250049710   2.227412    
12500    1250049720   2.225478    
12500    1250049730   2.224527    
12500    1250049740   2.223710    
12500    1250049750   2.223043    
12500    1250049760   2.222134    
12500    1250049770   2.220700    
12500    1250049780   2.218860    
12500    1250049790   2.218497    
12500    1250049800   2.216204    
12500    1250049810   2.214802    
12500    1250049820   2.212179    
12500    1250049830   2.211399    
12500    1250049840   2.210067    
12500    1250049850   2.208306    
12500    1250049860   2.206558    
12500    1250049870   2.205114    
12500    1250049880   2.204516    
12500    1250049890   2.202914    
12500    1250049900   2.201492    
12500    1250049910   2.200096    
12500    1250049920   2.197423    
12500    1250049930   2.195270    
12500    1250049940   2.192378    
12500    1250049950   2.191654    
12500    1250049960   2.191124    
12500    1250049970   2.189996    
12500    1250049980   2.188790    
12500    1250049990   2.186844    
12500    1250050000   2.185295    
12501    1250150000   2.184616    
12511    1251150000   2.181963    
12521    1252150000   2.179564    
12531    1253150000   2.177187    
12541    1254150000   2.175388    
12551    1255150000   2.172064    
12561    1256150000   2.170547    
12571    1257150000   2.169229    
12581    1258150000   2.166961    
12591    1259150000   2.164095    
12601    1260150000   2.161342    
12611    1261150000   2.158856    
12621    1262150000   2.156657    
12631    1263150000   2.155037    
12641    1264150000   2.152254    
12651    1265150000   2.150852    
12661    1266150000   2.148592    
12671    1267150000   2.146067    
12681    1268150000   2.143277    
12691    1269150000   2.142317    
12701    1270150000   2.139889    
12711    1271150000   2.138151    
12721    1272150000   2.136950    
12731    1273150000   2.133061    
12741    1274150000   2.129833    
12751    1275150000   2.128274    
12761    1276150000   2.126653    
12771    1277150000   2.124206    
12781    1278150000   2.122706    
12791    1279150000   2.121551    
12801    1280150000   2.119786    
12811    1281150000   2.117866    
12821    1282150000   2.114652    
12831    1283150000   2.112292    
12841    1284150000   2.109822    
12851    1285150000   2.108113    
12861    1286150000   2.106023    
12871    1287150000   2.103954    
12881    1288150000   2.102479    
12891    1289150000   2.099694    
12901    1290150000   2.097712    
12911    1291150000   2.096221    
12921    1292150000   2.092865    
12931    1293150000   2.088980    
12941    1294150000   2.085890    
12951    1295150000   2.082576    
12961    1296150000   2.080133    
12971    1297150000   2.078942    
12981    1298150000   2.077484    
12991    1299150000   2.075764    
13001    1300150000   2.073534    
13011    1301150000   2.071380    
13021    1302150000   2.068991    
13031    1303150000   2.067585    
13041    1304150000   2.064838    
13051    1305150000   2.061867    
13061    1306150000   2.060306    
13071    1307150000   2.057002    
13081    1308150000   2.055867    
13091    1309150000   2.053519    
13101    1310150000   2.051806    
13111    1311150000   2.049855    
13121    1312150000   2.047401    
13131    1313150000   2.044902    
13141    1314150000   2.042659    
13151    1315150000   2.039914    
13161    1316150000   2.038154    
13171    1317150000   2.035386    
13181    1318150000   2.034667    
13191    1319150000   2.030404    
13201    1320150000   2.027572    
13211    1321150000   2.025293    
13221    1322150000   2.023143    
13231    1323150000   2.021609    
13241    1324150000   2.020263    
13251    1325150000   2.018787    
13261    1326150000   2.017408    
13271    1327150000   2.014971    
13281    1328150000   2.012479    
13291    1329150000   2.010144    
13301    1330150000   2.007560    
13311    1331150000   2.006194    
13321    1332150000   2.003015    
13331    1333150000   2.001530    
13341    1334150000   1.998782    
13351    1335150000   1.997381    
13361    1336150000   1.995432    
13371    1337150000   1.993472    
13381    1338150000   1.991813    
13391    1339150000   1.989241    
13401    1340150000   1.987158    
13411    1341150000   1.983949    
13421    1342150000   1.981454    
13431    1343150000   1.978408    
13441    1344150000   1.976286    
13451    1345150000   1.974281    
13461    1346150000   1.971498    
13471    1347150000   1.969001    
13481    1348150000   1.967562    
13491    1349150000   1.963810    
13501    1350150000   1.962635    
13511    1351150000   1.959917    
13521    1352150000   1.957892    
13531    1353150000   1.956089    
13541    1354150000   1.953485    
13551    1355150000   1.951311    
13561    1356150000   1.949387    
13571    1357150000   1.946148    
13581    1358150000   1.943524    
13591    1359150000   1.940812    
13601    1360150000   1.939098    
13611    1361150000   1.937464    
13621    1362150000   1.935386    
13631    1363150000   1.932859    
13641    1364150000   1.930982    
13651    1365150000   1.929334    
13661    1366150000   1.926127    
13671    1367150000   1.924121    
13681    1368150000   1.920748    
13691    1369150000   1.918116    
13701    1370150000   1.916096    
13711    1371150000   1.914144    
13721    1372150000   1.911440    
13731    1373150000   1.909113    
13741    1374150000   1.907646    
13751    1375150000   1.906185    
13761    1376150000   1.903609    
13771    1377150000   1.901536    
13781    1378150000   1.898728    
13791    1379150000   1.897308    
13801    1380150000   1.896087    
13811    1381150000   1.892782    
13821    1382150000   1.890227    
13831    1383150000   1.888627    
13841    1384150000   1.886485    
13851    1385150000   1.884866    
13861    1386150000   1.883126    
13871    1387150000   1.880942    
13881    1388150000   1.877424    
13891    1389150000   1.875635    
13901    1390150000   1.874004    
13911    1391150000   1.872000    
13921    1392150000   1.869398    
13931    1393150000   1.867706    
13941    1394150000   1.865302    
13951    1395150000   1.862598    
13961    1396150000   1.860297    
13971    1397150000   1.857703    
13981    1398150000   1.855211    
13991    1399150000   1.851783    
14001    1400150000   1.849069    
14011    1401150000   1.847482    
14021    1402150000   1.845740    
14031    1403150000   1.844122    
14041    1404150000   1.842638    
14051    1405150000   1.840829    
14061    1406150000   1.838963    
14071    1407150000   1.837065    
14081    1408150000   1.835625    
14091    1409150000   1.832927    
14101    1410150000   1.829225    
14111    1411150000   1.827780    
14121    1412150000   1.825562    
14131    1413150000   1.823937    
14141    1414150000   1.820139    
14151    1415150000   1.818263    
14161    1416150000   1.816187    
14171    1417150000   1.813368    
14181    1418150000   1.810489    
14191    1419150000   1.806537    
14201    1420150000   1.804107    
14211    1421150000   1.801730    
14221    1422150000   1.799773    
14231    1423150000   1.797648    
14241    1424150000   1.795886    
14251    1425150000   1.794036    
14261    1426150000   1.791395    
14271    1427150000   1.788732    
14281    1428150000   1.785991    
14291    1429150000   1.783869    
14301    1430150000   1.781477    
14311    1431150000   1.779558    
14321    1432150000   1.776761    
14331    1433150000   1.775772    
14341    1434150000   1.773282    
14351    1435150000   1.770686    
14361    1436150000   1.767827    
14371    1437150000   1.763919    
14381    1438150000   1.762233    
14391    1439150000   1.758636    
14401    1440150000   1.757595    
14411    1441150000   1.755584    
14421    1442150000   1.753420    
14431    1443150000   1.750847    
14441    1444150000   1.748987    
14451    1445150000   1.746290    
14461    1446150000   1.743789    
14471    1447150000   1.741364    
14481    1448150000   1.739032    
14491    1449150000   1.736521    
14501    1450150000   1.733809    
14511    1451150000   1.732115    
14521    1452150000   1.730906    
14531    1453150000   1.729318    
14541    1454150000   1.727555    
14551    1455150000   1.725834    
14561    1456150000   1.723555    
14571    1457150000   1.720416    
14581    1458150000   1.717723    
14591    1459150000   1.716053    
14601    1460150000   1.713987    
14611    1461150000   1.711808    
14621    1462150000   1.709080    
14631    1463150000   1.707583    
14641    1464150000   1.706259    
14651    1465150000   1.703734    
14661    1466150000   1.701195    
14671    1467150000   1.699494    
14681    1468150000   1.697175    
14691    1469150000   1.693993    
14701    1470150000   1.691179    
14711    1471150000   1.689380    
14721    1472150000   1.688010    
14731    1473150000   1.685387    
14741    1474150000   1.683957    
14751    1475150000   1.682073    
14761    1476150000   1.680622    
14771    1477150000   1.679529    
14781    1478150000   1.677369    
14791    1479150000   1.674403    
14801    1480150000   1.672286    
14811    1481150000   1.669309    
14821    1482150000   1.667499    
14831    1483150000   1.665419    
14841    1484150000   1.663215    
14851    1485150000   1.661616    
14861    1486150000   1.659979    
14871    1487150000   1.657750    
14881    1488150000   1.656207    
14891    1489150000   1.654849    
14901    1490150000   1.653108    
14911    1491150000   1.651613    
14921    1492150000   1.649905    
14931    1493150000   1.647892    
14941    1494150000   1.645957    
14951    1495150000   1.643887    
14961    1496150000   1.642273    
14971    1497150000   1.640364    
14981    1498150000   1.638598    
14991    1499150000   1.634980    
15001    1500150000   1.632946    
15011    1501150000   1.630479    
15021    1502150000   1.627946    
15031    1503150000   1.625995    
15041    1504150000   1.622769    
15051    1505150000   1.620387    
15061    1506150000   1.618315    
15071    1507150000   1.616390    
15081    1508150000   1.612693    
15091    1509150000   1.610762    
15101    1510150000   1.607904    
15111    1511150000   1.605412    
15121    1512150000   1.603120    
15131    1513150000   1.600826    
15141    1514150000   1.598605    
15151    1515150000   1.594486    
15161    1516150000   1.592165    
15171    1517150000   1.590039    
15181    1518150000   1.586797    
15191    1519150000   1.585246    
15201    1520150000   1.582328    
15211    1521150000   1.580383    
15221    1522150000   1.578000    
15231    1523150000   1.575237    
15241    1524150000   1.573967    
15251    1525150000   1.571640    
15261    1526150000   1.570081    
15271    1527150000   1.568373    
15281    1528150000   1.567016    
15291    1529150000   1.565208    
15301    1530150000   1.562436    
15311    1531150000   1.560501    
15321    1532150000   1.558164    
15331    1533150000   1.555540    
15341    1534150000   1.553339    
15351    1535150000   1.550640    
15361    1536150000   1.549143    
15371    1537150000   1.547242    
15381    1538150000   1.545280    
15391    1539150000   1.543158    
15401    1540150000   1.541271    
15411    1541150000   1.538577    
15421    1542150000   1.536305    
15431    1543150000   1.534018    
15441    1544150000   1.531223    
15451    1545150000   1.527606    
15461    1546150000   1.525781    
15471    1547150000   1.523812    
15481    1548150000   1.521672    
15491    1549150000   1.519346    
15501    1550150000   1.517668    
15511    1551150000   1.516092    
15521    1552150000   1.514722    
15531    1553150000   1.512308    
15541    1554150000   1.509704    
15551    1555150000   1.508321    
15561    1556150000   1.505829    
15571    1557150000   1.503072    
15581    1558150000   1.500855    
15591    1559150000   1.499951    
15601    1560150000   1.497661    
15611    1561150000   1.495639    
15621    1562150000   1.494574    
15631    1563150000   1.491457    
15641    1564150000   1.488487    
15651    1565150000   1.486537    
15661    1566150000   1.485250    
15671    1567150000   1.483770    
15681    1568150000   1.482908    
15691    1569150000   1.481141    
15701    1570150000   1.479903    
15711    1571150000   1.477296    
15721    1572150000   1.474865    
15731    1573150000   1.472643    
15741    1574150000   1.469508    
15751    1575150000   1.467620    
15761    1576150000   1.465567    
15771    1577150000   1.463477    
15781    1578150000   1.462214    
15791    1579150000   1.459187    
15801    1580150000   1.456022    
15811    1581150000   1.453262    
15821    1582150000   1.451301    
15831    1583150000   1.448385    
15841    1584150000   1.447237    
15851    1585150000   1.445028    
15861    1586150000   1.442365    
15871    1587150000   1.440418    
15881    1588150000   1.437194    
15891    1589150000   1.435089    
15901    1590150000   1.433181    
15911    1591150000   1.431240    
15921    1592150000   1.429072    
15931    1593150000   1.428163    
15941    1594150000   1.426690    
15951    1595150000   1.425007    
15961    1596150000   1.423611    
15971    1597150000   1.422234    
15981    1598150000   1.419992    
15991    1599150000   1.418429    
16001    1600150000   1.416738    
16011    1601150000   1.415275    
16021    1602150000   1.413187    
16031    1603150000   1.410551    
16041    1604150000   1.408766    
16051    1605150000   1.407433    
16061    1606150000   1.405863    
16071    1607150000   1.403915    
16081    1608150000   1.402105    
16091    1609150000   1.398898    
16101    1610150000   1.396669    
16111    1611150000   1.393322    
16121    1612150000   1.391783    
16131    1613150000   1.389111    
16141    1614150000   1.386944    
16151    1615150000   1.384837    
16161    1616150000   1.383029    
16171    1617150000   1.382137    
16181    1618150000   1.381005    
16191    1619150000   1.379648    
16201    1620150000   1.378166    
16211    1621150000   1.376337    
16221    1622150000   1.374243    
16231    1623150000   1.371407    
16241    1624150000   1.369580    
16250    1625050000   1.368034    
16250    1625050000   1.368034    
16250    1625050010   1.365240    
16250    1625050020   1.362065    
16250    1625050030   1.359287    
16250    1625050040   1.356210    
16250    1625050050   1.354691    
16250    1625050060   1.352134    
16250    1625050070   1.350131    
16250    1625050080   1.349107    
16250    1625050090   1.347137    
16250    1625050100   1.345810    
16250    1625050110   1.343982    
16250    1625050120   1.342283    
16250    1625050130   1.340128    
16250    1625050140   1.338416    
16250    1625050150   1.337475    
16250    1625050160   1.335699    
16250    1625050170   1.334658    
16250    1625050180   1.332919    
16250    1625050190   1.331620    
16250    1625050200   1.328467    
16250    1625050210   1.326670    
16250    1625050220   1.324780    
16250    1625050230   1.322984    
16250    1625050240   1.320611    
16250    1625050250   1.319189    
16250    1625050260   1.317604    
16250    1625050270   1.316001    
16250    1625050280   1.314050    
16250    1625050290   1.311390    
16250    1625050300   1.308654    
16250    1625050310   1.305752    
16250    1625050320   1.304220    
16250    1625050330   1.302737    
16250    1625050340   1.301500    
16250    1625050350   1.299469    
16250    1625050360   1.297467    
16250    1625050370   1.294415    
16250    1625050380   1.292207    
16250    1625050390   1.291106    
16250    1625050400   1.289069    
16250    1625050410   1.286727    
16250    1625050420   1.284940    
16250    1625050430   1.282640    
16250    1625050440   1.281093    
16250    1625050450   1.279323    
16250    1625050460   1.276941    
16250    1625050470   1.275150    
16250    1625050480   1.273211    
16250    1625050490   1.272240    
16250    1625050500   1.271103    
16250    1625050510   1.268596    
16250    1625050520   1.266486    
16250    1625050530   1.263511    
16250    1625050540   1.261686    
16250    1625050550   1.260762    
16250    1625050560   1.259233    
16250    1625050570   1.257370    
16250    1625050580   1.255943    
16250    1625050590   1.254608    
16250    1625050600   1.252245    
16250    1625050610   1.251171    
16250    1625050620   1.248631    
16250    1625050630   1.247290    
16250    1625050640   1.244696    
16250    1625050650   1.241194    
16250    1625050660   1.239235    
16250    1625050670   1.237564    
16250    1625050680   1.234605    
16250    1625050690   1.233271    
16250    1625050700   1.231003    
16250    1625050710   1.229071    
16250    1625050720   1.226977    
16250    1625050730   1.224284    
16250    1625050740   1.222874    
16250    1625050750   1.221514    
16250    1625050760   1.219436    
16250    1625050770   1.217287    
16250    1625050780   1.215793    
16250    1625050790   1.214545    
16250    1625050800   1.213132    
16250    1625050810   1.210445    
16250    1625050820   1.207950    
16250    1625050830   1.206324    
16250    1625050840   1.204880    
16250    1625050850   1.204165    
16250    1625050860   1.201856    
16250    1625050870   1.199953    
16250    1625050880   1.199128    
16250    1625050890   1.197060    
16250    1625050900   1.194862    
16250    1625050910   1.192709    
16250    1625050920   1.191776    
16250    1625050930   1.189694    
16250    1625050940   1.188568    
16250    1625050950   1.184414    
16250    1625050960   1.182016    
16250    1625050970   1.179093    
16250    1625050980   1.177034    
16250    1625050990   1.175036    
16250    1625051000   1.173688    
16250    1625051010   1.171898    
16250    1625051020   1.169843    
16250    1625051030   1.167759    
16250    1625051040   1.166060    
16250    1625051050   1.164108    
16250    1625051060   1.161909    
16250    1625051070   1.159956    
16250    1625051080   1.159073    
16250    1625051090   1.157191    
16250    1625051100   1.155460    
16250    1625051110   1.153188    
16250    1625051120   1.151237    
16250    1625051130   1.148149    
16250    1625051140   1.146872    
16250    1625051150   1.144368    
16250    1625051160   1.141974    
16250    1625051170   1.140494    
16250    1625051180   1.138369    
16250    1625051190   1.137245    
16250    1625051200   1.135104    
16250    1625051210   1.133974    
16250    1625051220   1.131786    
16250    1625051230   1.130340    
16250    1625051240   1.128821    
16250    1625051250   1.127278    
16250    1625051260   1.125113    
16250    1625051270   1.122401    
16250    1625051280   1.121102    
16250    1625051290   1.118123    
16250    1625051300   1.116166    
16250    1625051310   1.114639    
16250    1625051320   1.112412    
16250    1625051330   1.111860    
16250    1625051340   1.110802    
16250    1625051350   1.108852    
16250    1625051360   1.107553    
16250    1625051370   1.105917    
16250    1625051380   1.104506    
16250    1625051390   1.100987    
16250    1625051400   1.099508    
16250    1625051410   1.096300    
16250    1625051420   1.094625    
16250    1625051430   1.092067    
16250    1625051440   1.089836    
16250    1625051450   1.088392    
16250    1625051460   1.085867    
16250    1625051470   1.084405    
16250    1625051480   1.082737    
16250    1625051490   1.079736    
16250    1625051500   1.076818    
16250    1625051510   1.075558    
16250    1625051520   1.073463    
16250    1625051530   1.071136    
16250    1625051540   1.067696    
16250    1625051550   1.065252    
16250    1625051560   1.062576    
16250    1625051570   1.060456    
16250    1625051580   1.059579    
16250    1625051590   1.057843    
16250    1625051600   1.056175    
16250    1625051610   1.052621    
16250    1625051620   1.052063    
16250    1625051630   1.050663    
16250    1625051640   1.048212    
16250    1625051650   1.046938    
16250    1625051660   1.043712    
16250    1625051670   1.040842    
16250    1625051680   1.039138    
16250    1625051690   1.036846    
16250    1625051700   1.034664    
16250    1625051710   1.033226    
16250    1625051720   1.031753    
16250    1625051730   1.029476    
16250    1625051740   1.027467    
16250    1625051750   1.023059    
16250    1625051760   1.020121    
16250    1625051770   1.018316    
16250    1625051780   1.016305    
16250    1625051790   1.014482    
16250    1625051800   1.011965    
16250    1625051810   1.010728    
16250    1625051820   1.009603    
16250    1625051830   1.008529    
16250    1625051840   1.007648    
16250    1625051850   1.003767    
16250    1625051860   1.003002    
16250    1625051870   1.001875    
16250    1625051880   1.000925    
16250    1625051890   0.999474    
16250    1625051900   0.997012    
16250    1625051910   0.995048    
16250    1625051920   0.993998    
16250    1625051930   0.992530    
16250    1625051940   0.989341    
16250    1625051950   0.988215    
16250    1625051960   0.986057    
16250    1625051970   0.984705    
16250    1625051980   0.982648    
16250    1625051990   0.981493    
16250    1625052000   0.979831    
16250    1625052010   0.978656    
16250    1625052020   0.976989    
16250    1625052030   0.974880    
16250    1625052040   0.972154    
16250    1625052050   0.969112    
16250    1625052060   0.966781    
16250    1625052070   0.965363    
16250    1625052080   0.964034    
16250    1625052090   0.962955    
16250    1625052100   0.961128    
16250    1625052110   0.959782    
16250    1625052120   0.956728    
16250    1625052130   0.954963    
16250    1625052140   0.953456    
16250    1625052150   0.951104    
16250    1625052160   0.948748    
16250    1625052170   0.946480    
16250    1625052180   0.944397    
16250    1625052190   0.942997    
16250    1625052200   0.941334    
16250    1625052210   0.938074    
16250    1625052220   0.936460    
16250    1625052230   0.935149    
16250    1625052240   0.932775    
16250    1625052250   0.931267    
16250    1625052260   0.929327    
16250    1625052270   0.927061    
16250    1625052280   0.925189    
16250    1625052290   0.922647    
16250    1625052300   0.922143    
16250    1625052310   0.920031    
16250    1625052320   0.918715    
16250    1625052330   0.916302    
16250    1625052340   0.913428    
16250    1625052350   0.912280    
16250    1625052360   0.910929    
16250    1625052370   0.909425    
16250    1625052380   0.907790    
16250    1625052390   0.904767    
16250    1625052400   0.902794    
16250    1625052410   0.901286    
16250    1625052420   0.898678    
16250    1625052430   0.896915    
16250    1625052440   0.894018    
16250    1625052450   0.891718    
16250    1625052460   0.889880    
16250    1625052470   0.888385    
16250    1625052480   0.886836    
16250    1625052490   0.884630    
16250    1625052500   0.884063    
16250    1625052510   0.883226    
16250    1625052520   0.881544    
16250    1625052530   0.879343    
16250    1625052540   0.878563    
16250    1625052550   0.875389    
16250    1625052560   0.873605    
16250    1625052570   0.872861    
16250    1625052580   0.871392    
16250    1625052590   0.869072    
16250    1625052600   0.867077    
16250    1625052610   0.864809    
16250    1625052620   0.862887    
16250    1625052630   0.860526    
16250    1625052640   0.858579    
16250    1625052650   0.857115    
16250    1625052660   0.856272    
16250    1625052670   0.855060    
16250    1625052680   0.854055    
16250    1625052690   0.853056    
16250    1625052700   0.851344    
16250    1625052710   0.849639    
16250    1625052720   0.847800    
16250    1625052730   0.846503    
16250    1625052740   0.844565    
16250    1625052750   0.843481    
16250    1625052760   0.841582    
16250    1625052770   0.838305    
16250    1625052780   0.837260    
16250    1625052790   0.835907    
16250    1625052800   0.835023    
16250    1625052810   0.832816    
16250    1625052820   0.831510    
16250    1625052830   0.830392    
16250    1625052840   0.828534    
16250    1625052850   0.826709    
16250    1625052860   0.825826    
16250    1625052870   0.824778    
16250    1625052880   0.821992    
16250    1625052890   0.820889    
16250    1625052900   0.818936    
16250    1625052910   0.816332    
16250    1625052920   0.813957    
16250    1625052930   0.812668    
16250    1625052940   0.810023    
16250    1625052950   0.808181    
16250    1625052960   0.805881    
16250    1625052970   0.804329    
16250    1625052980   0.802578    
16250    1625052990   0.801387    
16250    1625053000   0.799548    
16250    1625053010   0.798437    
16250    1625053020   0.796991    
16250    1625053030   0.795482    
16250    1625053040   0.794742    
16250    1625053050   0.793136    
16250    1625053060   0.791419    
16250    1625053070   0.789045    
16250    1625053080   0.787352    
16250    1625053090   0.785868    
16250    1625053100   0.784696    
16250    1625053110   0.783346    
16250    1625053120   0.781685    
16250    1625053130   0.779960    
16250    1625053140   0.778299    
16250    1625053150   0.777461    
16250    1625053160   0.775914    
16250    1625053170   0.774973    
16250    1625053180   0.772247    
16250    1625053190   0.771201    
16250    1625053200   0.770029    
16250    1625053210   0.768711    
16250    1625053220   0.766857    
16250    1625053230   0.765460    
16250    1625053240   0.764347    
16250    1625053250   0.762860    
16250    1625053260   0.761966    
16250    1625053270   0.760120    
16250    1625053280   0.759205    
16250    1625053290   0.757597    
16250    1625053300   0.755842    
16250    1625053310   0.754391    
16250    1625053320   0.753489    
16250    1625053330   0.751654    
16250    1625053340   0.750573    
16250    1625053350   0.748250    
16250    1625053360   0.746847    
16250    1625053370   0.745792    
16250    1625053380   0.743459    
16250    1625053390   0.741363    
16250    1625053400   0.739846    
16250    1625053410   0.738462    
16250    1625053420   0.737953    
16250    1625053430   0.737069    
16250    1625053440   0.734848    
16250    1625053450   0.734251    
16250    1625053460   0.731738    
16250    1625053470   0.730083    
16250    1625053480   0.728648    
16250    1625053490   0.727948    
16250    1625053500   0.726857    
16250    1625053510   0.725572    
16250    1625053520   0.725012    
16250    1625053530   0.724351    
16250    1625053540   0.723268    
16250    1625053550   0.722455    
16250    1625053560   0.720112    
16250    1625053570   0.718964    
16250    1625053580   0.718013    
16250    1625053590   0.715874    
16250    1625053600   0.714134    
16250    1625053610   0.712292    
16250    1625053620   0.710607    
16250    1625053630   0.709078    
16250    1625053640   0.707256    
16250    1625053650   0.706115    
16250    1625053660   0.703542    
16250    1625053670   0.701257    
16250    1625053680   0.699083    
16250    1625053690   0.697212    
16250    1625053700   0.694649    
16250    1625053710   0.692387    
16250    1625053720   0.689440    
16250    1625053730   0.687625    
16250    1625053740   0.686541    
16250    1625053750   0.685080    
16250    1625053760   0.682890    
16250    1625053770   0.680952    
16250    1625053780   0.678481    
16250    1625053790   0.676612    
16250    1625053800   0.674516    
16250    1625053810   0.671985    
16250    1625053820   0.670512    
16250    1625053830   0.669110    
16250    1625053840   0.665901    
16250    1625053850   0.663874    
16250    1625053860   0.662741    
16250    1625053870   0.661279    
16250    1625053880   0.659501    
16250    1625053890   0.657656    
16250    1625053900   0.656427    
16250    1625053910   0.654238    
16250    1625053920   0.652134    
16250    1625053930   0.651233    
16250    1625053940   0.649384    
16250    1625053950   0.647737    
16250    1625053960   0.645737    
16250    1625053970   0.644159    
16250    1625053980   0.642744    
16250    1625053990   0.641339    
16250    1625054000   0.639628    
16250    1625054010   0.638058    
16250    1625054020   0.636737    
16250    1625054030   0.635272    
16250    1625054040   0.633005    
16250    1625054050   0.630486    
16250    1625054060   0.628116    
16250    1625054070   0.626476    
16250    1625054080   0.623995    
16250    1625054090   0.622003    
16250    1625054100   0.619799    
16250    1625054110   0.619111    
16250    1625054120   0.618149    
16250    1625054130   0.617026    
16250    1625054140   0.615945    
16250    1625054150   0.614622    
16250    1625054160   0.611628    
16250    1625054170   0.610337    
16250    1625054180   0.608600    
16250    1625054190   0.606893    
16250    1625054200   0.603346    
16250    1625054210   0.602057    
16250    1625054220   0.600053    
16250    1625054230   0.598804    
16250    1625054240   0.596874    
16250    1625054250   0.596481    
16250    1625054260   0.594781    
16250    1625054270   0.594126    
16250    1625054280   0.592387    
16250    1625054290   0.591420    
16250    1625054300   0.590699    
16250    1625054310   0.588620    
16250    1625054320   0.587213    
16250    1625054330   0.585917    
16250    1625054340   0.584915    
16250    1625054350   0.583264    
16250    1625054360   0.582116    
16250    1625054370   0.580395    
16250    1625054380   0.579186    
16250    1625054390   0.577064    
16250    1625054400   0.575585    
16250    1625054410   0.574093    
16250    1625054420   0.572897    
16250    1625054430   0.571917    
16250    1625054440   0.570649    
16250    1625054450   0.570190    
16250    1625054460   0.568313    
16250    1625054470   0.567246    
16250    1625054480   0.566268    
16250    1625054490   0.564445    
16250    1625054500   0.562461    
16250    1625054510   0.560878    
16250    1625054520   0.560547    
16250    1625054530   0.559455    
16250    1625054540   0.558516    
16250    1625054550   0.556407    
16250    1625054560   0.555101    
16250    1625054570   0.553162    
16250    1625054580   0.552803    
16250    1625054590   0.550452    
16250    1625054600   0.548943    
16250    1625054610   0.547077    
16250    1625054620   0.545319    
16250    1625054630   0.544361    
16250    1625054640   0.543492    
16250    1625054650   0.542353    
16250    1625054660   0.541562    
16250    1625054670   0.540045    
16250    1625054680   0.539622    
16250    1625054690   0.538539    
16250    1625054700   0.536804    
16250    1625054710   0.534262    
16250    1625054720   0.531867    
16250    1625054730   0.528846    
16250    1625054740   0.527861    
16250    1625054750   0.527020    
16250    1625054760   0.526056    
16250    1625054770   0.523661    
16250    1625054780   0.521159    
16250    1625054790   0.519503    
16250    1625054800   0.518808    
16250    1625054810   0.516319    
16250    1625054820   0.515004    
16250    1625054830   0.514382    
16250    1625054840   0.512675    
16250    1625054850   0.511249    
16250    1625054860   0.509126    
16250    1625054870   0.505774    
16250    1625054880   0.502699    
16250    1625054890   0.500570    
16250    1625054900   0.499130    
16250    1625054910   0.497795    
16250    1625054920   0.496550    
16250    1625054930   0.494357    
16250    1625054940   0.492054    
16250    1625054950   0.490200    
16250    1625054960   0.488708    
16250    1625054970   0.487396    
16250    1625054980   0.486057    
16250    1625054990   0.484673    
16250    1625055000   0.483148    
16250    1625055010   0.482203    
16250    1625055020   0.481212    
16250    1625055030   0.480434    
16250    1625055040   0.479083    
16250    1625055050   0.476659    
16250    1625055060   0.475047    
16250    1625055070   0.472679    
16250    1625055080   0.470988    
16250    1625055090   0.469553    
16250    1625055100   0.467616    
16250    1625055110   0.465915    
16250    1625055120   0.464157    
16250    1625055130   0.461807    
16250    1625055140   0.460621    
16250    1625055150   0.457974    
16250    1625055160   0.456185    
16250    1625055170   0.454741    
16250    1625055180   0.453082    
16250    1625055190   0.452313    
16250    1625055200   0.451350    
16250    1625055210   0.450357    
16250    1625055220   0.448676    
16250    1625055230   0.446836    
16250    1625055240   0.445657    
16250    1625055250   0.443972    
16250    1625055260   0.442421    
16250    1625055270   0.441726    
16250    1625055280   0.440570    
16250    1625055290   0.438990    
16250    1625055300   0.438018    
16250    1625055310   0.436751    
16250    1625055320   0.434794    
16250    1625055330   0.434066    
16250    1625055340   0.432559    
16250    1625055350   0.431212    
16250    1625055360   0.429702    
16250    1625055370   0.429433    
16250    1625055380   0.427513    
16250    1625055390   0.425704    
16250    1625055400   0.423172    
16250    1625055410   0.421634    
16250    1625055420   0.420018    
16250    1625055430   0.418753    
16250    1625055440   0.417134    
16250    1625055450   0.416703    
16250    1625055460   0.415117    
16250    1625055470   0.413159    
16250    1625055480   0.410855    
16250    1625055490   0.409749    
16250    1625055500   0.408280    
16250    1625055510   0.407880    
16250    1625055520   0.406606    
16250    1625055530   0.405771    
16250    1625055540   0.404738    
16250    1625055550   0.403254    
16250    1625055560   0.401639    
16250    1625055570   0.400069    
16250    1625055580   0.398056    
16250    1625055590   0.396364    
16250    1625055600   0.394820    
16250    1625055610   0.393937    
16250    1625055620   0.392761    
16250    1625055630   0.391166    
16250    1625055640   0.388755    
16250    1625055650   0.387320    
16250    1625055660   0.385281    
16250    1625055670   0.384084    
16250    1625055680   0.382178    
16250    1625055690   0.380990    
16250    1625055700   0.378784    
16250    1625055710   0.377046    
16250    1625055720   0.374481    
16250    1625055730   0.372785    
16250    1625055740   0.371212    
16250    1625055750   0.370121    
16250    1625055760   0.368300    
16250    1625055770   0.366953    
16250    1625055780   0.365634    
16250    1625055790   0.364290    
16250    1625055800   0.362790    
16250    1625055810   0.361452    
16250    1625055820   0.360373    
16250    1625055830   0.358467    
16250    1625055840   0.357054    
16250    1625055850   0.355353    
16250    1625055860   0.354829    
16250    1625055870   0.354037    
16250    1625055880   0.353268    
16250    1625055890   0.349942    
16250    1625055900   0.348503    
16250    1625055910   0.347537    
16250    1625055920   0.345634    
16250    1625055930   0.344595    
16250    1625055940   0.344032    
16250    1625055950   0.343636    
16250    1625055960   0.342036    
16250    1625055970   0.340847    
16250    1625055980   0.338463    
16250    1625055990   0.337606    
16250    1625056000   0.336801    
16250    1625056010   0.335704    
16250    1625056020   0.334809    
16250    1625056030   0.334089    
16250    1625056040   0.333357    
16250    1625056050   0.332613    
16250    1625056060   0.330925    
16250    1625056070   0.330076    
16250    1625056080   0.328672    
16250    1625056090   0.327893    
16250    1625056100   0.326033    
16250    1625056110   0.324353    
16250    1625056120   0.323204    
16250    1625056130   0.321772    
16250    1625056140   0.320682    
16250    1625056150   0.319057    
16250    1625056160   0.317779    
16250    1625056170   0.316475    
16250    1625056180   0.315323    
16250    1625056190   0.314237    
16250    1625056200   0.312653    
16250    1625056210   0.311551    
16250    1625056220   0.310423    
16250    1625056230   0.309602    
16250    1625056240   0.308224    
16250    1625056250   0.307348    
16250    1625056260   0.305626    
16250    1625056270   0.304456    
16250    1625056280   0.303171    
16250    1625056290   0.301915    
16250    1625056300   0.300558    
16250    1625056310   0.299057    
16250    1625056320   0.298016    
16250    1625056330   0.297269    
16250    1625056340   0.295814    
16250    1625056350   0.294288    
16250    1625056360   0.292042    
16250    1625056370   0.291649    
16250    1625056380   0.289365    
16250    1625056390   0.287506    
16250    1625056400   0.286217    
16250    1625056410   0.284413    
16250    1625056420   0.283137    
16250    1625056430   0.282551    
16250    1625056440   0.281080    
16250    1625056450   0.279463    
16250    1625056460   0.277621    
16250    1625056470   0.276780    
16250    1625056480   0.276094    
16250    1625056490   0.274639    
16250    1625056500   0.273916    
16250    1625056510   0.273395    
16250    1625056520   0.271838    
16250    1625056530   0.271541    
16250    1625056540   0.270332    
16250    1625056550   0.269195    
16250    1625056560   0.268106    
16250    1625056570   0.266829    
16250    1625056580   0.265020    
16250    1625056590   0.263986    
16250    1625056600   0.263023    
16250    1625056610   0.261477    
16250    1625056620   0.259953    
16250    1625056630   0.258257    
16250    1625056640   0.257619    
16250    1625056650   0.255233    
16250    1625056660   0.253917    
16250    1625056670   0.252743    
16250    1625056680   0.251612    
16250    1625056690   0.250030    
16250    1625056700   0.249219    
16250    1625056710   0.248263    
16250    1625056720   0.247400    
16250    1625056730   0.246191    
16250    1625056740   0.244915    
16250    1625056750   0.243002    
16250    1625056760   0.241674    
16250    1625056770   0.240356    
16250    1625056780   0.239556    
16250    1625056790   0.238589    
16250    1625056800   0.237799    
16250    1625056810   0.236766    
16250    1625056820   0.234848    
16250    1625056830   0.232540    
16250    1625056840   0.231181    
16250    1625056850   0.230412    
16250    1625056860   0.229075    
16250    1625056870   0.227918    
16250    1625056880   0.226541    
16250    1625056890   0.224409    
16250    1625056900   0.223674    
16250    1625056910   0.222557    
16250    1625056920   0.221963    
16250    1625056930   0.220478    
16250    1625056940   0.219926    
16250    1625056950   0.218519    
16250    1625056960   0.217240    
16250    1625056970   0.216386    
16250    1625056980   0.214612    
16250    1625056990   0.213020    
16250    1625057000   0.211934    
16250    1625057010   0.210803    
16250    1625057020   0.208713    
16250    1625057030   0.207657    
16250    1625057040   0.207113    
16250    1625057050   0.205208    
16250    1625057060   0.203967    
16250    1625057070   0.202972    
16250    1625057080   0.201387    
16250    1625057090   0.200382    
16250    1625057100   0.199600    
16250    1625057110   0.198629    
16250    1625057120   0.197806    
16250    1625057130   0.196460    
16250    1625057140   0.195757    
16250    1625057150   0.194357    
16250    1625057160   0.192629    
16250    1625057170   0.191190    
16250    1625057180   0.189462    
16250    1625057190   0.188223    
16250    1625057200   0.186836    
16250    1625057210   0.185490    
16250    1625057220   0.184469    
16250    1625057230   0.182871    
16250    1625057240   0.181647    
16250    1625057250   0.180568    
16250    1625057260   0.179582    
16250    1625057270   0.178561    
16250    1625057280   0.177902    
16250    1625057290   0.176477    
16250    1625057300   0.174360    
16250    1625057310   0.172513    
16250    1625057320   0.171206    
16250    1625057330   0.169799    
16250    1625057340   0.169041    
16250    1625057350   0.168234    
16250    1625057360   0.167140    
16250    1625057370   0.166352    
16250    1625057380   0.165678    
16250    1625057390   0.164555    
16250    1625057400   0.162994    
16250    1625057410   0.160882    
16250    1625057420   0.159680    
16250    1625057430   0.158335    
16250    1625057440   0.157094    
16250    1625057450   0.156194    
16250    1625057460   0.154221    
16250    1625057470   0.153475    
16250    1625057480   0.152405    
16250    1625057490   0.151291    
16250    1625057500   0.149226    
16250    1625057510   0.147764    
16250    1625057520   0.147135    
16250    1625057530   0.146195    
16250    1625057540   0.145135    
16250    1625057550   0.142368    
16250    1625057560   0.140849    
16250    1625057570   0.139561    
16250    1625057580   0.138804    
16250    1625057590   0.135936    
16250    1625057600   0.134724    
16250    1625057610   0.133015    
16250    1625057620   0.131960    
16250    1625057630   0.130372    
16250    1625057640   0.129192    
16250    1625057650   0.127849    
16250    1625057660   0.127033    
16250    1625057670   0.125705    
16250    1625057680   0.124541    
16250    1625057690   0.123221    
16250    1625057700   0.122722    
16250    1625057710   0.121235    
16250    1625057720   0.120347    
16250    1625057730   0.118559    
16250    1625057740   0.117674    
16250    1625057750   0.116590    
16250    1625057760   0.115361    
16250    1625057770   0.113846    
16250    1625057780   0.112357    
16250    1625057790   0.111458    
16250    1625057800   0.110530    
16250    1625057810   0.108656    
16250    1625057820   0.107480    
16250    1625057830   0.106565    
16250    1625057840   0.104491    
16250    1625057850   0.103425    
16250    1625057860   0.101685    
16250    1625057870   0.101283    
16250    1625057880   0.100765    
16250    1625057890   0.099483    
16250    1625057900   0.098458    
16250    1625057910   0.096817    
16250    1625057920   0.095648    
16250    1625057930   0.094154    
16250    1625057940   0.093442    
16250    1625057950   0.091952    
16250    1625057960   0.090741    
16250    1625057970   0.088943    
16250    1625057980   0.088136    
16250    1625057990   0.086924    
16250    1625058000   0.085954    
16250    1625058010   0.084359    
16250    1625058020   0.082857    
16250    1625058030   0.082059    
16250    1625058040   0.080392    
16250    1625058050   0.079579    
16250    1625058060   0.078304    
16250    1625058070   0.077122    
16250    1625058080   0.076197    
16250    1625058090   0.074969    
16250    1625058100   0.073533    
16250    1625058110   0.071732    
16250    1625058120   0.070578    
16250    1625058130   0.069795    
16250    1625058140   0.068687    
16250    1625058150   0.067042    
16250    1625058160   0.065881    
16250    1625058170   0.065545    
16250    1625058180   0.064215    
16250    1625058190   0.062884    
16250    1625058200   0.061574    
16250    1625058210   0.060189    
16250    1625058220   0.059259    
16250    1625058230   0.057998    
16250    1625058240   0.057546    
16250    1625058250   0.055414    
16250    1625058260   0.054425    
16250    1625058270   0.053011    
16250    1625058280   0.052671    
16250    1625058290   0.051155    
16250    1625058300   0.050121    
16250    1625058310   0.049869    
16250    1625058320   0.049396    
16250    1625058330   0.048996    
16250    1625058340   0.048016    
16250    1625058350   0.047032    
16250    1625058360   0.046163    
16250    1625058370   0.045166    
16250    1625058380   0.043450    
16250    1625058390   0.042835    
16250    1625058400   0.041480    
16250    1625058410   0.040598    
16250    1625058420   0.039260    
16250    1625058430   0.038500    
16250    1625058440   0.037384    
16250    1625058450   0.036256    
16250    1625058460   0.035361    
16250    1625058470   0.034328    
16250    1625058480   0.033503    
16250    1625058490   0.032396    
16250    1625058500   0.031549    
16250    1625058510   0.030806    
16250    1625058520   0.029504    
16250    1625058530   0.028616    
16250    1625058540   0.027916    
16250    1625058550   0.027492    
16250    1625058560   0.026362    
16250    1625058570   0.023974    
16250    1625058580   0.023003    
16250    1625058590   0.022500    
16250    1625058600   0.020788    
16250    1625058610   0.020250    
16250    1625058620   0.019047    
16250    1625058630   0.018209    
16250    1625058640   0.017130    
16250    1625058650   0.016617    
16250    1625058660   0.016139    
16250    1625058670   0.015086    
16250    1625058680   0.013699    
16250    1625058690   0.012381    
16250    1625058700   0.011787    
16250    1625058710   0.010781    
16250    1625058720   0.009585    
16250    1625058730   0.008752    
16250    1625058740   0.008019    
16250    1625058750   0.006085    
16250    1625058760   0.004771    
16250    1625058770   0.003747    
16250    1625058780   0.002766    
16250    1625058790   0.001029    
16250    1625058800   -0.000971   
16250    1625058810   -0.002187   
16250    1625058820   -0.003953   
16250    1625058830   -0.006549   
16250    1625058840   -0.007212   
16250    1625058850   -0.008125   
16250    1625058860   -0.010325   
16250    1625058870   -0.011206   
16250    1625058880   -0.012091   
16250    1625058890   -0.012686   
16250    1625058900   -0.013190   
16250    1625058910   -0.013659   
16250    1625058920   -0.014357   
16250    1625058930   -0.015543   
16250    1625058940   -0.016649   
16250    1625058950   -0.017454   
16250    1625058960   -0.018093   
16250    1625058970   -0.018615   
16250    1625058980   -0.020029   
16250    1625058990   -0.020643   
16250    1625059000   -0.022121   
16250    1625059010   -0.022483   
16250    1625059020   -0.023760   
16250    1625059030   -0.024607   
16250    1625059040   -0.026469   
16250    1625059050   -0.026733   
16250    1625059060   -0.027598   
16250    1625059070   -0.028695   
16250    1625059080   -0.029928   
16250    1625059090   -0.030818   
16250    1625059100   -0.031827   
16250    1625059110   -0.032841   
16250    1625059120   -0.034366   
16250    1625059130   -0.034992   
16250    1625059140   -0.035101   
16250    1625059150   -0.036341   
16250    1625059160   -0.037536   
16250    1625059170   -0.039071   
16250    1625059180   -0.040742   
16250    1625059190   -0.041674   
16250    1625059200   -0.042511   
16250    1625059210   -0.043411   
16250    1625059220   -0.044259   
16250    1625059230   -0.045954   
16250    1625059240   -0.047371   
16250    1625059250   -0.049574   
16250    1625059260   -0.050405   
16250    1625059270   -0.051582   
16250    1625059280   -0.052535   
16250    1625059290   -0.053713   
16250    1625059300   -0.054286   
16250    1625059310   -0.055947   
16250    1625059320   -0.057255   
16250    1625059330   -0.058782   
16250    1625059340   -0.059557   
16250    1625059350   -0.060426   
16250    1625059360   -0.062503   
16250    1625059370   -0.063785   
16250    1625059380   -0.065061   
16250    1625059390   -0.065975   
16250    1625059400   -0.066584   
16250    1625059410   -0.067450   
16250    1625059420   -0.068081   
16250    1625059430   -0.068929   
16250    1625059440   -0.069825   
16250    1625059450   -0.071717   
16250    1625059460   -0.073284   
16250    1625059470   -0.074685   
16250    1625059480   -0.075582   
16250    1625059490   -0.076575   
16250    1625059500   -0.077895   
16250    1625059510   -0.079250   
16250    1625059520   -0.080268   
16250    1625059530   -0.081244   
16250    1625059540   -0.082104   
16250    1625059550   -0.083621   
16250    1625059560   -0.085051   
16250    1625059570   -0.085467   
16250    1625059580   -0.086303   
16250    1625059590   -0.087137   
16250    1625059600   -0.087865   
16250    1625059610   -0.088827   
16250    1625059620   -0.089243   
16250    1625059630   -0.090317   
16250    1625059640   -0.091473   
16250    1625059650   -0.093366   
16250    1625059660   -0.094686   
16250    1625059670   -0.096104   
16250    1625059680   -0.097788   
16250    1625059690   -0.098939   
16250    1625059700   -0.099614   
16250    1625059710   -0.101461   
16250    1625059720   -0.101926   
16250    1625059730   -0.103239   
16250    1625059740   -0.104284   
16250    1625059750   -0.105097   
16250    1625059760   -0.105462   
16250    1625059770   -0.106306   
16250    1625059780   -0.106815   
16250    1625059790   -0.107661   
16250    1625059800   -0.108543   
16250    1625059810   -0.109769   
16250    1625059820   -0.110856   
16250    1625059830   -0.111982   
16250    1625059840   -0.113180   
16250    1625059850   -0.114466   
16250    1625059860   -0.115505   
16250    1625059870   -0.116527   
16250    1625059880   -0.118344   
16250    1625059890   -0.118653   
16250    1625059900   -0.120005   
16250    1625059910   -0.120934   
16250    1625059920   -0.121894   
16250    1625059930   -0.123041   
16250    1625059940   -0.124073   
16250    1625059950   -0.125031   
16250    1625059960   -0.125608   
16250    1625059970   -0.126591   
16250    1625059980   -0.127080   
16250    1625059990   -0.128198   
16250    1625060000   -0.128771   
16251    1625160000   -0.128809   
16261    1626160000   -0.130333   
16271    1627160000   -0.132570   
16281    1628160000   -0.133485   
16291    1629160000   -0.134990   
16301    1630160000   -0.136409   
16311    1631160000   -0.137843   
16321    1632160000   -0.139488   
16331    1633160000   -0.140608   
16341    1634160000   -0.141847   
16351    1635160000   -0.142784   
16361    1636160000   -0.144140   
16371    1637160000   -0.147044   
16381    1638160000   -0.148548   
16391    1639160000   -0.149758   
16401    1640160000   -0.151280   
16411    1641160000   -0.152591   
16421    1642160000   -0.154236   
16431    1643160000   -0.155573   
16441    1644160000   -0.156703   
16451    1645160000   -0.158907   
16461    1646160000   -0.161142   
16471    1647160000   -0.162269   
16481    1648160000   -0.163210   
16491    1649160000   -0.164168   
16501    1650160000   -0.165881   
16511    1651160000   -0.167356   
16521    1652160000   -0.169209   
16531    1653160000   -0.171017   
16541    1654160000   -0.172138   
16551    1655160000   -0.174103   
16561    1656160000   -0.175344   
16571    1657160000   -0.177038   
16581    1658160000   -0.179536   
16591    1659160000   -0.180435   
16601    1660160000   -0.182260   
16611    1661160000   -0.183561   
16621    1662160000   -0.184828   
16631    1663160000   -0.186989   
16641    1664160000   -0.187908   
16651    1665160000   -0.190449   
16661    1666160000   -0.192037   
16671    1667160000   -0.194283   
16681    1668160000   -0.196028   
16691    1669160000   -0.197549   
16701    1670160000   -0.201326   
16711    1671160000   -0.202554   
16721    1672160000   -0.204513   
16731    1673160000   -0.205499   
16741    1674160000   -0.206634   
16751    1675160000   -0.208309   
16761    1676160000   -0.209452   
16771    1677160000   -0.209955   
16781    1678160000   -0.211257   
16791    1679160000   -0.212539   
16801    1680160000   -0.213426   
16811    1681160000   -0.215059   
16821    1682160000   -0.215967   
16831    1683160000   -0.217456   
16841    1684160000   -0.219140   
16851    1685160000   -0.220290   
16861    1686160000   -0.221377   
16871    1687160000   -0.222355   
16881    1688160000   -0.224502   
16891    1689160000   -0.225310   
16901    1690160000   -0.227889   
16911    1691160000   -0.230076   
16921    1692160000   -0.231950   
16931    1693160000   -0.233221   
16941    1694160000   -0.234024   
16951    1695160000   -0.235743   
16961    1696160000   -0.237861   
16971    1697160000   -0.239444   
16981    1698160000   -0.240836   
16991    1699160000   -0.241435   
17001    1700160000   -0.243452   
17011    1701160000   -0.244369   
17021    1702160000   -0.245887   
17031    1703160000   -0.247162   
17041    1704160000   -0.249680   
17051    1705160000   -0.250962   
17061    1706160000   -0.252246   
17071    1707160000   -0.253377   
17081    1708160000   -0.254679   
17091    1709160000   -0.257196   
17101    1710160000   -0.258947   
17111    1711160000   -0.260471   
17121    1712160000   -0.262243   
17131    1713160000   -0.263759   
17141    1714160000   -0.265399   
17151    1715160000   -0.266461   
17161    1716160000   -0.268071   
17171    1717160000   -0.269080   
17181    1718160000   -0.270644   
17191    1719160000   -0.272543   
17201    1720160000   -0.274260   
17211    1721160000   -0.275787   
17221    1722160000   -0.276924   
17231    1723160000   -0.278107   
17241    1724160000   -0.279491   
17251    1725160000   -0.281340   
17261    1726160000   -0.283073   
17271    1727160000   -0.284287   
17281    1728160000   -0.286522   
17291    1729160000   -0.288102   
17301    1730160000   -0.288908   
17311    1731160000   -0.289980   
17321    1732160000   -0.291210   
17331    1733160000   -0.293187   
17341    1734160000   -0.294688   
17351    1735160000   -0.296800   
17361    1736160000   -0.298142   
17371    1737160000   -0.299999   
17381    1738160000   -0.300840   
17391    1739160000   -0.302140   
17401    1740160000   -0.303773   
17411    1741160000   -0.304568   
17421    1742160000   -0.305796   
17431    1743160000   -0.306911   
17441    1744160000   -0.308813   
17451    1745160000   -0.310273   
17461    1746160000   -0.312476   
17471    1747160000   -0.313563   
17481    1748160000   -0.314429   
17491    1749160000   -0.315249   
17501    1750160000   -0.316167   
17511    1751160000   -0.316953   
17521    1752160000   -0.319399   
17531    1753160000   -0.320880   
17541    1754160000   -0.321549   
17551    1755160000   -0.322532   
17561    1756160000   -0.323751   
17571    1757160000   -0.325872   
17581    1758160000   -0.327994   
17591    1759160000   -0.329387   
17601    1760160000   -0.330890   
17611    1761160000   -0.331995   
17621    1762160000   -0.333766   
17631    1763160000   -0.335290   
17641    1764160000   -0.337319   
17651    1765160000   -0.339158   
17661    1766160000   -0.340731   
17671    1767160000   -0.341715   
17681    1768160000   -0.342793   
17691    1769160000   -0.344280   
17701    1770160000   -0.345993   
17711    1771160000   -0.348175   
17721    1772160000   -0.349306   
17731    1773160000   -0.350084   
17741    1774160000   -0.351760   
17751    1775160000   -0.353399   
17761    1776160000   -0.355273   
17771    1777160000   -0.356641   
17781    1778160000   -0.358275   
17791    1779160000   -0.359742   
17801    1780160000   -0.361122   
17811    1781160000   -0.362316   
17821    1782160000   -0.363072   
17831    1783160000   -0.365391   
17841    1784160000   -0.366548   
17851    1785160000   -0.367774   
17861    1786160000   -0.368675   
17871    1787160000   -0.370664   
17881    1788160000   -0.372279   
17891    1789160000   -0.373144   
17901    1790160000   -0.374337   
17911    1791160000   -0.375252   
17921    1792160000   -0.376572   
17931    1793160000   -0.377954   
17941    1794160000   -0.379321   
17951    1795160000   -0.381511   
17961    1796160000   -0.382911   
17971    1797160000   -0.383641   
17981    1798160000   -0.385463   
17991    1799160000   -0.387361   
18001    1800160000   -0.388172   
18011    1801160000   -0.390240   
18021    1802160000   -0.391479   
18031    1803160000   -0.393111   
18041    1804160000   -0.394510   
18051    1805160000   -0.395947   
18061    1806160000   -0.397037   
18071    1807160000   -0.397897   
18081    1808160000   -0.399824   
18091    1809160000   -0.401275   
18101    1810160000   -0.402464   
18111    1811160000   -0.403419   
18121    1812160000   -0.405740   
18131    1813160000   -0.406708   
18141    1814160000   -0.408351   
18151    1815160000   -0.409011   
18161    1816160000   -0.409937   
18171    1817160000   -0.410896   
18181    1818160000   -0.411908   
18191    1819160000   -0.412773   
18201    1820160000   -0.414060   
18211    1821160000   -0.415472   
18221    1822160000   -0.417404   
18231    1823160000   -0.418379   
18241    1824160000   -0.419941   
18251    1825160000   -0.421316   
18261    1826160000   -0.422152   
18271    1827160000   -0.423446   
18281    1828160000   -0.425365   
18291    1829160000   -0.426421   
18301    1830160000   -0.427716   
18311    1831160000   -0.428953   
18321    1832160000   -0.430410   
18331    1833160000   -0.431913   
18341    1834160000   -0.432906   
18351    1835160000   -0.434050   
18361    1836160000   -0.436015   
18371    1837160000   -0.437190   
18381    1838160000   -0.438642   
18391    1839160000   -0.439514   
18401    1840160000   -0.440774   
18411    1841160000   -0.441934   
18421    1842160000   -0.442896   
18431    1843160000   -0.443880   
18441    1844160000   -0.445346   
18451    1845160000   -0.447552   
18461    1846160000   -0.448643   
18471    1847160000   -0.449947   
18481    1848160000   -0.451341   
18491    1849160000   -0.453198   
18501    1850160000   -0.454418   
18511    1851160000   -0.455825   
18521    1852160000   -0.457326   
18531    1853160000   -0.458725   
18541    1854160000   -0.460003   
18551    1855160000   -0.461257   
18561    1856160000   -0.462614   
18571    1857160000   -0.464189   
18581    1858160000   -0.464952   
18591    1859160000   -0.466881   
18601    1860160000   -0.467818   
18611    1861160000   -0.469250   
18621    1862160000   -0.471417   
18631    1863160000   -0.472728   
18641    1864160000   -0.474407   
18651    1865160000   -0.475835   
18661    1866160000   -0.477263   
18671    1867160000   -0.478353   
18681    1868160000   -0.479495   
18691    1869160000   -0.480876   
18701    1870160000   -0.481717   
18711    1871160000   -0.483052   
18721    1872160000   -0.484731   
18731    1873160000   -0.486299   
18741    1874160000   -0.487409   
18751    1875160000   -0.488593   
18761    1876160000   -0.490050   
18771    1877160000   -0.492064   
18781    1878160000   -0.494039   
18791    1879160000   -0.495777   
18801    1880160000   -0.497060   
18811    1881160000   -0.497679   
18821    1882160000   -0.499443   
18831    1883160000   -0.501018   
18841    1884160000   -0.502002   
18851    1885160000   -0.503765   
18861    1886160000   -0.505109   
18871    1887160000   -0.506316   
18881    1888160000   -0.508020   
18891    1889160000   -0.509476   
18901    1890160000   -0.510526   
18911    1891160000   -0.511434   
18921    1892160000   -0.512308   
18931    1893160000   -0.513447   
18941    1894160000   -0.514861   
18951    1895160000   -0.515663   
18961    1896160000   -0.517518   
18971    1897160000   -0.518947   
18981    1898160000   -0.519835   
18991    1899160000   -0.521933   
19001    1900160000   -0.523242   
19011    1901160000   -0.524789   
19021    1902160000   -0.525873   
19031    1903160000   -0.527970   
19041    1904160000   -0.528599   
19051    1905160000   -0.529701   
19061    1906160000   -0.530839   
19071    1907160000   -0.532747   
19081    1908160000   -0.534342   
19091    1909160000   -0.535017   
19101    1910160000   -0.536458   
19111    1911160000   -0.537331   
19121    1912160000   -0.538406   
19131    1913160000   -0.539044   
19141    1914160000   -0.540064   
19151    1915160000   -0.541572   
19161    1916160000   -0.542700   
19171    1917160000   -0.545036   
19181    1918160000   -0.546323   
19191    1919160000   -0.547787   
19201    1920160000   -0.549992   
19211    1921160000   -0.551116   
19221    1922160000   -0.552113   
19231    1923160000   -0.553444   
19241    1924160000   -0.554356   
19250    1925060000   -0.555124   
19250    1925060000   -0.555124   
19250    1925060010   -0.556129   
19250    1925060020   -0.557822   
19250    1925060030   -0.558752   
19250    1925060040   -0.559959   
19250    1925060050   -0.561868   
19250    1925060060   -0.563147   
19250    1925060070   -0.564575   
19250    1925060080   -0.565347   
19250    1925060090   -0.566185   
19250    1925060100   -0.566821   
19250    1925060110   -0.568639   
19250    1925060120   -0.569744   
19250    1925060130   -0.570828   
19250    1925060140   -0.571588   
19250    1925060150   -0.573211   
19250    1925060160   -0.573772   
19250    1925060170   -0.574950   
19250    1925060180   -0.576123   
19250    1925060190   -0.577000   
19250    1925060200   -0.578618   
19250    1925060210   -0.579770   
19250    1925060220   -0.580619   
19250    1925060230   -0.581342   
19250    1925060240   -0.581823   
19250    1925060250   -0.583527   
19250    1925060260   -0.585230   
19250    1925060270   -0.586457   
19250    1925060280   -0.587145   
19250    1925060290   -0.588287   
19250    1925060300   -0.588820   
19250    1925060310   -0.589582   
19250    1925060320   -0.590468   
19250    1925060330   -0.591476   
19250    1925060340   -0.592151   
19250    1925060350   -0.592784   
19250    1925060360   -0.593771   
19250    1925060370   -0.594406   
19250    1925060380   -0.595434   
19250    1925060390   -0.596754   
19250    1925060400   -0.597484   
19250    1925060410   -0.598804   
19250    1925060420   -0.599938   
19250    1925060430   -0.600792   
19250    1925060440   -0.601719   
19250    1925060450   -0.603045   
19250    1925060460   -0.603996   
19250    1925060470   -0.605621   
19250    1925060480   -0.606393   
19250    1925060490   -0.607221   
19250    1925060500   -0.608505   
19250    1925060510   -0.609325   
19250    1925060520   -0.610701   
19250    1925060530   -0.611835   
19250    1925060540   -0.612848   
19250    1925060550   -0.613503   
19250    1925060560   -0.614715   
19250    1925060570   -0.615780   
19250    1925060580   -0.617095   
19250    1925060590   -0.617858   
19250    1925060600   -0.619146   
19250    1925060610   -0.620670   
19250    1925060620   -0.621625   
19250    1925060630   -0.622958   
19250    1925060640   -0.624925   
19250    1925060650   -0.626039   
19250    1925060660   -0.627205   
19250    1925060670   -0.628736   
19250    1925060680   -0.630207   
19250    1925060690   -0.632063   
19250    1925060700   -0.632827   
19250    1925060710   -0.633991   
19250    1925060720   -0.635117   
19250    1925060730   -0.635888   
19250    1925060740   -0.636435   
19250    1925060750   -0.637643   
19250    1925060760   -0.638870   
19250    1925060770   -0.640382   
19250    1925060780   -0.642143   
19250    1925060790   -0.643028   
19250    1925060800   -0.644194   
19250    1925060810   -0.645989   
19250    1925060820   -0.647514   
19250    1925060830   -0.648456   
19250    1925060840   -0.648906   
19250    1925060850   -0.650755   
19250    1925060860   -0.651626   
19250    1925060870   -0.653138   
19250    1925060880   -0.653961   
19250    1925060890   -0.655470   
19250    1925060900   -0.656703   
19250    1925060910   -0.657541   
19250    1925060920   -0.658638   
19250    1925060930   -0.659249   
19250    1925060940   -0.659716   
19250    1925060950   -0.660890   
19250    1925060960   -0.662325   
19250    1925060970   -0.663668   
19250    1925060980   -0.665279   
19250    1925060990   -0.666001   
19250    1925061000   -0.666784   
19250    1925061010   -0.668054   
19250    1925061020   -0.669799   
19250    1925061030   -0.671130   
19250    1925061040   -0.671664   
19250    1925061050   -0.674290   
19250    1925061060   -0.674951   
19250    1925061070   -0.676032   
19250    1925061080   -0.677124   
19250    1925061090   -0.678126   
19250    1925061100   -0.679694   
19250    1925061110   -0.681393   
19250    1925061120   -0.681941   
19250    1925061130   -0.683582   
19250    1925061140   -0.684345   
19250    1925061150   -0.685441   
19250    1925061160   -0.686441   
19250    1925061170   -0.688065   
19250    1925061180   -0.689121   
19250    1925061190   -0.690779   
19250    1925061200   -0.691705   
19250    1925061210   -0.692681   
19250    1925061220   -0.693897   
19250    1925061230   -0.694514   
19250    1925061240   -0.696248   
19250    1925061250   -0.697163   
19250    1925061260   -0.699083   
19250    1925061270   -0.699741   
19250    1925061280   -0.701478   
19250    1925061290   -0.702332   
19250    1925061300   -0.703315   
19250    1925061310   -0.705584   
19250    1925061320   -0.706315   
19250    1925061330   -0.707458   
19250    1925061340   -0.709032   
19250    1925061350   -0.709930   
19250    1925061360   -0.710994   
19250    1925061370   -0.711706   
19250    1925061380   -0.712409   
19250    1925061390   -0.713446   
19250    1925061400   -0.714991   
19250    1925061410   -0.715979   
19250    1925061420   -0.717328   
19250    1925061430   -0.718217   
19250    1925061440   -0.718852   
19250    1925061450   -0.719527   
19250    1925061460   -0.721077   
19250    1925061470   -0.722012   
19250    1925061480   -0.723505   
19250    1925061490   -0.724609   
19250    1925061500   -0.725882   
19250    1925061510   -0.727141   
19250    1925061520   -0.728180   
19250    1925061530   -0.729447   
19250    1925061540   -0.730739   
19250    1925061550   -0.731544   
19250    1925061560   -0.732528   
19250    1925061570   -0.733674   
19250    1925061580   -0.734856   
19250    1925061590   -0.736033   
19250    1925061600   -0.736787   
19250    1925061610   -0.737252   
19250    1925061620   -0.738325   
19250    1925061630   -0.739378   
19250    1925061640   -0.740393   
19250    1925061650   -0.741876   
19250    1925061660   -0.742992   
19250    1925061670   -0.744275   
19250    1925061680   -0.745824   
19250    1925061690   -0.746792   
19250    1925061700   -0.747811   
19250    1925061710   -0.748676   
19250    1925061720   -0.750025   
19250    1925061730   -0.751044   
19250    1925061740   -0.752131   
19250    1925061750   -0.754080   
19250    1925061760   -0.755439   
19250    1925061770   -0.755903   
19250    1925061780   -0.757082   
19250    1925061790   -0.758308   
19250    1925061800   -0.759768   
19250    1925061810   -0.761015   
19250    1925061820   -0.761964   
19250    1925061830   -0.762768   
19250    1925061840   -0.763605   
19250    1925061850   -0.764457   
19250    1925061860   -0.765408   
19250    1925061870   -0.766265   
19250    1925061880   -0.767572   
19250    1925061890   -0.768362   
19250    1925061900   -0.770185   
19250    1925061910   -0.770638   
19250    1925061920   -0.771491   
19250    1925061930   -0.772655   
19250    1925061940   -0.773078   
19250    1925061950   -0.774543   
19250    1925061960   -0.775318   
19250    1925061970   -0.775844   
19250    1925061980   -0.777958   
19250    1925061990   -0.778704   
19250    1925062000   -0.779610   
19250    1925062010   -0.780175   
19250    1925062020   -0.781880   
19250    1925062030   -0.783044   
19250    1925062040   -0.784617   
19250    1925062050   -0.785283   
19250    1925062060   -0.786746   
19250    1925062070   -0.787604   
19250    1925062080   -0.788687   
19250    1925062090   -0.789918   
19250    1925062100   -0.791110   
19250    1925062110   -0.792635   
19250    1925062120   -0.793474   
19250    1925062130   -0.794849   
19250    1925062140   -0.795980   
19250    1925062150   -0.797580   
19250    1925062160   -0.798282   
19250    1925062170   -0.799240   
19250    1925062180   -0.800195   
19250    1925062190   -0.801295   
19250    1925062200   -0.803382   
19250    1925062210   -0.804899   
19250    1925062220   -0.805793   
19250    1925062230   -0.806231   
19250    1925062240   -0.806997   
19250    1925062250   -0.808399   
19250    1925062260   -0.809383   
19250    1925062270   -0.810440   
19250    1925062280   -0.812419   
19250    1925062290   -0.813035   
19250    1925062300   -0.814729   
19250    1925062310   -0.815515   
19250    1925062320   -0.816610   
19250    1925062330   -0.818103   
19250    1925062340   -0.820010   
19250    1925062350   -0.821541   
19250    1925062360   -0.822318   
19250    1925062370   -0.823896   
19250    1925062380   -0.824866   
19250    1925062390   -0.825597   
19250    1925062400   -0.826813   
19250    1925062410   -0.827351   
19250    1925062420   -0.828606   
19250    1925062430   -0.829574   
19250    1925062440   -0.831289   
19250    1925062450   -0.832023   
19250    1925062460   -0.832820   
19250    1925062470   -0.833800   
19250    1925062480   -0.835190   
19250    1925062490   -0.836112   
19250    1925062500   -0.837431   
19250    1925062510   -0.839000   
19250    1925062520   -0.841234   
19250    1925062530   -0.842661   
19250    1925062540   -0.843620   
19250    1925062550   -0.844364   
19250    1925062560   -0.845576   
19250    1925062570   -0.846802   
19250    1925062580   -0.848197   
19250    1925062590   -0.849204   
19250    1925062600   -0.850257   
19250    1925062610   -0.851233   
19250    1925062620   -0.852706   
19250    1925062630   -0.854206   
19250    1925062640   -0.854679   
19250    1925062650   -0.855921   
19250    1925062660   -0.857365   
19250    1925062670   -0.858334   
19250    1925062680   -0.859175   
19250    1925062690   -0.859986   
19250    1925062700   -0.860945   
19250    1925062710   -0.862249   
19250    1925062720   -0.863026   
19250    1925062730   -0.864109   
19250    1925062740   -0.865697   
19250    1925062750   -0.866527   
19250    1925062760   -0.866816   
19250    1925062770   -0.867299   
19250    1925062780   -0.867760   
19250    1925062790   -0.868538   
19250    1925062800   -0.869299   
19250    1925062810   -0.870460   
19250    1925062820   -0.871401   
19250    1925062830   -0.871960   
19250    1925062840   -0.873009   
19250    1925062850   -0.874705   
19250    1925062860   -0.876150   
19250    1925062870   -0.878229   
19250    1925062880   -0.879384   
19250    1925062890   -0.880325   
19250    1925062900   -0.880889   
19250    1925062910   -0.882319   
19250    1925062920   -0.882718   
19250    1925062930   -0.884623   
19250    1925062940   -0.885608   
19250    1925062950   -0.886487   
19250    1925062960   -0.887877   
19250    1925062970   -0.889186   
19250    1925062980   -0.890487   
19250    1925062990   -0.891045   
19250    1925063000   -0.892314   
19250    1925063010   -0.893069   
19250    1925063020   -0.893837   
19250    1925063030   -0.894722   
19250    1925063040   -0.895833   
19250    1925063050   -0.896559   
19250    1925063060   -0.897945   
19250    1925063070   -0.899503   
19250    1925063080   -0.900036   
19250    1925063090   -0.901103   
19250    1925063100   -0.903060   
19250    1925063110   -0.904085   
19250    1925063120   -0.905444   
19250    1925063130   -0.906807   
19250    1925063140   -0.908600   
19250    1925063150   -0.909279   
19250    1925063160   -0.910410   
19250    1925063170   -0.912035   
19250    1925063180   -0.913753   
19250    1925063190   -0.914414   
19250    1925063200   -0.915209   
19250    1925063210   -0.915863   
19250    1925063220   -0.917441   
19250    1925063230   -0.918291   
19250    1925063240   -0.919273   
19250    1925063250   -0.919706   
19250    1925063260   -0.920425   
19250    1925063270   -0.921164   
19250    1925063280   -0.922615   
19250    1925063290   -0.923400   
19250    1925063300   -0.924588   
19250    1925063310   -0.925031   
19250    1925063320   -0.926328   
19250    1925063330   -0.927222   
19250    1925063340   -0.928734   
19250    1925063350   -0.929739   
19250    1925063360   -0.930712   
19250    1925063370   -0.931495   
19250    1925063380   -0.932187   
19250    1925063390   -0.932811   
19250    1925063400   -0.934964   
19250    1925063410   -0.936157   
19250    1925063420   -0.936695   
19250    1925063430   -0.936978   
19250    1925063440   -0.937588   
19250    1925063450   -0.938261   
19250    1925063460   -0.939089   
19250    1925063470   -0.940639   
19250    1925063480   -0.941269   
19250    1925063490   -0.942352   
19250    1925063500   -0.945063   
19250    1925063510   -0.946431   
19250    1925063520   -0.947785   
19250    1925063530   -0.948772   
19250    1925063540   -0.949413   
19250    1925063550   -0.950759   
19250    1925063560   -0.952603   
19250    1925063570   -0.953705   
19250    1925063580   -0.954359   
19250    1925063590   -0.955711   
19250    1925063600   -0.956642   
19250    1925063610   -0.957549   
19250    1925063620   -0.958317   
19250    1925063630   -0.959649   
19250    1925063640   -0.960436   
19250    1925063650   -0.961923   
19250    1925063660   -0.963170   
19250    1925063670   -0.963840   
19250    1925063680   -0.964732   
19250    1925063690   -0.965674   
19250    1925063700   -0.966954   
19250    1925063710   -0.967912   
19250    1925063720   -0.968786   
19250    1925063730   -0.969819   
19250    1925063740   -0.970485   
19250    1925063750   -0.971245   
19250    1925063760   -0.973017   
19250    1925063770   -0.974063   
19250    1925063780   -0.975374   
19250    1925063790   -0.976696   
19250    1925063800   -0.978237   
19250    1925063810   -0.979185   
19250    1925063820   -0.980473   
19250    1925063830   -0.981306   
19250    1925063840   -0.982284   
19250    1925063850   -0.983341   
19250    1925063860   -0.984267   
19250    1925063870   -0.985058   
19250    1925063880   -0.985366   
19250    1925063890   -0.986501   
19250    1925063900   -0.987278   
19250    1925063910   -0.988449   
19250    1925063920   -0.989329   
19250    1925063930   -0.989957   
19250    1925063940   -0.990515   
19250    1925063950   -0.991212   
19250    1925063960   -0.992056   
19250    1925063970   -0.992571   
19250    1925063980   -0.993655   
19250    1925063990   -0.994491   
19250    1925064000   -0.995015   
19250    1925064010   -0.996056   
19250    1925064020   -0.997060   
19250    1925064030   -0.998065   
19250    1925064040   -0.999556   
19250    1925064050   -1.001173   
19250    1925064060   -1.002629   
19250    1925064070   -1.003803   
19250    1925064080   -1.004840   
19250    1925064090   -1.005461   
19250    1925064100   -1.006368   
19250    1925064110   -1.007028   
19250    1925064120   -1.009278   
19250    1925064130   -1.010310   
19250    1925064140   -1.011202   
19250    1925064150   -1.011971   
19250    1925064160   -1.012694   
19250    1925064170   -1.013731   
19250    1925064180   -1.014861   
19250    1925064190   -1.016016   
19250    1925064200   -1.016810   
19250    1925064210   -1.018379   
19250    1925064220   -1.019567   
19250    1925064230   -1.021216   
19250    1925064240   -1.021888   
19250    1925064250   -1.023739   
19250    1925064260   -1.024420   
19250    1925064270   -1.025073   
19250    1925064280   -1.025774   
19250    1925064290   -1.026679   
19250    1925064300   -1.028277   
19250    1925064310   -1.029642   
19250    1925064320   -1.030020   
19250    1925064330   -1.031545   
19250    1925064340   -1.032813   
19250    1925064350   -1.033214   
19250    1925064360   -1.033906   
19250    1925064370   -1.034923   
19250    1925064380   -1.035716   
19250    1925064390   -1.036633   
19250    1925064400   -1.037833   
19250    1925064410   -1.039343   
19250    1925064420   -1.040076   
19250    1925064430   -1.041920   
19250    1925064440   -1.043182   
19250    1925064450   -1.044081   
19250    1925064460   -1.045181   
19250    1925064470   -1.046638   
19250    1925064480   -1.047228   
19250    1925064490   -1.047892   
19250    1925064500   -1.049345   
19250    1925064510   -1.050210   
19250    1925064520   -1.050826   
19250    1925064530   -1.052557   
19250    1925064540   -1.053532   
19250    1925064550   -1.054329   
19250    1925064560   -1.055196   
19250    1925064570   -1.056035   
19250    1925064580   -1.056896   
19250    1925064590   -1.057751   
19250    1925064600   -1.058440   
19250    1925064610   -1.059053   
19250    1925064620   -1.060363   
19250    1925064630   -1.061716   
19250    1925064640   -1.062863   
19250    1925064650   -1.063763   
19250    1925064660   -1.064503   
19250    1925064670   -1.065288   
19250    1925064680   -1.066097   
19250    1925064690   -1.066782   
19250    1925064700   -1.067452   
19250    1925064710   -1.068247   
19250    1925064720   -1.068864   
19250    1925064730   -1.069318   
19250    1925064740   -1.070077   
19250    1925064750   -1.071121   
19250    1925064760   -1.072229   
19250    1925064770   -1.073214   
19250    1925064780   -1.074246   
19250    1925064790   -1.075744   
19250    1925064800   -1.076049   
19250    1925064810   -1.077418   
19250    1925064820   -1.078446   
19250    1925064830   -1.079419   
19250    1925064840   -1.080534   
19250    1925064850   -1.081137   
19250    1925064860   -1.082476   
19250    1925064870   -1.082876   
19250    1925064880   -1.083177   
19250    1925064890   -1.084764   
19250    1925064900   -1.085472   
19250    1925064910   -1.087023   
19250    1925064920   -1.087794   
19250    1925064930   -1.088870   
19250    1925064940   -1.089311   
19250    1925064950   -1.090559   
19250    1925064960   -1.091372   
19250    1925064970   -1.092288   
19250    1925064980   -1.093738   
19250    1925064990   -1.094694   
19250    1925065000   -1.095633   
19250    1925065010   -1.096230   
19250    1925065020   -1.097637   
19250    1925065030   -1.098465   
19250    1925065040   -1.099370   
19250    1925065050   -1.100137   
19250    1925065060   -1.101029   
19250    1925065070   -1.101506   
19250    1925065080   -1.102499   
19250    1925065090   -1.103384   
19250    1925065100   -1.104240   
19250    1925065110   -1.104959   
19250    1925065120   -1.105866   
19250    1925065130   -1.107278   
19250    1925065140   -1.107996   
19250    1925065150   -1.108291   
19250    1925065160   -1.109167   
19250    1925065170   -1.110536   
19250    1925065180   -1.111794   
19250    1925065190   -1.112382   
19250    1925065200   -1.113308   
19250    1925065210   -1.114193   
19250    1925065220   -1.115261   
19250    1925065230   -1.115824   
19250    1925065240   -1.116394   
19250    1925065250   -1.117566   
19250    1925065260   -1.118453   
19250    1925065270   -1.119448   
19250    1925065280   -1.120647   
19250    1925065290   -1.121596   
19250    1925065300   -1.122527   
19250    1925065310   -1.123259   
19250    1925065320   -1.124417   
19250    1925065330   -1.125375   
19250    1925065340   -1.126309   
19250    1925065350   -1.126881   
19250    1925065360   -1.128115   
19250    1925065370   -1.129712   
19250    1925065380   -1.130815   
19250    1925065390   -1.132047   
19250    1925065400   -1.133060   
19250    1925065410   -1.133223   
19250    1925065420   -1.133578   
19250    1925065430   -1.134530   
19250    1925065440   -1.135199   
19250    1925065450   -1.136336   
19250    1925065460   -1.136921   
19250    1925065470   -1.137200   
19250    1925065480   -1.138286   
19250    1925065490   -1.138811   
19250    1925065500   -1.139820   
19250    1925065510   -1.140668   
19250    1925065520   -1.141564   
19250    1925065530   -1.141952   
19250    1925065540   -1.143037   
19250    1925065550   -1.143675   
19250    1925065560   -1.144399   
19250    1925065570   -1.145031   
19250    1925065580   -1.145880   
19250    1925065590   -1.146892   
19250    1925065600   -1.147668   
19250    1925065610   -1.148277   
19250    1925065620   -1.149402   
19250    1925065630   -1.149924   
19250    1925065640   -1.151214   
19250    1925065650   -1.152022   
19250    1925065660   -1.153550   
19250    1925065670   -1.154497   
19250    1925065680   -1.155667   
19250    1925065690   -1.156060   
19250    1925065700   -1.156385   
19250    1925065710   -1.156777   
19250    1925065720   -1.157526   
19250    1925065730   -1.158374   
19250    1925065740   -1.159111   
19250    1925065750   -1.159971   
19250    1925065760   -1.160327   
19250    1925065770   -1.160738   
19250    1925065780   -1.161360   
19250    1925065790   -1.161979   
19250    1925065800   -1.162619   
19250    1925065810   -1.162983   
19250    1925065820   -1.164437   
19250    1925065830   -1.165742   
19250    1925065840   -1.166412   
19250    1925065850   -1.167712   
19250    1925065860   -1.168945   
19250    1925065870   -1.169811   
19250    1925065880   -1.170385   
19250    1925065890   -1.170961   
19250    1925065900   -1.171883   
19250    1925065910   -1.172906   
19250    1925065920   -1.173433   
19250    1925065930   -1.174263   
19250    1925065940   -1.174612   
19250    1925065950   -1.175158   
19250    1925065960   -1.175476   
19250    1925065970   -1.176259   
19250    1925065980   -1.177067   
19250    1925065990   -1.177899   
19250    1925066000   -1.178420   
19250    1925066010   -1.178896   
19250    1925066020   -1.179443   
19250    1925066030   -1.180237   
19250    1925066040   -1.180987   
19250    1925066050   -1.181528   
19250    1925066060   -1.181791   
19250    1925066070   -1.182811   
19250    1925066080   -1.183606   
19250    1925066090   -1.184148   
19250    1925066100   -1.185387   
19250    1925066110   -1.185972   
19250    1925066120   -1.186538   
19250    1925066130   -1.187479   
19250    1925066140   -1.187968   
19250    1925066150   -1.188530   
19250    1925066160   -1.189462   
19250    1925066170   -1.190717   
19250    1925066180   -1.191399   
19250    1925066190   -1.192372   
19250    1925066200   -1.192991   
19250    1925066210   -1.194381   
19250    1925066220   -1.195121   
19250    1925066230   -1.196095   
19250    1925066240   -1.197119   
19250    1925066250   -1.198016   
19250    1925066260   -1.198265   
19250    1925066270   -1.199579   
19250    1925066280   -1.200307   
19250    1925066290   -1.201120   
19250    1925066300   -1.202061   
19250    1925066310   -1.202634   
19250    1925066320   -1.203080   
19250    1925066330   -1.203763   
19250    1925066340   -1.205011   
19250    1925066350   -1.205615   
19250    1925066360   -1.206506   
19250    1925066370   -1.207291   
19250    1925066380   -1.208199   
19250    1925066390   -1.209253   
19250    1925066400   -1.210129   
19250    1925066410   -1.210787   
19250    1925066420   -1.211709   
19250    1925066430   -1.212279   
19250    1925066440   -1.213250   
19250    1925066450   -1.215078   
19250    1925066460   -1.215994   
19250    1925066470   -1.216555   
19250    1925066480   -1.217995   
19250    1925066490   -1.219230   
19250    1925066500   -1.220637   
19250    1925066510   -1.221218   
19250    1925066520   -1.221950   
19250    1925066530   -1.222351   
19250    1925066540   -1.223062   
19250    1925066550   -1.223576   
19250    1925066560   -1.224155   
19250    1925066570   -1.224717   
19250    1925066580   -1.225240   
19250    1925066590   -1.226735   
19250    1925066600   -1.227332   
19250    1925066610   -1.228126   
19250    1925066620   -1.229048   
19250    1925066630   -1.229920   
19250    1925066640   -1.230913   
19250    1925066650   -1.231997   
19250    1925066660   -1.232574   
19250    1925066670   -1.233477   
19250    1925066680   -1.234509   
19250    1925066690   -1.235810   
19250    1925066700   -1.236013   
19250    1925066710   -1.237244   
19250    1925066720   -1.238050   
19250    1925066730   -1.238429   
19250    1925066740   -1.239587   
19250    1925066750   -1.240531   
19250    1925066760   -1.240951   
19250    1925066770   -1.241404   
19250    1925066780   -1.242279   
19250    1925066790   -1.242932   
19250    1925066800   -1.243777   
19250    1925066810   -1.244326   
19250    1925066820   -1.245245   
19250    1925066830   -1.245866   
19250    1925066840   -1.246556   
19250    1925066850   -1.247566   
19250    1925066860   -1.248165   
19250    1925066870   -1.249095   
19250    1925066880   -1.250144   
19250    1925066890   -1.250972   
19250    1925066900   -1.251734   
19250    1925066910   -1.252538   
19250    1925066920   -1.252842   
19250    1925066930   -1.253222   
19250    1925066940   -1.254386   
19250    1925066950   -1.255693   
19250    1925066960   -1.256062   
19250    1925066970   -1.256557   
19250    1925066980   -1.257170   
19250    1925066990   -1.257754   
19250    1925067000   -1.258371   
19250    1925067010   -1.258659   
19250    1925067020   -1.259509   
19250    1925067030   -1.259813   
19250    1925067040   -1.260411   
19250    1925067050   -1.260829   
19250    1925067060   -1.261196   
19250    1925067070   -1.261961   
19250    1925067080   -1.262124   
19250    1925067090   -1.263483   
19250    1925067100   -1.264678   
19250    1925067110   -1.265702   
19250    1925067120   -1.267006   
19250    1925067130   -1.267777   
19250    1925067140   -1.268507   
19250    1925067150   -1.269016   
19250    1925067160   -1.269589   
19250    1925067170   -1.270506   
19250    1925067180   -1.271284   
19250    1925067190   -1.271526   
19250    1925067200   -1.271776   
19250    1925067210   -1.272956   
19250    1925067220   -1.273501   
19250    1925067230   -1.274074   
19250    1925067240   -1.274975   
19250    1925067250   -1.275800   
19250    1925067260   -1.276798   
19250    1925067270   -1.277697   
19250    1925067280   -1.278512   
19250    1925067290   -1.279431   
19250    1925067300   -1.279519   
19250    1925067310   -1.280772   
19250    1925067320   -1.281414   
19250    1925067330   -1.282008   
19250    1925067340   -1.283188   
19250    1925067350   -1.284470   
19250    1925067360   -1.285151   
19250    1925067370   -1.285836   
19250    1925067380   -1.286463   
19250    1925067390   -1.286696   
19250    1925067400   -1.287405   
19250    1925067410   -1.288237   
19250    1925067420   -1.288818   
19250    1925067430   -1.289559   
19250    1925067440   -1.290317   
19250    1925067450   -1.291173   
19250    1925067460   -1.291833   
19250    1925067470   -1.292541   
19250    1925067480   -1.293410   
19250    1925067490   -1.294112   
19250    1925067500   -1.294649   
19250    1925067510   -1.295764   
19250    1925067520   -1.296417   
19250    1925067530   -1.296859   
19250    1925067540   -1.297417   
19250    1925067550   -1.298806   
19250    1925067560   -1.299387   
19250    1925067570   -1.299640   
19250    1925067580   -1.300241   
19250    1925067590   -1.300632   
19250    1925067600   -1.301232   
19250    1925067610   -1.302296   
19250    1925067620   -1.302973   
19250    1925067630   -1.304107   
19250    1925067640   -1.304889   
19250    1925067650   -1.305558   
19250    1925067660   -1.306057   
19250    1925067670   -1.306508   
19250    1925067680   -1.307458   
19250    1925067690   -1.307920   
19250    1925067700   -1.308624   
19250    1925067710   -1.309663   
19250    1925067720   -1.310292   
19250    1925067730   -1.311423   
19250    1925067740   -1.311795   
19250    1925067750   -1.312118   
19250    1925067760   -1.313211   
19250    1925067770   -1.313627   
19250    1925067780   -1.314157   
19250    1925067790   -1.315076   
19250    1925067800   -1.316029   
19250    1925067810   -1.316470   
19250    1925067820   -1.316778   
19250    1925067830   -1.317468   
19250    1925067840   -1.318065   
19250    1925067850   -1.318660   
19250    1925067860   -1.320052   
19250    1925067870   -1.320845   
19250    1925067880   -1.321843   
19250    1925067890   -1.322745   
19250    1925067900   -1.323743   
19250    1925067910   -1.324817   
19250    1925067920   -1.325577   
19250    1925067930   -1.326062   
19250    1925067940   -1.326456   
19250    1925067950   -1.327045   
19250    1925067960   -1.327428   
19250    1925067970   -1.328175   
19250    1925067980   -1.329292   
19250    1925067990   -1.329584   
19250    1925068000   -1.330341   
19250    1925068010   -1.331356   
19250    1925068020   -1.331923   
19250    1925068030   -1.332945   
19250    1925068040   -1.333283   
19250    1925068050   -1.334385   
19250    1925068060   -1.335899   
19250    1925068070   -1.336644   
19250    1925068080   -1.337511   
19250    1925068090   -1.338287   
19250    1925068100   -1.339206   
19250    1925068110   -1.340280   
19250    1925068120   -1.341071   
19250    1925068130   -1.341390   
19250    1925068140   -1.342325   
19250    1925068150   -1.342731   
19250    1925068160   -1.343096   
19250    1925068170   -1.343886   
19250    1925068180   -1.344180   
19250    1925068190   -1.344340   
19250    1925068200   -1.344978   
19250    1925068210   -1.345378   
19250    1925068220   -1.345856   
19250    1925068230   -1.346432   
19250    1925068240   -1.347368   
19250    1925068250   -1.347609   
19250    1925068260   -1.348352   
19250    1925068270   -1.349019   
19250    1925068280   -1.349697   
19250    1925068290   -1.350330   
19250    1925068300   -1.350672   
19250    1925068310   -1.351026   
19250    1925068320   -1.351521   
19250    1925068330   -1.352060   
19250    1925068340   -1.353222   
19250    1925068350   -1.353878   
19250    1925068360   -1.354527   
19250    1925068370   -1.355506   
19250    1925068380   -1.356185   
19250    1925068390   -1.356691   
19250    1925068400   -1.357463   
19250    1925068410   -1.358917   
19250    1925068420   -1.359841   
19250    1925068430   -1.360636   
19250    1925068440   -1.361270   
19250    1925068450   -1.362006   
19250    1925068460   -1.362861   
19250    1925068470   -1.363584   
19250    1925068480   -1.364018   
19250    1925068490   -1.364849   
19250    1925068500   -1.365324   
19250    1925068510   -1.365616   
19250    1925068520   -1.366202   
19250    1925068530   -1.366477   
19250    1925068540   -1.367518   
19250    1925068550   -1.368369   
19250    1925068560   -1.368753   
19250    1925068570   -1.369282   
19250    1925068580   -1.369764   
19250    1925068590   -1.370005   
19250    1925068600   -1.370547   
19250    1925068610   -1.370778   
19250    1925068620   -1.371294   
19250    1925068630   -1.372586   
19250    1925068640   -1.372938   
19250    1925068650   -1.373656   
19250    1925068660   -1.374445   
19250    1925068670   -1.375025   
19250    1925068680   -1.376013   
19250    1925068690   -1.376747   
19250    1925068700   -1.377107   
19250    1925068710   -1.377447   
19250    1925068720   -1.378346   
19250    1925068730   -1.378934   
19250    1925068740   -1.379574   
19250    1925068750   -1.379956   
19250    1925068760   -1.380464   
19250    1925068770   -1.381123   
19250    1925068780   -1.382112   
19250    1925068790   -1.382634   
19250    1925068800   -1.383108   
19250    1925068810   -1.383601   
19250    1925068820   -1.384503   
19250    1925068830   -1.385484   
19250    1925068840   -1.386262   
19250    1925068850   -1.388395   
19250    1925068860   -1.388597   
19250    1925068870   -1.388987   
19250    1925068880   -1.389574   
19250    1925068890   -1.390434   
19250    1925068900   -1.391029   
19250    1925068910   -1.391685   
19250    1925068920   -1.392355   
19250    1925068930   -1.393120   
19250    1925068940   -1.394529   
19250    1925068950   -1.395577   
19250    1925068960   -1.396485   
19250    1925068970   -1.396802   
19250    1925068980   -1.397464   
19250    1925068990   -1.398198   
19250    1925069000   -1.399049   
19250    1925069010   -1.399498   
19250    1925069020   -1.400202   
19250    1925069030   -1.401029   
19250    1925069040   -1.401691   
19250    1925069050   -1.402053   
19250    1925069060   -1.402663   
19250    1925069070   -1.402989   
19250    1925069080   -1.403962   
19250    1925069090   -1.404875   
19250    1925069100   -1.405168   
19250    1925069110   -1.405857   
19250    1925069120   -1.406422   
19250    1925069130   -1.407129   
19250    1925069140   -1.407501   
19250    1925069150   -1.408133   
19250    1925069160   -1.408601   
19250    1925069170   -1.409343   
19250    1925069180   -1.410025   
19250    1925069190   -1.411259   
19250    1925069200   -1.411719   
19250    1925069210   -1.412400   
19250    1925069220   -1.412746   
19250    1925069230   -1.413165   
19250    1925069240   -1.413765   
19250    1925069250   -1.414058   
19250    1925069260   -1.414824   
19250    1925069270   -1.415620   
19250    1925069280   -1.416238   
19250    1925069290   -1.416556   
19250    1925069300   -1.417207   
19250    1925069310   -1.417457   
19250    1925069320   -1.418468   
19250    1925069330   -1.418824   
19250    1925069340   -1.419318   
19250    1925069350   -1.419917   
19250    1925069360   -1.420530   
19250    1925069370   -1.421037   
19250    1925069380   -1.421512   
19250    1925069390   -1.421843   
19250    1925069400   -1.422187   
19250    1925069410   -1.422925   
19250    1925069420   -1.423646   
19250    1925069430   -1.423992   
19250    1925069440   -1.424563   
19250    1925069450   -1.425016   
19250    1925069460   -1.425559   
19250    1925069470   -1.426170   
19250    1925069480   -1.427064   
19250    1925069490   -1.428120   
19250    1925069500   -1.428866   
19250    1925069510   -1.429246   
19250    1925069520   -1.429847   
19250    1925069530   -1.430277   
19250    1925069540   -1.431576   
19250    1925069550   -1.432313   
19250    1925069560   -1.432808   
19250    1925069570   -1.433249   
19250    1925069580   -1.433871   
19250    1925069590   -1.434958   
19250    1925069600   -1.435865   
19250    1925069610   -1.436739   
19250    1925069620   -1.437021   
19250    1925069630   -1.437529   
19250    1925069640   -1.438469   
19250    1925069650   -1.438922   
19250    1925069660   -1.439468   
19250    1925069670   -1.440231   
19250    1925069680   -1.440361   
19250    1925069690   -1.440624   
19250    1925069700   -1.441074   
19250    1925069710   -1.441782   
19250    1925069720   -1.442325   
19250    1925069730   -1.443150   
19250    1925069740   -1.443447   
19250    1925069750   -1.444280   
19250    1925069760   -1.445416   
19250    1925069770   -1.446388   
19250    1925069780   -1.446818   
19250    1925069790   -1.447450   
19250    1925069800   -1.447896   
19250    1925069810   -1.448209   
19250    1925069820   -1.448532   
19250    1925069830   -1.449279   
19250    1925069840   -1.449890   
19250    1925069850   -1.450355   
19250    1925069860   -1.451303   
19250    1925069870   -1.451599   
19250    1925069880   -1.451890   
19250    1925069890   -1.453257   
19250    1925069900   -1.453943   
19250    1925069910   -1.454763   
19250    1925069920   -1.456064   
19250    1925069930   -1.457335   
19250    1925069940   -1.457740   
19250    1925069950   -1.458509   
19250    1925069960   -1.459548   
19250    1925069970   -1.459882   
19250    1925069980   -1.460498   
19250    1925069990   -1.461465   
19250    1925070000   -1.462485   
