# Step: 5
# U_max: -1.738942265510559
# x (configurations):
-1.382852 -1.685104
-1.194050 -1.563408
-1.128932 -1.155334
-1.230423 -1.563586
-0.953491 -1.511967
-0.895047 -0.964749
-1.062406 -1.661873
-0.825259 -0.902408
-1.132253 -1.756787
-0.961983 -0.898308
-1.029247 -1.135288
-0.880584 -1.321889
-0.791583 -1.346043
-1.071951 -1.994895
-1.140426 -1.409355
-1.076996 -1.142076
-1.247998 -1.989812
-0.935799 -1.454582
-1.070554 -1.910046
-0.847506 -0.672690
-0.835552 -0.734063
-1.305825 -1.214471
-1.133569 -1.674347
-1.036401 -1.150327
-1.146273 -1.510184
-1.096697 -1.502355
-0.857310 -1.317416
-1.235888 -1.998629
-1.306382 -1.511346
-0.919123 -1.312618
-1.208827 -1.120562
-0.974492 -1.588883
-1.244829 -2.026428
-1.009172 -1.149450
-1.152996 -0.752287
-1.249828 -1.423404
-1.006676 -0.630217
-1.121884 -1.284824
-1.259282 -1.527262
-1.376907 -1.529792
-0.811728 -1.010915
-1.019880 -1.362795
-0.998690 -1.191987
-0.990746 -1.861613
-1.043105 -1.961134
-1.039865 -1.066378
-0.956242 -1.819797
-0.865485 -0.955667
-1.264054 -1.841729
-1.320576 -1.604672
-1.196379 -1.166617
-1.350234 -1.716035
-1.265852 -1.903733
-0.889983 -1.658399
-1.171783 -1.238318
-1.150489 -0.731686
-1.186432 -0.823856
-1.283970 -1.562400
-0.807062 -0.722653
-0.882344 -1.688046
-1.151034 -1.033813
-1.061694 -1.054615
-1.239255 -1.238085
-1.292917 -1.740008
-1.074646 -0.632464
-0.765146 -0.743970
-1.070936 -1.082556
-1.147992 -1.622975
-0.806654 -1.051078
-0.841981 -1.520903
-0.839340 -0.752015
-1.053013 -1.129034
-1.311021 -1.788675
-1.184241 -1.074847
-1.136602 -0.677789
-1.133154 -0.716339
-0.759846 -0.786823
-1.194859 -1.525948
-1.227574 -1.657102
-1.116176 -1.161836
-0.918276 -1.756905
-0.932112 -1.036144
-1.003086 -1.640887
-0.846209 -1.366584
-0.951995 -0.614808
-1.263716 -1.589070
-1.301715 -2.036736
-1.152863 -1.445336
-1.118930 -1.276476
-1.024500 -1.093050
-1.309270 -1.168144
-0.848668 -1.546113
-0.812337 -0.652323
-1.318080 -2.023481
-1.278817 -1.845716
-0.920169 -0.689868
-1.238835 -0.995032
-0.987020 -1.521963
-1.178563 -1.845082
-1.073594 -1.527589
-0.894190 -0.748241
-0.854159 -1.137440
-1.130623 -1.945082
-0.891884 -0.980052
-1.011002 -1.624827
-0.998933 -0.837479
-1.001167 -1.913623
-1.059734 -1.308411
-1.205402 -1.878001
-1.155806 -0.786034
-1.073019 -0.726100
-1.218309 -1.773602
-1.093283 -2.063703
-0.776712 -1.137053
-1.064388 -0.598386
-0.921216 -1.189902
-0.984861 -1.549383
-1.113020 -1.439662
-1.092643 -1.714244
-1.239430 -0.986468
-1.318033 -1.641756
-1.078448 -1.308130
-0.980463 -1.155250
-1.238006 -1.160087
-0.820166 -0.861058
-0.764097 -0.891133
-0.983317 -0.864654
-0.908676 -1.386765
-0.755689 -0.983679
-1.076741 -1.517415
-1.343225 -1.938120
-0.866146 -0.725753
-1.127550 -1.870805
-0.926422 -1.772453
-1.168444 -1.188539
-1.025379 -0.829981
-1.107093 -1.455930
-1.122747 -1.176836
-1.173456 -1.849073
-1.177100 -1.444267
-1.288772 -1.292283
-1.133891 -1.038475
-0.777222 -0.901351
-1.182344 -1.878996
-1.169212 -2.043194
-1.010794 -1.476125
-1.058241 -0.741410
-0.742511 -0.965044
-1.194646 -0.904609
-1.107737 -1.164816
-1.224731 -1.356978
-0.767720 -1.191292
-0.991019 -0.936850
-0.908329 -0.732709
-1.143759 -0.785236
-1.254144 -1.544628
-1.102334 -0.709181
-1.006400 -1.915910
-0.997281 -0.918684
-0.806087 -0.824148
-1.356681 -1.672607
-1.055089 -0.842697
-0.785381 -1.375482
-1.193740 -1.876318
-1.331472 -1.187488
-0.933509 -0.587318
-1.191237 -2.054933
-1.035662 -1.121539
-0.975656 -0.963199
-0.828086 -1.008376
-1.051310 -1.599665
-0.967989 -1.218683
-1.128385 -1.198621
-1.275816 -1.166008
-1.334970 -1.701333
-0.963541 -0.708812
-0.937875 -1.353518
-1.152616 -1.137032
-1.319531 -1.641163
-0.987899 -1.182744
-1.076432 -1.889961
-1.006403 -0.603364
-0.862444 -1.552106
-1.052204 -1.992745
-1.022335 -0.667006
-1.068813 -1.822196
-1.201982 -0.918148
-1.338292 -1.657825
-0.787736 -1.337439
-1.248844 -1.484141
-1.010522 -0.967486
-1.009509 -1.843961
-1.265270 -1.062434
-1.386387 -1.711993
-1.257847 -1.809974
-1.380008 -1.549358
-0.876183 -1.184845
-0.916498 -1.232234
-1.168604 -1.974767
-1.110623 -1.969969
-1.081363 -1.387321
-0.967260 -0.714921
-0.866217 -1.175499
-1.169378 -0.818070
-1.131899 -1.624755
-1.258891 -1.045182
-1.200482 -1.792649
-0.972399 -1.362351
-1.130271 -1.543273
-1.115810 -1.999601
-1.324114 -1.530222
-0.788176 -0.786962
-1.148684 -1.435500
-1.302502 -1.883332
-1.314783 -1.203620
-0.775565 -1.209997
-1.208324 -1.089709
-1.094134 -0.977477
-0.800770 -1.313187
-0.900706 -1.722108
-1.029746 -1.736783
-1.135069 -0.834476
-1.081492 -1.887792
-0.822964 -1.449896
-1.305477 -1.659952
-1.221126 -1.710576
-1.123271 -1.837985
-1.317907 -1.280214
-0.988502 -0.650598
-0.771556 -1.117404
-1.087827 -2.017660
-1.052974 -1.620292
-0.975209 -0.640783
-0.990683 -1.754360
-1.050255 -1.241524
-1.269037 -1.540307
-1.362013 -1.473135
-0.963310 -1.478338
-1.051608 -1.820483
-0.773839 -0.875939
-1.260195 -1.195226
-0.878439 -0.918398
-1.032992 -1.074406
-1.128529 -1.602188
-0.990317 -1.251009
-1.200569 -0.979053
-1.264593 -1.657691
-1.206499 -1.821488
-0.996231 -1.925749
-1.154348 -1.997013
-1.160002 -1.309994
-1.050463 -0.838146
-1.289636 -1.553776
-0.841846 -1.497761
-1.210745 -1.618096
-0.887217 -0.587128
-1.166852 -0.738748
-0.859613 -0.905143
-1.060657 -1.005316
-1.228259 -1.792700
-1.073018 -1.002205
-0.926109 -0.712090
-1.264895 -1.314539
-0.868149 -1.272160
-0.999449 -1.459465
-0.757840 -0.795386
-0.958199 -1.667192
-1.163690 -2.096534
-1.101615 -1.106114
-1.189866 -1.945524
-0.813397 -0.789318
-0.973193 -1.288841
-1.073549 -0.634330
-1.297359 -1.647136
-1.253015 -2.109424
-0.797539 -0.883501
-1.305415 -2.073257
-0.828367 -0.796891
-0.976332 -1.715063
-1.172817 -1.001585
-0.843994 -0.873563
-0.976821 -1.728860
-1.181763 -1.693441
-0.962203 -1.085244
-0.832758 -0.917654
-0.911709 -0.793020
-1.011495 -1.301300
-1.314376 -1.983716
-1.143545 -2.109964
-1.153158 -0.881005
-1.358912 -1.765098
-1.300378 -1.506813
-1.264306 -1.607814
-1.063000 -1.308218
-1.289199 -1.755554
-1.118262 -1.796981
-0.885952 -1.258565
-1.001517 -1.502512
-1.228105 -0.808046
-1.068467 -0.685414
-0.973455 -0.976825
-1.027568 -1.689879
-1.250704 -2.014145
-1.191197 -1.212052
-0.964205 -0.864414
-1.361003 -1.329124
-1.138471 -0.781106
-1.255414 -1.827134
-1.084430 -0.721204
-0.962933 -1.687527
-1.065169 -0.903293
-1.042623 -0.599388
-1.230303 -2.121836
-1.101073 -1.552983
-1.121629 -1.092097
-0.903199 -1.021637
-1.196106 -0.962179
-1.125900 -1.273326
-0.792945 -0.722129
-0.795343 -0.976246
-1.180547 -0.936195
-1.350667 -1.933264
-0.986528 -0.586453
-0.805068 -0.926398
-1.374583 -1.822611
-1.252052 -2.132444
-1.165044 -1.125403
-1.149078 -2.073884
-0.965007 -1.369035
-1.272489 -1.793760
-0.828743 -1.362018
-0.973127 -0.597448
-0.746804 -1.097904
-0.917980 -0.761105
-1.339605 -1.895584
-0.926448 -1.652453
-1.135701 -1.202631
-1.247574 -2.024345
-1.056113 -0.934734
-1.163684 -0.709604
-1.050481 -0.725872
-0.971291 -1.260943
-1.116527 -0.689403
-1.164693 -1.373110
-1.353346 -1.731896
-1.300277 -1.861325
-1.085433 -1.141598
-1.213796 -1.149165
-1.178786 -1.441690
-1.012319 -1.323490
-0.951329 -1.106469
-0.951692 -1.071744
-0.938073 -1.593381
-1.160062 -0.839584
-1.054283 -0.928877
-0.982149 -1.897945
-1.201838 -1.248153
-1.335345 -1.340952
-1.050063 -0.860840
-1.368864 -1.415779
-0.750724 -1.120187
-0.971087 -1.221743
-1.143505 -2.102245
-1.369228 -1.411549
-1.154108 -1.196356
-1.185920 -2.121740
-1.293778 -1.331111
-0.990726 -1.166663
-1.366214 -1.613846
-1.348880 -1.912258
-1.110278 -1.090055
-0.963754 -0.790206
-1.338540 -1.214540
-1.208292 -1.631042
-1.229829 -1.083737
-0.940902 -0.953789
-0.931169 -0.683225
-0.946489 -1.637613
-0.940569 -1.042588
-1.074866 -0.622711
-0.849193 -0.826167
-1.103581 -0.986477
-0.797102 -0.719846
-0.999003 -1.243520
-1.243067 -1.159817
-1.144651 -0.744668
-1.201902 -0.972262
-0.851778 -1.307162
-0.945604 -1.033427
-1.100774 -1.189686
-1.379653 -1.809489
-1.024162 -1.426303
-1.170653 -1.869678
-1.371607 -1.697934
-1.241485 -1.072311
-1.068099 -0.800417
-0.944109 -0.705900
-1.176325 -0.770176
-0.820459 -0.745024
-1.086016 -1.553527
-1.195131 -1.123909
-0.941996 -1.606265
-1.236164 -1.322567
-0.820833 -0.899680
-1.310191 -1.953786
-1.079232 -0.829189
-0.826345 -1.473927
-0.936070 -0.886623
-1.276124 -1.162961
-0.940092 -1.260172
-1.056429 -0.701440
-1.263792 -1.229715
-1.109445 -2.084700
-0.807982 -0.699583
-1.223122 -0.850609
-0.990352 -0.803393
-1.182435 -1.861132
-1.154446 -1.781058
-0.840050 -1.100654
-1.130857 -1.812977
-1.276128 -0.983270
-0.918169 -1.404823
-1.218451 -1.164969
-1.137372 -1.552190
-1.161480 -1.853777
-0.881373 -0.741588
-1.224418 -1.547459
-0.939283 -1.553863
-0.997824 -0.636198
-0.853724 -0.700180
-0.811426 -0.926865
-0.844640 -1.013749
-0.958965 -0.965624
-1.049712 -1.498157
-1.018291 -1.909904
-1.280171 -1.463170
-1.215783 -1.907381
-0.986026 -1.095668
-1.180719 -1.174830
-1.123520 -1.381147
-0.973933 -1.680228
-1.354185 -1.590599
-1.168741 -0.733115
-1.250670 -1.266232
-1.124105 -1.665484
-0.925249 -1.742004
-0.843166 -1.251683
-1.033187 -0.591516
-1.347924 -1.305264
-1.258667 -1.734549
-1.229163 -0.951784
-1.081425 -1.563247
-1.010124 -1.330262
-1.007187 -1.193446
-1.286892 -1.260598
-1.221197 -1.297170
-1.057886 -1.989601
-1.040622 -1.016964
-1.039929 -0.777805
-1.142942 -0.810147
-1.088256 -1.964486
-1.345049 -1.460073
-1.115599 -1.283728
-1.113506 -1.481448
-1.279768 -1.646941
-1.213746 -2.125817
-0.853022 -0.998133
-1.156189 -0.699113
-0.809305 -1.420919
-1.219439 -1.480891
-1.206938 -0.820310
-0.763493 -1.269073
-1.206068 -1.515341
-1.120301 -1.689099
-0.916507 -0.912852
-1.084749 -1.003064
-0.832299 -1.463296
-1.051863 -1.319479
-1.085725 -1.769512
-1.034499 -0.609018
-1.160409 -1.577698
-0.956064 -0.678270
-1.242577 -0.980769
-0.915819 -0.987768
-1.306151 -1.256509
-1.045997 -1.453166
-0.888488 -1.219480
-0.990957 -1.044370
-0.845414 -1.438551
-1.250208 -1.963936
-1.210323 -0.817801
-0.998164 -1.380258
-1.064877 -1.678796
-1.224759 -1.520212
-1.355943 -1.441370
-0.994858 -1.908772
-0.915802 -1.049082
-1.323668 -1.094276
-1.389000 -1.727365
-0.872556 -0.649692
-0.865425 -1.031501
-0.986482 -1.031715
-0.890481 -1.045088
-0.808158 -1.032354
-1.339998 -1.306720
-1.043318 -1.312470
-1.041063 -0.824942
-1.305235 -1.416149
-0.853388 -0.948132
-1.226918 -0.901047
-0.832003 -1.264149
-1.312400 -1.640160
-0.771119 -1.077246
-1.267556 -1.554234
-0.803861 -1.057284
-1.128693 -1.146458
-1.160274 -1.755507
-1.154590 -1.885637
-1.319644 -1.652481
-0.866671 -0.947663
-1.355315 -1.625832
-1.142679 -0.908259
-1.185264 -1.465252
-1.006988 -0.737689
-0.875058 -0.836583
-0.986032 -1.753469
-1.104145 -1.615662
-1.159580 -2.048610
-0.971645 -1.415930
-0.928625 -1.549458
-1.200577 -0.862385
-1.180841 -1.847902
-1.373642 -1.725285
-1.107485 -1.314117
-1.081215 -0.727398
-0.957690 -1.674748
-0.832758 -1.329834
-1.093725 -0.739647
-1.239492 -1.779986
-1.336706 -1.824384
-1.167166 -0.905416
-0.902921 -0.795728
-0.812332 -0.972216
-1.270104 -1.544829
-1.221663 -0.881719
-0.902486 -1.115425
-0.799176 -1.333413
-1.260747 -1.707282
-1.298824 -1.238329
-1.387132 -1.590124
-0.972747 -1.368507
-0.936967 -1.606792
-1.033086 -0.705705
-0.817287 -0.758329
-1.234028 -1.406438
-1.026039 -1.227059
-1.090722 -0.999184
-1.341154 -1.352166
-1.099174 -1.317414
-1.005090 -1.837646
-1.292320 -1.013122
-0.873039 -0.914642
-0.877980 -0.653120
-0.796763 -0.919558
-1.208643 -1.242648
-0.902955 -0.840992
-1.184258 -1.861472
-1.067215 -1.862082
-1.210776 -1.588619
-0.890393 -0.646175
-1.143196 -1.286135
-1.060832 -1.678378
-0.861423 -1.179582
-1.253599 -1.004855
-1.055130 -1.300747
-0.983351 -1.755637
-1.068749 -1.516152
-1.095361 -1.741314
-1.166568 -1.007435
-1.171801 -1.444416
-0.957958 -1.065886
-0.779889 -1.274402
-1.013512 -1.441333
-1.184945 -1.030138
-1.094607 -1.068173
-1.314099 -1.178455
-1.268591 -1.380965
-0.908539 -1.052993
-1.171766 -1.128619
-1.128646 -1.040085
-1.118391 -1.966339
-0.827077 -0.811777
-1.041499 -0.940333
-0.853708 -0.844916
-1.242928 -1.035375
-1.203635 -1.526026
-1.341853 -1.510925
-0.891134 -0.951800
-0.797187 -0.838384
-1.001039 -1.011423
-0.930626 -0.713787
-0.963387 -0.940577
-1.020725 -1.234478
-0.770974 -1.182531
-1.030053 -1.198047
-0.895765 -1.695047
-0.930359 -0.813612
-1.079158 -1.600840
-1.217960 -0.959062
-0.815798 -0.862807
-1.078462 -1.545721
-1.371202 -1.727032
-1.257900 -0.950983
-0.982925 -1.429743
-1.367423 -1.341028
-0.982799 -0.894804
-0.740851 -0.955867
-0.978752 -1.053145
-1.235985 -2.002527
-0.828461 -1.373176
-0.989237 -1.291085
-1.041711 -0.895940
-0.794153 -1.219931
-0.814695 -0.734713
-1.105836 -1.059095
-0.849052 -0.629099
-0.859356 -0.758139
-0.783832 -1.294750
-1.120052 -1.627041
-1.230776 -1.001222
-0.914586 -1.203208
-1.260690 -1.871349
-0.950179 -1.395551
-0.782423 -0.769841
-1.304472 -1.016713
-1.112710 -1.379974
-1.128546 -1.103421
-1.246425 -1.061288
-1.089021 -1.341146
-1.216628 -1.628750
-1.173789 -1.615848
-1.200378 -1.786649
-0.897414 -1.519790
-1.183122 -0.765506
-1.051039 -0.726904
-1.101394 -1.197480
-0.823050 -0.811678
-1.034673 -0.819579
-1.130466 -1.230168
-1.350061 -1.765143
-0.956781 -1.294687
-1.094836 -1.934508
-1.255062 -1.606889
-1.171255 -1.343889
-1.244279 -0.847752
-1.190817 -0.853130
-1.255787 -0.941532
-0.825853 -0.935520
-0.747604 -1.127364
-0.905630 -1.626718
-0.824185 -1.187778
-1.204174 -1.292688
-1.297374 -1.623669
-1.183511 -1.193569
-1.376601 -1.841298
-1.306141 -1.357837
-1.228292 -0.999642
-1.009934 -1.609278
-1.098828 -1.571159
-1.293572 -1.100029
-1.117458 -1.711082
-0.910156 -1.079904
-0.925877 -0.855726
-0.988741 -0.756914
-1.387168 -1.579647
-0.876811 -0.685064
-1.099094 -0.798792
-0.823689 -1.464419
-0.847300 -0.905442
-0.928145 -0.849300
-1.155000 -0.818702
-1.009879 -1.150758
-1.080373 -1.329505
-0.818208 -1.407221
-0.745427 -0.873502
-1.288244 -1.712071
-1.287848 -1.739667
-1.191510 -1.766054
-0.882900 -1.522049
-1.119732 -0.693033
-0.979693 -1.748776
-1.057008 -1.372205
-0.807528 -1.204718
-0.885960 -0.651766
-1.197588 -2.039726
-1.087326 -1.640224
-1.145539 -1.634171
-0.864140 -1.226267
-1.034994 -1.437888
-1.175532 -1.300985
-0.932306 -1.459143
-1.291923 -1.176353
-0.910596 -1.269432
-1.071638 -1.731422
-1.017198 -1.760186
-0.950491 -0.927232
-1.135660 -1.384861
-1.235131 -1.733749
-1.144118 -0.765370
-1.242315 -0.866574
-0.966456 -1.123378
-0.803762 -1.436180
-0.941512 -1.113926
-0.802577 -0.774864
-1.109274 -1.691799
-1.098471 -0.997424
-0.962689 -1.847950
-1.173626 -1.308321
-0.778625 -0.888889
-1.165308 -1.834403
-1.082054 -1.428835
-0.943449 -1.200988
-1.039251 -1.820455
-1.095866 -1.258127
-1.015080 -1.165625
-1.120758 -1.148625
-1.067418 -1.664536
-0.774596 -0.768338
-0.991883 -1.850656
-1.003499 -1.877807
-0.851724 -1.090720
-1.106100 -0.710978
-0.932520 -1.559493
-1.149527 -1.565502
-0.976024 -1.101359
-0.852749 -0.615709
-1.086370 -1.515035
-0.842223 -1.102153
-1.268824 -1.231308
-0.808922 -0.890741
-0.847442 -0.937246
-1.274363 -1.242637
-1.179338 -1.673133
-0.948464 -0.770647
-0.909675 -1.141818
-1.231269 -1.817529
-1.047724 -0.777817
-1.130343 -1.204347
-1.004050 -0.821049
-1.086377 -0.889034
-1.169324 -1.397454
-1.227022 -2.070902
-1.121678 -1.941151
-1.161126 -0.861229
-1.150718 -0.889141
-1.091575 -1.068173
-1.233992 -1.729299
-0.943445 -1.412467
-1.313190 -1.816239
-1.114205 -2.032417
-1.033949 -1.915109
-1.051077 -0.890758
-1.091197 -0.778018
-1.057331 -1.348006
-0.870442 -0.680951
-0.998573 -1.675053
-1.047789 -1.825216
-0.890515 -1.216098
-1.202338 -1.307580
-1.102815 -1.234520
-1.184647 -1.269762
-1.326011 -1.144684
-0.849661 -1.468924
-0.974316 -0.690011
-0.790978 -0.844394
-1.211355 -1.939106
-0.830313 -1.253023
-1.075547 -1.720912
-1.206816 -1.673453
-1.341436 -1.238528
-1.346536 -1.390130
-0.804339 -1.291616
-1.046280 -1.403146
-1.326029 -1.735358
-1.297258 -1.040795
-0.889845 -0.651408
-1.381281 -1.502469
-0.979280 -1.837964
-0.941385 -1.039681
-0.932501 -1.071078
-1.040402 -1.947920
-1.101874 -1.080370
-1.215587 -1.133381
-0.973528 -1.490836
-1.072677 -1.595111
-0.780212 -0.974849
-0.918750 -1.608326
-0.818625 -1.198133
-1.164560 -1.155218
-1.148617 -0.880553
-1.268534 -1.495602
-1.211123 -1.290876
-1.080288 -1.981565
-1.262546 -1.659772
-1.209466 -0.822003
-0.862611 -0.623899
-1.267039 -0.927381
-1.312132 -2.070730
-1.264337 -1.072312
-0.884778 -0.873781
-1.355470 -1.852821
-1.160111 -1.606850
-1.230027 -1.239994
-1.083685 -1.295164
-1.151583 -1.479544
-1.326675 -1.660408
-1.021631 -1.816202
-1.302091 -1.810956
-0.853291 -1.501353
-0.890040 -1.599109
-1.107334 -0.939557
-1.017725 -1.111096
-0.839283 -1.501545
-0.884681 -0.995940
-0.863544 -1.067102
-1.015702 -0.722432
-1.320321 -1.294251
-1.027255 -0.650821
-0.928256 -0.631105
-1.289263 -1.878223
-0.771397 -0.780015
-1.354809 -1.387943
-1.265856 -1.233615
-1.114904 -1.427185
-0.874640 -0.689230
-1.100513 -1.327310
-0.987699 -1.259777
-1.287473 -1.572204
-0.991488 -0.563308
-1.251656 -2.017885
-1.372227 -1.781614
-1.328344 -1.860589
-1.149896 -1.040989
-1.228711 -1.890163
-0.923116 -1.282699
-1.262392 -0.930636
-1.380576 -1.767619
-1.127564 -1.554956
-1.301188 -2.049423
-1.376020 -1.393686
-1.073624 -1.827408
-0.901900 -0.643700
-1.364344 -1.567052
-0.846906 -0.938260
-1.030771 -1.905628
-0.798637 -0.818957
-1.024495 -1.921999
-1.060117 -1.923939
-1.152157 -1.899693
-0.868098 -1.181871
-1.103479 -1.954258
-1.125319 -1.104501
-1.165259 -1.141416
-1.049909 -0.768627
-0.945915 -1.102871
-1.246514 -1.291820
-1.225989 -1.107330
-0.838282 -0.879175
-1.166467 -1.538680
-1.317738 -1.890478
-0.934500 -0.794121
-1.127284 -1.402595
-1.287855 -1.912170
-0.750595 -0.993932
-1.172447 -2.080749
-0.866947 -1.520224
-1.012621 -1.652973
-1.043240 -1.470342
-0.878635 -1.504916
-1.229249 -1.238851
-0.752734 -1.181826
-1.035958 -0.791036
-0.892796 -1.086352
-1.347778 -1.471337
-0.874934 -0.785358
-1.348789 -1.496663
-0.899980 -1.686450
-1.080074 -1.517926
-1.273070 -1.951891
-1.306910 -1.944976
-1.331690 -1.315319
-0.774495 -0.904714
-1.200482 -1.945570
-1.104058 -0.786134
-0.773241 -1.307890
-0.913127 -0.858059
-0.842784 -1.281636
-0.968724 -0.937530
-1.327359 -1.665756
-1.068249 -1.755327
-0.961315 -0.557751
-1.077324 -1.508964
-0.947121 -1.788665
-1.324768 -1.147202
-1.030103 -1.601871
-1.067046 -0.962030
-0.792123 -1.062228
-1.286288 -1.585070
-1.357564 -1.849021
-1.359295 -1.581849
-1.113003 -0.689063
-0.747564 -0.987441
-1.258525 -1.855774
-0.945282 -1.453426
-1.183702 -1.875942
-1.345733 -1.194453
-1.225159 -0.906710
-1.317131 -1.620717
-1.149060 -0.811776
-1.289278 -1.962020
-1.047294 -1.604583
-1.332446 -1.544667
-0.968125 -0.955948
-0.898914 -0.896645
-1.222230 -0.880392
-1.123753 -1.339007
-0.848941 -1.432014
-1.248205 -1.951687
-1.130024 -1.766214
-1.116036 -1.031098
-1.140568 -0.744883
-0.898306 -0.679852
-1.239201 -1.907738
-1.114996 -0.813171
-1.191096 -1.571450
-0.892796 -0.748903
-1.257146 -1.400057
-0.978204 -1.526686
-1.294909 -1.136000
-1.282741 -1.974796
-1.330148 -2.017727
-1.229032 -1.364221
-0.936746 -1.001807
-1.167762 -1.450582
-1.039752 -0.606629
-1.013595 -1.119789
-0.923291 -1.508875
-1.062581 -0.930594
-1.308311 -1.160821
-1.266002 -1.861785
-0.801891 -0.861553
-1.200356 -2.025863
-0.834700 -1.338425
-1.038774 -1.193299
-1.052386 -1.819404
-1.128530 -1.303071
-0.898391 -1.425163
-0.835292 -1.034461
-0.882746 -1.675261
-1.274594 -1.135933
-1.215728 -1.363014
-0.914148 -1.475518
-0.996426 -0.644333
-0.855462 -0.787935
-1.240137 -1.772786
-0.900324 -1.476655
-1.174896 -1.478702
-0.955336 -1.690336
-1.240104 -1.562081
-0.861928 -0.868900
-1.035963 -1.007927
-1.350798 -1.387630
-0.986676 -1.103171
-1.257947 -1.736893
-0.994849 -1.682590
-0.974833 -0.679691
-0.996369 -1.722223
-0.923793 -1.387603
-0.996065 -1.570074
-1.136008 -1.302235
-0.745929 -0.846637
-1.112554 -1.675325
-1.020265 -0.936608
-1.140671 -1.317397
-1.140115 -0.838510
-1.116300 -0.714404
-0.765194 -0.959291
-0.827945 -1.140413
-0.835551 -1.287588
-0.774525 -0.799943
-0.887583 -1.397340
-1.216462 -1.299877
-1.091081 -1.406782
-1.299818 -1.407406
-1.219801 -0.887619
-1.328427 -1.206852
-1.036447 -1.715560
-0.981711 -1.222200
-1.292733 -1.879347
-1.039538 -1.715018
-0.809315 -0.768161
-1.063372 -1.555042
-1.117486 -1.263186
-1.087948 -0.684633
-1.037624 -1.802259
-1.279733 -0.945601
-1.053536 -1.582834
-1.192993 -1.498408
-0.759110 -1.123860
-0.859532 -1.438832
-1.028821 -1.091091
-1.066345 -0.937813
-0.867489 -0.599597
-1.250452 -1.886419
-1.331437 -1.309690
-0.836448 -1.415005
-1.147569 -1.546603
-0.922840 -1.228533
-0.791469 -0.737464
-1.150723 -1.253994
-0.895657 -1.161010
-1.354309 -1.522117
-1.173589 -1.556612
-0.885466 -1.368168
-1.234759 -1.396185
-0.999656 -1.191845
-0.898514 -0.776302
-0.990226 -1.667551
-1.131608 -2.053711
-0.737696 -0.967218
-1.145739 -1.988691
-1.295102 -1.877701
-1.171404 -1.961960
-1.098756 -1.076601
-0.844670 -1.571456
-1.241602 -1.586369
-0.772178 -0.885886
-1.138536 -1.255149
-1.268280 -1.477910
-0.855402 -1.218540
-1.363509 -1.895911
-1.170780 -0.882935
-0.790803 -0.759260
-1.170779 -1.613730
-1.059381 -0.599904
-1.048489 -1.013770
-1.164051 -0.838933
-1.239243 -1.920137
-0.924292 -1.621195
-1.209108 -1.988947
-1.050726 -1.456326
-0.775747 -1.321902
-1.162477 -1.721918
-1.281250 -1.288342
-1.046885 -1.829861
-0.845963 -1.203112
-1.281336 -1.037234
-0.978725 -0.578102
-1.197509 -1.639252
-1.310512 -2.086514
-1.364715 -1.644478
-1.358039 -1.409989
-1.124102 -1.548606
-1.193322 -0.945714
-1.337188 -1.268930
-1.139265 -1.980499
-1.282281 -1.608628
-0.886877 -1.116257
-1.159165 -1.201094
-1.073075 -1.796628
-0.954528 -1.829510
-0.931648 -1.465901
-1.138988 -1.332833
-0.987325 -1.611987
-0.785262 -0.690468
-0.901323 -1.583177
-0.888857 -1.112964
-1.347523 -1.325086
-1.082682 -2.059218
-1.141148 -1.924553
-1.213106 -1.613878
-1.306333 -1.443140
-0.811479 -0.898277
-0.876893 -0.727538
-0.883754 -0.758892
-1.111044 -1.801310
-1.239261 -1.044209
-1.161555 -0.797712
-0.896129 -1.714102
-0.763438 -1.276420
-1.316161 -1.745239
-0.834331 -1.009044
-1.232219 -0.839922
-1.124290 -1.414338
-1.005286 -1.550838
-1.251492 -2.004453
-0.816960 -1.003048
-1.300341 -1.882461
-1.036053 -0.944213
-1.127318 -1.431333
-0.784167 -1.354586
-0.981257 -1.668911
-1.129472 -1.170499
-1.049032 -1.287770
-1.002901 -1.747206
-1.203314 -1.742494
-1.014840 -1.892653
-1.245676 -0.976694
-1.113629 -0.928506
-1.189292 -0.784534
-1.083223 -1.386214
-1.023058 -1.638794
-1.044850 -0.910460
-0.966952 -0.557736
-1.039479 -1.395188
-0.795397 -0.819383
-1.304026 -1.847379
-1.380250 -1.785576
-1.092876 -1.430501
-0.839088 -1.064896
-1.304719 -1.360393
-1.202983 -1.003805
-1.300356 -1.405054
-1.087793 -1.997209
-1.063277 -2.015136
-1.169705 -2.006351
-0.843466 -1.385658
-1.004956 -1.378041
-0.990361 -1.169491
-1.163875 -1.068320
-0.962731 -1.500316
-0.842973 -1.076903
-1.254055 -1.655808
-0.911233 -1.626357
-1.244459 -1.088115
-1.043044 -1.312855
-1.222993 -1.870437
-0.872151 -0.786205
-0.996449 -1.851786
-0.751775 -1.062451
-0.915396 -0.737448
-1.172467 -2.046386
-1.069820 -1.297012
-1.043229 -0.834245
-1.346375 -1.905648
-1.302998 -1.671837
-1.152341 -1.212569
-1.316414 -1.063647
-1.266416 -1.011387
-0.740209 -0.973807
-0.843799 -0.764789
-0.935459 -1.735588
-0.849734 -0.777229
-1.096498 -1.319267
-1.084924 -1.960590
-0.955732 -1.701962
-1.000471 -1.636435
-0.825207 -1.033055
-1.176554 -1.224411
-1.277716 -1.602798
-0.934169 -0.976552
-0.988213 -0.701421
-1.036546 -0.715345
-0.975905 -1.203566
-1.177462 -0.851624
-1.024235 -1.568196
-0.963531 -1.401134
-1.052772 -0.670561
-1.157432 -0.974401
-0.866545 -1.395527
-1.029086 -0.944416
-0.926429 -1.186309
-1.220001 -1.558182
-0.839947 -0.745533
-0.990711 -1.465129
-0.855364 -0.946442
-1.121083 -1.778744
-0.911609 -0.788076
-1.343207 -1.440942
-1.002272 -1.666979
-1.147023 -0.986205
-1.249295 -1.666561
-1.359532 -1.931777
-0.967974 -0.851046
-0.861933 -1.221507
-1.089097 -0.955877
-0.977649 -1.012000
-0.906437 -0.723129
-1.256081 -1.993954
-0.995755 -1.923134
-0.891151 -1.308944
-0.739583 -0.932848
-0.816703 -1.384526
-1.089833 -0.668894
-0.892992 -0.586913
-1.143823 -1.686321
-0.842254 -1.260085
-1.305245 -1.901452
-0.949721 -1.841185
-1.339352 -1.269831
-0.808546 -1.001376
-1.360895 -1.311279
-1.213737 -2.031768
-1.129049 -2.075067
-0.904680 -1.496382
-1.271462 -1.077679
-1.286376 -1.738660
-1.199125 -1.234536
-1.272522 -1.471848
-1.314018 -1.898107
-1.036993 -0.694307
-1.289266 -1.423332
-0.864083 -0.601888
-1.139139 -0.684688
-1.259972 -0.999816
-0.863425 -0.873062
-1.024729 -0.731042
-1.043836 -1.332102
-1.209379 -1.408614
-1.018481 -1.226624
-1.006922 -1.043163
-1.318761 -1.456411
-1.068526 -0.612842
-1.069523 -1.290006
-1.295225 -1.926038
-1.161754 -1.726050
-0.806444 -1.179961
-1.219912 -1.425593
-1.003055 -1.126651
-1.079187 -0.932186
-1.370841 -1.827649
-0.946601 -1.692641
-1.084733 -1.649088
-1.080921 -0.635007
-1.379297 -1.667112
-1.274182 -1.489767
-0.990743 -1.080179
-0.745565 -1.138890
-1.035913 -0.682517
-1.138126 -0.964882
-0.960453 -1.471969
-1.007234 -1.580067
-1.132959 -1.159954
-1.222279 -0.896795
-1.260048 -1.936974
-1.163175 -0.774321
-1.097750 -1.639019
-0.925763 -1.324671
-1.028441 -1.073022
-0.752354 -1.107435
-0.834868 -0.817749
-1.233374 -0.832593
-0.865670 -0.677975
-0.755882 -1.151026
-0.999947 -1.792101
-0.969409 -0.762903
-0.886916 -0.914814
-1.252623 -1.297828
-0.758547 -0.795818
-1.150382 -1.395373
-1.115653 -1.260722
-0.866891 -0.930551
-0.770474 -0.769275
-1.221505 -2.013846
-0.942633 -1.044014
-0.819488 -1.206347
-1.146325 -1.209624
-1.191156 -1.363762
-0.751558 -0.917738
-0.760216 -1.082359
-1.205319 -1.755567
-1.179709 -1.947502
-1.095813 -0.783337
-1.278408 -2.122953
-0.804599 -0.784824
-1.038873 -1.052107
-0.763407 -1.104330
-1.302876 -1.724168
-0.807180 -1.010084
-1.211669 -1.124185
-1.216833 -0.815279
-1.304425 -1.438774
-1.037826 -1.072543
-0.875718 -0.973418
-1.092428 -0.799670
-0.836670 -1.078077
-0.898763 -1.714616
-0.991067 -1.157562
-0.791228 -1.186303
-1.082220 -1.565463
-1.100693 -1.878829
-1.313908 -1.395555
-0.985486 -1.854295
-1.196820 -0.828639
-1.062327 -1.131930
-0.956588 -1.115341
-1.094252 -0.808457
-1.068989 -1.316850
-1.046702 -1.736174
-1.109619 -1.531689
-1.170033 -1.802260
-1.355912 -1.926324
-1.097041 -1.469747
-1.270480 -0.976509
-1.043864 -1.478855
-1.286016 -1.853370
-0.843489 -1.348800
-1.089769 -1.700564
-1.079673 -0.911837
-0.826438 -0.956788
-0.915706 -1.236196
-1.114038 -1.422706
-0.978079 -1.652998
-1.165914 -1.007743
-1.263299 -1.175113
-1.044799 -0.964797
-1.001990 -1.467284
-1.209070 -1.884092
-0.878101 -1.282745
-0.862628 -0.606935
-1.071907 -0.682051
-0.957986 -1.056176
-0.896734 -1.174931
-1.346494 -1.465896
-1.303520 -1.858962
-0.882047 -0.774835
-1.016717 -0.736877
-0.766373 -0.962509
-1.342847 -1.732287
-1.074973 -1.267397
-0.858283 -0.630653
-0.989130 -1.692181
-1.149392 -1.400522
-1.180497 -1.490872
-0.913808 -0.716536
-1.340352 -1.608896
-0.869636 -1.197520
-1.381115 -1.581257
-1.162382 -2.032382
-0.861106 -0.933198
-1.172401 -0.896107
-1.140422 -0.848938
-0.788460 -0.780711
-1.313731 -1.180194
-1.143355 -2.107487
-1.032666 -1.329859
-1.103876 -1.499693
-0.822273 -1.399490
-1.285520 -1.172179
-1.281153 -1.093566
-1.196448 -1.381429
-0.952204 -0.897836
-1.294115 -2.089112
-1.325576 -1.496291
-0.922851 -1.108113
-1.008954 -1.714981
-0.803648 -0.716496
-1.197517 -1.786793
-1.017800 -0.589915
-1.342824 -1.982711
-1.268807 -2.035613
-1.028041 -1.463955
-1.173031 -1.999912
-0.867119 -1.340774
-1.189808 -1.217858
-1.071699 -0.670003
-0.815477 -0.919033
-0.947678 -1.165809
-0.949839 -1.479317
-1.331885 -1.783588
-0.958290 -1.293026
-1.209617 -1.180691
-1.214690 -1.091549
-1.169811 -0.811464
-0.868066 -1.012477
-0.886585 -1.650435
-0.997724 -1.785515
-0.815401 -1.199685
-1.108967 -1.950802
-1.040162 -1.815013
-1.120971 -1.359714
-0.867473 -1.348003
-1.361555 -1.854475
-1.027334 -0.822140
-0.913206 -0.944384
-1.228585 -0.941531
-0.815006 -1.249995
-1.149059 -1.630333
-1.230530 -1.184011
-1.049313 -1.261634
-1.046078 -0.633888
-1.169874 -1.022198
-1.234858 -2.117658
-1.138148 -1.819897
-0.848254 -1.589796
-1.197166 -1.304521
-1.293155 -1.598885
-0.885117 -0.601196
-1.093996 -1.999531
-0.879456 -1.386910
-1.321064 -1.444692
-1.047770 -1.503625
-1.259665 -2.039366
-1.059296 -1.847147
-0.917489 -1.578652
-0.936501 -0.995714
-0.924869 -1.028224
-1.196293 -1.789501
-1.322527 -1.420294
-0.893762 -0.719055
-0.823274 -1.496539
-1.122792 -1.519309
-1.185399 -1.549198
-1.054872 -1.451384
-0.914767 -1.760657
-1.094885 -1.467892
-1.281340 -1.886121
-1.163244 -0.732751
-0.815854 -1.011661
-0.859021 -1.521689
-1.188213 -1.488469
-1.249385 -1.562159
-1.063309 -1.246659
-0.919961 -1.311653
-1.080211 -0.869175
-1.332194 -1.402458
-0.960613 -1.197625
-1.063187 -1.124627
-1.147683 -0.883127
-1.165408 -2.116964
-1.003737 -1.031866
-1.232538 -0.886808
-1.178415 -1.554597
-1.332249 -1.138540
-1.019203 -1.815632
-1.022250 -1.699771
-1.085827 -1.976339
-0.884599 -0.601412
-1.358572 -1.502434
-1.207257 -1.275148
-1.086737 -1.107527
-1.067848 -0.754561
-1.308125 -1.538865
-1.118693 -1.662475
-0.820654 -0.678303
-1.344838 -1.233595
-0.885671 -0.660599
-0.873523 -1.343955
-1.140889 -1.398671
-1.360453 -1.921083
-1.204067 -1.900013
-1.353870 -1.484801
-0.854201 -0.983951
-1.006420 -0.576632
-0.815008 -0.864065
-0.799602 -1.015365
-0.848381 -1.239638
-1.222253 -1.315820
-1.040556 -1.805616
-1.123204 -1.940957
-0.923077 -1.515918
-1.050190 -0.841936
-1.206148 -1.204114
-1.200675 -0.917162
-1.148724 -0.842393
-0.979140 -1.648717
-1.003861 -1.278836
-1.326676 -1.832096
-1.074441 -1.770936
-0.782647 -1.197875
-0.770026 -1.295848
-1.249629 -1.872737
-1.111468 -0.866799
-1.078241 -0.696823
-1.144203 -0.703705
-0.963084 -1.814195
-0.965627 -1.014530
-0.914632 -1.491670
-0.960008 -0.677752
-1.058541 -0.610000
-1.335927 -2.029048
-1.236132 -1.170002
-1.315356 -1.510597
-0.898824 -0.602205
-1.163722 -0.761697
-0.986574 -1.087238
-1.023249 -1.361042
-1.066507 -1.258646
-1.308540 -1.742443
-1.266366 -1.802377
-0.776628 -1.171834
-0.743898 -0.921055
-1.133960 -1.335325
-0.958791 -1.758291
-1.134747 -1.485463
-1.161421 -0.857832
-1.185383 -1.323197
-1.319520 -1.625723
-0.975214 -1.382807
-0.892850 -0.911380
-0.940988 -1.374843
-1.074453 -1.326622
-1.045778 -1.410618
-1.236724 -1.706090
-0.886297 -1.192961
-1.081178 -1.387172
-1.037886 -1.691180
-1.325021 -1.734083
-1.156209 -1.701244
-1.101659 -0.708771
-0.910736 -1.622368
-0.975074 -0.900289
-0.943149 -1.485436
-0.844982 -1.196365
-1.182995 -1.852069
-1.243795 -1.698104
-1.105702 -1.312568
-1.231772 -1.603101
-1.062082 -1.184311
-0.930319 -1.313719
-1.098040 -1.319327
-0.917279 -1.004742
-0.913916 -0.752430
-1.084163 -0.710148
-1.227101 -1.520516
-1.058586 -1.277589
-0.924159 -1.470240
-1.033337 -1.763175
-1.160448 -1.193005
-1.232654 -1.610210
-1.176693 -1.997869
-1.077348 -1.450223
-1.233279 -2.055820
-1.311242 -1.095852
-0.857104 -1.135399
-1.344284 -1.830027
-0.965313 -1.873576
-0.940799 -1.653539
-1.115008 -0.946245
-1.203437 -1.258832
-1.255643 -1.530352
-0.918019 -0.899231
-1.146712 -1.175847
-0.911596 -0.948592
-0.994301 -0.618929
-0.868572 -1.634983
-1.102966 -1.574868
-1.339107 -1.448008
-1.307682 -1.579183
-0.950342 -0.828703
-0.959466 -0.967816
-0.800107 -0.824931
-0.972984 -1.548137
-0.896532 -1.365915
-0.906694 -1.742444
-1.241961 -1.961638
-1.307027 -1.676657
-0.817223 -1.080379
-0.881766 -0.815643
-1.227858 -1.176334
-1.091570 -1.449518
-1.331882 -1.287156
-0.864956 -0.692414
-1.001321 -1.580841
-1.054267 -0.773527
-0.941872 -0.635875
-1.002084 -1.435354
-1.188981 -1.543518
-0.970539 -1.572208
-1.284402 -1.077087
-1.165200 -1.606304
-0.858348 -0.869642
-0.845862 -0.799959
-1.178874 -1.017990
-1.237684 -1.008907
-1.335294 -1.509376
-0.978359 -1.660253
-1.281243 -1.585123
-1.224322 -1.319850
-1.014228 -1.948222
-1.035194 -1.521351
-0.988900 -1.802503
-1.248950 -0.995178
-1.233035 -1.112403
-0.931501 -1.367086
-0.805936 -1.167862
-1.356893 -1.960673
-0.769821 -0.745159
-0.857088 -0.780889
-0.982504 -1.431208
-1.102081 -0.781044
-0.816426 -1.358203
-0.780166 -1.303092
-1.262356 -1.043810
-0.957780 -1.806988
-1.199000 -1.485718
-1.276051 -1.566521
-1.266317 -1.847832
-1.080571 -1.281973
-0.982744 -0.738085
-1.024929 -0.827219
-0.896681 -1.480234
-1.189703 -2.057464
-0.896184 -1.610712
-0.977560 -1.770593
-1.180823 -1.486446
-1.043308 -1.700510
-1.149958 -1.447801
-0.923429 -0.614891
-1.239407 -1.858939
-1.026111 -1.565125
-1.078059 -0.835775
-1.224724 -1.816256
-0.891619 -1.668160
-0.839859 -1.339530
-1.337344 -1.512033
-0.758486 -1.081681
-1.228909 -1.896673
-1.157329 -1.231089
-1.140031 -2.055006
-1.043604 -0.959324
-0.898956 -0.699223
-1.304516 -2.097482
-1.357419 -1.569272
-1.249240 -1.129102
-1.144732 -1.290578
-1.085483 -0.942523
-1.007414 -0.831434
-0.907945 -1.656943
-0.875342 -0.988418
-0.936775 -1.267592
-1.194494 -0.884084
-1.282412 -1.757400
-1.052078 -1.481212
-1.008634 -0.887561
-1.091562 -1.540369
-1.238615 -1.185046
-1.224028 -1.507984
-1.113519 -1.059939
-1.242340 -1.901410
-1.050064 -0.622680
-0.989662 -1.098075
-1.006433 -1.548314
-1.238225 -1.642634
-0.982459 -0.898397
-1.111255 -1.376720
-0.876152 -0.874124
-0.970499 -1.236735
-0.927714 -1.375515
-0.916272 -1.404379
-1.366106 -1.625749
-0.826787 -1.307138
-1.061080 -1.718307
-1.016738 -0.868162
-1.284384 -2.115510
-1.117285 -1.508202
-1.210817 -0.773414
-0.979766 -1.168681
-1.047771 -1.919466
-1.005888 -1.763230
-1.006565 -0.571541
-1.365711 -1.869186
-1.143875 -1.126194
-0.951688 -1.692444
-0.866068 -1.517565
-0.892781 -1.474173
-1.222679 -1.712104
-1.175973 -0.839812
-1.268132 -1.115882
-0.745949 -0.913178
-1.139744 -0.789707
-1.023088 -0.912282
-0.780863 -1.212574
-1.168508 -1.701838
-0.966949 -1.208080
-0.822234 -0.876092
-1.095064 -1.867553
-0.843643 -0.970195
-1.159238 -0.906774
-1.269047 -1.102122
-1.126680 -1.767622
-1.092710 -2.009916
-1.112227 -0.919251
-1.280746 -1.985530
-0.769204 -1.300416
-0.955468 -1.698040
-0.799810 -0.708166
-1.272644 -2.093395
-0.952263 -0.879122
-1.051931 -0.593863
-0.857474 -1.486623
-0.770712 -1.088803
-1.164889 -0.928617
-1.050028 -0.883071
-1.292694 -1.695137
-1.088087 -1.917684
-1.333289 -1.831696
-1.188383 -1.736984
-1.229067 -0.922841
-0.953462 -0.981320
-0.954658 -0.661499
-1.001529 -1.383581
-1.115805 -1.705931
-1.115089 -2.049107
-1.317553 -1.569870
-1.021829 -1.662881
-0.865766 -1.555164
-1.009530 -0.559125
-1.210753 -2.018291
-0.845088 -1.547848
-1.061340 -0.894009
-0.962857 -0.631704
-1.108128 -1.214911
-1.003728 -0.709357
-1.076719 -1.107172
-1.170740 -0.875719
-0.890770 -0.691591
-0.874027 -1.420806
-0.861473 -0.743004
-0.912781 -1.509838
-1.091502 -1.520106
-0.988730 -1.234269
-1.165518 -1.634091
-1.102610 -1.510517
-1.179989 -1.240941
-1.066766 -1.898619
-0.940060 -1.719245
-0.959278 -1.166741
-1.128295 -1.323292
-1.276229 -1.910382
-0.798236 -1.274081
-1.187963 -1.224971
-1.144866 -1.289160
-0.789941 -0.881235
-0.848348 -1.340078
-1.036672 -1.280802
-0.799793 -1.182052
-0.870968 -1.594416
-0.940350 -1.820801
-1.078458 -0.780997
-0.837237 -0.949055
-0.776116 -1.266485
-1.072080 -1.695807
-1.152205 -0.921182
-1.058919 -2.034740
-1.205337 -1.021281
-1.246525 -1.022171
-0.976194 -1.801695
-1.334773 -1.587141
-0.834502 -0.627666
-0.864885 -0.765768
-0.975005 -1.588020
-0.974748 -0.756718
-1.005531 -1.859045
-0.940198 -1.581278
-0.968776 -1.192158
-0.980158 -0.706851
-1.014475 -0.869408
-0.772999 -0.761947
-1.039248 -1.505304
-1.013321 -1.864201
-1.202863 -0.879130
-1.080270 -0.688604
-1.055575 -1.964677
-1.033292 -1.069909
-1.056324 -1.826506
-0.796858 -1.050252
-1.045418 -1.540244
-1.052203 -1.424089
-1.285766 -1.731859
-1.111414 -1.609855
-0.773077 -1.309120
-0.772244 -1.277870
-1.077550 -1.051780
-0.985025 -1.256786
-0.902251 -1.730586
-1.256190 -1.158234
-0.988561 -1.339452
-1.214785 -0.852036
-1.109708 -1.274487
-0.944426 -1.663391
-0.891807 -1.340841
-0.986246 -1.350268
-1.235324 -1.117313
-1.169012 -1.469467
-0.886612 -1.276220
-1.316616 -2.041419
-1.142472 -1.756974
-1.240500 -1.838437
-1.167291 -0.782185
-1.104270 -1.317767
-0.846641 -1.101618
-1.072260 -1.661803
-1.209424 -1.978309
-0.985609 -0.771946
-1.083566 -1.227993
-1.106903 -0.839960
-0.804264 -1.312281
-0.818607 -1.321034
-1.126261 -1.778194
-0.908939 -1.535776
-0.933792 -1.147728
-1.315533 -1.899553
-1.345467 -1.624568
-1.248000 -2.089980
-1.084022 -1.919461
-1.059799 -1.386791
-1.197979 -1.486053
-1.033975 -0.884111
-1.351585 -1.766012
-0.997976 -1.865412
-1.361447 -1.419831
-1.093827 -1.868249
-1.363343 -1.768620
-0.836781 -0.843652
-1.291654 -1.037233
-1.199475 -1.471156
-0.778246 -1.245671
-0.855517 -0.892510
-1.137478 -1.871368
-1.001927 -1.865662
-0.817788 -0.915680
-1.080917 -1.941043
-1.335767 -1.488824
-1.243637 -1.236502
-0.896320 -1.009625
-1.050116 -1.924053
-1.305664 -1.979260
-1.149426 -0.856352
-1.191293 -1.272018
-1.065060 -1.226733
-1.012859 -1.718082
-1.089389 -1.899246
-1.082535 -1.468371
-1.271698 -1.882578
-0.821501 -0.883932
-1.220384 -2.024819
-0.970403 -1.534352
-1.047354 -1.790023
-1.163848 -1.609651
-0.991646 -1.880666
-0.847321 -1.443014
-1.203105 -1.013772
-1.147917 -1.341671
-1.034361 -1.256810
-1.268034 -1.956177
-0.840767 -0.795289
-1.212038 -1.846493
-0.969681 -1.182634
-0.977823 -1.499118
-1.147883 -0.963949
-1.301523 -1.622214
-1.126406 -1.139603
-1.320036 -1.472594
-1.198508 -1.666116
-1.204937 -1.538437
-1.134901 -0.968867
-1.193177 -1.948510
-0.945778 -1.095072
-0.768869 -1.023270
-0.948983 -1.605566
-0.792547 -1.278988
-1.063088 -1.761476
-0.935799 -1.290927
-1.265256 -1.126673
-1.143312 -1.228028
-0.741744 -0.890500
-0.937042 -1.442937
-1.028091 -1.038302
-1.310618 -1.998482
-0.923710 -0.776705
-0.994946 -1.527623
-0.811968 -1.458194
-1.006644 -1.130808
-0.831634 -1.085102
-1.200671 -1.230681
-1.315450 -1.442242
-0.791966 -1.181502
-0.957789 -1.234009
-1.099469 -1.028475
-1.287187 -1.754024
-0.755008 -0.915105
-1.127546 -1.756184
-0.920155 -0.704299
-1.179674 -1.808002
-0.913351 -1.331172
-1.105211 -0.699414
-1.215519 -2.054801
-1.031809 -1.544983
-0.778405 -1.336312
-0.752772 -0.864781
-0.928355 -1.319355
-1.096803 -1.323627
-0.802449 -1.282194
-1.338263 -1.234833
-1.130867 -0.817553
-1.026517 -0.599047
-1.020786 -0.599244
-1.170222 -1.820919
-1.306016 -1.389102
-1.261914 -1.117313
-0.900608 -1.369163
-1.203415 -1.636242
-0.998725 -0.717838
-1.072317 -1.972741
-1.280237 -1.592821
-1.145266 -0.696562
-1.184890 -1.996455
-1.029970 -1.103727
-1.271843 -0.999735
-1.308150 -1.179626
-1.159095 -0.993420
-1.011249 -1.484860
-1.265021 -1.301969
-1.133309 -1.323793
-0.823444 -0.822859
-0.983413 -1.235612
-1.054669 -1.976707
-0.860370 -0.606989
-0.997125 -1.699988
-1.132468 -1.273710
-1.027727 -1.556587
-0.949955 -1.121133
-0.987925 -0.737276
-1.200492 -1.405454
-1.300328 -1.066742
-1.170745 -2.082584
-0.932213 -1.168713
-0.939402 -1.374321
-1.024097 -1.423438
-0.868936 -1.227053
-0.880811 -1.120229
-1.202684 -0.809916
-1.089420 -1.599606
-0.842555 -1.168481
-1.335299 -1.313546
-0.908515 -0.558696
-1.038030 -0.899671
-1.241859 -1.711186
-1.265025 -1.260719
-1.289943 -1.408803
-1.041905 -0.788970
-1.004942 -1.309600
-0.908586 -0.650972
-1.029537 -1.784841
-0.985832 -1.074192
-1.065629 -1.034746
-0.796568 -1.382880
-0.803297 -1.337014
-1.200333 -1.410763
-1.276034 -1.314269
-1.157890 -1.229561
-1.081815 -1.688107
-0.899214 -0.679730
-1.352439 -1.596325
-0.760867 -0.885792
-1.323778 -1.510603
-1.293357 -2.063673
-1.126840 -1.693024
-1.268061 -2.090388
-0.940893 -0.664398
-1.188808 -1.628576
-1.243421 -2.072945
-1.000861 -1.086920
-0.951106 -0.601143
-1.193176 -1.727072
-0.757276 -0.993172
-1.221157 -1.915763
-1.237511 -1.514874
-1.128337 -1.240103
-1.082359 -0.994541
-0.958518 -1.434934
-1.208988 -1.528808
-0.847360 -1.339548
-0.984611 -0.595980
-1.055204 -1.430727
-0.932952 -1.605132
-1.008286 -0.564293
-1.020795 -1.419904
-1.312298 -1.232750
-1.030488 -1.927688
-1.133828 -1.981747
-0.972150 -1.724522
-1.012432 -1.225309
-1.134863 -1.329227
-1.241643 -1.706016
-0.910358 -0.729439
-0.859302 -0.707137
-1.270799 -1.161891
-0.791917 -1.387319
-1.313715 -1.239635
-1.055578 -1.707326
-0.928563 -1.632692
-1.196902 -1.921535
-1.080945 -1.061755
-1.054996 -0.689279
-0.956747 -1.114358
-1.178097 -1.452475
-1.359142 -1.534728
-0.851552 -1.165756
-0.933778 -1.007811
-1.319533 -1.297489
-0.960597 -0.607786
-1.052121 -2.001022
-1.224334 -1.580467
-0.966163 -1.084680
-0.972315 -1.000059
-1.127004 -1.574122
-1.155291 -2.064819
-1.146805 -1.199816
-0.827657 -0.691889
-0.857721 -1.339840
-1.238068 -1.109639
-0.836182 -1.288538
-0.846672 -1.004289
-0.997972 -1.889004
-1.011158 -0.744836
-1.216299 -1.065154
-1.134922 -2.015347
-1.170414 -1.268989
-0.905919 -0.661046
-1.055369 -1.678113
-1.018328 -1.667469
-1.232090 -2.097605
-1.356803 -1.811444
-0.993765 -1.782330
-1.039808 -0.757432
-1.170054 -1.989431
-0.896163 -1.664460
-1.252255 -1.392179
-0.839748 -1.507829
-1.170782 -0.756492
-1.367953 -1.599086
-0.808365 -0.934146
-1.340685 -1.775646
-1.022035 -1.758534
-1.024298 -1.593537
-1.270560 -1.232317
-1.105732 -1.788603
-0.980654 -1.680300
-1.027997 -1.416479
-1.080075 -1.695630
-1.037542 -1.945752
-1.209468 -1.132648
-0.996495 -1.719144
-1.006846 -1.568282
-0.821755 -1.113972
-0.961195 -0.936477
-1.134718 -0.916402
-1.034537 -0.788750
-1.061315 -1.859900
-1.191773 -1.770903
-1.217947 -1.067804
-1.086980 -1.021201
-0.900608 -0.973715
-0.850897 -0.615463
-0.931723 -0.997644
-1.206897 -1.439326
-0.929359 -0.694668
-0.897174 -1.470350
-0.894432 -1.082729
-1.102945 -0.958876
-0.801472 -1.354157
-0.799105 -1.242111
-1.108322 -1.504902
-1.207666 -2.046779
-1.178393 -1.658397
-1.066304 -1.796834
-1.269839 -2.082306
-0.885968 -0.906575
-0.835189 -1.556565
-1.348328 -1.874564
-1.339911 -1.662968
-1.037177 -1.925885
-1.202709 -1.009764
-0.766844 -0.752030
-1.215315 -1.507518
-1.188800 -2.136786
-1.215766 -0.956353
-1.102659 -0.698251
-0.908296 -1.358180
-1.011739 -1.659070
-1.029401 -1.275134
-0.803177 -1.189599
-1.036836 -0.588245
-0.954331 -0.860983
-0.759440 -1.075715
-1.044989 -0.770211
-1.093857 -1.569636
-1.281207 -1.461769
-0.847319 -1.510674
-0.758743 -1.238496
-1.241083 -1.758101
-0.970704 -1.481331
-1.184913 -1.675712
-0.962727 -1.680281
-0.836498 -1.105539
-1.054571 -0.806692
-1.081544 -1.339596
-0.837072 -1.109653
-0.915928 -0.646564
-0.923050 -0.729466
-1.148101 -1.512655
-0.851116 -1.325349
-1.008944 -1.179941
-1.124021 -1.160204
-0.748725 -0.994776
-1.149212 -1.298621
-1.217226 -1.401640
-0.777575 -0.826604
-1.295743 -1.165154
-1.249007 -1.969049
-1.144967 -0.754190
-1.174736 -1.079045
-1.251168 -1.102711
-1.065753 -2.002028
-0.836810 -1.170764
-0.878327 -1.531042
-1.012648 -1.582606
-0.880949 -1.250483
-0.978486 -1.300926
-1.195649 -0.889566
-1.262198 -1.927601
-1.150862 -2.106677
-1.357067 -1.307974
-0.816210 -1.268029
-1.012656 -1.682660
-1.105902 -1.788195
-1.342279 -1.990468
-1.093506 -0.750519
-0.926171 -1.308223
-1.072127 -1.887398
-1.098568 -0.815872
-1.034927 -1.379490
-1.065547 -1.226156
-1.167899 -1.977194
-1.066694 -0.630927
-0.837472 -0.927632
-0.952601 -1.037910
-0.812124 -0.729998
-0.882393 -0.987084
-0.858750 -1.099078
-0.965324 -1.352887
-1.180714 -0.751509
-1.349371 -1.810951
-0.967782 -1.626031
-0.996668 -0.858276
-1.241768 -1.442132
-1.140789 -1.090366
-1.289861 -1.067533
-1.316893 -2.033895
-1.254683 -0.926544
-0.977243 -1.074167
-1.176012 -0.999696
-1.229712 -1.468141
-1.365449 -1.486534
-0.974382 -0.551149
-0.851536 -0.914010
-1.069476 -1.646684
-1.084489 -1.515659
-0.958891 -1.770756
-0.773227 -0.841748
-1.053858 -1.772747
-1.051524 -1.237568
-1.323411 -1.567699
-1.035846 -1.234372
-1.216003 -1.705765
-1.367072 -1.381583
-0.928772 -1.396804
-0.996118 -0.996195
-0.927790 -1.800523
-1.214162 -1.783252
-1.229428 -1.975634
-1.140915 -1.758896
-0.903658 -1.117864
-1.237502 -1.281859
-0.966197 -0.965857
-1.113601 -1.978395
-1.091091 -0.769312
-0.857434 -0.630787
-1.228967 -2.005636
-0.944319 -0.964446
-1.144954 -1.796645
-0.831933 -0.978938
-0.919811 -1.499913
-1.366304 -1.694970
-1.271955 -1.656108
-0.928002 -1.500173
-1.133700 -1.213539
-0.972221 -1.181421
-1.235682 -1.175582
-0.824137 -1.155202
-1.327426 -2.033629
-0.963277 -1.414988
-0.907690 -1.148939
-1.090017 -1.179477
-1.310993 -1.830145
-1.258921 -1.121831
-0.896589 -0.743524
-0.866930 -1.341300
-1.263555 -2.097232
-1.322966 -1.194797
-0.977823 -1.843015
-0.836935 -0.663248
-0.848107 -0.883362
-0.803802 -0.860522
-0.810306 -1.190231
-1.033926 -1.588066
-0.919026 -1.566797
-0.983234 -1.914124
-1.072818 -0.966940
-1.145359 -1.865885
-1.104646 -1.875829
-1.208403 -1.379526
-1.073184 -0.825687
-1.023273 -1.338452
-1.028258 -1.050692
-0.874179 -0.662105
-1.089942 -1.832897
-0.862066 -0.761508
-1.339432 -1.574670
-1.119998 -0.973766
-1.153887 -0.826141
-0.779034 -1.053069
-0.768432 -1.044938
-1.070049 -0.769590
-0.898166 -1.063965
-1.091688 -1.529434
-1.348456 -1.452505
-0.880662 -1.395965
-0.861929 -0.633421
-1.320718 -2.062421
-0.783701 -0.950975
-1.298727 -1.368102
-1.351867 -1.523315
-1.089367 -1.644894
-0.869731 -1.364325
-1.120935 -1.761164
-1.176194 -1.548703
-0.974968 -0.790948
-1.254138 -1.956935
-1.298525 -1.153125
-1.202753 -1.963945
-0.950009 -1.653429
-1.053390 -1.122436
-1.298444 -1.398736
-1.094205 -0.875982
-1.012094 -0.937060
-1.313250 -1.043429
-0.965540 -0.817581
-1.159431 -1.936450
-1.230738 -2.081950
-1.091522 -1.061779
-0.842932 -1.352948
-1.250110 -2.021177
-1.265640 -1.431838
-0.901760 -1.499075
-0.895498 -0.794471
-1.152283 -0.804046
-1.139863 -1.358435
-0.879485 -0.750535
-0.835779 -1.308902
-1.270554 -1.688669
-0.959540 -1.049109
-0.903611 -1.450704
-0.935346 -1.672382
-1.182017 -0.874859
-1.252847 -0.883385
-1.218951 -1.567780
-1.242779 -1.601057
-1.255539 -1.757445
-1.255406 -1.381923
-0.787181 -0.920111
-0.935193 -0.804117
-1.193407 -0.773086
-1.356406 -1.779933
-0.829730 -0.909841
-0.974409 -1.788834
-1.183692 -1.143016
-1.253243 -1.800183
-1.006803 -1.730381
-1.145776 -1.275736
-0.820799 -1.022266
-1.097257 -0.677574
-1.136383 -1.720933
-1.193866 -1.519106
-1.087779 -1.951587
-1.208755 -2.116122
-1.324289 -2.059238
-1.148370 -1.996091
-1.243948 -1.973559
-1.206536 -0.820042
-1.168403 -1.286504
-0.920287 -0.897985
-0.992131 -1.737805
-0.980176 -0.598880
-1.000014 -1.835317
-1.058413 -1.914026
-0.995848 -1.378358
-1.274397 -1.801579
-1.002854 -0.871824
-1.210987 -1.480846
-0.922497 -1.397820
-0.899356 -0.616438
-1.212103 -1.466193
-0.980621 -1.382486
-1.311280 -1.236761
-1.069690 -1.164228
-1.138380 -1.055023
-1.010094 -1.510919
-1.033576 -1.734978
-0.921718 -0.722120
-1.060233 -0.980186
-1.193251 -1.051405
-0.827500 -1.495956
-1.346832 -1.818873
-1.226859 -1.639487
-0.775259 -1.237614
-1.301484 -1.979880
-1.037290 -1.369174
-1.014316 -1.204612
-0.970576 -0.659801
-1.064114 -1.529824
-1.205764 -2.037228
-1.273584 -1.477661
-1.223328 -0.994745
-1.352871 -1.340536
-1.231234 -1.094730
-1.080209 -1.954030
-1.087971 -1.649103
-1.179475 -1.770388
-1.042761 -1.960291
-0.924669 -1.676743
-0.898527 -1.592052
-1.130409 -0.723969
-1.213832 -2.117574
-0.984392 -0.813340
-1.112707 -1.552417
-1.064383 -1.207413
-0.914474 -1.179029
-1.235543 -1.049071
-0.962143 -0.560117
-0.868056 -0.620606
-1.213848 -1.401274
-1.046182 -0.606181
-0.972255 -0.567010
-1.193601 -0.936658
-0.877798 -0.820404
-1.231409 -1.201318
-1.200137 -0.765004
-0.918757 -1.722371
-1.091688 -0.646305
-1.068254 -1.079761
-1.150635 -2.093143
-1.323514 -1.461626
-0.909956 -0.904596
-0.968642 -1.379549
-1.236415 -1.802841
-0.908341 -0.847633
-0.819290 -0.791740
-0.898747 -1.414846
-0.855232 -0.610952
-1.375344 -1.673751
-1.067172 -1.034406
-1.293113 -1.584245
-0.846548 -1.099612
-1.163137 -1.227807
-1.078174 -0.821821
-1.131458 -1.341255
-0.968029 -1.835018
-1.135788 -1.429076
-0.882423 -1.632547
-1.119358 -0.681341
-0.803568 -0.770289
-1.363394 -1.596241
-1.311549 -1.476816
-1.373404 -1.560419
-0.811942 -0.806244
-1.076527 -1.373132
-0.934896 -1.195794
-1.155703 -2.057224
-1.301215 -1.779889
-0.819502 -1.061068
-0.904290 -1.497101
-1.106647 -0.943664
-0.811664 -1.477438
-0.852953 -1.257987
-1.121079 -1.892435
-1.080428 -0.953712
-1.160229 -1.181000
-0.952049 -1.720666
-1.112260 -0.847789
-1.153491 -1.943494
-1.128289 -2.070498
-1.356608 -1.951096
-1.097138 -1.058479
-1.067888 -0.740347
-1.097550 -1.661468
-1.044963 -0.580734
-1.369284 -1.542808
-1.258707 -1.755902
-0.815275 -1.142213
-1.131747 -0.680328
-1.317490 -2.039237
-0.944085 -1.824135
-1.002430 -1.259960
-1.106359 -1.140610
-0.796205 -0.761872
-0.903325 -1.222048
-1.259770 -2.058033
-1.311555 -1.673480
-0.996806 -1.590035
-1.077872 -1.470212
-1.193611 -1.524982
-1.108847 -1.735037
-1.108036 -0.891646
-0.766767 -1.191913
-0.854634 -1.611266
-1.112050 -0.732994
-0.824149 -1.005875
-1.054407 -1.952235
-1.015062 -1.007279
-1.239954 -0.848395
-1.217378 -1.552294
-1.169418 -1.224857
-1.168612 -0.976695
-1.151131 -1.835598
-1.241214 -1.865725
-1.334989 -1.622500
-1.110785 -1.063727
-1.247333 -1.285379
-0.913631 -0.730906
-0.908544 -0.806083
-1.269398 -1.178713
-1.303099 -1.860897
-0.760678 -0.994939
-1.009014 -0.636284
-1.065620 -0.964022
-1.295981 -1.888670
-1.062609 -1.133574
-1.176599 -1.183973
-1.169225 -2.130146
-1.258441 -2.082958
-1.148606 -0.759393
-1.020269 -1.535158
-0.995893 -1.461217
-1.146189 -0.874831
-1.349170 -1.893425
-1.197415 -1.412448
-0.912093 -1.657406
-0.897820 -1.604716
-1.307507 -1.495895
-0.968757 -1.370027
-1.076974 -1.383622
-0.806828 -1.297567
-1.105495 -1.872146
-1.188256 -1.100409
-0.854401 -0.904058
-1.116217 -1.222256
-1.062035 -1.684514
-1.039464 -0.681780
-0.932884 -1.201747
-0.959973 -0.591731
-1.076024 -1.628062
-1.329586 -1.486484
-0.953435 -1.003122
-0.905404 -0.954829
-1.360285 -1.631996
-0.973430 -0.747382
-1.213299 -1.965220
-0.892575 -0.774679
-1.259344 -1.723559
-0.900989 -1.263585
-1.321131 -1.341161
-1.066726 -1.314122
-1.281478 -1.745950
-1.090347 -0.959758
-1.044900 -0.683495
-0.769001 -0.928333
-0.956198 -1.341808
-1.045443 -0.900171
-1.016912 -0.605296
-1.292165 -1.415692
-0.748520 -0.911211
-1.332503 -1.231111
-1.123645 -1.044328
-0.866096 -1.139897
-0.807954 -1.171173
-1.060294 -1.359249
-0.913164 -0.678540
-0.924769 -1.048019
-1.137015 -1.529913
-1.184963 -1.799975
-1.132304 -1.525863
-1.082351 -1.612673
-1.286015 -2.007815
-0.949031 -1.018435
-0.742967 -0.909976
-1.156554 -1.750847
-0.806027 -1.189185
-0.888142 -1.171592
-0.973915 -1.122410
-1.110948 -2.059055
-1.294858 -1.648192
-1.178752 -1.649890
-1.341595 -1.344470
-1.062866 -1.054641
-1.024603 -0.621892
-1.121755 -1.197323
-0.774366 -0.878331
-1.150986 -1.518815
-1.255927 -1.130781
-1.090164 -1.279653
-0.870964 -0.785102
-1.089704 -1.057239
-1.340478 -1.168528
-1.194100 -1.486274
-1.158097 -1.474190
-0.990534 -1.925929
-1.154141 -1.316514
-0.915697 -0.609095
-1.294652 -1.251698
-1.066218 -0.727599
-0.896093 -1.553848
-1.215528 -1.767615
-1.055916 -0.645867
-1.269558 -1.703370
-1.203704 -1.720484
-1.324490 -1.991850
-1.272045 -1.154226
-0.766313 -1.096992
-1.223339 -1.821382
-1.257200 -1.723872
-1.106969 -0.719955
-1.302533 -1.684482
-1.258581 -1.058227
-1.218493 -1.488828
-1.181157 -1.003036
-1.097869 -0.875839
-0.878050 -1.494796
-0.835984 -0.931519
-0.901414 -1.143341
-0.810584 -1.312358
-1.056306 -0.629406
-1.352113 -1.665174
-1.020216 -1.383735
-0.985955 -1.292037
-0.875048 -0.858420
-1.099885 -1.937236
-1.198099 -1.095229
-1.062983 -1.375768
-0.982588 -1.331370
-0.991824 -1.199187
-1.088197 -1.259995
-1.295691 -1.680404
-1.000245 -0.718984
-1.222608 -1.645582
-1.286059 -1.439908
-0.879736 -1.264078
-1.164588 -1.503721
-1.301363 -1.862786
-1.303601 -1.451183
-0.995413 -0.955221
-1.001075 -0.763871
-1.025228 -1.098969
-1.017372 -1.840079
-0.909117 -0.793435
-1.171658 -1.677563
-1.139614 -1.731438
-1.227455 -1.965695
-0.880709 -1.314565
-0.911810 -0.786979
-1.069394 -0.880748
-1.231822 -1.244668
-0.891011 -1.629116
-1.262291 -1.044044
-1.207879 -1.823521
-1.103354 -0.842140
-1.187688 -1.141976
-1.243084 -1.385683
-1.228777 -1.676245
-1.082021 -1.610584
-1.199909 -0.817944
-1.139842 -1.472784
-0.839126 -1.073299
-1.046309 -1.265611
-1.156491 -2.109594
-1.279073 -0.942132
-1.056495 -1.984661
-1.141513 -1.786133
-1.353619 -1.639715
-1.247669 -1.227242
-1.223676 -1.578127
-1.067648 -1.272490
-1.301811 -1.324169
-0.933798 -1.222930
-1.090707 -2.008614
-0.880717 -0.998911
-1.088040 -0.692712
-1.116504 -1.426268
-0.869320 -1.178278
-1.224532 -1.993334
-1.308099 -1.534716
-1.112751 -1.956326
-1.273158 -1.111701
-0.778590 -0.802763
-1.088930 -1.035999
-1.065296 -0.871436
-0.975621 -0.953002
-0.867766 -0.955023
-0.983004 -0.835743
-1.215662 -1.610425
-1.300267 -1.993837
-1.158835 -2.034867
-1.038427 -1.570232
-0.960026 -1.262607
-1.169517 -2.033816
-1.196399 -1.815837
-1.063666 -1.406938
-0.979243 -0.631786
-1.189764 -1.818359
-0.806765 -1.039945
-1.086022 -0.638827
-1.133294 -1.673785
-0.920718 -0.855232
-1.307464 -1.166198
-1.274632 -0.964349
-1.182892 -1.090456
-1.226930 -1.956485
-1.192512 -0.821692
-1.230974 -1.737609
-1.060232 -0.632464
-1.099745 -1.514438
-1.325582 -1.886789
-1.186548 -0.971891
-0.846312 -1.432796
-0.879484 -0.738600
-1.153106 -0.771967
-1.251905 -1.365711
-0.960211 -0.903250
-1.135246 -1.112331
-1.301279 -1.124143
-0.951139 -1.561993
-1.041471 -1.354227
-0.933067 -1.055350
-0.780332 -0.864504
-1.006175 -1.194362
-0.887930 -1.250095
-0.956909 -1.489289
-1.065640 -1.241754
-0.816297 -0.845795
-1.274442 -1.761674
-0.895916 -1.678983
-1.089803 -0.858536
-1.208430 -1.332833
-1.214320 -2.000891
-1.080643 -1.855092
-1.162581 -1.458187
-1.044982 -1.949458
-0.747024 -0.978935
-0.751774 -0.887404
-1.315170 -1.995546
-0.930714 -1.141274
-1.176632 -1.503508
-1.364095 -1.612795
-1.281836 -1.028073
-0.989394 -1.226238
-0.985119 -1.417153
-1.099592 -1.028219
-0.930094 -0.840812
-1.133469 -1.454319
-1.091579 -1.372746
-1.248615 -1.423520
-1.172845 -1.205074
-1.043562 -0.807650
-0.764222 -0.812255
-1.340308 -1.760531
-0.879863 -1.327063
-0.878359 -1.613654
-1.003752 -1.007905
-1.287217 -1.398180
-0.816994 -1.069052
-1.000680 -0.658306
-1.113589 -1.846547
-1.156484 -1.221294
-1.079484 -1.312696
-1.071779 -0.801750
-1.041377 -1.668261
-1.276659 -1.083317
-0.971074 -1.717330
-0.894010 -1.333011
-1.221817 -2.150931
-0.973908 -0.915144
-1.056536 -2.021237
-1.213731 -1.996355
-0.833194 -1.325464
-1.040272 -0.698946
-0.927634 -1.414431
-0.841827 -0.761727
-0.832808 -0.893429
-1.361438 -1.517594
-1.235546 -1.098141
-1.257446 -1.161001
-0.859828 -1.437468
-1.270066 -0.991680
-1.160641 -1.477511
-1.141969 -1.744350
-0.827441 -0.813168
-0.948257 -0.557073
-1.230068 -1.517769
-0.813531 -1.363672
-1.073496 -1.975387
-1.035808 -1.448635
-1.021051 -1.270425
-0.805661 -0.843603
-0.791945 -1.028379
-1.074518 -2.042242
-1.368823 -1.804727
-0.963128 -1.374573
-0.966455 -1.179260
-1.265864 -1.596669
-0.906484 -1.497945
-0.866588 -1.068742
-1.071911 -1.548499
-1.014693 -0.660023
-0.970342 -1.676752
-1.148451 -1.761032
-1.001147 -1.056426
-1.169706 -0.776259
-1.144240 -1.133148
-1.082641 -0.997666
-1.302478 -1.778088
-1.173317 -0.831460
-1.376611 -1.861696
-1.009529 -1.382044
-0.963631 -1.524499
-0.734776 -0.984534
-1.054828 -0.865501
-0.933334 -1.209829
-0.797495 -1.183657
-0.859749 -0.774754
-1.310197 -1.669885
-0.858224 -1.282062
-1.015702 -1.849108
-1.185209 -1.066466
-0.984314 -1.357128
-1.275530 -1.494753
-1.276734 -1.138479
-0.750227 -0.913420
-1.099012 -0.817908
-1.149973 -2.122454
-1.174339 -1.292011
-0.846479 -0.767215
-1.036129 -0.757362
-1.278422 -1.647161
-1.231409 -1.965635
-1.000304 -1.887379
-1.286979 -1.089911
-1.158975 -1.716603
-0.916450 -0.877877
-1.206006 -0.865335
-0.893922 -0.808112
-1.221292 -1.050109
-0.959009 -1.605998
-0.998661 -0.927688
-0.785309 -0.971598
-1.277393 -1.376208
-1.139186 -1.714392
-1.153304 -1.953270
-1.233969 -2.136039
-1.211965 -1.620453
-0.918504 -1.261585
-1.072806 -1.759746
-1.074649 -1.027379
-0.826695 -1.036890
-0.935512 -1.236328
-1.167835 -1.767935
-0.817915 -0.874282
-1.142961 -1.999228
-1.025730 -1.409478
-0.920190 -0.707381
-0.948644 -1.648879
-1.183861 -1.549101
-1.138556 -2.018971
-1.082871 -1.464570
-1.031242 -0.658902
-1.073294 -1.807747
-0.989500 -1.704454
-1.165142 -0.919111
-1.153597 -0.995586
-1.387450 -1.572282
-0.760716 -1.011708
-1.269835 -1.799875
-1.127762 -1.682744
-1.103489 -0.716456
-0.827230 -0.777036
-0.914480 -1.749139
-1.070046 -1.645873
-1.119452 -0.666770
-0.851536 -0.933220
-0.991562 -0.662727
-0.957963 -1.540294
-1.273473 -0.971636
-1.222618 -1.499768
-1.146607 -1.672335
-0.769439 -0.793496
-0.988238 -1.113049
-1.364592 -1.336759
-0.990491 -0.993329
-0.836908 -0.710791
-1.155873 -0.813765
-1.313626 -1.303343
-1.145888 -1.780840
-0.956777 -0.825328
-1.167024 -0.871730
-1.279012 -1.445599
-1.059407 -1.009909
-0.859791 -1.059984
-0.936269 -1.671710
-1.079375 -1.379673
-1.248938 -0.854974
-1.253120 -1.832420
-0.940886 -1.365281
-0.987382 -1.526782
-1.145755 -0.688187
-0.923277 -1.541220
-0.878540 -1.608221
-0.834206 -1.536923
-0.959903 -1.433009
-0.839890 -0.752948
-1.239217 -1.050370
-1.128891 -1.022288
-1.026455 -1.115733
-0.761238 -1.077095
-1.069826 -1.868376
-1.296759 -2.040782
-0.845352 -1.301157
-1.353329 -1.421837
-0.846134 -1.029846
-1.113923 -1.987754
-1.164035 -1.091365
-1.159742 -1.597072
-1.160487 -1.395221
-0.884936 -1.400017
-1.254046 -2.136847
-1.378560 -1.484104
-1.263634 -1.370713
-1.367566 -1.345235
-0.983868 -0.613339
-1.084519 -1.681810
-1.086924 -0.900416
-1.251804 -1.745468
-1.018804 -1.048940
-1.375652 -1.504931
-1.281453 -0.940768
-0.981237 -1.183908
-1.348037 -1.731614
-1.052531 -1.826259
-0.830747 -1.141885
-0.947383 -1.675763
-0.924954 -1.292616
-0.938405 -1.515902
-0.965239 -1.620157
-1.053074 -1.822460
-1.273634 -1.284008
-1.332350 -1.851043
-0.964868 -1.093526
-1.166590 -1.437260
-0.985900 -0.785399
-1.291172 -1.852314
-0.916678 -1.607550
-1.074690 -1.103342
-1.137370 -1.404866
-1.123688 -1.715011
-0.928828 -1.700670
-0.788862 -1.367219
-1.049522 -1.466815
-0.815871 -1.372710
-1.202790 -1.954304
-1.009800 -1.570444
-1.067627 -1.515758
-1.308195 -1.520190
-1.253689 -1.143957
-0.772139 -0.987736
-1.320762 -1.175388
-0.958764 -0.650416
-1.140863 -1.713451
-1.125916 -2.099945
-1.299121 -1.713244
-0.856233 -1.191503
-1.179793 -1.437608
-1.018862 -1.304556
-0.743012 -1.071837
-0.887453 -0.726460
-1.017968 -1.172264
-1.105736 -1.056432
-1.068488 -1.482576
-1.077372 -1.340609
-1.313951 -1.614810
-0.762915 -1.265427
-1.233805 -0.885594
-0.948913 -1.208102
-1.292158 -2.028535
-0.962023 -0.906558
-1.306701 -2.085524
-0.886988 -1.337092
-1.292011 -1.673202
-1.137916 -1.093037
-1.203520 -2.147565
-1.049754 -1.986282
-1.221853 -1.290394
-0.965864 -0.605116
-1.218798 -1.772931
-1.149683 -1.648216
-1.225788 -1.736445
-1.076771 -1.140054
-1.248739 -1.262420
-1.015804 -1.899354
-1.089319 -1.969434
-0.784340 -1.257590
-0.940719 -0.785864
-0.860239 -0.885275
-0.879160 -0.728381
-1.050374 -0.717287
-0.824149 -0.810227
-1.326471 -1.537266
-1.226930 -0.806778
-0.963463 -1.163466
-0.749974 -1.031492
-1.010631 -0.659918
-1.273693 -1.380588
-1.040965 -1.317476
-1.175601 -0.985042
-1.317264 -1.971074
-0.894424 -1.119317
-1.066880 -0.954904
-1.069283 -1.570719
-0.994425 -1.620025
-1.074235 -1.103229
-0.985492 -1.509203
-0.799666 -1.141775
-0.869294 -1.044790
-0.827540 -0.821285
-1.259965 -1.903808
-0.905484 -1.665051
-0.885531 -1.439353
-0.793765 -1.194114
-0.938165 -1.372607
-0.926299 -1.757302
-1.039738 -1.697912
-1.144441 -1.401002
-1.247681 -1.828738
-1.179887 -1.130463
-1.157809 -1.242199
-0.917910 -1.265442
-1.096052 -1.670261
-0.932608 -1.767810
-0.886377 -1.031073
-1.095050 -1.012492
-0.845574 -1.369905
-0.812107 -1.188643
-1.138196 -1.849728
-1.125799 -1.432857
-1.146657 -1.452432
-1.300112 -1.826494
-1.259193 -1.440946
-1.221755 -1.080049
-1.182068 -0.853071
-1.077151 -0.885816
-1.293146 -2.110202
-1.346659 -1.612564
-1.248972 -1.441918
-1.129097 -2.050006
-0.926507 -0.666121
-0.894584 -1.370460
-1.184633 -1.263879
-0.831461 -1.207957
-1.039671 -1.635904
-0.931832 -1.497658
-0.810035 -0.898169
-0.991437 -1.633870
-1.082056 -1.385274
-1.144273 -2.111137
-0.882388 -1.135148
-0.931718 -1.445422
-1.201485 -1.402164
-0.888560 -0.712864
-1.351843 -1.814104
-0.783547 -0.808695
-1.085427 -1.767627
-0.915364 -0.798710
-1.049735 -1.202175
-1.250106 -1.145589
-0.923675 -1.720701
-1.239833 -1.603388
-1.096078 -1.689937
-1.208614 -2.115623
-1.079310 -1.358711
-0.840936 -1.300478
-1.228406 -0.957054
-1.252000 -1.192074
-0.800892 -0.873940
-1.265921 -1.435392
-1.351817 -1.918596
-1.056542 -1.632176
-1.181925 -0.830150
-1.185629 -0.924855
-0.938135 -1.596841
-1.013383 -1.039359
-1.349775 -1.371161
-1.188045 -0.771775
-0.944119 -1.002085
-1.031271 -0.568618
-1.005601 -1.590572
-0.942416 -1.053027
-0.818317 -1.342316
-1.372742 -1.712755
-1.025613 -1.588038
-1.107010 -1.256447
-1.250266 -1.125826
-1.319006 -1.482160
-1.139550 -0.750182
-1.268374 -1.494500
-0.832911 -1.529738
-1.096006 -1.792318
-1.127710 -1.074232
-0.992681 -0.962740
-1.257240 -1.939288
-1.153021 -1.340544
-0.949822 -1.102237
-1.374692 -1.742402
-1.162771 -0.998998
-1.117757 -1.291342
-0.862838 -1.421149
-0.779173 -1.134231
-1.191073 -1.575997
-0.916367 -0.883143
-0.975241 -1.373981
-0.792051 -1.395249
-1.331534 -1.148912
-1.078860 -1.321396
-0.888198 -1.104830
-0.989552 -1.435732
-1.186579 -0.981976
-1.249723 -1.223545
-1.019436 -1.560625
-1.028284 -1.969626
-1.045562 -1.861958
-1.154377 -1.526165
-1.086192 -1.160737
-1.080143 -1.734099
-1.135150 -1.229720
-1.078828 -1.927894
-0.991794 -1.841492
-1.111390 -0.765954
-1.137023 -1.575261
-0.919662 -1.714778
-0.948141 -0.649518
-0.765413 -1.056610
-1.343215 -1.562723
-0.857977 -1.069944
-0.837762 -1.037769
-1.140944 -1.688724
-0.903087 -1.597409
-1.163511 -1.467975
-1.249088 -1.559527
-1.252069 -0.910254
-0.977239 -1.255253
-1.200652 -2.010948
-1.142843 -1.626416
-0.882233 -1.076189
-1.170931 -1.351869
-0.812924 -0.676762
-1.206613 -0.914228
-1.200921 -1.034470
-1.207978 -0.959523
-0.865894 -0.794710
-0.936825 -0.601798
-0.777173 -1.284871
-0.907725 -1.488143
-1.059670 -0.710699
-1.036129 -0.801663
-0.942491 -1.400450
-0.902967 -1.704040
-0.964027 -1.819991
-1.095115 -1.284121
-1.367134 -1.634972
-1.171597 -1.389232
-0.834563 -0.843878
-1.194377 -1.639098
-1.064256 -1.994016
-1.183470 -1.105004
-1.047387 -1.366717
-0.953198 -1.674907
-1.291473 -0.970738
-0.925323 -0.954023
-1.057468 -0.966070
-1.147861 -2.047342
-1.248103 -0.860549
-1.346679 -1.722220
-1.373976 -1.740700
-1.279355 -1.980241
-0.994159 -1.088378
-1.352561 -1.411856
-1.087646 -0.941959
-1.165054 -1.174501
-1.190640 -1.672697
-0.915555 -0.849613
-0.939377 -1.328525
-1.240805 -1.940860
-1.098931 -0.863150
-1.064360 -1.618578
-0.767586 -1.084893
-0.854696 -0.941321
-1.248612 -1.387514
-1.291590 -2.063010
-1.252991 -1.860484
-1.007764 -1.822389
-0.818654 -1.107503
-1.037070 -1.646827
-1.296953 -1.843608
-0.835189 -1.362322
-0.757173 -0.817383
-1.198459 -1.240285
-1.071583 -0.778625
-0.847544 -1.231158
-1.194251 -1.864652
-0.871150 -1.599875
-0.997277 -1.754222
-1.164226 -0.997663
-0.875215 -0.636154
-1.015206 -1.388580
-0.849241 -0.795310
-1.161947 -1.312910
-0.739334 -0.959380
-1.102482 -0.884522
-1.322545 -1.887307
-1.096611 -1.381206
-0.983173 -1.418174
-1.231168 -0.918472
-1.220268 -1.044090
-1.071305 -0.807004
-1.290519 -0.987746
-0.851937 -1.377251
-0.862019 -0.991055
-0.816988 -0.926693
-1.311257 -1.976175
-1.191669 -1.634729
-1.174303 -1.124422
-1.158798 -1.791225
-1.109913 -1.130264
-0.986228 -1.134374
-0.877564 -1.605427
-1.044508 -1.059739
-1.293262 -1.937975
-1.344718 -1.885855
-0.859716 -0.720443
-1.064090 -1.396438
-1.168819 -1.863113
-1.380224 -1.498631
-0.858488 -1.215387
-1.045101 -0.744824
-1.173992 -0.830192
-0.804418 -1.397243
-1.147106 -1.237703
-0.923088 -1.312572
-1.245371 -2.024051
-0.841122 -1.231883
-1.200311 -1.912823
-1.104091 -1.583721
-0.967797 -1.586639
-1.200453 -1.482722
-1.087309 -1.754184
-0.744686 -1.036330
-1.055018 -1.685561
-1.376369 -1.794003
-0.998551 -1.688455
-1.169800 -1.587029
-0.804035 -0.761384
-1.197144 -1.398195
-1.282296 -1.973688
-1.300150 -1.684697
-1.138443 -1.852814
-1.076804 -1.539230
-1.159524 -1.378575
-1.009515 -1.764349
-1.070192 -1.351122
-0.909164 -1.384659
-1.239601 -1.166204
-1.313980 -1.925122
-0.771362 -1.205951
-1.040335 -0.738702
-0.863535 -1.364946
-0.833762 -1.378732
-0.936818 -0.971639
-1.171621 -1.497364
-1.382230 -1.657928
-1.053413 -1.768473
-0.913696 -1.594066
-1.074365 -0.763649
-1.134624 -0.947383
-1.162829 -1.765408
-1.128751 -2.038265
-1.091759 -1.135877
-1.088986 -0.716346
-0.763253 -1.010517
-0.983629 -0.920069
-1.037258 -1.828351
-0.813246 -0.884612
-0.981435 -1.764740
-1.221996 -1.539846
-1.286918 -1.605913
-1.230385 -1.733371
-0.904130 -1.186822
-0.856370 -1.562249
-0.869565 -1.018373
-0.783972 -0.873758
-1.305808 -1.066859
-1.012480 -1.119572
-1.070619 -1.881205
-1.035462 -1.860872
-0.995809 -0.850767
-1.207174 -1.889080
-1.046669 -1.185264
-0.806215 -1.110156
-1.064981 -0.962658
-1.140694 -0.793582
-0.918062 -1.772058
-1.067478 -1.594781
-1.277719 -0.948241
-1.270608 -0.952935
-1.076759 -0.815500
-0.997691 -0.822800
-1.263715 -1.778147
-0.876854 -1.478515
-0.759595 -1.010627
-1.005896 -0.906661
-1.060466 -1.610682
-1.265061 -1.825438
-1.184741 -1.257182
-1.304135 -1.869846
-1.211405 -1.976333
-1.049834 -1.359279
-1.334848 -1.477897
-0.916795 -1.543254
-1.069993 -1.659820
-1.262258 -1.144821
-0.927329 -1.045321
-1.251978 -1.198678
-0.998984 -0.599625
-1.335149 -1.178203
-1.266391 -0.919220
-1.071878 -2.051018
-0.793701 -1.387893
-1.055023 -1.072928
-0.764109 -1.052755
-1.004081 -1.799952
-1.202938 -0.758391
-1.351895 -1.924529
-1.256708 -1.093110
-0.866320 -0.600855
-0.943400 -0.745501
-1.036944 -0.816276
-1.358127 -1.698559
-0.836661 -1.513445
-1.266782 -1.456573
-0.873880 -1.044888
-0.970751 -1.078496
-1.314602 -1.841976
-1.249846 -2.016308
-0.909365 -0.823344
-0.773836 -1.077221
-1.214483 -2.049934
-0.937132 -1.080084
-1.280623 -1.165237
-1.087873 -0.873734
-1.062039 -0.869130
-1.312034 -1.687128
-1.241785 -2.062223
-1.189710 -1.870868
-1.193195 -1.371151
-1.261326 -1.272593
-1.131989 -2.110507
-1.109768 -0.933360
-1.109823 -0.840518
-1.212724 -1.205914
-1.258240 -1.117951
-1.037031 -1.241880
-1.159112 -1.699159
-1.185431 -1.258700
-1.184438 -1.246742
-1.019273 -1.398594
-1.214889 -0.912239
-1.062970 -1.376352
-0.965043 -0.768585
-1.209226 -2.118992
-0.948031 -1.212937
-1.208578 -1.755333
-0.935110 -1.189152
-1.208368 -1.930074
-1.176544 -2.012238
-1.324495 -1.458514
-0.737379 -0.966239
-0.807627 -0.916406
-1.287704 -1.838536
-1.287785 -1.693132
-1.350473 -1.859238
-1.117397 -1.224186
-1.099470 -1.653150
-0.949849 -1.695827
-1.355226 -1.836634
-1.053820 -0.941078
-0.894402 -1.587387
-1.198261 -1.876389
-0.945937 -1.143951
-1.141616 -1.841396
-1.265456 -2.097232
-1.338514 -1.555508
-1.206256 -1.966273
-1.034482 -1.146738
-0.791581 -0.996450
-0.785461 -1.331922
-1.069860 -1.519298
-1.017153 -0.603616
-1.059641 -1.277118
-1.003713 -1.831900
-0.953577 -1.781787
-1.175163 -0.758432
-1.273012 -1.311311
-1.378020 -1.685698
-1.246169 -2.143681
-1.236194 -0.886751
-0.994010 -1.675417
-1.287919 -1.175282
-1.387280 -1.631878
-0.875106 -1.077894
-0.998668 -1.244123
-1.049801 -0.578846
-1.277035 -1.980513
-0.829246 -1.379404
-1.273544 -1.583553
-1.107633 -1.799938
-1.225733 -1.711511
-1.253653 -1.420743
-1.032537 -0.661995
-0.878901 -1.603614
-0.906292 -1.558337
-0.880007 -1.473727
-1.054483 -1.540710
-1.135060 -0.882535
-1.351438 -1.267426
-1.270838 -1.310836
-1.381832 -1.768276
-0.807499 -0.656931
-0.847168 -0.615451
-0.773528 -1.194660
-1.216173 -2.121527
-0.997512 -0.830619
-1.281047 -1.493970
-1.269370 -1.185701
-0.988091 -1.626272
-1.015568 -1.476346
-1.079948 -1.712460
-1.238367 -0.835793
-0.882603 -1.277605
-1.198769 -1.242504
-1.200277 -1.121361
-0.770042 -0.799157
-1.314451 -2.035737
-0.893852 -1.578840
-0.980249 -0.834298
-0.756944 -0.908275
-1.317042 -1.751117
-0.851852 -0.887532
-1.240318 -1.834483
-1.136249 -1.631540
-0.925623 -1.613125
-1.158793 -2.087972
-1.003291 -1.657763
-0.951095 -0.992295
-1.371133 -1.879812
-1.076384 -1.609148
-0.890290 -0.819061
-1.132145 -1.950675
-1.284526 -2.021806
-1.228500 -1.645000
-1.051880 -1.334753
-0.873109 -1.019471
-0.876317 -0.652372
-0.873391 -0.831706
-1.067222 -1.646756
-1.270205 -1.805231
-1.088469 -1.800714
-0.754733 -0.802082
-0.783191 -1.241571
-1.110376 -1.626277
-0.913975 -0.647771
-1.337742 -2.019346
-1.068236 -1.132108
-1.249497 -1.699432
-0.955876 -1.569568
-1.063792 -1.654810
-0.844372 -0.638215
-1.346178 -1.606010
-1.261728 -1.001365
-0.808427 -0.791051
-0.974455 -0.876250
-1.080561 -1.016001
-0.853858 -1.013684
-1.354929 -1.813050
-0.902207 -1.638049
-1.110377 -1.354911
-0.954581 -1.828609
-0.882128 -0.787033
-1.152231 -1.450324
-1.125211 -1.118463
-1.009157 -0.800892
-0.893211 -0.959624
-1.056276 -1.382602
-0.989371 -1.788234
-1.002684 -1.699995
-0.862625 -1.256723
-0.940573 -1.420591
-0.907731 -1.472899
-1.296460 -1.171222
-1.124810 -1.614619
-1.187305 -1.351411
-1.020622 -1.002067
-0.923613 -1.252758
-0.813083 -0.957853
-1.034486 -1.056031
-1.279705 -1.663283
-1.294473 -1.173315
-0.971033 -1.023243
-1.239462 -1.816871
-0.878567 -0.837305
-1.036566 -0.928402
-0.892272 -0.744599
-1.190510 -1.783539
-0.932462 -1.608505
-1.224215 -1.914917
-0.805246 -0.988316
-1.307000 -1.776687
-1.246894 -1.986496
-1.026568 -1.983042
-0.853351 -1.509867
-0.869089 -0.846301
-1.016074 -0.983476
-1.005513 -0.629922
-0.815373 -1.222637
-1.149634 -1.458120
-1.008531 -1.467234
-1.249303 -1.329836
-0.898509 -0.700163
-1.359586 -1.344016
-0.994580 -1.934445
-1.013952 -0.757554
-1.014275 -1.822159
-0.936821 -0.827526
-0.858318 -0.825112
-0.997612 -1.872167
-0.992608 -1.068637
-1.195738 -2.062394
-1.035115 -1.965198
-1.339081 -1.639264
-1.215762 -1.590941
-1.075219 -1.484244
-1.058971 -0.830027
-0.976895 -0.680062
-1.216969 -0.879791
-1.167980 -1.028118
-1.252750 -1.209505
-1.241313 -2.084183
-1.086410 -0.914883
-1.327640 -1.426513
-1.046365 -1.611713
-1.246432 -1.962855
-1.005792 -1.285132
-0.815103 -0.964967
-0.788185 -0.883709
-1.047344 -0.885576
-0.828251 -1.162100
-0.961443 -0.796285
-0.747714 -1.109562
-1.160190 -1.765873
-0.818445 -1.399933
-0.852533 -1.059717
-1.206010 -1.866347
-1.051847 -1.320869
-1.166572 -1.959019
-0.761063 -0.857109
-0.972631 -1.578861
-1.147441 -0.861751
-1.079593 -1.250859
-0.874032 -1.668042
-1.172766 -0.776214
-1.151008 -1.257310
-1.164599 -0.919117
-0.935812 -0.745692
-0.977442 -1.018606
-1.187347 -1.807950
-1.359658 -1.320209
-0.928047 -1.709484
-0.817389 -0.905351
-1.213871 -1.867356
-1.166689 -1.326594
-1.142441 -1.137459
-1.101952 -1.479005
-1.045066 -1.125061
-1.079910 -1.900569
-1.277673 -1.088132
-1.083238 -1.516110
-0.780859 -0.961856
-1.376072 -1.689879
-1.187997 -1.953562
-1.164687 -1.751584
-1.096536 -1.062809
-1.060214 -1.209057
-1.292203 -1.678801
-0.805279 -0.998645
-1.364213 -1.620187
-1.298764 -1.591718
-0.915598 -1.065219
-0.844703 -0.604235
-1.061332 -1.833800
-1.359342 -1.548804
-0.759185 -1.205380
-0.741562 -0.963485
-1.000293 -1.678334
-0.830913 -1.033275
-0.767802 -1.236371
-0.784447 -1.294986
-1.173046 -1.300031
-1.232914 -0.871905
-1.271146 -1.415359
-0.942436 -1.751253
-1.189983 -1.164195
-1.215260 -1.801038
-1.046955 -1.940322
-0.798061 -1.179143
-0.764994 -0.896731
-0.893159 -1.121291
-0.902041 -1.206089
-1.040067 -1.889801
-0.898990 -1.107409
-0.909540 -0.698604
-1.068929 -1.707730
-1.285047 -1.233406
-1.160475 -2.051596
-1.356367 -1.844042
-0.983204 -0.827941
-0.806250 -0.878680
-1.286615 -1.393008
-0.756893 -1.018707
-1.022138 -1.521547
-1.203750 -1.323844
-1.047764 -1.131806
-1.372123 -1.449896
-1.011529 -1.567823
-1.147594 -1.409189
-1.156776 -1.143011
-1.230193 -1.743927
-1.253098 -2.129843
-0.836693 -0.676021
-1.185567 -1.973842
-0.998734 -1.416927
-1.135534 -2.112860
-1.046242 -1.133024
-0.999913 -1.434167
-0.815175 -0.942154
-1.024555 -1.284899
-0.932017 -0.978112
-1.279660 -1.142876
-1.233859 -2.149195
-1.155662 -1.720917
-1.248815 -1.723683
-1.070061 -1.582307
-1.013003 -0.906991
-1.083930 -1.695244
-1.159845 -1.671065
-1.354663 -1.301556
-0.955555 -1.259850
-1.136570 -1.216944
-1.237754 -1.951196
-0.816997 -1.242936
-0.939101 -1.308996
-1.263477 -1.989491
-1.102341 -0.708769
-1.309724 -1.268739
-0.851559 -0.703826
-1.001730 -1.077302
-1.232189 -1.074579
-1.278156 -1.514962
-0.802043 -1.171039
-1.024716 -0.668523
-0.849719 -1.118721
-1.196022 -1.601151
-1.330593 -1.631672
-0.844099 -0.662189
-1.163820 -1.953438
-1.058119 -1.040022
-0.821335 -0.636055
-0.831851 -1.531030
-0.845804 -1.148678
-1.201862 -2.103816
-1.249739 -1.541147
-0.990121 -1.604697
-1.086587 -0.623482
-0.872595 -0.602035
-0.776117 -1.295336
-0.933476 -0.795606
-0.877202 -1.136019
-1.365209 -1.571579
-1.249596 -1.035201
-0.978187 -1.373862
-1.039472 -1.515366
-1.086145 -1.352401
-0.913425 -1.418357
-1.078329 -1.280488
-1.104362 -1.242697
-1.028156 -0.619824
-1.254530 -1.445569
-0.786665 -1.103802
-0.914455 -1.383240
-1.303801 -1.778364
-1.128942 -1.653073
-0.873625 -1.123694
-0.952063 -1.066803
-1.024334 -0.772067
-0.893071 -0.969142
-1.130174 -1.222901
-0.906677 -1.493484
-1.045989 -1.465158
-1.054159 -0.812108
-0.967863 -1.625763
-1.019410 -0.707219
-1.023778 -1.406750
-0.866671 -1.362712
-0.936574 -1.434518
-1.309036 -1.163270
-1.071571 -0.621464
-0.866261 -1.338617
-0.901604 -1.528964
-1.110119 -1.739158
-0.992295 -1.780774
-1.228153 -1.033494
-0.830169 -0.995996
-1.142749 -1.395021
-1.388100 -1.616881
-1.191908 -1.087949
-1.068677 -1.654039
-1.197233 -0.950344
-1.224390 -1.619767
-1.288924 -1.815566
-1.260244 -1.008617
-0.996998 -1.565302
-0.779168 -0.739106
-1.239701 -1.183744
-1.260759 -1.248191
-1.170032 -1.454352
-1.208913 -0.864815
-1.305052 -1.854042
-1.059162 -1.960691
-1.072575 -1.893627
-0.947791 -1.798472
-1.235630 -1.704095
-0.948793 -0.610236
-0.996835 -0.958249
-1.255180 -2.014240
-0.986988 -0.827763
-1.296179 -1.960174
-1.045243 -0.757573
-1.194736 -1.896762
-1.119392 -1.780913
-1.081854 -1.111868
-0.976091 -1.440843
-0.881403 -0.703427
-1.183643 -2.096977
-1.081074 -1.882294
-1.083284 -1.910892
-1.162053 -1.022275
-0.950106 -1.098564
-1.240850 -1.052567
-1.263017 -0.939636
-1.141527 -0.713024
-0.920820 -1.405838
-1.146537 -1.551552
-1.039042 -0.968477
-1.025261 -1.291335
-0.963458 -1.310035
-1.133522 -0.801707
-1.170489 -1.866522
-0.984769 -1.229155
-0.826401 -1.014608
-0.946151 -0.595364
-1.089975 -2.066665
-0.919455 -1.120804
-0.935773 -1.807270
-1.313952 -1.521740
-0.889691 -0.919342
-0.973930 -0.783552
-1.041223 -1.752860
-1.251652 -1.444070
-1.217197 -1.702677
-1.158332 -1.862414
-0.880577 -1.431941
-0.845519 -0.942054
-1.287256 -2.021695
-1.196545 -1.287275
-1.270484 -1.062412
-1.134601 -1.490537
-0.898548 -1.314228
-1.089429 -1.899727
-1.214634 -0.804130
-1.110416 -1.964687
-0.919759 -1.141273
-1.237236 -1.196582
-1.132717 -0.705562
-1.187124 -0.966649
-1.238825 -1.889977
-1.176526 -0.803085
-1.192554 -1.208183
-0.850790 -1.521161
-1.124997 -1.382948
-1.023992 -1.377948
-0.896234 -0.662844
-1.036769 -1.830811
-1.159738 -1.733528
-1.326553 -2.027050
-0.972884 -0.730759
-0.878960 -0.734262
-1.222499 -0.953180
-1.163154 -1.859854
-1.091446 -0.621457
-1.199434 -2.054350
-0.936588 -1.445555
-0.744598 -0.961446
-1.220137 -2.141960
-1.143837 -1.361924
-0.789191 -1.395628
-1.101593 -0.689084
-0.853811 -0.921553
-0.975785 -0.667843
-1.293394 -1.298468
-1.197237 -1.493494
-0.999490 -1.687611
-0.868978 -0.793836
-1.253134 -1.966640
-1.341596 -1.754161
-1.254472 -0.918473
-0.923979 -1.554662
-1.298900 -1.737701
-1.256543 -0.896357
-0.957189 -0.944641
-0.912125 -1.220780
-1.003161 -1.484386
-0.988742 -1.395920
-0.983805 -1.012594
-0.787291 -0.852171
-1.227844 -1.910596
-0.898061 -1.510131
-1.181563 -0.899468
-1.340744 -1.285795
-0.847216 -1.154661
-0.993132 -1.899981
-1.173008 -1.318927
-1.093919 -0.610472
-1.228031 -1.892883
-1.109531 -1.754548
-1.136532 -1.715153
-1.134312 -0.891343
-0.744199 -0.897404
-1.052503 -0.605645
-1.020443 -0.622818
-0.865589 -1.577486
-1.302486 -1.517715
-1.152436 -1.151028
-0.999276 -1.164680
-1.127701 -0.944865
-0.888127 -1.046994
-1.225686 -0.942312
-0.826030 -1.092739
-1.306556 -1.937225
-0.992980 -1.674062
-1.083322 -1.297004
-1.118093 -1.149304
-1.316846 -1.243326
-1.382689 -1.450480
-1.214550 -1.151093
-0.933872 -0.818234
-1.040764 -1.409480
-1.269381 -1.189945
-0.907371 -1.515966
-1.040820 -1.634304
-0.898064 -0.789197
-1.369917 -1.854748
-1.340517 -1.314855
-1.025513 -1.981378
-0.794813 -0.714050
-1.101482 -0.766862
-1.270438 -1.203669
-0.892556 -1.470768
-0.760034 -1.204849
-1.201869 -0.930703
-0.929518 -1.177667
-0.936300 -1.780745
-1.306665 -1.651812
-1.268258 -1.233771
-1.131756 -0.837818
-1.040672 -0.727591
-1.345887 -1.864315
-1.201571 -2.037202
-1.210766 -1.292801
-0.891680 -0.782285
-1.078344 -1.959009
-1.075860 -1.173305
-1.219291 -1.260438
-1.248190 -1.362535
-0.824227 -1.230836
-1.211629 -0.817221
-1.149491 -0.949846
-1.290143 -1.676101
-0.959291 -0.687615
-1.189417 -1.919800
-0.994512 -1.000239
-1.030505 -1.037340
-1.056876 -1.996950
-0.881910 -0.673498
-0.934082 -1.158137
-0.888665 -1.167632
-1.269409 -1.194845
-1.310125 -1.963136
-1.096411 -1.409800
-1.077462 -1.220662
-1.203866 -1.183401
-1.233894 -2.128484
-1.085266 -1.586154
-1.299199 -1.095354
-0.884602 -1.654376
-1.203135 -0.801483
-0.847193 -1.144230
-1.122896 -1.824209
-1.072331 -1.980941
-1.206215 -1.297330
-1.163560 -1.708903
-0.904249 -1.128371
-1.199358 -1.513136
-1.238130 -1.336075
-1.367557 -1.891730
-0.920655 -1.689613
-1.060533 -1.154748
-1.087257 -1.500610
-1.271155 -1.429849
-1.005295 -1.698043
-1.352462 -1.660200
-1.222601 -1.668518
-1.145246 -1.249532
-0.794823 -0.862866
-1.230419 -1.978680
-1.026957 -1.556243
-1.143384 -1.100292
-1.041713 -1.202635
-1.149618 -1.624359
-1.222926 -1.232375
-0.907550 -0.831711
-1.271537 -1.392631
-0.951629 -1.690076
-1.121835 -1.057244
-1.074374 -0.712068
-1.331621 -1.743045
-0.930213 -1.100782
-1.182436 -1.011366
-1.180495 -1.213483
-1.026212 -1.066150
-1.111892 -1.101792
-1.133267 -1.419209
-1.111416 -2.091826
-1.158983 -1.573270
-1.207118 -1.616585
-0.993348 -0.713690
-1.188993 -2.135133
-1.087777 -0.856254
-0.848084 -1.570103
-1.091839 -1.575000
-1.190572 -1.795936
-1.175292 -0.969873
-1.273357 -2.125764
-1.225926 -1.545807
-0.866932 -0.716336
-0.896766 -1.365476
-0.830544 -0.864453
-1.163665 -1.864802
-0.962675 -1.170371
-1.156781 -2.065697
-0.862139 -0.966629
-1.166976 -0.737622
-1.079609 -1.269315
-0.822599 -1.102904
-0.960285 -1.189862
-1.179840 -1.511227
-1.049509 -1.489922
-1.014253 -1.273683
-0.924112 -0.730355
-0.911340 -1.220609
-1.024709 -0.815916
-1.093087 -1.594433
-1.232267 -1.524450
-0.794811 -0.758328
-1.069657 -1.641596
-0.880047 -1.646646
-1.252789 -1.547485
-1.078643 -0.670882
-1.060306 -0.837843
-1.109380 -1.196198
-0.993782 -0.554682
-1.039659 -1.477892
-0.995716 -0.866306
-1.042796 -1.941719
-0.780179 -1.067037
-1.016058 -1.530498
-1.237687 -0.923884
-0.962886 -1.751469
-1.002661 -1.065427
-1.255866 -1.848342
-1.157932 -1.772922
-1.074266 -0.875835
-0.826300 -0.636654
-0.938388 -0.551436
-1.201196 -1.786379
-0.804545 -0.938687
-0.855800 -0.595247
-0.790114 -1.060313
-1.036211 -1.507089
-0.898401 -0.837806
-1.319998 -1.373798
-0.818096 -1.439578
-0.931799 -0.967104
-0.907433 -0.637377
-0.918388 -0.807598
-1.375043 -1.855620
-1.293056 -1.924445
-1.072632 -1.734979
-0.811356 -1.044517
-0.882480 -1.204781
-1.048682 -1.005008
-1.178165 -2.011728
-1.198586 -1.182907
-0.902130 -1.681092
-1.093267 -2.010811
-0.802936 -0.661963
-0.958115 -0.669588
-1.174663 -1.182631
-1.153046 -1.020967
-1.079250 -1.627097
-1.071953 -1.702796
-0.961363 -0.759665
-0.898471 -1.163347
-1.244277 -1.808680
-0.941204 -1.083657
-1.071896 -2.018192
-0.737223 -1.062220
-0.814951 -1.478815
-1.260037 -1.907562
-0.938784 -1.283928
-0.801524 -1.417696
-0.917843 -1.152590
-1.108034 -1.439242
-1.079162 -1.663907
-1.257264 -1.125923
-1.079259 -1.094863
-1.120065 -0.841094
-0.996012 -1.876195
-0.917150 -1.407626
-1.372375 -1.857347
-1.013883 -0.565765
-0.883543 -1.288518
-0.856146 -1.521102
-1.025664 -0.735292
-0.883923 -0.612039
-0.802409 -0.758962
-1.059510 -0.951832
-1.093361 -1.710936
-1.251162 -1.235135
-1.037966 -0.832075
-1.146795 -1.746195
-1.024287 -1.822992
-1.189553 -0.870593
-1.116656 -1.303464
-0.900868 -0.866935
-1.228618 -1.305633
-1.360370 -1.422348
-1.272590 -1.524816
-1.169496 -1.894606
-0.761553 -0.779547
-1.197180 -1.818556
-0.961684 -1.598091
-0.927005 -1.611971
-0.943061 -0.617181
-0.959410 -1.383955
-1.328119 -1.368219
-1.316355 -1.138964
-0.987364 -0.763639
-0.787076 -0.706531
-1.003852 -1.722277
-0.788459 -1.169321
-0.855901 -1.574114
-0.844710 -1.478933
-1.232261 -1.496859
-1.118371 -1.837354
-1.304905 -1.518010
-1.038381 -1.772214
-0.866354 -1.259861
-1.267916 -1.132581
-1.242426 -1.202465
-0.798430 -1.271647
-1.081117 -1.071259
-1.220016 -1.331481
-1.166032 -0.980174
-1.052200 -1.741459
-0.924385 -1.696912
-0.914909 -0.907736
-1.244195 -1.933767
-1.249457 -1.984165
-0.999788 -1.476357
-0.864477 -1.166896
-1.270390 -1.592886
-1.254329 -1.628402
-1.086939 -1.532170
-1.142736 -1.578247
-1.109682 -0.963338
-1.010243 -0.762312
-1.351417 -1.777194
-1.043702 -1.720984
-1.272649 -2.038738
-0.981355 -1.032996
-1.235864 -0.828310
-1.020757 -1.552209
-1.234196 -1.238186
-1.093278 -1.450413
-1.140884 -1.489251
-1.163095 -1.693427
-0.856971 -0.903328
-1.015584 -1.375722
-1.044924 -0.777688
-0.872081 -1.024358
-1.087266 -0.679403
-0.926352 -0.854343
-1.302462 -1.619393
-1.126098 -1.322076
-1.264972 -1.688705
-1.004827 -0.884537
-1.035839 -1.140084
-1.306356 -1.725232
-0.986825 -1.205195
-1.321496 -1.530856
-0.809843 -1.337933
-1.259461 -1.147604
-0.800905 -1.113387
-1.135119 -1.970337
-1.165439 -1.037998
-0.958441 -1.263913
-1.006262 -0.701108
-1.299267 -1.973042
-1.152293 -1.596105
-1.164824 -1.949537
-1.031530 -1.762724
-0.842990 -1.493674
-1.240333 -2.041056
-0.794032 -0.708365
-1.101007 -1.752813
-1.127615 -1.046933
-1.013172 -1.609756
-1.200614 -1.457967
-0.805660 -1.260390
-1.031646 -1.031480
-0.903177 -1.209150
-1.095782 -1.824080
-0.936803 -0.617685
-1.081668 -0.758138
-1.300928 -1.457999
-0.985001 -0.754831
-1.197208 -1.587764
-1.006249 -1.837879
-0.872516 -1.405631
-1.190817 -1.744256
-1.176040 -0.896162
-0.819194 -1.047331
-0.968774 -1.062911
-0.991663 -1.329539
-1.056547 -1.940603
-0.985681 -1.042210
-1.179652 -0.972939
-0.935954 -1.268670
-1.043801 -0.699247
-1.208656 -0.963318
-1.034302 -1.497476
-1.060674 -1.114961
-1.187297 -1.727704
-0.847275 -1.178034
-1.115120 -1.687489
-0.972404 -1.067581
-0.919850 -1.162478
-1.301603 -1.096722
-1.017030 -1.651842
-1.080744 -1.186706
-0.868742 -0.936877
-1.199724 -0.775224
-0.868132 -0.595196
-1.121812 -1.500302
-0.788094 -0.738135
-1.141044 -1.207751
-0.902141 -0.731651
-0.980375 -0.999934
-1.086866 -0.927279
-1.362637 -1.372159
-1.109344 -1.172161
-1.098232 -0.707720
-1.017115 -0.616164
-1.129259 -1.680942
-1.149507 -1.714508
-1.219813 -1.830460
-1.229612 -1.913308
-1.145635 -0.998645
-1.337440 -1.276448
-1.194326 -0.943299
-1.190792 -1.885056
-0.987395 -0.582190
-1.069771 -1.286691
-1.258988 -0.958097
-0.900224 -0.972721
-1.156481 -1.438004
-0.972839 -1.348639
-1.099361 -1.413863
-1.228027 -1.982316
-1.052458 -1.871550
-1.021731 -1.441349
-0.933836 -1.156107
-1.071279 -0.675204
-1.196505 -1.726593
-0.928898 -0.686845
-1.076524 -1.946689
-1.247945 -1.666286
-1.181062 -1.103351
-0.930737 -0.874734
-1.373551 -1.882628
-1.082516 -0.859242
-1.250636 -1.936560
-1.361430 -1.338519
-0.870781 -1.348206
-0.755583 -0.792020
-1.044593 -1.181592
-0.741247 -1.057749
-0.987356 -1.000662
-1.122614 -1.472277
-1.373061 -1.559187
-0.984752 -1.755834
-1.113593 -2.012082
-0.896980 -0.766669
-1.044582 -1.791116
-0.897198 -0.881972
-0.962980 -0.891777
-0.977471 -1.226254
-0.837241 -0.830477
-0.832171 -1.456784
-1.023854 -0.872408
-1.287135 -1.516250
-1.076503 -0.772170
-0.955114 -1.289486
-1.235709 -1.887334
-1.129482 -1.723815
-0.954046 -1.818350
-1.065208 -2.024386
-0.852468 -1.240698
-1.161289 -1.655059
-1.223768 -1.455714
-0.863758 -1.246297
-1.278715 -1.981223
-0.928430 -1.262538
-1.196190 -0.852156
-1.297626 -1.335462
-1.249722 -0.879757
-1.012995 -0.943154
-0.951450 -1.359144
-0.904389 -1.502302
-1.117351 -1.545144
-1.179268 -1.399916
-1.274279 -2.033481
-1.240644 -1.056378
-1.126237 -2.041945
-0.890197 -0.744836
-0.804641 -1.009192
-0.875865 -1.527097
-0.802918 -0.809429
-1.235281 -1.695787
-1.083171 -1.479173
-0.928531 -0.697505
-0.869378 -1.038985
-0.981472 -1.716719
-0.804838 -0.855429
-0.991413 -1.278018
-1.058198 -1.569425
-1.080032 -0.811375
-0.909912 -1.369843
-1.273821 -1.870982
-1.088251 -1.821143
-1.048832 -2.018889
-1.243029 -1.367283
-1.111188 -1.508396
-0.979033 -1.296208
-1.224944 -1.189330
-0.929501 -1.631439
-1.087181 -1.909371
-1.320465 -1.588912
-0.849872 -1.525441
-1.085895 -1.597360
-1.035131 -1.908908
-1.213620 -1.649787
-1.043520 -0.598007
-1.315912 -1.656113
-0.831181 -0.774541
-0.883322 -1.089696
-1.156668 -1.450646
-0.938382 -1.261794
-0.811488 -0.805990
-1.059542 -1.215410
-0.980074 -1.773329
-0.779208 -1.179530
-0.864502 -0.702005
-1.346899 -1.900469
-0.977136 -0.846380
-0.782472 -1.175096
-1.193072 -1.245537
-0.955761 -1.179741
-1.259144 -2.003792
-1.186110 -1.822864
-0.929738 -1.011799
-0.947458 -0.848387
-1.099574 -2.001581
-1.315355 -1.964998
-1.127406 -0.772461
-1.189439 -2.067813
-0.815096 -1.214351
-1.171301 -1.299750
-1.073400 -1.430241
-1.052900 -1.554481
-1.148923 -2.043706
-0.809048 -0.860883
-1.254666 -1.537816
-0.836169 -1.535189
-0.953072 -0.634959
-0.939085 -1.189167
-0.887136 -1.404396
-1.215566 -1.401994
-1.115556 -1.982316
-1.093076 -1.745938
-1.156442 -0.809657
-0.890971 -1.047936
-1.173227 -1.672211
-0.750046 -0.899379
-0.926596 -1.637462
-0.864199 -1.279971
-1.017605 -1.755199
-1.195564 -0.970591
-0.870057 -1.300934
-1.225991 -1.329698
-1.228018 -1.891671
-0.990290 -0.683556
-1.259948 -1.911999
-1.061486 -1.303052
-0.946945 -1.264393
-0.972840 -0.949721
-0.974180 -0.885389
-1.015097 -1.867346
-0.987115 -0.628537
-1.107568 -0.999587
-1.163936 -1.458228
-1.016656 -1.053341
-1.147249 -1.765778
-1.065032 -0.983590
-1.062229 -1.790129
-1.061020 -1.316910
-1.084214 -1.924239
-1.205039 -1.576126
-1.047442 -0.871842
-1.182379 -1.813080
-1.086422 -1.689455
-1.241624 -2.102518
-1.117036 -1.734777
-0.930132 -1.059005
-1.042895 -1.755546
-1.069706 -1.647725
-1.190574 -0.996691
-0.998545 -1.898207
-1.299735 -1.928369
-1.057843 -1.064537
-1.021365 -1.405806
-1.177154 -1.125767
-1.279234 -1.010306
-1.086992 -0.974874
-1.316088 -1.226314
-1.209366 -1.930025
-1.378755 -1.540859
-0.934837 -1.006454
-1.177381 -1.139499
-0.953537 -1.700338
-0.924495 -1.746520
-1.182873 -0.924659
-1.162207 -1.718641
-1.297834 -1.659716
-0.981065 -0.561628
-1.058355 -0.714061
-1.385980 -1.618889
-1.057250 -1.284605
-1.259233 -1.813434
-1.136360 -0.707780
-1.102014 -0.946997
-0.823179 -0.788831
-0.845890 -1.569607
-1.333368 -1.608277
-1.040457 -0.651477
-1.215040 -0.954842
-1.137497 -2.019045
-0.898749 -0.879796
-0.967426 -0.623098
-0.927076 -1.343541
-1.003247 -1.083529
-0.998112 -1.231725
-1.068705 -1.034567
-1.103645 -1.524201
-1.280216 -2.058829
-1.374057 -1.857560
-1.205879 -1.053249
-0.830217 -0.742029
-1.122851 -2.017837
-1.288025 -1.459977
-0.837493 -1.467919
-1.032862 -0.678123
-0.787668 -0.822349
-0.915590 -0.943743
-1.055203 -1.809230
-1.123195 -1.405017
-1.330152 -1.925065
-0.997670 -1.694193
-1.169626 -1.351256
-0.818659 -1.210717
-1.213695 -1.653194
-1.017464 -0.852968
-1.292964 -1.172639
-0.753174 -1.049525
-0.944222 -1.567961
-1.277145 -1.835158
-0.810468 -0.745383
-0.825996 -1.431934
-1.138202 -0.887391
-0.959205 -1.378932
-0.968702 -1.678123
-0.994970 -1.289896
-0.910406 -1.627785
-1.066099 -1.967239
-1.225127 -2.035240
-1.249726 -2.085479
-1.372072 -1.802101
-0.845813 -1.373006
-0.821732 -0.817787
-1.053965 -1.340786
-1.350598 -1.561231
-1.184196 -1.189428
-1.248132 -1.811816
-0.981322 -1.588833
-1.257077 -2.002174
-0.818050 -0.921132
-0.758497 -1.225468
-0.780086 -0.816060
-1.159460 -2.089714
-0.831347 -1.527900
-1.012148 -1.197762
-1.255451 -1.711488
-1.096459 -1.618148
-0.928676 -1.163129
-1.161492 -2.018319
-1.161111 -1.577767
-0.924684 -0.944424
-0.964369 -0.707861
-1.197113 -1.856237
-1.299635 -2.070529
-1.209896 -0.986400
-0.996953 -0.849886
-0.838861 -1.094800
-0.987798 -1.903478
-0.910130 -1.331835
-1.166206 -1.348886
-1.287360 -1.482220
-1.253096 -1.609917
-0.965265 -1.703074
-0.957328 -1.377485
-1.296356 -2.095915
-0.772905 -1.085891
-1.128563 -2.041096
-0.850950 -0.821259
-1.108652 -1.485008
-0.948056 -0.890500
-0.998364 -0.683637
-1.168334 -1.037725
-1.066648 -1.448948
-1.063003 -1.827056
-0.998410 -0.778744
-1.130450 -1.873820
-1.243753 -1.357021
-0.766362 -1.217501
-1.062293 -1.939716
-1.207726 -0.823206
-0.993832 -1.345408
-1.067462 -1.463197
-1.071787 -0.594311
-0.941722 -1.498546
-1.078069 -1.494153
-0.957033 -0.835622
-1.311141 -1.982842
-1.223083 -1.934590
-1.212798 -1.255591
-1.222209 -1.767010
-1.105335 -0.990513
-0.931765 -0.916631
-0.887979 -0.837893
-1.270460 -1.160946
-0.734490 -1.001122
-1.120261 -2.091324
-1.320469 -1.185785
-1.253312 -1.708334
-0.957508 -0.892780
-0.891019 -0.671512
-0.998198 -1.627377
-1.135834 -1.496115
-0.892875 -0.697290
-1.251275 -1.254212
-1.012504 -1.759505
-1.246578 -1.712328
-1.302565 -1.290304
-0.913542 -1.712350
-0.837283 -0.762297
-0.745934 -0.841308
-0.980471 -1.842528
-1.343916 -1.882699
-0.774496 -1.314639
-1.358193 -1.598541
-0.849941 -0.887633
-0.972276 -0.909923
-0.827589 -0.837080
-0.900730 -0.833035
-1.174146 -2.047328
-0.990032 -0.746665
-1.275409 -1.291344
-1.159588 -2.021291
-1.081807 -1.840714
-1.027399 -0.571925
-0.787455 -1.044269
-1.114753 -1.112863
-0.949525 -1.000173
-1.019653 -1.651404
-1.128074 -1.896102
-1.283830 -1.445974
-1.033677 -1.414947
-1.149649 -1.994430
-0.884680 -0.633565
-0.921692 -0.725026
-1.012359 -1.064515
-1.237402 -1.567477
-0.878186 -1.019682
-0.914688 -1.694915
-0.978377 -1.642914
-0.800487 -0.814522
-0.995283 -1.752631
-0.833509 -0.956049
-1.028543 -0.673171
-1.050645 -1.392673
-1.216040 -1.241692
-1.281014 -1.346437
-1.100796 -0.714389
-1.111527 -0.638060
-1.257791 -1.435771
-0.804059 -1.115291
-1.082714 -1.373621
-1.352513 -1.711504
-1.163389 -1.574832
-0.754965 -1.037404
-1.032440 -0.794847
-1.025987 -0.918931
-1.266030 -2.074194
-0.979121 -1.581829
-0.744178 -1.074680
-1.213046 -1.746227
-1.360271 -1.394650
-0.955969 -1.231584
-1.083970 -0.739076
-1.297382 -1.969572
-1.171762 -1.489225
-0.967390 -1.128839
-1.144340 -1.253137
-0.973465 -1.842069
-0.946784 -1.370469
-1.160253 -1.772487
-0.994979 -1.478544
-1.049883 -1.742450
-0.791664 -1.310489
-1.309773 -2.061067
-1.045572 -0.722161
-0.809992 -1.271265
-1.169597 -1.700486
-0.906088 -0.656261
-0.928707 -0.906622
-1.206466 -1.687394
-0.932509 -1.310532
-1.137030 -0.932103
-1.072297 -1.862126
-1.354264 -1.879125
-1.273895 -1.788820
-0.982300 -1.553470
-1.019084 -1.742083
-1.143890 -1.950403
-0.935171 -0.572892
-0.914084 -1.409878
-1.343572 -1.777836
-0.824139 -0.967439
-1.358298 -1.795745
-0.969237 -0.641396
-0.932026 -0.569740
-0.890261 -1.526438
-0.997991 -1.871573
-0.962645 -1.810211
-1.044356 -1.471750
-1.003616 -1.567804
-0.762896 -1.219330
-0.783364 -0.906936
-1.280261 -1.431134
-0.838954 -1.276291
-0.954398 -1.438187
-0.978026 -0.588014
-1.380364 -1.754395
-1.003774 -1.555838
-0.900312 -1.390542
-1.194231 -1.048267
-1.024012 -1.839250
-1.091694 -0.911311
-1.283674 -1.277124
-1.355511 -1.827479
-0.872419 -1.023898
-0.899038 -1.458365
-1.194844 -1.237358
-1.142408 -1.511625
-1.178452 -0.884127
-0.993114 -1.678429
-0.925672 -1.264064
-0.906873 -0.752596
-1.011320 -1.746853
-1.328587 -1.508919
-1.046146 -1.980218
-0.946539 -1.374278
-1.292558 -1.066033
-1.122642 -1.812959
-0.759034 -0.839662
-1.204274 -1.821979
-1.254624 -1.060379
-1.222974 -1.390218
-0.922334 -0.628064
-0.911634 -0.620278
-0.853481 -0.725689
-1.193614 -2.003172
-0.777085 -0.814143
-0.968478 -0.934000
-0.761038 -1.008415
-0.886431 -1.698883
-1.347082 -1.368827
-1.262541 -1.055668
-0.893006 -1.651956
-1.150412 -1.074140
-1.353939 -1.334317
-0.948120 -1.798554
-1.161453 -1.240639
-1.017187 -1.053935
-1.170388 -0.970834
-1.018951 -1.737155
-1.187759 -1.231342
-1.166790 -0.709155
-1.137434 -0.990942
-0.835079 -1.400272
-1.371139 -1.516173
-1.363384 -1.545639
-1.187520 -1.379368
-0.883300 -0.609031
-1.235999 -1.101793
-1.089168 -0.617516
-1.272641 -1.051664
-1.225114 -1.324787
-0.805373 -1.257876
-1.175567 -1.281054
-1.182345 -1.895554
-1.185862 -1.470789
-0.910793 -0.737735
-1.070500 -1.540807
-1.020704 -1.541751
-1.180299 -1.615157
-1.205731 -0.787193
-0.975034 -1.243373
-1.065590 -0.687446
-1.187083 -0.839551
-1.098615 -1.495985
-1.022219 -0.973336
-1.181486 -1.761799
-1.336845 -1.706156
-0.865538 -1.142363
-1.209159 -2.043832
-0.737846 -1.001065
-1.302522 -1.943999
-1.141090 -1.962718
-0.877024 -1.471705
-0.899769 -1.169349
-1.258318 -1.291960
-1.083395 -2.032457
-1.210701 -0.879986
-1.301608 -2.082994
-1.218040 -1.367548
-0.970875 -0.694681
-0.901808 -0.806173
-1.007826 -0.774615
-1.219618 -1.428845
-1.291713 -1.605686
-1.237875 -1.147974
-0.800633 -0.786715
-1.066617 -0.934676
-1.074785 -0.665232
-0.878355 -1.311507
-0.965050 -1.853172
-0.986427 -0.680810
-1.341354 -1.288278
-1.008935 -1.941890
-0.929090 -0.809579
-1.068384 -2.023109
-1.298094 -1.193452
-0.945372 -1.700516
-1.000367 -1.335493
-0.928526 -1.501441
-0.793487 -1.065876
-0.828472 -1.141930
-0.955182 -1.513152
-1.158795 -0.953878
-0.840719 -1.383882
-1.096008 -0.888672
-1.182566 -1.460521
-0.888060 -0.862487
-1.348697 -1.627867
-1.092822 -0.886739
-1.289244 -1.410023
-1.089216 -1.346308
-0.990325 -0.771803
-1.016664 -1.925647
-1.155295 -1.440390
-0.948905 -1.706550
-0.992821 -0.752215
-1.235600 -1.916536
-1.124215 -2.020504
-1.030321 -1.694214
-1.220517 -1.052319
-1.026801 -0.893139
-1.051365 -0.649644
-0.911749 -0.672243
-1.012329 -1.918698
-1.109559 -2.019919
-1.222902 -1.928886
-0.744529 -0.885588
-1.266844 -1.060673
-0.995260 -1.195106
-1.143279 -2.078998
-1.197874 -1.469440
-1.277578 -1.978612
-1.031214 -0.677716
-1.170071 -0.943393
-1.304577 -1.127552
-1.174165 -2.069851
-0.884772 -0.972133
-1.272287 -1.712677
-1.186102 -1.174623
-1.255607 -1.078370
-0.764691 -0.794394
-0.991013 -0.865728
-1.256090 -1.043944
-1.315330 -1.398178
-1.032526 -1.758677
-1.018631 -1.115862
-1.202612 -1.342253
-1.383682 -1.521065
-0.822335 -1.373087
-0.999720 -1.399134
-0.975873 -1.740893
-1.326598 -1.409116
-1.163219 -1.698592
-0.874938 -1.012880
-1.214214 -1.913375
-0.787461 -1.263008
-1.004101 -0.856548
-1.007407 -0.738196
-1.205995 -1.550726
-1.260289 -1.457816
-0.975554 -1.399728
-0.974473 -0.727002
-1.270894 -1.401065
-1.264895 -1.006343
-1.091478 -1.802682
-0.790212 -0.795818
-0.768215 -0.922068
-1.124414 -1.788057
-1.153804 -1.223654
-1.278152 -1.122005
-0.950249 -0.668152
-1.190130 -0.955347
-0.930250 -1.154449
-1.135370 -0.804610
-1.339157 -1.574091
-1.080876 -1.298486
-1.305921 -1.027404
-1.133519 -1.931874
-1.102144 -1.607128
-0.833165 -0.922695
-1.285023 -1.425294
-1.205503 -2.139142
-0.847017 -1.409032
-1.201346 -1.421110
-0.961033 -1.563457
-1.240781 -0.954123
-1.186857 -1.561502
-1.254665 -2.098923
-1.090455 -1.350776
-0.834266 -0.924046
-1.176245 -1.178005
-1.257730 -1.537921
-1.345930 -1.553916
-0.787831 -0.822648
-1.316073 -1.700562
-1.046553 -2.004947
-0.802166 -0.973475
-1.237477 -1.013924
-1.089199 -0.777669
-1.194741 -1.218699
-0.797374 -0.927817
-1.251243 -1.167868
-1.283904 -1.543820
-0.838145 -1.387451
-1.174562 -1.049130
-1.278004 -1.872648
-1.009038 -1.941108
-0.887250 -0.772195
-1.033161 -1.513157
-0.965407 -1.457727
-1.332946 -1.406119
-0.858740 -1.013214
-0.995316 -1.160266
-1.131723 -1.960585
-0.915566 -1.273918
-1.089636 -1.347255
-0.826896 -0.884474
-1.105761 -0.826315
-1.154958 -1.863794
-1.373996 -1.770345
-0.873373 -1.616110
-1.215675 -1.064095
-1.174753 -1.409606
-0.912894 -0.932158
-1.035454 -0.917413
-0.914976 -0.622503
-1.223422 -1.325492
-1.325472 -1.611634
-1.133609 -1.678385
-1.169957 -1.396131
-1.088517 -1.424126
-0.821796 -0.845031
-0.986600 -1.815054
-1.138649 -1.708915
-0.988223 -1.098867
-1.175610 -1.455761
-0.849788 -1.414276
-0.796275 -1.180970
-0.977290 -1.258521
-1.265478 -1.311998
-0.996700 -1.755289
-0.795182 -0.950229
-0.859058 -1.297898
-1.256534 -1.617281
-1.303372 -2.092823
-1.048623 -0.947145
-0.788615 -1.024253
-0.746162 -0.864193
-0.905352 -0.782820
-1.265082 -1.299924
-1.159061 -1.329767
-1.332997 -1.133152
-1.319909 -1.370133
-0.791834 -0.888604
-1.044915 -1.670013
-0.948105 -1.168323
-0.862354 -1.095165
-1.143479 -1.572823
-0.838779 -0.989081
-1.025595 -1.098958
-1.266394 -1.860091
-1.284889 -1.700578
-0.993024 -1.033924
-1.343800 -1.385446
-1.329267 -1.285758
-0.912453 -1.355939
-0.928100 -1.344695
-0.969085 -1.840805
-1.369444 -1.748860
-1.292629 -1.032351
-1.171380 -1.575272
-1.180833 -1.449185
-0.872272 -0.584911
-1.222310 -1.758350
-1.118514 -1.171217
-1.033364 -1.677215
-1.280769 -1.176328
-1.187620 -1.306509
-1.118305 -1.091957
-0.824723 -1.001718
-1.104578 -0.804095
-1.212999 -1.005151
-1.237100 -1.107453
-1.160499 -2.117908
-1.012861 -1.313462
-0.779222 -0.931844
-1.251720 -1.890116
-0.827628 -0.762002
-1.012212 -1.774814
-0.839878 -1.111948
-1.380350 -1.509719
-1.123347 -1.602368
-0.926621 -1.372171
-0.963511 -1.745304
-1.092527 -1.063240
-1.047654 -0.933035
-1.368147 -1.819264
-1.219782 -1.644136
-1.170632 -1.507699
-1.314269 -1.395674
-0.974858 -1.256113
-0.938261 -1.500669
-0.762295 -1.067253
-0.987675 -0.957331
-1.123352 -1.458283
-1.168523 -1.155422
-0.762732 -0.985178
-1.283095 -2.091491
-0.869969 -1.461219
-0.964124 -1.308984
-1.136524 -0.858143
-0.967585 -1.233734
-1.149912 -1.414865
-1.376142 -1.592920
-0.887871 -0.626570
-1.355629 -1.721571
-0.953781 -1.848480
-1.337880 -1.708605
-1.167120 -0.791626
-0.977832 -1.252427
-1.009564 -1.800083
-1.168973 -1.254209
-0.941541 -1.222183
-1.317841 -1.589071
-1.310046 -1.754578
-0.948328 -1.647238
-0.788262 -0.880926
-1.060423 -1.237150
-1.163770 -1.377248
-1.019049 -0.944507
-1.255060 -1.267706
-0.830338 -0.647340
-1.116627 -0.989290
-1.372168 -1.789155
-0.891236 -1.249153
-1.256224 -2.126554
-1.071351 -0.631753
-1.119796 -1.418348
-0.898649 -1.224369
-1.146940 -1.016492
-1.102390 -0.699374
-0.974221 -1.492235
-0.757232 -0.987370
-1.237357 -1.517278
-1.108429 -1.995356
-1.131973 -0.855253
-0.935113 -0.669363
-1.067711 -1.287498
-1.283905 -2.083409
-1.362753 -1.438844
-1.203698 -1.797265
-1.330525 -1.776073
-1.045980 -0.749264
-0.771924 -0.957904
-1.242154 -1.612579
-1.199742 -1.684251
-1.346590 -1.868908
-1.306711 -1.264072
-1.118438 -1.303959
-0.938923 -0.679636
-1.137994 -1.224310
-1.108362 -2.082500
-1.198401 -1.985355
-1.261974 -1.466534
-1.095205 -1.241566
-0.850477 -0.628248
-0.826084 -0.897295
-1.209496 -1.475712
-1.107806 -1.653173
-1.232003 -1.695012
-1.335530 -1.923559
-0.989825 -1.525781
-0.931170 -0.656353
-1.301077 -1.094038
-0.924643 -1.732293
-0.747440 -0.954239
-1.106946 -0.920683
-0.945479 -1.833811
-1.173356 -1.520896
-0.754362 -0.898946
-1.244307 -1.117611
-1.332630 -1.542164
-0.751178 -0.861780
-1.286595 -1.989440
-1.171331 -1.259384
-1.323784 -1.609942
-1.254792 -1.155469
-0.834288 -1.045009
-1.240995 -2.130328
-1.202283 -1.254511
-1.351627 -1.421379
-1.046579 -0.886867
-1.236455 -1.101734
-1.340376 -1.815050
-1.255328 -2.074190
-1.218557 -1.556105
-1.130454 -1.253653
-0.801711 -0.693913
-0.764985 -0.881042
-0.839944 -1.421795
-0.878518 -1.158665
-1.125041 -0.796005
-0.988519 -0.596877
-0.984715 -1.804920
-1.200851 -1.826749
-0.947773 -0.744339
-1.334550 -1.852080
-1.062741 -2.009050
-1.192028 -1.718390
-1.192637 -1.645137
-0.793670 -1.177608
-1.303437 -1.945509
-1.342922 -1.369280
-0.991609 -0.856563
-0.849033 -0.788074
-1.156193 -0.848075
-1.346681 -1.801872
-0.848372 -1.595552
-1.221895 -1.847024
-0.825588 -1.431017
-1.244831 -0.869283
-1.109039 -2.033893
-1.051795 -1.876173
-1.159630 -0.689381
-1.203772 -1.550251
-1.284871 -1.385370
-0.981682 -1.731725
-1.022644 -1.912567
-0.904867 -0.924446
-0.920403 -1.485861
-1.244301 -1.690757
-1.198280 -1.441789
-0.903654 -1.291355
-1.012093 -1.876724
-1.109835 -1.117608
-0.862534 -0.868359
-1.137722 -0.832621
-0.794604 -0.813850
-0.991382 -1.210124
-1.066813 -1.099237
-1.080169 -1.546381
-0.843994 -1.446451
-1.176720 -1.675208
-1.100429 -0.749189
-0.940243 -1.717123
-1.097141 -0.822964
-1.243024 -2.093356
-1.027020 -1.920543
-0.966243 -1.309747
-0.923121 -1.578075
-0.766714 -1.080266
-0.967857 -0.752338
-1.019836 -0.654800
-1.280118 -1.924356
-0.893063 -1.016342
-1.133681 -1.577941
-1.176063 -1.696676
-0.868892 -1.491257
-1.336771 -1.949753
-1.285727 -1.733951
-1.371588 -1.430461
-1.239379 -1.538435
-1.283862 -2.058203
-1.119876 -1.438262
-1.046086 -1.027872
-1.036359 -1.132105
-0.835225 -1.392595
-0.806770 -0.841728
-1.217539 -0.951403
-1.212380 -1.373806
-0.813617 -1.177802
-1.065143 -1.232423
-1.158533 -1.691075
-1.009886 -1.238135
-1.179232 -1.157165
-1.159715 -1.100065
-0.842535 -0.680290
-0.963449 -1.527809
-1.337124 -1.991881
-1.263246 -1.250287
-1.293251 -2.000032
-1.100345 -1.635670
-1.186372 -0.804479
-1.126063 -1.891802
-1.227720 -0.915357
-1.127812 -1.374340
-0.978913 -0.814463
-1.180217 -1.685509
-1.311557 -1.803432
-1.253345 -1.104333
-0.894279 -1.412103
-1.210402 -1.693770
-1.261620 -1.690350
-1.047456 -1.841698
-1.233140 -1.364128
-0.929752 -1.402007
-0.942445 -1.442459
-0.914809 -1.616509
-1.095956 -0.898098
-1.244876 -1.500754
-1.180026 -1.861897
-0.860820 -1.094423
-0.974113 -1.292033
-0.961931 -1.391848
-0.956444 -1.622508
-1.220679 -0.905966
-1.111348 -0.942716
-1.200653 -2.039853
-0.753444 -1.075795
-0.892332 -0.813547
-0.852037 -1.497253
-1.273352 -1.118293
-1.028159 -0.871929
-0.990816 -1.803956
-0.768730 -1.158877
-0.950734 -1.086906
-1.024203 -0.668317
-1.090807 -1.099946
-1.007725 -0.586677
-1.009842 -0.596430
-1.159234 -2.087309
-1.188191 -1.327474
-0.937321 -1.206213
-1.155243 -1.948954
-0.959720 -1.850584
-0.869261 -1.326989
-0.888449 -0.824348
-1.170828 -1.311848
-1.046108 -1.698037
-1.118712 -1.837803
-1.349869 -1.743498
-1.324525 -1.193745
-1.150982 -1.709398
-1.039216 -1.330595
-0.814951 -0.809884
-1.031451 -1.168360
-1.171810 -1.518431
-0.952268 -0.978294
-0.825424 -0.843553
-0.825424 -1.375775
-0.842466 -1.576544
-1.263110 -1.993042
-1.093767 -1.722018
-0.963972 -0.793157
-1.071155 -1.480453
-1.358299 -1.620754
-1.039640 -1.417254
-1.094994 -1.127889
-1.108979 -1.724029
-1.235887 -1.809786
-1.331977 -1.978670
-1.265067 -1.453595
-1.356955 -1.778782
-0.905250 -1.446846
-1.156524 -1.465742
-1.202918 -1.314646
-0.969643 -1.022190
-1.073277 -0.879368
-0.877980 -0.665601
-1.102576 -0.619507
-1.092103 -2.032048
-0.969048 -1.441314
-1.083058 -1.483166
-1.198159 -1.654337
-1.146271 -1.971376
-0.868031 -0.872678
-0.934298 -1.332106
-0.805228 -1.071830
-1.264255 -1.480623
-0.856575 -0.832811
-0.849886 -0.716906
-1.341281 -1.783404
-1.160730 -2.038582
-1.220089 -1.273950
-0.884469 -0.951931
-1.112553 -1.876825
-1.159203 -0.821420
-0.814158 -1.117490
-0.754891 -0.825933
-1.050894 -1.870845
-1.253604 -0.921520
-1.226034 -1.071145
-1.260442 -1.189529
-1.008929 -1.385428
-0.932585 -1.178612
-0.988374 -1.269748
-1.304057 -1.642153
-0.917508 -1.288834
-0.771938 -0.804434
-1.071000 -1.913306
-0.959285 -1.328956
-0.893023 -1.294903
-1.324943 -1.642508
-1.091874 -1.354902
-0.887914 -1.072899
-1.356437 -1.564348
-0.801351 -1.284041
-1.198590 -1.874948
-1.223673 -1.676397
-1.057664 -1.608835
-0.878047 -1.023854
-1.269411 -1.908934
-0.921808 -1.172049
-0.830548 -1.124846
-0.853765 -1.500428
-0.958953 -1.202268
-0.808380 -0.854200
-0.877690 -1.007243
-1.240092 -1.086574
-0.884421 -0.652094
-1.183881 -0.905719
-1.054316 -1.846024
-1.072498 -1.999550
-1.107231 -0.729116
-0.827340 -0.824151
-1.139413 -1.832835
-0.986224 -1.449789
-1.214354 -0.959377
-0.903838 -1.454566
-1.218547 -1.178585
-1.218830 -1.239559
-1.224736 -1.936763
-1.348579 -1.949968
-1.167173 -1.543560
-1.026135 -1.098241
-1.311312 -1.774627
-1.150343 -1.431884
-0.794462 -0.935078
-0.835422 -1.338670
-1.082856 -0.601913
-1.183114 -1.885592
-1.135157 -0.955736
-1.070870 -1.803708
-0.866000 -0.642213
-1.365087 -1.870683
-1.021891 -1.294564
-1.011076 -1.549605
-0.889304 -0.885662
-1.248567 -0.979340
-0.943943 -1.578609
-1.033996 -0.781205
-0.912311 -1.253901
-1.225986 -0.968319
-1.157728 -2.083050
-1.225967 -1.404144
-1.311370 -2.022629
-1.076206 -1.694522
-1.099263 -0.892964
-0.954796 -0.658900
-1.266519 -1.336474
-1.027981 -1.149935
-1.286927 -1.419658
-1.143683 -1.853967
-1.252073 -1.380505
-1.365835 -1.783858
-0.874932 -1.505614
-0.803768 -0.943926
-1.012248 -0.580334
-0.918955 -0.941712
-0.901175 -1.572130
-1.234919 -1.521426
-0.973184 -0.871443
-1.200058 -1.195890
-1.201223 -0.907156
-1.314643 -1.104603
-1.341757 -1.601551
-1.348587 -1.602322
-0.782133 -0.910763
-1.067349 -0.844887
-1.273486 -2.043692
-1.250268 -1.706108
-1.279022 -1.054886
-0.845337 -1.258014
-1.307309 -1.134644
-1.258179 -1.618430
-1.204301 -1.888341
-0.845922 -1.456954
-0.904755 -0.830686
-0.797963 -0.826916
-1.069306 -1.772473
-1.204458 -1.057604
-1.106091 -0.855068
-1.282893 -1.742228
-0.784486 -0.719703
-1.303242 -1.067772
-0.916123 -1.224128
-0.815498 -1.097827
-0.935528 -1.251624
-1.105418 -1.848729
-1.266412 -1.500840
-1.265092 -0.980595
-0.905041 -0.703564
-1.007479 -0.708899
-0.966799 -1.497247
-1.212291 -0.900843
-1.043110 -1.189459
-1.088933 -1.954992
-1.121719 -1.726621
-1.300428 -1.242561
-0.917863 -0.964715
-1.144058 -0.690621
-1.058498 -1.912483
-1.061052 -1.398834
-1.354611 -1.509335
-1.029378 -1.349522
-0.967003 -1.413363
-1.338417 -1.828409
-1.332970 -1.906206
-1.054215 -0.636966
-0.944346 -1.487716
-1.275914 -1.513723
-0.930699 -1.310527
-1.031174 -0.739872
-1.316375 -1.205353
-1.324518 -1.098997
-1.111689 -1.391410
-1.043998 -2.008697
-1.194290 -1.421586
-0.963448 -1.760006
-0.786693 -1.105192
-0.863825 -0.726987
-1.282432 -1.199752
-1.362524 -1.456097
-1.159500 -0.953167
-1.006387 -1.915816
-1.345204 -1.696645
-1.247814 -1.316008
-1.208076 -2.118339
-1.248740 -1.705029
-1.069260 -1.227537
-0.873753 -0.909711
-0.858194 -0.696878
-1.093233 -1.305603
-0.997406 -0.906422
-1.061754 -1.320759
-0.851210 -1.495585
-1.085866 -0.828557
-1.181334 -1.622648
-0.878184 -1.228275
-1.137561 -2.032145
-0.996477 -1.251678
-1.021537 -1.797878
-1.181822 -1.660383
-1.214727 -0.886387
-0.985568 -0.574716
-0.833282 -0.926292
-0.775530 -0.822433
-1.086578 -1.326354
-1.086474 -1.483800
-0.938967 -1.536279
-1.004393 -1.860176
-0.954808 -0.688267
-1.188844 -1.302448
-1.204321 -1.113449
-1.314581 -1.094639
-1.235036 -0.922899
-1.246572 -2.032731
-1.379819 -1.600055
-0.995389 -0.716827
-1.008867 -1.402695
-0.820485 -1.214324
-1.046802 -1.126377
-0.895466 -1.499202
-0.912125 -0.609321
-1.314862 -1.881180
-0.841700 -1.433508
-0.800435 -1.032324
-0.957534 -1.537156
-1.119021 -1.763437
-0.896265 -1.120858
-0.832970 -1.238278
-1.268522 -2.071554
-1.109988 -0.967610
-1.340045 -1.199439
-1.139291 -0.820156
-1.113896 -1.214100
-0.939412 -0.811784
-1.359241 -1.457399
-0.834743 -0.757810
-1.121808 -2.045405
-0.874467 -0.578389
-1.355981 -1.367982
-0.977068 -0.773371
-1.299543 -1.149252
-0.759711 -0.938767
-1.317612 -1.194863
-1.081347 -0.898457
-1.163455 -0.835170
-1.182836 -0.953174
-1.148878 -1.683974
-1.147732 -2.019458
-0.960579 -1.765841
-1.290585 -1.359744
-0.759179 -1.139871
-1.298583 -1.784225
-0.931603 -1.490109
-1.266782 -1.219656
-0.917630 -0.636781
-1.241753 -1.125178
-0.956186 -1.797733
-1.258697 -1.066984
-0.900491 -1.248772
-0.881683 -1.479870
-1.041225 -0.883558
-1.079143 -1.354997
-1.281809 -1.228652
-1.255669 -0.952486
-0.882206 -0.771707
-0.897243 -0.637670
-1.121000 -1.429435
-1.076796 -1.248934
-1.323732 -1.635627
-1.237405 -1.561133
-1.214444 -1.930189
-1.086328 -1.507118
-0.978047 -0.994449
-1.041719 -0.746597
-0.960315 -1.004445
-1.071906 -0.898168
-1.232881 -1.866567
-1.033964 -1.410775
-0.789519 -0.872395
-1.129187 -0.954826
-1.115565 -2.000269
-1.093336 -0.998571
-1.121992 -0.858063
-0.856415 -0.898390
-1.144266 -1.669340
-1.067511 -1.545950
-1.120567 -0.988645
-0.875061 -1.449969
-1.156092 -1.768328
-1.150941 -1.489902
-1.343664 -1.942539
-0.956064 -1.626478
-0.799695 -0.879675
-1.261903 -1.976690
-1.127288 -1.277829
-0.785396 -1.057397
-1.306327 -2.083313
-1.022868 -1.940820
-1.178406 -1.993862
-0.938874 -1.129221
-1.129484 -1.600248
-1.330289 -1.965833
-0.907605 -1.099148
-1.240047 -1.058255
-1.199053 -1.746039
-1.381542 -1.656065
-1.209435 -1.529570
-1.311836 -1.973968
-1.193667 -2.000298
-1.051577 -0.581762
-1.339551 -1.888782
-0.912576 -0.840994
-0.777712 -1.082179
-1.368017 -1.397525
-1.269451 -1.858197
-1.198163 -1.762858
-0.839363 -0.925725
-1.244415 -1.343085
-1.310734 -1.691314
-1.226536 -1.622711
-1.169441 -0.875365
-1.092048 -0.978638
-0.928496 -1.413827
-1.223371 -1.900740
-1.124560 -1.863280
-1.345719 -1.942565
-1.035389 -1.367860
-0.898645 -1.505148
-1.077934 -1.086261
-0.902835 -1.112851
-1.041946 -1.773782
-0.771789 -1.114377
-1.278492 -1.414193
-1.227639 -1.228376
-1.372412 -1.523725
-1.143439 -0.867855
-1.196088 -0.746924
-1.204230 -1.886097
-1.305072 -1.242765
-1.287253 -2.067441
-0.946043 -0.627592
-0.821696 -0.710011
-0.818022 -1.354093
-0.950815 -1.809972
-1.222635 -2.105597
-1.048600 -0.862461
-0.900644 -1.336273
-0.767514 -1.275902
-1.193237 -2.133439
-1.182467 -1.243721
-0.923166 -0.580849
-1.267166 -0.920096
-1.306566 -1.741204
-1.076256 -0.595510
-1.131334 -2.013967
-1.337616 -1.705732
-0.905455 -0.830941
-0.936432 -1.402609
-1.083457 -1.670490
-1.289228 -2.101059
-1.079019 -1.888344
-1.316874 -1.484759
-1.217032 -2.077950
-0.856997 -1.533744
-1.293378 -1.870165
-1.140723 -0.873067
-0.985406 -1.836481
-1.248641 -1.092804
-1.013452 -1.604915
-1.208023 -1.803452
-1.047009 -1.224649
-1.063928 -1.881235
-0.823684 -1.491184
-1.012153 -1.231319
-1.281965 -0.953810
-1.017005 -0.767643
-0.900303 -0.562046
-0.857327 -1.427288
-0.838286 -1.523260
-1.105365 -1.833532
-0.786821 -1.271843
-0.955855 -0.824690
-1.050384 -1.307988
-0.851672 -0.895371
-1.017021 -0.603828
-1.076230 -1.211686
-1.093157 -0.767959
-1.020704 -1.824869
-1.318289 -1.546221
-1.159266 -1.842440
-1.105074 -1.556015
-1.278050 -1.595166
-0.976685 -1.711788
-1.327228 -1.440297
-0.990837 -0.937428
-1.151569 -0.801441
-0.876237 -1.206187
-1.028089 -1.830316
-1.007767 -1.013532
-0.979488 -1.433025
-0.897495 -1.645570
-0.967237 -0.861058
-0.789171 -1.340825
-1.153618 -1.249162
-1.060372 -1.798796
-1.004179 -1.542760
-1.093270 -1.417040
-1.274632 -1.251948
-1.212452 -0.806637
-1.307547 -1.298983
-1.059685 -0.634771
-0.962805 -0.876281
-0.796683 -1.364052
-0.806683 -1.246910
-0.812549 -1.467921
-1.269483 -1.908100
-1.289190 -1.323402
-0.994798 -1.641702
-1.370408 -1.772918
-1.042242 -1.504318
-1.325457 -1.309511
-1.291989 -1.533182
-1.162964 -1.446632
-1.146868 -1.848405
-1.376821 -1.456657
-1.327529 -1.967342
-1.375640 -1.416053
-1.138305 -0.947232
-1.362059 -1.369151
-1.313637 -1.304344
-1.011112 -1.891332
-1.051355 -0.707220
-1.333959 -1.657518
-1.101675 -1.091127
-1.287722 -1.317651
-1.234817 -1.626487
-1.204819 -1.963912
-1.018017 -0.863803
-0.817705 -1.229296
-0.925845 -0.994008
-1.021391 -1.321812
-1.073328 -0.622355
-0.989069 -1.801898
-1.049999 -1.539465
-0.896226 -0.642256
-1.317964 -2.065799
-1.078717 -1.256737
-0.965867 -0.705757
-1.137768 -1.314895
-0.892895 -0.956935
-1.059793 -0.978547
-0.767526 -1.013844
-1.032902 -1.585460
-1.222130 -1.763743
-0.995619 -1.265134
-1.285276 -1.499764
-1.114014 -0.914595
-1.280749 -1.142470
-0.883690 -1.129409
-1.186566 -0.999520
-0.993741 -1.665324
-1.088666 -0.702527
-1.081486 -0.939841
-1.132309 -0.858859
-1.266799 -1.029334
-1.185595 -1.718795
-0.870311 -1.459568
-1.062118 -1.292198
-0.912264 -1.147004
-0.945897 -1.273578
-0.904720 -1.057334
-0.993132 -0.880985
-1.089966 -1.457402
-1.111616 -1.213135
-1.268229 -1.498604
-1.294354 -1.704208
-1.110128 -1.236536
-1.034338 -0.920243
-1.315176 -1.728492
-0.973482 -1.519149
-0.962615 -1.452636
-0.943957 -1.549911
-1.346224 -1.820699
-1.126468 -1.813279
-1.162035 -0.858178
-0.977373 -1.820670
-1.261341 -1.870683
-1.300450 -1.543995
-1.303314 -1.115234
-0.981360 -1.857478
-0.972733 -1.381900
-1.011540 -1.460814
-1.281064 -1.244029
-1.206699 -1.883409
-1.326409 -1.254695
-0.965935 -1.611926
-1.221552 -1.213419
-0.859551 -1.272927
-1.130390 -1.476012
-1.229062 -1.917054
-1.123299 -1.312845
-0.800268 -1.263901
-1.336973 -1.383589
-1.352927 -1.576098
-1.066253 -0.929374
-1.172370 -1.923315
-0.994701 -1.702157
-0.998860 -0.618014
-1.023875 -1.139366
-1.312505 -1.157725
-1.116404 -0.690728
-1.340563 -1.703444
-1.049118 -0.806855
-1.239658 -1.955519
-1.359311 -1.914385
-1.128631 -1.707364
-0.870165 -1.387543
-0.961424 -0.738075
-1.016229 -1.908794
-1.258956 -1.001862
-0.885147 -1.390529
-0.951696 -1.484799
-1.354040 -1.507978
-1.085649 -0.818327
-1.091743 -1.873675
-0.797115 -1.253237
-1.105386 -1.520815
-0.773362 -1.055996
-0.958524 -1.197103
-1.118967 -1.906840
-0.873785 -1.040876
-0.965028 -1.625874
-0.805533 -1.034670
-1.315198 -1.578602
-0.773257 -1.188547
-1.254074 -2.103279
-1.138017 -1.085272
-1.298728 -1.162948
-1.301909 -1.069660
-1.367903 -1.851638
-0.892818 -1.093430
-1.010932 -0.894324
-0.785806 -0.881285
-1.252920 -1.158305
-0.989553 -0.743233
-1.143430 -1.065635
-0.909799 -0.741671
-0.944757 -1.148910
-1.149446 -0.908442
-0.956095 -0.897352
-1.233473 -1.564124
-0.939557 -0.754156
-1.102341 -1.473400
-1.298399 -2.013422
-1.328794 -1.657392
-1.374704 -1.472590
-1.073647 -1.592551
-1.047780 -0.993657
-1.055093 -1.979730
-1.244030 -1.099277
-1.324399 -1.623230
-1.174395 -1.575051
-0.869674 -0.684357
-1.089171 -1.096362
-1.030846 -1.095916
-1.027884 -1.778767
-1.024268 -1.508547
-0.986758 -1.836590
-1.237715 -1.443426
-1.201198 -2.015348
-1.056122 -1.353536
-0.861595 -0.635692
-1.041493 -1.178378
-1.169080 -1.276478
-1.185610 -1.239789
-0.849949 -1.122799
-0.848756 -1.578444
-1.227982 -0.975615
-1.142210 -1.786689
-0.974905 -1.439718
-0.982455 -1.686818
-0.828114 -1.235111
-1.080867 -1.956859
-1.153317 -2.004268
-0.894683 -1.601795
-0.737049 -1.014196
-0.974644 -1.276348
-1.247649 -1.663723
-1.341535 -1.789323
-1.367538 -1.779015
-1.081909 -1.449887
-1.184826 -1.305570
-1.061973 -1.491860
-1.171193 -0.843406
-1.132499 -1.284783
-0.964533 -1.565630
-0.785512 -1.006350
-1.100792 -0.651483
-0.857659 -1.286677
-0.983571 -1.256781
-1.311764 -1.125310
-0.941995 -1.574563
-1.155265 -1.842548
-0.806447 -0.965293
-1.075723 -1.985773
-1.302322 -2.065995
-1.284150 -1.106734
-1.333195 -1.795796
-1.141676 -1.594058
-0.794909 -0.809929
-0.811410 -0.924331
-1.021068 -1.155520
-1.235718 -1.601726
-1.225754 -1.120788
-0.939322 -0.874417
-1.216317 -1.385531
-1.311853 -1.839472
-1.302153 -1.565395
-0.885966 -0.977345
-1.290227 -2.078228
-0.855358 -1.162230
-1.077628 -0.883615
-0.814646 -1.025968
-0.910649 -1.409109
-1.089314 -1.869883
-1.291842 -1.909783
-1.009661 -0.616720
-0.957708 -1.799422
-0.952133 -1.405663
-1.111862 -0.948755
-0.961866 -1.116100
-1.268604 -0.947888
-1.161236 -0.711032
-1.237676 -0.991944
-0.833249 -0.779325
-1.010474 -1.578525
-1.023323 -1.793389
-1.151090 -1.650347
-1.185995 -1.475435
-0.927607 -1.800361
-1.232107 -1.293959
-1.005805 -0.818005
-0.888279 -0.756504
-1.182437 -0.818017
-1.050864 -0.745163
-0.753298 -1.098497
-1.322162 -1.121073
-0.989969 -1.783940
-1.071715 -0.865151
-0.928704 -0.778510
-0.920005 -0.709010
-0.823175 -1.330169
-0.980622 -1.452352
-1.043381 -1.590582
-1.023154 -0.579125
-0.845549 -1.456875
-1.293054 -2.029655
-1.313155 -1.143412
-0.897083 -1.640667
-0.745056 -1.028157
-0.934580 -1.065869
-1.173436 -0.827628
-1.248349 -2.029511
-1.269979 -1.994887
-0.982965 -1.403489
-1.324983 -1.653000
-0.944098 -0.949619
-0.964898 -0.817872
-1.251185 -1.076160
-0.922176 -1.031011
-0.924703 -0.618514
-1.276192 -1.971428
-0.943120 -1.254161
-1.127213 -1.442934
-0.870003 -0.681522
-0.895413 -1.370286
-1.018492 -1.598001
-0.890120 -1.152866
-0.894356 -0.788051
-1.234190 -0.977296
-1.165394 -2.012336
-1.249462 -1.176566
-1.145712 -1.068204
-1.182888 -1.213302
-0.963669 -1.198521
-1.218580 -1.894881
-1.028039 -0.873274
-0.845605 -1.489034
-1.264591 -1.258329
-0.903662 -1.683008
-1.065360 -1.544972
-1.075541 -1.119789
-1.345663 -1.427722
-1.176357 -0.717579
-1.301700 -1.704895
-1.113148 -1.587598
-0.895709 -1.623854
-1.304254 -1.779773
-1.081111 -1.349886
-1.167734 -1.545195
-0.829838 -0.938931
-1.170187 -1.690264
-1.125867 -2.094771
-1.176219 -1.404541
-1.182937 -1.622373
-0.734722 -1.020190
-0.912631 -1.177167
-1.217623 -2.022867
-0.845765 -1.425517
-1.056135 -0.945356
-0.991057 -0.668802
-0.881004 -1.185341
-0.973904 -1.052479
-1.179854 -1.867193
-1.047600 -1.359838
-1.099715 -1.160993
-0.989003 -1.371456
-1.132767 -1.683106
-1.260754 -0.927578
-0.743901 -1.129008
-0.960091 -1.189163
-1.252408 -1.987393
-1.320575 -2.053288
-0.957001 -0.977715
-0.776867 -0.936074
-0.990638 -1.007726
-0.926525 -1.758084
-1.286657 -1.293665
-0.887655 -1.181357
-1.036150 -0.742685
-1.217968 -2.132360
-1.242793 -2.056231
-1.101861 -0.819103
-1.131727 -1.576054
-1.029923 -1.045181
-1.259258 -2.102568
-0.793652 -1.193371
-1.295158 -1.818861
-1.379387 -1.665446
-1.267591 -1.699659
-1.132412 -1.275474
-0.783314 -1.322288
-1.129074 -1.879196
-1.153351 -1.505990
-1.309390 -1.532987
-0.809313 -1.051910
-1.241336 -2.084957
-1.345318 -1.667519
-1.147984 -0.871557
-1.034774 -0.811748
-1.027493 -1.387696
-0.943176 -1.071893
-1.262511 -1.953060
-1.282922 -1.316403
-1.095265 -0.622145
-0.936169 -1.456734
-1.074928 -1.091998
-0.935939 -1.079287
-0.830599 -1.472860
-0.925672 -0.802807
-1.173985 -1.753829
-1.324623 -1.371445
-1.320594 -1.467051
-1.212313 -1.516354
-1.145949 -1.771941
-1.060823 -0.689515
-0.876116 -1.480190
-1.367131 -1.810094
-1.146280 -0.769143
-1.187395 -2.126405
-1.329658 -1.140847
-0.787026 -0.765522
-0.794069 -0.710824
-0.887207 -1.445137
-1.101375 -0.894631
-0.977551 -0.612014
-1.042948 -1.671345
-1.154212 -1.150630
-1.252011 -1.877040
-0.896125 -1.333257
-0.945520 -1.661397
-1.130142 -1.456351
-1.267737 -1.249520
-0.790103 -0.949095
-1.104530 -0.701992
-1.135640 -1.901299
-0.958860 -1.045706
-1.117539 -0.832789
-1.280503 -1.490393
-0.987543 -1.655849
-0.992456 -1.671139
-1.274556 -1.204706
-0.881902 -0.840429
-1.062181 -1.340777
-0.969526 -0.943905
-1.277304 -1.429661
-1.018312 -0.790366
-1.322485 -1.090622
-1.071430 -0.609208
-0.791583 -1.345775
-1.090896 -0.919577
-1.061816 -0.808262
-1.275946 -1.365561
-1.157838 -1.127422
-1.326634 -1.380638
-1.086702 -1.258852
-1.108775 -0.734030
-1.122520 -0.869377
-0.924394 -1.470475
-0.796996 -1.413245
-0.854333 -1.306284
-1.177904 -1.767285
-1.245759 -1.388691
-0.906566 -0.659169
-1.304061 -1.626974
-0.863059 -0.789767
-1.342980 -1.818708
-0.952924 -1.596393
-0.943946 -1.820242
-1.051598 -1.213703
-0.996335 -1.306848
-1.249943 -1.420504
-1.120235 -2.031133
-0.868810 -1.127860
-1.055677 -0.695575
-1.076681 -1.172308
-0.850066 -0.805109
-1.137705 -1.491819
-1.007656 -1.290349
-1.306643 -1.767706
-1.029029 -1.199074
-1.225490 -1.485925
-1.222996 -0.983307
-0.797750 -0.728520
-1.198253 -1.513052
-1.078605 -1.617384
-0.791129 -1.309057
-0.754149 -1.000158
-0.775374 -1.068498
-1.213720 -1.938793
-1.047737 -1.381406
-1.102357 -1.301075
-0.988524 -1.047114
-1.246940 -1.427751
-1.124071 -1.073429
-0.938939 -1.302477
-1.200822 -0.908649
-0.759282 -1.091084
-0.888181 -1.687854
-0.895396 -1.599880
-0.906042 -0.648260
-1.129128 -1.392121
-0.819944 -1.062848
-1.344994 -1.308928
-1.225965 -1.366770
-0.840779 -0.802512
-1.125932 -1.518211
-0.805174 -1.221527
-0.923749 -1.241976
-0.798504 -1.167334
-1.226995 -1.265404
-1.326940 -1.216972
-0.810659 -0.708115
-0.895772 -1.303920
-0.797547 -0.774597
-0.764150 -1.008893
-1.206869 -1.594496
-1.307442 -1.874541
-0.846651 -1.404266
-1.227982 -1.400229
-0.905031 -1.404225
-1.164793 -1.877468
-1.095935 -1.499979
-1.304441 -1.025131
-1.164607 -1.647903
-0.943011 -1.212233
-1.198764 -1.372463
-1.019987 -0.876061
-1.061270 -1.442144
-1.071163 -1.006929
-1.291278 -1.355621
-1.288446 -1.850339
-1.302162 -2.043518
-1.048012 -1.614077
-1.180273 -1.826054
-1.218518 -1.058507
-0.831882 -1.045222
-1.335102 -1.459618
-1.036006 -1.017066
-0.855089 -1.073988
-0.981404 -0.758512
-0.972628 -0.789947
-0.755466 -1.114216
-0.836279 -0.975423
-0.833514 -1.042581
-0.882219 -1.004378
-1.328077 -1.459635
-0.897130 -1.561276
-0.982822 -0.850601
-1.250925 -0.962579
-1.030905 -1.075223
-0.929307 -1.560451
-1.210566 -1.797385
-1.052431 -1.608317
-1.278145 -1.888925
-1.102706 -1.158468
-1.017215 -0.792269
-0.944489 -1.363215
-1.128896 -0.798741
-1.035178 -1.109834
-1.364230 -1.556908
-0.842916 -0.812292
-0.868516 -1.475399
-0.951105 -1.791478
-0.948176 -0.655397
-1.208524 -1.060005
-1.062555 -0.820055
-1.278673 -1.646878
-1.059475 -1.361499
-1.360428 -1.741351
-0.777477 -0.984422
-1.238213 -1.391481
-1.129452 -2.062806
-1.347678 -1.599604
-0.971315 -1.527362
-1.331738 -1.715572
-1.145548 -0.941945
-1.012641 -1.192494
-1.204900 -0.837250
-0.937089 -1.276593
-0.932507 -0.929658
-0.891004 -0.874297
-0.915830 -0.607969
-0.889278 -0.700986
-1.234131 -1.998295
-0.899365 -0.837482
-0.945108 -0.667876
-1.097479 -1.472135
-1.207858 -2.132398
-1.213678 -2.106331
-1.258925 -1.472783
-1.100080 -1.045927
-1.173775 -1.895828
-0.978570 -1.033981
-1.256632 -1.843831
-1.252867 -1.398826
-1.060629 -1.050634
-1.308747 -1.293414
-0.845985 -0.905975
-1.303799 -1.336432
-0.818246 -1.032647
-1.060602 -0.682325
-1.010994 -1.319033
-1.031804 -1.201888
-1.279043 -1.599740
-0.947075 -1.738430
-1.002534 -0.963736
-1.311621 -1.868827
-1.110802 -1.881482
-1.135424 -2.070754
-0.888894 -1.138179
-1.074800 -1.777572
-1.114222 -0.964452
-0.772236 -1.234387
-1.100104 -0.698562
-0.984860 -1.462986
-1.248681 -1.588916
-0.927949 -0.580503
-1.185241 -1.944722
-1.093256 -1.909922
-1.275204 -1.322040
-0.782925 -1.338485
-0.975228 -0.947009
-1.314998 -1.316850
-1.016218 -1.101850
-0.995441 -0.567405
-1.109743 -0.828435
-0.783017 -1.073406
-1.187964 -0.896447
-1.195662 -1.441740
-1.121214 -1.094401
-1.021945 -1.701880
-1.232415 -1.820446
-0.778507 -0.930974
-0.890896 -1.343573
-1.007554 -0.898410
-0.995394 -1.080860
-1.337597 -1.964304
-0.952662 -1.782639
-1.316472 -1.737757
-1.338680 -1.263766
-0.798593 -1.093070
-1.278833 -1.861442
-1.050338 -1.621865
-1.021866 -1.838494
-0.801027 -1.321721
-0.863500 -1.228888
-1.313255 -2.061814
-0.940661 -0.806517
-0.900240 -1.131981
-1.358259 -1.645740
-1.199684 -1.952839
-0.963661 -1.062129
-1.174577 -1.384243
-1.050027 -0.599071
-1.026726 -0.882921
-0.941679 -1.100476
-1.006488 -1.434419
-1.104297 -1.411021
-0.884607 -0.893493
-1.114526 -0.846115
-1.328717 -1.807241
-1.060411 -1.886560
-1.295935 -1.213348
-1.276694 -1.992511
-0.970866 -0.969938
-1.140563 -0.867063
-0.879083 -1.624517
-1.184286 -1.629340
-1.241487 -1.332397
-1.366509 -1.786295
-0.773754 -1.297755
-1.236759 -0.991452
-1.229276 -1.062044
-1.250978 -1.238424
-0.918358 -0.684380
-1.045286 -1.362448
-1.244776 -1.796236
-1.133213 -1.258430
-0.917635 -1.679417
-1.159976 -1.936526
-1.034784 -1.119206
-0.773548 -1.014091
-0.989381 -0.707116
-0.874544 -0.924273
-0.803182 -0.922983
-1.267782 -0.983296
-1.205982 -1.356631
-0.907229 -1.059324
-0.951079 -1.708866
-0.962128 -1.265935
-1.119319 -0.747828
-0.823826 -0.955378
-1.196760 -0.948002
-0.998831 -1.197565
-1.377043 -1.650066
-0.862446 -1.627666
-1.165079 -1.344094
-1.278710 -1.858586
-1.119907 -1.738057
-1.273248 -1.833536
-0.948638 -1.207179
-1.068547 -0.633269
-1.089839 -1.356053
-0.807346 -0.922063
-1.146164 -1.467521
-1.245921 -0.880696
-0.784884 -0.994527
-1.078077 -0.968019
-0.934658 -0.679919
-1.044883 -2.012267
-1.325362 -2.028617
-1.103165 -1.336964
-1.297285 -1.577224
-0.986355 -0.847220
-1.232087 -1.089590
-0.770251 -1.073392
-1.005072 -1.084601
-1.159024 -1.363710
-0.855772 -0.928366
-0.911683 -1.036338
-1.175816 -2.110557
-1.285735 -1.776965
-0.881060 -0.795213
-1.087604 -1.564016
-1.062710 -1.873657
-1.313269 -1.865252
-1.383504 -1.779626
-0.910833 -1.123791
-1.107823 -0.691798
-1.294614 -1.033970
-0.918063 -0.887013
-1.388411 -1.647000
-1.327922 -1.481852
-0.979184 -1.584429
-0.853016 -0.838323
-0.879098 -1.163290
-1.096236 -1.791134
-1.303203 -1.091875
-0.953750 -0.812318
-0.948254 -0.878716
-1.098421 -1.636207
-0.844221 -0.977318
-1.175354 -1.187371
-0.976257 -1.719092
-0.851285 -0.910878
-1.229434 -0.939484
-1.188106 -2.086937
-1.106865 -1.197093
-0.954399 -1.677095
-0.929809 -1.218152
-0.825803 -1.226918
-1.224821 -1.940711
-1.015273 -1.902898
-0.755883 -1.126826
-1.039719 -1.597332
-1.013417 -0.771804
-1.179637 -1.619098
-1.269382 -1.579059
-1.268880 -1.500707
-1.331645 -1.955366
-1.012751 -1.285112
-1.185806 -1.793456
-1.244130 -1.355581
-1.357607 -1.638232
-0.799579 -1.320466
-1.323285 -1.429109
-1.103348 -1.244975
-1.137028 -1.539251
-1.136318 -2.079666
-0.929499 -0.951097
-0.891548 -1.670626
-1.250034 -1.849643
-1.171501 -1.235788
-0.909746 -0.558639
-0.950739 -1.235536
-1.156430 -1.530933
-1.125616 -1.656347
-1.144161 -1.364102
-0.972669 -1.204319
-0.984163 -1.265876
-1.135246 -1.883807
-1.034833 -1.496966
-0.994967 -1.300243
-1.307001 -1.199280
-1.363448 -1.652459
-1.283944 -1.351124
-1.273528 -1.842776
-0.842060 -0.821775
-1.224160 -2.099436
-1.291128 -1.875609
-1.088161 -1.976302
-1.105569 -1.235688
-1.312365 -2.009430
-1.179189 -0.776782
-1.362562 -1.282165
-0.862821 -0.995329
-0.839135 -0.768723
-0.901947 -1.085358
-0.846786 -0.695743
-1.252545 -1.834804
-1.210257 -1.550391
-0.979043 -1.581551
-0.969201 -1.647423
-0.917127 -1.140444
-0.996935 -1.278440
-1.023730 -0.846934
-0.901940 -0.819585
-1.029463 -1.665643
-1.252018 -1.607291
-1.288700 -1.342529
-0.811004 -0.710028
-1.278852 -1.100941
-0.996426 -1.707224
-1.003910 -1.465820
-1.022265 -1.041310
-1.179070 -1.160080
-1.326691 -1.781494
-0.967291 -1.694210
-1.321172 -1.389305
-1.109225 -1.006445
-0.976880 -1.425347
-0.793758 -0.848208
-1.189793 -2.021208
-0.796135 -1.046291
-0.847533 -1.084091
-1.361833 -1.857203
-1.346561 -1.601820
-1.362869 -1.900776
-1.192053 -1.807805
-1.089246 -1.739878
-0.980295 -0.706996
-1.300372 -1.172299
-1.051959 -1.554093
-1.298433 -1.896421
-0.937470 -1.685933
-1.037624 -1.910907
-0.980078 -1.134780
-0.991323 -0.912661
-1.137520 -0.949215
-1.353729 -1.726155
-1.241026 -1.579299
-1.019115 -0.929763
-1.106366 -1.029718
-0.924542 -0.612250
-1.262168 -1.936226
-0.801843 -1.257267
-1.082794 -1.861984
-1.291165 -1.594708
-1.080725 -1.615218
-1.212936 -1.649210
-0.870345 -1.162601
-0.967370 -1.389623
-1.053105 -0.800147
-0.994882 -1.849153
-1.176132 -1.322260
-1.124682 -1.372243
-1.113742 -1.004858
-0.986670 -0.617864
-1.162004 -1.776546
-0.867831 -1.200009
-1.176530 -2.105583
-0.762630 -0.797679
-0.905783 -1.127467
-1.380349 -1.806667
-1.176369 -1.019187
-0.948917 -1.442417
-1.211602 -1.432829
-1.071781 -1.826635
-1.073799 -1.974295
-0.747939 -1.159253
-0.871056 -1.384819
-1.075477 -1.567418
-1.282294 -1.378538
-0.777786 -1.073625
-1.232826 -0.965616
-1.319239 -1.767025
-1.273615 -1.236525
-1.086476 -1.001451
-1.059770 -1.359063
-0.818598 -0.743072
-1.155004 -1.015457
-1.307129 -1.274184
-1.160081 -1.041930
-0.767946 -1.194447
-1.015685 -1.776513
-1.203667 -1.442713
-1.055542 -1.854301
-1.153667 -1.133865
-1.230253 -1.761340
-0.916341 -1.010077
-1.315732 -1.796401
-1.042120 -1.575333
-1.162948 -0.717652
-0.927250 -1.735196
-1.220982 -0.845379
-1.282991 -1.147634
-1.177736 -1.609663
-1.210859 -1.565883
-1.063781 -1.751550
-1.117247 -2.061431
-1.289035 -1.506271
-1.225744 -2.037505
-1.138344 -1.024529
-1.137836 -1.218524
-0.985898 -1.505653
-1.094241 -1.816997
-0.862931 -1.311383
-1.305107 -1.376541
-1.079547 -1.516142
-1.321508 -1.833720
-0.897100 -1.565444
-0.953479 -0.760355
-1.000339 -1.779490
-0.977210 -0.775184
-0.923372 -1.029936
-0.879550 -1.090960
-1.325038 -1.088700
-0.985349 -1.657638
-1.143346 -1.034388
-1.243812 -0.870162
-1.270265 -0.954858
-1.304332 -2.033364
-0.903582 -1.090703
-1.161721 -1.710024
-1.067492 -0.647047
-1.199435 -1.904573
-1.001190 -1.771502
-0.961038 -1.526608
-0.803888 -0.806232
-1.016847 -0.768006
-0.893426 -0.868658
-1.073451 -1.704491
-0.743128 -1.016611
-1.172482 -0.785178
-1.257993 -1.262100
-1.237820 -2.115968
-1.296746 -1.224922
-1.295191 -1.899938
-0.733515 -1.007406
-1.326838 -1.577390
-0.830286 -1.043555
-0.882400 -0.830402
-1.072910 -1.848032
-1.249972 -1.496994
-1.217717 -1.796574
-0.915581 -1.006971
-1.131269 -0.802624
-0.881557 -1.360411
-1.040040 -1.506490
-0.752545 -1.124314
-0.830297 -0.904322
-1.192622 -0.965772
-1.006978 -1.651284
-1.036278 -1.985220
-0.933210 -1.066625
-1.050727 -1.842383
-0.897514 -1.082829
-0.963262 -0.840070
-0.854864 -0.946189
-1.238049 -2.056625
-1.063206 -1.524839
-1.154126 -1.572092
-0.986516 -1.910135
-1.307101 -1.992149
-1.087848 -1.162032
-0.893439 -1.638748
-1.055203 -1.319077
-0.978292 -0.910072
-0.973925 -1.363904
-1.036453 -0.772808
-1.321312 -2.042090
-1.278232 -1.131674
-0.992933 -0.650956
-1.194060 -1.911733
-0.853625 -1.132220
-1.091096 -1.094002
-1.152932 -0.753255
-0.780832 -0.960110
-1.132442 -1.172009
-0.758235 -1.020543
-0.749904 -1.106338
-1.042901 -1.973889
-1.015476 -1.214045
-1.030861 -1.204832
-0.933370 -0.816427
-0.881012 -0.867295
-1.163640 -0.777975
-1.191524 -1.296043
-1.014839 -1.101970
-0.844873 -1.456684
-1.060938 -0.630520
-1.284117 -1.123603
-1.185068 -1.071831
-0.973197 -1.385729
-1.093000 -1.468212
-1.149503 -1.896461
-0.784709 -0.698788
-1.085596 -1.041630
-1.116857 -1.236444
-1.263526 -1.140495
-0.997745 -1.471270
-1.340587 -2.008079
-1.011796 -1.333240
-1.135674 -0.955231
-0.995220 -1.336107
-0.929651 -1.745113
-1.247289 -1.643003
-1.294117 -1.429464
-1.237200 -1.894155
-1.010528 -1.962361
-0.891586 -0.666195
-1.050804 -1.836505
-1.353154 -1.934913
-1.018174 -0.678348
-1.145833 -1.570175
-1.206188 -1.179687
-0.921810 -1.318372
-0.851256 -1.367886
-1.191902 -1.014157
-1.091549 -0.632885
-0.999888 -0.886174
-1.331389 -1.746953
-0.945760 -1.584347
-0.900868 -0.849894
-1.002612 -1.852084
-1.316724 -1.879940
-1.365394 -1.494148
-0.978603 -0.690976
-0.960763 -0.767357
-0.993479 -1.404197
-1.138072 -1.223380
-1.029444 -0.998540
-1.063975 -1.621516
-0.783964 -0.990126
-1.182927 -0.868178
-0.841105 -0.727702
-1.005172 -1.778160
-1.003833 -0.787597
-1.122446 -1.401855
-0.918451 -1.776900
-1.160955 -1.262160
-1.194025 -1.245917
-0.953587 -0.852981
-1.360710 -1.360148
-1.252397 -1.995978
-0.826934 -1.311786
-1.211057 -1.303626
-1.071028 -0.966753
-1.242055 -1.471074
-0.970652 -1.249760
-1.287489 -1.787830
-0.940959 -0.610578
-0.905608 -0.942946
-0.895940 -0.874990
-1.139168 -1.648706
-1.139964 -0.768076
-1.133374 -0.829078
-0.979392 -1.616112
-1.239359 -2.061454
-1.261707 -1.945585
-1.128084 -0.680805
-1.180726 -1.759242
-1.112681 -1.225029
-1.207091 -2.057863
-1.295208 -1.380935
-0.780081 -1.300385
-1.034375 -1.698808
-1.127491 -0.679817
-1.365157 -1.778408
-1.100959 -1.412395
-0.799674 -1.363518
-1.071693 -0.687495
-1.246551 -1.939355
-1.267506 -1.096953
-0.999585 -0.735620
-1.173285 -0.870317
-1.025938 -1.954778
-1.126664 -1.831243
-1.113195 -1.528414
-0.917803 -1.281289
-1.160515 -0.981408
-1.000918 -1.521606
-1.339959 -1.781631
-1.283061 -1.475447
-1.176358 -1.161454
-0.858462 -0.895657
-0.902436 -1.625134
-0.987390 -1.481648
-0.936467 -0.773690
-1.337442 -1.828686
-1.051041 -1.864803
-1.165823 -0.970444
-1.127644 -0.713116
-0.911014 -1.273347
-0.844859 -0.716553
-0.746384 -1.167930
-1.381709 -1.772908
-1.345297 -1.707579
-1.306447 -1.135452
-0.993296 -0.559162
-1.189654 -1.958696
-0.900508 -1.368396
-1.051884 -0.649898
-1.049732 -0.641673
-1.031889 -0.679316
-0.830350 -0.926924
-0.960868 -1.785611
-1.252484 -1.172711
-0.877537 -1.593945
-1.223399 -1.322680
-1.274977 -1.422815
-1.039133 -1.369599
-1.076723 -0.665962
-0.807465 -1.213993
-1.272527 -1.034919
-0.971453 -1.773401
-0.997867 -1.224208
-0.895816 -1.648005
-1.346940 -1.696231
-1.065851 -0.669351
-0.860000 -1.454607
-0.964301 -1.374027
-1.349659 -1.241558
-0.905291 -0.923800
-1.380128 -1.548998
-1.030608 -1.406336
-1.159692 -1.255943
-1.089167 -1.724791
-1.197365 -1.356092
-0.947350 -1.435135
-0.987253 -1.829003
-1.328722 -1.156656
-1.295352 -1.849023
-1.032377 -1.416793
-0.920640 -1.422691
-1.283310 -1.069510
-1.043323 -1.914273
-1.116338 -1.843286
-1.327233 -1.273374
-0.880717 -1.282956
-1.111360 -1.314411
-1.181363 -0.977654
-0.863044 -1.544469
-0.741817 -0.954909
-1.228907 -1.760335
-1.044903 -1.454902
-1.026354 -1.236148
-0.950962 -1.270217
-0.995498 -1.137791
-1.175734 -1.435777
-1.300310 -1.368842
-1.096513 -0.804420
-1.042956 -1.348021
-1.139218 -0.955321
-0.811565 -0.808600
-1.126380 -1.583001
-1.111334 -1.629558
-1.209465 -1.289376
-0.806886 -1.263060
-1.112184 -1.489074
-1.038734 -1.623896
-1.052788 -0.726059
-1.358348 -1.312009
-1.168634 -1.493796
-1.278899 -1.310128
-0.847530 -0.759361
-0.999373 -0.632199
-0.985018 -0.999308
-1.016316 -1.961386
-0.976159 -1.889029
-1.174550 -1.939183
-0.853859 -1.092945
-0.838379 -1.146632
-1.226680 -1.675968
-1.362870 -1.421911
-1.021067 -0.669000
-1.003361 -0.898285
-1.001426 -1.523365
-0.853333 -1.334923
-0.849015 -1.178605
-1.178970 -1.073281
-1.062485 -1.603294
-1.073753 -0.971562
-1.090353 -0.891495
-0.758393 -0.970514
-0.875862 -0.804814
-1.027384 -1.799278
-1.256861 -1.414785
-1.050624 -1.282616
-0.830823 -0.904309
-1.052418 -0.634764
-0.762830 -1.012051
-1.348013 -1.686327
-1.317038 -1.536703
-1.199744 -1.559177
-0.783200 -1.114652
-1.045254 -0.584862
-1.148227 -1.349023
-1.211283 -1.034930
-1.185110 -2.043274
-1.174414 -0.903347
-0.747693 -0.913926
-0.920840 -0.790494
-1.067060 -0.932786
-1.054200 -0.676879
-1.186752 -1.553095
-1.019426 -0.879910
-0.871989 -1.180153
-1.343250 -1.861303
-1.358279 -1.646659
-0.808839 -1.063809
-0.928804 -0.873623
-1.008428 -1.758670
-1.251371 -1.121055
-1.116008 -1.277987
-0.879119 -1.448350
-0.930125 -1.372796
-1.257203 -1.554510
-0.878236 -1.357047
-1.196123 -1.073436
-1.224160 -1.842715
-0.926614 -1.004714
-1.229225 -2.099922
-0.844048 -0.783240
-0.851227 -1.329838
-1.250667 -1.923962
-1.179679 -1.201475
-1.033269 -1.974006
-1.137201 -0.968043
-1.040811 -1.804663
-1.277574 -1.501871
-1.254366 -1.833163
-1.246700 -1.352691
-0.892054 -1.005791
-1.096200 -1.597937
-1.345680 -1.587722
-0.919506 -1.527354
-1.201462 -0.875437
-1.114933 -2.094703
-1.106662 -1.026438
-1.283206 -1.982479
-1.215893 -1.783659
-1.030980 -1.550882
-1.082661 -0.651182
-1.298922 -1.938513
-1.055592 -1.550437
-1.258068 -1.412458
-1.003111 -1.287606
-1.180102 -1.900599
-1.095791 -1.313556
-0.958629 -1.083156
-0.814877 -0.797562
-1.034990 -0.590295
-1.309461 -1.695873
-1.230134 -2.122052
-1.356493 -1.452166
-1.378007 -1.852017
-1.046867 -1.614535
-1.134245 -1.326172
-1.049045 -1.464318
-1.305425 -1.769603
-0.789598 -1.331524
-1.167875 -1.000296
-0.956149 -1.164818
-1.179374 -1.978203
-1.211367 -1.115871
-0.907654 -0.893879
-1.308102 -1.036540
-1.233850 -1.609279
-0.761883 -1.083176
-1.151000 -1.763667
-1.031986 -0.881255
-0.932362 -0.850011
-1.049249 -1.510178
-1.291413 -1.424944
-0.826363 -1.088069
-1.087557 -0.660691
-0.903208 -1.356701
-1.197028 -1.004724
-1.103490 -0.759163
-1.167630 -0.883099
-1.057671 -1.955378
-1.192720 -0.880763
-1.212721 -1.107736
-1.065707 -1.032082
-0.885363 -1.049846
-1.289540 -1.377955
-1.318151 -1.962310
-0.985201 -0.695994
-1.151616 -1.497976
-0.999298 -1.886080
-1.233812 -2.042541
-0.953027 -1.827425
-0.989556 -1.381237
-1.121429 -0.644666
-1.262507 -1.159848
-0.979667 -1.608926
-0.865992 -1.298587
-1.035080 -0.923417
-0.905300 -1.638406
-1.085100 -1.054142
-0.951327 -0.561823
-1.020553 -0.760100
-0.972178 -0.797374
-0.911722 -0.832006
-1.102792 -2.027415
-1.083176 -1.876672
-0.797605 -0.835843
-1.304548 -1.557320
-1.037323 -0.684599
-0.886128 -0.728198
-1.254011 -1.490834
-1.092012 -0.787229
-0.898741 -0.929530
-1.240495 -1.813161
-1.049215 -1.349538
-1.193521 -1.330728
-1.272876 -1.457235
-1.090278 -1.854382
-1.289753 -1.246012
-1.252941 -1.878661
-1.081104 -0.606417
-1.345067 -1.448425
-0.895163 -1.578088
-1.158519 -0.998882
-1.084215 -1.375488
-1.303305 -1.079840
-0.771968 -0.855315
-1.162616 -0.882810
-1.220747 -1.960295
-1.233424 -1.287202
-1.287561 -0.963243
-0.809498 -1.334517
-1.046988 -1.909293
-0.850333 -1.485830
-0.793138 -1.268486
-0.925617 -1.567143
-1.064748 -1.335592
-1.146699 -1.580020
-0.784948 -1.361233
-0.944592 -1.125859
-0.963124 -1.463991
-1.156587 -0.990106
-0.920833 -0.995470
-1.368455 -1.347818
-1.365506 -1.522240
-1.339968 -1.913746
-1.033277 -1.776442
-1.306092 -1.672059
-1.258093 -0.927783
-1.339107 -1.553766
-0.938425 -0.906430
-1.204282 -1.919653
-1.188236 -1.153202
-1.055308 -0.850863
-0.810396 -1.159213
-1.252412 -2.023021
-1.073248 -1.533578
-0.946488 -0.948326
-1.289488 -1.734056
-1.275890 -1.223454
-0.973745 -1.734244
-0.890062 -0.982271
-1.096849 -1.543374
-1.180861 -1.286366
-0.898394 -0.849707
-1.063789 -0.943779
-0.976054 -0.954091
-1.114253 -0.680250
-1.187666 -1.407969
-0.853792 -0.949263
-0.890452 -0.614233
-1.023960 -1.110033
-1.077386 -0.828451
-1.087759 -1.440791
-1.058032 -1.195453
-0.984941 -1.563439
-1.279037 -1.465229
-1.229272 -1.484248
-0.780090 -0.824721
-1.025390 -1.635934
-1.201187 -1.396897
-0.893589 -0.960470
-0.959733 -1.262300
-1.332080 -1.870184
-0.994428 -0.950935
-1.075412 -1.455959
-1.144890 -1.524694
-1.029360 -1.166259
-1.122278 -1.653290
-1.070067 -0.870002
-0.958425 -0.746882
-1.132051 -1.052614
-0.751809 -1.106633
-1.023211 -0.762210
-1.079078 -1.837878
-0.912076 -1.173319
-1.245599 -1.608923
-1.247835 -0.975879
-0.958448 -0.958227
-1.247400 -1.420223
-1.171489 -1.745374
-1.169789 -1.883615
-1.027721 -1.106527
-1.078578 -0.612311
-0.897490 -0.630060
-0.989730 -1.768061
-1.153713 -1.037354
-1.153325 -0.986412
-1.264779 -1.178311
-0.798106 -1.112620
-0.949439 -0.743411
-0.772699 -0.800827
-1.218557 -0.914564
-1.272196 -1.628401
-1.018822 -0.844430
-0.882977 -0.609935
-1.065317 -0.771592
-0.994939 -0.683143
-1.032985 -1.540989
-1.203434 -1.684167
-0.823782 -1.415400
-1.049558 -1.785965
-1.169787 -1.239921
-1.278871 -1.898044
-1.056716 -1.413642
-1.108193 -1.667247
-0.927428 -1.117562
-1.047501 -0.960428
-1.048243 -0.883460
-1.088874 -0.907383
-1.065538 -0.828913
-1.203943 -1.954769
-0.967626 -1.482794
-1.133401 -0.699430
-1.131491 -1.880603
-0.843759 -0.609446
-1.250845 -1.732611
-0.758654 -1.189447
-0.948154 -0.658725
-1.004741 -0.695685
-1.017994 -0.993227
-0.895116 -0.723159
-1.343874 -1.309663
-1.136920 -1.943671
-1.093098 -2.002920
-1.028751 -1.854415
-1.008942 -1.625941
-0.854359 -0.775784
-0.871045 -1.488560
-1.213731 -1.938530
-1.306379 -1.698295
-1.323753 -1.896863
-1.043268 -1.420569
-1.098687 -1.327705
-1.272157 -2.034753
-1.093196 -0.900986
-1.115582 -1.398938
-1.338664 -1.935733
-1.123358 -1.298339
-0.902708 -1.505111
-1.174747 -1.986648
-1.185590 -1.015556
-1.173642 -0.790063
-1.328085 -1.521984
-0.876702 -1.245468
-1.183916 -0.841634
-0.837691 -1.301921
-1.342785 -1.459210
-1.125487 -1.417139
-0.994919 -0.761717
-0.832159 -0.667005
-0.780997 -1.071424
-1.088850 -0.647946
-1.346536 -1.768383
-1.151095 -1.025349
-1.055833 -1.400992
-1.220481 -2.058830
-0.922714 -1.458437
-1.129249 -1.300886
-1.271903 -1.519472
-1.014956 -0.616514
-1.247528 -1.449696
-1.015512 -1.760134
-1.318442 -1.360118
-1.320035 -1.748038
-1.288780 -1.901358
-0.881496 -1.469947
-0.999586 -0.899584
-0.888456 -1.419356
-0.861281 -1.235611
-0.959857 -0.878204
-1.173471 -1.049732
-1.000351 -1.253010
-1.109043 -1.875154
-1.122527 -1.231520
-1.267560 -1.555163
-0.935838 -0.914568
-1.276763 -1.908445
-0.956540 -1.813346
-0.853340 -1.223081
-1.220190 -1.469906
-1.210238 -1.859242
-0.849152 -1.267797
-0.977855 -0.625102
-0.818736 -0.722661
-1.239948 -1.428056
-1.201149 -2.070724
-1.238698 -1.535224
-1.095717 -1.266115
-1.165701 -0.752101
-1.171467 -1.164230
-1.254120 -1.593392
-1.350272 -1.547084
-0.982672 -1.559711
-0.918652 -1.570024
-0.851672 -1.121986
-1.328907 -1.859045
-0.818960 -1.216796
-1.218779 -1.561276
-1.098178 -0.682002
-1.089465 -1.088296
-1.225855 -1.543542
-1.298071 -1.944614
-1.013452 -0.853040
-0.922561 -0.828339
-1.322781 -1.853235
-0.804576 -1.360968
-1.029821 -1.285256
-0.922045 -1.016896
-0.943292 -1.212205
-1.003504 -1.063570
-1.106462 -1.023448
-1.225000 -1.793070
-0.843195 -0.749757
-1.338353 -1.224734
-1.005963 -1.805309
-0.863644 -0.837206
-1.123720 -1.722942
-1.270976 -1.861682
-1.262118 -1.054040
-1.252567 -1.821584
-1.131006 -1.893937
-1.098776 -1.687602
-0.892606 -1.474072
-0.822060 -1.448247
-1.212268 -1.788909
-1.348465 -1.742008
-1.179029 -2.076603
-1.223911 -1.393656
-1.056378 -1.765649
-1.153630 -0.771621
-1.352117 -1.967041
-1.178239 -1.961711
-1.062508 -1.515926
-1.014967 -0.779849
-0.787635 -1.030812
-1.122276 -0.965482
-1.172160 -0.973199
-1.033932 -1.739399
-1.012946 -0.978304
-0.754150 -1.133084
-1.199861 -1.640393
-1.200354 -1.683753
-1.254615 -1.784630
-0.815692 -1.198346
-1.211060 -1.755478
-1.091041 -0.926226
-0.911253 -0.921371
-1.356403 -1.569505
-0.737069 -0.887565
-1.074817 -0.780938
-0.803083 -1.224244
-0.901827 -1.015896
-1.289909 -1.942351
-1.357010 -1.564276
-1.235241 -2.024837
-0.779454 -1.164502
-1.269465 -1.781072
-1.378566 -1.710344
-1.207718 -1.944626
-0.789168 -1.050221
-1.000613 -0.869392
-1.035216 -1.510918
-0.879674 -1.262500
-0.744659 -1.063565
-1.183933 -1.133114
-1.323752 -1.754256
-1.114382 -1.237090
-1.240615 -2.011473
-0.761635 -0.810187
-0.897234 -0.630735
-0.866576 -0.772005
-1.276663 -1.188059
-1.304688 -1.278082
-1.008173 -0.655349
-0.963836 -1.119269
-1.284441 -1.826898
-1.094119 -0.956333
-0.886231 -1.352310
-1.076396 -1.876870
-1.029216 -0.751205
-1.289953 -1.332894
-0.935653 -0.936309
-1.321610 -1.888777
-1.277342 -1.016905
-1.135033 -1.156831
-1.356157 -1.901633
-1.031930 -1.900963
-1.105014 -1.960770
-0.881222 -0.938384
-1.356928 -1.360242
-1.024266 -1.522328
-0.892453 -0.985082
-0.767300 -1.251036
-1.127318 -1.639112
-1.068200 -0.915968
-0.918231 -0.890325
-1.268077 -1.254371
-0.774478 -1.324935
-1.069401 -0.768893
-1.342260 -1.292936
-1.100405 -0.903202
-1.232287 -1.659764
-1.219655 -1.686076
-1.248887 -1.054542
-1.207805 -0.842575
-0.959509 -1.275219
-1.257850 -1.917275
-0.870914 -1.306469
-1.339648 -1.425597
-1.073462 -0.663657
-1.212053 -1.900141
-0.972759 -1.559071
-1.051809 -1.461270
-0.923406 -1.770528
-0.939308 -0.918422
-0.997662 -1.034123
-1.095295 -1.631233
-1.264711 -1.070076
-0.792072 -0.820848
-0.794331 -1.281109
-1.041896 -1.357215
-1.210752 -0.956352
-1.214821 -0.865669
-1.025940 -0.567169
-0.996282 -0.721003
-1.061254 -0.799435
-1.039576 -1.721258
-0.745566 -0.915210
-0.768171 -1.000058
-0.957230 -1.391636
-0.855155 -1.599996
-0.838286 -1.490110
-0.908619 -0.632368
-0.909645 -0.588913
-1.054477 -1.422338
-0.989377 -1.100984
-1.199743 -1.446581
-1.219523 -1.996621
-0.798638 -1.183409
-1.316475 -1.676216
-1.145013 -1.502979
-0.797042 -1.103628
-0.983843 -0.600400
-1.158830 -2.115890
-0.926426 -1.453730
-0.971318 -0.865497
-1.048467 -1.853923
-1.382946 -1.783253
-1.242572 -1.264743
-0.870616 -1.597509
-1.038048 -1.588010
-1.121794 -1.558994
-0.880215 -0.760915
-1.190839 -0.887616
-1.354666 -1.541892
-0.991728 -1.613726
-0.948511 -1.243284
-1.024279 -1.682939
-0.934258 -1.576584
-1.058750 -1.013650
-1.222211 -1.109137
-1.076608 -0.638669
-1.150818 -1.794700
-0.981815 -0.763948
-0.758845 -1.168318
-0.919393 -1.258156
-0.993605 -1.755889
-1.108246 -1.825050
-0.898468 -0.689912
-1.257132 -1.371029
-1.132390 -1.842406
-0.867713 -0.866173
-1.202698 -0.960257
-0.850737 -0.824606
-1.280421 -1.218845
-1.024708 -0.895365
-1.196243 -1.425563
-1.357238 -1.493973
-1.092644 -2.030822
-1.127129 -1.490912
-1.079540 -2.013829
-1.171153 -1.968987
-1.109395 -1.805599
-0.966924 -1.766415
-1.258256 -2.015806
-0.942547 -1.514798
-0.834393 -1.312309
-0.997114 -1.378625
-1.084003 -1.898494
-0.876049 -1.434237
-1.325732 -1.931743
-1.225130 -1.633913
-1.301999 -1.815373
-0.942051 -1.501148
-1.279896 -1.775538
-1.012648 -1.279386
-0.938011 -1.564231
-0.866743 -1.298516
-1.184150 -1.471477
-1.269589 -1.452214
-1.159493 -1.420663
-1.201917 -1.711267
-0.797659 -1.055695
-1.258533 -1.617080
-1.055855 -1.284216
-0.881126 -0.830133
-1.241737 -1.797336
-1.217167 -1.027958
-1.198983 -2.095509
-0.816209 -1.293267
-0.919303 -0.905981
-0.996299 -1.406036
-1.234389 -0.908535
-1.363910 -1.879503
-1.150817 -1.907832
-1.137192 -0.820909
-1.212097 -1.712863
-0.795166 -0.889055
-0.965213 -0.621315
-1.275608 -1.684766
-1.064566 -0.733225
-1.212754 -2.077200
-1.260680 -1.294285
-0.943209 -1.517410
-1.074316 -0.885619
-1.211145 -0.914964
-0.941724 -0.832665
-1.117555 -1.910620
-1.064205 -0.899474
-1.004858 -0.956392
-0.865754 -0.974006
-0.969641 -0.762467
-1.029300 -1.003629
-0.866899 -1.277196
-1.105955 -1.268340
-1.142740 -0.731488
-1.000337 -0.772416
-1.070610 -1.257937
-1.187393 -1.216769
-0.949761 -1.558118
-1.092767 -2.006056
-1.065041 -1.262826
-1.174175 -1.721626
-1.325880 -1.851328
-1.278074 -1.842651
-1.169448 -1.187248
-1.240981 -1.889250
-0.926075 -1.626027
-0.825111 -1.203062
-0.878945 -0.867100
-1.035120 -1.594206
-0.875059 -1.049746
-1.362118 -1.696253
-0.966226 -1.475106
-1.367759 -1.669013
-0.821363 -0.791756
-0.998839 -0.742664
-1.051319 -1.182217
-1.128905 -1.345473
-0.902445 -1.717086
-1.115745 -1.493487
-1.247984 -1.407705
-1.281932 -1.935445
-1.250935 -1.638834
-0.958473 -1.704249
-1.336422 -1.458787
-1.378946 -1.776886
-1.248622 -1.394691
-1.016433 -1.626718
-1.147601 -1.807166
-1.136135 -2.073533
-1.022154 -1.654867
-1.157430 -1.100356
-1.103872 -1.464473
-1.316751 -1.337035
-1.323803 -1.407393
-1.111521 -0.854137
-1.042948 -0.596330
-1.166857 -2.003333
-1.160174 -1.505643
-0.832285 -0.794352
-0.768354 -1.300299
-1.356481 -1.414248
-1.311897 -2.045066
-1.208327 -0.861455
-1.282961 -1.461710
-0.876050 -0.946521
-1.192247 -1.116021
-1.046418 -1.774529
-1.193567 -1.635260
-1.075059 -1.983935
-0.881809 -1.055344
-0.807443 -1.301783
-1.292201 -1.090900
-0.827064 -1.472153
-1.209540 -1.449255
-1.106838 -1.253681
-1.060160 -0.763639
-1.150079 -1.489061
-1.251008 -1.705038
-1.302313 -2.077663
-1.045073 -1.515804
-1.017301 -1.263267
-1.296880 -1.611443
-1.102142 -1.518792
-1.133916 -1.372843
-0.802584 -1.126051
-1.076017 -0.942171
-1.149004 -2.043645
-0.941896 -1.354767
-1.149120 -1.428782
-0.819249 -0.658286
-1.219126 -1.512084
-1.234669 -1.499755
-1.254637 -1.505622
-0.864632 -1.010567
-1.086381 -1.312988
-0.823307 -0.783734
-1.174183 -1.541181
-1.099729 -1.346770
-0.796152 -1.138578
-1.147496 -1.149852
-0.868489 -0.712520
-1.078995 -1.904369
-1.255612 -1.981515
-0.992157 -1.073657
-1.191170 -2.107503
-1.237970 -1.944054
-1.255963 -1.818118
-0.827310 -1.364756
-1.265411 -1.964405
-1.370760 -1.588286
-1.129924 -1.319307
-0.951156 -1.311637
-1.091989 -1.060315
-1.189379 -1.072112
-1.226917 -2.053628
-1.110314 -1.315699
-1.110549 -1.788465
-1.089646 -1.855965
-1.180382 -1.642834
-1.299090 -1.812492
-0.893445 -1.569561
-1.162613 -1.134712
-0.875569 -0.856483
-0.914153 -1.097668
-1.261679 -1.638067
-1.126115 -1.367087
-1.311136 -1.771386
-1.245341 -2.026914
-0.892694 -1.235476
-1.276923 -1.581447
-0.799993 -1.112812
-0.903829 -1.078817
-1.099202 -1.303813
-1.381006 -1.565084
-1.334362 -1.230581
-1.085711 -1.229766
-1.055638 -1.058281
-0.851972 -1.248484
-1.367828 -1.840727
-1.334791 -1.411365
-1.251658 -1.361168
-1.233916 -1.983591
-0.804976 -1.191540
-1.000845 -1.134048
-1.018320 -1.248073
-1.139576 -1.600800
-0.953421 -1.724020
-0.966981 -1.015979
-0.905020 -1.551523
-1.173266 -1.199269
-1.215771 -1.072920
-0.895310 -1.204284
-0.852220 -0.781064
-1.347138 -1.694090
-0.985786 -1.862600
-1.024670 -0.716620
-0.861329 -1.283543
-0.976057 -1.432971
-1.035958 -1.028299
-1.183638 -1.325300
-0.991183 -1.725662
-1.371861 -1.729400
-0.880914 -0.624387
-0.911788 -1.052311
-1.063770 -0.686955
-0.750105 -0.972026
-1.229192 -0.893190
-1.232801 -1.870106
-0.950344 -1.761504
-0.827200 -1.127287
-1.192066 -1.536312
-1.018102 -1.237248
-1.136959 -0.934642
-0.987994 -0.581155
-1.232549 -2.109078
-0.960713 -1.368122
-1.217150 -1.436242
-1.238888 -1.565973
-0.963775 -0.811492
-1.131475 -1.435748
-1.067431 -1.340040
-1.303829 -1.596365
-1.203721 -1.639142
-1.191445 -0.928562
-1.125783 -1.716430
-0.947586 -1.502114
-1.113808 -1.397712
-1.117643 -1.168511
-1.234429 -1.203555
-1.151882 -0.833242
-1.057803 -0.652966
-1.006962 -1.574859
-1.026495 -1.236899
-1.208869 -0.979961
-1.187692 -1.365094
-0.994881 -1.039176
-1.140603 -1.201595
-0.858210 -1.494365
-0.998008 -0.931608
-1.037333 -1.649346
-1.334560 -1.469018
-1.298556 -1.460955
-1.043323 -1.234349
-1.245546 -1.450232
-0.815845 -1.169290
-1.339611 -1.274289
-1.153731 -1.130654
-0.901038 -0.736622
-1.101547 -0.655328
-1.133544 -1.997670
-0.978102 -0.632308
-1.336998 -1.360117
-1.118550 -1.333547
-0.985812 -1.796613
-1.024768 -0.707359
-1.287423 -2.104792
-0.986109 -1.187381
-0.846902 -1.465505
-1.098708 -1.475519
-1.222064 -1.039609
-0.788827 -0.833264
-0.844886 -1.483023
-1.270508 -1.602132
-0.834649 -1.356944
-0.826634 -0.848216
-1.017526 -1.489673
-0.960212 -1.282159
-1.039490 -0.894773
-0.979359 -1.051063
-0.848523 -1.482881
-1.316835 -1.765740
-1.259845 -1.570336
-0.986027 -0.701110
-0.787427 -0.916209
-0.917054 -1.256523
-0.771651 -0.933746
-0.948951 -1.149086
-1.334016 -1.526846
-1.209634 -1.753708
-0.993972 -0.624847
-1.017765 -0.969979
-1.293426 -1.193782
-1.136867 -1.681326
-1.060389 -1.642412
-1.169440 -1.899270
-1.111930 -1.912566
-1.108350 -0.638691
-1.200334 -1.631521
-1.260433 -1.465755
-0.912252 -0.949819
-0.956277 -1.273616
-0.841907 -0.631494
-1.087213 -1.667996
-1.192668 -1.976590
-1.246032 -1.191820
-0.791377 -0.696629
-0.893109 -1.078598
-1.162683 -1.723454
-1.274324 -1.678476
-1.095891 -1.627493
-0.945616 -0.881595
-1.260746 -1.484130
-1.103180 -1.528585
-0.872096 -0.622780
-1.126403 -1.683929
-1.115229 -0.871362
-1.038097 -1.387489
-1.064421 -1.917478
-1.105392 -1.655679
-0.938293 -1.638305
-1.152764 -2.096507
-0.874727 -0.986826
-1.331230 -1.955830
-1.274392 -1.578778
-0.862987 -1.347415
-0.917525 -0.880144
-1.258870 -1.149559
-1.228439 -0.887326
-1.141981 -0.759945
-1.303571 -1.219284
-1.048429 -1.953036
-1.113463 -1.228639
-1.283777 -1.064584
-1.064092 -1.945390
-1.038732 -0.986341
-1.361158 -1.825052
-1.211196 -1.683286
-0.758170 -1.187779
-1.160227 -0.880493
-0.807090 -0.863177
-1.159123 -1.523864
-0.830598 -1.031752
-1.369020 -1.426913
-0.924181 -1.260025
-0.949980 -0.807311
-0.936001 -0.743335
-1.114358 -1.216289
-1.044149 -1.103830
-0.955908 -0.864541
-0.896164 -1.484230
-1.148324 -1.170684
-1.035533 -1.897143
-1.063590 -1.886358
-1.204527 -1.017809
-1.047023 -1.093390
-0.988828 -0.727270
-0.911465 -1.436250
-0.781726 -0.792819
-1.241369 -1.362604
-0.735847 -0.987053
-0.896682 -0.859241
-1.294473 -1.667255
-0.918897 -1.183442
-1.341673 -1.552182
-1.090789 -1.878005
-1.182861 -1.035298
-1.032224 -1.234609
-1.020977 -1.473789
-1.067250 -1.355126
-1.245386 -1.632491
-1.300262 -2.068888
-1.034366 -1.098145
-1.123290 -0.835902
-1.281099 -1.487546
-0.912550 -1.527495
-0.880104 -0.868772
-0.958613 -1.820012
-1.243444 -2.074618
-1.126401 -1.517288
-1.158593 -1.827952
-1.126752 -1.905634
-0.754914 -1.206477
-1.255725 -1.203619
-1.114511 -1.511656
-1.360298 -1.554234
-1.242928 -0.936085
-0.955971 -0.618642
-0.925651 -1.230797
-1.221730 -1.918516
-1.053038 -0.877484
-0.968169 -1.562382
-1.203023 -1.344526
-1.119579 -1.628147
-1.145432 -0.935519
-1.131682 -1.996657
-1.060280 -1.626620
-1.209910 -1.765209
-0.908614 -1.541094
-1.011792 -1.431827
-1.142358 -0.972156
-1.131389 -1.112208
-0.794099 -1.355029
-0.974042 -0.983151
-0.966654 -1.848801
-1.232013 -0.975418
-1.108310 -2.007478
-1.046815 -1.580221
-0.776483 -0.934802
-1.116260 -0.795176
-0.888853 -0.786055
-0.849274 -1.339713
-0.957621 -1.083469
-0.820271 -1.498392
-1.022560 -1.855116
-0.833654 -0.929491
-0.888434 -1.078786
-0.948867 -1.368695
-1.200280 -1.387226
-1.344371 -1.713745
-0.905832 -1.074340
-1.062299 -0.592405
-1.349242 -1.921415
-1.071643 -1.650757
-1.203643 -1.758125
-0.763795 -0.822071
-0.776099 -1.298023
-0.860088 -0.898831
-1.251773 -2.088824
-0.837894 -1.101360
-1.032272 -1.040802
-0.987649 -0.565355
-1.111002 -1.128998
-0.800879 -0.783139
-1.009177 -1.819386
-1.033708 -1.827693
-1.189707 -1.727154
-0.944153 -1.092902
-0.944281 -1.050225
-1.191564 -1.787451
-1.240743 -2.039823
-0.801481 -1.029819
-0.774473 -1.185139
-1.255929 -1.391568
-1.116625 -1.477774
-1.078739 -1.376003
-0.837752 -1.445810
-1.218719 -2.146594
-1.202356 -1.706329
-0.830963 -0.928777
-1.270532 -0.957622
-1.148003 -0.922449
-1.324897 -1.321735
-0.983903 -1.346983
-1.188841 -0.905384
-1.234001 -1.131160
-1.291097 -1.603548
-0.788767 -0.808617
-0.939589 -1.329086
-0.849301 -1.197474
-1.259558 -1.385931
-0.974519 -0.860103
-1.314880 -1.106969
-1.052148 -1.165911
-1.272315 -2.066558
-1.152827 -1.624353
-1.193289 -1.960039
-0.875846 -1.642078
-1.053674 -1.530357
-1.066340 -1.261220
-0.991331 -0.838423
-1.000014 -1.915290
-1.102056 -0.637997
-1.021925 -0.893166
-1.189483 -1.406221
-1.185930 -1.494711
-1.322662 -1.699075
-0.782255 -0.730959
-1.239261 -1.032171
-1.036642 -1.829178
-1.198408 -2.083045
-0.890078 -0.967397
-0.936996 -1.281855
-0.868337 -1.280222
-1.047339 -1.724824
-0.798250 -0.776886
-1.075862 -1.080959
-1.116388 -0.957562
-1.020417 -0.593882
-0.882942 -1.388695
-1.095604 -2.007233
-1.273727 -1.145255
-0.944332 -0.675635
-0.803905 -1.262965
-0.939575 -1.400060
-1.156642 -0.706842
-1.103696 -1.684889
-0.845083 -1.309250
-0.912472 -1.138989
-1.244395 -1.567291
-1.243234 -1.188304
-1.252971 -0.882921
-1.070107 -2.039483
-0.929412 -0.986917
-1.179316 -1.362158
-1.011009 -1.611580
-0.927912 -1.756620
-0.878072 -1.681704
-0.976189 -1.693192
-1.125481 -0.843059
-0.950046 -1.518823
-0.991066 -1.682455
-1.069510 -1.346462
-1.028366 -1.018857
-1.075551 -0.912888
-1.139208 -1.179732
-0.879410 -0.979047
-0.934899 -1.752052
-1.012623 -0.787450
-1.352423 -1.790397
-0.944427 -0.955794
-1.153044 -1.174733
-0.918204 -1.226581
-1.108100 -1.595458
-1.033752 -1.550512
-0.809886 -1.401455
-1.248107 -1.620981
-1.058890 -1.636014
-1.183401 -0.932645
-0.895577 -0.772722
-0.904626 -1.677538
-1.256992 -2.018648
-1.097581 -0.908388
-1.122243 -2.035754
-1.265697 -1.597667
-1.233093 -0.942188
-1.310584 -1.049528
-1.315881 -1.859394
-1.007705 -0.559865
-1.313014 -1.945737
-0.876030 -0.595177
-0.945122 -0.767152
-1.185878 -1.267136
-0.854311 -0.864279
-0.966449 -1.523385
-1.156578 -1.929242
-1.132773 -1.783565
-0.898619 -1.171333
-1.096592 -0.859026
-1.152459 -0.882786
-1.080865 -0.938685
-0.867789 -1.340373
-1.190267 -0.837564
-1.023615 -1.080998
-1.253807 -0.955189
-1.148542 -0.815175
-1.299631 -2.017968
-1.043297 -1.796648
-0.872883 -0.959051
-1.113146 -1.947646
-1.163297 -1.816887
-1.330611 -1.265365
-1.244150 -1.385099
-1.144728 -0.975846
-1.056290 -1.624444
-1.022491 -1.911018
-1.080730 -1.144691
-1.031576 -1.575417
-0.983635 -0.957727
-1.025234 -1.964841
-1.091986 -1.694033
-1.256450 -1.585417
-1.275910 -1.247506
-0.843346 -1.405978
-0.865561 -1.592473
-1.113019 -1.170406
-0.880179 -1.264920
-1.256496 -1.340935
-0.762115 -0.889482
-1.082886 -1.244719
-1.238246 -1.153538
-1.298023 -1.043621
-1.321401 -1.188415
-0.852394 -0.848083
-0.792107 -0.968845
-1.208881 -1.169666
-1.139153 -1.798612
-0.855206 -0.760042
-0.969691 -0.692744
-1.213635 -1.304789
-0.807865 -0.936814
-1.061152 -1.659491
-1.104314 -1.238332
-1.358097 -1.426425
-1.119849 -1.055271
-1.013530 -0.732742
-1.331863 -1.778620
-1.251578 -1.997711
-1.178238 -1.408131
-0.996438 -1.529753
-0.886797 -0.807992
-1.293477 -1.628269
-1.190528 -1.081609
-1.325700 -1.311799
-0.901338 -1.445010
-1.188500 -0.997156
-0.834923 -1.264990
-0.948279 -0.571162
-1.026201 -1.677352
-1.349940 -1.215430
-0.914632 -1.554434
-1.229677 -1.234957
-0.869278 -0.928957
-1.355847 -1.319884
-1.344658 -1.460644
-1.058645 -1.070304
-0.760372 -0.848892
-0.986225 -1.062003
-0.932396 -1.565988
-1.025955 -1.418070
-1.320202 -1.805674
-1.230429 -1.563272
-0.942105 -1.233174
-1.155385 -0.764528
-1.116044 -1.774991
-0.773401 -1.271760
-1.124721 -1.048949
-1.094753 -1.562665
-1.131218 -0.752072
-0.886003 -0.706455
-1.075223 -0.974383
-1.191682 -1.361050
-0.997232 -0.562294
-1.105494 -1.018753
-1.108099 -1.200214
-1.347490 -1.299055
-1.237795 -1.718614
-0.983659 -0.831455
-0.893371 -1.369437
-1.370119 -1.731601
-1.127769 -1.819075
-1.177225 -0.885619
-0.773752 -0.901828
-0.800746 -0.724347
-1.128709 -1.266782
-1.090999 -1.854434
-0.869626 -0.832126
-0.981233 -0.707465
-1.161023 -0.898379
-1.022903 -0.907296
-1.062611 -1.347860
-1.084236 -1.056726
-1.058618 -0.769872
-0.760746 -1.095081
-1.167572 -1.055063
-1.100743 -1.566622
-1.255382 -1.979947
-1.175043 -0.761709
-1.145791 -1.316351
-0.764230 -0.743829
-1.367576 -1.394344
-1.011433 -1.247367
-0.955177 -1.381855
-0.966734 -0.550353
-1.194012 -0.937025
-1.307513 -1.718369
-1.209628 -2.015692
-1.309369 -1.737283
-0.983326 -1.442502
-0.829788 -1.213231
-1.169627 -1.669433
-0.929547 -0.622458
-1.202547 -1.589552
-1.057638 -1.461939
-1.033515 -1.248310
-1.022755 -0.736414
-1.303733 -1.070448
-0.846418 -0.891868
-0.887200 -1.562858
-1.000908 -0.613566
-1.020849 -1.191086
-0.921356 -1.541481
-0.865613 -1.530543
-1.050753 -1.313393
-0.912209 -0.778698
-1.209358 -1.826314
-1.033681 -0.658481
-0.896403 -0.751949
-0.860170 -0.896399
-1.096987 -1.380159
-0.946118 -1.459584
-0.954258 -1.308673
-1.055006 -1.544767
-0.772146 -1.258327
-1.140983 -0.801001
-1.075496 -0.630626
-1.070533 -1.486421
-1.131697 -0.985282
-0.953345 -1.221015
-1.350879 -1.935385
-1.100375 -1.698924
-1.021797 -1.375901
-1.053186 -1.548265
-1.208022 -2.028637
-1.061273 -1.875039
-1.345775 -1.763181
-0.861455 -1.043303
-1.235895 -1.260720
-0.837031 -1.516419
-0.862033 -0.751794
-0.894800 -0.937656
-0.753337 -0.837105
-1.370650 -1.501862
-1.137287 -0.924661
-1.004833 -1.822682
-1.265713 -1.352054
-1.227012 -0.884377
-1.170069 -0.730919
-0.794244 -0.964016
-1.004207 -1.182872
-0.907290 -1.682470
-1.300184 -1.973521
-0.969478 -1.117139
-1.290555 -1.200312
-1.076901 -0.885137
-1.328830 -2.009800
-0.959593 -1.731026
-0.955705 -1.619380
-0.883646 -0.714138
-1.287967 -1.940668
-1.044975 -0.638753
-1.194155 -1.685188
-1.316481 -1.481878
-1.131425 -0.939485
-0.813871 -1.285618
-0.863560 -0.715844
-1.129704 -1.507434
-1.305148 -1.381328
-1.129257 -0.809997
-0.986056 -1.917294
-0.848231 -1.150823
-1.177414 -1.389015
-1.200322 -1.175264
-0.823335 -0.809371
-1.119626 -0.857039
-1.075327 -1.740639
-1.210346 -1.741196
-1.167318 -1.389379
-0.809670 -1.401006
-0.951835 -1.743078
-0.867096 -1.324414
-1.358653 -1.893329
-0.846395 -1.572479
-1.138950 -1.636851
-1.347254 -1.769430
-1.212049 -1.568507
-1.185117 -1.950325
-0.954387 -1.334050
-0.829866 -1.272838
-0.926649 -1.175767
-1.138200 -1.576840
-1.243792 -1.873227
-0.841512 -0.707462
-1.133521 -1.750373
-1.302608 -1.203551
-1.213745 -1.896021
-1.189503 -1.422587
-1.091121 -0.895064
-0.929873 -1.625872
-0.937814 -1.816751
-0.978353 -0.571996
-0.954472 -0.620805
-0.936887 -0.552515
-1.141919 -2.091557
-1.267159 -1.958323
-1.288413 -1.329751
-1.353865 -1.399969
-0.903707 -1.321508
-0.834470 -0.897567
-1.020100 -1.358101
-1.072175 -0.793238
-1.144381 -1.366657
-1.078652 -1.599247
-0.956088 -1.217037
-1.045647 -1.650151
-1.357243 -1.637118
-1.102266 -1.472546
-1.319348 -1.373533
-1.048972 -0.801363
-1.167891 -0.823700
-0.855523 -0.980750
-1.245929 -1.581593
-1.196507 -1.453843
-1.344026 -1.268431
-1.320027 -1.250579
-0.970008 -0.646747
-1.180760 -1.352131
-1.190444 -1.649946
-1.370445 -1.851647
-1.284742 -1.979917
-0.861845 -0.821066
-1.324270 -1.091673
-0.908657 -1.069318
-1.095655 -1.635348
-1.223865 -2.128448
-0.933520 -1.693374
-0.780431 -1.360896
-0.822568 -1.501752
-0.816518 -0.798389
-1.309871 -2.029906
-0.933604 -0.659591
-1.257747 -1.012225
-1.376627 -1.388993
-1.176631 -1.767202
-1.149557 -0.770719
-1.005565 -1.070947
-0.800880 -0.687235
-1.003004 -1.662170
-1.148919 -1.691378
-1.059711 -1.148383
-0.889554 -0.890750
-1.193535 -1.198262
-1.099453 -1.483308
-1.008593 -1.147118
-1.377614 -1.841712
-0.986046 -1.021349
-1.163244 -1.475793
-1.075155 -1.484139
-1.167738 -0.698296
-0.753611 -1.137900
-0.903830 -1.434074
-1.277703 -1.092293
-1.073741 -1.752240
-1.297477 -1.657732
-1.087235 -0.829590
-0.867734 -1.030910
-1.266528 -1.768985
-1.068213 -1.219556
-1.323894 -1.856957
-1.187162 -0.739028
-1.257827 -2.037130
-1.340645 -1.936210
-1.343090 -1.927990
-0.869779 -1.243921
-0.830503 -1.012856
-1.139489 -1.406513
-1.222226 -1.545126
-0.942913 -0.739116
-1.184183 -1.449929
-1.153675 -2.045175
-1.111050 -0.865215
-0.997414 -0.721676
-1.081127 -1.425947
-0.830561 -0.938430
-1.044450 -1.576195
-0.852369 -1.401802
-0.839619 -1.111312
-1.321628 -1.413365
-1.020734 -1.762552
-1.335702 -1.516828
-1.105666 -1.738355
-1.011697 -0.891601
-1.300886 -1.531397
-1.181001 -1.805003
-1.162668 -1.362299
-1.268495 -1.167160
-1.191559 -0.934766
-1.233571 -2.131878
-1.007447 -0.572552
-1.079157 -1.842692
-1.014300 -1.305324
-1.251235 -1.289724
-1.009956 -1.207205
-0.949290 -1.668348
-1.316937 -1.912285
-0.803399 -0.743350
-1.131550 -1.746984
-1.101612 -0.722747
-0.910838 -1.449333
-0.817923 -1.074796
-1.137410 -1.838104
-0.922902 -0.679928
-1.168515 -1.227059
-1.165712 -2.121573
-0.892790 -1.610492
-0.942986 -1.829861
-1.366163 -1.316178
-1.348845 -1.439457
-0.971663 -1.293255
-0.909441 -1.756219
-1.284884 -1.551017
-0.772433 -1.099899
-1.024687 -1.188509
-0.862213 -1.144907
-1.020100 -1.113349
-1.162483 -1.669402
-0.752277 -0.808399
-1.179929 -1.073756
-1.255365 -2.088396
-0.897402 -1.719073
-0.941793 -0.555802
-0.796722 -0.782060
-1.263475 -1.309273
-0.874201 -1.363140
-1.320859 -1.144236
-1.016979 -1.115150
-0.973251 -1.171236
-1.174682 -1.547821
-0.743299 -0.875558
-0.956084 -0.792583
-1.150963 -1.103143
-1.162229 -1.624620
-0.940152 -1.452601
-1.218833 -1.562333
-0.796278 -0.771192
-1.205137 -2.093834
-1.084839 -1.485695
-0.835448 -0.617087
-1.079330 -1.875355
-1.072674 -1.533221
-1.334951 -1.609455
-0.860941 -1.299561
-1.042789 -1.786062
-1.180021 -1.485715
-1.240690 -0.876046
-1.132406 -0.676292
-0.880823 -1.500456
-1.186661 -1.879628
-0.975649 -1.552762
-1.108728 -1.321515
-1.134347 -0.716352
-0.967933 -0.977229
-0.802123 -1.108361
-0.875283 -1.341382
-1.168941 -1.916202
-0.870039 -0.758799
-1.105259 -2.048724
-0.917403 -0.911316
-0.941599 -0.955890
-1.112308 -0.710357
-1.099597 -1.668460
-1.208817 -0.830328
-1.285285 -1.202971
-1.211875 -1.967305
-0.750012 -0.854478
-0.804247 -1.405629
-1.160373 -1.373952
-1.222049 -1.820832
-0.996663 -0.594616
-1.216052 -0.861085
-1.104871 -0.690293
-0.923613 -0.940044
-0.750966 -1.046363
-1.372565 -1.434527
-1.156621 -0.925630
-0.951861 -1.417066
-1.097381 -1.885837
-1.156457 -1.386151
-1.127051 -1.316867
-1.072792 -0.741788
-1.117486 -1.322791
-1.209532 -1.962527
-1.015756 -1.429766
-0.980558 -1.287247
-0.975771 -1.290286
-0.756415 -0.797488
-0.997123 -0.614598
-1.135447 -0.750375
-0.755497 -1.219645
-1.368014 -1.900763
-0.926637 -1.097352
-0.956352 -1.693928
-1.286628 -1.744626
-1.102359 -1.355911
-0.832423 -1.527716
-0.827217 -0.755580
-0.917380 -0.892975
-1.111809 -1.382379
-1.144832 -1.392130
-1.008541 -1.624753
-1.036377 -1.168466
-1.295273 -1.771792
-0.911777 -0.619334
-0.965861 -1.176979
-0.901073 -1.053329
-1.039675 -1.622337
-1.326201 -1.872442
-0.911026 -0.665487
-0.972251 -1.194716
-1.339765 -1.235347
-1.209515 -1.958314
-1.094032 -1.840726
-0.873962 -1.592338
-1.037040 -1.448671
-1.095329 -1.775118
-1.233979 -1.629702
-0.863913 -1.430021
-1.358853 -1.756893
-0.876833 -0.830913
-0.950928 -1.716209
-1.303612 -2.094245
-0.799112 -0.977087
-0.996650 -1.227168
-1.131597 -2.036753
-1.085669 -1.893443
-0.824000 -1.238215
-1.109429 -2.016838
-0.934674 -0.985329
-0.796324 -1.135001
-1.155179 -1.664404
-1.045106 -0.769688
-0.861838 -1.287022
-1.300702 -1.753169
-1.356321 -1.464832
-1.251278 -2.100199
-0.997902 -1.397121
-0.931020 -1.466481
-1.142804 -1.977825
-0.916160 -1.731792
-1.019751 -1.755364
-0.973703 -0.950760
-1.105290 -0.934177
-1.140500 -1.378705
-1.358620 -1.888892
-1.281158 -1.373906
-1.140461 -1.877802
-0.846748 -1.304165
-1.116667 -0.885241
-1.089662 -1.928537
-1.296848 -1.563509
-0.948667 -1.788080
-0.874421 -1.224622
-1.186439 -1.240131
-0.938527 -1.824026
-1.159599 -1.225827
-1.094919 -1.445229
-1.298170 -1.669580
-1.356087 -1.772097
-1.201506 -1.466558
-1.254683 -1.481654
-0.755409 -0.797487
-1.108057 -1.700466
-1.194131 -0.829481
-0.972094 -1.746876
-0.879646 -1.531316
-0.901361 -0.832122
-0.869026 -1.253881
-0.797312 -0.788327
-1.043012 -1.673773
-0.867005 -1.247817
-0.969725 -1.211408
-1.358038 -1.867751
-0.871111 -1.049641
-0.787234 -1.265570
-1.254208 -1.119590
-0.902751 -1.180916
-1.156279 -1.158771
-0.885903 -1.453637
-1.324273 -1.519461
-1.292476 -1.880702
-0.972157 -1.508793
-1.205668 -1.233368
-1.056030 -1.892751
-0.984394 -0.946290
-0.973311 -1.714859
-1.068120 -1.066774
-0.877846 -0.711207
-1.153594 -1.939601
-1.175902 -1.153989
-1.101857 -0.982417
-0.811007 -1.186217
-1.208827 -2.101785
-1.284228 -2.033089
-0.947069 -0.814821
-1.027095 -1.712405
-1.307254 -1.052760
-0.843756 -1.180967
-0.931361 -0.886934
-1.275073 -1.584765
-1.035480 -1.693858
-0.984868 -0.962704
-0.924258 -0.605054
-1.307107 -1.095612
-1.038746 -1.308363
-1.182748 -1.356665
-0.997147 -1.827764
-1.178091 -1.386540
-0.995853 -0.881933
-1.311977 -1.652703
-1.327173 -1.469659
-1.284297 -1.861994
-1.276354 -1.627821
-1.035709 -0.785539
-1.354307 -1.341868
-1.259258 -1.018778
-0.859780 -0.688517
-1.123521 -2.089489
-1.035100 -1.231178
-1.063010 -0.804759
-0.901675 -1.355567
-0.852527 -0.823065
-1.074584 -1.267086
-0.792533 -1.265266
-0.825141 -1.295842
-1.235550 -1.164633
-0.972920 -1.400284
-0.822505 -1.453706
-0.942762 -1.499014
-1.206970 -1.743867
-1.061660 -0.911517
-1.215579 -1.899397
-1.270843 -1.708034
-1.180608 -0.898180
-0.765316 -1.263334
-1.078249 -1.332516
-1.354589 -1.553893
-0.827038 -1.227035
-1.161497 -1.261475
-0.827992 -1.087756
-1.251153 -1.071986
-1.188438 -0.852660
-1.353205 -1.422735
-0.863910 -1.355050
-0.830557 -0.650362
-1.295481 -1.256696
-0.957731 -0.882425
-0.979196 -0.696580
-1.063051 -0.791371
-1.081004 -1.180820
-1.000201 -1.102288
-1.073632 -1.503443
-0.944009 -1.163082
-1.332964 -1.256769
-1.020976 -1.325711
-0.970929 -1.102813
-1.205461 -1.101940
-1.126295 -0.741239
-0.941101 -1.269791
-0.878848 -0.833475
-0.868844 -0.842085
-1.185819 -1.255857
-0.915522 -1.206661
-0.989935 -1.815904
-0.784119 -0.749761
-1.089209 -1.068540
-1.193370 -1.016183
-1.072471 -1.095817
-0.926330 -0.709875
-0.907172 -1.304755
-1.099255 -1.070397
-1.003739 -0.797391
-0.820447 -0.964550
-1.004261 -1.931767
-1.287991 -1.955783
-0.839304 -0.729184
-0.977276 -0.874623
-0.985285 -1.690004
-0.775255 -1.059121
-1.128504 -1.180481
-0.914005 -0.884946
-1.284186 -1.536160
-1.232390 -2.148855
-1.292300 -1.994508
-0.764531 -0.747756
-0.823839 -1.215264
-1.286406 -1.823866
-1.252105 -1.651549
-1.120661 -0.782189
-1.221276 -1.043527
-0.803942 -0.777462
-0.775535 -0.856124
-1.358335 -1.559495
-0.985373 -1.809571
-1.082061 -1.987403
-1.322602 -1.123066
-0.941953 -1.667451
-1.229874 -1.907202
-1.080852 -1.364993
-0.966026 -1.261440
-0.899443 -1.618303
-1.241661 -1.581607
-1.064667 -1.706907
-0.897254 -0.852234
-1.009140 -1.138301
-1.323867 -1.468093
-1.225848 -1.671746
-1.137847 -1.242093
-1.131653 -1.547306
-1.069779 -1.338042
-0.807775 -1.160749
-0.894756 -1.641921
-0.852506 -1.290255
-1.032942 -0.861150
-0.927791 -0.771315
-1.293034 -1.571159
-0.895725 -1.232499
-1.109496 -1.148883
-1.049709 -1.759234
-1.183696 -1.881015
-0.976994 -0.569521
-0.938502 -1.208080
-0.858044 -1.571785
-1.090078 -1.064519
-0.823912 -0.661601
-1.350849 -1.810439
-1.345100 -1.539015
-1.197152 -1.846180
-1.103402 -1.066119
-1.061820 -1.312101
-1.058422 -1.171555
-1.104205 -1.662167
-0.826846 -0.890832
-1.264657 -1.725698
-1.111779 -1.774933
-1.011531 -1.338112
-1.250576 -1.796641
-1.305865 -1.068148
-1.157814 -1.077318
-0.775180 -1.245628
-1.181513 -0.727214
-1.032943 -1.832342
-1.179147 -1.094712
-0.871655 -1.603979
-1.308566 -1.291852
-1.216389 -1.519518
-0.988322 -0.859511
-0.969653 -1.314193
-1.358897 -1.417415
-1.010797 -1.637562
-1.352825 -1.337076
-1.179655 -1.652235
-1.022974 -0.922258
-1.304960 -1.089702
-1.194530 -1.408837
-0.824108 -0.780331
-0.837925 -0.773537
-1.008413 -1.712199
-1.048484 -2.003354
-1.297765 -1.950373
-0.887066 -0.899373
-1.351534 -1.310169
-0.999221 -0.648492
-1.022418 -1.369809
-1.111382 -0.950622
-0.975631 -0.580356
-0.968576 -1.759220
-0.954433 -0.856715
-1.207006 -1.000332
-1.025997 -0.815553
-0.826484 -0.858690
-1.215525 -2.004499
-0.943026 -1.657895
-0.979426 -1.690851
-0.886240 -1.410716
-1.185410 -0.943591
-1.262813 -1.928495
-1.182773 -1.379548
-1.009291 -1.603123
-0.956296 -0.902849
-1.093655 -1.843061
-1.269233 -1.591586
-0.843973 -0.948489
-1.367576 -1.856495
-1.100138 -1.768900
-1.178263 -1.146543
-1.001037 -1.275105
-1.046286 -1.753998
-1.275558 -1.550237
-0.861030 -1.572384
-0.862712 -0.665967
-1.119978 -2.010008
-0.949444 -1.176509
-1.355404 -1.422323
-1.031439 -0.745573
-1.045274 -0.885913
-0.923056 -1.338410
-1.334125 -1.882004
-0.786615 -0.809958
-0.973886 -1.686993
-0.756599 -0.839804
-1.031168 -1.230538
-0.759007 -1.113902
-1.275569 -1.182701
-1.193413 -1.450659
-1.107204 -0.761684
-0.935223 -1.707502
-1.132483 -1.703340
-0.865367 -0.935791
-1.355684 -1.829667
-1.252970 -2.057620
-1.179193 -1.860180
-1.226916 -1.843294
-0.866127 -1.095422
-1.279803 -1.038474
-1.225409 -1.996119
-1.090057 -0.626569
-0.853528 -1.519942
-0.998601 -1.763918
-0.772446 -1.257697
-1.109684 -0.665949
-0.911510 -1.503392
-1.078860 -1.258427
-0.889629 -1.314290
-1.148448 -1.169569
-1.018457 -1.532967
-0.809406 -0.652213
-1.152681 -0.968901
-1.223942 -1.998763
-1.183028 -1.620701
-1.310341 -1.349520
-1.152486 -0.704529
-1.143695 -0.829442
-0.982535 -1.223922
-1.359774 -1.739793
-1.203123 -0.857579
-1.117212 -0.970747
-0.861820 -1.380762
-1.092557 -1.056701
-0.823671 -1.336700
-1.265783 -1.995382
-1.182984 -0.956105
-0.914516 -0.819102
-1.145366 -2.096314
-0.942253 -1.267036
-1.087949 -1.916357
-1.011633 -1.854662
-1.099707 -1.483384
-1.285991 -1.356335
-0.971426 -1.022117
-1.154372 -1.901559
-1.223312 -0.826964
-0.879173 -1.244898
-1.018606 -1.568871
-1.045408 -1.122935
-0.787189 -1.389591
-1.128195 -0.854479
-1.252893 -1.447860
-1.161627 -2.058859
-1.369266 -1.910162
-0.975304 -1.640524
-1.002281 -1.722605
-0.947232 -1.813502
-1.113524 -1.197627
-0.797212 -0.918799
-0.894519 -1.180670
-0.901327 -1.101426
-1.083862 -0.873318
-1.289714 -1.033452
-1.111970 -0.859434
-0.781217 -0.880736
-0.923589 -1.039894
-1.049322 -1.422725
-1.067797 -1.534751
-0.902152 -1.436161
-1.323046 -1.091000
-1.214808 -2.108970
-1.054971 -1.482004
-0.851580 -1.357040
-1.357746 -1.909522
-0.947869 -0.743167
-0.824017 -1.401252
-0.772609 -1.046795
-0.969955 -1.328639
-1.296068 -2.088969
-1.170727 -2.104439
-1.344526 -1.440093
-0.959181 -1.121026
-1.074208 -1.537535
-1.093203 -2.053146
-1.077178 -0.954566
-1.167889 -2.041434
-1.278791 -1.539386
-0.986797 -1.667311
-1.090679 -0.706345
-1.116589 -1.262340
-1.165538 -2.091659
-0.894849 -0.678327
-0.853385 -1.537962
-0.963945 -0.727490
-1.080894 -1.993780
-1.118056 -2.024360
-1.048602 -0.896333
-0.943078 -0.683055
-1.091275 -1.574611
-1.034363 -1.729475
-1.306219 -1.087902
-1.331684 -1.354603
-1.303108 -1.136768
-1.211635 -1.903717
-0.793206 -1.100711
-1.134944 -0.860185
-1.205391 -1.871505
-0.994462 -1.746765
-1.199694 -1.057441
-1.025367 -0.763684
-1.238737 -1.131854
-1.340073 -1.867051
-1.290618 -1.512461
-0.903147 -0.703649
-0.790551 -1.013210
-1.321937 -1.486379
-0.976361 -1.828881
-1.149714 -1.585871
-1.051147 -0.870433
-0.885431 -0.815654
-0.911276 -1.092263
-1.311421 -1.831109
-1.287616 -1.610243
-0.861403 -1.055965
-0.978272 -1.264184
-1.045501 -1.404630
-0.778204 -1.146819
-1.094691 -1.624488
-1.038203 -1.981126
-1.266958 -0.917203
-1.028752 -1.526380
-0.939378 -1.308218
-0.787263 -1.308120
-1.224267 -2.031034
-0.849126 -1.451338
-1.219490 -1.084055
-1.261459 -1.204639
-0.834096 -1.543904
-0.987857 -1.854153
-1.227612 -1.410846
-1.268765 -1.075183
-0.928598 -1.462451
-1.064865 -1.437589
-1.031329 -1.610596
-1.082081 -0.602825
-0.806796 -1.239285
-1.156168 -1.894091
-1.314437 -1.372791
-0.737707 -0.966730
-0.912996 -1.174453
-0.927491 -1.554967
-1.028376 -1.323908
-1.130760 -1.594600
-1.219285 -1.291138
-1.315634 -1.725737
-1.152241 -1.820508
-1.237889 -1.626355
-1.149380 -1.124724
-1.191589 -1.919311
-0.917167 -1.005124
-1.140200 -1.684976
-0.895841 -0.777676
-1.124412 -1.086015
-1.287090 -1.730838
-0.930865 -0.921076
-0.909885 -0.922809
-1.316539 -1.803196
-0.834304 -1.479910
-0.975002 -1.596905
-1.192062 -1.146699
-0.851612 -1.149052
-0.822748 -1.084230
-1.211040 -1.622707
-0.887755 -1.213505
-0.994200 -1.028344
-1.169579 -1.134525
-0.985156 -1.600548
-0.746017 -0.894836
-1.093872 -1.551354
-1.163968 -2.027549
-1.153336 -1.443974
-1.101453 -2.052591
-0.877538 -1.380457
-1.204178 -1.818443
-1.367277 -1.901245
-0.794861 -0.934319
-1.315089 -1.696715
-1.277692 -1.178895
-1.254273 -1.094383
-0.972635 -0.833221
-1.333625 -1.641851
-0.808136 -0.648351
-0.914378 -0.667988
-1.077122 -1.733572
-1.085662 -2.003125
-1.326148 -1.636933
-1.089532 -1.101602
-1.103705 -1.569925
-0.895240 -0.985433
-0.978337 -1.072434
-1.387197 -1.741144
-0.860696 -0.812974
-1.030334 -1.381109
-0.945832 -0.907282
-1.376794 -1.719590
-1.217623 -0.795448
-1.148591 -1.831783
-1.183736 -0.960403
-1.102797 -0.890734
-1.107923 -1.370726
-0.982616 -1.863590
-1.172942 -1.183777
-1.112598 -0.708307
-1.330700 -1.118607
-0.905827 -1.272739
-1.165818 -1.782239
-0.866640 -1.137617
-0.791068 -1.353966
-0.889704 -1.313877
-1.283750 -1.447606
-1.098575 -1.852073
-1.312265 -1.786382
-0.914473 -0.769713
-1.333189 -1.767955
-1.129121 -1.368890
-1.049003 -1.930797
-1.164041 -0.734311
-1.140136 -1.357064
-1.036057 -1.001656
-0.832645 -1.380298
-1.177356 -1.551007
-0.988003 -1.347861
-1.262182 -1.877227
-1.150255 -1.437089
-0.978550 -1.251402
-1.267083 -1.630685
-0.960228 -0.875925
-1.011902 -1.139679
-1.077265 -0.787666
-1.159098 -1.075375
-1.167539 -1.188720
-0.936389 -1.113803
-1.360432 -1.444196
-1.119563 -0.893084
-1.068670 -1.120074
-1.158244 -1.049044
-0.977492 -1.079607
-1.166440 -1.867626
-1.291506 -1.160530
-1.163472 -1.427174
-0.872503 -1.522236
-1.230919 -2.069907
-0.835682 -0.900577
-1.072249 -1.895972
-1.159402 -1.816545
-1.251331 -1.624946
-1.140704 -1.502535
-0.935398 -1.051656
-0.799863 -0.729135
-1.085020 -1.749505
-1.120594 -0.869935
-1.147897 -0.811754
-1.377784 -1.504883
-1.265154 -1.240380
-0.918796 -1.164070
-1.273546 -0.931316
-1.302538 -1.348931
-1.025771 -1.290786
-0.864912 -0.583005
-0.785674 -1.074005
-1.038741 -1.472313
-1.119288 -1.228135
-1.074500 -2.004891
-0.953362 -1.622167
-1.205152 -1.358062
-0.794512 -1.391934
-1.094891 -1.331071
-1.074002 -1.944764
-1.150370 -1.304752
-1.299891 -1.024930
-0.824359 -0.835630
-0.881588 -1.470271
-0.965909 -1.801025
-1.072130 -0.730713
-0.933024 -1.527999
-1.053302 -1.156331
-1.321825 -1.497665
-0.956460 -1.609167
-0.822906 -1.303774
-1.184298 -0.951003
-0.900851 -0.729122
-0.938583 -1.137547
-0.979170 -1.395904
-1.348675 -1.340127
-1.313153 -2.075481
-1.363771 -1.316049
-1.366257 -1.717718
-0.930301 -1.504144
-0.829985 -0.910736
-1.321829 -1.581714
-1.297658 -1.896589
-1.360863 -1.382598
-1.228149 -1.618834
-0.819351 -1.136149
-0.961331 -1.197148
-1.365103 -1.327136
-0.801070 -0.710326
-1.314740 -1.344055
-1.112689 -1.360502
-1.179083 -2.017837
-1.257248 -1.650462
-0.985100 -1.776851
-0.938167 -1.071143
-1.002462 -1.586224
-1.156215 -1.674489
-1.087509 -0.837738
-1.245517 -1.515395
-1.308874 -1.661088
-0.914082 -1.473191
-0.880826 -1.601918
-1.187499 -1.257695
-1.006030 -1.576452
-1.074804 -1.053284
-0.943631 -1.120158
-1.029912 -1.477354
-1.156294 -1.449305
-0.941168 -1.126210
-0.836344 -0.863658
-1.230479 -1.228605
-0.752956 -1.128186
-1.259196 -1.918730
-1.052281 -1.191926
-1.045882 -1.929455
-0.934337 -1.666980
-1.211197 -1.067957
-0.834575 -1.499596
-1.177993 -0.886054
-1.108933 -0.687512
-1.233685 -0.917481
-1.183426 -1.191134
-1.131123 -2.015687
-1.183282 -1.890407
-1.014715 -0.900597
-1.118008 -1.585410
-1.181967 -1.999503
-0.827913 -0.892374
-0.864404 -0.977089
-1.030824 -1.850101
-0.969703 -1.203731
-0.980498 -1.162438
-0.756925 -1.221071
-1.029911 -0.637529
-1.027534 -1.352097
-1.098949 -0.696140
-0.833421 -0.769147
-1.063086 -1.123292
-1.006222 -1.901464
-0.781019 -1.036631
-1.053683 -1.678373
-1.167693 -1.060941
-0.763747 -0.880639
-0.939310 -1.580626
-0.798470 -0.816723
-1.077836 -0.827499
-1.099266 -1.287447
-1.188011 -1.414201
-1.055367 -1.287398
-0.860892 -0.875011
-0.985984 -1.869535
-1.086419 -1.202241
-0.913841 -0.935359
-0.869834 -0.887567
-0.975649 -1.307188
-0.942016 -1.784295
-1.146592 -1.281723
-1.098698 -1.314129
-1.204240 -1.089381
-1.042595 -1.696311
-1.341081 -2.003674
-0.954086 -1.407898
-0.936003 -1.430623
-0.947363 -0.731884
-1.322132 -1.122879
-1.323477 -1.859296
-1.004487 -1.247589
-0.834472 -1.335957
-0.892337 -0.763117
-0.807824 -1.165442
-0.980159 -0.775432
-0.906391 -0.857555
-1.090454 -1.628260
-1.055666 -1.598596
-0.819624 -0.782509
-0.965402 -1.560768
-1.182996 -1.530749
-1.158072 -1.295414
-0.761220 -0.952992
-0.874995 -1.288305
-0.807855 -1.367800
-0.975982 -1.647569
-0.972785 -1.599159
-0.899596 -1.044989
-0.876443 -0.681471
-1.042661 -0.720630
-1.014495 -1.279405
-0.948406 -1.454547
-0.782809 -1.363630
-0.781084 -1.064573
-0.802952 -1.424305
-0.876376 -1.611369
-1.259280 -1.528309
-1.219128 -1.526111
-1.003140 -1.054242
-1.363298 -1.756795
-1.372960 -1.514533
-1.102111 -1.378267
-0.906999 -0.871125
-1.306197 -2.092133
-1.346455 -1.768002
-1.011706 -1.905775
-1.264460 -1.118771
-1.232188 -1.438769
-0.902565 -1.229111
-0.936162 -1.457929
-1.097717 -1.690665
-1.088564 -2.003930
-1.243125 -0.966505
-1.337521 -1.179848
-1.009846 -1.804308
-0.995799 -0.944400
-1.280260 -1.412039
-1.100410 -1.091218
-1.212597 -1.853626
-1.370615 -1.724027
-1.130712 -2.090960
-1.251548 -1.219120
-1.169334 -1.312873
-1.203900 -1.647624
-1.323196 -1.318465
-1.170691 -1.192108
-1.088444 -0.917616
-1.242501 -1.217730
-1.081350 -0.802692
-0.875515 -1.300057
-1.024722 -1.767656
-1.030477 -1.398385
-1.126268 -2.027164
-1.142719 -1.561973
-1.091093 -0.666010
-1.115990 -1.581316
-1.001183 -1.160050
-1.301215 -1.481210
-1.321338 -1.941592
-0.840066 -0.621377
-1.225003 -1.049503
-1.191488 -1.460810
-1.107632 -0.749412
-0.929634 -1.395743
-1.145200 -0.884927
-1.282085 -1.686952
-0.965852 -1.799494
-1.207699 -1.099630
-0.899850 -0.715023
-1.058057 -1.997426
-1.064880 -1.224862
-1.304496 -1.995347
-1.267065 -1.450475
-0.966410 -1.417007
-1.018380 -0.763900
-1.171224 -1.910441
-1.326454 -1.414604
-1.371274 -1.700264
-1.191185 -1.865337
-0.854068 -0.789646
-1.114693 -1.457092
-1.136888 -1.511496
-1.051531 -1.949136
-1.342620 -1.813597
-1.356241 -1.691406
-1.104418 -2.060957
-0.975414 -0.782184
-1.332736 -1.666772
-1.063340 -0.983936
-1.124667 -1.019683
-1.092415 -1.100018
-0.762941 -1.197213
-1.116977 -1.046383
-1.109251 -1.950098
-1.278867 -1.962470
-1.031569 -1.733139
-1.027642 -1.726199
-1.001334 -1.366301
-1.082667 -0.774482
-1.048062 -0.931639
-1.332109 -1.476502
-0.835754 -1.212568
-0.978302 -1.222162
-0.894932 -0.731342
-1.310169 -1.189126
-0.937169 -0.727518
-1.206316 -1.375062
-1.249575 -1.857703
-1.098831 -2.000395
-1.367247 -1.715570
-1.182631 -0.908059
-1.184415 -0.893010
-1.056497 -1.979923
-0.862319 -1.538022
-1.074517 -1.990500
-0.812582 -0.710847
-1.011366 -1.331526
-1.089228 -1.714440
-1.259874 -1.246011
-1.241156 -1.810323
-1.275482 -0.978333
-1.232197 -1.766506
-1.268716 -1.059035
-1.232573 -1.183853
-1.301973 -1.081081
-0.855117 -1.045983
-1.157612 -1.826445
-1.219469 -1.021000
-0.981941 -0.725792
-1.049530 -1.428249
-1.059269 -1.047877
-1.155300 -1.721731
-1.302982 -1.650151
-1.334257 -1.951971
-1.013570 -0.954268
-1.354929 -1.295588
-1.025842 -1.500952
-0.924033 -0.688811
-1.153087 -1.409226
-1.119617 -0.674729
-1.249540 -1.870370
-1.059494 -1.504847
-0.957396 -0.658047
-1.244842 -1.681983
-0.996096 -0.871451
-1.050061 -1.389042
-1.086052 -1.600703
-1.115008 -1.308304
-1.044650 -1.087581
-1.368300 -1.813184
-1.214815 -1.242834
-1.325123 -1.864793
-1.229182 -2.146186
-1.182107 -2.123394
-1.041034 -1.047958
-0.916262 -1.741833
-1.208574 -1.197566
-1.002533 -1.376743
-0.753782 -0.917241
-1.035957 -0.782272
-1.038115 -1.775169
-1.336085 -1.495606
-1.231646 -1.027013
-0.817028 -1.219419
-1.152871 -1.385493
-1.115860 -1.134207
-1.093185 -1.120739
-1.045885 -1.196842
-0.964011 -1.276670
-1.008528 -1.631027
-0.907243 -0.648972
-1.174469 -1.254328
-1.240129 -1.149451
-0.960808 -1.697153
-1.140224 -0.797524
-1.261124 -1.646339
-0.916587 -1.569360
-1.007447 -1.291361
-1.299883 -1.752256
-1.125453 -1.928595
-0.933607 -0.853786
-0.819417 -0.915237
-1.018096 -0.598229
-0.814721 -1.062636
-1.281195 -1.467104
-1.107381 -1.632632
-1.047978 -1.087592
-1.353348 -1.921234
-0.950763 -1.662406
-1.014231 -1.179170
-1.070255 -1.879645
-1.119185 -1.472688
-1.154784 -1.723137
-1.250407 -1.762123
-1.331845 -1.326648
-1.155230 -1.110561
-1.202669 -1.285833
-1.015654 -1.774453
-0.887208 -0.905497
-1.079665 -0.798733
-0.800467 -0.888588
-0.953377 -0.795105
-0.822335 -0.874577
-1.028254 -1.186198
-0.996120 -0.778738
-1.135718 -0.891026
-0.986623 -0.708838
-1.131190 -1.174878
-1.029129 -0.608159
-0.798373 -1.086451
-1.046884 -1.406477
-0.909406 -1.367568
-1.237522 -1.201185
-1.177573 -2.096761
-1.158661 -1.005745
-0.754098 -0.989697
-1.120538 -1.637916
-1.213802 -2.087187
-1.333188 -1.520308
-1.331383 -2.043836
-1.007289 -0.822927
-0.928537 -1.386958
-1.382762 -1.477836
-0.937838 -1.803292
-1.225505 -2.010962
-1.064752 -0.683221
-1.247033 -1.537242
-0.950086 -0.894634
-1.333928 -1.303251
-1.029251 -0.936018
-0.930189 -1.653617
-0.893376 -1.579518
-1.315377 -1.393177
-1.108822 -1.059356
-0.811756 -1.228854
-0.850793 -1.106566
-0.952968 -0.568601
-1.046350 -1.773486
-0.984947 -1.290845
-1.237291 -1.201517
-1.202104 -1.802896
-1.117340 -1.841303
-1.362196 -1.386416
-0.963205 -0.675954
-1.277189 -2.085617
-1.354047 -1.361046
-0.950639 -1.014229
-0.857072 -0.717782
-0.853195 -0.841549
-1.269403 -1.133791
-1.009321 -1.182163
-1.019868 -1.582762
-1.212209 -1.193596
-0.798394 -0.979346
-1.075778 -1.166842
-0.795657 -1.078937
-1.090086 -1.453735
-1.238152 -1.932227
-0.934984 -1.224469
-1.195022 -1.060618
-1.249106 -0.913493
-1.065164 -1.022369
-1.176310 -0.906332
-0.892702 -1.236018
-1.168125 -1.744261
-1.276849 -1.647007
-1.190196 -2.043833
-1.062304 -1.330454
-0.908651 -0.893550
-0.838060 -0.875422
-1.013762 -1.271793
-0.793096 -0.974563
-0.806103 -1.406495
-1.173931 -1.690087
-0.898610 -1.399149
-1.204619 -0.990688
-1.368521 -1.800694
-1.221927 -1.964739
-1.184820 -0.971897
-0.762156 -0.756624
-1.039349 -1.261835
-1.154325 -0.737501
-0.761340 -0.854742
-0.930566 -0.739124
-1.051668 -1.710454
-1.064641 -1.591965
-1.326196 -1.257595
-1.178340 -1.822780
-0.935287 -1.619467
-1.142262 -1.883656
-0.889923 -1.148373
-1.017136 -0.724239
-0.983682 -0.774349
-1.205873 -1.816530
-1.192433 -1.517886
-1.039920 -1.106820
-1.208620 -1.702106
-1.317460 -2.039792
-1.120304 -1.179969
-0.826007 -1.265786
-1.171324 -0.979974
-1.278937 -1.271187
-1.348480 -1.915197
-1.283116 -1.506107
-1.243519 -1.946010
-1.228215 -0.823149
-1.119242 -1.621223
-1.205502 -1.712850
-0.939674 -1.674891
-0.830471 -1.086206
-0.869970 -0.859473
-1.275375 -1.007643
-1.037344 -1.353215
-0.988132 -1.834842
-0.769992 -1.039636
-0.955010 -0.937736
-0.857640 -1.591042
-1.046303 -1.230067
-0.949967 -1.456055
-1.175444 -1.053208
-1.325749 -1.900805
-1.189770 -1.710078
-1.171613 -0.847888
-0.882469 -1.344288
-1.255994 -0.937959
-1.076754 -1.586472
-1.250132 -1.915973
-0.981063 -1.575186
-1.172758 -0.732041
-1.303610 -1.702911
-1.281810 -1.658400
-0.975410 -0.833091
-1.086559 -1.168295
-0.757218 -0.902565
-0.935960 -1.635196
-1.114016 -0.633424
-1.085364 -1.659576
-1.155180 -1.233513
-1.166438 -2.018501
-0.750641 -1.051639
-0.815291 -1.477379
-1.217025 -1.742331
-1.229199 -1.852772
-1.078730 -1.482536
-1.182431 -2.099691
-0.971374 -1.623076
-1.129231 -1.134060
-1.158122 -1.861822
-0.928335 -1.708580
-0.807938 -1.372519
-1.056405 -1.323001
-0.870349 -1.533326
-1.117885 -1.731065
-1.164005 -1.630780
-1.099634 -1.059639
-1.184742 -1.061335
-1.182752 -1.894290
-0.921270 -1.770991
-1.103651 -1.235266
-1.045868 -0.730333
-1.210307 -2.076553
-1.263598 -1.938005
-1.149912 -1.329453
-1.224052 -0.806992
-1.109867 -1.879797
-1.066368 -1.900878
-1.066750 -1.964885
-1.129163 -1.374059
-1.378622 -1.429338
-1.169173 -1.805165
-1.343578 -1.643702
-0.895733 -1.526799
-1.251335 -1.789172
-0.871892 -0.898025
-0.759141 -0.933772
-0.776996 -1.163014
-1.098019 -1.821552
-1.193386 -0.797462
-0.933284 -1.700645
-1.082037 -1.347228
-1.086806 -1.990436
-1.336241 -1.883946
-0.830115 -0.666849
-1.290151 -1.779018
-0.948198 -0.639075
-0.866802 -0.736694
-0.950808 -1.562468
-1.005182 -0.808225
-0.869890 -0.641566
-1.138925 -1.805233
-1.377019 -1.813162
-1.170913 -2.033355
-0.998508 -1.751534
-1.003976 -0.904348
-0.865214 -0.582359
-1.310016 -1.202753
-1.227826 -1.631021
-0.774078 -1.273224
-0.771059 -1.261722
-1.292313 -0.994669
-1.146406 -1.477994
-1.080680 -0.876347
-0.827033 -0.755409
-1.163905 -1.449843
-1.222685 -1.092181
-1.009233 -1.855639
-1.164505 -0.898902
-0.898678 -1.403431
-1.037568 -0.784503
-1.333073 -1.924619
-1.083472 -0.746544
-0.824231 -0.892475
-1.138451 -0.738543
-0.924248 -0.614723
-0.947409 -1.383288
-0.941140 -1.692927
-1.080846 -1.498742
-0.859574 -0.784057
-1.067732 -1.268623
-1.103925 -1.308665
-0.862305 -1.507119
-1.184800 -0.899985
-0.950472 -1.152056
-1.112517 -1.010258
-1.132828 -1.635354
-1.244705 -1.561573
-1.212277 -1.084694
-0.935926 -1.089843
-1.110424 -2.041352
-1.149753 -1.101833
-1.320709 -1.316930
-1.131671 -1.994068
-0.993704 -1.181451
-0.843419 -0.671325
-1.258152 -1.265772
-1.384732 -1.679254
-0.882212 -1.685061
-0.911572 -0.687068
-1.127801 -2.057450
-0.883848 -1.030806
-1.346178 -1.856290
-1.049995 -2.001261
-1.129785 -1.189934
-1.018479 -0.866240
-1.027546 -0.639440
-0.781434 -0.958417
-1.082040 -1.104201
-0.934701 -1.532489
-1.129642 -2.047231
-1.089036 -1.054665
-1.029023 -1.455473
-1.072782 -1.887376
-1.117497 -0.749077
-0.869646 -0.893017
-1.142678 -1.766535
-1.036743 -0.982602
-1.118930 -1.155763
-1.142479 -1.460508
-0.948944 -0.706931
-0.843155 -0.944310
-1.283282 -1.456952
-1.121882 -0.940862
-1.056044 -1.314417
-1.003957 -1.354648
-0.815433 -1.076421
-1.052996 -0.614354
-1.151805 -1.834890
-1.132324 -2.020617
-1.040478 -0.862488
-0.962522 -1.183068
-0.880985 -1.447454
-1.176169 -0.986388
-1.341371 -1.291561
-1.112190 -1.094451
-1.076576 -0.626704
-0.993033 -0.768986
-1.152768 -1.810285
-0.910303 -0.677354
-0.842934 -0.722354
-0.833893 -1.015495
-0.882703 -1.204509
-0.923909 -0.776228
-0.821838 -0.763589
-1.342298 -1.923618
-1.096524 -1.411766
-1.258764 -1.235378
-0.808025 -1.459199
-0.994968 -1.077414
-0.948457 -1.224111
-0.923139 -1.714282
-1.247465 -0.959560
-0.873057 -0.835143
-1.268377 -2.064586
-1.353707 -1.524588
-1.217479 -1.404405
-1.185331 -1.270159
-0.944217 -0.674752
-1.105862 -1.143498
-1.079969 -1.135587
-1.324147 -1.548222
-1.266149 -0.921239
-1.112366 -1.097298
-1.310654 -1.284741
-1.368080 -1.391253
-1.110728 -0.801914
-1.137882 -1.302596
-1.016357 -1.313945
-0.994064 -1.609171
-1.244609 -1.659701
-1.336346 -1.995710
-1.004193 -0.612094
-1.363378 -1.771000
-0.826075 -0.988258
-1.077589 -0.605588
-1.370196 -1.840099
-1.223650 -1.066737
-1.111907 -1.890355
-1.199781 -2.069751
-0.999175 -1.553981
-1.096604 -1.053223
-1.262842 -1.802212
-0.762333 -0.920738
-1.249780 -1.654584
-1.041850 -0.944562
-1.056239 -0.986976
-1.213055 -0.824791
-1.128943 -1.118858
-1.041445 -1.350989
-1.239311 -0.960625
-1.251717 -1.606072
-1.142389 -1.367659
-0.959531 -1.209665
-1.029528 -1.948894
-1.295007 -2.055271
-1.222838 -1.085379
-1.263967 -1.937639
-0.778263 -0.975976
-1.160435 -1.005891
-1.146971 -1.275183
-1.338175 -1.765396
-1.075604 -1.399954
-1.104520 -0.622331
-1.014348 -1.176406
-0.788784 -1.188715
-1.285345 -1.345860
-1.249071 -1.534147
-1.085541 -0.655147
-1.162345 -1.826444
-0.969048 -1.411703
-0.894921 -0.803278
-1.276304 -1.915080
-1.062716 -1.225700
-0.753348 -1.157742
-0.952609 -0.884491
-0.958627 -1.619588
-0.766672 -1.086581
-1.197517 -1.170218
-1.164330 -1.040611
-0.778158 -1.281938
-1.109664 -1.980083
-1.317735 -1.435413
-1.015341 -1.764329
-1.014618 -1.161906
-1.050997 -1.934152
-1.085988 -1.788575
-1.219578 -1.983308
-1.332747 -1.661854
-1.105092 -1.160607
-0.829905 -0.650199
-1.253016 -2.055095
-0.916271 -1.419867
-1.357999 -1.915395
-1.175260 -1.776280
-1.138940 -1.904802
-0.958676 -0.826583
-0.871624 -1.368284
-1.266322 -1.986755
-1.080483 -0.771476
-1.239977 -2.038094
-1.216985 -0.930710
-0.835063 -1.119501
-1.116089 -2.018254
-1.179738 -1.866726
-1.358070 -1.278749
-0.928958 -0.844136
-0.894955 -0.865758
-1.246824 -1.453509
-1.121612 -1.194489
-1.266619 -1.160029
-1.082407 -0.763078
-1.102988 -1.707973
-1.054433 -1.176087
-1.298550 -1.175583
-1.296200 -1.357311
-0.877886 -0.678938
-0.951759 -1.430543
-0.926781 -1.766482
-1.327636 -1.476969
-0.987862 -1.077622
-0.894277 -1.586452
-0.789013 -1.113748
-0.826346 -0.654810
-1.024979 -0.688707
-0.780931 -1.118524
-1.073886 -0.794869
-1.164340 -0.785061
-1.141014 -0.694482
-1.345924 -1.295623
-1.133014 -1.807856
-1.256031 -2.122415
-0.932306 -1.561459
-1.032726 -1.555299
-0.955355 -0.630636
-1.014872 -1.337095
-1.347040 -1.277041
-0.869935 -0.634509
-1.250574 -1.968357
-1.048078 -1.312336
-1.174909 -1.683533
-0.872171 -1.097810
-0.846649 -0.939813
-0.999253 -1.186975
-1.106890 -0.759934
-1.211146 -1.928023
-0.921611 -0.919108
-1.366158 -1.669653
-1.125862 -1.347326
-1.285334 -1.273461
-1.211190 -1.458557
-1.128601 -1.524026
-1.126766 -1.570500
-0.963219 -1.815401
-1.052052 -1.251828
-1.126840 -0.936484
-0.885886 -1.269978
-1.010798 -1.128079
-1.149789 -1.702096
-0.880501 -0.721353
-1.308911 -1.837490
-0.959650 -0.958296
-1.036824 -0.922222
-0.952096 -1.422692
-1.173796 -1.224336
-0.928643 -1.545304
-1.286989 -2.069280
-0.861650 -0.650582
-1.089650 -0.656312
-1.013333 -0.605494
-1.373308 -1.703723
-1.154713 -0.820645
-1.253833 -1.366125
-0.921653 -1.104245
-1.348336 -1.233711
-1.177592 -1.852589
-0.908606 -1.250217
-1.252120 -1.978278
-1.318492 -1.131327
-1.212999 -1.149044
-0.905883 -1.512285
-1.170467 -1.273397
-0.926733 -1.401159
-1.328589 -1.782899
-1.106397 -1.196302
-1.320242 -2.012139
-0.802108 -0.720399
-1.087402 -1.412939
-1.122438 -1.439684
-1.026006 -1.967543
-0.995084 -1.825751
-1.055406 -1.771979
-0.902397 -1.715537
-1.001611 -0.770291
-0.923629 -1.536243
-1.255922 -1.906958
-1.128577 -0.924122
-1.047567 -0.683805
-1.135130 -1.397399
-1.125831 -0.908197
-1.302672 -1.618224
-1.220647 -1.044348
-1.057189 -1.080325
-1.219654 -1.586763
-1.257929 -2.037647
-1.147997 -2.109948
-1.260625 -1.845690
-1.312973 -1.512325
-0.870375 -1.315058
-1.104278 -1.918733
-0.982510 -1.432951
-1.317705 -1.248714
-1.133654 -1.723880
-1.144439 -1.974991
-1.357606 -1.599087
-1.138687 -0.775196
-0.874721 -1.267413
-0.945081 -1.160143
-1.287799 -1.563315
-0.801112 -1.432877
-0.962477 -1.582653
-1.006690 -0.702816
-1.301545 -1.257203
-0.872804 -0.756493
-1.021494 -0.935948
-1.188494 -1.333392
-0.933307 -0.787541
-0.947919 -1.772970
-1.082498 -1.060797
-1.186911 -1.613229
-0.829544 -0.967827
-1.026442 -1.093183
-1.145824 -1.065175
-1.091262 -1.274569
-1.347980 -1.424791
-1.299285 -1.502470
-0.892350 -1.410212
-0.983166 -1.864007
-1.053318 -0.623703
-1.192353 -1.117680
-1.096910 -1.267207
-0.783567 -0.955644
-1.031019 -1.425552
-1.159425 -2.119704
-1.323711 -1.729353
-1.007288 -1.372915
-1.079760 -1.752518
-1.155882 -0.843657
-1.050629 -1.171903
-1.193894 -1.379837
-0.820425 -0.663281
-0.982889 -1.187196
-1.276546 -1.942750
-0.959434 -0.996691
-1.299369 -1.939916
-0.847045 -0.831214
-1.153287 -1.146014
-1.022224 -1.802129
-0.770107 -0.996833
-1.022271 -1.219469
-1.142885 -1.450669
-1.141844 -2.079043
-0.861317 -1.530739
-1.220539 -1.580588
-1.337026 -1.255033
-1.262648 -1.892607
-1.270461 -2.000026
-1.151054 -0.899844
-0.928738 -0.787954
-1.294838 -1.513572
-0.740775 -0.962297
-1.370133 -1.612599
-1.271207 -1.588866
-1.276436 -1.863047
-1.199432 -1.573077
-0.820597 -1.489250
-0.968278 -1.603175
-1.007960 -0.946833
-1.201735 -1.307194
-1.137303 -1.834864
-1.324027 -2.045573
-0.769062 -0.988428
-1.015522 -1.590237
-1.019652 -1.262897
-1.251567 -1.264084
-1.245959 -1.896962
-1.008914 -0.695353
-1.302713 -2.065364
-1.097881 -1.818002
-1.194945 -1.677339
-1.352196 -1.899604
-0.919802 -0.701424
-0.803167 -1.127879
-1.186464 -2.062218
-1.173705 -1.856136
-1.337100 -1.547566
-0.908255 -1.177220
-0.884045 -0.646884
-1.138929 -1.757466
-0.929872 -1.349817
-0.929252 -1.562085
-0.964742 -0.943001
-0.905616 -0.615950
-1.102151 -0.977621
-0.905327 -0.838020
-0.790087 -0.943954
-1.080410 -1.216950
-0.854510 -1.245932
-1.118535 -1.987476
-1.251216 -1.367178
-1.026796 -1.537530
-1.132627 -1.499193
-0.955799 -1.241143
-0.838643 -1.155853
-0.991683 -1.366441
-1.106148 -1.755201
-1.356759 -1.897844
-1.217019 -1.502115
-0.866578 -1.123496
-1.253388 -1.897038
-1.222944 -1.184619
-1.323389 -1.098276
-1.174180 -1.604719
-1.009595 -1.692785
-0.992336 -1.748008
-0.938870 -0.991413
-0.964978 -1.614660
-1.038113 -1.229582
-0.746136 -0.948274
-1.272082 -0.972532
-0.895353 -1.678419
-1.213534 -1.976093
-0.882725 -1.475875
-0.991625 -0.814180
-1.182858 -1.771339
-1.097909 -1.851421
-0.967752 -1.048612
-1.288248 -1.511461
-1.042282 -1.634670
-1.254364 -2.015494
-1.054829 -1.034336
-1.173208 -1.913264
-1.297944 -1.991930
-1.354836 -1.685640
-1.072055 -0.900467
-0.917078 -0.691658
-0.829726 -1.406361
-0.913485 -1.394304
-0.956760 -1.171563
-1.261041 -1.079314
-1.154193 -1.387146
-1.029924 -1.525963
-0.888172 -0.700584
-0.787398 -0.837835
-1.063766 -1.655321
-0.942647 -1.033422
-0.851791 -1.568758
-0.823528 -0.859605
-0.851120 -0.596438
-1.222989 -1.628680
-1.226198 -1.403663
-1.035600 -1.721246
-0.812110 -1.120329
-1.211501 -1.543050
-1.079763 -1.758621
-0.939630 -0.792008
-1.101370 -1.322680
-1.163041 -1.916599
-1.130298 -0.951295
-0.803520 -1.377060
-1.089524 -0.811708
-1.059003 -1.096241
-1.067284 -1.501424
-0.828261 -1.458435
-1.018562 -1.058919
-0.949137 -1.570046
-1.382922 -1.765293
-1.083226 -0.921146
-1.107582 -1.080658
-1.339310 -1.317974
-1.092241 -1.877719
-0.997826 -1.532152
-0.936832 -1.782309
-1.379980 -1.417864
-0.977987 -0.808668
-1.088652 -1.399899
-0.962113 -1.138155
-1.095110 -1.004852
-1.251068 -1.615902
-1.152141 -1.894254
-0.877681 -1.207682
-1.072781 -0.857960
-1.124158 -0.831263
-0.836618 -1.547208
-0.916629 -1.315257
-0.869511 -1.482710
-0.775362 -1.235308
-1.276454 -1.322207
-1.211749 -1.971202
-1.143524 -2.029058
-0.769384 -0.886852
-1.178502 -1.800817
-0.935739 -1.238320
-1.246351 -1.755084
-1.019036 -1.050436
-1.163881 -1.812847
-0.892980 -1.499111
-1.152042 -1.325413
-1.150887 -1.156340
-0.946888 -0.613131
-0.934881 -1.361236
-0.785814 -0.749762
-0.967881 -0.943807
-1.136742 -2.027403
-1.079829 -0.770176
-1.158489 -0.824234
-1.179534 -0.921067
-1.262144 -1.242505
-1.158414 -2.032618
-0.875239 -1.355800
-1.353264 -1.436251
-1.188774 -0.755303
-1.040302 -0.839818
-1.272048 -1.021539
-1.206113 -1.275106
-1.276701 -1.143923
-1.270488 -0.972334
-1.333458 -1.449707
-0.937360 -1.436534
-1.004193 -1.748893
-0.824952 -0.823341
-0.753996 -1.125385
-0.804401 -1.219710
-1.220931 -1.095153
-1.313952 -1.238751
-1.097540 -1.805909
-0.841141 -0.807270
-1.048136 -1.514874
-0.845722 -1.189460
-0.889412 -1.279753
-0.844119 -1.130847
-1.215950 -1.345104
-1.121599 -1.711185
-1.132846 -1.217922
-0.940882 -0.878585
-0.782656 -0.921119
-1.289160 -1.329523
-0.844740 -1.012746
-1.336531 -1.213689
-0.844221 -1.240518
-1.229783 -1.582547
-0.822317 -0.631350
-1.079145 -1.569497
-1.267224 -1.224247
-0.932138 -1.518759
-1.205119 -1.734582
-1.107140 -1.990216
-1.354625 -1.529816
-1.020691 -0.764234
-0.847067 -1.373744
-1.319011 -1.414666
-0.870105 -1.131770
-0.741710 -0.884954
-1.164278 -1.708418
-0.971533 -1.313527
-0.999878 -1.684418
-0.932116 -1.167304
-1.187309 -2.034714
-1.343252 -1.319358
-1.317858 -1.423543
-1.173970 -1.498042
-1.016607 -0.624917
-1.254045 -1.666916
-1.179293 -0.763945
-0.809931 -1.403581
-1.070360 -0.855631
-1.069734 -0.630285
-0.934283 -1.294953
-1.079563 -0.863806
-1.269166 -1.913861
-0.875688 -1.411707
-1.209572 -1.307026
-1.131232 -1.338559
-0.919521 -1.422386
-1.021164 -1.760209
-1.068098 -1.751063
-1.205294 -1.493123
-0.845811 -1.314414
-1.121535 -1.099632
-1.234058 -1.971551
-0.826734 -1.249647
-0.741460 -1.118461
-0.987378 -0.788999
-1.226807 -1.183805
-1.110918 -1.639420
-1.031305 -1.798104
-1.270786 -1.157748
-0.947270 -1.373370
-1.317873 -1.653801
-1.031972 -1.953177
-0.998741 -1.034113
-1.203946 -1.851797
-1.141571 -1.763101
-0.905617 -1.509227
-1.158484 -0.723056
-0.924826 -1.364695
-0.757782 -1.220888
-0.995080 -1.538962
-1.292808 -1.097237
-1.103067 -2.078488
-1.070764 -0.927871
-0.828957 -1.335593
-1.008020 -1.339406
-1.314991 -1.951183
-1.278529 -1.649804
-0.903751 -1.681109
-1.325055 -2.041229
-0.881258 -1.344144
-0.965259 -0.655351
-0.994740 -0.745660
-1.258993 -1.729582
-1.084054 -1.907834
-0.906303 -1.143622
-1.061193 -1.990288
-1.024368 -1.608390
-1.164978 -2.053766
-0.766806 -0.843988
-1.343842 -1.748060
-0.795771 -1.033431
-1.034960 -0.964051
-1.260204 -0.914647
-1.185864 -1.335173
-1.105978 -1.391570
-0.845271 -1.039914
-0.888949 -0.852994
-1.259265 -1.347346
-1.238768 -1.473719
-1.217455 -1.862718
-1.203207 -1.916069
-1.191329 -1.370661
-1.218375 -1.667776
-1.218776 -2.059361
-0.999432 -0.822046
-0.896943 -1.396226
-1.026904 -1.056020
-0.881505 -0.728989
-0.917041 -1.308433
-0.810219 -1.073487
-1.009487 -1.345182
-1.130369 -1.817695
-0.928140 -1.157456
-1.313627 -1.845778
-1.298670 -1.852425
-1.120973 -1.896584
-1.086284 -1.308260
-1.192447 -1.326013
-1.069013 -0.905612
-1.185293 -1.232257
-1.223237 -1.107983
-1.266717 -0.907281
-1.259937 -1.395821
-0.864581 -1.300526
-1.077975 -2.054031
-0.884331 -1.341384
-1.025295 -1.468541
-1.223914 -1.077181
-1.012912 -1.015078
-0.976805 -0.805348
-1.260366 -1.964596
-1.053128 -1.515529
-0.899957 -1.381700
-1.123512 -0.713266
-1.156934 -0.794546
-1.334465 -1.768672
-1.207808 -1.290307
-1.284563 -1.013295
-0.914260 -0.577381
-1.275184 -1.086838
-0.802716 -0.833645
-1.119086 -1.627387
-0.904388 -1.591687
-1.325716 -1.856367
-1.010000 -1.460295
-1.122615 -1.946135
-1.251216 -1.576622
-0.842610 -0.871229
-1.054028 -2.024121
-0.916043 -1.172073
-1.218968 -2.053650
-1.054505 -1.188917
-0.930153 -1.376875
-1.222528 -1.599869
-1.231057 -1.903373
-1.158469 -1.424556
-1.008009 -1.768395
-1.158518 -1.227967
-1.028250 -1.113246
-1.204530 -1.276542
-0.892570 -1.128892
-1.123018 -2.035433
-1.221251 -1.893492
-1.125958 -1.667976
-1.127252 -1.886431
-0.864922 -0.818667
-1.192093 -0.999554
-0.984525 -1.813820
-0.839612 -1.139538
-0.940262 -1.223238
-1.137550 -2.022718
-0.784930 -1.338055
-0.951951 -0.698332
-1.055763 -1.720302
-1.303782 -1.929230
-1.311808 -1.641383
-1.280619 -1.999618
-0.961502 -1.861468
-0.797441 -0.669731
-1.000712 -1.050177
-0.830394 -1.253093
-1.355316 -1.495375
-1.082026 -1.074564
-1.341378 -1.698928
-1.256724 -0.877468
-0.814805 -0.637863
-1.095115 -0.868920
-1.292013 -1.019647
-0.898276 -0.971624
-1.352628 -1.854821
-1.266718 -1.124262
-0.747015 -1.108185
-1.055584 -1.690518
-1.239928 -0.910667
-1.015588 -1.828486
-1.252065 -2.037087
-0.831730 -1.018762
-1.112490 -0.949684
-1.046153 -1.086604
-1.054928 -1.109631
-0.907249 -1.380953
-1.312152 -1.618233
-1.338357 -1.751240
-1.128580 -1.469631
-0.921397 -0.722522
-0.835388 -0.923365
-1.108782 -1.262799
-1.360680 -1.543325
-1.274567 -1.819078
-0.906442 -1.022728
-0.995331 -1.187528
-1.038857 -1.526338
-1.237311 -1.034414
-0.981521 -1.414038
-1.300946 -1.494099
-1.003204 -1.935212
-1.023013 -1.657058
-1.000523 -1.886906
-0.890758 -0.835711
-1.044305 -1.203102
-0.783420 -0.699763
-1.069106 -1.725435
-1.080093 -1.379319
-1.126820 -1.549429
-1.155597 -1.381041
-0.964128 -1.683596
-1.030902 -1.127456
-0.828114 -0.698528
-1.367680 -1.400924
-1.162139 -1.430708
-0.972444 -1.004102
-1.304523 -1.359838
-1.070747 -1.025972
-1.162134 -0.760884
-0.985410 -1.787352
-1.194958 -0.927716
-1.003789 -0.721414
-0.839387 -1.166594
-1.049072 -1.727514
-1.215410 -1.222180
-1.063843 -0.939524
-0.874789 -1.469958
-0.910711 -1.317334
-0.859588 -0.871148
-0.748211 -1.110368
-1.048571 -0.871164
-1.273399 -2.063525
-1.203426 -1.534373
-1.385196 -1.666641
-0.925817 -1.549692
-0.951066 -1.332269
-1.008091 -1.138489
-1.050665 -0.770676
-1.267543 -1.329627
-0.936183 -1.056897
-0.860234 -0.811109
-1.089060 -0.790279
-1.017933 -1.558170
-1.067829 -1.436417
-1.136848 -1.552535
-1.266688 -1.495407
-0.844162 -1.545925
-1.316996 -1.661546
-0.799753 -1.067823
-1.275393 -2.051232
-1.142090 -1.652503
-1.163987 -0.740755
-1.230820 -1.956604
-1.289344 -1.357551
-1.350932 -1.426649
-1.238461 -0.960806
-0.880628 -0.748012
-1.138300 -1.316222
-1.249154 -0.891304
-1.173017 -1.242045
-1.010051 -0.722867
-0.971535 -1.317510
-1.083508 -1.874576
-0.864810 -0.702413
-0.919840 -1.490241
-0.812594 -0.819621
-1.091570 -0.742594
-0.920931 -1.507103
-1.153674 -1.588183
-0.788236 -1.349858
-0.765355 -0.872007
-1.142673 -0.941137
-1.350333 -1.666036
-0.911049 -0.741443
-0.942364 -1.791436
-1.319324 -1.976668
-1.154681 -1.058333
-1.060648 -1.250517
-1.287823 -1.143437
-0.895377 -1.474406
-1.030892 -0.768070
-0.946429 -0.982115
-1.198746 -1.052003
-1.256600 -2.109804
-1.163845 -1.322174
-1.141399 -2.065862
-0.877431 -1.562863
-1.111871 -0.649280
-1.162565 -0.712339
-1.100744 -0.684667
-0.922027 -1.529182
-1.328129 -1.258149
-1.101079 -1.094157
-1.003381 -1.677718
-1.138518 -1.034752
-0.854368 -0.690071
-0.976859 -0.769422
-1.054835 -0.886766
-1.033793 -0.749771
-1.103470 -1.205778
-0.820352 -1.486061
-0.955864 -1.530692
-1.013566 -1.937235
-1.203194 -1.129195
-1.137876 -1.438987
-0.936297 -1.782693
-1.128152 -0.752519
-1.165860 -1.825792
-0.885023 -1.170882
-0.911768 -1.483057
-1.214594 -0.916291
-0.852308 -1.249782
-1.257317 -1.365976
-0.925244 -1.386599
-1.313584 -2.030227
-1.284535 -1.196936
-1.099686 -0.959074
-1.054069 -0.769234
-1.175033 -1.810105
-0.883478 -1.252049
-0.828886 -0.892669
-1.361952 -1.750087
-1.184360 -1.877735
-0.890918 -1.170874
-0.789396 -1.018372
-1.146871 -1.012082
-0.911294 -0.996071
-1.134043 -1.904129
-1.172436 -1.583894
-1.092358 -1.740822
-0.985268 -1.763518
-0.845578 -1.207734
-0.973692 -1.646621
-1.140455 -1.546414
-1.307148 -1.511315
-0.995166 -1.877292
-1.161613 -1.400735
-1.118120 -1.761719
-0.894660 -0.994816
-1.138939 -2.015723
-0.756248 -0.863040
-1.220986 -1.082858
-0.974879 -1.037279
-1.215509 -0.852292
-0.986696 -0.599333
-1.206854 -1.131687
-1.001625 -0.863682
-0.927160 -0.690327
-1.033405 -1.985829
-0.782161 -1.258024
-1.147229 -1.107862
-0.969952 -1.643127
-0.937261 -1.124199
-0.859566 -0.996180
-1.010110 -1.481057
-1.196997 -0.950081
-1.313443 -1.489277
-1.282706 -1.196544
-0.951820 -1.201100
-1.017258 -1.935786
-1.172026 -1.965398
-0.960790 -1.070610
-1.224519 -1.111575
-0.914123 -0.858195
-1.263715 -1.601393
-0.950014 -0.788982
-1.328952 -1.312207
-0.961256 -1.485855
-0.916220 -1.375095
-1.332999 -1.838731
-1.086898 -1.500123
-0.982857 -1.460656
-1.012810 -0.935105
-0.823209 -1.339588
-1.294754 -1.280094
-1.013769 -1.615522
-0.946752 -0.615532
-0.755744 -1.154370
-0.932661 -0.843562
-1.230285 -2.014816
-0.991653 -1.119675
-0.829716 -0.988534
-1.187525 -1.310529
-0.913366 -1.274566
-1.041841 -1.082588
-0.876971 -1.528765
-0.738437 -1.090913
-1.168644 -1.935907
-1.014363 -0.687386
-1.065055 -1.028286
-0.927541 -1.469221
-0.788936 -1.180255
-0.846452 -1.110882
-1.054515 -0.637725
-1.314417 -1.863672
-1.297522 -1.295445
-0.891823 -1.275126
-1.321456 -1.223974
-1.330452 -1.200870
-0.974093 -1.336276
-1.110344 -0.766441
-1.089587 -1.750643
-0.858500 -1.112366
-0.900362 -1.156256
-1.331941 -1.350285
-0.887709 -0.764109
-0.867495 -0.852310
-1.212031 -1.642972
-1.061982 -1.261688
-1.265599 -1.255583
-0.900529 -1.249701
-1.011923 -0.769175
-1.238202 -2.093279
-0.785451 -0.695828
-1.155949 -0.835274
-1.228724 -2.014838
-0.810139 -0.699711
-1.351461 -1.924257
-1.286233 -1.542930
-0.801723 -0.841522
-0.882832 -1.167156
-1.271093 -1.084717
-1.070454 -0.894894
-0.888657 -1.557665
-1.086918 -1.732711
-0.746815 -1.159964
-1.099925 -0.719442
-1.263980 -1.596204
-0.782274 -1.270929
-0.850590 -0.870065
-0.943080 -1.303447
-1.271025 -1.544103
-0.842201 -0.834618
-1.054716 -1.729509
-1.023177 -1.577193
-0.931019 -0.574473
-1.015465 -1.707075
-1.271661 -1.821207
-0.940978 -0.694935
-0.937786 -1.791628
-0.790827 -0.865321
-1.002473 -1.947867
-1.310496 -1.782593
-0.913192 -1.282368
-1.330562 -1.365523
-1.010891 -0.985111
-1.023536 -1.462774
-1.312004 -1.499394
-0.843168 -1.089492
-1.154529 -1.161154
-1.286317 -1.052368
-1.290040 -1.708955
-1.326449 -1.886757
-0.766180 -0.784236
-0.979249 -1.402129
-1.151484 -1.530375
-1.253531 -1.198236
-1.212172 -1.871630
-1.374867 -1.560202
-0.973406 -1.635995
-1.189817 -0.915207
-0.795677 -1.294664
-1.265973 -2.072355
-0.896334 -0.814119
-1.154199 -1.954750
-1.124492 -1.318431
-0.838711 -1.525526
-0.795750 -0.705892
-0.909538 -1.178506
-1.007624 -0.972390
-1.364099 -1.313186
-1.316943 -1.482925
-0.864871 -0.765685
-0.903142 -1.424669
-0.985967 -0.782994
-0.824467 -0.941603
-1.119175 -1.945026
-1.172276 -0.937089
-1.197609 -1.105520
-0.863699 -1.177108
-1.173219 -2.106120
-0.854205 -0.689041
-1.203125 -1.380125
-1.193439 -0.967062
-1.077699 -0.955109
-1.204301 -0.773959
-1.233513 -1.432619
-1.326498 -1.408942
-1.028499 -1.897042
-1.109955 -1.233030
-1.134048 -2.093750
-1.143843 -1.189877
-0.851904 -1.207060
-0.959089 -1.083479
-0.821770 -0.893631
-0.829982 -1.513445
-1.170694 -0.870697
-1.175213 -1.822349
-0.995565 -1.829239
-1.318111 -1.762526
-1.187247 -0.857116
-1.100294 -0.827965
-0.927172 -1.545587
-1.290998 -1.519562
-1.250694 -1.657797
-0.828938 -1.255627
-1.348724 -1.671397
-0.959200 -1.486658
-0.797087 -0.666412
-1.135913 -0.668781
-1.001395 -1.175306
-1.075141 -1.230511
-1.329809 -1.757444
-1.084474 -0.837875
-1.221251 -1.068395
-0.871139 -1.155084
-0.879421 -1.384998
-1.013789 -1.144439
-1.082723 -2.027998
-1.264325 -1.525512
-1.109974 -2.089058
-0.789716 -0.932029
-1.148454 -1.855792
-1.237261 -2.082341
-1.190542 -0.998128
-1.361238 -1.696169
-0.975197 -1.894719
-1.221741 -2.096894
-1.064838 -1.641494
-0.790368 -1.301234
-0.942894 -1.488895
-1.073429 -1.534545
-0.765915 -1.263999
-0.955359 -1.395064
-0.851923 -1.504113
-0.997422 -1.753040
-1.149862 -1.922109
-0.955697 -1.315518
-1.156870 -1.647890
-1.350841 -1.710569
-1.008111 -0.713525
-0.885987 -1.467898
-1.170465 -1.123767
-1.103410 -2.017390
-0.904450 -1.622168
-1.272796 -1.205058
-1.359558 -1.900611
-1.076631 -1.029918
-1.090351 -0.832892
-0.956580 -1.364074
-1.001710 -1.168698
-1.186643 -2.032942
-1.173947 -1.325910
-0.897664 -1.704542
-1.137716 -2.060094
-0.930986 -1.454679
-1.349744 -1.626061
-1.087210 -1.648927
-1.138763 -1.924493
-1.111955 -2.028626
-1.096719 -0.917967
-1.272940 -1.988053
-1.144454 -1.270073
-1.267668 -1.944768
-1.160675 -1.036101
-0.861259 -1.546453
-0.815143 -1.383073
-1.154578 -1.120460
-1.094763 -1.059218
-1.318151 -1.755257
-1.374122 -1.758266
-1.112133 -1.106353
-0.893235 -0.772783
-1.297781 -1.426009
-1.153612 -1.373751
-0.896414 -1.312250
-1.358454 -1.576831
-0.806843 -1.243418
-1.013111 -1.156992
-0.846472 -0.995202
-1.038278 -1.339330
-1.145885 -1.401910
-0.876143 -0.703306
-1.270156 -1.512399
-1.066035 -1.415969
-1.089658 -1.993342
-1.277945 -1.742617
-1.226369 -1.100562
-1.054457 -0.707711
-0.948932 -1.847633
-0.964110 -1.558219
-0.969823 -1.418599
-1.006358 -1.831487
-1.274872 -1.442423
-1.009919 -1.244243
-1.237923 -1.563765
-0.814267 -0.885879
-1.297654 -1.679869
-1.219188 -1.268441
-0.923022 -1.219638
-1.008465 -1.835020
-0.904522 -0.623079
-0.950704 -0.698416
-1.297878 -1.842788
-0.983974 -1.077749
-0.964527 -1.502372
-0.866597 -0.699110
-1.125510 -1.125580
-1.129381 -1.676270
-0.925983 -1.505777
-1.086166 -1.130048
-1.213849 -0.868896
-1.219642 -1.551777
-0.790572 -1.221590
-1.368321 -1.878837
-0.985044 -1.621488
-0.910697 -1.036917
-1.304981 -1.487068
-0.797596 -1.360734
-1.237822 -1.164022
-1.147939 -1.595142
-1.198586 -1.973651
-1.060372 -0.608376
-1.100546 -0.987255
-1.074353 -1.609104
-1.096496 -0.863100
-0.889391 -1.483302
-0.764588 -0.886860
-0.987000 -1.052073
-0.954579 -1.606653
-0.977236 -1.337143
-0.998608 -1.491768
-1.259134 -1.636687
-1.321655 -1.153781
-0.843849 -1.541018
-1.046084 -1.478757
-1.065648 -0.633382
-1.101987 -0.735170
-0.896762 -0.686704
-0.871785 -0.654097
-1.061322 -1.568700
-0.964945 -1.081084
-0.816306 -0.636786
-0.952752 -1.089731
-1.186660 -1.469869
-1.108298 -2.079725
-0.954256 -0.887328
-1.200181 -1.144077
-1.121555 -1.120019
-1.050641 -1.454881
-1.261561 -1.925503
-0.887008 -1.374493
-0.914414 -1.156359
-1.233546 -1.121906
-1.361553 -1.790362
-0.820931 -0.872020
-1.229113 -1.179479
-1.103458 -1.398937
-1.096291 -1.480131
-1.268279 -1.608952
-1.344946 -1.268166
-1.186698 -0.854961
-1.286895 -1.744743
-1.273739 -1.652332
-1.194098 -2.012829
-1.324340 -1.920886
-0.895537 -0.659909
-1.162255 -2.039590
-1.103583 -0.937253
-1.182250 -1.321355
-1.137903 -1.963746
-1.302798 -1.662372
-0.859592 -0.703915
-1.267907 -1.238122
-1.068749 -0.654426
-0.934543 -1.698282
-1.323621 -1.112209
-0.812225 -1.434250
-1.062345 -1.655973
-1.061286 -2.021752
-1.265919 -2.079058
-1.227129 -1.317860
-0.952787 -0.899939
-1.091351 -1.424925
-0.922190 -1.083290
-0.885265 -1.318945
-0.990946 -1.279437
-0.914705 -1.127805
-1.275859 -1.694252
-0.898733 -1.436251
-0.976068 -0.570081
-1.037966 -1.030080
-0.848435 -0.975202
-0.850237 -0.879587
-0.776059 -0.828878
-1.217975 -1.758342
-1.015528 -1.771908
-0.862035 -1.556409
-0.904651 -1.664238
-1.102666 -0.949636
-1.062316 -1.599121
-1.178907 -0.911694
-1.067205 -0.759705
-0.918288 -1.497640
-0.867902 -0.752441
-1.349893 -1.556654
-0.863045 -1.623192
-1.084575 -1.768498
-1.036999 -0.775442
-0.911032 -1.714256
-1.012827 -1.241887
-0.841310 -0.781144
-1.143680 -1.739653
-0.875786 -1.038036
-1.203334 -1.558839
-1.193367 -1.106865
-0.762924 -1.215682
-1.205592 -2.084268
-1.285580 -1.619504
-1.298271 -1.039667
-1.229253 -0.985107
-0.972470 -0.646178
-1.187988 -1.277433
-1.163779 -1.615911
-1.217540 -1.003797
-1.091396 -1.073492
-1.277510 -1.166415
-0.773266 -0.718803
-1.163675 -1.063534
-0.942654 -1.606310
-0.987053 -1.104685
-1.058709 -1.386226
-0.968658 -1.766170
-1.124498 -2.012026
-1.076933 -1.745858
-1.094397 -1.839823
-1.114088 -2.011218
-1.034344 -1.199662
-1.158306 -0.915585
-0.937857 -0.901613
-0.802805 -0.831712
-1.332035 -1.418042
-1.205423 -1.509951
-1.212828 -1.596235
-0.826398 -1.388877
-1.069280 -0.877912
-1.311508 -1.722958
-1.086950 -1.797673
-1.059297 -1.053695
-0.751225 -0.836162
-1.177051 -0.802426
-1.372183 -1.567219
-0.944125 -1.349703
-1.021569 -0.837775
-1.169917 -0.701321
-1.216927 -1.755293
-0.905951 -0.982985
-1.182368 -1.669116
-0.850752 -0.918519
-1.234256 -1.020416
-1.200527 -2.082824
-1.213079 -1.784467
-1.231511 -1.149356
-1.225144 -1.300613
-1.075467 -1.996164
-0.797540 -0.779905
-1.044490 -1.441691
-1.022788 -1.618381
-1.130295 -0.847793
-1.307714 -1.477449
-1.264811 -1.920026
-0.780394 -1.056514
-0.841437 -1.529944
-0.946475 -1.634331
-1.035799 -1.467869
-1.167210 -1.262241
-0.825224 -0.992578
-0.961172 -0.653091
-0.843698 -0.815035
-1.050958 -1.218393
-0.939662 -1.537377
-1.009576 -0.727261
-0.855330 -0.718829
-0.857296 -1.480346
-0.915762 -1.488151
-1.101365 -1.167139
-0.872008 -1.359137
-1.059865 -1.229231
-1.091832 -1.156453
-1.216294 -1.940740
-1.234042 -1.438815
-1.253483 -1.932726
-1.094653 -1.766159
-0.837253 -0.942812
-1.045305 -1.137574
-1.298091 -1.434200
-1.289426 -1.034125
-0.873517 -0.984100
-1.254104 -1.293330
-0.970712 -0.704981
-1.201470 -1.678777
-0.933752 -1.370695
-0.902969 -1.378436
-1.035655 -1.929114
-0.948856 -1.666019
-0.943960 -0.806127
-0.944887 -0.968459
-1.199851 -0.993575
-0.930394 -0.955410
-1.127947 -1.586488
-0.894365 -1.650792
-0.918922 -0.742062
-1.037417 -1.286210
-1.246590 -1.078850
-1.128459 -1.005787
-0.979256 -1.088152
-1.166758 -1.167781
-1.135653 -1.673665
-0.948148 -0.732710
-1.174576 -1.673316
-0.799465 -0.916128
-0.802441 -1.027827
-1.214685 -2.125389
-1.106725 -0.653735
-1.347779 -1.527595
-1.218004 -0.960156
-1.210721 -2.127708
-1.245782 -1.545844
-1.194250 -1.878206
-1.107831 -1.815659
-0.898799 -0.989733
-1.278014 -1.111929
-1.004425 -1.009046
-0.836449 -1.486652
-1.033649 -1.687379
-1.203214 -1.887120
-1.090281 -1.955054
-0.887913 -1.024739
-1.314981 -1.303975
-0.854066 -1.589595
-0.951930 -0.795557
-0.967494 -0.693847
-1.133940 -1.019420
-1.127025 -0.936705
-1.090559 -2.019959
-0.855074 -0.594764
-0.910648 -1.750893
-1.279367 -1.424363
-0.859857 -1.376977
-0.997544 -1.581809
-0.973204 -1.638056
-0.914053 -0.616191
-1.312894 -1.460016
-1.268216 -1.014140
-1.128978 -1.199075
-0.756471 -0.889654
-1.131732 -0.815979
-1.035923 -0.926150
-1.011338 -1.496546
-1.349271 -1.839555
-1.285777 -1.914849
-0.876289 -0.703264
-0.876556 -0.612024
-0.979026 -1.385660
-1.017665 -1.933213
-1.307060 -1.198441
-0.799735 -0.860365
-0.971962 -0.818814
-0.887487 -0.891507
-1.119999 -1.124149
-1.087915 -1.077133
-0.911742 -1.317837
-1.067291 -1.883502
-0.769807 -1.197604
-0.913809 -0.589807
-0.983780 -1.829522
-1.159146 -1.987689
-0.975107 -1.163586
-1.030971 -0.656627
-1.253062 -1.396210
-0.854691 -1.456618
-1.073040 -1.447996
-1.024722 -1.155857
-0.995390 -0.932970
-0.913676 -1.149323
-0.903393 -1.295077
-1.309936 -1.346743
-0.849362 -0.869848
-0.849712 -1.122629
-1.191857 -1.948441
-0.962908 -1.381003
-0.967523 -0.884730
-1.079710 -1.907398
-1.190673 -2.124113
-0.991056 -0.727080
-1.039772 -1.097132
-0.982821 -0.573091
-1.159627 -1.928343
-1.284401 -1.433412
-1.310567 -1.341925
-0.913013 -1.260800
-0.846740 -0.673228
-1.175788 -0.838010
-0.923459 -1.388615
-1.043003 -1.008248
-0.992575 -1.708247
-1.144387 -1.249582
-1.324638 -1.587646
-1.035866 -1.164802
-1.205818 -1.731974
-1.375589 -1.438652
-1.167144 -2.021212
-1.098575 -1.327070
-0.916618 -0.601373
-1.234099 -1.794943
-1.245273 -2.145361
-1.115164 -1.411779
-1.157242 -1.388250
-1.187849 -1.293603
-0.899924 -0.750492
-0.881531 -0.767905
-0.967072 -0.995339
-1.001593 -1.306741
-1.233266 -1.326789
-0.986618 -1.853378
-0.997925 -1.364759
-0.996732 -0.926057
-1.014023 -1.767291
-1.127786 -1.303704
-1.076303 -0.694264
-1.221174 -1.035866
-1.290434 -1.370270
-1.223325 -1.596630
-1.051657 -1.129842
-1.057551 -1.970784
-0.869149 -0.661034
-1.210136 -1.477187
-1.297390 -2.070152
-0.873585 -1.637395
-0.975275 -1.742337
-1.181897 -1.198155
-1.044850 -1.398835
-0.929022 -1.133357
-1.254548 -1.240369
-1.170764 -1.202821
-1.215342 -0.845853
-0.844571 -0.941874
-1.253166 -1.514024
-0.882501 -1.351566
-0.991199 -1.866057
-1.032170 -0.596381
-0.977744 -1.651501
-1.145418 -2.082232
-1.159703 -0.786339
-0.830850 -1.470866
-1.288823 -1.221875
-1.288224 -1.958585
-1.027190 -1.513707
-0.981093 -1.227974
-1.022339 -0.584809
-1.066695 -1.222043
-0.975696 -1.333542
-1.205518 -1.479679
-1.342963 -1.483271
-1.219364 -1.173937
-1.302153 -1.568002
-1.117502 -1.348642
-1.272156 -0.955823
-1.160624 -1.977659
-0.956144 -0.772670
-1.101465 -1.890026
-1.120538 -1.175539
-1.084370 -1.971729
-0.891770 -0.844018
-0.766221 -1.029157
-1.094812 -1.866274
-1.160981 -1.695888
-1.042923 -0.956194
-1.226899 -0.843035
-0.765923 -1.284546
-0.798335 -0.874201
-0.774646 -0.798061
-1.153928 -0.918748
-0.985621 -1.169669
-0.850245 -0.970714
-0.921335 -0.639887
-1.049469 -0.708946
-1.059067 -1.271752
-1.011807 -1.952618
-0.831710 -0.846200
-1.297093 -1.294598
-1.050189 -0.742606
-0.923210 -1.507846
-1.023732 -1.907702
-0.991310 -0.704347
-1.319727 -1.856359
-1.156492 -1.526989
-1.078185 -1.343902
-1.045032 -1.300167
-1.356518 -1.338994
-1.105947 -1.358514
-1.195857 -1.958555
-1.249844 -1.516377
-1.082444 -1.451663
-0.977427 -0.943330
-1.124016 -0.683597
-1.372064 -1.683510
-0.973673 -0.754896
-1.164685 -2.113817
-1.015526 -1.315076
-0.775365 -1.190212
-1.180350 -1.716392
-1.052486 -0.928945
-0.856691 -1.586237
-0.799086 -1.171821
-1.379841 -1.748812
-1.019462 -1.713700
-1.165669 -1.700520
-0.941015 -1.828236
-1.160256 -2.102447
-1.136925 -1.829015
-0.872383 -1.177874
-1.175634 -0.926376
-1.182155 -1.280961
-1.058969 -1.082397
-0.907437 -1.627899
-1.333808 -1.896598
-1.289101 -1.077221
-0.755820 -0.993345
-0.962722 -1.124553
-1.348393 -1.892465
-1.065360 -1.918129
-1.007950 -1.134380
-1.146111 -1.695374
-0.901342 -0.599739
-1.257862 -1.402702
-0.851699 -0.962408
-1.141999 -1.563362
-1.090831 -1.969246
-1.081369 -0.795017
-1.258814 -1.744939
-0.839670 -1.316104
-1.051209 -0.931668
-1.192738 -0.940805
-1.138446 -1.004103
-0.915006 -0.803481
-1.183285 -2.101804
-0.876414 -1.578106
-1.233147 -2.070210
-1.168342 -1.711762
-0.859244 -1.067896
-1.311885 -1.194304
-1.295827 -1.514188
-1.173612 -0.894451
-1.125603 -1.457125
-0.924406 -1.500054
-1.171873 -2.085242
-1.094038 -2.024111
-1.015833 -1.705824
-1.275348 -1.681464
-0.891204 -0.949879
-1.154960 -1.032289
-0.935989 -0.635103
-1.280275 -1.420971
-0.764433 -0.764168
-0.926548 -1.284623
-0.989109 -1.260281
-1.216373 -0.974659
-1.270607 -1.926186
-0.760032 -1.083069
-1.093601 -1.588029
-0.956733 -0.659641
-1.275919 -1.030935
-0.825564 -1.257914
-1.185499 -1.782171
-0.854573 -1.160148
-1.041516 -0.792233
-1.136145 -1.576679
-1.165119 -1.890214
-0.878405 -1.330464
-1.183547 -1.514989
-0.946168 -1.487080
-1.149697 -0.924050
-0.865493 -0.622286
-1.343098 -1.797956
-0.807380 -1.392943
-1.071132 -0.987397
-1.081539 -1.824878
-1.081787 -1.201020
-1.031405 -0.661685
-0.962185 -1.576525
-1.110688 -0.917822
-1.116913 -0.949208
-1.164103 -1.005183
-1.036407 -0.888149
-0.768969 -0.732301
-1.155832 -1.874154
-1.147400 -1.718839
-0.929644 -1.762697
-1.053908 -0.744978
-1.121485 -1.949369
-1.065788 -0.673425
-0.772569 -1.018496
-1.220165 -0.888508
-1.036906 -1.995054
-0.786723 -0.868393
-1.024988 -1.873913
-1.028161 -0.721560
-0.761490 -0.755218
-1.349729 -1.928823
-1.082683 -1.642595
-0.865852 -0.581954
-1.233880 -1.414290
-1.040996 -1.779816
-1.123960 -1.034660
-1.263635 -1.588608
-1.038233 -1.317171
-1.309336 -1.716926
-0.916849 -1.365234
-1.330709 -1.377196
-1.214528 -1.009571
-1.261587 -1.897299
-1.048760 -1.102666
-0.901004 -1.366821
-1.158292 -1.126261
-1.289583 -1.452827
-0.833261 -0.810054
-1.140250 -2.018382
-0.944143 -1.207564
-1.200267 -2.130033
-1.169540 -1.971520
-1.259578 -1.552683
-0.878242 -0.937174
-1.014779 -1.777617
-0.935711 -0.971969
-1.172717 -1.044574
-1.061151 -0.730232
-1.224489 -1.574998
-1.266847 -1.705730
-1.061350 -1.376543
-1.329225 -1.793003
-1.033879 -1.814059
-1.324097 -1.832750
-1.216219 -1.145067
-0.808173 -0.844617
-0.811035 -1.405676
-0.936195 -1.450606
-1.319289 -1.399696
-1.123154 -1.337939
-1.004906 -0.866788
-1.012621 -0.877955
-0.898724 -0.834227
-0.969586 -1.487838
-1.385544 -1.703559
-1.170411 -2.015830
-1.377513 -1.647294
-1.182594 -1.547465
-0.835917 -1.113325
-1.066282 -1.887189
-1.063651 -1.459621
-1.036306 -1.525727
-1.104879 -0.715014
-0.973421 -1.718872
-1.248719 -1.394713
-1.040911 -1.813343
-0.991536 -1.567706
-0.962667 -1.177055
-1.260568 -1.459690
-1.011205 -1.563888
-0.845885 -1.573557
-1.070019 -0.614619
-1.306402 -2.070229
-0.894199 -1.613528
-1.169291 -1.668201
-1.195539 -1.118542
-1.006271 -1.102443
-1.093537 -1.045014
-1.360546 -1.461987
-0.832176 -1.079780
-1.091336 -2.023518
-1.146857 -1.169779
-1.298991 -1.230611
-0.816543 -1.228829
-1.031596 -1.089491
-0.969518 -0.628466
-0.883296 -1.603830
-0.952017 -1.475090
-1.148190 -1.830804
-1.094716 -1.673209
-1.137784 -1.339193
-1.032872 -0.869379
-1.246644 -1.414283
-0.970195 -1.767919
-1.114322 -1.026621
-1.130186 -1.520551
-0.973220 -1.354276
-1.025768 -1.069070
-1.181382 -1.219539
-0.993348 -0.861142
-1.082619 -0.622921
-0.939563 -1.435528
-0.986456 -0.652194
-0.848726 -1.146693
-0.844727 -0.956775
-1.014289 -1.411910
-1.049362 -0.581484
-1.165866 -1.106999
-1.325807 -1.742444
-1.206952 -0.990658
-1.118644 -1.676509
-1.076180 -1.746562
-0.974013 -1.444077
-1.267234 -1.914349
-1.342492 -1.881178
-1.327235 -1.430546
-1.346892 -1.873539
-0.879384 -1.170204
-1.341298 -1.396467
-0.852334 -1.382691
-0.897934 -1.497626
-1.192837 -1.909807
-1.103931 -1.601345
-1.236585 -1.528168
-1.035604 -1.106275
-1.088290 -0.811968
-1.192404 -1.916822
-1.132219 -1.243076
-1.249431 -1.229263
-0.881640 -0.660019
-1.282896 -1.321085
-1.187777 -1.379289
-0.830019 -0.617903
-0.856840 -0.799250
-0.946737 -1.381566
-0.887761 -1.503567
-0.984793 -1.083864
-1.098411 -1.290825
-0.827258 -0.806855
-1.240522 -1.479777
-1.035674 -1.793624
-1.068251 -1.661628
-1.282256 -1.945853
-1.034537 -1.876174
-0.870209 -1.410705
-0.900126 -1.717273
-0.797689 -1.082428
-1.271979 -1.198429
-0.987153 -1.439236
-0.883643 -1.055394
-1.097518 -1.315357
-1.275911 -1.843319
-1.264601 -1.873178
-1.050452 -0.662658
-1.260204 -2.083874
-1.232873 -1.867613
-0.993978 -1.622972
-1.283439 -1.252874
-1.284103 -1.104205
-1.180470 -1.865307
-1.195441 -1.300845
-0.780486 -1.338071
-1.272826 -1.593419
-1.354505 -1.898663
-0.899072 -1.632523
-0.975672 -1.704602
-1.142982 -1.919074
-1.164098 -1.922619
-1.024063 -1.460253
-1.205945 -1.160142
-0.752059 -0.942921
-0.907153 -1.256284
-1.296896 -1.302535
-1.099086 -1.160861
-1.103153 -1.994829
-0.929027 -0.905894
-0.934890 -0.713357
-1.070962 -1.495886
-1.003886 -1.601678
-1.082743 -1.650539
-1.219506 -1.152093
-1.021952 -0.619243
-1.092909 -2.069551
-1.312693 -1.284307
-0.985556 -0.906359
-1.272638 -1.702200
-1.241444 -1.902372
-1.182790 -1.004687
-1.301476 -1.504566
-1.388133 -1.657857
-1.261076 -1.706057
-0.905539 -1.290501
-1.094203 -0.680639
-0.951413 -1.214963
-1.067722 -1.858144
-1.376390 -1.585417
-0.996166 -0.889788
-0.786831 -1.289872
-0.749516 -0.903069
-1.165733 -1.158679
-1.124889 -1.224178
-1.168278 -0.971571
-0.874529 -0.898470
-1.018217 -1.922618
-1.128021 -0.860893
-0.850234 -1.382116
-1.193682 -0.960933
-0.869573 -1.322415
-0.929107 -1.194759
-1.091417 -1.948018
-1.056661 -1.633232
-1.065366 -1.180418
-1.207071 -1.020993
-1.363283 -1.788576
-1.273787 -2.096457
-0.900335 -1.357573
-1.211988 -1.943606
-1.367015 -1.624118
-1.170393 -1.917193
-1.358145 -1.319483
-0.932352 -0.740223
-1.213660 -1.829117
-1.103767 -1.363637
-1.032537 -1.446040
-1.108621 -0.709302
-1.191164 -1.567714
-1.094776 -1.041561
-0.956789 -0.927406
-0.870212 -1.520597
-0.968653 -1.683839
-1.120032 -1.518061
-0.818671 -1.034539
-0.904160 -1.467027
-1.183155 -0.791882
-0.767485 -1.242125
-1.194544 -1.228515
-1.111892 -1.286912
-0.845543 -1.244199
-1.064303 -1.568463
-1.026165 -1.563832
-1.047240 -0.715440
-1.063687 -1.370727
-1.225545 -0.890730
-0.827042 -0.806599
-1.209833 -1.275884
-0.913289 -0.987539
-1.314749 -1.264376
-0.903997 -1.419400
-1.240671 -1.925097
-0.792392 -1.037544
-1.145042 -1.425428
-1.277395 -1.455706
-1.113861 -2.007411
-0.951613 -0.709537
-1.284343 -1.176530
-1.046917 -1.889371
-0.889967 -0.669460
-1.235079 -1.589874
-1.308642 -1.598038
-1.241552 -1.212657
-0.771472 -1.006677
-0.953147 -1.735902
-0.986046 -1.324115
-1.093618 -1.852004
-0.914316 -1.217219
-1.070597 -1.739999
-0.968595 -0.837292
-0.995962 -1.317128
-0.996299 -1.105099
-1.167200 -0.855549
-0.951891 -0.845230
-0.957953 -1.805470
-1.353827 -1.358567
-0.829726 -0.640692
-1.357920 -1.423496
-0.916888 -0.570181
-1.201840 -1.237803
-0.747673 -1.033219
-1.237939 -1.569848
-0.841222 -1.410203
-1.308910 -1.541009
-0.789119 -1.088359
-1.192742 -0.743075
-0.965766 -1.245085
-1.334432 -1.756630
-0.984061 -1.856762
-1.262066 -1.766797
-0.791480 -0.685072
-1.228033 -0.959199
-1.156018 -1.400662
-1.070741 -0.996520
-0.848067 -1.031499
-0.836308 -1.431439
-1.265270 -1.556638
-0.783890 -0.788787
-1.246431 -0.891755
-1.054484 -0.649883
-1.355343 -1.433238
-0.944476 -1.391422
-0.984283 -1.240389
-0.756054 -0.922670
-1.272450 -1.363816
-1.086779 -0.897629
-1.261926 -0.932914
-1.219500 -1.099407
-1.204276 -1.573125
-1.270522 -1.532898
-0.903090 -1.329746
-1.117092 -0.648467
-1.001605 -1.178215
-0.776249 -1.157573
-1.173891 -1.403065
-1.339975 -1.435869
-1.300762 -1.329660
-1.245684 -1.595121
-1.085663 -1.739084
-1.229850 -1.429662
-1.270669 -1.819014
-1.043228 -1.399887
-0.946109 -0.913973
-0.968154 -1.674256
-1.313097 -2.042122
-1.157369 -0.911450
-0.814514 -0.963525
-0.907259 -1.130706
-0.805214 -0.726878
-0.943249 -1.408822
-0.926312 -1.559546
-1.297035 -1.289019
-1.287329 -1.430150
-0.988449 -0.986730
-1.057693 -0.875008
-1.038515 -1.087337
-0.801611 -1.334206
-1.341845 -1.802691
-1.168245 -2.128173
-1.019732 -1.954264
-1.283563 -1.440965
-0.912163 -0.861044
-0.981760 -1.213288
-1.237101 -1.114944
-1.110968 -1.325567
-1.384914 -1.668905
-0.962938 -0.821472
-0.977182 -1.063074
-0.768562 -1.011926
-1.368496 -1.784202
-1.066320 -1.169606
-1.133591 -1.398236
-1.014416 -0.826594
-0.929643 -1.702226
-1.275460 -1.870125
-0.993824 -1.052936
-0.766583 -1.271195
-1.160472 -0.859809
-0.961436 -1.748178
-0.927091 -1.648350
-0.806320 -1.216944
-1.176669 -1.181105
-1.201977 -1.331694
-1.339469 -1.289206
-0.987928 -1.314798
-0.946207 -1.435297
-1.182570 -1.233522
-1.337919 -1.522243
-0.954915 -1.032935
-0.871941 -1.209489
-1.225936 -1.929622
-0.955286 -1.294726
-0.835352 -1.158540
-1.228455 -2.132004
-1.250572 -0.920042
-1.214313 -1.491695
-1.081525 -0.826822
-1.163091 -1.114655
-0.845816 -1.421505
-1.302888 -1.081559
-1.009813 -1.083612
-1.143132 -1.369017
-0.987058 -1.844404
-1.205438 -1.182359
-1.227244 -1.113621
-0.962132 -1.142475
-1.279011 -2.030782
-1.151324 -2.093084
-1.314401 -2.001834
-1.374758 -1.482890
-1.099060 -0.676578
-1.081478 -1.600631
-1.059511 -1.204105
-1.053988 -1.468017
-0.866542 -0.618995
-1.248466 -1.059835
-1.151844 -1.422523
-0.979845 -1.631949
-1.237113 -1.239438
-0.818631 -0.922356
-1.141337 -1.944021
-0.975641 -1.572884
-0.811628 -1.422426
-0.887106 -1.493241
-1.264539 -1.501506
-0.845095 -1.336499
-1.224473 -1.238346
-0.861284 -1.176161
-0.855255 -1.532511
-1.021650 -1.011307
-0.997548 -1.651484
-0.892826 -1.171834
-1.128089 -1.363794
-0.929551 -1.175344
-0.914371 -0.801706
-1.178363 -1.526802
-1.130115 -1.255960
-0.825716 -0.879435
-0.780223 -1.109038
-0.744658 -0.895620
-1.045225 -0.708262
-0.790274 -0.894693
-0.921598 -1.512502
-0.989154 -1.346982
-1.008187 -0.815481
-1.061574 -1.693400
-1.362753 -1.880887
-1.209186 -1.575662
-1.313053 -1.542009
-1.164875 -2.131753
-1.149914 -1.077206
-0.935869 -0.676819
-0.756410 -0.848269
-1.042761 -1.022358
-0.862043 -1.455728
-0.950048 -1.191373
-0.784859 -0.821853
-1.303476 -1.446315
-1.202640 -1.095567
-0.814135 -0.675808
-0.993603 -1.247267
-0.819685 -1.300281
-0.867505 -1.515077
-0.827638 -0.820451
-1.181101 -1.719769
-0.989943 -1.006683
-0.786913 -0.728504
-0.939902 -1.459708
-0.805690 -1.205665
-1.160225 -0.944221
-1.107608 -0.811623
-1.137245 -1.773240
-0.956292 -1.506632
-1.179104 -2.045501
-0.926321 -0.922053
-1.168293 -1.987958
-1.124367 -1.483786
-1.054939 -0.816232
-1.155964 -1.190194
-1.175346 -1.441998
-1.150261 -1.052383
-1.214933 -2.130926
-0.835202 -1.517517
-0.824839 -1.040984
-1.029227 -1.816256
-0.866391 -1.493149
-1.056940 -0.676863
-1.074592 -1.604511
-1.072370 -1.619403
-1.071015 -1.354987
-1.311242 -1.494310
-0.975741 -1.087116
-1.155245 -0.928465
-1.147637 -0.994540
-0.969412 -1.670608
-1.268102 -1.560032
-1.045351 -1.488969
-0.800155 -0.979001
-1.025490 -1.751175
-1.093512 -1.005155
-1.195059 -1.030879
-1.315784 -1.663763
-1.308278 -1.251812
-1.190833 -1.883820
-0.759703 -0.825338
-0.840138 -1.240551
-1.089866 -1.141023
-1.277818 -1.814959
-1.060607 -1.697729
-0.745205 -0.945331
-0.809519 -0.802399
-0.881269 -1.141814
-1.029840 -1.052941
-0.896094 -1.176252
-0.852104 -1.467472
-1.148942 -0.974416
-1.013538 -0.678171
-1.214009 -1.403129
-0.762470 -0.978199
-0.890564 -0.606781
-0.987665 -1.078026
-1.072235 -0.624332
-1.021154 -0.825725
-1.331588 -1.311909
-0.777665 -1.176843
-0.841005 -1.317086
-1.133886 -1.369635
-0.776938 -1.205635
-1.224950 -1.067625
-1.371078 -1.515578
-1.196975 -1.779871
-1.205313 -1.573671
-1.240645 -1.129310
-1.227110 -1.905599
-1.280360 -1.320884
-0.963064 -1.183416
-1.368879 -1.583812
-1.086448 -1.664954
-1.082347 -1.455869
-0.942069 -1.206528
-0.962809 -0.760407
-1.344871 -1.485221
-1.300423 -1.154018
-0.935117 -1.679470
-1.153215 -0.817009
-0.982476 -0.735355
-1.140458 -1.995619
-0.785069 -0.814690
-0.870020 -1.374178
-1.064916 -0.648032
-1.335282 -1.219771
-0.976008 -1.814095
-0.939593 -1.219805
-1.335491 -1.264286
-0.905052 -0.772243
-1.161522 -1.679473
-1.326864 -1.225131
-1.109217 -1.190536
-1.212408 -1.597804
-0.919220 -1.554501
-0.975621 -1.826395
-0.941013 -1.130885
-1.338863 -1.469933
-1.074710 -1.015704
-1.007941 -1.163851
-0.776382 -0.900562
-1.111721 -1.162434
-1.332566 -1.882684
-0.944652 -0.961102
-1.042734 -1.811239
-1.050377 -1.892491
-1.048463 -0.595998
-0.738753 -0.867677
-0.822964 -0.968037
-1.258325 -1.961113
-1.133881 -1.180002
-1.240696 -1.352938
-0.860041 -1.175781
-1.115115 -2.068624
-0.800885 -0.720882
-1.200675 -1.964988
-1.377126 -1.839115
-1.211159 -1.298222
-1.152961 -1.558768
-0.810349 -1.125087
-0.786507 -1.274889
-1.215700 -2.029508
-1.202276 -1.059109
-1.311468 -1.457782
-1.128035 -1.996859
-1.080365 -1.437918
-0.864149 -1.235084
-1.340474 -1.282996
-1.277714 -1.432521
-0.848715 -1.070870
-1.140375 -0.944400
-1.137510 -0.715801
-1.195031 -1.114945
-1.359147 -1.851421
-0.942823 -1.328692
-1.358923 -1.844911
-1.151861 -1.360378
-1.034147 -0.807706
-1.026277 -1.590737
-1.266862 -0.914617
-0.840737 -0.930584
-1.319382 -1.768693
-0.778259 -0.935223
-1.110412 -0.646231
-1.166522 -0.960065
-1.307339 -1.901302
-0.925303 -1.205546
-0.856658 -1.466240
-1.113212 -1.503854
-1.243317 -0.887835
-1.233997 -1.624673
-0.861182 -0.986397
-0.956917 -1.668964
-1.299455 -1.337595
-0.762627 -0.919348
-1.188738 -1.835611
-1.376621 -1.743544
-0.833769 -0.818548
-0.958045 -0.721269
-1.316487 -1.554402
-0.906582 -0.884874
-0.864151 -1.048335
-0.909241 -1.642181
-1.103773 -1.596563
-1.345489 -1.914690
-1.182366 -1.504030
-1.255247 -1.119615
-0.797864 -0.930484
-0.803957 -1.176298
-1.340054 -1.829901
-1.219799 -1.682403
-1.090214 -1.786465
-0.850879 -0.826186
-1.330002 -1.141921
-0.910423 -1.177421
-1.206459 -0.932808
-0.875793 -0.973103
-1.232535 -1.776567
-1.036295 -0.733933
-1.143891 -0.681909
-0.867628 -0.650416
-1.118999 -1.002328
-1.046524 -0.703896
-1.194402 -1.927175
-1.320087 -1.803838
-0.952161 -1.250867
-0.869532 -0.752448
-1.365067 -1.448991
-0.894571 -0.917391
-0.963556 -1.726953
-1.184689 -1.724250
-1.189678 -2.043885
-1.203566 -1.225680
-0.943350 -0.747952
-1.278593 -1.492233
-1.145698 -0.747129
-0.975139 -1.686822
-0.827682 -0.725684
-0.859351 -1.552205
-0.866895 -0.665200
-1.081460 -0.873956
-1.001129 -1.346079
-1.311179 -1.327981
-1.316562 -2.035010
-1.316123 -1.354515
-1.337823 -1.512314
-0.821794 -1.006623
-0.774441 -1.195247
-1.129715 -0.984391
-1.329438 -1.223959
-1.304570 -1.380293
-1.266886 -1.224247
-0.985240 -0.938746
-0.748806 -1.050600
-0.946701 -0.617377
-1.138697 -1.069377
-1.361363 -1.590854
-1.063354 -0.910824
-1.092457 -2.053666
-1.216537 -1.753506
-1.111180 -1.330543
-1.018020 -1.018882
-1.327873 -1.304908
-0.945025 -1.180359
-1.085967 -0.995066
-1.157904 -1.309252
-1.212659 -0.901141
-0.906573 -0.613231
-0.980327 -1.135752
-0.780538 -0.954122
-1.050926 -1.661089
-0.977510 -0.881291
-1.078703 -0.921304
-0.999539 -0.824613
-1.338150 -1.635583
-1.050076 -1.772082
-1.257085 -2.100698
-0.783440 -1.256817
-1.137529 -1.937006
-1.019698 -0.990124
-1.271170 -1.779571
-1.387567 -1.742843
-1.120354 -1.574544
-1.385375 -1.638560
-1.138631 -1.769330
-0.871337 -1.078525
-0.930775 -1.185955
-1.020332 -1.260635
-1.093417 -0.966133
-1.149301 -1.111807
-0.885623 -0.695636
-1.092864 -0.842063
-0.864325 -1.543312
-1.085083 -0.657219
-1.090989 -1.974722
-1.112885 -2.060044
-1.239276 -1.132730
-1.167883 -2.079817
-1.367161 -1.744432
-1.172714 -1.992327
-0.999408 -1.756056
-1.114578 -0.990181
-1.021665 -1.506497
-1.106391 -0.769690
-0.890914 -0.936460
-1.340227 -1.334146
-0.928617 -1.289094
-1.234851 -1.540855
-1.242964 -1.316838
-1.349658 -1.871116
-1.326450 -1.894596
-0.844932 -1.082006
-0.793835 -1.136368
-1.072908 -1.687393
-0.968860 -1.288041
-1.267072 -1.650328
-1.372522 -1.809495
-0.955873 -1.109550
-0.937192 -0.985067
-1.213938 -1.637411
-1.027803 -0.931508
-0.944213 -0.605018
-0.835636 -1.208173
-1.334302 -1.679511
-0.903221 -1.703079
-1.319016 -1.401883
-1.285495 -1.837848
-1.259757 -1.705880
-1.297123 -1.538210
-1.013273 -0.737290
-1.292360 -1.282967
-1.263051 -1.074219
-1.108562 -1.406467
-0.890592 -0.851640
-0.876460 -0.671602
-1.361738 -1.463448
-1.144459 -1.697284
-0.902282 -1.226082
-0.860318 -1.546926
-0.899043 -1.473861
-1.191584 -1.434939
-0.952715 -0.821470
-1.152722 -1.615852
-1.372438 -1.578607
-1.161135 -1.937525
-0.831525 -0.695900
-1.093103 -1.088944
-0.860407 -0.591597
-1.363147 -1.298972
-0.813870 -1.166628
-1.080117 -0.718502
-1.370164 -1.899819
-0.774372 -1.092333
-1.374377 -1.595473
-1.144512 -2.070073
-0.798009 -0.851737
-1.095095 -2.056253
-0.756088 -0.869348
-1.330210 -1.219437
-0.874791 -0.809571
-0.838699 -0.989074
-0.789752 -1.045096
-1.031234 -1.846630
-1.275761 -1.962170
-0.974929 -1.215638
-1.298209 -1.363894
-1.037292 -1.164839
-1.094616 -1.546080
-1.087987 -0.915885
-1.328198 -1.859478
-0.887947 -1.181391
-1.326476 -1.682580
-0.954321 -1.607729
-0.890926 -0.937385
-1.310793 -1.062010
-1.129603 -1.820964
-0.913941 -1.553067
-1.249781 -1.557379
-1.300751 -1.255663
-1.324945 -1.134516
-1.017094 -0.778883
-0.933625 -1.759291
-1.053799 -0.984674
-1.150162 -1.192719
-0.896013 -0.713631
-0.871745 -0.766701
-1.164696 -1.932365
-0.903146 -1.001192
-0.921488 -0.697560
-1.253384 -0.945577
-1.353666 -1.701714
-1.125089 -0.687910
-1.157387 -1.174886
-1.223700 -1.498902
-1.023116 -0.813387
-1.102940 -1.143706
-0.917587 -1.335206
-1.315019 -1.523239
-1.254095 -0.925640
-1.248177 -1.068276
-1.129234 -1.276752
-0.927170 -1.781083
-1.366848 -1.414032
-0.737891 -0.967895
-0.839474 -1.363303
-0.994532 -1.739508
-1.143822 -1.764758
-1.016942 -1.596082
-1.133884 -2.027257
-1.161265 -1.285360
-0.845150 -1.518540
-1.189398 -0.758581
-1.072016 -1.782088
-1.247236 -1.290428
-1.333907 -1.779756
-1.072573 -1.476061
-1.281053 -0.960008
-0.916284 -1.384320
-0.946024 -1.472929
-1.098425 -1.333204
-1.096396 -0.909162
-1.269525 -1.058757
-1.086580 -1.634883
-1.069817 -1.337784
-1.227102 -1.198742
-0.849214 -0.923905
-1.327565 -1.457907
-1.093063 -1.110529
-1.153775 -1.814449
-0.846448 -0.824190
-1.247296 -2.142854
-1.065501 -0.878246
-0.952964 -1.535621
-0.976641 -0.844385
-1.271525 -1.294118
-1.315814 -1.900149
-1.012170 -1.364983
-0.913622 -1.607183
-1.276485 -1.511837
-0.882958 -1.595172
-1.243882 -1.527235
-1.358112 -1.627467
-0.822369 -0.927886
-0.780251 -1.241384
-1.269499 -2.032916
-0.828496 -0.900381
-1.212508 -0.953596
-1.289176 -2.067033
-1.136025 -1.082340
-1.052935 -1.421891
-1.040171 -0.909313
-0.852971 -1.200124
-1.185728 -1.736917
-1.181936 -1.447275
-0.997040 -0.997428
-0.970767 -0.750885
-1.321867 -1.191934
-0.738837 -1.070569
-0.973742 -0.898504
-1.142364 -1.360439
-0.842156 -0.724823
-1.025090 -1.395105
-1.141687 -1.368055
-0.916031 -0.905636
-1.073713 -1.539102
-1.055641 -1.932724
-0.916178 -1.483711
-1.032583 -1.284768
-1.006440 -0.701947
-1.023233 -1.434919
-1.070731 -1.393770
-1.029967 -1.698662
-0.787968 -0.780643
-1.102369 -1.049899
-1.311484 -1.177453
-1.103942 -1.567730
-1.178457 -0.893538
-1.047957 -1.333838
-1.079079 -1.233926
-1.055940 -1.411412
-1.134397 -0.945871
-1.163389 -1.702506
-0.983875 -0.974801
-1.146666 -1.677763
-0.814279 -0.948653
-1.163833 -1.338964
-1.206774 -0.781018
-0.855991 -1.053091
-0.914293 -0.784040
-1.158450 -1.357966
-1.208481 -1.647538
-1.284536 -2.101974
-1.214800 -1.591540
-1.324599 -1.843354
-1.195053 -1.283403
-1.214017 -1.647745
-0.946300 -0.808247
-1.048279 -1.864924
-0.892506 -1.145825
-1.274530 -1.437586
-0.818021 -0.761503
-1.145820 -1.247123
-1.091214 -1.234990
-1.203089 -0.805671
-1.113448 -0.842368
-1.278157 -1.944612
-1.046853 -1.586272
-0.784042 -0.939681
-1.247900 -1.180302
-0.805536 -0.681334
-1.168767 -1.862118
-1.296434 -1.264637
-1.337889 -1.260744
-0.995588 -1.139458
-1.094363 -1.030611
-0.885184 -1.501997
-0.972865 -1.753420
-0.970856 -1.414117
-0.948459 -0.827691
-0.822552 -0.778955
-1.305050 -1.112321
-1.117980 -1.526179
-1.099345 -1.488177
-1.034131 -0.982188
-1.088187 -1.186140
-0.827102 -1.418381
-1.017672 -1.487290
-0.848242 -1.463725
-1.255809 -1.542074
-1.047938 -0.591709
-1.130718 -1.668490
-0.835218 -1.443282
-1.088404 -0.791447
-1.118376 -1.062909
-0.962137 -0.629647
-0.803793 -1.096331
-1.183152 -0.921516
-1.210772 -1.358579
-1.030128 -1.613840
-1.109006 -1.436173
-1.082146 -1.745531
-1.345610 -1.881451
-0.888629 -0.755066
-1.262339 -1.924742
-0.838738 -0.684854
-0.829664 -1.047058
-0.943965 -1.772293
-1.277557 -1.905541
-1.336129 -1.870889
-1.247929 -0.972013
-1.292879 -1.251155
-0.812374 -1.127447
-1.062829 -1.749826
-1.210080 -1.582924
-0.947303 -1.648375
-1.353050 -1.606104
-1.095394 -1.617298
-1.109814 -0.873808
-1.248245 -1.033272
-1.035281 -1.617527
-0.816010 -0.685902
-1.205274 -1.745388
-1.162071 -1.141603
-1.046502 -1.511934
-1.057910 -0.583562
-1.181800 -1.894517
-1.111199 -1.557993
-0.995942 -1.357103
-0.820919 -1.255215
-1.373940 -1.484813
-1.205381 -1.000238
-0.871271 -1.619886
-1.084731 -2.052249
-1.228932 -2.026055
-1.222684 -1.862846
-0.868937 -1.261428
-0.917936 -1.259461
-0.976121 -0.642224
-0.954238 -1.000211
-1.010122 -1.354852
-1.074197 -0.712136
-1.171281 -1.962090
-1.252169 -1.365389
-1.102382 -1.626407
-1.132536 -1.629564
-1.097631 -1.464699
-1.176307 -1.588045
-1.102144 -1.212824
-1.319804 -1.165308
-0.880022 -1.443188
-1.120916 -0.939691
-1.223835 -0.954095
-1.343242 -1.430655
-1.143461 -1.616969
-1.231773 -1.141766
-1.095869 -0.771596
-0.927872 -1.108648
-1.045924 -1.380370
-0.797185 -1.407749
-1.134957 -1.960817
-0.945245 -1.016296
-1.287923 -1.878655
-1.277747 -1.846394
-1.147867 -0.749737
-1.008884 -1.481042
-1.232325 -1.745628
-1.348885 -1.603803
-0.938386 -1.312822
-0.918969 -1.298652
-1.139040 -1.211924
-0.738843 -0.871506
-1.101570 -1.891340
-1.349872 -1.550636
-0.893601 -0.944287
-0.871639 -1.534932
-1.112594 -1.778638
-1.094543 -0.913226
-0.815779 -1.276973
-1.145815 -1.281779
-0.955229 -1.473802
-0.877839 -0.719908
-0.762574 -1.080162
-1.179473 -2.087319
-1.089641 -0.791871
-1.205270 -1.741614
-1.122689 -1.102351
-0.781677 -1.204723
-1.049559 -1.878129
-0.951028 -1.541127
-0.784197 -0.886263
-1.207272 -1.865207
-0.931028 -1.264438
-0.958775 -1.536778
-0.883809 -1.186123
-1.158326 -1.354054
-1.040298 -1.407966
-1.119129 -1.812031
-0.928118 -1.324169
-0.960635 -1.030794
-0.887072 -1.407759
-1.025961 -1.852799
-0.888025 -1.250723
-0.988244 -0.641362
-0.942527 -1.512097
-0.932316 -0.978039
-0.929154 -1.128652
-0.801679 -1.019901
-0.942952 -1.232495
-0.844431 -1.454855
-1.025419 -0.985798
-1.115295 -1.715779
-1.144886 -0.745066
-1.091646 -1.547593
-0.943034 -0.720359
-1.276577 -1.634083
-1.253619 -1.434528
-1.214006 -1.823260
-1.071039 -0.925448
-0.869535 -1.055495
-1.310122 -1.191825
-1.006853 -1.823684
-0.767677 -1.119089
-0.998451 -0.841110
-1.322106 -1.890918
-1.154359 -1.767467
-1.073404 -1.767741
-0.950502 -1.474595
-1.232893 -1.636967
-1.116874 -0.714606
-1.176536 -1.348493
-1.060483 -1.076274
-0.931678 -0.951903
-0.847285 -0.710149
-0.944914 -1.651099
-1.038498 -1.800725
-1.095019 -1.848978
-0.798477 -0.860797
-0.964555 -0.897139
-1.087359 -1.498648
-0.906520 -1.445045
-0.855166 -1.437899
-0.794329 -0.955310
-1.141844 -1.341481
-1.015371 -0.774294
-0.872084 -0.656015
-1.019949 -0.603520
-0.902547 -1.678244
-1.251412 -1.347472
-1.175962 -1.112534
-1.247277 -1.229945
-0.965953 -1.281827
-0.834144 -1.412214
-0.892332 -0.576803
-1.084131 -0.627304
-1.224050 -1.076029
-1.115953 -1.301144
-1.090258 -0.824180
-0.944089 -1.493466
-0.841956 -1.328271
-1.064487 -0.917669
-0.785900 -0.746800
-1.209595 -1.417870
-1.095303 -1.358845
-1.274190 -1.381879
-1.115219 -1.992594
-1.264306 -1.358561
-0.769717 -1.289014
-0.958741 -0.838834
-0.781872 -1.206669
-0.855070 -1.387461
-0.868962 -0.994596
-0.929161 -1.593518
-0.975888 -1.688168
-0.971140 -1.633827
-1.289658 -1.945152
-0.840938 -0.646463
-1.231616 -1.155663
-0.788405 -1.349249
-1.081969 -0.674980
-1.063163 -0.917553
-0.999157 -0.743764
-1.287692 -1.282839
-1.017550 -0.937617
-1.181892 -2.058673
-0.910156 -0.835027
-1.124321 -1.074138
-1.140942 -1.411065
-1.081707 -1.738155
-0.933648 -1.059013
-1.261493 -0.954700
-0.867788 -0.622386
-1.133930 -1.686790
-1.122920 -1.843074
-0.847350 -0.889679
-0.801524 -1.346620
-1.067701 -0.628018
-1.344309 -1.754429
-1.210487 -2.149975
-0.938024 -1.134580
-0.733046 -0.946579
-1.214923 -1.853345
-1.371718 -1.701902
-1.084047 -1.438543
-0.858887 -1.545425
-0.964837 -1.251304
-0.885868 -1.365870
-1.101709 -0.713316
-1.003803 -1.033625
-0.986752 -1.071167
-0.977196 -1.150429
-1.150735 -1.356128
-1.189401 -1.509760
-0.932175 -0.945040
-1.076302 -1.091627
-1.132526 -0.719900
-1.044496 -0.992796
-1.277454 -1.468099
-1.182887 -0.790925
-1.327584 -1.624261
-1.287292 -0.988279
-1.048763 -1.082718
-1.013011 -1.382197
-0.967255 -1.466739
-1.299986 -1.953087
-0.979351 -1.749569
-1.038169 -1.938814
-1.096964 -0.688462
-0.924992 -1.319148
-0.777403 -0.878963
-1.235316 -1.786565
-0.801154 -1.165599
-1.357349 -1.834591
-1.252995 -1.624483
-1.298892 -2.085674
-1.351604 -1.790457
-0.788486 -1.285673
-1.288893 -1.622332
-1.232897 -1.156695
-0.857172 -1.614643
-0.981088 -1.688758
-1.028190 -1.849319
-1.102930 -1.408296
-1.257262 -1.685673
-0.925977 -0.821818
-0.978368 -1.039588
-1.172877 -1.136553
-1.341873 -2.001890
-1.166567 -1.183942
-1.025450 -1.385141
-1.000697 -1.480168
-1.137121 -1.072617
-0.881703 -0.756340
-0.745448 -0.977173
-1.011217 -1.914386
-1.056072 -1.739692
-1.083063 -1.044348
-0.867809 -1.056479
-1.192116 -1.826130
-1.085808 -1.042334
-1.082118 -0.870979
-1.109205 -1.567221
-0.980924 -1.559899
-0.861641 -1.508830
-1.291677 -1.035275
-0.849387 -0.876416
-1.131152 -1.429991
-1.009709 -0.581098
-1.123913 -0.760579
-1.297729 -1.770637
-0.867947 -0.995858
-1.204934 -1.899184
-0.980245 -1.348891
-1.208142 -1.069547
-1.115069 -1.121394
-1.118314 -0.700908
-1.253287 -0.990923
-1.338961 -1.781429
-0.876834 -0.793047
-1.129668 -2.080968
-1.035539 -1.307588
-1.122832 -1.081981
-1.305361 -1.601077
-1.273126 -1.101278
-0.833329 -0.825296
-1.242125 -1.666613
-1.100203 -1.636771
-1.026489 -0.795217
-1.242937 -0.972030
-1.086521 -1.300268
-1.043119 -1.306895
-1.004858 -0.935042
-0.926821 -1.304051
-0.922741 -1.053445
-0.917232 -1.695802
-0.906972 -0.646453
-1.162593 -2.134636
-1.313416 -2.011526
-1.145084 -0.855826
-0.821946 -1.492028
-0.785260 -1.110825
-1.033291 -1.493170
-0.950697 -1.818895
-1.068188 -1.216480
-1.012112 -0.759830
-1.012925 -1.730135
-1.180047 -1.581135
-1.191291 -1.797930
-0.911257 -1.008407
-1.286573 -1.635320
-1.051989 -1.049945
-1.248163 -1.291390
-0.872392 -0.767383
-0.873930 -1.024428
-0.858889 -0.681307
-0.859496 -1.164108
-0.878378 -1.206185
-1.272001 -1.207988
-1.042974 -1.156195
-1.305849 -2.026556
-1.206228 -1.916715
-1.072079 -1.628023
-0.969262 -0.572583
-1.157490 -0.938490
-0.942168 -1.001874
-1.046201 -0.991304
-1.125459 -0.867120
-1.112494 -0.663944
-1.130478 -1.711445
-1.038204 -1.786550
-1.031213 -0.595530
-1.218382 -1.731564
-0.843015 -1.220899
-1.056333 -1.758060
-1.148199 -1.883490
-0.931130 -1.647373
-1.191648 -1.045013
-0.892004 -1.243096
-1.378569 -1.828539
-1.170718 -1.985527
-1.076305 -1.598240
-1.264560 -0.976341
-1.366705 -1.658571
-1.196704 -1.989381
-0.970716 -0.584579
-1.369388 -1.737876
-1.293687 -1.229752
-1.274866 -1.559395
-1.105209 -1.686099
-1.229315 -1.128626
-1.079400 -1.894525
-1.370916 -1.473310
-0.837162 -0.860819
-1.133488 -1.043768
-1.081984 -1.067522
-1.051359 -1.843895
-1.314702 -1.624747
-0.933417 -1.318669
-0.943988 -1.312437
-1.298815 -1.712660
-0.877269 -0.723975
-0.816014 -0.897298
-0.855001 -0.875684
-1.181222 -0.853749
-1.262177 -0.943671
-0.786093 -0.953215
-1.004530 -1.437199
-0.994377 -0.574092
-1.282794 -1.665474
-1.059951 -1.665616
-0.937728 -1.466317
-1.002013 -1.070055
-0.785033 -1.231563
-1.055907 -1.342790
-0.927986 -1.134398
-1.263315 -1.184034
-0.889702 -0.699747
-1.049189 -1.372546
-1.168924 -0.975223
-0.870607 -0.967570
-1.055457 -1.762258
-0.944798 -1.677073
-1.051997 -0.618589
-1.237520 -1.394570
-1.207605 -2.084639
-1.198063 -1.217989
-0.919018 -0.593977
-1.167281 -2.019392
-0.950822 -1.014448
-0.945469 -0.983350
-1.236755 -1.037351
-0.923587 -0.649267
-0.961908 -1.608105
-1.305573 -1.993862
-1.132395 -1.240599
-1.044721 -0.984553
-1.330187 -2.021746
-0.810746 -0.762056
-0.908740 -1.711024
-1.314138 -1.433836
-1.231223 -2.139280
-0.924064 -0.670398
-1.144559 -0.773909
-1.072774 -0.793752
-0.887975 -1.082009
-1.234575 -1.511194
-0.745026 -0.886660
-1.030886 -1.168362
-1.252751 -1.905827
-0.871440 -0.808165
-1.292584 -1.140430
-1.214593 -1.284628
-1.351558 -1.431478
-1.134488 -0.799805
-1.296051 -1.098509
-0.809817 -1.261001
-0.812833 -1.114013
-1.005975 -0.900886
-1.063000 -1.355492
-1.143041 -1.766947
-1.045807 -1.686730
-1.303557 -1.382648
-0.763644 -1.085701
-0.882793 -1.054261
-1.084215 -0.912028
-0.824960 -1.043882
-0.767357 -1.217322
-0.984036 -0.918157
-0.910828 -1.381263
-1.076895 -1.968065
-0.960574 -1.112099
-1.022310 -0.779886
-0.993872 -0.732992
-1.106050 -1.152502
-1.374071 -1.805471
-0.770250 -0.798324
-1.216550 -1.348444
-1.042894 -1.844425
-0.968689 -1.147587
-0.979153 -0.873724
-1.291764 -2.036767
-0.866137 -1.561568
-1.324186 -1.306689
-1.177465 -2.023183
-0.923470 -1.699449
-1.187280 -1.493645
-1.245630 -0.952420
-0.944286 -1.766203
-1.174138 -1.101088
-1.359411 -1.668393
-0.974122 -1.510375
-1.067283 -1.459466
-1.054352 -0.972948
-1.066844 -1.255707
-0.791887 -1.208714
-1.270907 -1.455207
-0.963567 -0.845889
-0.858756 -0.619434
-1.163286 -0.975006
-1.329613 -1.495653
-1.008031 -1.490395
-0.817835 -0.820760
-1.241438 -1.726957
-1.112768 -2.017516
-1.164770 -1.152379
-0.867808 -1.355405
-0.818563 -1.302715
-1.252327 -0.927898
-1.309649 -1.238543
-0.839896 -1.145673
-1.050008 -1.142454
-1.128547 -1.922191
-1.053692 -1.059553
-0.825082 -1.016651
-0.918559 -1.738453
-1.111543 -1.792876
-1.086894 -1.297286
-0.929301 -1.518524
-0.879132 -1.386565
-1.248160 -1.414759
-0.755184 -1.230262
-0.985594 -1.734070
-1.243774 -1.036854
-1.173821 -1.194404
-1.375883 -1.486801
-1.297303 -1.510520
-1.301425 -1.199769
-0.941268 -1.155453
-1.089853 -1.741975
-1.063882 -1.481531
-1.175469 -0.926201
-1.137179 -1.465874
-1.087432 -1.764023
-1.366431 -1.845670
-0.968594 -1.512255
-1.250528 -1.326865
-1.120654 -1.470912
-0.896708 -0.872350
-0.769090 -1.046589
-1.017219 -1.031644
-1.069262 -1.682488
-0.906043 -0.593879
-1.137650 -1.389220
-1.227139 -1.857855
-1.266315 -1.453594
-1.322782 -1.466875
-1.002198 -1.850805
-1.123505 -1.172650
-1.317330 -1.942490
-1.323106 -1.168141
-0.826760 -1.203267
-1.063368 -1.814514
-1.123687 -1.565941
-0.892563 -1.370875
-1.153868 -0.890320
-1.159514 -1.815096
-1.112315 -1.384998
-1.105618 -1.616431
-1.211168 -1.469166
-0.912099 -1.266200
-0.910768 -1.297601
-0.883825 -0.659851
-0.998660 -1.763322
-1.031360 -1.979384
-0.768690 -0.817476
-0.833902 -1.224353
-1.341675 -1.471004
-1.176751 -1.892870
-0.975868 -1.238195
-1.031757 -1.370908
-1.182678 -0.808137
-0.854846 -0.873939
-1.136963 -1.100902
-0.968103 -1.713205
-0.877362 -1.624773
-1.251714 -2.132269
-0.917073 -0.821886
-1.163806 -0.917157
-1.016945 -1.426204
-1.351356 -1.833267
-1.067170 -1.398157
-1.135247 -1.694053
-1.193078 -2.079241
-1.255658 -1.365259
-1.212217 -1.501048
-1.095479 -0.949291
-1.125503 -1.366485
-0.746508 -0.867071
-1.088924 -1.205165
-1.004666 -0.611830
-0.899598 -0.799334
-1.322676 -1.311473
-1.235907 -1.428250
-1.090969 -2.033008
-0.941424 -0.651122
-0.885615 -1.589243
-1.219178 -1.514733
-0.996999 -1.697764
-0.815766 -0.882541
-1.382108 -1.815012
-0.908743 -0.696770
-1.064976 -1.136325
-1.181595 -0.806247
-1.109536 -0.752218
-0.860314 -1.135159
-0.895141 -1.416640
-1.227617 -1.928266
-1.133622 -1.065204
-1.074662 -1.549838
-1.080724 -1.016133
-1.334484 -1.908298
-0.884194 -1.306676
-1.360887 -1.750713
-1.054625 -1.563801
-1.021391 -1.844606
-1.141974 -0.946608
-1.082367 -1.183178
-1.177364 -1.977941
-1.029897 -1.992199
-1.230119 -0.881432
-1.198267 -1.163664
-0.935948 -1.261600
-1.273019 -1.957853
-1.111314 -1.355984
-0.890486 -0.849405
-0.959435 -0.771943
-1.333388 -1.800978
-0.956850 -1.546276
-1.153002 -1.850337
-1.221475 -1.762194
-1.324106 -1.899799
-0.988960 -0.912278
-1.082582 -0.828188
-0.987158 -1.389530
-0.966361 -1.721438
-1.200431 -1.865865
-0.995308 -1.578294
-1.303401 -1.784579
-1.191184 -1.105262
-0.866516 -1.637305
-1.289688 -1.783162
-0.981488 -1.372963
-0.884485 -0.790408
-0.838411 -1.100957
-1.210830 -1.974750
-0.861364 -1.205703
-1.253946 -1.421504
-1.124720 -1.376579
-1.012794 -0.802061
-0.893089 -1.366318
-1.116512 -1.399149
-1.372741 -1.665290
-0.885396 -0.725507
-1.205926 -1.616214
-0.866245 -0.904524
-0.831389 -1.311482
-1.146189 -0.963697
-0.864238 -1.593408
-1.101933 -1.023800
-1.145703 -1.741542
-1.080582 -1.295557
-0.759371 -0.925205
-1.086563 -0.611027
-1.274065 -1.713159
-1.106883 -0.848417
-0.891370 -1.316869
-1.079295 -1.676663
-1.161456 -0.848812
-1.004293 -0.903882
-0.856469 -0.713412
-1.102097 -0.952824
-0.965785 -1.310865
-1.076313 -1.095272
-1.012998 -1.266520
-1.183195 -1.338706
-1.197423 -1.136726
-1.311956 -1.427553
-0.994568 -0.653761
-1.098109 -1.653325
-1.156072 -1.835556
-0.992034 -1.821223
-0.815464 -1.314785
-0.901168 -0.795842
-1.080031 -0.758370
-1.253924 -1.074476
-1.079739 -0.739399
-0.792854 -0.770204
-1.083444 -1.945501
-1.348939 -1.917997
-0.964151 -1.620561
-1.233981 -1.546292
-1.378407 -1.542969
-1.229540 -1.466038
-1.038749 -1.637022
-1.045780 -0.780759
-0.837946 -0.896020
-0.970380 -1.808196
-1.170858 -0.983525
-0.953853 -0.884605
-1.217960 -2.127290
-1.012124 -1.323370
-0.922240 -1.626955
-1.083132 -1.637729
-1.234510 -2.056994
-0.889120 -1.259551
-1.080966 -1.996023
-1.135255 -0.738663
-1.212879 -1.482313
-0.775895 -1.256057
-0.992133 -1.325892
-0.826103 -1.441979
-1.238150 -2.028968
-1.114166 -1.644204
-1.296204 -1.312150
-1.068268 -0.824105
-0.840640 -1.516988
-0.929529 -0.876217
-1.175453 -0.975200
-1.349785 -1.779779
-0.894749 -0.813997
-1.377900 -1.566989
-1.192290 -2.144685
-0.910521 -0.579691
-1.136523 -1.054227
-1.337415 -1.222440
-0.843762 -1.178476
-1.208506 -2.036375
-1.191385 -1.529080
-1.321627 -1.534297
-1.247701 -1.950827
-1.312521 -1.579109
-1.052472 -1.688462
-0.987306 -0.934988
-1.009955 -0.584117
-0.967175 -0.974878
-0.845047 -1.083378
-1.273742 -1.162373
-1.120280 -0.860057
-1.274154 -1.867348
-1.141852 -1.440025
-1.147530 -1.340080
-1.156024 -1.570586
-0.961297 -0.811750
-1.291394 -1.397888
-1.055129 -1.216841
-0.930857 -1.100988
-1.294773 -1.737553
-0.866803 -1.076152
-0.985397 -0.727929
-1.241585 -1.128179
-1.082455 -1.073054
-0.734698 -0.955648
-0.900992 -0.634706
-0.957984 -1.376466
-1.183609 -2.084398
-0.798545 -1.212560
-0.826667 -1.444509
-1.131160 -1.032832
-0.972901 -1.078784
-0.923693 -1.733725
-0.866784 -1.535293
-1.030933 -1.640037
-0.826759 -0.914359
-0.851839 -1.402327
-0.840856 -1.534828
-1.064475 -1.397379
-1.342213 -1.252084
-1.289919 -1.388036
-0.812819 -1.147564
-1.303120 -1.078401
-1.010355 -1.215188
-1.179623 -1.895694
-1.191479 -1.641721
-1.323845 -1.654391
-1.283204 -1.011929
-0.829414 -1.271620
-1.271193 -1.135879
-1.271207 -1.575920
-1.206983 -0.868714
-0.834924 -0.851402
-0.910043 -1.489312
-1.362757 -1.370691
-0.892530 -0.800143
-0.767481 -0.732626
-1.041459 -0.844253
-1.359882 -1.539600
-1.296514 -2.019884
-0.892236 -0.629955
-1.119909 -1.151135
-1.138494 -0.979692
-0.827264 -1.008813
-1.224120 -1.733544
-1.231076 -1.453870
-1.006852 -1.465382
-0.936520 -1.433933
-0.978806 -1.626838
-1.017226 -0.788122
-1.224628 -0.880472
-1.023603 -0.704836
-1.111425 -0.782712
-1.132549 -1.060958
-1.292465 -1.682224
-0.944992 -1.836330
-1.038773 -1.543389
-1.123248 -1.778875
-0.892700 -1.474116
-0.988067 -1.810246
-0.857675 -0.851635
-1.129432 -1.212960
-1.113028 -1.332176
-0.816774 -1.451015
-1.228899 -0.894546
-0.868673 -0.617152
-0.987808 -1.340071
-1.010696 -1.299752
-0.989122 -1.912141
-1.225070 -1.017488
-1.355308 -1.392996
-1.073295 -1.174889
-1.366867 -1.756888
-0.917341 -1.612776
-1.262225 -2.107151
-1.113826 -1.167668
-1.165449 -0.998063
-1.144468 -1.647811
-1.362402 -1.909104
-1.227988 -1.176708
-0.912513 -0.632915
-1.299757 -1.495273
-1.253111 -1.983747
-0.986933 -1.543704
-0.979974 -1.651402
-1.322991 -1.179683
-1.288178 -1.268176
-1.290822 -1.790386
-1.030640 -1.842512
-0.933313 -0.908812
-1.100375 -0.931843
-1.034491 -0.804559
-1.237444 -0.855944
-0.766551 -1.229260
-0.909917 -0.626890
-1.100860 -1.452384
-0.888199 -1.487933
-0.791949 -1.196600
-0.914947 -1.174842
-0.773703 -0.810429
-0.940842 -1.474668
-0.756164 -1.235262
-0.929749 -1.172168
-0.998189 -1.898525
-1.272575 -0.994420
-1.224886 -1.659915
-1.262883 -1.531930
-0.995237 -1.439004
-1.174140 -1.901602
-1.041573 -1.252226
-1.200318 -2.034604
-1.037416 -1.808546
-0.987318 -0.742104
-0.788820 -0.708632
-1.104095 -1.398449
-0.860668 -1.134835
-1.178314 -0.998160
-1.064904 -1.672356
-0.982680 -1.113812
-1.040354 -1.161633
-0.981140 -0.785763
-0.888245 -0.619802
-1.049555 -1.131692
-0.745979 -1.143598
-0.974426 -0.793095
-1.364146 -1.823336
-0.969568 -1.215804
-1.210067 -2.069133
-1.037940 -1.848606
-0.809473 -0.881168
-1.300456 -1.118248
-1.214030 -1.176953
-1.167854 -1.652714
-0.769431 -0.988178
-1.250082 -1.908691
-0.977657 -1.141676
-1.111349 -1.564773
-0.785001 -1.019372
-1.037148 -1.045702
-1.332911 -1.996999
-1.300478 -1.188492
-1.163236 -1.934327
-0.808057 -0.771713
-1.057066 -1.445917
-0.933289 -1.698784
-1.200567 -1.096500
-1.049527 -1.591942
-1.020465 -1.154029
-0.881833 -1.624166
-1.193703 -1.320498
-1.370598 -1.544612
-0.766858 -0.761250
-1.324071 -1.611142
-1.143108 -1.314616
-1.013374 -0.906514
-1.097819 -0.966266
-1.230141 -1.730455
-1.202548 -0.850271
-0.971654 -1.594187
-1.106009 -1.769692
-0.810361 -1.042560
-0.761875 -1.193556
-1.369983 -1.529952
-1.285818 -2.060897
-1.127687 -1.665148
-1.341712 -1.680491
-1.011872 -1.136525
-0.825167 -0.669601
-1.092093 -1.919633
-1.250757 -1.468742
-0.839108 -1.467036
-1.103029 -1.000019
-1.055960 -1.544766
-0.822459 -0.880824
-1.091776 -0.797562
-1.246209 -0.914782
-1.250267 -1.741452
-1.097572 -1.724582
-0.833428 -0.780898
-1.371057 -1.676636
-1.070778 -1.510379
-1.305897 -2.060057
-1.066111 -1.552140
-1.060724 -0.887377
-0.792514 -0.754294
-1.052330 -1.916520
-1.005224 -1.290950
-1.212508 -2.014571
-1.003304 -1.157817
-1.211636 -1.493514
-0.929722 -1.540193
-1.091432 -0.769965
-1.025195 -0.852235
-1.095840 -1.680009
-1.256232 -1.128728
-1.294465 -1.149418
-1.045654 -1.885368
-0.842743 -1.192474
-1.198684 -1.581906
-0.892388 -1.388361
-1.358386 -1.315830
-1.080465 -0.924905
-1.172390 -0.883163
-1.381891 -1.566469
-1.341078 -1.319008
-0.839172 -1.011153
-1.124721 -1.743287
-1.122350 -1.436369
-1.189942 -1.012147
-0.988903 -1.320417
-0.973725 -0.606698
-0.812672 -1.215750
-1.248313 -1.812808
-1.336954 -2.023179
-1.013327 -1.541410
-0.978546 -0.983333
-1.239702 -2.102537
-1.083736 -1.525527
-1.000812 -0.821058
-1.248290 -1.892292
-1.275959 -1.569781
-1.368600 -1.546168
-1.329666 -1.502234
-0.878075 -0.819982
-0.945751 -0.960606
-1.029338 -1.659107
-0.860732 -1.629243
-0.930893 -1.272207
-1.372711 -1.412169
-1.163335 -1.568330
-1.111189 -1.754730
-1.163216 -1.603893
-0.893454 -1.180969
-1.277981 -1.278498
-1.368619 -1.409490
-1.026423 -0.853520
-1.068544 -1.618810
-1.283052 -1.942278
-0.980955 -0.860603
-1.065571 -0.834489
-0.927590 -1.761609
-1.090007 -1.989864
-1.305196 -1.142775
-0.914189 -1.106148
-1.171471 -1.225167
-1.073299 -1.372335
-1.239658 -1.852097
-0.994106 -0.698253
-1.091997 -1.309080
-0.828905 -0.941026
-1.193258 -1.939353
-0.926810 -0.704743
-0.841348 -0.684863
-0.924759 -0.940792
-1.184400 -2.047335
-0.817632 -1.334197
-1.115957 -1.341533
-1.004692 -1.854513
-1.283803 -2.105720
-1.050570 -1.520878
-1.189104 -0.909635
-0.870546 -1.146029
-1.326605 -2.011787
-1.036770 -1.598730
-0.995819 -1.344018
-0.970051 -0.929858
-0.799012 -1.397696
-0.910361 -0.818272
-1.067839 -0.714046
-1.357276 -1.640367
-0.982498 -1.160463
-1.184166 -0.770218
-1.168264 -1.637140
-1.285086 -1.024737
-1.122011 -0.969639
-1.088421 -1.856293
-0.918675 -1.458762
-0.902741 -0.740306
-1.185998 -0.726500
-1.180004 -2.005637
-1.022996 -1.664345
-1.134113 -1.734546
-1.137763 -0.687257
-0.995597 -1.131838
-1.112423 -0.890732
-0.920393 -1.522828
-0.849967 -1.099839
-1.105492 -1.312203
-1.018624 -0.829134
-1.270468 -2.108747
-1.310852 -1.987904
-0.903945 -1.294706
-0.881054 -0.608420
-0.808770 -1.443843
-0.855677 -0.695579
-1.344182 -1.916689
-1.064149 -1.888919
-1.206260 -1.882550
-1.055854 -0.953613
-1.102565 -1.779461
-1.202818 -2.137774
-1.146620 -1.891053
-0.990190 -0.632690
-0.991547 -0.899740
-1.311783 -1.102360
-1.074947 -1.751291
-1.140181 -1.643871
-0.872514 -1.456326
-0.955864 -1.404323
-1.366247 -1.809110
-1.227703 -1.690498
-1.184608 -0.733159
-0.988029 -1.645500
-1.320305 -1.081915
-1.250520 -1.447892
-1.113891 -1.442799
-1.375318 -1.432053
-1.158727 -1.403857
-0.834316 -1.300576
-1.071511 -1.854665
-0.808026 -1.466928
-0.980411 -1.025000
-0.860206 -1.344587
-1.288469 -1.184738
-1.095408 -0.632909
-0.788627 -0.827524
-0.822656 -1.278189
-1.272709 -0.977717
-1.168031 -1.044941
-0.887940 -0.778204
-0.846958 -0.884668
-0.832107 -0.787021
-1.086361 -0.656482
-1.123238 -1.279044
-1.015021 -0.957951
-0.919993 -0.605309
-1.336005 -1.364378
-1.042920 -1.678584
-1.238510 -1.533664
-1.039287 -0.702501
-1.139495 -1.134721
-1.149515 -2.110390
-1.039490 -1.421795
-1.106203 -0.764315
-0.953731 -0.686702
-0.898830 -1.520132
-0.919641 -1.265761
-1.164509 -1.863482
-1.097919 -1.864995
-1.009207 -0.907959
-0.815090 -0.807869
-0.790380 -0.759592
-1.149018 -1.431682
-1.345537 -1.598221
-1.223967 -2.075101
-1.231639 -2.052052
-0.997356 -1.690694
-0.917362 -0.798347
-1.139506 -0.739170
-0.919505 -0.749227
-0.833714 -1.091638
-0.905674 -1.746594
-1.153830 -1.997202
-1.112370 -1.217416
-1.110330 -1.240179
-0.935915 -1.619376
-1.072940 -0.658346
-0.837491 -0.929102
-1.028061 -1.816429
-1.100230 -1.876388
-1.110396 -1.576893
-1.150601 -0.711965
-0.937163 -1.638507
-1.030148 -1.691435
-1.065683 -1.276434
-1.363341 -1.455808
-0.956779 -1.203013
-1.074486 -1.345748
-1.117218 -0.669864
-1.088683 -0.611576
-0.967015 -0.889550
-1.164338 -1.418556
-1.022423 -0.631877
-1.096056 -0.739129
-0.808506 -0.897969
-0.845170 -1.101359
-1.145914 -1.152789
-0.803874 -1.229230
-0.790717 -1.299821
-1.153203 -1.249275
-0.834218 -0.805367
-1.207674 -1.737942
-1.204061 -1.816304
-1.110252 -0.877466
-1.250579 -1.618580
-1.322114 -1.873766
-0.789145 -1.253298
-0.887712 -1.202668
-1.127920 -1.844447
-0.948236 -0.932083
-0.974624 -1.695224
-1.088840 -1.429160
-1.078475 -2.051022
-1.204493 -1.376169
-0.921815 -1.626550
-1.206258 -1.443255
-0.919192 -0.587818
-1.066122 -0.935473
-0.969016 -0.700007
-1.339456 -1.652129
-0.984200 -0.844923
-0.741094 -1.112939
-1.016411 -0.804557
-1.185071 -0.909692
-1.215933 -2.104125
-0.883496 -0.603334
-0.939734 -0.881235
-1.006671 -1.495409
-1.315473 -1.489913
-1.101547 -1.923347
-1.145439 -1.478001
-1.386739 -1.548765
-1.318669 -1.505690
-1.155411 -1.177335
-1.068342 -1.030250
-1.184542 -1.302350
-1.082266 -1.198753
-1.280965 -0.947785
-0.820015 -0.745921
-0.763999 -0.872159
-1.196702 -1.312696
-0.952520 -1.470523
-1.030465 -1.647525
-0.763308 -0.828841
-1.015811 -1.190655
-0.897441 -1.680163
-0.907442 -1.481053
-1.075989 -0.723382
-1.269438 -1.289693
-0.985121 -0.787081
-1.252275 -1.953567
-1.041643 -1.686249
-1.086684 -0.888063
-1.117748 -1.056014
-1.231947 -0.909017
-0.810964 -1.007235
-1.128170 -1.172055
-1.125766 -2.086034
-1.131761 -1.383516
-0.839739 -1.475596
-0.912878 -1.330073
-1.353996 -1.741809
-1.108692 -1.368435
-1.194851 -1.409623
-1.317592 -1.760697
-1.121855 -1.766631
-0.971352 -1.043579
-1.317682 -1.161553
-0.790629 -1.130523
-1.142279 -1.289875
-0.774957 -0.850198
-1.203377 -1.622874
-1.241384 -1.910257
-0.970545 -0.867961
-0.803763 -1.446825
-1.312561 -1.476528
-1.156744 -2.122409
-1.023819 -1.228642
-1.367912 -1.688301
-1.270365 -2.065617
-0.961284 -1.820223
-0.934495 -1.505076
-1.250945 -1.905228
-1.062411 -1.233955
-0.937396 -1.680225
-0.946421 -0.942867
-1.249894 -1.937665
-0.884794 -1.131014
-0.831279 -1.241683
-1.225962 -1.469041
-0.886557 -1.452557
-1.349629 -1.946521
-1.159191 -0.734184
-1.134045 -1.447336
-1.249670 -1.416656
-0.898863 -1.287506
-1.073549 -0.968379
-0.976052 -0.559055
-1.038695 -0.853925
-0.956345 -0.854564
-1.254006 -0.916174
-1.281891 -1.476412
-1.335048 -1.172522
-1.074251 -1.965882
-1.057710 -0.707644
-1.136287 -1.351989
-0.957621 -0.887601
-1.138773 -1.842135
-0.945575 -0.693875
-1.074442 -1.468966
-0.871799 -1.338300
-1.330316 -1.605093
-1.373837 -1.860395
-1.009739 -1.939283
-0.913542 -0.626275
-0.922524 -1.028749
-1.137711 -1.046810
-1.059884 -0.731235
-0.976222 -1.488732
-1.019777 -1.907202
-0.787462 -1.212157
-1.049137 -1.704116
-1.290245 -1.231825
-1.131033 -1.629964
-1.222761 -1.843508
-1.132377 -1.524762
-1.305127 -1.246046
-1.174418 -1.506559
-0.760917 -1.213756
-0.837492 -0.966330
-1.321609 -1.118246
-0.874412 -1.438839
-0.821661 -1.509642
-1.091522 -1.409112
-1.036550 -1.471291
-1.011030 -0.891570
-1.000206 -0.770224
-0.982346 -1.258721
-0.891079 -1.354618
-0.813713 -1.259042
-0.885904 -0.910479
-1.092317 -1.888818
-1.114523 -0.938874
-0.933560 -1.119266
-0.985965 -0.917123
-0.929956 -0.833850
-1.013433 -0.724397
-0.914452 -1.092199
-1.173114 -1.998569
-1.192004 -1.339070
-1.218486 -0.831912
-1.206740 -0.837984
-1.026864 -0.678070
-1.112982 -0.696999
-0.963870 -1.819211
-0.810253 -1.030359
-0.960180 -1.809765
-1.154645 -1.207789
-1.375369 -1.698849
-0.967981 -0.630359
-0.837814 -1.468401
-0.982710 -0.767390
-1.382520 -1.717554
-1.257393 -1.682774
-1.366678 -1.528300
-0.801515 -1.439805
-1.255197 -1.647040
-0.934155 -1.773792
-1.048890 -0.664910
-0.855046 -1.279300
-0.791774 -1.377088
-1.258750 -1.141093
-1.028076 -1.299232
-0.871875 -0.721545
-0.924296 -0.588833
-1.091081 -1.493374
-0.825981 -1.371061
-1.050964 -1.055768
-0.771725 -1.212950
-1.235311 -1.701131
-1.258094 -1.329177
-1.267730 -1.678570
-1.330732 -1.777230
-1.200846 -0.844384
-1.172692 -1.066778
-1.093214 -1.199528
-0.997634 -1.875925
-1.004265 -0.681583
-0.965207 -1.584433
-1.385531 -1.576490
-0.766847 -1.168497
-0.766565 -0.777428
-1.018140 -1.171328
-1.023444 -1.514603
-1.377835 -1.773251
-0.811019 -1.456995
-1.111042 -1.192191
-1.083001 -0.769446
-0.998891 -1.588102
-0.785433 -1.323655
-1.011511 -1.578232
-0.867137 -1.339091
-1.134395 -1.939484
-0.796285 -0.867010
-0.888235 -0.903129
-1.042192 -1.437451
-1.163947 -0.740531
-1.250684 -1.368525
-1.131937 -1.778379
-1.167590 -1.315734
-1.166581 -1.503595
-1.349790 -1.383956
-1.283377 -1.290947
-1.103076 -1.933220
-1.046977 -0.768507
-0.843475 -1.359240
-1.257310 -1.509682
-1.191496 -1.230459
-0.913259 -0.630416
-0.824686 -1.200634
-1.092395 -1.574219
-1.039210 -0.919205
-0.870594 -1.351867
-1.090819 -1.452115
-1.252445 -1.462441
-0.795680 -0.969844
-0.915320 -1.278059
-1.088477 -1.557592
-1.160182 -1.207320
-1.083405 -1.839509
-1.294536 -1.489806
-1.136303 -1.779060
-1.091327 -0.984010
-1.004027 -1.646261
-0.981307 -1.860961
-0.967312 -1.806462
-0.813110 -1.473529
-0.890455 -1.056298
-1.183539 -1.140794
-1.270183 -2.078547
-1.351332 -1.850430
-1.248828 -1.261987
-1.343708 -1.358030
-1.203005 -0.765991
-1.243543 -1.025359
-1.133275 -1.806966
-1.178084 -1.310129
-1.283915 -2.012333
-1.123122 -1.332072
-0.892753 -0.896212
-1.203742 -0.900451
-1.164168 -1.560945
-1.153151 -1.915207
-0.782428 -0.794404
-1.167915 -1.918399
-1.166152 -1.077194
-1.093659 -1.598136
-1.011131 -0.966583
-0.997648 -0.581629
-1.087084 -1.898757
-1.001280 -1.814844
-1.111123 -0.661430
-0.918682 -0.580820
-0.964976 -1.285118
-1.128694 -1.855707
-1.255326 -1.968490
-1.330254 -1.363025
-1.264258 -1.385416
-1.049088 -1.650231
-1.293295 -1.955293
-0.991568 -1.337620
-1.055397 -1.337955
-0.881405 -1.283457
-0.969846 -1.481588
-0.962464 -1.405506
-0.971805 -1.682557
-1.221193 -1.762181
-0.917723 -1.149986
-0.808644 -1.149192
-1.055879 -1.214013
-1.065166 -1.378796
-1.292036 -1.143152
-0.973442 -0.560687
-1.343115 -1.238976
-1.335432 -1.868839
-1.274613 -1.870957
-0.953093 -1.076814
-0.825405 -1.524313
-1.156940 -1.471214
-1.194350 -1.816843
-1.243625 -1.186585
-1.215041 -0.824055
-0.985725 -0.655369
-1.333764 -1.169882
-0.887115 -0.611654
-0.997371 -0.631883
-0.803249 -0.937197
-1.024850 -0.928726
-1.027186 -0.923876
-1.075130 -0.768697
-1.100658 -0.770225
-1.008297 -1.259865
-1.147031 -0.814938
-1.069498 -0.624837
-1.156390 -1.572834
-1.211278 -1.020916
-0.953146 -0.757831
-1.367285 -1.562253
-0.902155 -1.476852
-1.232469 -0.890545
-1.252845 -1.381792
-0.913220 -0.880929
-1.275841 -1.049518
-0.830760 -0.883402
-0.930674 -1.000532
-1.057712 -1.476571
-1.236578 -1.709199
-1.269718 -1.598844
-0.953954 -1.408939
-1.312530 -1.141271
-0.981526 -1.841095
-0.844861 -1.191484
-0.779743 -0.939324
-1.045783 -0.842006
-0.940944 -0.864752
-1.353677 -1.332069
-1.337380 -1.595055
-1.036264 -1.602457
-1.220978 -1.790694
-0.902238 -1.591323
-1.179149 -1.344361
-1.058791 -1.032873
-1.074554 -0.727038
-0.893052 -0.722946
-0.866775 -1.245364
-0.833574 -0.915444
-1.051431 -0.997976
-0.944569 -1.650564
-1.295418 -1.772266
-0.861849 -0.593047
-1.210454 -1.590711
-0.930519 -1.565079
-1.039969 -0.661256
-1.102023 -0.867772
-1.066422 -1.035779
-0.851389 -0.630051
-1.083044 -1.571647
-1.338305 -1.582382
-1.024555 -0.874770
-1.314907 -2.017184
-1.201360 -1.478751
-1.255318 -2.084671
-1.018857 -0.963823
-0.910114 -0.864717
-1.056356 -1.052984
-1.271985 -1.838696
-1.224392 -1.993930
-1.037353 -1.321904
-0.836142 -0.702887
-1.176655 -0.791731
-0.790258 -1.376259
-0.897902 -1.355248
-1.148001 -1.774092
-0.807796 -0.732285
-0.926983 -0.674605
-1.301720 -1.908117
-1.179993 -1.638159
-0.999113 -1.854308
-1.077659 -1.870951
-0.940185 -1.016700
-0.866913 -1.509449
-0.838862 -1.254916
-1.268435 -0.966946
-1.320540 -1.251894
-1.118449 -1.714704
-0.979207 -1.907597
-0.751003 -0.834933
-0.946755 -1.561728
-1.140168 -1.592631
-1.195130 -1.610592
-0.875688 -1.603718
-1.022013 -1.211911
-1.104415 -1.893494
-0.903286 -0.566790
-0.961747 -1.305134
-1.317273 -1.717644
-0.933845 -1.687586
-1.081265 -1.374736
-1.294005 -1.861717
-1.063581 -1.252248
-1.281163 -2.103765
-1.321741 -1.099835
-0.898593 -1.621317
-0.915752 -1.687001
-1.098790 -1.825997
-1.235772 -1.496416
-1.162212 -2.023526
-0.975111 -1.122963
-1.257427 -1.308271
-0.859141 -1.205044
-1.116172 -0.669488
-0.963593 -0.673347
-1.091719 -1.307184
-1.064170 -0.776621
-1.158278 -1.500394
-1.074925 -1.317088
-1.121586 -1.680727
-1.127832 -1.142737
-0.886705 -1.506543
-0.964305 -1.337025
-1.261647 -1.721026
-0.869812 -1.596937
-1.136806 -0.999305
-1.120300 -0.949780
-1.136119 -2.110091
-0.987478 -1.440665
-1.190159 -0.763156
-1.073609 -1.112583
-1.180392 -1.845517
-1.223653 -1.904831
-1.037963 -1.361176
-1.014132 -1.731989
-1.016646 -0.859806
-1.134168 -1.901498
-1.191228 -0.823665
-1.044436 -1.320858
-1.304104 -1.398748
-1.179814 -1.178803
-1.148268 -1.926760
-0.949146 -1.582348
-0.872279 -1.147375
-1.290377 -2.043265
-0.927895 -1.500070
-1.305657 -1.733930
-1.230237 -0.989553
-0.984534 -0.735797
-1.096910 -1.522207
-1.075045 -0.637002
-1.217317 -1.468285
-1.110382 -1.020123
-0.861698 -0.611200
-1.073301 -1.221117
-1.066484 -1.937615
-1.191762 -1.278429
-1.229984 -1.107285
-1.031028 -1.696875
-1.348993 -1.969513
-1.047579 -0.862819
-0.927757 -1.716703
-1.155589 -1.386623
-0.997156 -1.884646
-1.016216 -1.676454
-1.094938 -1.576599
-1.096413 -1.028467
-1.184868 -1.344964
-1.063721 -1.315396
-1.014337 -1.364622
-0.818878 -1.238611
-1.002486 -1.899276
-1.219818 -1.771879
-1.296311 -1.473220
-1.186626 -1.255399
-1.199238 -1.089575
-1.092092 -1.454381
-1.178327 -0.795113
-1.355631 -1.242668
-0.871162 -0.780603
-1.185223 -1.587761
-1.077341 -1.602420
-1.284763 -1.669847
-1.272460 -1.249503
-0.942198 -1.467716
-1.149872 -1.508753
-1.096065 -2.029069
-1.066646 -1.916262
-1.121022 -0.772217
-0.826978 -0.659264
-1.251623 -1.219872
-0.903630 -1.479672
-0.984854 -1.048128
-1.033029 -1.520500
-0.812391 -0.755727
-1.255899 -1.925736
-1.121478 -0.907354
-0.825046 -1.225818
-1.150246 -1.981782
-0.784768 -1.038929
-0.998652 -1.821608
-0.976648 -1.747526
-1.371191 -1.819258
-0.745858 -1.133113
-0.842205 -1.465654
-1.027915 -0.783078
-1.232883 -1.797011
-1.348769 -1.881945
-0.929540 -1.482128
-1.368840 -1.844751
-0.927196 -0.905529
-1.009592 -1.860892
-1.159224 -1.623309
-1.251905 -1.903188
-0.971552 -1.064921
-1.094493 -1.336591
-0.999266 -1.538859
-1.142750 -1.968426
-0.907782 -1.461210
-1.247573 -1.094464
-1.163456 -0.720147
-1.066244 -1.281246
-1.072744 -1.215018
-1.333133 -1.203495
-1.126847 -2.091941
-1.029198 -1.972609
-1.166590 -0.802573
-0.885603 -1.086123
-1.022467 -0.669241
-1.255248 -1.285546
-0.835266 -0.664120
-1.261552 -0.989819
-1.193014 -1.154274
-1.126449 -0.937032
-0.965871 -0.622699
-1.087571 -0.802172
-1.364461 -1.868872
-1.285760 -1.578650
-0.974996 -1.007712
-1.126580 -1.568488
-0.970486 -1.157056
-0.831763 -0.806639
-1.228938 -1.395892
-0.987875 -1.358280
-1.070534 -1.988216
-1.215367 -0.814651
-0.895884 -0.667656
-0.866931 -0.648254
-1.249725 -1.122219
-1.236295 -1.293046
-1.239936 -0.855538
-1.036942 -1.951027
-1.167945 -0.805584
-1.357968 -1.688103
-1.150952 -1.217758
-1.269783 -1.872469
-1.001505 -1.240240
-0.797669 -1.264842
-1.102593 -1.645133
-1.357734 -1.568675
-1.010516 -1.243481
-1.107933 -1.042215
-1.204194 -1.592793
-1.192732 -1.967608
-0.995148 -1.140855
-1.222283 -1.301012
-1.254270 -1.294327
-0.854308 -1.460781
-1.381891 -1.686012
-0.929817 -1.697546
-1.129364 -1.598468
-1.298570 -1.308007
-1.171133 -1.853745
-1.337996 -1.189399
-0.925655 -0.649527
-1.207379 -1.676831
-1.029000 -1.340418
-1.049736 -0.928552
-1.036664 -1.440199
-1.102424 -1.546899
-0.785383 -0.925682
-0.961964 -1.475592
-1.116645 -1.878418
-0.852556 -0.691893
-0.806877 -1.299422
-0.782176 -0.924014
-1.223815 -0.871329
-1.353992 -1.916581
-1.246057 -1.604772
-1.167195 -1.333713
-0.923653 -0.559682
-0.869549 -1.419442
-0.964085 -1.641244
-0.942783 -1.230564
-0.949009 -1.656148
-1.077423 -1.027825
-1.268669 -1.566870
-1.020226 -1.960796
-1.222309 -1.056345
-1.210548 -1.505407
-0.792110 -1.409143
-1.373252 -1.867808
-0.928926 -0.702141
-1.114959 -1.283620
-1.153137 -1.509850
-1.267272 -1.263516
-0.767313 -1.224453
-1.317165 -1.572436
-1.245737 -1.606861
-0.851052 -0.916585
-0.893913 -1.221049
-0.806503 -1.202014
-1.064223 -2.028973
-1.035276 -0.784430
-0.864660 -1.270504
-0.991639 -0.649730
-0.948813 -1.089340
-0.798185 -1.346846
-1.100015 -1.133508
-0.936849 -1.297494
-1.102886 -1.665729
-0.958701 -0.617053
-0.825926 -1.318527
-0.743401 -1.024088
-1.193494 -2.073910
-0.938448 -1.255783
-1.062169 -1.436559
-0.765132 -0.975861
-1.312836 -1.520356
-1.216776 -2.068603
-1.145857 -1.051096
-1.150610 -1.227511
-1.066008 -0.979333
-1.330856 -1.634818
-1.224198 -1.603370
-0.820996 -0.984887
-0.848811 -0.909351
-1.242648 -1.694043
-1.035734 -1.347444
-1.264336 -1.174562
-1.273382 -2.004300
-1.308079 -1.119017
-1.192713 -1.385824
-1.127289 -1.349230
-0.907835 -1.574112
-1.169520 -1.386845
-0.934592 -0.807882
-0.777547 -0.817082
-1.181593 -0.994308
-1.137438 -1.523744
-1.296597 -1.507147
-1.243915 -0.945791
-0.816227 -0.703476
-0.878926 -1.668205
-1.039736 -1.840315
-1.064019 -1.669833
-0.979896 -1.368741
-1.090289 -0.929707
-0.932034 -1.459081
-1.171821 -1.611129
-1.251611 -1.679920
-1.256789 -1.970142
-1.214000 -1.225556
-1.354014 -1.675089
-0.797132 -0.856640
-0.984885 -0.801799
-1.110542 -1.817955
-1.151524 -1.103573
-1.268674 -1.258216
-1.114729 -1.163644
-1.122369 -1.259411
-0.820135 -1.230024
-1.172649 -1.275800
-1.269487 -1.827500
-1.133915 -2.028734
-0.922437 -1.429352
-1.201638 -1.101147
-1.101845 -1.187266
-1.034011 -0.918943
-1.252075 -1.391765
-1.005040 -1.093327
-0.746439 -1.079518
-0.913231 -1.712310
-1.063018 -1.737780
-1.013628 -1.768839
-0.980265 -1.413159
-1.179634 -1.914606
-1.023026 -0.669307
-0.827752 -1.235176
-0.814567 -1.269819
-1.341497 -1.324234
-0.819564 -0.791568
-1.352172 -1.956198
-0.844263 -0.874877
-1.119674 -1.672990
-1.252800 -0.936577
-1.292333 -1.723190
-1.339306 -1.324355
-0.872953 -0.839304
-1.094537 -1.616856
-1.148514 -0.718448
-1.355698 -1.760351
-0.760569 -1.072570
-1.157909 -1.978535
-0.869181 -0.720216
-0.820076 -1.385488
-1.065387 -2.010478
-1.215629 -1.306059
-0.950101 -1.023727
-1.305676 -1.465883
-0.737256 -1.026942
-0.818812 -1.418604
-1.240116 -2.069459
-1.143836 -1.529351
-0.961741 -0.971166
-1.350596 -1.340689
-0.803343 -1.261513
-1.317036 -1.990968
-1.090118 -1.727233
-1.280298 -2.012945
-0.821548 -1.508605
-1.165458 -1.595301
-1.036187 -1.975382
-1.255417 -1.997557
-1.070275 -0.931842
-0.919330 -0.770073
-0.954934 -0.806204
-1.010648 -0.996450
-0.813231 -0.826070
-0.865310 -1.285318
-0.947674 -0.615292
-1.044257 -1.441787
-1.068796 -0.961360
-1.000019 -1.913652
-0.958898 -0.842198
-0.895352 -1.001856
-1.331920 -1.430204
-0.907407 -0.926419
-1.157933 -1.909694
-1.323527 -1.879665
-0.825486 -1.386112
-1.034786 -0.791654
-1.054176 -0.891346
-1.150641 -1.550728
-1.205013 -1.061012
-0.822997 -0.878974
-0.856360 -1.399662
-0.963610 -1.503216
-1.038255 -1.770111
-0.931563 -1.146794
-0.906977 -1.420279
-0.830299 -0.704255
-1.115791 -0.866556
-1.195769 -1.889451
-1.255334 -2.030447
-0.859299 -1.391187
-0.751815 -0.920205
-1.163706 -1.905492
-0.920457 -1.772739
-1.109901 -1.200296
-1.063724 -1.713442
-0.966918 -1.240391
-1.131270 -1.440824
-0.860257 -1.290545
-0.824003 -1.002571
-0.844813 -1.154425
-1.067641 -1.085938
-1.170124 -1.542715
-1.150289 -1.659679
-1.198650 -1.784739
-1.108429 -1.540157
-1.165309 -0.841768
-0.911726 -1.587534
-0.947888 -1.278810
-1.194613 -1.143218
-1.112851 -0.895020
-1.063995 -1.115570
-1.057929 -0.618403
-1.086818 -0.781655
-1.309022 -1.834196
-1.225139 -1.065992
-1.317362 -1.173506
-1.189948 -1.460488
-1.205915 -1.499423
-1.069625 -1.904710
-0.978300 -1.176399
-0.903322 -1.187484
-1.190751 -1.138986
-0.911961 -0.990447
-1.098125 -0.640928
-0.899488 -1.234299
-1.053452 -1.638049
-0.961978 -1.382329
-0.893401 -1.015068
-1.112897 -1.027229
-0.932033 -1.150368
-0.844701 -1.322387
-0.967005 -1.038581
-0.800927 -1.053542
-1.092751 -0.624384
-1.022194 -1.686877
-1.124254 -1.636079
-1.085930 -1.342776
-0.792024 -1.025367
-1.294228 -1.077184
-0.991925 -1.740255
-1.075776 -1.002682
-1.158869 -2.126119
-1.045297 -1.762857
-0.990602 -0.810155
-0.944149 -1.040388
-1.070075 -1.423107
-1.305716 -1.176503
-0.772740 -0.856067
-0.978114 -0.763114
-1.194199 -1.213457
-0.795509 -1.187007
-1.337719 -1.672759
-0.959267 -1.365819
-0.856376 -0.969361
-0.860007 -0.945982
-0.965742 -1.653795
-1.231135 -0.874273
-1.102174 -1.856830
-0.869208 -0.997134
-1.369094 -1.435597
-0.773549 -0.931861
-0.794927 -1.034271
-1.050925 -1.399493
-0.838788 -1.311751
-1.016149 -0.588160
-0.882785 -1.591828
-1.351467 -1.850816
-1.020932 -0.859626
-1.291887 -1.395809
-1.208447 -0.883638
-1.283937 -1.124486
-1.035779 -1.420881
-0.956927 -0.775070
-1.252225 -1.208667
-1.233317 -1.353992
-0.808527 -0.647576
-1.123657 -1.690992
-1.360991 -1.361429
-0.959932 -1.258646
-1.223384 -0.941582
-1.105129 -1.246587
-1.345527 -1.617507
-0.786936 -1.217140
-1.288584 -1.934534
-1.282422 -2.116170
-1.103313 -2.003561
-1.119973 -0.749988
-1.065976 -1.491928
-1.154004 -1.725677
-1.330928 -1.327666
-1.004967 -1.199748
-0.971597 -1.294903
-1.036858 -1.359987
-1.088099 -1.631860
-1.154610 -1.465758
-1.349710 -1.884257
-1.035519 -1.564495
-1.023847 -0.673422
-0.895019 -0.617568
-0.884635 -0.722213
-0.955684 -1.536725
-1.172175 -1.507067
-0.818116 -0.974697
-1.012108 -0.942289
-1.234884 -0.937149
-0.803608 -1.418766
-1.032467 -0.932745
-0.869523 -1.018721
-1.340203 -1.900505
-1.363921 -1.885789
-1.146792 -1.303746
-1.094848 -2.071606
-1.100420 -0.938026
-1.194882 -0.955620
-1.166936 -1.301013
-1.140960 -1.802542
-1.254099 -0.900946
-1.125307 -1.414752
-1.265290 -1.463233
-1.019831 -1.840891
-0.793269 -0.689261
-1.021544 -1.040312
-0.829168 -1.181561
-1.309940 -1.272885
-1.140001 -1.384079
-0.989210 -1.612221
-0.874408 -1.592787
-1.306913 -1.858233
-0.829259 -1.216377
-0.811810 -0.841816
-1.302866 -1.015304
-1.086140 -1.330723
-0.932925 -0.636902
-0.824948 -0.700591
-1.341363 -1.815951
-1.263039 -0.980442
-0.865253 -1.374758
-0.984528 -1.790160
-1.126204 -0.756673
-1.036423 -1.945001
-1.139058 -1.697186
-1.243847 -1.199514
-0.864959 -1.475678
-1.214245 -1.707247
-0.974701 -1.840909
-0.863546 -0.775829
-1.173529 -1.053745
-1.042846 -0.990486
-1.269127 -0.972297
-0.906381 -1.197363
-1.218786 -1.129447
-1.281012 -1.654838
-1.355252 -1.678573
-1.154900 -0.942332
-0.852163 -1.553670
-0.892966 -1.168683
-0.945953 -1.530939
-1.270745 -1.312920
-1.030341 -1.718894
-1.212970 -1.885659
-1.113410 -0.918451
-1.114137 -0.753936
-1.335229 -1.802367
-1.385353 -1.622335
-0.853956 -1.296821
-0.885076 -0.713418
-1.352290 -1.476348
-1.137795 -1.708659
-0.952683 -1.852669
-1.039172 -1.973273
-1.084020 -1.611542
-0.784239 -0.792866
-0.835843 -1.061648
-0.940659 -0.764905
-1.105438 -0.713835
-1.150181 -2.099151
-1.004949 -1.549109
-1.054115 -2.012288
-1.203064 -1.307500
-1.064795 -1.412823
-0.985228 -0.708874
-0.963475 -1.090552
-0.789052 -0.779137
-1.019410 -1.051169
-1.213920 -1.316327
-1.347097 -2.004396
-1.106012 -1.672831
-0.933402 -1.486918
-1.214077 -0.793904
-0.868888 -1.513323
-1.070149 -1.646774
-1.163593 -0.849454
-0.964387 -1.843982
-1.292906 -1.555150
-1.354527 -1.934517
-0.762992 -1.020909
-1.034271 -1.539330
-1.236451 -2.100515
-0.895548 -1.246792
-1.110085 -1.178120
-0.915044 -0.784647
-0.831893 -0.902348
-0.964186 -0.844513
-1.135367 -1.366533
-1.223561 -0.830284
-1.089395 -0.699210
-1.093776 -1.608874
-0.861421 -1.607687
-1.280987 -1.593178
-0.987798 -1.615579
-1.241267 -1.902561
-1.289671 -2.036079
-0.847090 -1.353886
-0.861794 -1.489020
-1.209867 -0.838789
-1.363291 -1.517709
-1.030317 -0.877099
-1.288231 -1.315864
-0.941269 -1.016872
-1.228140 -1.864641
-0.804775 -1.404303
-1.059301 -1.584664
-1.216449 -0.837677
-0.795740 -0.716473
-1.250822 -1.013574
-0.957163 -1.051559
-0.884412 -1.178350
-1.151857 -2.060989
-0.918167 -1.040145
-0.763565 -1.280771
-1.056878 -1.999448
-1.148408 -0.821868
-0.831971 -0.946934
-0.816462 -1.117653
-1.236606 -1.731764
-1.071258 -1.096645
-1.363616 -1.776354
-1.043469 -1.774407
-0.983850 -0.633925
-1.127815 -1.013472
-0.824214 -1.339477
-1.082605 -0.938162
-0.948492 -0.642633
-0.998637 -1.555480
-1.122510 -1.078173
-1.313249 -1.336604
-0.777666 -1.026940
-1.180696 -0.812596
-1.140208 -0.957432
-0.968480 -1.322767
-0.809680 -0.912643
-1.212305 -2.042555
-1.198651 -1.790221
-1.096156 -1.134268
-0.921302 -0.911391
-1.231019 -1.813523
-1.172532 -2.034746
-1.065124 -2.001996
-0.928139 -1.400300
-0.919850 -0.590551
-1.063882 -0.904212
-1.358091 -1.732359
-0.885054 -1.367930
-0.902632 -1.377127
-1.165157 -1.367958
-1.082439 -1.191799
-1.195804 -2.101158
-1.167879 -0.715674
-1.239627 -1.589918
-1.220769 -1.241723
-1.034965 -0.599395
-1.146675 -1.815819
-1.055366 -1.559024
-1.236239 -0.913131
-0.901853 -1.418196
-1.179072 -1.261623
-0.838721 -1.376636
-1.037530 -0.634316
-1.036450 -1.611600
-0.781860 -1.335620
-0.820610 -1.200544
-0.803520 -1.201083
-1.113937 -0.806862
-1.285241 -2.060926
-1.257605 -0.890434
-1.114863 -1.580825
-1.266676 -0.984064
-0.950376 -0.888421
-0.935815 -0.998112
-1.055968 -0.949450
-0.866773 -1.435918
-0.942791 -0.612059
-0.995794 -0.747190
-1.312814 -1.700779
-0.846743 -0.705416
-1.181898 -1.649037
-0.948762 -1.568335
-0.982342 -1.689322
-0.825876 -0.992802
-1.191283 -1.780292
-0.903446 -1.057351
-1.185923 -0.778779
-1.141064 -1.703566
-1.251303 -0.892983
-1.032962 -1.741794
-1.177947 -2.116832
-1.045849 -1.917736
-0.909101 -1.594706
-1.149076 -1.053020
-1.096835 -1.956844
-0.962911 -1.403171
-1.094537 -1.251640
-1.186293 -0.848120
-1.313304 -1.792119
-0.993609 -1.736759
-0.882848 -0.838302
-1.058688 -1.163364
-1.293608 -2.009510
-1.170234 -1.867372
-1.198859 -1.523194
-1.088622 -1.758822
-1.096035 -1.059153
-0.871167 -0.801946
-0.917128 -1.131264
-0.857014 -1.468408
-0.807134 -0.977980
-1.150596 -1.514353
-0.944712 -0.917973
-1.195530 -0.750507
-1.260397 -0.918109
-0.964895 -1.765183
-1.024705 -1.823697
-1.129367 -2.014377
-1.156816 -0.947605
-1.240351 -1.175938
-1.347813 -1.601231
-1.182823 -0.835120
-1.137001 -0.806463
-0.858435 -1.078622
-1.026658 -0.568099
-1.295960 -1.926356
-0.816627 -1.332986
-1.221807 -1.730052
-1.104486 -1.324149
-1.304524 -1.148802
-1.201380 -1.511031
-0.908578 -1.507948
-1.139733 -2.010092
-1.149066 -0.943861
-1.147869 -0.880221
-0.959115 -0.696398
-0.823259 -0.916544
-1.238229 -1.741700
-1.212916 -1.264772
-0.922354 -1.742058
-1.053089 -1.498588
-1.005890 -1.440266
-1.103591 -2.022924
-1.343689 -1.472094
-0.944599 -0.945179
-0.930871 -1.587679
-1.086662 -0.615455
-0.879180 -1.403236
-1.091166 -1.558419
-0.926965 -1.553054
-0.744501 -0.876791
-0.805437 -0.969843
-1.041728 -0.587262
-1.061668 -1.776891
-1.048618 -1.856709
-1.069035 -0.741518
-0.928038 -1.601058
-1.116695 -0.810804
-1.054094 -1.111098
-1.306880 -1.901635
-1.194762 -1.734101
-1.244260 -1.824773
-1.107166 -1.930955
-1.045248 -0.846478
-1.107630 -1.402926
-0.799335 -0.699187
-0.749164 -0.842403
-1.072675 -1.929710
-1.116868 -1.179100
-1.269027 -1.729313
-1.232026 -1.559609
-0.773530 -1.154467
-1.092378 -1.577178
-1.248195 -1.393637
-1.183635 -1.280335
-1.086558 -1.624108
-1.024123 -0.703094
-1.059073 -0.718053
-1.212404 -1.768759
-1.294819 -1.842442
-1.278216 -1.554995
-1.101848 -1.134729
-0.868539 -1.138274
-1.292493 -1.678556
-1.025576 -0.601081
-1.106813 -1.216412
-1.094446 -1.902741
-1.281365 -1.091974
-1.246048 -2.103791
-1.369408 -1.654001
-1.276558 -1.046868
-1.220214 -1.338493
-1.341331 -1.809656
-1.304909 -1.295404
-1.133227 -1.053791
-0.909565 -0.862785
-1.122927 -1.533259
-0.928112 -1.746123
-1.268902 -1.521592
-1.133206 -1.088156
-1.056729 -1.612817
-0.822870 -0.642330
-0.846518 -1.322114
-1.284442 -1.644689
-0.975193 -1.724323
-1.164098 -0.784648
-1.361321 -1.749025
-1.148735 -1.702933
-1.352885 -1.248101
-0.981780 -0.899777
-0.985092 -0.805687
-0.875563 -1.643593
-1.041909 -1.881371
-1.324022 -1.355484
-1.247169 -1.512784
-1.137327 -1.846893
-1.312479 -2.048275
-0.828705 -1.231607
-0.900738 -1.459540
-1.100582 -1.338914
-1.308279 -1.265991
-0.964560 -1.041986
-1.369118 -1.742154
-1.341520 -1.350871
-1.051939 -1.153848
-0.956624 -1.766775
-1.078685 -1.316377
-0.980269 -1.217705
-0.866974 -1.633357
-1.096633 -1.754668
-0.959614 -1.381968
-1.170244 -1.287751
-1.044059 -1.559600
-1.264763 -1.334118
-0.966062 -0.638041
-0.952834 -1.178934
-1.100561 -1.447849
-1.126884 -0.743967
-1.251353 -1.529196
-1.313201 -1.943593
-0.868719 -0.935491
-1.369046 -1.834160
-1.224580 -1.382173
-0.767697 -1.251338
-1.018409 -1.078700
-0.913457 -1.726011
-1.246884 -1.453733
-1.231437 -1.379697
-1.023075 -1.531268
-1.027852 -1.323226
-0.996137 -1.615186
-0.796443 -0.875308
-1.278268 -1.892882
-0.888336 -1.540776
-1.339284 -1.446352
-1.218758 -1.804345
-1.336585 -1.567465
-0.983321 -0.615554
-0.968053 -0.692196
-0.861721 -1.323725
-0.804176 -1.072110
-0.871009 -1.393432
-1.031069 -1.500964
-1.202803 -1.638449
-1.228004 -1.503693
-1.144065 -0.838855
-1.029409 -1.714058
-1.280298 -1.272710
-0.932471 -0.732635
-1.314904 -1.817245
-1.036842 -1.263411
-1.160723 -1.857513
-0.933602 -0.867560
-0.925653 -0.715863
-0.825960 -1.245794
-1.162059 -1.948977
-0.921987 -1.349806
-0.923619 -1.115506
-0.938927 -1.574516
-1.232546 -1.614281
-0.996227 -1.672109
-0.905038 -1.275204
-1.214740 -1.745853
-1.054596 -1.272189
-0.823173 -0.987115
-1.349361 -1.493842
-1.101897 -1.191626
-0.992603 -1.452139
-1.014759 -1.209372
-1.349692 -1.505269
-1.095626 -0.687221
-0.972284 -0.658375
-1.381251 -1.468666
-1.111703 -1.155836
-0.928018 -1.345240
-0.946589 -0.664986
-0.791983 -0.996142
-0.782450 -0.855050
-0.891074 -1.388118
-1.073279 -1.514572
-1.097172 -0.896362
-0.890713 -1.266802
-1.112026 -1.872978
-1.059322 -1.233951
-1.329769 -1.942321
-0.846608 -1.266944
-1.004300 -1.910486
-1.121583 -1.629447
-1.283164 -0.947499
-1.073414 -1.450293
-1.154827 -0.827461
-1.066377 -0.745268
-1.264339 -0.981247
-1.210645 -1.758317
-1.039272 -1.484099
-1.334413 -1.183316
-1.062192 -1.878879
-0.952317 -1.835864
-1.100103 -1.019349
-1.178596 -2.084932
-0.833199 -1.551262
-0.850740 -1.495385
-1.298953 -1.168858
-1.099374 -1.363548
-1.106744 -1.162454
-1.236719 -0.942908
-0.848826 -0.959583
-0.977876 -1.600432
-1.124801 -1.323602
-0.948799 -1.116193
-0.928031 -1.691331
-0.858574 -1.503637
-1.217506 -1.547629
-1.301665 -2.027108
-0.962882 -1.175810
-0.919552 -0.857487
-1.187561 -1.627323
-0.927538 -0.967158
-1.186622 -2.080927
-0.961145 -0.971683
-1.034264 -1.711429
-1.056085 -0.703163
-0.817813 -1.451898
-1.318054 -1.551276
-0.942833 -1.428396
-0.831997 -1.223305
-0.789106 -0.830274
-1.017197 -1.423558
-1.122549 -1.589603
-0.927170 -1.789785
-0.856507 -1.535083
-1.205849 -1.811625
-1.035907 -1.981994
-1.059231 -1.027860
-1.251768 -0.962919
-1.266890 -1.673594
-1.170917 -1.788782
-1.047731 -0.923158
-1.086601 -0.899779
-0.766123 -0.885782
-0.938851 -0.965422
-0.863331 -0.940600
-1.294298 -1.926953
-1.005332 -0.603556
-1.237397 -1.759104
-0.977364 -1.271071
-0.947307 -0.775264
-1.280809 -1.682401
-1.338561 -1.515287
-1.155410 -1.300334
-0.990046 -1.171257
-1.211339 -1.479164
-1.080522 -1.709613
-1.244736 -1.144815
-1.052566 -1.306690
-1.364443 -1.423579
-1.247794 -1.676461
-1.223281 -1.975543
-0.953560 -1.483412
-0.893647 -1.151933
-0.949994 -1.308408
-0.875013 -1.586478
-0.853605 -0.787002
-1.037343 -1.085675
-1.014107 -1.606537
-1.225214 -1.869636
-1.084796 -1.300260
-1.118619 -1.500851
-1.083319 -0.708254
-1.218535 -2.088466
-1.239041 -1.292658
-0.834199 -1.387742
-1.285748 -1.218327
-0.896217 -1.549286
-1.037565 -1.771557
-1.003218 -1.183293
-1.108023 -1.356605
-1.291516 -1.793089
-0.895154 -1.323355
-1.175501 -1.738991
-0.922785 -1.288392
-0.903648 -0.699746
-1.055236 -1.989936
-1.308139 -1.594885
-1.353142 -1.674930
-1.121972 -1.907586
-1.016342 -1.730052
-1.097962 -0.799225
-0.942479 -0.963393
-1.371516 -1.811384
-1.246856 -1.800541
-1.352139 -1.868241
-1.157495 -0.796215
-1.042548 -1.848946
-1.061951 -0.915028
-1.077118 -1.262804
-0.829668 -0.832278
-0.939666 -1.010384
-0.966416 -1.395310
-0.771443 -1.034763
-1.013111 -1.079840
-1.072411 -0.858262
-0.784014 -1.118760
-1.172510 -1.694696
-0.851673 -1.529942
-0.873100 -1.215099
-0.960883 -0.748266
-1.011460 -1.070441
-1.233429 -0.915566
-1.094803 -1.392207
-0.968859 -1.869180
-0.743728 -0.920930
-1.216840 -1.483737
-0.867355 -0.767472
-1.353716 -1.287356
-1.085627 -0.792917
-0.924292 -0.865572
-1.329895 -2.004068
-1.091274 -1.380251
-1.109631 -1.521511
-1.057691 -1.403604
-0.766567 -1.188231
-0.817694 -1.425198
-1.255036 -1.987626
-0.819204 -0.780365
-1.266848 -1.044786
-0.978715 -1.083633
-0.927120 -0.577379
-1.294080 -1.860161
-1.276227 -1.904190
-1.013337 -1.691612
-0.871388 -0.773621
-0.865031 -1.141531
-1.345006 -1.250194
-1.352445 -1.888926
-0.857707 -0.853682
-1.325058 -2.005289
-0.773743 -1.310160
-1.220383 -1.414912
-1.127160 -1.448699
-0.847473 -0.969139
-1.045568 -0.834279
-0.905328 -1.174546
-0.798508 -1.331914
-0.853725 -0.681661
-0.887144 -0.955916
-1.076087 -0.951485
-1.153188 -1.356108
-0.845786 -1.188151
-0.784268 -1.137030
-1.037317 -1.469283
-0.911787 -0.715244
-1.300079 -1.595529
-1.136602 -1.853118
-0.786704 -1.247234
-1.108043 -1.722386
-1.243251 -1.569700
-1.261477 -1.073614
-1.228127 -1.164076
-1.014728 -1.298904
-0.935989 -1.591824
-1.187171 -1.051278
-0.861096 -1.055419
-0.985685 -0.826498
-1.147900 -2.058662
-0.869364 -0.632056
-1.224998 -1.887073
-1.198069 -0.856699
-1.326012 -1.343567
-1.190283 -1.905307
-1.046008 -0.993966
-1.296646 -1.322913
-1.106354 -1.976211
-0.912893 -1.404628
-0.952568 -1.234442
-1.277358 -1.852409
-0.948253 -1.169270
-1.346026 -1.794667
-0.919424 -0.983465
-0.927732 -1.544397
-1.189626 -1.040212
-1.265429 -1.379497
-1.202483 -1.923705
-1.351995 -1.914770
-1.176813 -1.601764
-0.894521 -1.579777
-1.210933 -1.187479
-1.204421 -1.501331
-0.968654 -1.389051
-1.018482 -1.816606
-0.985018 -1.003633
-0.844410 -1.500815
-1.233299 -1.021977
-1.197614 -0.949215
-1.164860 -1.870242
-1.103672 -2.052148
-0.831913 -1.358674
-0.986729 -0.600705
-0.965432 -1.552762
-0.811249 -1.299899
-0.948960 -1.106075
-1.270870 -1.141491
-1.350660 -1.235303
-0.942329 -0.912938
-0.897753 -1.362060
-1.057715 -1.913157
-1.129601 -0.694059
-1.100684 -0.937950
-0.737115 -1.042271
-0.874937 -0.811030
-1.146408 -1.333082
-1.156950 -1.524421
-1.199307 -2.001466
-1.135491 -2.014367
-1.044080 -1.219853
-1.008092 -1.148481
-1.246310 -1.787782
-0.945557 -1.217957
-1.074414 -1.878364
-0.803976 -0.982215
-1.215770 -1.457366
-0.914874 -1.076207
-1.076566 -0.815559
-1.016654 -1.336224
-0.924364 -1.304151
-1.238239 -1.453900
-1.028342 -0.666362
-1.261250 -2.034182
-1.114920 -1.216067
-0.802192 -1.273048
-1.085368 -1.356689
-0.897530 -1.227668
-1.232641 -1.408106
-1.324597 -1.375064
-1.048431 -1.654095
-0.799605 -1.366687
-1.292782 -1.563073
-0.881824 -1.578819
-1.306574 -1.408223
-1.017258 -1.258628
-1.307281 -1.792838
-0.758993 -1.140424
-0.988147 -1.850154
-1.094057 -1.404843
-1.191630 -1.069895
-1.324575 -2.024757
-1.245697 -1.487838
-0.965318 -1.062247
-0.971402 -1.832374
-1.196885 -1.533939
-1.228532 -1.841149
-0.828154 -0.968059
-1.068950 -1.151369
-1.169207 -1.021071
-1.211486 -1.118645
-0.927695 -1.177066
-1.118724 -1.172634
-1.322555 -1.302394
-0.837822 -1.371668
-1.111127 -1.630527
-0.986714 -0.779640
-1.199031 -1.268791
-1.113414 -1.256793
-1.053503 -1.717332
-1.213403 -1.333860
-1.321008 -1.325841
-1.205902 -1.269592
-1.321154 -1.904015
-1.030817 -0.855578
-1.114675 -1.832521
-1.081020 -0.643470
-1.140383 -1.001727
-1.097332 -0.663805
-1.195772 -0.835864
-1.099766 -0.944278
-0.927704 -1.638958
-1.098482 -1.472327
-1.112323 -1.272206
-0.847419 -1.260659
-1.257484 -1.268779
-1.002571 -1.571013
-0.865988 -0.687753
-0.920485 -0.707567
-1.218433 -1.960818
-1.302928 -1.125009
-1.157872 -1.731844
-1.280115 -1.609536
-0.885845 -1.068771
-0.761263 -0.960806
-0.827849 -1.494662
-1.143577 -1.302524
-1.298283 -1.053303
-1.286430 -2.119689
-1.217986 -1.090686
-1.279236 -1.458785
-0.902817 -1.696484
-1.076778 -0.737434
-1.184353 -1.825671
-1.182643 -1.102812
-1.295040 -1.346222
-1.045803 -0.683870
-1.177396 -1.648106
-1.021356 -1.004319
-1.273061 -1.959722
-0.957365 -1.538229
-1.057251 -1.448504
-1.135822 -1.132468
-0.880973 -0.921607
-0.771664 -1.261524
-1.181069 -0.719863
-1.070001 -0.891579
-1.360173 -1.954659
-1.070793 -1.474109
-1.004779 -1.015476
-1.304527 -1.893433
-1.017944 -0.646752
-1.153621 -1.750827
-1.278242 -1.728771
-0.964466 -0.990700
-1.082364 -0.837339
-1.249503 -1.390726
-1.280803 -1.824450
-1.053243 -1.112911
-0.973900 -0.735707
-0.957485 -0.717265
-1.065807 -1.468698
-1.030656 -0.722206
-1.281821 -1.911511
-1.175929 -1.855817
-0.983382 -1.109792
-1.226297 -1.584527
-1.361740 -1.892999
-1.027601 -0.934662
-0.897069 -1.459757
-0.761420 -0.809544
-1.273417 -1.113142
-1.144607 -0.728348
-1.157565 -1.416619
-1.252791 -0.888344
-0.936812 -1.730116
-1.069825 -1.163653
-1.184135 -1.573603
-0.918218 -1.720773
-1.194297 -1.995613
-1.324533 -1.670868
-1.060589 -1.403211
-1.165951 -1.089041
-0.787447 -1.339465
-1.233811 -1.651543
-1.138753 -1.305725
-0.938079 -0.909109
-1.147759 -1.638927
-1.165857 -1.786419
-1.066652 -1.612223
-1.199857 -1.345013
-1.209242 -1.449210
-1.298489 -1.052251
-1.254475 -1.923188
-1.254449 -1.453813
-1.151455 -1.629474
-1.103495 -0.676644
-1.263463 -1.753906
-1.038884 -1.434005
-1.372557 -1.725525
-1.117767 -1.347300
-1.208507 -1.749758
-1.004956 -0.766614
-1.117044 -2.093513
-1.354087 -1.885604
-0.978581 -1.543257
-1.000745 -1.465231
-1.259242 -1.101993
-1.036387 -1.140441
-0.927263 -0.866137
-1.067162 -0.806989
-1.089863 -0.709973
-0.934457 -1.282442
-1.256089 -2.087438
-1.030306 -1.810843
-1.340643 -1.916199
-1.259566 -1.632011
-1.207403 -1.330588
-0.850986 -0.662755
-1.047597 -1.848798
-0.848886 -1.135239
-0.852791 -0.803818
-1.241951 -2.080297
-0.868823 -1.492221
-1.011228 -0.768430
-0.920629 -1.470535
-1.110482 -1.424456
-1.034523 -1.879735
-1.255965 -1.907651
-1.054956 -0.764116
-0.994576 -0.622794
-1.062290 -1.193239
-1.049231 -1.528507
-1.307574 -1.669305
-1.191694 -1.266651
-0.866887 -0.740967
-1.043789 -1.338815
-0.787847 -0.736820
-1.061013 -1.157671
-1.076180 -2.013756
-0.817783 -1.100606
-0.785651 -0.909759
-1.273009 -1.908368
-0.969210 -1.293306
-0.973751 -0.763638
-1.161615 -0.862778
-1.041602 -1.739539
-0.962389 -0.882814
-1.067356 -1.603857
-1.144661 -0.699805
-1.156567 -2.063179
-0.908639 -1.350757
-0.944146 -1.216994
-1.211799 -1.742815
-0.926194 -1.646672
-0.837641 -1.011851
-0.960914 -1.102377
-1.011130 -1.542441
-1.211307 -1.460460
-1.160558 -2.082659
-1.305209 -1.633343
-1.048272 -1.837420
-0.948852 -1.794484
-1.231757 -1.668951
-1.255535 -1.613048
-1.351278 -1.594735
-1.148151 -2.062107
-0.846630 -1.249152
-1.274523 -1.764287
-1.258820 -1.919412
-0.923016 -0.792140
-0.977915 -0.749471
-0.880372 -1.613046
-1.327149 -1.975798
-1.119663 -0.659528
-1.276146 -1.138125
-0.944509 -0.953805
-1.041687 -0.791931
-0.779175 -0.829032
-1.220526 -0.845591
-1.164104 -0.707397
-1.156430 -1.648275
-1.320468 -1.850722
-0.847729 -1.015940
-0.923714 -1.626533
-0.851798 -1.609810
-0.852288 -0.718174
-0.913447 -0.950863
-1.032607 -1.077308
-1.346852 -1.622026
-1.243204 -0.846819
-1.132100 -0.661413
-1.139658 -2.093564
-1.246416 -1.032680
-0.921963 -0.964857
-1.198578 -1.449019
-1.075089 -0.738916
-1.206684 -2.066727
-1.176708 -1.258034
-1.211737 -1.094532
-1.210474 -0.866652
-1.001812 -1.790883
-0.995389 -0.980446
-1.160794 -1.841988
-1.119439 -2.044385
-1.328026 -2.040750
-1.108081 -0.641708
-1.091356 -1.409312
-1.097034 -1.792018
-1.210935 -1.745950
-1.168805 -1.282395
-1.132303 -1.215649
-1.338545 -1.310576
-0.821537 -1.053083
-0.860849 -1.552862
-1.139492 -1.794054
-1.179955 -0.826152
-1.191114 -1.144381
-1.050272 -0.659981
-0.876346 -1.032884
-1.157775 -0.896715
-1.258091 -1.585041
-0.996236 -1.586340
-0.844567 -0.858230
-0.992505 -1.620346
-1.007386 -0.929483
-1.310127 -1.584852
-1.320827 -1.316916
-0.879054 -0.820287
-1.073199 -1.263168
-1.102699 -1.852621
-1.081778 -1.535953
-0.885706 -1.143482
-1.198824 -1.088361
-0.936910 -1.055670
-1.060924 -1.896722
-0.764353 -1.203013
-0.977801 -1.062056
-0.993324 -0.930308
-0.836613 -1.064066
-0.987250 -0.567758
-1.017754 -0.634267
-1.102327 -1.149486
-1.158097 -2.038108
-1.181115 -0.856960
-1.129479 -1.460666
-0.966924 -1.808185
-1.010776 -1.821065
-0.857490 -1.097491
-1.203898 -1.975917
-0.985600 -1.756398
-1.071146 -0.729366
-1.035578 -1.177523
-1.201405 -1.691949
-1.054253 -1.978927
-1.202808 -1.975733
-0.819801 -1.262125
-1.346433 -1.818772
-1.331479 -2.019219
-1.258528 -1.537395
-1.309022 -1.751237
-1.280771 -1.395539
-1.000233 -1.687973
-1.220100 -1.487455
-1.090045 -1.415793
-1.195669 -0.830956
-0.892094 -1.117155
-1.103121 -0.790273
-0.812396 -0.757368
-1.292241 -1.896077
-0.832615 -1.530048
-0.944828 -0.970566
-0.784049 -1.311989
-0.907825 -0.980971
-0.954910 -0.740045
-1.230525 -1.420528
-0.957563 -0.961040
-0.890086 -1.179520
-0.994162 -1.429623
-1.048526 -1.697609
-1.102793 -1.108084
-0.975919 -0.798625
-0.869008 -1.565678
-1.185778 -1.934857
-0.985061 -1.609620
-1.172190 -1.206082
-1.179373 -0.778261
-1.158906 -0.709665
-1.163389 -1.396898
-0.981078 -1.177257
-0.980137 -1.862942
-1.309281 -1.460675
-1.037296 -1.045147
-1.064752 -1.803375
-0.801948 -1.163199
-0.948291 -1.010396
-0.884545 -1.175892
-0.895913 -1.053306
-1.143605 -2.030058
-1.262079 -1.440661
-1.222772 -2.017056
-1.354018 -1.495231
-0.964957 -0.686767
-0.851585 -1.116438
-1.138924 -1.994056
-1.153718 -1.085644
-1.275683 -2.084530
-0.924638 -1.706334
-1.137114 -0.784552
-0.912925 -0.562709
-0.837914 -0.721556
-1.310777 -1.799848
-0.820072 -1.319483
-1.348867 -1.330814
-1.272720 -2.045866
-1.127051 -1.373706
-0.770919 -0.898840
-0.897818 -1.605842
-1.059846 -1.296420
-1.366141 -1.361841
-0.746101 -1.129954
-0.800222 -1.379122
-0.886009 -1.608487
-1.254193 -1.351824
-1.303299 -1.113779
-0.875887 -0.707942
-1.247364 -1.667448
-0.864369 -0.771954
-0.904517 -1.398228
-1.216257 -2.047688
-1.263932 -1.965090
-0.793626 -0.872488
-1.147326 -0.803530
-1.037149 -0.937922
-0.889457 -0.749936
-0.826399 -1.286150
-1.289020 -1.719256
-1.163706 -1.693549
-0.777733 -1.079996
-1.149507 -1.428017
-1.193748 -1.591718
-1.276961 -1.087836
-0.909013 -1.634757
-1.312084 -1.423690
-1.041008 -1.239365
-1.258513 -1.778695
-0.780482 -0.903324
-0.872870 -1.352032
-0.999264 -0.698545
-0.956044 -0.590575
-0.934682 -1.406328
-0.933300 -1.206385
-1.269429 -0.941723
-1.107401 -1.690139
-1.128316 -1.383376
-0.995738 -0.573445
-0.945078 -1.539999
-1.236992 -1.072634
-1.029905 -0.991771
-1.021268 -1.335844
-1.342126 -1.312180
-1.015791 -1.936807
-1.380049 -1.483685
-1.027869 -1.111197
-1.070767 -1.693721
-0.873167 -1.633894
-0.956470 -1.139775
-1.070041 -0.926496
-0.958975 -1.728021
-1.191110 -1.083549
-0.985969 -1.305882
-1.030563 -0.873118
-0.886164 -1.454985
-1.189365 -1.110298
-0.924158 -0.787852
-1.212228 -1.818551
-0.840436 -1.357545
-1.131828 -1.474323
-0.973643 -1.472938
-1.354955 -1.771043
-1.148783 -0.759287
-1.086872 -1.430814
-0.799999 -1.392925
-0.752317 -0.811247
-1.058941 -1.595196
-1.061741 -1.981428
-1.016301 -1.549136
-1.325942 -1.844478
-1.076918 -1.383476
-0.930721 -1.221193
-0.774179 -1.295901
-0.778717 -0.897602
-1.085783 -1.914066
-1.086104 -0.871592
-1.211115 -0.842464
-0.975891 -1.875716
-0.923441 -0.614450
-1.274233 -1.686503
-0.764140 -1.284404
-1.086509 -1.448763
-1.077829 -2.019390
-1.095762 -1.346374
-0.948050 -0.613378
-0.852139 -0.594002
-0.841411 -1.404689
-1.132908 -1.416018
-0.911749 -1.659387
-1.365853 -1.587449
-0.882946 -1.600463
-0.920448 -0.652801
-0.798125 -0.822228
-0.980310 -1.225241
-1.180581 -1.513507
-0.751905 -0.908496
-1.176137 -1.169731
-1.104167 -1.104636
-0.861462 -1.146645
-0.910402 -0.623967
-1.065760 -1.627620
-1.208052 -1.886882
-0.764049 -1.268276
-1.116506 -1.164623
-0.965968 -0.630005
-1.122223 -1.827537
-1.028941 -1.970711
-1.198640 -1.152894
-0.835995 -1.028261
-0.958583 -1.614790
-0.997880 -1.833860
-0.951402 -1.354059
-1.132700 -1.583985
-1.315522 -2.064785
-1.077822 -1.585355
-1.140116 -1.279149
-1.295296 -1.727118
-1.135068 -1.282262
-0.777532 -0.987013
-1.086591 -1.216318
-1.079404 -1.691451
-1.163406 -2.069554
-0.883762 -1.039870
-1.192012 -1.578617
-1.267409 -1.545079
-0.821750 -1.188702
-1.316772 -1.085940
-0.967752 -1.134927
-1.232617 -1.531737
-1.171610 -1.669214
-0.916572 -1.697728
-1.361756 -1.899262
-1.289095 -1.975414
-1.343107 -1.774902
-0.931120 -1.766414
-1.171611 -0.866331
-1.127978 -0.676100
-1.356356 -1.413844
-1.248711 -1.065053
-0.981943 -1.155003
-1.226023 -1.383175
-1.145461 -2.079764
-0.970227 -0.661722
-0.924434 -0.770070
-0.797254 -1.314693
-0.868267 -1.506172
-1.161082 -1.709361
-1.209468 -1.961159
-0.898903 -0.607304
-1.182032 -2.099260
-0.893227 -0.694177
-1.241365 -0.988128
-1.216021 -1.021096
-1.001783 -0.939211
-1.136218 -1.520283
-1.245963 -2.035292
-1.083915 -1.812341
-0.954271 -1.852380
-1.269108 -1.549058
-1.269371 -1.592988
-1.075077 -0.867387
-1.136956 -1.127957
-0.923528 -0.864303
-0.892573 -0.789447
-1.280821 -1.802796
-1.028814 -1.949165
-0.899026 -1.114743
-1.307363 -2.032129
-0.742117 -1.117948
-1.338910 -1.313470
-1.276693 -1.308480
-1.183699 -0.949248
-0.815547 -0.748202
-1.104009 -1.667684
-1.266698 -1.203024
-1.102643 -0.666448
-1.329455 -1.959477
-1.053636 -1.159740
-1.210763 -1.355356
-0.839311 -1.454146
-0.985452 -0.701678
-1.001548 -1.355957
-0.918068 -1.168739
-0.975520 -1.256626
-1.060854 -1.635736
-1.225034 -1.849393
-1.083300 -1.688244
-0.873825 -1.057557
-1.221026 -2.117873
-0.888716 -1.078713
-1.145336 -1.784437
-1.269445 -2.112189
-0.920675 -1.674573
-1.335809 -1.422707
-0.924228 -1.578185
-1.300518 -1.665783
-0.915434 -1.306369
-0.815946 -1.438328
-1.004681 -0.566273
-0.944461 -1.018220
-1.237890 -1.739627
-0.848767 -1.578324
-1.036989 -0.613768
-0.919159 -1.636034
-1.157137 -0.885872
-1.158107 -0.696751
-1.025319 -0.567538
-1.004467 -1.893970
-1.064237 -1.271608
-1.138647 -1.243151
-1.092616 -1.953889
-0.956190 -0.582087
-0.995691 -1.270920
-1.008480 -0.968562
-1.266893 -1.902761
-1.187400 -2.065096
-1.154599 -1.719907
-0.966377 -0.667492
-1.286252 -1.635476
-1.023629 -1.332853
-1.014206 -0.605126
-0.991494 -1.427271
-1.255070 -2.001934
-0.903616 -1.350031
-1.107172 -1.720125
-0.948233 -0.607627
-1.040370 -1.858869
-0.752599 -1.021977
-0.850976 -1.366003
-0.913034 -1.447308
-1.132153 -0.733463
-1.324702 -1.891875
-1.147636 -0.824144
-1.011644 -1.806402
-1.145578 -0.914863
-1.037949 -0.965775
-1.068649 -0.725616
-1.289324 -1.209879
-0.855422 -1.121688
-1.242545 -1.031941
-1.050200 -1.258725
-1.383115 -1.532765
-1.168821 -2.042034
-1.311327 -1.704853
-1.192204 -2.136595
-1.372082 -1.430768
-1.094859 -1.603965
-1.269343 -1.960601
-0.909847 -1.481686
-0.870631 -1.288617
-0.975246 -1.342142
-0.999230 -0.674997
-1.171893 -1.830967
-1.348511 -1.381824
-0.841825 -0.905558
-1.017095 -0.615332
-0.760742 -0.867636
-1.172330 -0.989223
-1.104006 -1.595203
-1.260641 -1.959978
-0.825031 -1.168225
-1.113513 -1.411445
-1.153587 -0.747830
-1.285876 -2.084623
-1.263468 -2.022970
-0.864282 -0.881561
-1.070355 -1.540833
-0.849097 -1.420940
-1.027171 -1.783974
-0.906936 -0.758178
-1.244045 -2.114918
-1.195737 -2.101649
-0.991897 -0.856959
-1.119604 -2.086936
-0.821035 -0.855556
-1.196616 -0.754841
-0.846541 -1.161988
-0.960186 -1.346517
-1.089887 -1.184617
-1.201841 -1.383260
-1.112050 -1.661733
-1.027543 -1.394862
-1.223809 -1.424830
-1.072983 -1.251065
-0.883963 -1.149971
-1.260600 -1.963988
-1.321438 -1.831766
-0.997442 -0.859384
-0.784897 -0.938548
-1.187996 -1.334481
-1.129175 -1.361741
-0.860681 -0.918994
-0.813018 -1.205632
-0.969371 -1.869416
-0.899892 -0.886235
-1.220003 -1.984673
-0.873059 -1.466339
-0.879307 -0.632445
-1.340490 -1.769931
-0.770593 -0.988518
-0.800215 -1.302071
-0.997944 -1.742322
-1.188702 -0.788908
-1.100149 -1.777882
-0.915205 -1.408688
-1.130487 -0.820271
-1.247341 -1.368058
-0.927135 -0.848683
-0.892950 -1.317995
-0.815647 -1.110149
-0.787358 -1.380483
-1.058795 -1.291383
-1.244677 -2.056760
-1.174848 -1.831774
-0.956153 -1.239730
-1.139494 -1.213222
-0.844934 -1.568971
-0.804944 -1.064288
-0.879635 -0.891467
-1.216362 -1.343021
-0.963587 -1.384350
-1.171088 -1.320176
-1.036168 -1.589050
-0.810688 -1.051372
-0.836272 -1.028277
-0.970177 -0.800017
-1.243859 -1.862523
-1.114967 -1.366813
-0.974681 -1.505342
-1.221493 -1.275303
-0.863344 -0.777151
-0.960560 -1.586424
-0.904494 -1.327211
-1.165886 -0.782402
-1.219191 -0.815233
-1.178951 -1.255983
-1.126146 -0.790165
-1.057881 -1.535746
-1.108411 -1.758062
-1.208517 -1.900170
-1.241444 -1.720132
-0.908031 -1.321865
-0.833985 -0.775129
-1.168818 -0.970591
-1.299697 -1.260585
-0.994482 -1.005629
-1.001700 -1.392026
-1.163771 -1.574751
-1.115451 -1.667089
-0.816218 -1.191491
-0.950198 -0.752843
-0.912277 -1.750704
-0.964603 -0.581386
-0.819091 -0.818794
-0.965751 -1.858386
-0.838649 -0.666859
-1.076833 -1.076144
-0.904830 -1.497550
-1.345337 -1.685351
-1.098164 -0.918479
-1.201952 -0.783975
-1.066905 -0.910698
-0.875236 -1.031711
-0.983171 -0.826502
-0.750691 -1.118662
-1.317439 -1.248235
-0.907467 -1.387462
-0.975921 -0.917255
-0.878608 -0.919143
-1.356043 -1.716134
-0.933297 -1.484729
-1.144176 -2.086210
-1.344795 -1.915378
-0.972516 -1.062451
-1.354054 -1.410881
-1.240571 -1.914577
-0.823022 -1.225743
-1.363155 -1.686770
-0.995921 -1.059846
-0.976801 -0.566326
-1.101281 -0.972711
-1.266889 -1.574038
-0.924799 -1.164989
-1.293169 -1.350125
-1.217920 -1.462479
-1.059812 -1.489760
-1.174724 -1.750970
-0.892536 -1.477192
-0.975235 -0.877864
-1.086483 -1.692481
-1.192146 -1.651950
-1.285684 -2.010826
-1.098865 -0.869933
-1.155066 -1.403901
-1.275664 -1.872433
-1.108292 -1.262124
-1.247070 -1.699468
-1.067693 -1.599429
-1.229265 -0.944158
-1.224098 -1.484925
-0.896577 -1.615927
-0.747289 -0.996134
-0.818610 -0.790343
-1.349289 -1.285071
-0.793078 -1.331506
-1.380278 -1.579078
-0.816695 -0.643047
-1.057316 -0.904963
-1.282848 -1.098938
-0.764183 -0.906732
-0.986027 -1.405928
-0.793577 -1.109512
-1.196807 -1.480212
-1.027638 -1.567312
-1.165719 -1.659977
-1.261184 -1.745596
-0.975149 -0.826390
-0.824816 -1.381766
-0.752420 -0.790777
-0.846554 -0.862897
-0.768410 -1.248376
-1.300684 -1.840377
-0.962620 -1.434810
-0.952872 -0.603464
-1.318771 -2.057695
-1.240449 -1.052472
-1.239919 -1.626438
-0.949743 -1.636684
-0.824633 -0.644303
-1.208663 -1.210444
-1.329872 -1.989711
-0.953992 -1.632470
-0.877201 -1.097688
-1.351341 -1.525064
-1.159524 -1.230126
-1.044751 -1.943984
-0.963474 -1.693410
-1.115484 -2.042824
-1.211612 -1.843454
-0.901083 -1.632232
-1.328496 -1.265537
-1.293950 -1.933647
-0.939286 -1.443826
-1.202632 -1.832064
-0.983841 -1.111369
-0.837290 -0.967350
-1.268355 -1.744005
-1.151211 -1.547127
-0.826426 -0.913253
-0.750623 -1.089766
-1.202170 -1.047894
-1.238899 -1.824248
-1.343600 -1.856856
-1.068358 -1.306355
-0.978693 -0.772302
-0.959802 -1.496915
-0.812100 -1.297127
-0.816733 -1.075779
-0.940103 -1.773501
-1.202886 -1.528068
-0.944287 -0.658629
-0.816641 -1.319443
-0.940052 -1.419497
-1.236006 -1.251701
-1.096129 -0.662935
-0.880018 -1.188691
-1.372724 -1.891415
-1.127129 -1.215715
-1.270876 -1.280136
-0.787995 -0.720327
-1.070901 -0.614911
-1.358162 -1.854965
-1.085490 -0.944878
-1.206599 -0.894208
-1.135015 -1.469105
-1.226970 -1.435727
-0.909291 -1.659885
-1.369030 -1.568679
-1.160597 -1.984022
-1.150949 -2.050891
-0.946437 -1.773638
-0.967242 -0.748265
-0.981108 -1.694644
-0.850947 -1.284988
-1.166088 -1.411203
-1.312068 -1.116233
-0.912828 -1.015063
-1.177582 -0.929285
-1.015625 -0.651084
-1.255876 -2.142085
-1.086680 -1.706822
-1.147143 -1.665029
-1.072069 -0.961958
-1.001061 -1.318776
-0.927592 -0.925792
-1.227157 -1.011523
-1.243549 -1.935585
-1.040644 -0.718050
-0.985616 -0.711832
-1.287681 -1.047225
-1.242567 -0.868813
-1.235286 -1.324421
-0.862863 -0.646243
-0.822600 -0.823384
-0.932610 -1.310415
-1.245867 -1.551912
-1.178563 -0.996396
-1.231488 -0.928873
-1.045813 -1.747178
-1.303294 -1.302480
-0.896418 -0.903160
-0.777495 -1.315828
-1.167956 -1.495292
-0.834034 -1.499908
-1.271495 -1.856222
-1.233442 -1.720928
-1.096701 -0.798733
-1.003094 -0.874535
-0.902721 -0.901813
-1.248351 -1.759619
-1.048828 -0.916151
-0.890854 -1.524893
-0.867732 -0.596932
-0.868523 -0.794749
-0.988345 -1.606008
-1.197533 -2.009760
-1.007682 -1.893276
-1.129907 -1.533756
-0.886383 -1.021032
-0.801036 -1.441645
-1.083671 -1.412323
-0.883193 -0.807266
-1.093457 -1.359801
-1.057370 -0.619509
-1.075559 -1.204785
-0.906456 -0.787155
-0.761119 -1.030429
-1.346416 -1.774859
-0.747141 -1.110701
-1.284235 -1.317801
-1.112673 -1.638480
-1.001400 -1.790670
-1.282643 -1.967981
-0.773502 -0.890012
-1.267267 -0.992175
-1.239841 -1.037307
-1.233051 -1.731608
-1.282209 -1.999841
-1.246796 -1.044514
-1.215840 -1.173658
-0.826202 -0.970356
-1.185089 -0.745943
-0.963641 -1.612375
-1.075848 -0.822535
-0.983334 -1.719867
-1.133563 -0.900734
-0.866881 -1.588426
-1.171559 -1.894224
-0.751391 -0.918127
-0.818532 -1.282822
-0.988647 -0.797116
-0.874023 -1.336352
-1.129230 -0.841810
-1.322742 -1.707793
-1.370804 -1.734382
-1.233161 -2.138106
-1.156669 -1.647144
-0.738264 -1.057605
-1.068154 -1.961908
-1.094860 -0.956567
-0.995835 -1.313921
-1.345718 -1.350285
-1.238943 -0.908995
-0.818131 -1.240137
-0.969202 -0.602989
-1.101474 -2.048638
-1.047839 -0.593399
-0.956653 -1.656793
-1.130290 -1.495520
-1.239332 -1.871914
-1.379348 -1.530950
-1.214184 -0.984303
-1.027728 -1.563014
-1.097529 -1.741637
-0.827861 -0.799136
-0.818002 -0.864811
-0.748395 -0.939552
-0.823947 -1.453982
-1.331416 -1.612831
-1.177710 -2.132246
-0.970469 -1.650111
-0.791346 -0.854176
-1.065729 -1.047622
-0.853033 -1.193127
-0.919050 -1.186060
-0.798441 -0.701253
-0.895040 -0.722790
-1.253482 -1.377458
-0.987514 -0.570948
-1.199338 -1.328344
-1.228423 -1.023591
-0.936782 -1.347402
-1.146832 -1.469339
-0.878614 -0.997058
-0.982859 -0.723163
-1.122951 -1.095194
-1.107511 -0.709418
-0.975237 -0.867372
-1.171104 -1.588163
-1.004219 -0.993919
-1.247456 -2.004568
-0.970664 -0.782565
-1.246088 -1.087744
-1.181458 -1.394318
-0.949892 -1.489293
-1.173677 -1.544441
-1.330195 -1.557197
-0.890996 -1.545190
-0.788094 -0.818018
-1.192397 -1.771990
-1.203439 -1.595083
-1.374264 -1.793520
-1.327916 -1.154966
-1.109353 -2.063188
-1.144355 -1.701896
-0.963142 -1.128187
-1.092842 -1.990571
-1.212819 -1.498497
-0.832114 -1.331275
-1.045964 -0.941314
-0.992511 -1.440022
-0.973484 -0.921238
-1.049363 -1.269447
-1.130763 -1.206131
-1.090246 -0.972592
-1.211454 -0.986437
-0.882667 -0.973386
-1.227876 -1.944376
-1.116555 -1.993529
-0.862940 -1.435608
-1.167070 -0.761232
-1.026214 -1.128061
-1.234324 -1.762581
-1.259441 -1.560447
-1.320487 -1.105707
-1.104076 -1.133356
-1.044684 -1.833036
-1.054723 -1.499906
-1.192093 -1.613384
-1.025354 -1.097172
-1.101055 -1.547165
-0.864979 -1.640588
-1.165050 -1.970842
-1.298128 -2.050851
-1.009475 -0.640990
-1.118407 -0.709297
-1.352787 -1.842299
-1.339239 -1.284706
-1.237049 -1.510997
-1.173688 -1.047454
-0.793071 -1.210513
-1.129626 -1.348901
-1.154590 -0.747741
-1.239726 -1.851971
-1.042574 -1.446755
-1.018691 -0.652094
-1.142774 -1.846971
-0.994079 -1.508649
-0.813274 -1.257753
-1.200740 -0.913196
-1.024820 -1.395687
-1.264410 -2.001573
-0.814209 -1.408963
-1.354950 -1.377827
-0.804206 -0.942273
-1.135392 -1.509552
-1.317095 -1.746214
-0.779920 -1.172913
-1.209075 -1.972752
-0.947338 -1.734224
-1.053885 -1.221665
-1.254336 -1.475805
-1.186084 -1.783595
-1.289907 -2.060358
-1.255968 -1.554732
-1.167298 -1.108098
-1.059881 -1.560049
-0.968102 -1.480406
-1.119139 -1.969515
-1.097290 -1.149284
-1.019560 -1.833973
-0.950570 -0.850323
-1.138792 -1.164151
-0.952165 -0.940865
-0.944662 -0.682455
-0.970895 -1.140964
-1.078152 -1.446585
-0.874992 -1.255664
-0.894461 -1.562182
-1.157423 -1.687315
-1.289380 -2.055293
-0.900635 -1.531512
-0.961795 -1.712892
-0.920710 -0.832927
-0.841075 -0.816739
-0.833577 -1.187368
-0.937220 -1.432714
-1.336895 -1.855297
-1.389056 -1.632482
-1.101893 -0.977988
-1.130206 -0.866343
-1.154918 -1.674877
-1.041867 -0.878971
-0.953525 -0.889199
-1.298305 -1.660405
-1.344913 -1.833691
-1.086962 -1.314944
-1.253247 -1.930087
-1.058117 -1.547832
-1.223775 -2.148238
-1.231151 -2.058816
-1.013069 -0.937554
-1.178481 -1.286618
-0.870953 -1.590797
-1.246778 -1.353064
-0.755242 -0.978557
-1.343796 -1.741810
-1.203408 -0.930478
-1.018397 -0.653113
-0.771392 -1.168757
-0.965804 -0.815246
-1.133831 -0.886116
-1.361040 -1.604203
-1.149637 -1.492414
-1.189394 -0.735147
-1.058205 -1.143713
-1.037176 -1.279124
-1.225766 -1.577932
-1.179513 -1.780274
-1.149939 -1.794626
-1.374624 -1.726805
-1.126892 -1.835857
-1.216455 -2.148688
-1.215784 -1.748717
-1.076288 -1.896795
-0.851001 -1.257126
-1.249285 -1.248478
-1.003768 -0.685044
-1.172091 -0.756472
-1.281643 -1.157616
-0.773067 -1.087759
-1.096953 -1.876958
-0.851143 -0.623089
-1.357767 -1.288231
-0.867556 -0.885018
-0.896747 -1.009129
-0.755806 -0.907669
-1.093697 -1.923914
-1.184542 -1.778912
-0.825909 -1.058125
-1.288288 -1.127381
-1.264719 -1.993714
-1.150537 -1.937853
-1.035431 -1.704774
-0.812697 -0.677367
-1.167453 -0.717852
-1.099428 -0.995278
-1.278961 -1.979072
-0.950859 -1.651925
-1.050428 -1.235129
-1.339946 -1.498065
-1.013241 -1.681081
-1.037356 -1.718766
-1.212752 -1.960119
-1.129169 -1.678720
-1.271847 -2.101338
-1.252525 -1.914730
-0.844214 -1.492347
-0.902999 -1.684924
-1.154399 -0.689079
-0.775715 -1.336467
-1.386352 -1.706765
-0.869906 -1.124207
-0.944837 -1.758161
-0.844304 -1.238389
-1.069046 -1.910214
-0.935927 -1.473509
-1.169444 -1.690411
-0.946248 -0.963283
-1.180512 -1.324065
-1.026620 -0.745686
-0.808044 -0.760638
-1.018269 -0.861042
-1.169601 -1.255606
-1.309962 -1.340144
-1.375066 -1.566385
-1.002556 -1.104947
-1.185086 -1.248294
-0.918844 -0.788172
-1.214575 -2.105089
-1.380016 -1.610284
-1.188316 -1.250812
-1.102198 -1.076514
-0.850817 -0.619694
-0.971692 -1.878021
-1.127147 -2.076673
-1.248274 -1.982184
-0.893448 -1.494041
-1.015773 -1.030911
-1.049973 -0.999925
-1.131232 -1.381299
-1.186157 -1.855360
-0.843831 -0.848393
-0.901812 -1.562687
-1.193836 -1.795867
-1.266908 -1.005944
-1.200484 -0.765012
-0.815442 -1.211923
-1.305772 -1.664225
-1.035173 -1.525926
-1.013211 -1.773018
-0.905083 -0.912717
-1.330315 -2.008152
-1.292389 -1.908219
-0.972454 -1.023258
-0.952806 -0.574595
-1.019157 -1.495918
-1.208638 -0.882799
-0.994556 -1.534991
-1.316916 -1.611550
-0.762770 -0.886415
-0.868562 -1.522674
-1.171914 -1.110681
-0.982355 -0.733631
-0.764326 -0.753665
-1.335668 -1.548282
-1.045503 -1.027628
-1.318475 -1.717176
-1.319176 -1.173327
-1.164899 -1.961511
-0.980552 -0.940202
-1.219109 -1.394541
-0.939646 -0.930135
-1.110645 -1.487114
-1.053384 -1.368488
-1.046713 -1.797387
-0.887682 -1.600354
-1.271750 -1.726349
-0.740652 -0.927858
-1.372671 -1.540064
-0.847101 -1.003026
-1.275510 -1.741135
-1.183419 -0.894902
-1.002845 -1.128693
-1.113442 -2.092009
-1.111642 -1.676934
-1.026626 -0.642597
-0.919245 -1.481886
-1.184873 -1.313546
-0.837205 -1.552915
-0.952243 -0.872647
-0.974346 -1.197875
-1.254113 -1.208587
-1.198964 -0.950184
-1.385318 -1.681327
-0.799721 -0.873732
-1.076704 -1.560969
-0.993555 -0.913749
-1.026550 -1.064079
-1.227636 -1.945481
-1.123461 -1.787088
-0.943883 -0.846392
-1.226174 -1.220186
-0.908939 -1.012124
-1.279640 -1.064292
-1.126678 -1.760744
-1.350066 -1.943056
-1.025871 -1.814850
-1.010077 -0.743926
-1.315415 -1.182294
-1.348513 -1.992638
-1.003480 -0.753535
-0.990658 -1.130045
-1.187181 -1.912573
-1.228883 -1.285313
-0.913737 -1.503800
-1.080254 -1.730677
-0.921083 -1.109921
-1.007682 -1.441082
-1.264290 -1.653589
-1.181781 -2.019689
-1.035100 -1.713161
-1.046758 -1.808362
-1.024660 -0.598515
-1.273822 -1.612134
-0.770286 -0.889874
-0.984516 -0.816999
-1.175351 -1.715305
-0.908524 -0.679095
-1.154039 -1.352299
-1.023462 -1.030239
-1.295644 -1.446845
-1.188132 -0.861292
-1.259876 -1.528943
-1.131138 -1.987988
-1.089151 -1.184693
-1.118227 -1.365057
-1.025438 -0.948283
-1.063018 -0.643486
-0.829200 -1.351856
-0.831884 -1.217643
-1.227638 -2.132272
-1.261559 -1.576014
-1.186348 -2.085041
-0.873771 -1.622776
-0.798805 -0.997168
-1.154526 -1.712299
-0.792634 -0.827319
-1.020223 -1.115757
-1.028192 -0.639363
-1.088354 -0.805199
-0.843878 -1.460237
-0.871909 -1.254826
-1.273381 -1.014224
-1.356184 -1.588077
-1.096933 -0.614108
-1.267234 -1.496593
-0.861183 -1.359842
-1.301821 -1.400465
-1.326038 -1.531850
-1.361434 -1.577422
-1.118046 -1.983786
-0.777597 -1.002653
-1.056995 -0.794399
-1.193330 -1.585729
-0.861320 -1.512995
-1.339983 -1.965974
-1.004520 -1.838364
-1.263170 -1.319778
-0.990944 -0.578140
-1.177242 -1.493227
-0.886292 -1.224418
-1.310347 -2.057561
-1.052424 -0.965075
-1.021928 -1.139916
-1.292871 -1.813767
-1.114028 -1.695268
-1.370234 -1.673213
-0.867684 -1.649727
-1.159658 -1.182149
-1.180142 -1.193271
-1.235272 -1.657080
-1.147706 -0.746664
-1.236384 -1.318134
-1.101988 -1.543731
-0.927162 -1.692232
-1.294327 -1.417066
-1.129724 -0.782001
-0.875309 -1.501593
-1.005123 -1.162158
-0.960613 -0.692652
-0.782992 -0.852105
-1.277254 -1.494867
-0.936486 -1.719713
-1.064507 -0.669510
-1.070928 -0.822872
-0.942142 -0.715093
-1.131822 -1.364981
-1.182797 -1.414052
-1.224785 -1.527956
-1.370462 -1.536570
-1.039795 -1.918994
-0.862411 -1.636924
-1.326490 -1.583079
-1.026886 -0.723760
-0.894529 -1.433941
-1.072207 -2.007050
-1.151853 -1.703076
-0.787632 -1.122376
-1.283854 -1.888489
-0.900371 -1.239811
-1.295999 -1.843067
-1.139522 -1.766650
-0.995587 -1.645591
-1.286086 -1.454629
-0.983339 -1.523743
-1.148513 -1.068067
-0.916100 -1.617022
-1.262843 -1.451387
-1.060398 -1.933390
-0.854644 -1.043933
-1.216360 -1.703293
-1.172878 -1.935601
-1.070071 -1.700304
-0.833650 -0.967141
-0.778945 -1.107808
-0.818312 -1.219996
-1.010308 -0.716014
-1.134760 -0.745450
-1.289954 -1.982443
-0.921040 -0.834588
-0.946357 -1.555590
-1.289770 -1.453594
-1.324487 -1.746724
-1.289942 -1.616497
-0.851418 -0.956522
-0.876894 -1.030662
-1.151093 -1.831812
-1.217778 -2.082285
-0.921923 -1.432052
-1.292395 -1.760812
-0.836235 -0.926859
-1.304567 -1.074292
-1.150910 -0.947627
-1.013726 -1.707276
-1.117593 -1.083395
-1.081376 -1.680962
-1.158568 -0.952135
-1.257509 -1.472976
-0.837524 -1.061431
-1.163630 -2.114418
-1.176493 -0.854242
-1.041024 -0.989353
-1.144526 -1.845120
-1.290391 -1.614414
-1.124992 -1.742787
-1.232054 -1.703605
-0.916815 -0.933438
-0.820654 -0.668748
-1.233191 -1.671854
-1.130938 -2.041166
-1.001485 -1.094226
-1.098794 -0.916364
-1.288612 -1.555079
-0.831170 -0.653798
-0.875257 -1.005748
-1.194020 -2.123585
-1.207901 -1.265346
-1.033672 -1.939765
-1.181877 -1.374934
-1.029905 -0.854874
-0.999954 -1.870059
-1.109150 -0.830093
-1.347168 -1.306896
-1.266747 -1.587260
-0.907831 -0.724018
-1.163257 -1.880430
-0.855301 -0.589684
-1.180303 -0.804209
-1.022464 -1.981454
-0.881347 -1.294228
-1.190320 -1.849647
-1.273792 -1.318124
-0.850754 -0.614641
-1.144927 -1.237100
-1.277683 -2.075054
-0.954460 -0.905570
-0.951387 -1.045192
-1.251101 -1.274467
-0.817564 -1.154273
-1.061572 -1.808905
-0.809591 -0.696863
-1.100646 -1.733892
-1.147103 -1.614959
-0.881635 -1.369800
-1.319631 -1.882244
-1.320646 -1.861106
-0.998241 -1.311947
-1.304080 -1.087884
-0.907689 -1.349449
-1.052942 -1.556196
-1.000984 -0.947970
-1.081857 -0.963936
-1.050874 -0.945953
-1.321929 -1.659375
-0.749153 -0.860921
-1.201130 -1.484006
-1.113338 -1.392139
-1.139085 -1.838423
-1.056837 -0.831067
-1.238002 -0.906617
-1.169654 -1.018393
-1.134268 -1.152340
-1.307164 -1.736451
-1.289636 -1.486077
-1.061353 -1.789513
-1.109813 -0.925555
-0.881683 -0.807211
-1.042746 -1.478062
-0.827006 -0.655082
-0.857442 -1.618689
-1.063516 -0.933001
-0.796280 -1.244739
-1.137697 -1.001395
-0.895908 -0.585258
-1.336124 -1.895771
-0.815982 -1.397293
-0.932163 -1.287228
-0.928511 -1.602132
-1.183659 -1.957873
-1.168143 -0.880629
-1.197378 -1.803533
-0.919841 -1.409896
-1.063969 -1.448081
-0.785328 -1.292768
-1.222597 -1.541080
-1.243376 -0.994258
-0.798674 -1.251676
-0.899761 -1.234512
-0.924137 -0.981901
-1.166182 -1.410074
-1.208990 -1.815605
-1.028899 -1.337208
-1.129167 -1.354394
-1.082983 -1.019723
-0.907468 -0.583426
-0.887544 -1.509164
-0.964342 -0.609846
-1.138844 -1.532969
-1.125897 -1.771499
-0.891583 -1.591036
-1.179658 -1.302736
-1.239588 -1.419974
-1.245761 -1.326991
-1.027331 -1.758723
-1.026738 -1.342835
-1.187178 -0.928140
-0.901093 -1.216175
-0.923293 -1.254575
-1.178280 -1.917884
-1.009287 -1.576362
-0.794008 -0.708539
-1.002236 -1.539571
-1.198702 -1.478577
-1.191739 -1.416530
-1.117082 -1.273128
-1.145466 -1.716677
-1.293553 -1.833039
-0.875612 -0.883957
-1.203167 -0.871503
-1.070703 -1.526124
-1.026483 -0.901689
-1.035039 -0.675525
-1.212585 -1.576761
-1.299318 -1.106967
-1.320965 -1.823592
-1.097087 -1.592743
-1.266314 -2.102094
-1.214942 -0.785171
-1.128536 -1.279140
-1.367123 -1.342659
-1.287689 -1.054580
-1.322972 -1.688288
-1.139523 -1.978400
-1.227072 -2.111723
-0.797769 -1.237865
-1.249113 -0.881762
-0.939694 -0.662552
-1.202657 -1.384500
-1.094087 -1.612483
-1.264134 -1.590736
-0.797817 -1.265187
-1.169778 -0.714599
-1.203291 -1.096341
-0.735035 -0.956574
-1.211694 -2.134954
-1.364272 -1.616746
-1.260152 -1.759191
-0.762607 -0.837491
-0.750904 -1.108726
-1.367409 -1.336504
-1.065277 -0.588449
-1.264945 -1.161452
-0.748852 -0.936218
-1.248833 -1.373571
-1.197388 -0.981325
-0.812344 -0.640708
-1.167730 -0.761557
-0.811343 -1.114832
-1.096624 -1.343804
-1.062327 -0.938603
-1.021771 -1.638588
-0.988878 -1.112010
-0.876326 -1.489957
-0.826370 -1.171569
-1.253646 -1.579807
-0.943607 -0.794658
-0.963249 -0.991846
-1.224078 -1.636775
-1.274446 -1.418026
-0.948125 -1.347368
-0.982445 -0.789676
-1.044200 -1.002217
-0.863391 -0.826909
-0.946708 -0.976536
-0.994791 -1.448516
-1.097290 -2.029563
-0.803699 -0.870696
-1.222735 -1.350267
-0.991220 -0.644644
-0.791677 -0.997477
-1.079205 -1.758440
-1.097614 -0.985611
-1.057379 -0.972388
-1.061495 -1.361821
-1.036647 -0.579397
-0.980502 -1.720783
-1.079230 -0.612629
-0.829913 -1.089153
-0.895397 -0.691194
-1.368833 -1.644506
-1.007363 -0.587220
-1.149430 -2.092671
-1.194114 -1.064455
-1.280386 -1.808999
-0.791748 -1.152776
-1.239337 -1.953457
-1.304778 -1.674003
-0.910952 -1.400435
-0.790627 -1.326237
-1.120388 -0.690977
-0.766629 -1.113415
-0.841890 -1.362728
-0.749983 -0.894753
-1.130805 -1.935124
-0.891997 -0.778278
-1.206904 -1.824640
-1.033394 -0.744350
-0.858327 -1.016164
-1.166248 -1.660976
-1.158179 -1.120866
-0.931199 -1.416973
-1.065827 -1.885394
-1.335200 -1.266991
-0.943690 -1.084690
-0.912605 -1.748681
-1.324208 -1.763730
-1.195749 -1.282008
-1.358965 -1.457359
-1.191973 -2.042463
-1.239433 -2.054448
-0.957739 -0.561525
-0.908294 -1.136878
-0.952022 -1.030362
-0.871155 -1.372711
-1.308978 -2.063111
-1.192339 -2.100922
-1.125603 -1.415529
-0.906455 -1.296170
-1.050080 -1.174307
-0.818578 -1.247468
-1.312826 -1.756123
-1.144281 -1.268429
-1.240656 -2.014062
-1.109683 -1.624731
-1.336528 -1.523417
-0.897264 -0.778883
-0.886732 -0.670265
-1.365732 -1.623915
-1.145410 -1.819758
-1.214867 -2.081274
-1.089167 -0.937548
-0.905941 -0.836406
-1.169096 -0.776100
-1.074627 -1.198654
-0.997137 -0.589551
-1.374704 -1.574483
-1.071514 -1.184160
-0.923726 -0.989731
-1.294513 -1.486998
-0.864267 -0.743930
-1.036027 -1.614739
-0.875134 -0.876066
-0.756449 -1.072704
-1.152569 -1.733942
-1.034029 -0.937285
-0.829287 -1.349987
-0.807797 -0.955797
-1.073021 -0.687569
-0.969872 -1.410031
-1.331366 -1.932686
-1.108997 -1.057880
-0.767639 -0.848328
-1.207904 -1.853048
-1.083049 -1.467924
-1.217119 -0.996667
-0.879637 -1.109587
-1.138159 -1.410268
-0.735261 -0.979190
-0.830685 -0.923287
-0.906412 -0.918950
-1.058507 -1.742749
-0.808204 -0.891915
-1.281671 -1.522606
-0.946515 -0.850890
-1.091243 -1.253061
-0.972247 -0.876164
-1.113346 -1.901952
-0.920770 -1.056604
-1.124068 -1.326815
-0.930919 -1.332010
-1.101885 -1.080117
-1.045629 -1.513830
-1.315522 -1.116414
-0.892189 -0.765233
-0.995236 -1.430017
-1.359988 -1.467686
-1.038035 -1.003853
-0.835340 -0.619084
-1.302035 -1.929291
-0.836145 -1.154716
-0.915748 -1.695797
-1.251357 -1.013730
-0.997204 -1.553728
-1.152975 -0.984058
-1.105606 -1.865598
-1.082951 -1.855092
-1.056641 -0.886603
-1.084821 -1.609711
-0.877826 -1.339051
-1.227519 -0.853101
-1.197411 -2.108880
-1.194564 -1.466969
-1.339446 -1.298406
-1.255858 -1.385609
-1.339045 -1.939448
-0.888905 -0.667005
-0.941291 -1.411047
-1.065290 -1.674111
-0.920017 -1.730386
-0.948852 -1.203175
-1.280505 -1.363278
-0.808616 -1.277435
-1.149956 -0.906095
-1.060831 -1.391694
-1.008875 -0.822517
-0.934306 -1.497049
-0.857288 -0.956314
-0.941123 -1.724948
-0.941733 -1.721118
-1.277943 -1.797020
-0.932857 -0.799496
-1.171933 -1.073192
-1.205760 -1.326843
-1.066783 -1.888374
-1.316124 -1.556635
-1.193567 -1.899237
-1.197216 -2.092066
-0.785716 -0.811621
-0.883504 -1.232930
-1.329748 -1.932332
-1.357609 -1.257305
-1.343424 -1.424416
-1.070064 -1.090699
-1.014109 -1.165619
-1.256419 -2.127411
-1.310436 -1.484004
-1.194864 -1.461560
-0.783685 -1.106470
-0.945472 -1.799682
-1.248763 -1.352826
-1.234766 -1.475910
-0.959980 -1.191621
-1.044808 -1.969578
-0.956344 -0.978138
-0.998643 -1.826341
-1.160401 -1.052633
-1.251687 -1.157265
-1.207800 -0.855430
-1.330167 -1.409695
-0.799489 -1.123706
-0.788637 -0.714233
-1.247770 -0.880572
-1.255334 -1.651819
-0.776322 -1.121830
-1.009463 -0.774493
-1.054372 -1.355231
-1.178490 -1.946377
-1.103278 -0.700548
-1.291802 -1.782986
-0.983076 -1.217352
-1.201523 -1.132108
-1.044466 -1.189450
-0.940666 -1.277295
-0.826753 -0.875557
-1.312452 -1.056845
-0.924379 -1.163732
-0.872466 -1.177086
-1.100928 -1.374978
-1.101088 -1.979896
-1.036727 -1.676530
-1.224654 -1.489266
-0.993080 -1.905396
-0.948128 -0.760873
-1.349826 -1.572933
-0.786799 -1.341645
-1.267108 -1.428608
-0.833673 -1.362519
-1.186936 -0.785527
-0.790045 -0.706096
-1.092132 -2.050286
-1.058631 -0.628676
-1.093222 -0.833013
-0.828389 -0.865897
-0.929749 -1.610102
-1.307789 -1.774022
-1.026247 -1.976135
-1.004491 -1.286848
-1.263394 -1.122008
-0.983872 -1.432867
-1.190312 -1.062364
-1.209993 -1.609666
-0.926609 -1.583229
-1.332601 -2.024916
-1.120577 -1.244336
-0.973703 -1.493859
-0.751730 -0.917161
-1.063749 -1.974956
-1.053932 -1.870145
-1.118027 -1.194304
-1.080762 -0.612295
-0.982293 -1.712207
-1.337330 -1.203039
-1.200944 -0.819890
-1.061271 -1.529606
-1.179270 -2.073356
-1.096193 -1.003330
-1.068805 -0.932519
-1.277810 -1.910389
-1.051617 -0.897166
-1.340750 -1.297364
-1.308346 -1.558449
-1.381340 -1.566109
-1.304039 -1.280314
-1.168691 -1.018629
-1.256889 -1.378720
-1.109092 -1.731601
-0.987985 -1.453709
-1.260979 -1.765170
-1.161510 -1.097511
-0.913653 -1.605104
-1.292579 -1.574667
-1.247760 -1.214618
-0.870850 -1.171446
-1.119409 -1.810610
-0.767151 -1.295769
-0.896311 -0.934264
-1.265977 -1.924793
-1.039935 -1.785270
-0.907876 -0.856588
-0.827227 -1.490479
-0.981137 -1.773538
-1.199522 -1.449139
-1.255497 -1.385560
-1.111011 -1.398208
-1.168080 -1.914271
-1.281224 -1.187156
-1.339754 -1.595928
-1.070550 -1.717235
-0.812398 -0.835144
-1.246318 -1.295666
-1.195025 -0.856152
-0.973468 -1.325445
-1.126306 -0.991632
-1.053919 -1.712721
-1.229641 -1.408258
-1.093323 -0.926814
-0.825920 -0.784329
-1.109095 -1.159100
-1.181277 -1.832905
-0.984585 -1.899242
-0.922835 -1.756540
-0.974853 -0.624773
-1.246853 -1.233513
-1.356626 -1.792306
-1.082210 -0.660511
-0.902885 -0.635326
-0.770716 -1.162175
-1.057422 -0.882816
-1.158355 -1.529516
-0.819929 -1.432174
-1.191281 -0.939889
-1.168313 -1.438324
-0.887463 -1.330987
-1.069870 -1.781649
-1.214658 -2.148777
-1.041713 -1.733727
-1.262213 -2.002434
-0.889162 -1.447363
-1.014881 -1.553901
-0.974490 -1.148278
-1.123950 -0.912523
-0.976139 -1.891779
-0.783984 -1.020650
-1.319165 -1.166666
-0.930515 -1.526379
-1.129460 -1.730408
-1.221423 -1.085660
-1.090313 -1.985070
-1.005294 -1.872141
-0.836958 -1.217937
-1.242130 -1.550134
-1.023435 -1.407971
-1.058757 -0.902148
-1.260515 -1.763600
-1.133641 -1.293894
-1.225393 -1.372000
-0.991274 -0.815676
-1.078373 -1.987714
-0.870092 -1.164365
-1.173210 -2.043492
-1.059921 -1.898821
-1.265548 -2.133853
-0.995126 -1.408139
-0.835993 -0.669040
-0.908031 -0.937945
-1.213422 -1.064353
-1.029233 -1.632371
-1.021341 -0.628851
-1.095383 -1.111280
-0.949681 -0.777906
-1.376400 -1.497304
-1.055472 -0.656673
-0.768788 -1.053335
-0.923482 -1.702391
-1.177025 -1.890754
-1.051861 -1.447655
-1.022898 -1.053094
-0.979233 -1.771540
-0.815141 -0.859796
-0.976065 -0.668312
-1.017448 -0.727342
-1.253210 -0.982529
-1.326244 -1.150875
-1.384630 -1.620808
-1.307314 -1.786829
-1.258170 -1.545326
-0.996841 -1.443999
-0.957204 -0.768692
-1.181139 -1.641697
-1.145730 -1.858599
-0.955567 -1.109433
-0.957485 -0.770871
-1.220732 -1.321059
-0.849004 -1.312161
-1.263139 -0.944115
-1.211524 -2.068693
-1.037040 -1.043110
-1.179715 -1.562184
-0.869085 -0.669171
-0.970485 -1.479214
-0.770793 -0.756023
-1.353325 -1.278414
-0.968156 -1.174704
-1.176839 -1.806628
-1.143015 -1.711147
-1.332719 -1.526659
-1.005564 -0.604206
-1.128826 -1.040691
-1.097763 -1.147663
-1.389094 -1.648599
-0.925901 -0.677116
-0.744161 -0.974275
-1.319418 -1.771446
-1.106237 -1.153868
-0.969490 -0.938895
-0.975764 -0.976546
-1.154466 -1.715663
-1.251879 -1.630154
-1.175210 -0.769235
-1.273398 -1.433498
-0.969147 -1.745579
-1.028489 -1.853747
-1.097501 -0.789726
-1.027841 -1.439081
-0.741808 -1.008935
-0.829775 -0.799403
-0.983225 -0.996232
-1.208436 -1.342942
-1.013710 -1.702240
-1.164041 -1.438301
-1.118414 -2.010426
-0.847615 -1.264840
-1.114744 -0.675189
-0.838068 -0.853639
-1.299741 -2.068173
-0.807363 -0.943362
-0.876882 -1.656538
-0.999921 -1.759631
-0.746682 -0.953342
-1.228549 -1.368888
-1.009078 -1.856719
-1.032825 -1.426607
-1.310474 -1.060125
-1.231953 -0.941719
-1.195906 -1.222029
-0.851182 -1.365582
-1.102372 -1.158712
-1.037413 -1.254332
-1.222017 -1.861692
-1.137201 -1.708847
-0.947456 -1.405241
-1.030892 -1.708417
-1.327965 -1.351097
-0.888540 -1.331699
-1.237602 -0.829930
-0.736989 -0.964642
-1.153590 -1.480206
-0.979255 -0.968977
-1.011545 -0.790539
-1.289157 -1.304760
-0.939337 -1.827955
-1.211839 -0.988992
-1.230233 -1.367469
-1.269905 -1.114792
-1.174730 -0.921679
-1.160423 -0.992772
-1.294656 -1.743695
-1.369518 -1.658108
-0.978521 -1.587913
-1.150864 -1.680853
-1.105261 -1.822455
-0.863032 -1.028015
-0.909357 -1.676141
-1.047758 -1.766601
-1.101018 -1.769713
-0.973342 -0.555378
-0.868149 -1.502757
-0.882640 -1.472011
-0.855681 -1.241536
-1.010269 -1.357146
-0.786205 -1.208533
-1.173123 -1.044988
-1.309909 -1.727212
-1.170984 -1.436170
-1.357188 -1.943019
-1.017695 -1.696180
-1.228980 -1.100533
-0.896139 -0.625345
-1.177290 -1.915171
-1.191037 -0.821637
-0.784505 -0.858385
-1.182336 -2.089587
-0.840579 -1.245835
-1.118627 -1.337556
-0.978006 -1.016587
-1.290578 -1.087073
-1.292175 -2.047421
-1.167254 -0.964290
-0.971332 -1.622091
-1.055750 -1.228176
-0.830758 -1.371264
-1.257948 -1.231261
-1.324468 -1.838381
-1.001154 -0.737751
-1.071400 -1.900857
-1.231424 -1.241515
-1.332479 -1.849455
-1.055470 -0.842961
-0.957646 -1.279879
-1.377732 -1.536059
-1.156410 -0.915743
-1.311792 -1.271365
-1.026145 -1.385584
-0.919141 -1.441364
-1.246675 -1.704057
-0.804381 -1.029231
-1.104179 -1.900075
-0.938703 -1.089194
-1.076742 -0.791695
-0.841096 -1.403442
-0.914847 -1.281034
-1.104890 -1.276829
-0.830286 -1.109360
-0.848619 -1.100618
-1.136123 -1.752527
-1.089254 -1.414365
-1.169092 -1.478469
-0.905806 -1.520381
-1.346825 -1.696023
-1.219172 -1.314659
-1.190442 -1.765326
-0.981755 -1.567647
-1.162269 -0.787252
-1.157835 -0.763499
-1.058211 -1.350275
-0.853316 -1.352991
-1.160583 -1.627597
-1.329326 -1.676510
-1.223683 -0.879556
-0.947197 -0.984133
-1.389920 -1.632175
-0.784384 -0.879538
-1.021593 -0.610493
-1.064322 -1.349513
-1.284531 -2.089828
-0.986503 -1.082958
-1.079625 -1.704689
-1.197750 -1.131852
-0.825082 -0.724291
-1.174935 -1.519358
-1.144431 -0.876142
-1.355994 -1.675032
-0.919940 -1.298118
-1.225971 -0.977912
-1.298763 -1.300185
-1.185460 -1.908345
-0.957622 -1.493637
-1.225169 -1.737634
-1.337704 -2.026283
-1.329199 -1.183599
-1.336689 -1.542973
-1.014990 -1.692016
-0.993618 -1.715203
-1.106212 -1.201907
-1.012457 -0.725770
-0.955958 -0.979572
-0.908373 -1.612685
-0.796571 -1.170412
-0.927625 -1.783300
-0.834583 -1.151515
-1.056619 -1.451490
-0.825009 -1.310549
-1.264308 -1.097434
-1.018093 -0.888123
-1.222128 -1.575206
-1.002563 -1.918408
-0.998441 -0.689440
-0.942927 -0.848606
-0.814603 -1.216216
-0.739867 -1.123207
-1.015922 -1.915984
-1.033343 -1.260548
-0.984447 -1.547063
-1.066371 -2.037973
-0.858570 -0.656642
-0.942342 -1.031562
-1.237763 -1.117560
-1.310668 -1.786174
-0.949433 -1.497578
-1.204762 -1.419129
-1.051718 -0.904850
-1.149451 -0.992554
-1.004321 -0.763565
-0.846304 -1.126833
-0.886417 -1.141739
-1.221460 -2.061011
-1.333363 -1.897734
-0.947553 -1.207271
-1.081030 -1.395587
-1.228918 -1.694371
-1.348777 -1.717116
-1.338436 -1.876493
-0.881269 -1.302793
-1.145753 -2.023227
-1.266732 -1.550538
-0.946671 -1.114887
-1.179079 -2.035522
-0.742968 -1.041900
-1.273264 -1.654045
-0.915301 -1.395598
-0.835170 -0.963442
-1.217276 -1.946014
-1.053993 -1.780671
-1.085011 -1.490698
-1.271603 -2.007054
-0.899537 -0.679635
-1.231604 -0.985463
-1.090066 -1.892758
-0.861089 -1.610772
-0.860923 -1.546040
-1.268372 -1.670377
-1.354787 -1.424515
-0.891629 -0.916418
-0.992592 -1.851385
-1.152533 -1.522492
-1.121577 -0.737785
-1.284669 -1.156691
-0.892838 -1.656958
-1.343243 -1.376179
-1.342534 -1.448433
-1.271301 -1.919808
-0.820600 -0.899838
-1.314227 -2.030320
-1.181030 -1.527627
-1.330557 -1.151250
-1.029433 -0.627381
-1.081839 -1.638454
-1.055688 -1.675655
-1.019918 -0.996430
-1.094858 -1.093586
-0.930480 -1.771639
-0.879921 -1.614527
-1.109293 -1.971789
-1.093231 -1.415866
-1.240957 -1.496736
-1.040303 -1.431347
-1.002522 -1.325719
-1.123741 -0.843527
-0.975027 -0.855891
-1.122645 -1.428777
-1.334063 -1.311728
-1.101752 -0.804797
-1.085742 -1.534305
-1.111492 -1.450389
-1.332680 -1.680690
-0.972890 -1.155123
-1.150688 -2.083157
-0.961772 -0.919624
-1.324336 -1.261093
-1.025522 -0.623437
-0.877361 -1.333704
-1.096654 -1.721804
-1.088845 -1.195633
-0.801190 -1.031008
-1.061972 -0.637856
-1.238317 -2.101893
-0.988229 -1.893457
-1.131082 -1.477449
-0.838865 -1.331436
-0.912007 -1.625409
-0.826127 -1.216104
-1.193568 -1.458723
-1.332726 -1.162227
-0.874393 -0.615731
-1.233871 -1.441447
-0.842589 -1.293847
-1.152459 -1.077300
-1.192650 -1.719895
-0.914905 -1.768909
-1.060608 -1.626152
-1.251534 -1.002728
-0.891897 -1.467954
-1.268198 -1.187899
-1.075653 -1.983004
-0.814745 -1.157780
-0.927631 -0.578577
-0.865558 -0.672949
-0.936739 -1.638320
-1.284837 -1.532164
-1.259762 -2.126578
-1.207540 -1.242922
-1.336797 -1.207851
-1.365769 -1.811240
-0.793506 -1.340318
-1.255813 -0.957722
-1.264219 -1.374584
-1.235234 -1.387569
-1.250298 -1.804797
-0.888346 -1.189775
-1.379387 -1.657273
-1.021382 -0.839266
-0.821959 -0.882019
-0.840032 -1.514237
-0.837259 -1.393834
-1.174444 -1.691406
-1.259182 -1.873647
-1.029382 -1.826510
-0.897021 -1.109488
-0.979921 -1.057904
-1.072033 -1.468382
-0.852015 -1.416736
-1.029257 -1.522003
-0.909506 -1.555269
-0.871937 -0.855582
-1.088192 -0.965328
-1.179257 -1.947887
-0.972203 -1.819511
-0.979973 -1.083089
-1.148692 -1.857856
-1.067912 -1.182142
-0.778594 -1.075450
-1.358764 -1.712845
-1.356439 -1.646303
-0.903157 -0.966837
-1.057253 -0.600529
-0.943050 -0.733640
-0.906239 -1.480139
-1.230811 -1.101062
-1.286991 -1.338317
-1.086737 -1.891896
-1.212767 -1.961081
-0.979665 -0.831391
-0.895307 -1.095170
-1.081991 -0.815054
-0.922442 -1.297710
-1.043999 -0.988802
-0.926381 -1.174646
-0.822082 -0.826195
-0.733376 -0.974398
-1.247365 -0.972968
-0.795464 -1.256551
-0.796469 -1.400277
-1.079957 -0.620986
-1.236122 -1.674444
-1.099857 -0.621539
-0.816021 -0.716103
-1.036438 -0.648697
-0.936670 -1.723386
-1.144679 -1.944856
-1.251587 -1.599121
-1.050076 -0.982716
-0.930975 -1.292956
-1.233182 -0.984700
-1.289608 -1.303687
-1.053517 -1.090915
-1.244961 -2.057948
-1.218883 -1.008191
-1.007278 -1.596120
-1.250343 -2.071712
-1.204155 -0.957407
-0.989909 -1.492110
-0.995951 -1.409630
-1.022453 -1.397655
-1.061312 -0.669946
-1.042805 -0.823599
-1.091552 -1.677315
-0.973948 -1.293883
-0.839751 -1.538541
-0.880811 -0.879501
-1.075896 -1.417129
-1.211095 -1.887247
-1.346025 -1.726541
-1.013102 -0.914669
-0.989746 -0.574934
-1.248538 -1.198950
-0.975385 -1.286802
-1.069029 -1.086354
-1.122241 -1.078213
-1.024372 -0.775455
-1.058641 -1.486981
-1.062511 -1.230881
-1.096963 -1.835982
-1.058656 -1.336317
-0.963750 -0.985348
-1.216532 -1.394271
-1.327060 -1.361587
-1.139091 -0.778565
-1.210950 -0.917060
-0.755967 -1.067962
-0.984286 -1.279309
-1.164699 -1.099015
-1.277080 -1.872528
-1.318506 -1.346848
-1.230970 -1.810542
-0.993131 -1.501057
-1.386846 -1.673832
-0.833189 -1.211412
-1.156723 -1.265402
-1.078025 -1.715256
-0.775160 -1.017755
-1.297836 -1.478958
-1.018849 -0.661671
-1.252540 -2.110617
-1.265668 -1.904005
-0.965262 -1.678221
-0.869376 -0.901653
-0.800336 -1.319063
-1.370440 -1.885713
-0.930301 -1.770143
-1.242560 -1.190985
-1.097229 -1.068393
-0.856033 -1.035181
-0.953960 -0.607795
-0.908102 -0.831663
-0.911061 -1.591434
-0.744757 -1.036460
-1.299586 -1.256760
-1.070852 -1.810005
-1.003725 -0.611154
-0.908221 -1.264060
-0.968346 -1.526213
-1.100024 -1.831407
-1.191697 -0.905338
-0.879110 -1.270906
-1.040335 -1.184788
-0.915908 -1.214659
-0.851250 -1.274193
-1.198885 -1.429510
-1.098659 -1.725114
-0.888151 -0.630729
-0.995843 -1.781174
-1.174600 -1.160046
-0.896141 -0.622213
-0.987628 -0.755015
-1.179081 -2.005517
-1.108824 -0.718003
-1.052796 -1.982351
-1.241451 -0.936328
-1.302928 -1.082024
-0.918251 -1.497258
-1.045178 -0.843498
-1.050340 -0.875294
-1.128684 -1.876862
-0.845362 -0.810578
-1.100863 -0.661374
-1.370897 -1.450430
-1.202788 -1.641546
-1.192081 -1.185877
-0.788097 -0.821994
-0.858243 -1.408212
-0.780361 -1.145006
-0.943227 -1.689991
-0.939489 -1.326379
-1.313204 -1.452415
-0.962339 -1.691196
-0.862373 -0.882968
-1.270586 -1.066041
-0.900230 -0.662891
-1.111145 -0.925801
-1.131617 -2.054867
-1.169397 -1.220805
-1.034585 -1.004849
-0.838932 -0.895665
-1.199441 -1.990741
-1.253548 -1.275398
-1.144920 -0.961489
-1.018815 -0.843219
-1.312669 -1.204355
-0.954189 -1.588601
-1.260806 -1.518330
-1.160586 -1.753323
-1.316255 -1.384086
-1.020094 -1.794233
-0.781729 -1.285348
-1.004995 -1.637571
-1.212678 -1.701382
-1.006933 -0.585866
-0.895564 -1.485207
-1.088236 -1.765522
-1.328976 -1.282207
-1.238455 -2.020551
-1.323245 -1.823782
-0.972492 -1.171080
-0.903658 -0.959717
-0.802658 -1.234870
-0.955354 -0.952594
-0.845775 -0.755984
-0.948318 -1.418130
-1.314280 -1.497494
-0.808147 -0.823631
-1.125480 -1.679828
-1.245775 -0.875493
-1.062514 -1.204168
-0.996345 -1.599522
-0.963787 -1.461029
-1.331746 -1.934681
-1.180925 -2.093048
-0.966522 -1.838786
-1.095369 -1.868345
-0.977978 -1.730942
-0.892276 -1.270384
-0.854983 -0.939281
-1.144944 -1.669688
-0.840388 -0.869384
-1.047835 -1.071086
-1.234565 -2.135916
-1.113183 -1.690593
-1.085094 -1.002503
-1.056603 -1.890179
-1.064246 -1.761252
-0.911265 -1.320390
-1.031879 -1.508966
-1.024530 -1.344169
-1.163990 -0.817592
-1.307464 -1.461303
-1.374206 -1.365752
-0.961759 -0.898566
-0.765434 -0.966612
-0.966919 -0.818569
-0.999017 -0.722454
-0.835579 -1.401837
-1.299721 -1.818691
-1.306166 -1.252817
-1.112750 -1.630429
-0.808376 -1.025104
-1.011245 -1.004652
-1.104876 -1.600649
-1.370918 -1.450064
-1.230019 -2.017954
-1.048849 -1.217912
-1.057465 -2.000380
-1.263560 -1.542420
-0.804927 -1.368882
-1.110738 -0.628844
-0.815894 -0.708723
-1.333528 -1.955703
-1.167006 -1.342005
-1.386364 -1.666148
-0.943369 -1.030290
-1.326548 -1.935250
-0.874813 -0.674886
-1.015723 -1.897433
-1.152533 -1.675752
-0.900362 -1.044844
-1.120358 -1.529887
-1.310378 -1.649360
-1.212199 -1.627167
-0.871600 -1.044670
-1.159028 -0.910467
-0.994367 -0.868796
-1.013982 -1.894718
-1.122554 -0.668491
-1.157843 -1.981581
-1.084164 -1.696099
-0.948432 -0.599782
-1.123954 -1.540538
-0.924217 -1.110258
-0.988584 -1.818076
-1.356466 -1.320253
-0.768332 -1.010604
-1.131853 -1.692109
-0.871593 -1.583314
-1.290036 -1.525859
-0.850013 -1.224828
-1.212177 -1.524704
-1.164976 -1.302430
-0.966458 -1.184395
-1.303297 -1.959703
-1.089342 -0.784502
-0.823720 -0.982234
-1.299372 -1.390100
-1.262891 -1.434718
-0.912141 -0.860129
-1.268552 -1.138962
-1.172787 -0.731781
-1.166845 -1.180170
-1.114479 -0.669063
-1.294976 -1.674505
-0.946459 -0.645349
-1.292511 -1.635570
-0.971981 -1.460969
-0.931703 -1.402303
-1.266257 -1.472540
-1.013074 -1.071767
-1.148749 -1.580515
-1.043604 -1.992880
-0.997715 -1.205582
-0.998158 -0.833325
-1.207567 -0.890131
-0.826317 -1.196166
-1.384729 -1.485531
-1.137906 -0.730373
-1.112096 -1.362831
-1.369513 -1.576882
-0.947049 -1.610037
-0.790665 -0.896593
-1.126840 -0.746638
-0.796559 -0.737134
-0.845742 -1.115275
-0.789665 -0.943304
-0.934706 -1.742609
-1.182455 -1.009029
-1.298360 -1.089400
-1.053988 -0.854226
-1.018042 -1.814106
-1.063251 -1.005143
-0.882654 -1.001247
-1.321917 -1.156196
-1.166594 -1.197691
-0.893912 -1.421074
-0.890832 -0.780098
-1.300454 -1.419947
-1.168074 -0.803855
-1.123173 -0.675107
-1.145775 -2.117289
-1.165344 -1.176694
-1.343349 -1.423903
-1.099271 -1.429199
-1.219566 -1.782319
-1.114928 -0.989418
-1.222478 -0.906226
-1.284814 -2.034706
-1.284819 -1.155514
-1.320568 -1.417307
-1.258263 -1.093554
-1.043343 -1.204811
-1.343036 -1.855595
-0.853062 -1.116934
-0.778655 -1.310681
-1.170215 -0.743047
-0.821418 -1.161872
-1.331371 -1.812888
-0.973764 -0.606295
-1.167084 -1.412553
-1.104166 -1.950089
-0.762106 -1.269880
-0.994808 -1.122514
-0.886319 -1.004786
-1.095836 -1.566239
-0.923792 -0.629934
-1.174886 -1.899480
-1.168658 -1.136422
-0.919246 -0.734917
-1.284557 -1.679176
-1.090118 -1.624120
-0.898127 -0.572549
-0.925630 -1.296561
-0.748267 -1.067250
-1.340500 -1.788967
-1.251096 -1.942365
-1.138710 -1.234822
-1.049660 -1.011217
-1.253590 -1.791676
-1.227099 -2.075936
-1.095968 -1.499997
-0.762559 -1.051910
-1.245400 -1.201580
-1.145968 -1.706931
-1.066139 -0.641704
-0.995435 -1.269763
-1.126888 -1.470120
-0.903142 -0.855179
-1.138064 -1.469510
-0.826025 -0.687575
-1.182080 -1.350347
-1.132444 -1.914388
-1.066440 -0.991986
-1.307341 -1.162849
-0.797183 -0.984300
-1.036155 -1.260457
-1.091285 -1.144445
-0.919560 -1.543071
-1.020091 -1.827620
-1.267353 -1.205938
-0.775656 -1.164950
-1.283028 -1.016716
-1.161511 -1.574889
-0.880111 -1.134181
-0.887047 -0.696318
-1.016265 -1.084440
-0.816337 -1.395937
-1.255956 -1.527149
-1.008799 -1.233428
-1.386401 -1.504158
-0.991420 -1.108327
-1.123369 -1.894204
-1.123525 -1.188640
-0.973102 -0.875324
-1.388756 -1.585237
-1.100836 -1.250674
-1.230438 -1.329019
-1.057940 -1.891061
-1.329637 -1.434022
-0.989995 -1.392800
-1.102889 -1.136562
-1.061578 -0.880089
-1.281861 -1.886498
-1.305415 -1.438595
-1.269867 -1.041298
-1.040389 -0.748272
-0.960819 -1.150960
-1.101272 -0.656205
-0.963056 -0.943410
-1.189944 -1.331028
-1.151638 -1.994738
-0.944736 -1.268068
-1.138657 -1.456336
-1.261235 -1.203025
-1.364257 -1.495485
-1.076905 -1.906746
-1.162987 -1.212857
-1.060967 -0.833455
-1.043268 -1.001305
-0.956135 -1.789722
-0.973322 -0.828961
-1.185743 -0.994963
-1.249240 -2.060729
-0.744091 -1.125003
-0.993268 -1.915649
-1.168861 -1.763058
-1.291057 -2.048951
-0.920214 -1.622977
-1.146169 -1.380657
-0.916582 -0.665448
-1.237925 -1.966678
-1.255328 -0.909853
-1.185557 -1.766682
-0.877438 -0.769711
-0.814946 -1.272460
-1.137260 -1.847462
-1.172341 -1.195929
-1.009720 -0.927676
-1.275243 -1.612330
-0.977186 -1.178446
-1.088248 -0.785049
-1.259138 -2.019393
-0.988065 -0.862780
-0.902960 -1.537985
-1.291827 -1.418208
-1.288589 -1.603972
-1.157621 -1.573853
-1.004476 -1.742209
-1.077086 -0.811533
-1.240065 -1.658955
-0.839796 -1.024318
-1.356955 -1.919317
-1.367787 -1.760423
-1.054056 -1.896940
-1.249753 -1.977197
-1.191096 -0.771285
-1.108734 -1.727942
-0.963468 -1.109134
-0.901571 -1.457838
-1.127098 -0.745965
-1.069083 -1.767264
-1.289858 -1.652815
-0.867570 -1.298258
-1.168945 -0.802997
-0.845518 -1.080010
-0.952261 -0.977896
-0.976467 -0.596192
-1.024870 -1.918895
-1.131699 -0.817127
-1.197347 -2.077278
-0.833857 -0.898930
-1.064924 -1.050400
-1.171991 -1.557496
-0.756018 -1.066591
-0.994887 -0.972405
-1.144853 -2.023648
-1.204238 -0.814924
-1.254452 -1.325044
-0.948273 -0.750386
-1.116987 -1.871555
-1.064849 -1.944323
-1.194856 -1.677026
-1.087830 -1.614545
-1.000674 -1.062247
-1.169213 -1.431047
-0.913479 -1.299531
-1.248974 -1.352152
-1.010288 -0.961232
-0.995731 -0.555999
-0.833506 -1.411691
-0.771131 -1.092313
-0.970133 -1.182488
-1.199040 -1.245120
-1.109260 -1.702618
-1.196208 -1.479874
-0.938010 -0.863337
-1.083515 -0.765861
-0.901385 -1.293248
-1.037728 -1.044777
-1.106706 -0.832018
-1.109971 -0.982938
-1.149098 -1.063358
-0.803961 -0.692023
-1.057019 -1.063659
-1.179044 -1.561785
-0.979888 -1.027851
-1.335825 -1.658333
-1.348031 -1.973879
-1.285280 -1.859323
-1.045007 -1.429040
-1.131841 -1.880620
-1.301355 -1.669283
-1.165271 -1.439099
-1.123295 -1.406726
-1.285095 -1.217365
-1.069638 -1.555603
-0.870594 -1.503190
-1.104574 -1.562231
-0.844251 -1.508493
-1.169631 -1.613476
-0.960274 -1.490087
-1.004173 -0.687016
-1.327081 -1.190566
-1.015447 -0.905710
-1.086538 -1.010221
-0.803688 -1.409066
-0.977366 -1.200859
-0.955968 -1.047511
-1.229726 -1.115288
-0.786717 -0.689999
-0.782830 -1.038549
-1.121108 -1.557952
-0.869734 -0.998488
-1.161272 -0.731242
-1.198454 -1.503300
-1.155889 -1.271451
-1.153992 -1.707386
-1.087945 -0.669965
-1.202225 -2.146398
-0.858902 -1.148723
-0.861530 -1.252863
-1.227782 -0.836825
-1.244460 -1.436907
-0.869971 -1.082030
-0.846687 -1.046527
-0.954404 -1.530086
-0.929700 -1.327649
-1.150610 -1.947537
-1.342161 -1.205167
-1.202306 -0.945173
-1.088404 -1.415890
-1.299029 -1.538437
-1.383752 -1.508484
-1.173471 -1.169773
-0.780290 -1.119885
-0.785930 -0.913051
-1.248546 -1.911127
-1.181243 -0.901999
-0.796724 -0.964326
-1.162885 -1.584908
-0.909567 -1.158791
-0.884452 -1.088552
-1.139692 -0.692711
-1.164287 -1.385416
-0.972845 -1.629188
-0.953004 -0.934020
-1.090169 -1.596173
-1.294564 -1.981832
-1.205790 -2.094967
-1.166315 -1.736836
-0.929382 -1.509354
-1.126539 -1.495928
-1.248783 -1.658293
-1.236917 -0.826929
-0.750552 -1.081638
-0.898666 -1.351832
-1.246243 -1.170480
-1.182906 -2.118158
-1.323615 -1.139689
-0.928608 -1.489256
-1.268331 -1.163575
-1.172102 -0.959869
-0.996833 -1.386405
-1.279923 -1.982758
-0.858155 -0.592673
-1.180489 -1.530841
-1.202476 -1.694907
-1.071824 -1.222778
-1.264247 -2.057166
-0.848274 -1.592364
-0.831457 -0.739004
-1.149702 -1.589559
-1.242231 -2.143833
-0.800142 -1.358686
-1.101876 -0.755645
-1.103599 -1.848449
-0.871153 -1.467368
-0.855249 -1.063981
-1.248787 -1.153113
-1.268251 -1.913651
-1.245914 -1.397913
-1.319117 -1.627438
-1.199121 -1.472395
-1.241471 -2.127874
-0.781141 -1.045669
-0.941066 -1.166984
-0.833295 -0.882754
-1.203613 -0.766258
-1.179649 -1.338022
-0.876158 -1.294217
-1.190206 -1.093517
-1.088929 -1.284331
-1.076471 -1.980627
-1.156484 -1.523714
-0.805985 -0.719072
-1.169495 -1.300846
-1.079889 -1.055125
-0.842543 -1.417977
-0.981442 -1.777586
-1.243243 -1.972647
-0.997868 -1.598576
-0.770486 -0.746157
-0.803274 -0.716932
-0.915296 -1.685733
-1.262559 -1.443293
-0.762940 -0.960459
-1.316540 -1.092575
-0.949551 -1.057453
-1.102088 -1.367117
-1.372900 -1.489526
-1.070767 -2.000935
-0.866137 -0.817769
-0.955184 -0.567732
-0.801252 -1.428151
-1.137454 -1.920745
-1.304189 -1.927999
-1.070183 -0.728375
-1.122545 -0.823624
-1.234912 -1.296729
-1.034195 -0.814706
-1.256375 -1.854872
-1.092687 -2.047558
-0.983889 -1.525883
-0.998105 -1.729151
-0.916740 -1.383428
-0.835069 -0.793258
-0.973125 -0.646434
-1.046607 -0.610298
-1.177034 -1.789974
-0.803907 -1.139833
-1.058696 -1.670280
-1.129927 -0.872445
-0.975179 -1.596760
-1.149167 -1.797873
-1.103484 -1.553114
-0.851817 -1.055574
-1.153347 -1.101545
-1.211907 -0.913868
-0.903628 -1.611022
-1.053767 -1.915289
-1.333381 -1.212650
-0.900281 -0.883718
-1.346980 -1.323214
-1.200773 -1.425992
-1.108634 -1.303557
-1.166394 -0.891102
-0.784594 -1.358577
-0.861961 -1.399085
-0.869622 -1.423888
-1.133699 -1.827938
-0.948457 -1.354123
-1.026931 -1.704178
-1.087259 -0.619621
-0.834052 -1.125200
-1.329365 -1.203418
-0.991658 -1.409280
-1.315628 -1.627166
-0.869459 -1.556713
-1.375206 -1.749544
-1.125880 -0.783597
-0.900525 -0.642585
-1.132149 -1.206390
-0.966674 -1.401109
-1.014899 -0.745998
-1.061524 -1.822985
-0.893983 -1.362018
-1.206191 -0.828854
-1.185892 -0.998355
-1.013900 -1.959876
-0.975394 -1.383569
-1.375348 -1.869113
-1.232131 -1.380366
-1.105496 -2.086125
-1.127625 -1.928873
-1.286191 -1.969258
-0.894595 -0.665081
-1.325309 -1.797183
-1.165076 -1.587794
-1.313416 -1.347982
-0.945876 -1.208117
-0.954605 -1.151832
-0.818178 -1.085249
-1.342831 -1.474456
-1.377220 -1.390839
-1.231120 -1.566566
-1.076877 -1.192721
-1.280854 -1.006000
-0.832128 -0.883967
-1.301070 -2.020011
-1.080398 -1.754641
-1.209463 -1.111395
-0.872148 -0.965945
-1.054326 -1.320264
-0.892074 -0.671445
-0.834007 -1.334354
-1.240287 -1.536468
-1.219241 -2.056018
-1.225587 -1.165750
-1.084207 -1.450126
-1.227224 -1.165122
-1.269251 -1.528180
-1.099992 -1.715544
-0.878232 -0.828018
-1.071179 -0.644845
-1.079243 -0.819162
-1.298182 -1.038152
-0.922929 -0.675442
-0.838140 -0.740100
-1.197487 -1.529184
-0.832219 -0.915319
-1.244864 -0.959640
-1.048318 -1.506162
-1.183290 -1.238199
-0.789833 -1.249551
-0.850199 -0.954658
-0.943443 -1.731213
-1.376177 -1.732289
-1.164810 -1.986929
-1.239941 -1.653544
-1.019761 -0.796260
-0.886806 -1.349345
-0.876355 -1.171003
-1.052933 -0.737998
-0.755337 -1.179559
-1.025057 -1.041261
-0.882463 -0.585938
-1.280176 -1.821457
-1.077473 -0.818960
-1.010247 -1.279502
-1.098224 -1.691168
-1.185179 -0.839000
-0.949742 -0.594212
-1.181080 -1.284730
-1.095294 -1.941303
-1.272333 -0.945945
-1.071573 -1.942178
-1.213153 -1.214808
-0.764237 -0.947294
-1.140081 -1.369448
-1.003386 -1.540591
-1.114574 -1.660094
-1.223875 -1.012429
-1.339868 -1.857993
-0.827395 -1.098616
-1.041968 -1.622111
-0.847897 -1.506148
-0.916355 -1.766785
-1.301738 -1.848732
-1.280771 -1.280696
-0.924566 -0.708525
-1.055418 -0.671757
-1.291447 -1.119577
-0.950906 -1.463631
-1.049924 -0.753324
-1.283456 -1.591279
-1.194789 -1.196323
-0.880329 -1.471177
-1.082731 -1.414843
-1.072647 -0.731145
-1.045578 -1.152336
-0.830446 -1.330623
-0.834568 -0.812961
-1.114594 -2.033207
-1.142128 -1.705323
-1.085983 -0.660793
-1.039346 -1.252232
-1.334040 -1.316135
-1.140277 -0.676498
-1.266713 -1.320078
-1.096584 -1.346975
-1.137369 -1.531256
-1.009062 -0.667322
-0.850188 -1.336588
-1.180893 -1.056562
-1.106767 -0.962452
-1.163780 -2.111766
-0.908453 -1.288038
-1.067031 -0.790555
-1.064111 -2.007244
-1.254891 -1.993988
-1.191548 -0.750823
-0.824700 -0.985834
-1.000344 -1.068946
-1.214653 -1.094283
-1.224245 -1.319016
-1.087188 -1.740346
-1.032070 -0.778364
-1.062867 -1.647866
-1.124356 -1.534100
-0.983616 -1.081586
-1.134589 -0.835328
-0.795686 -0.761964
-1.018901 -1.245269
-1.137304 -1.648413
-0.885856 -1.389629
-1.117886 -1.373263
-0.842830 -1.297984
-0.873840 -0.621978
-0.999501 -0.825945
-0.870056 -0.600728
-0.950931 -1.266015
-1.143843 -1.743591
-1.246525 -1.847415
-1.030553 -1.055933
-0.931421 -1.450729
-1.088759 -0.901170
-1.135549 -1.903428
-1.044362 -1.805518
-0.770903 -1.313492
-1.243165 -1.109851
-1.285291 -1.066526
-1.211680 -1.487607
-1.060201 -0.698290
-0.794808 -0.745517
-1.159818 -1.683290
-1.217286 -1.171855
-1.267957 -1.456677
-1.020440 -1.248050
-0.785086 -0.954825
-1.102805 -1.706207
-1.203270 -1.594972
-1.057349 -1.068607
-1.081541 -0.777869
-1.308890 -1.721585
-0.750456 -1.111248
-1.078148 -1.487315
-1.184463 -1.380629
-0.958460 -1.826651
-0.996794 -0.624687
-1.256724 -1.106820
-1.318805 -1.353091
-1.148798 -0.678969
-0.892851 -1.489149
-1.208544 -1.616085
-1.298078 -1.640478
-0.920100 -1.437863
-1.233351 -1.978565
-1.154724 -1.847126
-1.140409 -1.414433
-1.107293 -1.731174
-0.917676 -1.699390
-0.829044 -0.641360
-1.252128 -1.562484
-1.274459 -1.820140
-1.257214 -1.583684
-0.940695 -1.058569
-1.095029 -1.501767
-0.998221 -0.951855
-0.791893 -1.297235
-1.235392 -1.158832
-1.267354 -1.044819
-1.281702 -1.236531
-1.000267 -0.622398
-0.827007 -1.329194
-0.968050 -1.263291
-1.155695 -1.527709
-0.940908 -1.613309
-0.827389 -1.468626
-1.139864 -1.225937
-1.060484 -1.708117
-0.967072 -1.873316
-1.276552 -1.010673
-1.035228 -0.766114
-1.100518 -1.022915
-1.125176 -1.322287
-0.853794 -1.008587
-1.109372 -1.982366
-0.998205 -1.799384
-0.938573 -0.804220
-1.013491 -0.721207
-0.930480 -1.066935
-1.175493 -1.408084
-1.071270 -1.685628
-0.876669 -1.240790
-1.154900 -0.744234
-0.812570 -0.920859
-0.980970 -0.596435
-0.821924 -0.931495
-1.202381 -2.012269
-0.878023 -1.015129
-1.229351 -1.590398
-0.876995 -0.642244
-1.078764 -0.711207
-0.836370 -1.044333
-1.113388 -0.949441
-1.202483 -1.503480
-1.322552 -1.987437
-0.901162 -0.748192
-1.123590 -1.486217
-1.347244 -1.522095
-1.151112 -1.139789
-1.300639 -1.018455
-1.140342 -0.966534
-0.884875 -0.798672
-1.134334 -0.851172
-0.930443 -0.908836
-0.967690 -1.853942
-0.794375 -1.322999
-1.316526 -1.413659
-1.098649 -1.231877
-0.947698 -1.151165
-1.233014 -1.815233
-0.952965 -1.194021
-1.316764 -1.325833
-1.083171 -1.744712
-1.187253 -1.896103
-0.846136 -0.915212
-1.160586 -1.207810
-1.186716 -1.264110
-1.252977 -0.887053
-1.100430 -0.691499
-1.155737 -1.072429
-0.971098 -0.556307
-0.980243 -0.856072
-0.885581 -0.604096
-1.103134 -0.624440
-1.025475 -0.670461
-0.875623 -1.195956
-1.054055 -1.611308
-1.203047 -1.079702
-0.891862 -1.693942
-1.079401 -1.441551
-1.137512 -1.544767
-1.178022 -1.342771
-1.145259 -0.717866
-0.965525 -0.608821
-1.160899 -1.582112
-0.914867 -1.748257
-0.924462 -1.124340
-1.128352 -2.060692
-0.928294 -1.011999
-0.813766 -0.792874
-1.019412 -1.466147
-0.974706 -1.805284
-1.250929 -1.286177
-1.197126 -1.086846
-1.150330 -1.726774
-1.159630 -2.036229
-0.965804 -1.062211
-1.094469 -0.858112
-1.309142 -1.253804
-1.000597 -1.930513
-1.125507 -0.893219
-1.007612 -1.318613
-1.085753 -1.072858
-1.151768 -1.870448
-1.226630 -1.040915
-1.095036 -1.412446
-1.053834 -0.730577
-1.319043 -2.024127
-1.085853 -1.028240
-0.942840 -1.810377
-0.894472 -1.454457
-1.296955 -1.078253
-1.126557 -1.747317
-0.992205 -1.084085
-1.270014 -2.088658
-0.783854 -1.335655
-0.803861 -0.951258
-1.088750 -0.970984
-1.174196 -2.062265
-0.950870 -0.683740
-1.098977 -0.945240
-1.222555 -1.369126
-0.871565 -0.645425
-1.052917 -1.970734
-1.064123 -0.699241
-0.843765 -1.531648
-1.379161 -1.433904
-1.299397 -1.427225
-1.138307 -2.074733
-1.058978 -1.690601
-1.292643 -2.030462
-1.165869 -1.781206
-1.150317 -0.980990
-0.962173 -1.750087
-1.049407 -1.041836
-1.028206 -1.577706
-1.101441 -1.262034
-0.809545 -1.299441
-0.986097 -0.719772
-0.956747 -1.134758
-0.820251 -1.229721
-1.332767 -1.513828
-1.266883 -0.937485
-1.041893 -1.487653
-0.779316 -1.289181
-1.028721 -1.157494
-0.926238 -0.886871
-0.852912 -0.770412
-0.918136 -1.392170
-1.315777 -1.271765
-1.071890 -1.752521
-0.949981 -1.272355
-0.854365 -0.943383
-0.763071 -0.968026
-1.303121 -1.807857
-0.888365 -1.564617
-1.185906 -1.182639
-1.121382 -1.385046
-1.046496 -1.673710
-1.318614 -2.028259
-1.178381 -0.902569
-1.201542 -1.058603
-1.187414 -1.889624
-1.060249 -0.740967
-1.264426 -1.370497
-0.915198 -1.661460
-0.876963 -1.267008
-1.136672 -1.181768
-0.747847 -0.824369
-1.087039 -1.652466
-1.060206 -0.720421
-1.170238 -1.289825
-1.103663 -1.730385
-1.232870 -1.730530
-0.828482 -0.641625
-1.301149 -1.137114
-1.324686 -1.933594
-1.168920 -1.466103
-0.932366 -1.074867
-0.775151 -1.245584
-1.280976 -1.138982
-1.129979 -0.818351
-1.128518 -1.912702
-1.340567 -1.318343
-1.002599 -1.399135
-1.069468 -1.189677
-0.739511 -1.074078
-1.062174 -1.481154
-0.989741 -1.334870
-0.829105 -1.234079
-1.125187 -1.863071
-0.923041 -0.674963
-1.024246 -1.963775
-1.115443 -1.695261
-0.939910 -1.411533
-1.256115 -1.556375
-0.922118 -1.656214
-1.244029 -1.830121
-1.235808 -1.790805
-1.296165 -1.085242
-0.753541 -0.836021
-1.326226 -1.565475
-1.161340 -1.285851
-0.896146 -1.585302
-1.028038 -1.544995
-1.211957 -2.005735
-1.214995 -1.005804
-1.057841 -2.027236
-1.341402 -1.617462
-1.247072 -1.976402
-0.819192 -0.656749
-1.087392 -1.005591
-0.981210 -1.033485
-1.056016 -1.933517
-1.070825 -1.547453
-1.266853 -1.823722
-1.040714 -1.242774
-0.854975 -0.650031
-0.833362 -0.687068
-1.276774 -1.596553
-0.933580 -1.218425
-1.260981 -1.036531
-0.978587 -1.385711
-1.071831 -0.781385
-0.877175 -1.475715
-0.913788 -0.580898
-1.285491 -2.101683
-1.111239 -0.737630
-1.259790 -1.737200
-0.929829 -0.940594
-0.784816 -1.180789
-1.311398 -1.161555
-0.995982 -0.643383
-1.059187 -1.020772
-0.932357 -1.743283
-1.113320 -1.366728
-0.938067 -0.975385
-1.279559 -1.870534
-1.023806 -0.662233
-1.269233 -1.331866
-1.369285 -1.817279
-0.880307 -1.489663
-0.802738 -1.268603
-1.083953 -0.732727
-1.201126 -1.445209
-1.328471 -2.050563
-1.004032 -0.687997
-1.255920 -1.483449
-1.197920 -0.897270
-1.030537 -0.782374
-1.097484 -2.026166
-0.908302 -1.338294
-1.151794 -1.562035
-1.319752 -2.046113
-1.359686 -1.872901
-1.061459 -1.274573
-1.255692 -1.440189
-1.218953 -1.581275
-0.973360 -1.537067
-1.177097 -1.620725
-0.886772 -0.640056
-1.293451 -2.034959
-1.186008 -1.718994
-0.874834 -0.642475
-0.908263 -1.586559
-0.985759 -1.760576
-0.889451 -0.604887
-0.838260 -1.406308
-0.886410 -1.603714
-1.128353 -0.987685
-1.359819 -1.463674
-1.148488 -1.570185
-1.323959 -1.238398
-1.108074 -1.000382
-1.174820 -1.943203
-1.094359 -0.782260
-1.262522 -1.626875
-0.816419 -1.301644
-0.864129 -1.603202
-1.223699 -1.763174
-1.314721 -1.956022
-1.096712 -1.015621
-1.012459 -0.840000
-0.850411 -0.822020
-0.995292 -1.370334
-1.002555 -1.388614
-1.092479 -1.916832
-0.885368 -0.705572
-0.909630 -0.980198
-0.858755 -1.392453
-0.833687 -0.769766
-1.183608 -1.371043
-0.877819 -0.882203
-1.062080 -0.631571
-1.206611 -1.616987
-0.996269 -0.669662
-0.963387 -1.697208
-1.086425 -0.973124
-1.296318 -1.153980
-1.271681 -1.287357
-1.213032 -1.283732
-0.936976 -1.005525
-1.011292 -0.794050
-1.022162 -1.705501
-1.176069 -2.139110
-1.198279 -1.731980
-1.080611 -1.883456
-0.896394 -1.391137
-1.348664 -1.475492
-0.938858 -1.626110
-1.248287 -1.943640
-1.153222 -0.909428
-1.036127 -1.154104
-0.756473 -1.223958
-0.774161 -0.905542
-0.779894 -1.184205
-1.131320 -2.034473
-1.163679 -1.532365
-1.176665 -0.733256
-1.192734 -1.407525
-1.084000 -1.217213
-1.006713 -1.385350
-0.952066 -1.720275
-0.915786 -1.727638
-1.352087 -1.516922
-1.035520 -1.264850
-1.284209 -1.293642
-0.862624 -1.476051
-0.845423 -1.003748
-0.981453 -1.333637
-0.945274 -1.706760
-1.097530 -0.936674
-0.762473 -1.011634
-1.150895 -1.500835
-0.984338 -1.349003
-0.785951 -1.089362
-0.882019 -1.379801
-1.160314 -1.751369
-1.188146 -1.779576
-1.072731 -1.133638
-1.106164 -1.762748
-1.116067 -0.717457
-1.220401 -1.434540
-0.948493 -1.123600
-1.191186 -0.836365
-1.299786 -1.021303
-1.014147 -1.590824
-1.367919 -1.458319
-0.944447 -0.851727
-0.848646 -1.540535
-1.272577 -1.116807
-1.226117 -1.248366
-1.080890 -0.830493
-0.825945 -1.205192
-1.211143 -1.284462
-1.114359 -0.913491
-1.306976 -1.210572
-1.274869 -1.315302
-1.210531 -1.460772
-1.029353 -1.508727
-0.843424 -0.818969
-0.947899 -1.487648
-0.943121 -1.463310
-1.287990 -2.067547
-0.888514 -0.906192
-0.847967 -0.901038
-0.808125 -1.466027
-1.098047 -0.999337
-1.021113 -1.948638
-1.246730 -1.816285
-0.963932 -1.274850
-1.314293 -1.483189
-0.796160 -0.744276
-1.296955 -2.021938
-1.170633 -1.624863
-0.906502 -0.982057
-1.075696 -0.756814
-1.043263 -1.636101
-1.262455 -1.445769
-1.046609 -1.294169
-1.045760 -1.270213
-1.195983 -0.796052
-0.967530 -1.507199
-0.831531 -1.497116
-0.910389 -1.011348
-1.235856 -1.237221
-0.821745 -1.111341
-0.970172 -1.718318
-0.967870 -1.797751
-1.243808 -2.011489
-1.005521 -1.626724
-0.765057 -1.282331
-0.863052 -0.920789
-1.235749 -2.105855
-1.292740 -1.911174
-1.270404 -1.464804
-0.966985 -0.713759
-1.045433 -1.954230
-1.147485 -0.902218
-1.106367 -1.341604
-1.338031 -1.561970
-1.064561 -1.741594
-1.178872 -0.875377
-0.996044 -1.071749
-1.301135 -1.177213
-0.874148 -1.218160
-1.097439 -0.697508
-0.990334 -1.101666
-1.170630 -1.022920
-1.143026 -1.737998
-1.178433 -1.503399
-1.163509 -1.837243
-1.231631 -1.019418
-1.186817 -1.353024
-1.025861 -0.937547
-1.088923 -0.786106
-1.208292 -1.090304
-1.269057 -1.934325
-0.986174 -1.313646
-1.249031 -1.587330
-1.284578 -1.742407
-1.031464 -0.689309
-1.373584 -1.645349
-1.075451 -1.685173
-0.971098 -1.064639
-1.161034 -1.146712
-1.196058 -1.960753
-1.033433 -1.008991
-0.999618 -1.421071
-0.798513 -0.698601
-1.181234 -0.809185
-1.010518 -1.143881
-1.177488 -0.909727
-1.230288 -1.510397
-1.069020 -2.018156
-1.232063 -1.110686
-0.919028 -1.393236
-1.217888 -1.046325
-1.159977 -1.875642
-1.107214 -1.669325
-1.083926 -0.616351
-1.367926 -1.459278
-1.151975 -1.826787
-1.029118 -0.837209
-0.824846 -0.808392
-1.190959 -2.135722
-1.277153 -1.198863
-0.879873 -1.666758
-1.040691 -0.824777
-1.347635 -1.964274
-1.252868 -1.672391
-1.201911 -1.376412
-0.737818 -0.913087
-1.336544 -1.322802
-0.939905 -1.261608
-1.243785 -1.410735
-1.147141 -1.636007
-1.263564 -1.328672
-0.999403 -0.564897
-1.161787 -0.932927
-1.140119 -1.060045
-1.133048 -1.513683
-1.198460 -1.012345
-1.162922 -1.160860
-1.121126 -0.957892
-1.030120 -1.960201
-0.815632 -0.929340
-1.213918 -2.073918
-1.246461 -1.944410
-0.843434 -1.105315
-1.198035 -1.192615
-0.951240 -1.843914
-0.891986 -1.166934
-0.747320 -1.168994
-1.254599 -2.005528
-0.981678 -0.829671
-1.329120 -1.607158
-1.123567 -1.819352
-0.819498 -0.833004
-1.175642 -1.194618
-1.204631 -2.033490
-1.365209 -1.682675
-1.160019 -1.381645
-0.804488 -1.135130
-1.048671 -0.971458
-0.845207 -1.203798
-0.836554 -0.687523
-0.756520 -1.045336
-1.048608 -0.711854
-1.207257 -2.051145
-1.116219 -1.290147
-1.139875 -1.274419
-1.069405 -0.705362
-0.936260 -1.156252
-1.343069 -1.869680
-0.981825 -1.136806
-1.136028 -1.386162
-0.800248 -0.665345
-1.264485 -1.625591
-1.168579 -1.082275
-0.973346 -1.715725
-1.278893 -1.537538
-1.144049 -1.560533
-1.210647 -2.095622
-1.078914 -1.115554
-0.909617 -0.706812
-0.934247 -0.834178
-1.332779 -1.205635
-1.246792 -1.751564
-1.012119 -1.420476
-0.969285 -1.350043
-0.859017 -1.514864
-1.362492 -1.905679
-0.967628 -0.955835
-0.801823 -1.354441
-1.064101 -1.523363
-1.037472 -1.306638
-0.978967 -1.224105
-0.987577 -0.962810
-1.304721 -1.477070
-0.845163 -1.575327
-1.182493 -1.343563
-0.977097 -0.612366
-0.786495 -0.740759
-1.015891 -1.396668
-1.296742 -1.465874
-1.182962 -0.972325
-1.296197 -1.710165
-1.206095 -1.889867
-0.982164 -1.212548
-1.143373 -1.884414
-1.155499 -1.417216
-0.813236 -0.745121
-1.339271 -1.538961
-1.062323 -0.957256
-1.149634 -0.868483
-0.931707 -1.552923
-1.130184 -0.807712
-1.339867 -1.203849
-0.977029 -0.766679
-1.017064 -0.692529
-1.064851 -1.971314
-1.290957 -1.308358
-1.218779 -1.709651
-1.051609 -0.589944
-1.281472 -1.732149
-0.965190 -1.868376
-0.780966 -0.854137
-1.256929 -1.775319
-1.065540 -1.119556
-1.126644 -1.340189
-0.993474 -1.190964
-0.921924 -0.576550
-1.033485 -0.838076
-1.003291 -1.742644
-1.234786 -1.880731
-1.269220 -1.834106
-1.071085 -1.515144
-0.901834 -1.259037
-0.987016 -1.674255
-1.260477 -2.046440
-1.017431 -1.874247
-0.998576 -0.719914
-0.841584 -1.229450
-1.251815 -1.347220
-0.827813 -1.349909
-1.075372 -1.894172
-1.116530 -0.862743
-0.830200 -1.054255
-1.265305 -1.528262
-0.937202 -1.736638
-1.033742 -1.980176
-0.962582 -0.911314
-1.156602 -1.951213
-1.026497 -1.006191
-1.318160 -1.279300
-0.802212 -0.799257
-1.047267 -1.172696
-0.985074 -1.909703
-1.181619 -1.061589
-1.069957 -1.985255
-1.271480 -1.879851
-1.200861 -1.061043
-0.886345 -1.391926
-1.003233 -1.355492
-0.828969 -0.652796
-1.265382 -2.073657
-1.077534 -0.715627
-1.033690 -0.599309
-1.040939 -1.073483
-0.777850 -0.847060
-1.000463 -1.092296
-1.180115 -2.114441
-1.217519 -1.979635
-1.146676 -1.186926
-1.188639 -0.925071
-1.373554 -1.476710
-1.220766 -1.601692
-1.231430 -0.953817
-1.137689 -1.682408
-0.927769 -0.953353
-1.072673 -1.116225
-1.331164 -1.353400
-1.030723 -1.142970
-0.816542 -0.742620
-1.085451 -1.871932
-0.963012 -1.453664
-1.321842 -1.902226
-0.842719 -1.083444
-0.887195 -0.582379
-1.268409 -1.436397
-1.223659 -1.177267
-0.739129 -1.050130
-1.336239 -1.991623
-1.106763 -1.186197
-0.876233 -1.383248
-0.797731 -0.873838
-1.018014 -1.201498
-1.279370 -1.388223
-0.999205 -0.670923
-1.123079 -0.658048
-1.093370 -1.845953
-0.793072 -1.303093
-1.360096 -1.382374
-1.289603 -1.863719
-1.146591 -1.507598
-0.990624 -1.243703
-0.767063 -0.915174
-1.369797 -1.528682
-1.375155 -1.744194
-0.912342 -0.596527
-1.213693 -1.103770
-0.882987 -1.184893
-1.306388 -2.018649
-0.790877 -0.882680
-1.271654 -1.117933
-1.024295 -1.585128
-1.186408 -1.387062
-0.991918 -0.556414
-1.239110 -1.739385
-1.208841 -0.964970
-1.141704 -0.999549
-0.765199 -0.841135
-0.787696 -1.154630
-1.127514 -0.951904
-1.094303 -1.858548
-1.064311 -1.379292
-0.902421 -1.495145
-1.021575 -0.597594
-1.259337 -1.523363
-0.993752 -1.819781
-0.798768 -0.726828
-1.075418 -1.601676
-1.162608 -1.871718
-1.147522 -1.917806
-1.141600 -1.496343
-0.843914 -1.019598
-1.056360 -0.594280
-1.368835 -1.715929
-0.934286 -0.555339
-0.932487 -1.299033
-1.216495 -1.393841
-1.048166 -1.027259
-1.012453 -1.468297
-1.292435 -1.150680
-1.015388 -1.540324
-1.149900 -1.370195
-1.331602 -2.034545
-0.853513 -0.907823
-0.982990 -0.989957
-1.226167 -1.103639
-0.933933 -1.190524
-1.190144 -1.277937
-1.132514 -1.675455
-1.148623 -0.902097
-1.013704 -1.415637
-0.761351 -1.005920
-1.183538 -0.757249
-1.312421 -1.514410
-1.318900 -1.635268
-1.269388 -0.959306
-0.894888 -1.106465
-0.979819 -1.107214
-0.988596 -1.036943
-1.111718 -1.557302
-0.789422 -0.914368
-1.097062 -2.048483
-1.326948 -1.696123
-1.204827 -1.633625
-1.321489 -1.692656
-1.295163 -1.602497
-0.989834 -0.742464
-0.834726 -0.756848
-1.268080 -1.339826
-1.206324 -2.045248
-1.263829 -1.425165
-0.921815 -0.639847
-0.937308 -1.244432
-1.183816 -0.903915
-0.890384 -1.690582
-0.941144 -1.755487
-1.207845 -1.083054
-1.053400 -1.532334
-0.861943 -1.023544
-0.905529 -1.373596
-1.024832 -0.764634
-1.124659 -1.112635
-1.317905 -1.897102
-1.310803 -1.651607
-1.342309 -1.754956
-0.849248 -1.174227
-0.871225 -0.979246
-1.298079 -1.472180
-1.028119 -1.988346
-0.868964 -0.966290
-1.040147 -0.590079
-1.213175 -1.383569
-0.989423 -0.708936
-1.130384 -1.091427
-1.286367 -1.495509
-0.898034 -1.009721
-0.952078 -0.791554
-1.204902 -0.978638
-1.319571 -1.302698
-1.055519 -1.201060
-0.969691 -1.179962
-1.364822 -1.622606
-0.969822 -0.967239
-0.986294 -1.240129
-1.196663 -1.986888
-1.063950 -1.891871
-1.140261 -0.724105
-1.179139 -1.761259
-0.785975 -1.207858
-1.327357 -1.793600
-1.172561 -1.969586
-1.201102 -0.924964
-1.077317 -1.773948
-0.856598 -1.540963
-1.287477 -1.996214
-1.049295 -0.952619
-0.915483 -1.398126
-0.985512 -0.713769
-1.241678 -1.457746
-0.881360 -0.985703
-1.101851 -1.636186
-1.098777 -1.715961
-0.750879 -1.025208
-1.009361 -0.576964
-1.087533 -1.298397
-1.253346 -0.978839
-1.284889 -2.092768
-1.062789 -1.832535
-1.057999 -0.959082
-0.910944 -1.624034
-1.151074 -1.283479
-0.965906 -1.190023
-0.954168 -1.447299
-1.242551 -1.900483
-0.903555 -1.524792
-1.302117 -1.167982
-0.985234 -1.694974
-1.088686 -0.961052
-1.303529 -2.029957
-1.348563 -1.350858
-1.125379 -2.034466
-1.047407 -1.107066
-1.207638 -0.835425
-1.333940 -1.672958
-0.877286 -0.604173
-0.884300 -1.347256
-1.177833 -0.937892
-0.997436 -0.607292
-0.770112 -0.794735
-1.029114 -1.827083
-0.807981 -0.706326
-1.068634 -1.284598
-1.203786 -1.191049
-1.116590 -0.822986
-0.876786 -1.033503
-1.090493 -0.843457
-1.003421 -0.704000
-0.904172 -1.164123
-0.858253 -0.622838
-0.904871 -0.782290
-0.855160 -0.813215
-1.217240 -1.279373
-1.306016 -1.661067
-1.055567 -1.811476
-1.248981 -1.475351
-1.036934 -1.999779
-1.135286 -0.982797
-1.002316 -1.711672
-0.882971 -0.891132
-0.964160 -1.142300
-1.051894 -1.288396
-1.215981 -1.277031
-1.182959 -1.949140
-1.037530 -1.146463
-1.029214 -0.843956
-1.007485 -1.947510
-0.941384 -0.966578
-1.198347 -1.419858
-0.909789 -0.792151
-1.238326 -1.496367
-1.151404 -1.898075
-1.278316 -1.573801
-1.005728 -1.769648
-1.032776 -0.918819
-1.128562 -2.057732
-1.167932 -2.014997
-1.101345 -0.634071
-1.111302 -1.906470
-1.136736 -2.001978
-0.976795 -1.396624
-1.276910 -1.640924
-1.349925 -1.490152
-0.951645 -1.407823
-0.977260 -0.772821
-0.976497 -0.759617
-1.188541 -1.195228
-1.187669 -0.869409
-1.011338 -1.678282
-0.744529 -0.847693
-1.077490 -1.197013
-1.026897 -1.432502
-1.071004 -1.609918
-0.936358 -0.846723
-1.137045 -0.769677
-1.082395 -0.638151
-0.913401 -1.302464
-1.136670 -0.763608
-1.349593 -1.491930
-1.162493 -1.493166
-1.373251 -1.759197
-1.301509 -1.984210
-1.133623 -1.378481
-1.159146 -0.919584
-1.164161 -1.272014
-1.122698 -1.808607
-0.838689 -0.862048
-0.796423 -0.834637
-1.260102 -1.736600
-1.038079 -1.257866
-1.252391 -2.045142
-0.822448 -1.307435
-1.328915 -1.908825
-1.167540 -1.387210
-0.904602 -1.508016
-0.849098 -1.070241
-1.303225 -1.195784
-1.226002 -0.807262
-1.346974 -1.220222
-1.136431 -1.432162
-1.249711 -1.406268
-1.203267 -1.182828
-1.251601 -1.534016
-1.297816 -1.107753
-1.229890 -1.652945
-1.181072 -1.096893
-0.892546 -1.557370
-1.251037 -1.033084
-1.043275 -1.823544
-0.988772 -1.079598
-1.047223 -1.520512
-0.993950 -1.750134
-1.297639 -1.918561
-0.795639 -1.096078
-0.941096 -1.119670
-1.019533 -1.766350
-1.253506 -1.876444
-1.178912 -1.821816
-1.272294 -1.389279
-0.849446 -1.278831
-1.368179 -1.827004
-1.216699 -1.235065
-1.377167 -1.390963
-1.126080 -1.558301
-1.229476 -1.340235
-1.219758 -1.055544
-0.959157 -0.850647
-1.075706 -1.970780
-0.789245 -0.958976
-1.133348 -0.847371
-1.109334 -1.840297
-0.780525 -0.812831
-0.756619 -1.020135
-1.365093 -1.396503
-1.133017 -1.191918
-0.855276 -1.574638
-0.874011 -0.593601
-1.160768 -0.893985
-1.177519 -1.098782
-1.028938 -1.379462
-1.164151 -0.869700
-0.999271 -1.842817
-0.956787 -1.192580
-0.969897 -1.326881
-1.329949 -1.237416
-0.901430 -1.003307
-1.048708 -1.726503
-1.100093 -0.670870
-1.232229 -1.273505
-0.884751 -1.216999
-0.911382 -1.589580
-0.905657 -0.954357
-1.324685 -1.394113
-1.065483 -0.954366
-1.248664 -1.522899
-1.321812 -1.354306
-0.906609 -1.147299
-1.338590 -1.925795
-1.136148 -1.335538
-1.212325 -2.140560
-0.969986 -1.393584
-1.164036 -1.042436
-1.179748 -0.982477
-1.349041 -1.911976
-1.259329 -1.914477
-0.954214 -1.760721
-1.158770 -1.536575
-1.288589 -1.697280
-0.764821 -1.087715
-1.131657 -1.992318
-1.295907 -1.905335
-0.800141 -0.803765
-0.934433 -0.629658
-0.959273 -0.806585
-1.165765 -1.710501
-1.060086 -0.626781
-1.195162 -2.109984
-1.173183 -0.803744
-0.809144 -1.164258
-1.248658 -1.605952
-1.007072 -1.905437
-1.268360 -0.909703
-1.043266 -1.466094
-0.876567 -0.731108
-1.306225 -1.589324
-1.078938 -1.546345
-0.994918 -1.221133
-1.347772 -1.751702
-0.887567 -1.156812
-1.128029 -0.710005
-1.331624 -1.287490
-1.038442 -1.875666
-1.112362 -1.611021
-1.252065 -2.094764
-0.973330 -1.025216
-0.993858 -0.919584
-1.099920 -1.238996
-0.979080 -0.574543
-0.902406 -0.986540
-0.899805 -0.641607
-1.330747 -1.192844
-0.903452 -0.569621
-1.190024 -1.818663
-1.195429 -1.269152
-1.068688 -1.617615
-1.197293 -1.383059
-1.326910 -1.952718
-1.132609 -1.486393
-1.300868 -1.290826
-1.314415 -1.613622
-0.903154 -1.453361
-1.061957 -1.790847
-0.768316 -1.270427
-1.059072 -1.007450
-1.349312 -1.514897
-0.909314 -1.741330
-1.060563 -1.068920
-1.208353 -1.870613
-1.094859 -1.573004
-1.325740 -1.324475
-1.182490 -1.158082
-0.940605 -1.549604
-0.993626 -1.884745
-1.249213 -1.978439
-1.085744 -1.675559
-1.215088 -1.205592
-1.265551 -1.998387
-0.893827 -1.468625
-1.278138 -1.494446
-1.304664 -1.968408
-1.014348 -1.736991
-1.052317 -0.624776
-1.016748 -1.755605
-1.085128 -1.443825
-1.157159 -0.959920
-0.925802 -1.666376
-1.178807 -1.294324
-1.264425 -1.786858
-0.764855 -1.243056
-1.095678 -1.182977
-1.118426 -1.885674
-0.821751 -1.067157
-0.886655 -1.154196
-0.933647 -1.752807
-0.889182 -1.553716
-1.363095 -1.827378
-1.259681 -1.799584
-0.828024 -0.965496
-0.921000 -1.685183
-0.945446 -0.939577
-1.246591 -1.285122
-1.194241 -0.845352
-1.215936 -1.641629
-1.112516 -1.524737
-1.081337 -1.801726
-0.811512 -0.868722
-1.105029 -1.637201
-0.935727 -1.553458
-0.851216 -1.266039
-1.295909 -0.986006
-1.304788 -1.194589
-1.126785 -0.652876
-1.265309 -1.620558
-0.908026 -1.545624
-0.932000 -1.300048
-1.266651 -1.308608
-1.145468 -0.911902
-0.853232 -0.853999
-1.052190 -0.899437
-1.146255 -1.793230
-1.063610 -0.805657
-1.036007 -1.858092
-0.937833 -0.579237
-1.369306 -1.743987
-1.194125 -0.928654
-1.174390 -0.734206
-0.906092 -1.542761
-1.326588 -2.013470
-0.975887 -0.589503
-1.090896 -2.021406
-1.160906 -1.488014
-1.216702 -1.968244
-1.339126 -1.347666
-1.002830 -1.191361
-1.317083 -1.382714
-1.117038 -1.714240
-1.209188 -1.724974
-1.116334 -1.892027
-1.088517 -0.794264
-0.834697 -1.312476
-1.162748 -0.835050
-0.950202 -0.969885
-1.277944 -1.606128
-1.055475 -1.466613
-1.187370 -0.748296
-1.134927 -1.269649
-0.744330 -0.995156
-0.873898 -0.685306
-1.362688 -1.858148
-0.839455 -0.799645
-0.997439 -1.383265
-0.989515 -0.701598
-0.760047 -1.111071
-1.034586 -0.588480
-1.133613 -1.490465
-1.300218 -1.943860
-1.020379 -1.071464
-1.173821 -1.120482
-1.081947 -1.664838
-1.129801 -0.898152
-1.060570 -1.198921
-1.334973 -1.567259
-0.905987 -1.638892
-1.362296 -1.439688
-1.357481 -1.840841
-1.130790 -0.986427
-1.004350 -1.103087
-1.199266 -1.921924
-0.843469 -0.818907
-1.024929 -1.073174
-1.037671 -0.633426
-1.033551 -1.873232
-0.838800 -1.356089
-1.289518 -1.602261
-1.220726 -1.179108
-1.215765 -0.954744
-1.261503 -1.242225
-1.334722 -1.513528
-1.020680 -0.987532
-0.786883 -1.122401
-1.338205 -1.503719
-1.334439 -1.243898
-1.364112 -1.888167
-0.956384 -0.589678
-0.907933 -0.988990
-0.846150 -0.927030
-1.312794 -1.176784
-0.830378 -1.392599
-1.159544 -0.802113
-1.287358 -1.721390
-0.922975 -0.977372
-0.946169 -0.806815
-0.946513 -1.641890
-1.114360 -1.882728
-1.287133 -1.111187
-1.015386 -0.865445
-1.295322 -1.182465
-1.091193 -2.027637
-1.271816 -1.337965
-1.257529 -1.954088
-1.054323 -1.740677
-1.323634 -1.373113
-1.092797 -1.076652
-1.096289 -1.878029
-1.142043 -2.070473
-0.735000 -0.991211
-1.215247 -1.896038
-1.102172 -1.013395
-1.158951 -1.429587
-1.071139 -1.033369
-0.981415 -0.693847
-0.798898 -1.116583
-0.929758 -1.170531
-1.292632 -1.374721
-1.150725 -1.215088
-1.338585 -1.468676
-1.359743 -1.955796
-1.102801 -2.054958
-1.103738 -1.941975
-0.897651 -1.584431
-1.255689 -1.819599
-0.855517 -1.394453
-0.980260 -0.569102
-1.230690 -0.827089
-0.839945 -0.718194
-1.352952 -1.771162
-1.136874 -0.970375
-0.932274 -0.914178
-1.249550 -1.301750
-1.156851 -1.737334
-1.197304 -1.493502
-1.252166 -0.863798
-1.269950 -1.765506
-1.143764 -1.940546
-0.988025 -0.954418
-0.834363 -1.267030
-1.139589 -1.955627
-1.085694 -0.867387
-1.136111 -1.379284
-1.067895 -1.983824
-0.833124 -1.348723
-1.089651 -1.488756
-1.292775 -2.069727
-1.124417 -1.733031
-1.129714 -0.829556
-1.281127 -1.115918
-0.830483 -1.150710
-1.144629 -0.897095
-1.260902 -0.981721
-0.990502 -1.359729
-1.306903 -1.438568
-0.927204 -0.930814
-1.259642 -1.146709
-1.212484 -2.075013
-0.783989 -1.238934
-1.318793 -1.104147
-1.147015 -0.774234
-0.929826 -1.293046
-0.769023 -1.100607
-1.330804 -1.531168
-0.890391 -1.493353
-1.243526 -1.932408
-1.255240 -1.101022
-0.995410 -1.143212
-0.992564 -1.538516
-1.143666 -0.800749
-0.998582 -0.765515
-1.306335 -1.443913
-1.115445 -1.934334
-0.975710 -1.421004
-0.930150 -0.760198
-1.109221 -0.646949
-1.251580 -1.944792
-1.199188 -0.834612
-1.104622 -0.909570
-1.269492 -1.079405
-0.895977 -0.639991
-0.998459 -1.065477
-0.834697 -0.846444
-1.002208 -1.539244
-0.814513 -1.395901
-0.932937 -0.668603
-1.293632 -1.405211
-1.255536 -1.726220
-0.919098 -1.693018
-1.127046 -1.415653
-1.230259 -1.384530
-1.156087 -1.536769
-1.140704 -1.238193
-1.045160 -1.638949
-0.861944 -1.501508
-0.894578 -1.015268
-1.194525 -1.202219
-1.053791 -1.693048
-1.279431 -2.022003
-1.284944 -1.620607
-1.139985 -1.624682
-1.362450 -1.581874
-1.066960 -1.690301
-1.109375 -1.527397
-1.070405 -1.497527
-0.848146 -1.413921
-0.905523 -0.680079
-1.338800 -1.875203
-1.263650 -0.950470
-1.068450 -1.754744
-1.365928 -1.404475
-1.016527 -1.249624
-1.369673 -1.372200
-0.822314 -1.321793
-0.833050 -0.751827
-1.303184 -1.246366
-1.178517 -1.088281
-0.751323 -0.880112
-0.775733 -0.727325
-1.230079 -1.419626
-0.907564 -0.959257
-1.210129 -1.807609
-1.059562 -0.822644
-1.315748 -1.787553
-1.353872 -1.410312
-1.055383 -1.648837
-1.218570 -1.741099
-0.825443 -0.803466
-1.207557 -1.811409
-0.885323 -1.645649
-1.177189 -0.851656
-1.049892 -1.864560
-1.101191 -1.655099
-1.152823 -1.644297
-1.268305 -2.053000
-0.785803 -1.268669
-0.900643 -1.113615
-1.274164 -0.970264
-1.239733 -1.654924
-0.984235 -0.571244
-1.235464 -2.039012
-1.127301 -1.307431
-1.050033 -1.488504
-1.286802 -1.836112
-1.143853 -1.692160
-1.211695 -1.309130
-0.746351 -1.116684
-1.170530 -1.346429
-1.196245 -1.072992
-0.799809 -0.850711
-1.283557 -1.237406
-1.360973 -1.310965
-0.893419 -1.677745
-1.281111 -1.873857
-1.011974 -1.039903
-1.147962 -1.933208
-1.085757 -1.168427
-0.817854 -1.442928
-0.998711 -0.762789
-1.047492 -0.830008
-1.097303 -1.394266
-1.081614 -1.993527
-0.911490 -0.874839
-0.863969 -1.584237
-0.955858 -0.861724
-0.934788 -1.101181
-1.037132 -1.249196
-1.003576 -0.944221
-0.901072 -1.677116
-1.289019 -1.713706
-0.981674 -1.908789
-1.323237 -1.731465
-1.102342 -1.156680
-1.305570 -1.098275
-1.268994 -1.536635
-0.761944 -0.839435
-1.088064 -0.690846
-0.983335 -1.545417
-1.380970 -1.660578
-1.175312 -0.901816
-1.264056 -0.931057
-0.867581 -0.683816
-1.277523 -1.396438
-1.198384 -1.011536
-0.919102 -0.778223
-1.301013 -1.369852
-1.119160 -1.583714
-0.938561 -1.135867
-0.839032 -1.226232
-0.769817 -1.039586
-1.363567 -1.630805
-0.945160 -0.561939
-0.902053 -0.935343
-0.941253 -1.538104
-1.193749 -1.158047
-1.142483 -1.525623
-1.014354 -1.511296
-0.864322 -1.125866
-0.990152 -0.725876
-1.188219 -1.661250
-0.804403 -1.248119
-1.054260 -0.669675
-1.230490 -2.107594
-0.902697 -1.196841
-0.935796 -0.562564
-1.179494 -1.255076
-1.080872 -1.325466
-1.006245 -0.702565
-1.204032 -1.361662
-0.949948 -1.056737
-1.039090 -0.969397
-1.241390 -1.079550
-1.207072 -1.504121
-1.181444 -1.979201
-1.078510 -0.599811
-1.296287 -1.514606
-1.140966 -1.544570
-0.853538 -1.334136
-1.223573 -2.062574
-1.247973 -1.555000
-1.342942 -1.655781
-1.257299 -2.090249
-1.034042 -1.983359
-1.118469 -1.006085
-1.106294 -0.645624
-1.085272 -1.441785
-0.916499 -1.615162
-1.040002 -1.150448
-1.191970 -1.828629
-1.008014 -1.501400
-0.877466 -1.158042
-1.209442 -0.960214
-1.045555 -1.322239
-1.316439 -1.380933
-1.287114 -1.765703
-1.321286 -1.198456
-1.085767 -1.539605
-1.037000 -0.795933
-1.050135 -1.544237
-1.241061 -2.139050
-1.099322 -1.035137
-0.762992 -0.940486
-1.046456 -1.526692
-0.902434 -1.435434
-1.053892 -0.972224
-1.085396 -1.049322
-1.268313 -1.866992
-0.851598 -0.859515
-0.812016 -1.187648
-1.136005 -0.759976
-0.848343 -0.704928
-0.762560 -1.159038
-1.079347 -1.323801
-1.361252 -1.316894
-0.879310 -1.041385
-0.925360 -0.790643
-0.993383 -1.345406
-0.791827 -0.685217
-1.158671 -2.062064
-1.321745 -1.411440
-0.984072 -0.571617
-0.911821 -1.425077
-1.056860 -1.897400
-1.053832 -1.919536
-1.184711 -1.646644
-1.177125 -1.188043
-1.200983 -1.239123
-1.064261 -1.201733
-1.178779 -0.764980
-1.137898 -1.892301
-0.993893 -1.647802
-0.790780 -1.030779
-0.783677 -0.988227
-1.088771 -1.281002
-1.330065 -1.300382
-1.252373 -2.093164
-0.955577 -0.681277
-1.129272 -1.061184
-0.961039 -0.908835
-0.935317 -0.753930
-1.037558 -1.354875
-0.943137 -0.676240
-1.055662 -1.741215
-1.261812 -0.906284
-0.802768 -0.674605
-0.978080 -0.552359
-0.829526 -1.144896
-1.159681 -1.635386
-1.282731 -0.953137
-1.084923 -0.710396
-0.970325 -1.555089
-0.948515 -0.577461
-0.828456 -1.128734
-1.016131 -0.633035
-1.001189 -1.542493
-1.249255 -0.936883
-1.119684 -1.583724
-0.936443 -0.851100
-1.167792 -0.805347
-0.854643 -1.614573
-1.007921 -0.912049
-1.024942 -1.391525
-0.768273 -1.128734
-0.840717 -1.017416
-1.105067 -2.051421
-0.998442 -1.719147
-1.109519 -1.272689
-0.975201 -1.016187
-0.753003 -1.110881
-0.976790 -1.218297
-0.750440 -1.068120
-1.241874 -1.180908
-1.326406 -1.328670
-1.095824 -1.682082
-1.238637 -1.259243
-1.276618 -1.878452
-1.055801 -2.027955
-1.041729 -1.125205
-0.751894 -1.092314
-1.146770 -1.078155
-0.865485 -0.803647
-0.914537 -1.224197
-0.757371 -1.066536
-1.243862 -2.044064
-1.288138 -1.154288
-0.885209 -1.626060
-1.243989 -0.890332
-1.321954 -1.818401
-1.094141 -1.066293
-0.908944 -1.544457
-0.950362 -1.184114
-1.319560 -1.100288
-1.083545 -0.703262
-1.172886 -1.472168
-1.373697 -1.757029
-1.239343 -1.428967
-0.955068 -0.968724
-0.773280 -1.155232
-0.892815 -1.133122
-1.090366 -0.667346
-1.296889 -1.794311
-1.126861 -0.791366
-1.007639 -1.171949
-1.027956 -1.421296
-1.071536 -0.634013
-1.257170 -1.344628
-1.122413 -0.945240
-0.834568 -0.910457
-1.136150 -1.172280
-1.375359 -1.517151
-1.363528 -1.313791
-1.291200 -1.223088
-0.799256 -1.095520
-0.952826 -1.460778
-0.902309 -1.000196
-0.821959 -1.192374
-0.887584 -0.832278
-1.038830 -0.825130
-0.821985 -1.510554
-0.967033 -1.316385
-1.119764 -1.963493
-1.307575 -1.862453
-0.821644 -1.223219
-1.103776 -1.474426
-1.041155 -1.933945
-1.098547 -0.685616
-1.128206 -1.096021
-1.093636 -0.820781
-1.072433 -1.811131
-1.153186 -1.163506
-1.050383 -1.728247
-0.740552 -0.943239
-0.778165 -1.294645
-1.137282 -1.521930
-1.273875 -1.476519
-0.985087 -0.647960
-0.809726 -1.325182
-1.035502 -1.596358
-1.104136 -1.962392
-0.755462 -1.025160
-1.077728 -0.902184
-1.081426 -1.201318
-1.078408 -0.857655
-1.123336 -1.774321
-0.862883 -0.631949
-0.963299 -1.106834
-1.217203 -0.870170
-0.825939 -0.739376
-0.981583 -0.922497
-1.158884 -0.876647
-1.175351 -1.359324
-0.947842 -1.630943
-1.008784 -0.635086
-0.865197 -0.715124
-0.997634 -1.894353
-1.189077 -1.278347
-1.148191 -1.686753
-1.301286 -1.847089
-1.334129 -1.665418
-1.043551 -1.093220
-1.012810 -0.920892
-1.035218 -1.250957
-1.190113 -1.981093
-0.765943 -0.777231
-1.215370 -0.944478
-1.259238 -1.744743
-0.866447 -1.117408
-0.939315 -1.428232
-1.252452 -0.896954
-1.081951 -1.662793
-1.096463 -1.808775
-1.094461 -1.818503
-0.881849 -0.903698
-0.753786 -0.795483
-1.258800 -0.913537
-1.114610 -0.957513
-1.374063 -1.777456
-1.296029 -1.046877
-1.138555 -0.742471
-1.143374 -0.815600
-0.809302 -1.157028
-1.095678 -1.286894
-1.199734 -2.106598
-1.084246 -0.778196
-1.049653 -1.054773
-1.258874 -1.059475
-1.023291 -0.880632
-1.289817 -1.264084
-1.098517 -0.841045
-0.934163 -1.075634
-0.939098 -1.467497
-1.322884 -1.670781
-1.216561 -0.887627
-1.158816 -1.833806
-0.829648 -1.438516
-1.171903 -1.215002
-1.183679 -1.172858
-1.049131 -1.903304
-0.901389 -1.074867
-1.371565 -1.638855
-0.763294 -0.899132
-1.275615 -1.403131
-1.257433 -1.090093
-1.190406 -1.847230
-0.826519 -0.752431
-1.139666 -1.044080
-0.809094 -0.913506
-1.114416 -1.480705
-1.270632 -1.983560
-1.116052 -1.021449
-0.759848 -0.790038
-1.244725 -1.975590
-0.785201 -0.868438
-0.923263 -1.028659
-1.056808 -0.825671
-1.102996 -1.868399
-1.269211 -0.927907
-1.123089 -2.040600
-0.933990 -1.071486
-0.925999 -1.133482
-1.049783 -1.029737
-0.841639 -0.686861
-0.835328 -1.541095
-0.896786 -1.448759
-1.131259 -1.911232
-1.169566 -0.929062
-1.290993 -1.335166
-0.894453 -0.660409
-0.769064 -0.795518
-1.100063 -1.224830
-1.325644 -1.360828
-1.322697 -1.373794
-0.966258 -0.875008
-1.297902 -1.506515
-0.983171 -1.506034
-0.797856 -1.135254
-0.804632 -0.938218
-1.040284 -1.457995
-1.134746 -0.859965
-1.164936 -0.948823
-0.966077 -1.673528
-0.792651 -1.382697
-1.171247 -1.196167
-1.248561 -1.116894
-1.120598 -1.118538
-0.794127 -0.709607
-1.068327 -1.827846
-0.900500 -1.089617
-1.065835 -1.544603
-0.827821 -1.514513
-1.019623 -1.357613
-1.069492 -0.852137
-0.812869 -1.454289
-0.883042 -0.590319
-0.910741 -1.622324
-0.999594 -1.029725
-0.871821 -1.414978
-1.111171 -1.837508
-1.128119 -0.948285
-1.355604 -1.501575
-0.956935 -1.692222
-0.869218 -1.453967
-0.871501 -1.330704
-0.846395 -0.872617
-0.758651 -1.226168
-0.847835 -1.234560
-0.894404 -1.134603
-1.173295 -1.676938
-1.156846 -1.347337
-1.068761 -1.528628
-1.350431 -1.940140
-1.256492 -2.096090
-1.306028 -1.342126
-1.334663 -1.916214
-1.304556 -1.761256
-0.859852 -0.960923
-0.800986 -1.334624
-1.212892 -0.840745
-0.747405 -0.842894
-1.009146 -1.632562
-0.947391 -0.653445
-1.141330 -2.114367
-0.847510 -0.606522
-1.238994 -1.807434
-1.150025 -1.560575
-0.975976 -1.658123
-1.154833 -1.024326
-1.015247 -1.555663
-0.993763 -1.249224
-1.193219 -1.649017
-0.823147 -1.017041
-1.347945 -1.660308
-0.949973 -1.006348
-1.287183 -1.184818
-0.811578 -1.179944
-0.795768 -0.981052
-1.047512 -0.634019
-1.127073 -2.074793
-1.107488 -0.952618
-1.057147 -0.827853
-1.109883 -1.832360
-0.921887 -1.550147
-1.277493 -1.473777
-1.081679 -0.959823
-0.999327 -1.653091
-1.020491 -1.464414
-1.012743 -0.658135
-1.187997 -1.350992
-1.135818 -1.476307
-0.877698 -1.046231
-1.170626 -1.000164
-1.198702 -1.435556
-1.323761 -1.992803
-1.118783 -1.134223
-1.132025 -0.757714
-1.185941 -2.053961
-1.383193 -1.626479
-1.294324 -1.350161
-1.263413 -1.217273
-0.994600 -0.952058
-0.872025 -1.340985
-1.309803 -1.478402
-1.260654 -1.502145
-0.879072 -1.665440
-1.267716 -1.982764
-1.169568 -1.863815
-1.095775 -2.010431
-1.336621 -1.760505
-1.274974 -2.033897
-1.242579 -1.507885
-1.190925 -1.806989
-1.293483 -1.139570
-1.080999 -1.900362
-1.338930 -1.378359
-1.079173 -1.158197
-1.253300 -1.689208
-0.962475 -1.534633
-1.036419 -1.711984
-0.871232 -0.758183
-1.166430 -1.289815
-0.976844 -1.729898
-1.044143 -1.955459
-1.328904 -1.931028
-1.167309 -1.719522
-0.864284 -0.658497
-1.384334 -1.765408
-1.210029 -1.531758
-0.909327 -1.056506
-0.989520 -0.780231
-0.924044 -1.221822
-1.384763 -1.487171
-0.975611 -0.898582
-0.997726 -1.723124
-0.809573 -0.692943
-1.278027 -0.975984
-1.178826 -1.419819
-1.179364 -1.525403
-1.109685 -0.733558
-0.811817 -0.770656
-1.050797 -1.126092
-1.133199 -1.954034
-1.319074 -1.266045
-1.177938 -0.955300
-1.199055 -1.708011
-0.845418 -1.132029
-1.380332 -1.633277
-1.189246 -1.436343
-1.111409 -1.677169
-1.117217 -1.717377
-0.972336 -0.770656
-0.830850 -0.934845
-0.996488 -0.585130
-0.790848 -1.288960
-0.867094 -0.818295
-0.895324 -1.496422
-0.838616 -1.000528
-0.937946 -1.193288
-0.744294 -1.157238
-0.961549 -1.384228
-1.280131 -1.483261
-0.766803 -1.242075
-1.045976 -0.766668
-0.902415 -0.847313
-0.917569 -1.735484
-0.792699 -1.121747
-0.853558 -0.771307
-1.246638 -1.258734
-1.116891 -1.322627
-1.163375 -1.999378
-1.215076 -1.760201
-1.148002 -1.902610
-0.995229 -1.672383
-0.843792 -1.120670
-1.107652 -0.999475
-1.004230 -0.990405
-1.319849 -1.146850
-1.012395 -1.313285
-0.861185 -1.532022
-1.232536 -0.832759
-1.212880 -0.849494
-1.289259 -1.110672
-0.883965 -1.282821
-1.214272 -1.775106
-1.209087 -1.907457
-1.214271 -0.963448
-1.175517 -1.737814
-1.197961 -1.861144
-1.354238 -1.915270
-0.952211 -0.897056
-1.092232 -1.054828
-1.092034 -1.356849
-0.950140 -1.211814
-0.802926 -1.204640
-0.951500 -0.675563
-1.006576 -1.825872
-0.787129 -1.296065
-1.183807 -0.817438
-0.889162 -1.130826
-1.161202 -1.770554
-1.035097 -1.697990
-0.924652 -1.632845
-1.009982 -1.850364
-0.999262 -1.795522
-0.766565 -1.140842
-0.926888 -0.977135
-0.877103 -0.606377
-1.042839 -1.485431
-1.058696 -1.527653
-0.967253 -1.267319
-0.785643 -1.021459
-1.306057 -1.760212
-1.202092 -1.817434
-0.878307 -0.588621
-1.085093 -1.505295
-1.139339 -1.306000
-1.309353 -1.107970
-1.187559 -0.901154
-1.189612 -1.732423
-0.945801 -1.642027
-0.851257 -0.803151
-1.060493 -1.238337
-0.999384 -1.379621
-0.979115 -1.243384
-0.985049 -1.894255
-1.036214 -0.811954
-1.117465 -1.329077
-1.188663 -1.332216
-1.120195 -0.727185
-0.999772 -1.234890
-0.971811 -1.019012
-1.249739 -1.694716
-1.028475 -1.172697
-0.774541 -0.721095
-1.291524 -1.928042
-1.014160 -0.912915
-1.162704 -1.843812
-0.773671 -1.198849
-0.895440 -1.101175
-1.105461 -1.337949
-0.993932 -1.422755
-1.020236 -1.977315
-1.145756 -1.192143
-0.928128 -1.588951
-1.062793 -0.886566
-0.963368 -0.661772
-1.263953 -2.000361
-1.236928 -1.311571
-0.863374 -1.308900
-1.239747 -1.093960
-1.184281 -1.567510
-1.338454 -1.473333
-1.195258 -1.174941
-1.222069 -1.646899
-1.205298 -1.812459
-1.382004 -1.750779
-1.306118 -1.266306
-0.810046 -1.030432
-1.058126 -0.859265
-1.139391 -1.889862
-1.100033 -0.731554
-1.096675 -1.892669
-1.123600 -1.477247
-1.167624 -2.090210
-1.276751 -1.707304
-0.849808 -0.732069
-0.827989 -1.185763
-1.046123 -1.530625
-1.081592 -0.670622
-1.323189 -1.784411
-1.044628 -1.897721
-0.930213 -0.736666
-1.162243 -1.428281
-0.793404 -0.933782
-1.343839 -1.566426
-0.833463 -1.549163
-0.914494 -1.045937
-0.968140 -1.580745
-0.771986 -0.720907
-1.129775 -1.152230
-1.365653 -1.455951
-1.105845 -0.858422
-0.843458 -1.355189
-1.153128 -0.997657
-0.855716 -1.144690
-1.059049 -0.976996
-0.892791 -1.018115
-1.243998 -1.887882
-1.039950 -1.486745
-1.065282 -0.642406
-1.165749 -1.981768
-0.918554 -0.888596
-0.962641 -0.865380
-1.242682 -2.055390
-1.360995 -1.488507
-1.308335 -1.975543
-0.935219 -0.908962
-1.157429 -0.974433
-0.952711 -1.048956
-1.162249 -1.396438
-1.230935 -2.073345
-1.157375 -1.353230
-1.117342 -1.819060
-1.037248 -0.895358
-1.104360 -1.865513
-1.159026 -1.891081
-0.835081 -1.118745
-1.208543 -1.520512
-1.315475 -1.432892
-0.770832 -1.097764
-0.985610 -1.677570
-1.288638 -1.192969
-1.111668 -0.813841
-0.811629 -1.327492
-1.284202 -1.880687
-1.153063 -2.038219
-0.855196 -1.472445
-0.867870 -0.942143
-1.001421 -1.567652
-1.117460 -1.132337
-1.168768 -0.884994
-1.211476 -1.475848
-0.925459 -1.219925
-1.062927 -1.878097
-0.750400 -1.065727
-1.184047 -1.427233
-1.081799 -0.681781
-1.179420 -1.405832
-1.091416 -0.840696
-1.277506 -1.070967
-0.938755 -1.614374
-1.328516 -1.558077
-1.244650 -1.334227
-1.036681 -0.825462
-1.165500 -0.941771
-0.796692 -1.045548
-1.075397 -1.279522
-1.118809 -0.932829
-1.369629 -1.471179
-1.089042 -1.434526
-1.177498 -1.100292
-1.079104 -2.056893
-1.330143 -1.417914
-1.369164 -1.351784
-1.280414 -1.023770
-1.093575 -1.195650
-0.972182 -0.985776
-0.884615 -0.911262
-1.016649 -0.889721
-1.138822 -1.271781
-0.991100 -1.128044
-0.886331 -0.931578
-0.941221 -0.901089
-1.316412 -1.094561
-1.228684 -1.148560
-1.253390 -1.648356
-1.256403 -0.928533
-0.855849 -0.962894
-1.000202 -0.656796
-1.038529 -1.836720
-0.862510 -0.816224
-1.193630 -1.181735
-1.253306 -1.514757
-0.973916 -1.322263
-1.201701 -1.073621
-1.162677 -1.029684
-0.862701 -1.152176
-1.344085 -1.793212
-0.795884 -1.021767
-1.304561 -1.145502
-1.243063 -1.279123
-1.112491 -1.460813
-1.173093 -1.096470
-1.051428 -1.286474
-1.336136 -1.511031
-1.299325 -1.530607
-0.741254 -0.877365
-0.961796 -1.515132
-1.179616 -0.784616
-0.903307 -0.850052
-1.108348 -1.573230
-1.180961 -2.047520
-1.136257 -0.937071
-1.146589 -1.720916
-1.331088 -1.671471
-1.013160 -1.677017
-0.801885 -0.722831
-1.264914 -0.994085
-1.218449 -0.840418
-1.095136 -1.458613
-0.943236 -0.825766
-1.037283 -0.823896
-1.221787 -1.161785
-0.928751 -1.584123
-1.019650 -1.595727
-1.173510 -1.258812
-0.863544 -1.201786
-0.810918 -0.898355
-1.041594 -1.072965
-1.032964 -1.511909
-1.088682 -0.684492
-1.076487 -1.312998
-1.257735 -1.367129
-1.258863 -1.049977
-1.205637 -1.903770
-1.356930 -1.811190
-0.994787 -1.299618
-0.742687 -1.146450
-0.774409 -1.245700
-1.177608 -1.181761
-1.092097 -0.767712
-1.236285 -1.511068
-0.940205 -1.772601
-0.936217 -0.576188
-1.132053 -1.080445
-1.221876 -1.745331
-0.881992 -1.048623
-1.214108 -1.626959
-0.825342 -1.219707
-1.070643 -1.114528
-0.872626 -0.907058
-1.055259 -1.499371
-1.279259 -1.730381
-1.175986 -1.419034
-1.212988 -1.660634
-1.014617 -1.472592
-0.912107 -1.749512
-1.026863 -1.600341
-0.905882 -0.601540
-0.782708 -0.826329
-1.018481 -1.962966
-1.154891 -1.073146
-0.801047 -0.699606
-0.862548 -1.598047
-1.174482 -1.733845
-1.206465 -1.096751
-0.921185 -1.165090
-0.775492 -1.033903
-1.166081 -1.279461
-1.308078 -1.227251
-1.329384 -1.243515
-1.124456 -0.813484
-1.022657 -1.503858
-1.090224 -0.816895
-1.229901 -1.481398
-1.256244 -1.439990
-1.138798 -1.404797
-1.188899 -1.093982
-0.901061 -0.617358
-1.356424 -1.245762
-0.925765 -1.132036
-0.997088 -0.575530
-1.044647 -1.723295
-0.793259 -0.775833
-0.988112 -1.119411
-0.930828 -1.055127
-0.847797 -0.809237
-1.258099 -0.971012
-1.204373 -0.861147
-1.165000 -1.606853
-1.297065 -1.529208
-1.137147 -1.674197
-1.028564 -1.013746
-1.207477 -1.254138
-1.013035 -1.622038
-1.030074 -1.719540
-1.381977 -1.624816
-0.947561 -1.076462
-1.332552 -1.964233
-1.337971 -1.483083
-0.969737 -1.629298
-1.098961 -1.641811
-0.818203 -0.692918
-1.112516 -2.068799
-1.175940 -0.797681
-1.321341 -1.768973
-1.095390 -1.132977
-1.017562 -0.924966
-1.149566 -1.439066
-1.184809 -0.768114
-1.005215 -1.377654
-0.802059 -0.973237
-0.876121 -0.764588
-0.900640 -0.733491
-1.245792 -0.974471
-1.031736 -1.297363
-1.035231 -0.643096
-1.080556 -1.092103
-1.244802 -1.955203
-1.056718 -1.348410
-0.853790 -1.068464
-1.225099 -1.116690
-1.062846 -1.148228
-1.277279 -1.353837
-0.998961 -1.786478
-0.813036 -1.043083
-1.056373 -2.022644
-1.385966 -1.754336
-1.319581 -1.599889
-1.113518 -2.094652
-1.153447 -1.792802
-0.930459 -0.644095
-1.212339 -1.455467
-1.038231 -0.917037
-1.274805 -1.510605
-1.342349 -1.569050
-1.007923 -1.664755
-0.976539 -0.943678
-1.278224 -0.941310
-0.985403 -1.845813
-0.875344 -1.646778
-0.860782 -0.960004
-1.047312 -1.678443
-1.335747 -1.183762
-0.919278 -1.546777
-0.894790 -0.993983
-0.976713 -1.510944
-0.905736 -0.824086
-1.047985 -1.395876
-1.261331 -1.572067
-1.256510 -1.023858
-0.815305 -0.889328
-1.152635 -1.443407
-1.281210 -1.234461
-0.895724 -1.543335
-0.842220 -0.829469
-0.866473 -1.160730
-1.282141 -2.010962
-0.948515 -1.756444
-0.925784 -1.608329
-1.217122 -1.161504
-1.384752 -1.492213
-1.029710 -1.799586
-1.124840 -0.895851
-0.966232 -1.429363
-1.234499 -1.046572
-0.925559 -1.404531
-0.793101 -1.227712
-1.142598 -1.969818
-0.789876 -0.712999
-1.123556 -1.323391
-1.082044 -0.614443
-0.874406 -0.811653
-1.158065 -2.068498
-1.130279 -1.873645
-1.378679 -1.534012
-1.098079 -1.863470
-1.033128 -0.874090
-0.882988 -1.645680
-0.888689 -0.649925
-0.894969 -1.261785
-1.074165 -0.908287
-1.323519 -1.706482
-0.856824 -0.672249
-0.765177 -1.157375
-1.235870 -1.045368
-1.165592 -1.541239
-1.047263 -1.317567
-0.787745 -0.838475
-1.095419 -1.088336
-1.090741 -0.797963
-0.998680 -1.259742
-1.032715 -0.773927
-1.187825 -0.879774
-1.291523 -1.515339
-1.207433 -1.017681
-1.266415 -1.057445
-1.094027 -0.939888
-0.802244 -1.125711
-1.287845 -1.258519
-0.851532 -1.538718
-1.204613 -1.067993
-0.959090 -0.910746
-1.300280 -1.583451
-1.159594 -1.881823
-1.081185 -1.367292
-1.126097 -1.571367
-1.269551 -2.096702
-0.912666 -0.965091
-1.142188 -0.952678
-0.929823 -0.968062
-1.211880 -0.778882
-1.315340 -1.576497
-1.104466 -1.040025
-1.046158 -1.662927
-1.301682 -1.547250
-1.159701 -1.252645
-1.142271 -2.016074
-0.922278 -1.148839
-1.059414 -1.591729
-0.944376 -0.703913
-0.925887 -0.926241
-1.345499 -1.488960
-0.999707 -1.260965
-0.783483 -0.744262
-0.945297 -0.979659
-1.137493 -1.869155
-1.206035 -1.042158
-1.008104 -0.928098
-0.961159 -1.218394
-1.207552 -1.910212
-1.078893 -1.180687
-0.921420 -1.424150
-0.947881 -0.936805
-0.951383 -0.809777
-1.081187 -1.225555
-1.232577 -2.137103
-1.287355 -2.098020
-1.127787 -1.829124
-1.187293 -0.741071
-1.126373 -1.820012
-0.812068 -1.064602
-0.793874 -0.987684
-1.188758 -1.723644
-1.064644 -1.597520
-0.898253 -1.654131
-0.858352 -0.922463
-1.029571 -1.004092
-0.761679 -0.960630
-1.081180 -1.980109
-1.287548 -1.411876
-1.318205 -1.176356
-1.202744 -1.953249
-1.190401 -0.990673
-1.225051 -1.741858
-1.306667 -1.475329
-1.144583 -0.865622
-1.048088 -1.945164
-0.894589 -1.124831
-1.073581 -1.141073
-1.071776 -1.799194
-1.179406 -1.720236
-1.004372 -0.725647
-1.202204 -1.292839
-0.877679 -1.157306
-1.226909 -1.191673
-1.234578 -1.686670
-1.302775 -1.293969
-1.046649 -0.864545
-1.053811 -1.205214
-0.961512 -1.769129
-1.005411 -1.609363
-1.035538 -1.472864
-1.127598 -1.578964
-0.948989 -1.045914
-1.190689 -0.939399
-1.086314 -1.695400
-1.044135 -0.805145
-1.141838 -1.468763
-0.771103 -1.200233
-1.201601 -1.104298
-0.897417 -1.392790
-0.968917 -0.762476
-1.103517 -0.875375
-0.881330 -1.130862
-1.119646 -1.233726
-1.140426 -1.624246
-1.072783 -1.232739
-1.223476 -1.349935
-0.921566 -1.657289
-0.962341 -0.870247
-0.802289 -0.799235
-1.015628 -1.442591
-0.912941 -1.759517
-1.169774 -0.998097
-1.187087 -0.737529
-0.953254 -1.247759
-1.067552 -0.791233
-1.274780 -1.972094
-1.026522 -0.700960
-1.207878 -1.921771
-1.335198 -1.885865
-1.128823 -1.052849
-1.168147 -1.371032
-1.277951 -0.995548
-1.332159 -1.687238
-1.112525 -0.642347
-1.110933 -1.180571
-1.142149 -0.901941
-1.111077 -1.557735
-0.895438 -0.737171
-0.963775 -1.764756
-1.298212 -1.645120
-1.351628 -1.679285
-1.275227 -1.935376
-1.329501 -1.116700
-1.186402 -2.063156
-1.205204 -2.045237
-1.010814 -0.669453
-0.873004 -1.486977
-1.323671 -1.085710
-0.801907 -1.366673
-1.129885 -1.755873
-1.058216 -1.855026
-1.292195 -1.603072
-1.033657 -1.421878
-1.034358 -1.694451
-1.267606 -1.040384
-0.830806 -1.510370
-0.934904 -1.658595
-0.944271 -1.399009
-1.179366 -1.430458
-0.864220 -0.704859
-0.874383 -1.272305
-1.195779 -1.449159
-1.349799 -1.378300
-1.184698 -1.939428
-1.238555 -1.396817
-1.030312 -0.743062
-1.384419 -1.495257
-1.173790 -0.853514
-0.761307 -0.778322
-1.142084 -1.882333
-1.332061 -1.632202
-1.018917 -1.949903
-1.346846 -1.756252
-1.346524 -1.799030
-0.764503 -1.259729
-1.254567 -1.320106
-0.950321 -1.460400
-1.043009 -1.559054
-0.978633 -0.942252
-0.887672 -0.858058
-1.291896 -1.378733
-0.828269 -1.027622
-0.758910 -1.082954
-1.257807 -1.892856
-1.136499 -1.447100
-1.157139 -1.135630
-1.019957 -1.361221
-1.057001 -0.875298
-0.989595 -0.985658
-1.042915 -1.790120
-1.140853 -1.828916
-1.220825 -1.452342
-1.104614 -1.637534
-1.225154 -1.632788
-0.822920 -0.711892
-0.819744 -0.694457
-0.791602 -1.114784
-1.324731 -1.921685
-0.869873 -1.539765
-1.289136 -1.001676
-1.324695 -1.997835
-0.758558 -0.967592
-1.376598 -1.475957
-1.104759 -0.830042
-1.189764 -0.927537
-0.897932 -1.019259
-1.091042 -0.959152
-0.860639 -1.537537
-1.244623 -0.947765
-1.294092 -1.949570
-0.891603 -1.040689
-1.344297 -1.224290
-0.814365 -1.326066
-1.068241 -0.630401
-1.132452 -1.419257
-1.034956 -1.940468
-1.367612 -1.658844
-1.250124 -1.765355
-0.867461 -1.546250
-0.972443 -1.201766
-1.251450 -0.886790
-0.854833 -0.677248
-1.092855 -1.616511
-0.813038 -0.809536
-1.314359 -1.878942
-1.161231 -2.013256
-1.362731 -1.888099
-1.199574 -1.761202
-0.973936 -0.835882
-1.267166 -2.023441
-0.858670 -1.585422
-1.096716 -0.819757
-1.124487 -1.002481
-0.816595 -1.132327
-1.271401 -1.992603
-1.050240 -2.018695
-1.087953 -1.299511
-0.796744 -1.247027
-1.228513 -1.366199
-0.958021 -1.450756
-0.805454 -1.107461
-1.255546 -1.750347
-0.950955 -1.550772
-0.782451 -1.196048
-1.109225 -1.386236
-1.066895 -1.265487
-0.936053 -0.771699
-1.196059 -1.285700
-1.351633 -1.905189
-1.099142 -2.016589
-0.845479 -0.872692
-0.972182 -0.920883
-0.797642 -0.909481
-1.226195 -1.258517
-1.127660 -2.040363
-1.304664 -1.679391
-0.994895 -0.797661
-1.276757 -1.462988
-0.882073 -1.526275
-0.968978 -1.437729
-0.917951 -0.844376
-1.131520 -1.650701
-1.258391 -2.119827
-1.220968 -1.097080
-1.316243 -1.956701
-0.954898 -1.812482
-1.131922 -1.899526
-0.824482 -1.429826
-0.915471 -1.762865
-0.845629 -1.259840
-1.107916 -0.953153
-1.152709 -0.823780
-0.997808 -0.949568
-1.084874 -0.981983
-1.046726 -0.778914
-0.909968 -1.562592
-1.215847 -1.137237
-0.919645 -1.663965
-1.139870 -0.860632
-1.267667 -1.011238
-1.267400 -1.444882
-0.838960 -0.725991
-0.934986 -1.544319
-1.340219 -1.421426
-1.187017 -1.075800
-0.978582 -1.117581
-0.810344 -1.407705
-1.093648 -1.713501
-0.998833 -1.872005
-1.141939 -1.853549
-1.244308 -0.918012
-1.134436 -1.293486
-1.133945 -1.276293
-1.072539 -0.932062
-0.936345 -1.467312
-0.949972 -0.708461
-0.817848 -0.698595
-0.922811 -1.040455
-1.022004 -1.651723
-0.918537 -0.984898
-1.102598 -1.065636
-0.931853 -1.178050
-1.141987 -1.635147
-1.296120 -1.279405
-1.366493 -1.857243
-1.300164 -1.250694
-1.164677 -0.995945
-1.116407 -1.543464
-0.965764 -1.592081
-1.024260 -1.975253
-1.223649 -1.956703
-0.857236 -1.120902
-1.198409 -0.990514
-1.271381 -0.970229
-1.297298 -1.031845
-1.218735 -1.210195
-1.132261 -1.860354
-0.988753 -0.959348
-1.105744 -1.291991
-1.132489 -2.087020
-1.375968 -1.761190
-0.889767 -0.579848
-1.146643 -1.766140
-1.081580 -0.949434
-1.046258 -0.826334
-1.099073 -0.688112
-1.142138 -1.245214
-0.891221 -0.766188
-1.218859 -1.620023
-1.116322 -1.185950
-1.195340 -1.564203
-1.018376 -0.949579
-1.271045 -1.246156
-1.028375 -1.134121
-0.832913 -1.512171
-0.970215 -0.575483
-1.331223 -1.267031
-0.854868 -1.600600
-1.302720 -1.939350
-1.137546 -1.686374
-1.384999 -1.773386
-0.807597 -1.036799
-0.945367 -1.749980
-0.911865 -1.640875
-1.293041 -1.707420
-1.073644 -1.081011
-0.932012 -0.578398
-1.124469 -2.058939
-1.279979 -1.615391
-0.917998 -1.586903
-1.148399 -1.489552
-1.255164 -1.960774
-1.056061 -0.589968
-1.068370 -0.908870
-0.941035 -1.040175
-0.908690 -1.539810
-0.958585 -1.790456
-0.774554 -1.218300
-1.177164 -1.802347
-1.031444 -1.975077
-1.220568 -1.018440
-0.893626 -1.170760
-0.742094 -1.122074
-1.321923 -1.177488
-0.983110 -0.881716
-1.057854 -0.635022
-1.330981 -1.834709
-1.164521 -1.983174
-0.946301 -1.113041
-0.989912 -0.833630
-1.286229 -1.446251
-0.936909 -0.596210
-0.798712 -1.198915
-1.292490 -1.114455
-1.125401 -1.828618
-1.324260 -1.169969
-0.903108 -1.521341
-1.281980 -2.014363
-1.160296 -1.092440
-0.879340 -1.022090
-1.111201 -1.745332
-1.176294 -1.693477
-1.052138 -1.005611
-0.925055 -1.083277
-1.043742 -1.941975
-1.002759 -0.997334
-1.155550 -1.561345
-1.247173 -1.565258
-1.228560 -0.995555
-1.307193 -1.093608
-0.985057 -1.800376
-1.147175 -1.762976
-1.116691 -2.012248
-1.315680 -1.848625
-1.185178 -1.285341
-1.196538 -1.476337
-1.056804 -1.366497
-0.994872 -1.402357
-1.158037 -1.716284
-1.114378 -1.228565
-1.250202 -2.042108
-1.248846 -1.187255
-0.766008 -0.850988
-1.053198 -1.568679
-1.307270 -1.716449
-1.062924 -1.380976
-0.906565 -1.082298
-0.853658 -1.221325
-1.285081 -1.175947
-0.865607 -1.090607
-1.134814 -1.368542
-1.301081 -1.330424
-1.170235 -2.028775
-0.894990 -0.997918
-1.150527 -1.944687
-1.138893 -2.020016
-1.174907 -1.283093
-1.310996 -1.968668
-1.215187 -1.022164
-1.286061 -1.219429
-0.892066 -1.643588
-1.257206 -2.103091
-0.799847 -0.891039
-0.806761 -0.998321
-0.817814 -1.254707
-1.270353 -1.551507
-1.229519 -1.167675
-1.186420 -0.901627
-1.061032 -0.838599
-1.387802 -1.635368
-1.242645 -1.566023
-0.913251 -1.570871
-1.115365 -1.391610
-1.014113 -1.243793
-1.146154 -2.072757
-1.156241 -0.870203
-0.869612 -1.523092
-1.242675 -2.056161
-0.990394 -0.608995
-0.941400 -1.517167
-1.162326 -2.076358
-1.048451 -0.605204
-0.845137 -0.773543
-1.149100 -0.950453
-1.079895 -1.869662
