# Step: 1
# U_max: 20.950725555419922
# x (configurations):
-0.339188 -1.751589
1.571671 3.212823
-1.982010 -3.052757
-1.367833 -3.567564
-1.556154 -1.452829
-0.652336 -3.083377
0.732896 0.893385
-1.218588 -1.608395
1.353601 1.124510
-0.141739 1.172466
-0.163717 1.382782
0.955913 2.084003
-0.200982 1.723231
0.696686 1.482492
-1.043572 -2.605061
0.294107 0.631438
0.297729 -1.209340
1.260870 2.513621
0.336735 0.981782
0.420400 -0.975245
1.474370 0.962852
-1.544623 0.448220
0.596890 2.594326
1.490290 1.844664
-0.955760 -1.407345
0.964273 0.114056
-1.754780 -2.840980
0.432050 0.092006
0.436586 -0.349235
-0.769747 -2.918213
1.239088 -0.274262
-1.321118 0.965775
-0.468230 -2.405167
0.972578 0.066587
0.618274 1.348142
-0.638387 -3.140467
1.083040 1.211057
-2.198402 -3.338521
-1.363178 -4.334109
-0.034751 -0.799295
0.480140 -1.294605
-0.798128 -4.472432
-0.140738 -1.395442
-0.336502 -2.599590
0.330909 0.784877
0.745430 -0.044754
1.436180 1.226700
-1.630489 0.356635
0.333216 -0.349565
-1.520917 -3.934377
1.483092 -0.221126
-0.709894 1.427813
0.043115 1.884336
0.175461 -0.542651
0.442709 -1.192810
-1.316657 0.261449
0.152390 -1.356676
-0.660938 -0.598131
-0.727519 0.891820
-0.334382 1.898739
-0.987208 0.594649
0.291256 1.040469
-0.318214 0.540069
1.138888 0.062256
1.598300 -0.281235
-0.379953 1.089922
1.503343 1.619401
-0.267269 1.312987
0.837149 1.994207
1.013997 -0.706607
0.691951 -1.166733
-1.524380 -2.930586
-1.844227 -1.260887
-0.400239 0.665112
0.312263 1.198323
0.448396 1.088829
-0.814809 1.193368
2.163289 -1.402389
1.457988 -0.241068
1.035121 2.523387
-0.408967 -3.335948
1.355345 -0.389787
-1.229841 -3.073758
-1.524103 -3.537359
-0.039492 0.144535
1.346561 2.183841
-1.130341 -3.140730
1.545478 1.285288
0.588560 -1.484178
-0.358016 1.218172
0.113513 -2.013582
0.063426 0.040004
-1.037830 1.057903
0.155014 1.600550
-0.814015 -3.665551
-0.392348 -2.369265
0.205404 0.237969
0.236971 0.939758
-1.588079 0.042948
-0.957536 0.295949
-0.647200 -1.904760
-0.591961 -1.597080
-0.968566 -1.682995
0.738354 1.437472
-0.512982 -2.684990
-0.451351 -2.665432
-2.081177 -0.918843
-0.185996 -0.437039
1.761548 1.646393
1.145438 2.609054
-1.318672 0.157646
-1.316928 -1.824829
0.631386 0.530078
1.326927 -0.321899
-0.002274 1.180554
1.335486 3.259338
-0.578030 -0.508052
-0.170522 -1.929118
-0.232775 -0.420188
-1.133809 -1.225214
1.526188 1.053225
-0.901933 0.678321
1.617911 1.864620
0.757914 -1.794780
-0.244978 0.745946
-0.967706 -1.925913
-1.576342 0.151051
0.108769 -1.766566
-0.029655 -0.618497
1.177732 -0.183257
0.369465 -1.118306
-0.548945 -1.887729
2.111416 1.121347
-1.115791 -1.519663
0.704993 -0.558598
-1.406709 -3.342959
-0.565633 -0.671453
-0.141175 2.054331
-1.581290 -3.225413
0.372725 1.930222
-1.370466 -2.927803
1.049161 -0.813949
-0.706177 -3.727280
0.093830 -0.211178
-0.079315 1.102578
-1.151903 -1.509554
-0.191360 1.654585
-0.222129 -2.591953
-1.115472 0.559328
-1.015023 -1.864192
-1.287389 -0.477369
1.253150 0.713086
0.738279 2.138149
-1.221437 0.022587
-1.337835 -0.228093
-1.681992 -1.198476
0.011150 -2.363582
0.494138 0.216260
1.083243 1.174682
0.148461 1.554294
-1.144339 -3.675566
0.862109 -0.943774
1.342702 0.151008
-0.176749 1.369509
-0.725330 -1.178773
0.458117 1.773937
0.635020 -1.381139
-0.437013 -0.851450
0.852158 -1.869338
-0.385510 -0.821394
-0.740274 -3.881853
0.893931 -0.010895
0.825962 0.305594
1.539637 1.609613
-1.692464 -3.568509
-1.705965 -2.816963
1.394352 -0.046719
0.440024 -0.552871
-1.193334 -0.952529
-0.442301 -2.510215
0.032733 -2.183477
0.770068 2.447280
-1.837781 -3.918410
-1.341657 -1.690478
-0.722343 -1.377334
0.394475 -0.538705
-1.123029 -0.059428
-1.017173 -3.051983
0.518690 0.025084
-0.931241 -0.139734
0.489787 0.938594
-0.917783 -3.334735
-1.478464 -3.023172
1.593957 1.777782
-0.707251 -2.946480
-1.599062 -2.141510
-0.481417 0.023747
-1.550613 -1.303884
-0.304369 1.039280
0.104777 -2.591387
-1.223556 0.585167
0.847777 0.105137
1.238229 1.988820
-0.098413 -1.875256
0.696612 -0.917796
-1.554537 -4.256763
-1.813273 -0.750769
-0.318817 -2.708588
-0.914206 0.407886
-1.156931 -3.878918
1.014651 0.661365
0.268773 2.432829
-0.063180 1.653539
1.053393 1.345908
0.937440 -0.949419
-1.382141 -2.421763
-0.932050 -2.081080
-1.344314 -3.514731
0.323592 1.777923
-0.340190 -2.251978
0.543182 -2.170871
-1.172276 -3.991508
-0.493434 0.290289
1.005047 -0.254170
0.210840 -2.342030
0.768837 -1.287861
0.127704 -2.269831
0.388176 -1.467888
-0.820951 -2.188792
-0.242858 0.361210
1.629327 -0.833723
0.391632 2.380736
1.197304 0.927007
-1.109458 -2.235523
-0.173148 1.624205
0.480499 -0.696312
-1.201504 -1.132649
-0.882623 -0.470840
-0.327969 -1.862013
0.739612 1.652043
0.411222 -1.383599
1.360978 2.087901
-0.381327 1.518795
1.437569 1.398434
-1.079979 -2.022434
-1.036196 -0.119602
0.880615 3.190242
0.613063 2.343429
-0.455126 -1.794176
0.335436 0.488032
0.246068 -1.042873
-1.153660 -2.477438
0.500751 0.843986
0.235397 -1.426728
-0.090328 -0.259168
-1.032385 -3.714882
-1.093618 0.232660
0.497856 1.247243
-0.299585 -0.686911
1.692523 1.670611
0.066303 1.678359
-1.399457 -3.184516
-1.450751 0.580275
-0.552552 1.396765
1.681137 1.398293
1.580892 3.484708
-0.168692 -0.583479
-0.280739 0.013179
-1.343654 -2.731609
-0.397785 0.639308
1.522969 0.522794
-1.216715 -2.071006
-0.449618 -1.216620
0.089450 -1.719341
-1.879211 -2.867344
-0.102078 1.287340
0.601591 0.177461
0.714221 1.227360
-0.750576 -1.556267
1.101261 -0.224497
0.685335 -0.716242
-0.883592 -3.221075
-0.102675 -0.002543
-1.021358 1.337633
-0.000942 0.847969
1.165709 3.653786
-0.361420 -0.547265
0.407572 -0.444940
-0.600821 -2.368115
-1.547561 -3.408128
-0.150684 -1.118289
1.091850 1.869244
-1.785148 -3.287290
-1.135792 -3.605755
-0.733209 -1.409204
-1.362147 -1.236375
-1.839897 -0.776725
-1.484239 -3.712266
1.206743 0.484476
-1.051620 1.397977
0.753562 1.726209
0.367981 1.591362
-0.212970 1.064400
0.413227 -0.487303
1.080398 0.617979
0.957266 -0.485028
0.817111 0.123918
0.902267 0.809484
0.217391 1.205469
-0.873396 -3.076217
-0.748899 -2.527029
0.803076 0.039577
0.334027 0.139929
-0.105931 -1.505674
-1.163524 -1.340104
1.382988 3.363367
1.192447 2.470851
-0.303159 -2.268595
-1.310910 1.408924
0.198082 -2.914057
0.706664 -1.355922
-0.526544 -0.828076
0.755617 -0.606676
-0.282396 -0.187897
-0.011157 0.321940
0.446696 -0.873285
-1.722029 -1.930561
1.564521 -1.479630
1.493612 -1.076287
-0.331424 -3.964746
0.196802 2.665820
-0.229848 1.176136
-0.655811 0.479779
-1.422413 -3.721243
-1.035093 -1.547761
0.621900 2.280036
0.187409 -1.658249
0.177841 2.247194
-1.374547 -0.472466
0.747397 -1.015433
-1.233265 1.219980
-0.021235 -2.370765
-0.003416 0.621262
0.278257 -1.152540
-1.595175 -3.490172
0.149528 -2.318538
-0.987827 -3.516336
0.069573 -2.264198
0.035153 1.495906
-0.009955 1.574361
0.499290 0.167496
-0.084360 -0.857665
0.506640 1.031043
-0.911023 -0.406559
-0.291881 -2.597647
1.160833 0.691657
1.388944 2.246498
-1.178298 -2.991809
-1.330902 -2.691931
-0.833645 -0.369524
-0.408454 -0.846770
-0.198741 1.455956
1.407212 1.208187
-0.977267 -0.342783
-1.151944 -3.640455
0.177332 1.691932
-0.513293 -0.789394
0.914848 1.302900
-1.262353 -3.278202
-0.064353 1.116676
-1.020315 -0.301656
0.536988 1.310939
-0.893138 -0.526680
1.142222 1.382295
-0.012997 0.018910
0.322858 2.202219
0.328009 0.444767
-0.082225 -0.961872
-1.240656 -3.859019
0.058853 -0.118327
0.944618 -0.116661
-0.864985 0.975650
0.096608 -1.991614
-1.495290 -2.760021
0.060308 0.776789
0.366685 1.184549
1.485353 2.553808
0.536932 1.995039
-0.165461 1.014112
-1.466921 -2.803083
1.001422 -1.051344
-0.104729 0.853090
0.855001 1.921577
0.750070 1.116768
0.707556 -1.330211
0.816604 1.811488
0.083896 -0.994999
1.419729 1.732688
0.813569 -0.054774
0.936143 -1.589328
0.162958 -0.486490
-1.287176 -0.389300
-1.572905 -2.278368
-1.349474 -0.880710
-0.088524 -2.339491
0.844768 1.850347
0.341413 1.595898
-0.507627 -0.960491
-1.459314 -2.252755
1.368142 0.530201
-0.711209 -0.952519
1.037748 1.406944
1.309400 2.401592
-0.005432 -2.129643
-1.828300 -3.405109
0.516473 1.416428
-0.570392 -2.030719
-0.805565 -0.489177
0.174470 -1.915153
-1.809754 -3.892977
0.858397 -1.946951
-0.275320 0.916718
-1.503340 -0.183380
-1.114661 -2.546679
0.663097 2.191087
1.843684 2.131172
1.220361 -0.193403
0.931573 0.465983
1.207877 2.122952
-1.561980 -0.805350
0.453209 -1.455653
0.334285 1.951858
1.678255 2.113738
-1.101600 0.397641
-0.879873 -3.291648
1.341298 0.672856
0.259130 0.110392
-1.538236 -0.547670
-0.940870 -2.519176
-0.529513 -1.337406
-0.259038 1.159386
0.128928 -1.218648
1.715910 1.651698
-1.707751 -1.450109
-0.896717 -0.283784
-1.516003 -2.370556
0.770223 1.154914
-0.218487 0.675966
-1.650994 -0.583140
-0.048777 -2.586282
-0.680377 2.121699
0.739411 -0.950755
-1.685935 -1.012300
-1.098937 -3.911498
-0.640559 0.702498
0.023097 0.454854
1.904706 2.684993
0.931747 -1.742692
-1.086377 -1.698613
-0.781167 -2.075887
-0.321341 1.611908
-1.124491 1.036281
-1.525430 -2.329009
-1.064160 -0.668155
-1.550296 -0.823170
1.017595 1.610103
-0.493445 0.234323
-1.622030 -2.041146
1.776832 1.185397
-1.315467 -2.794207
0.106364 2.861013
-1.432532 -3.394084
1.153811 0.092266
0.398272 1.767551
-0.692626 -3.568298
-0.039323 -3.010279
-1.487074 -4.238549
0.762651 -0.521681
1.192145 -0.682985
0.140079 2.338188
-1.125457 1.087247
-0.887765 -1.252630
0.097332 0.105350
-1.484040 -0.732040
1.089600 -0.683714
0.225446 0.251770
-1.049421 -1.271437
0.318119 -0.262291
-1.245749 1.340878
-1.249263 -2.523084
-0.761475 -1.272946
-1.244334 -0.965140
-1.573110 -1.699302
-0.843060 0.809401
-0.104673 -2.803945
-1.494002 -1.175229
1.344031 3.208058
0.928904 -1.401624
-1.490053 -1.417446
0.502593 -0.470645
0.049801 -2.007628
0.360284 -0.623561
-1.132422 -1.139131
-1.997774 -2.335962
1.022568 0.244505
-1.226647 -2.599666
0.375587 0.543402
1.304467 3.058635
-1.498030 0.234799
0.565608 0.657721
0.907911 1.629907
0.556941 -0.474638
-0.038599 -1.648931
-1.342509 -3.127712
-0.498506 -0.744091
0.942264 -1.166930
0.247218 1.808479
1.371363 0.498067
-1.373189 -2.136352
-1.184584 -2.974689
0.928416 -1.408533
0.886835 -1.280055
-0.701271 -2.781878
-1.400459 -3.497631
-0.444737 -0.691790
0.953293 -1.556409
0.227343 -0.900923
1.115388 0.088868
-1.347981 -2.790642
0.288116 0.036737
-1.603731 -3.715748
-0.943340 -2.632641
0.556500 -0.359223
0.308469 1.208140
0.185033 -0.775772
0.458836 -1.819982
0.435167 -0.780491
0.383952 0.572627
-0.325179 -1.799538
0.778055 -0.493109
0.598537 1.023376
0.105918 0.504329
-0.264746 1.056817
-1.152991 -0.960006
0.937221 2.464017
-0.605635 -1.606634
-0.241674 -2.896271
-1.346086 0.085459
-1.655693 -1.417548
1.372403 0.031992
0.336902 -0.141603
0.639276 0.401225
0.357074 1.583530
0.289711 1.092578
-0.215298 1.372939
0.690779 0.491362
-0.307375 -2.387170
-0.048454 -1.350804
-0.173742 -0.899773
0.865097 -0.478017
-0.641741 -3.026510
1.212326 0.932716
-1.109513 -3.703118
-1.458854 -3.129243
0.319996 -2.141714
-0.263173 2.051924
-0.163706 0.739529
-0.111977 -2.382782
1.380275 -0.598252
0.528083 -0.067436
0.382960 -0.780366
1.533396 0.702742
0.644462 1.583132
-0.717039 -1.385957
0.559369 -0.801476
-0.527245 -1.189862
1.038266 -0.011355
1.036561 2.677457
0.351938 2.010039
-1.158655 -2.900968
0.838061 2.677378
-2.365095 -1.734039
-0.364385 0.527900
-0.715118 -1.795016
-0.698169 0.801968
0.767345 1.474602
-1.074437 0.509374
-1.136136 -0.980385
0.951240 0.195167
0.096447 -1.207747
-1.273579 -0.230349
-0.089824 1.172267
-0.662528 -1.344244
0.911607 2.209474
-1.479201 -2.515346
0.565728 -0.558126
1.091612 1.266465
0.833925 3.013113
-1.517361 -2.984479
-1.456739 -0.813156
-1.621654 -2.723461
-1.709777 -0.901724
-1.305857 -0.837827
0.547526 -0.954471
-0.965984 -0.148686
1.497629 3.919060
-0.705197 -0.453056
-0.042675 0.947702
0.981529 2.951399
0.635664 2.596578
-1.732193 -2.386606
-1.501680 0.149072
1.138593 2.668951
0.656161 -0.461591
0.004558 0.343212
1.569618 2.762784
0.170227 -1.923632
-1.516682 -3.732905
-1.362530 -1.556481
-0.766049 -2.183505
1.523834 -0.623922
-1.156078 0.065861
-2.418557 -2.309211
0.357585 -1.127561
0.667021 1.181799
-1.035690 -4.056937
-1.543963 -1.145466
-1.395182 -3.126971
-0.263907 0.490905
0.543910 -2.462444
0.452193 2.420091
0.978512 -0.080321
-1.118851 0.159812
-0.961200 -1.752964
-0.693205 -1.567275
0.530361 0.532553
-0.022556 1.332226
0.689746 0.615191
0.838096 2.148565
0.008568 -1.486223
0.897672 -0.939629
0.114975 -1.888375
1.143389 2.443749
-0.769451 -0.018088
0.892514 0.678039
-1.268843 -2.003961
-1.354113 -1.930592
1.429754 1.961675
1.574980 2.306867
0.159543 -1.130820
-0.246071 2.290936
-1.051963 -4.362628
1.078556 -2.001797
-0.166509 -1.519383
0.672598 1.231060
0.038668 -2.048024
0.217500 -2.323350
0.340470 -1.058378
-2.137980 -1.879432
0.943020 1.265566
0.225190 -0.733148
-1.722480 -2.348593
-0.964858 -4.304192
-0.504565 1.352604
0.406351 -1.368934
-0.916081 1.016990
1.349254 1.301001
0.618117 -0.032899
1.036735 0.486946
-0.688882 -0.154645
-2.350893 -0.357268
0.674155 1.265497
-0.645932 -2.792000
1.468729 -0.248646
0.944114 0.827419
0.730224 -0.213567
-1.255188 0.480125
1.232417 1.579283
-0.279014 -0.449267
0.363703 -0.914126
0.913780 2.594998
-2.105068 -0.532468
-0.684041 0.938227
-1.225975 -1.419636
0.785113 -1.957511
-0.382998 1.034079
-1.686435 -3.881363
-0.624017 -0.807439
0.731144 0.716347
-0.574168 -3.922158
0.170321 -2.178027
-1.449669 -0.443042
-1.373931 -1.690384
-1.132028 -0.451190
2.117961 1.062756
0.622293 -1.227209
0.143862 -2.725991
1.554741 2.054393
-1.151584 -2.197472
1.189946 -0.687161
-1.907241 -3.797621
0.405210 -0.282197
-0.142706 -1.495992
-1.231861 -2.991769
0.059582 0.882993
0.126664 1.121917
1.380983 0.974498
1.296513 1.661538
-0.215442 1.672741
-1.073639 -1.436731
-0.654305 1.169256
0.355674 0.002563
-0.137140 0.214423
0.542866 0.852693
0.818567 1.403508
-1.599580 -1.650649
0.966908 -0.785424
0.621928 1.720103
0.774061 1.574917
-1.700232 -2.020677
1.633069 2.625004
-0.573328 -3.048764
0.499802 1.620692
1.528325 3.195815
0.358469 0.273266
0.185878 -1.679740
-1.209656 -0.439222
0.326062 2.359483
1.182509 -1.262096
0.556918 0.531788
0.971814 0.761866
1.801543 3.197857
-0.955109 -2.265200
1.460521 -1.257207
1.283288 2.590916
-0.657137 0.344068
0.454684 -1.425673
1.149202 1.792759
-1.153311 -1.780737
1.006518 0.887323
-1.042475 -1.467345
1.273112 2.030610
-1.431804 -3.885373
0.828056 -1.345324
-1.485707 0.198438
-0.185476 0.423444
0.918852 1.733835
-1.394105 -0.659656
0.893230 0.657547
-0.082869 0.339496
-0.219124 -0.661971
-1.069381 -2.141335
1.620935 1.559219
1.226401 2.649186
0.390538 0.016619
-0.515703 -0.817200
1.745490 2.580802
0.804124 1.255990
1.166970 -0.104673
0.017226 0.304888
-0.139877 -1.244140
0.248091 -1.275623
0.414249 -1.821721
0.207126 2.012692
-0.043005 1.694567
-0.323328 -1.039435
-0.951298 -3.002209
-0.462918 1.976229
-1.190192 -0.222955
1.154987 -0.485343
1.392388 2.192013
-0.533985 -2.849842
0.741185 2.573855
-0.967942 -2.051983
1.742145 0.443177
-0.617626 -1.941042
-0.988611 -0.398292
-1.048109 -3.249411
-0.912892 -0.738523
0.486347 -1.131288
-2.165358 -0.756077
1.005997 -0.356830
-1.787169 -1.994919
1.318203 -0.315403
1.450702 1.698108
0.752575 -0.216880
0.742698 -1.113245
0.648672 1.799030
0.578823 1.001056
-0.498805 -1.306013
1.239347 -0.423140
-0.612872 0.555985
0.396132 1.712281
-0.058274 -1.367852
0.132617 0.798188
-1.388917 0.130908
0.745892 -0.983742
0.121507 1.970024
0.800805 -0.834843
1.515856 2.036603
-0.186109 -2.785140
-1.124576 -1.478912
-0.933230 -0.888568
0.009750 1.438514
-1.694146 -3.260088
-0.843548 0.174760
-1.187169 -1.467717
-0.610099 -2.790675
0.752126 2.387041
1.411284 0.114766
0.759309 -0.075660
1.114392 -0.147045
-1.747004 -0.971340
1.173993 2.446659
-1.719805 -2.187682
1.182695 -1.142835
0.763310 3.632938
-0.685307 1.832320
-0.010931 -1.673066
-0.051162 -1.098574
0.196818 -2.260778
-0.357268 -3.205121
-1.061086 0.055774
1.468441 -0.139113
1.192184 0.145590
-0.690806 -3.367441
-1.707885 -2.016252
-0.664592 -2.942390
1.485459 -0.069611
0.469237 2.272495
-1.491270 -2.471602
0.164822 2.887587
1.406515 3.011357
0.780230 2.400782
-1.008988 -0.010335
1.363452 -0.079488
0.030026 -1.610561
-1.643040 -0.065672
-1.000019 1.320279
-0.578809 1.040364
1.366997 1.012674
-1.349390 -3.198770
1.513094 0.633323
-1.977431 -2.074594
1.234855 0.222332
0.782644 -0.693216
0.539671 1.954247
0.398110 -2.283752
-1.862898 -3.506338
-0.553745 0.601106
-0.989516 1.118440
0.135731 -1.467904
1.609026 1.588467
-1.657416 -0.598609
-1.136946 -1.501698
1.807263 2.384364
0.942795 -1.375591
0.181709 -0.797629
-0.144871 -1.039883
1.077961 -1.102991
0.049996 0.626855
-0.485778 -1.982521
0.163918 1.064796
0.058896 -0.549676
0.422792 -0.745802
-1.132581 -2.142680
-0.214273 1.143064
-1.359375 -1.135835
0.081298 -0.454977
0.710690 1.377809
0.045084 -0.631386
0.768351 -0.166675
1.316284 -0.778155
1.295351 -0.041466
-0.734842 -1.130985
-0.052786 1.187443
0.161527 -0.878766
0.038247 -0.888616
-1.294342 -1.841143
1.164455 -1.446170
1.172347 -0.097711
-1.757882 -3.797169
-0.710339 -0.230179
-0.564711 1.042270
-0.573560 -2.458147
0.898751 -1.325932
-1.081005 -1.679717
-0.482738 -0.061989
0.627053 0.136220
1.015045 -0.162374
-1.039030 -3.482364
-1.759323 -3.450616
-0.487394 -2.702711
-0.074957 -2.074836
-0.376165 -0.598998
-0.421717 -0.835120
-0.592219 0.941167
-0.166200 -1.526255
0.686444 0.808831
0.838748 0.873605
-0.442444 -1.075486
0.351685 2.644894
1.235960 1.113436
-0.424735 -2.955688
0.050780 0.826803
1.048001 1.501820
-1.604498 -3.923847
0.228956 1.097752
-1.564339 -4.266820
0.223287 -1.703723
1.423471 -0.909420
-1.690289 -4.184541
0.077856 1.747073
-0.606049 -1.000180
-1.631603 -2.596704
-0.350245 -0.189645
-0.536936 1.491034
-0.988225 -2.083369
-1.198826 -3.669053
-1.373968 -1.966360
0.395243 -0.926506
-0.487094 -2.012200
1.228865 2.488646
-0.688696 -2.324289
-0.448045 -0.266517
0.497964 -1.764616
1.699531 1.780735
-1.522528 -1.580657
0.812278 1.540368
-0.148568 -1.784411
-0.385580 0.797688
0.677556 -0.427187
-0.949948 -2.182617
0.430520 0.677359
-0.955208 -2.049254
0.273345 2.717245
0.743029 1.634083
-1.179562 -1.342900
-0.950895 -3.531309
1.272835 -0.303709
1.625769 2.393532
-0.163474 -3.079359
-1.155158 0.277075
-1.338757 -0.546331
-1.087940 0.104298
-1.943070 -1.562617
-0.149823 -1.671140
0.305268 -1.944842
1.587550 2.938412
-1.451225 -0.991413
1.057635 2.343086
0.214141 -1.809046
-1.279974 0.180977
2.233851 3.174711
-1.170880 -0.782348
-1.288236 -0.906849
-1.813199 -2.063406
-0.916471 1.040016
1.292292 -0.008252
-1.588596 0.868890
-0.643746 1.619651
0.697787 -1.514223
-1.075802 -1.758540
0.010285 -0.487976
0.763086 1.650043
1.602006 0.055069
1.378417 0.103934
-0.887945 1.180367
0.818350 -1.417259
-1.308970 -1.042478
1.403187 1.197890
1.612307 0.197810
-1.565541 -3.288978
-1.917802 -1.025391
-0.953481 -0.580071
-0.914761 -2.465882
1.559747 2.007238
-0.122537 -2.033043
-1.303735 -2.590355
-1.082747 -2.966355
-1.119014 -1.015857
-0.051252 1.274055
1.403560 2.718872
-1.840932 -3.783702
-1.512143 -4.011328
0.850550 2.408792
0.013057 -2.118165
0.745817 -0.123309
0.083470 0.716864
-1.237991 -2.922163
1.422249 1.309012
-0.322869 -2.181880
1.204727 0.905573
-1.366799 0.299408
-0.607351 0.300919
-1.484632 -0.879055
-0.167695 0.891128
0.566713 -1.286093
-0.092629 -1.614797
1.373795 -1.495166
1.512464 2.039101
0.380473 -1.878805
0.813715 1.248982
-0.366399 0.635768
-0.317411 -0.110214
-1.536011 -1.778835
1.397887 2.883851
-0.249070 0.908702
-1.069885 -0.192122
-0.580134 -2.403278
0.511014 -0.917302
-1.192476 -1.650231
-1.443997 -3.334888
-1.586819 -2.692311
-0.386531 0.498765
-1.608995 -2.572643
1.091721 2.553450
-1.457070 -4.135878
-1.741195 -3.970114
-1.042789 -4.093525
-0.812843 -0.247419
0.713020 1.963860
-1.373070 -0.924420
-0.980674 -2.524306
1.613144 1.747821
-1.370043 -2.868386
0.054936 1.676316
1.299956 0.273494
-1.310339 -2.052269
0.134619 1.754941
-1.007046 0.487241
-1.111323 -1.591103
1.062465 2.236884
-0.429096 -1.375222
0.979010 -1.063623
-0.049047 0.209235
0.631365 -0.652645
0.177866 -0.067426
1.424324 1.633514
1.384938 0.447900
-1.169250 0.526983
-1.122848 -1.371959
-0.876569 -0.362476
1.081863 3.061901
-1.607643 -4.381071
-0.729584 0.879040
-1.005252 -3.049170
1.297669 -0.549825
1.457871 2.705200
-0.497881 2.079390
0.819517 -1.424780
0.191024 1.783044
1.046438 1.373476
-1.466237 -1.476774
1.631224 2.720769
0.456344 0.098485
-0.994646 -1.145893
1.341572 1.223477
0.340777 0.600529
-0.204631 1.490776
-1.543460 -2.187824
-0.275936 -3.228859
-0.544049 -1.104442
-0.173848 -1.616544
-1.084682 -2.644501
0.147865 1.888950
-0.460875 0.139634
1.160864 0.622103
-0.914628 -3.586784
1.628215 0.899163
-0.882740 -0.454065
1.312742 0.380164
-0.098718 1.457867
-0.452906 1.058280
0.724953 -0.758533
-1.379168 -3.200913
0.006086 1.102169
-0.290631 -0.645503
1.336110 0.553964
-1.078392 -3.178668
-1.757143 -1.580839
-1.164543 -1.788292
-0.499720 0.856319
0.986389 2.174998
1.105387 0.948649
1.044694 2.093153
-1.674700 -2.002570
-1.677185 -0.371572
0.403674 -0.302635
-0.021604 -2.253201
0.483663 -2.471109
-1.381926 -2.112774
1.467845 1.670628
1.433459 2.882177
0.411808 -0.083826
-1.094060 -1.604399
-0.876283 -3.345351
1.318440 -0.807796
-0.554670 0.723431
-1.398953 -3.942883
0.554748 2.579455
-0.260532 -0.886247
0.127920 1.951440
0.471321 0.526007
0.520226 1.674618
0.867669 0.316359
0.470667 -1.528374
0.685162 2.683209
1.340712 1.862382
-0.906389 -0.625665
0.251443 2.026864
1.730149 2.557025
0.138457 0.139396
-1.035187 0.652253
-1.741600 -1.858126
-0.520433 -1.836860
-0.096892 -2.755366
-0.066955 -2.706236
-0.671815 0.720370
1.265674 1.320740
0.676287 -0.798529
-1.454571 -0.589312
-0.362434 -2.947742
1.091828 -1.582524
1.077786 1.312697
0.768411 1.069474
1.499682 3.199191
-0.072430 -1.926510
-1.294953 -0.353853
-1.198372 -0.529649
-0.072965 1.594723
0.614684 1.071157
0.565218 1.671450
1.011761 0.011285
-0.815101 -0.341074
1.115033 1.147299
1.384306 1.236848
-1.472602 0.509079
-0.169439 0.581389
-1.882425 -0.411022
0.823372 -0.760007
-0.862342 -3.063479
0.764837 1.803646
-0.290360 0.327672
1.812730 1.198840
0.624396 2.619857
0.311764 0.940263
0.778287 0.460727
-1.802092 -2.680874
0.202408 -0.314387
-0.512538 -2.921232
-0.868868 -2.097507
-1.291767 -3.571798
0.561938 1.206050
-0.811632 0.066198
0.247484 -0.299053
0.111906 -0.100475
-0.818893 -0.768624
1.426665 3.117001
-1.083047 -0.321915
0.740349 2.653244
-2.242360 -5.388217
1.604535 1.389031
-0.879301 -1.860143
0.043192 -0.600910
-1.870109 0.157370
0.199696 -2.137984
-0.934995 0.536096
2.161820 0.664368
-0.356507 1.020791
0.759526 2.162410
-1.242211 -3.567393
0.805187 -1.036224
-1.306178 -3.415582
-1.494081 -1.317961
-0.219680 1.153328
0.858439 1.231588
-0.193772 0.592673
0.676413 1.130878
-1.798084 -3.018443
1.788845 1.697686
-1.197562 -2.153510
-0.183111 -1.568615
-1.478646 -0.249944
1.004049 -0.736118
1.670027 1.783033
-0.859388 -2.201262
-2.033354 -3.445109
-0.451447 -0.567087
-0.387199 0.365457
-0.832295 0.040693
1.171127 0.741287
1.153656 2.651346
1.054338 1.807781
-0.840970 -3.791770
1.401756 -0.495286
-0.741413 0.976606
1.103541 -0.134641
0.643795 -1.370564
-0.411223 -1.563985
-0.293968 0.764795
0.044963 -1.557417
-1.009486 -3.445564
-0.557694 -1.245417
0.622101 0.792238
-0.783819 -3.318835
1.290962 0.896637
-1.077466 -3.443426
-1.080692 -1.761399
0.650953 -1.485131
0.120132 -1.644263
0.659914 1.782521
1.455748 1.682020
0.557267 -0.378743
-0.034254 0.631295
-0.697812 0.133684
0.100702 0.038645
0.027393 1.420998
1.209102 1.405804
-1.445286 -1.054565
-0.218882 -0.836771
-0.719690 0.179825
-0.525041 1.562052
-1.642346 -0.718879
1.378517 0.642449
0.730115 1.579563
-2.213112 -0.153568
-1.244786 -2.417603
-1.327191 -0.919371
-0.723051 -0.496708
0.026386 -0.346497
0.064955 0.576145
-1.038576 -3.503912
-1.563284 -1.979684
-0.659940 0.898842
0.713032 2.806469
-1.279725 -1.064749
-1.501241 -2.797722
-1.006056 -1.174956
0.871134 -0.913464
0.068098 1.680132
-1.557342 -1.232171
1.476350 1.199965
-0.386040 0.444430
-0.422259 1.821152
-0.473143 0.121539
1.050468 2.377427
0.164477 2.123286
-1.489510 -3.323019
-0.787845 -2.823610
1.161928 1.080440
-1.780905 -1.133364
-0.731162 -2.319222
-0.460858 0.087912
-0.850895 0.613046
-1.471356 1.218944
-1.431996 -2.417676
1.346913 1.998168
-0.916101 0.549760
-1.405985 -0.782207
-0.415476 0.025637
-0.877959 -0.176210
1.476057 0.056745
1.249022 -0.370087
0.931762 2.102078
-0.555644 -0.326476
-1.383893 -0.257316
-0.984568 -3.809377
-1.473770 -3.740874
0.703956 -0.082555
-1.519123 -3.678060
1.305983 -0.261958
-0.150171 -1.647453
-0.790808 -0.359579
-0.417442 0.389630
-0.090703 -0.443643
0.153140 -0.291674
-1.012231 0.861601
1.334337 -0.462267
-1.265786 -1.647887
1.112151 1.918992
-1.224696 -2.175148
1.172651 -0.413952
-1.997599 -2.964922
-1.135254 0.622025
1.161983 2.832631
0.472449 1.870712
1.579753 1.316433
-1.152003 -0.759864
-1.512014 -0.965250
-1.600161 -2.894140
-1.632419 -1.499205
0.505991 1.046423
-1.290314 -2.889136
-0.599233 -1.956092
1.141237 1.020887
0.178071 0.240444
0.820083 1.694437
1.146454 -0.090697
-0.354720 -1.985453
0.768531 -1.311002
-1.602519 -0.907951
0.494600 2.347140
-1.667144 -2.936852
0.268159 0.867516
0.421712 1.085668
-1.700416 -1.476987
1.843476 1.682675
1.184619 1.614559
1.175646 0.181138
-1.167170 -0.720005
-1.376240 0.355552
1.536978 0.622900
-0.443848 1.304674
-1.509573 -2.173893
-2.008262 -1.105271
-1.142673 -3.919918
0.477059 1.557522
0.494260 -1.313860
0.014880 1.036798
-0.824143 -1.063502
-0.478978 -3.158572
0.977102 -0.744150
-0.402143 1.817830
0.962670 -1.510554
-1.598089 -0.480402
-0.632985 -0.570915
-0.567114 0.961807
1.893918 0.702793
-1.287445 0.951733
1.667602 1.083536
-1.781325 -2.880785
-0.404039 0.517672
1.700348 3.143886
0.819769 2.169214
-1.009618 -0.817112
-0.393052 0.234648
-1.385802 0.551400
-0.104380 -1.020356
-1.205497 -1.137631
-0.096733 -1.737998
-1.436676 -4.661490
-0.162737 0.345772
1.361000 1.308177
0.119179 0.880420
-1.076811 -1.761449
1.012030 -0.060213
-1.517636 -1.426833
-1.020489 0.507838
-0.351765 -0.071235
-1.726488 -2.772813
0.191962 -1.551661
-1.768310 -2.186191
-0.703680 0.323672
0.745924 1.139883
-0.471136 0.857121
-0.508710 -0.285795
-0.037502 -2.842583
-1.417827 -2.689916
-0.530117 -0.145927
0.628015 -0.049543
-1.221303 -0.649456
1.093281 -0.733006
-0.920873 -3.718234
1.569445 2.239269
-0.961697 -2.256818
-1.646191 -0.210360
-1.846769 -1.546575
-1.507247 -1.763378
0.829443 -0.149495
0.152976 -2.819560
0.260985 1.732706
-0.548542 -2.050770
-1.109560 0.012083
-1.853001 -4.067440
0.976656 -0.673325
0.560078 1.037636
-1.170189 -2.634823
-0.137743 2.203881
1.130656 1.798606
-1.790181 -1.797862
-1.259456 -1.085146
-0.320295 -0.669118
1.303513 1.512013
-1.515904 -2.561531
0.037890 0.323085
-1.603065 -0.366578
-1.465724 -2.849483
1.231870 0.705508
1.724387 2.275075
0.326756 1.551129
-1.405869 -0.851718
-0.038413 -0.559184
1.178748 1.182430
-0.924936 0.334405
-2.018055 -1.878881
-0.150636 0.428997
1.002461 0.572326
0.330505 2.032766
0.677387 1.513671
-2.128757 -1.937447
-0.391636 1.587052
1.052746 0.543350
-0.952220 -2.213213
-1.464585 0.532970
-1.372081 -1.759646
0.632673 -0.326125
-1.564229 0.538445
0.029954 -2.106530
-0.189834 -1.286511
1.397172 0.499221
-0.350133 0.670832
0.849633 2.179443
-1.872731 -4.149867
0.760740 -1.440012
1.503105 0.365784
0.857423 2.626695
-0.572500 -2.157393
1.284052 -0.935362
0.636570 1.050990
-0.362854 -0.810799
-1.043295 -4.032463
-0.019157 -0.952635
-1.468937 -1.337101
1.363107 2.886377
-1.993349 -0.912626
-1.252526 1.618610
1.195148 2.456209
1.442779 1.395341
0.390024 -0.872655
-0.670723 -0.768714
-1.779396 -0.797198
-0.503677 -3.321605
-0.175586 0.088045
0.551443 -1.216273
-0.098969 -3.408414
-1.243567 -2.952218
-0.032800 -1.330216
0.476650 -1.089108
-1.742735 -3.177689
0.128439 -3.084747
-0.859139 1.007254
0.502446 0.156969
0.308390 -0.369982
0.800817 -0.898751
-0.728796 -3.118145
-0.246951 -2.893147
-1.644401 -2.845229
-1.350225 0.976818
-0.644970 0.296497
0.077438 1.571815
0.435502 1.915856
1.014578 -0.953677
-0.858055 -1.325476
0.011430 -0.873078
-0.677294 1.375497
-1.774394 -4.205051
-1.014035 -0.404858
0.596180 -1.987450
-0.518472 -2.587758
0.719078 -1.118978
0.234151 -0.583601
0.165450 -2.021141
-1.388197 -1.327909
0.972818 -0.656325
-0.805224 -2.713387
1.180081 0.716886
0.793063 0.179280
-0.603130 0.898254
-0.039014 0.013355
0.777732 -0.155374
-0.075363 -1.248424
-1.217857 -2.064240
-1.431997 -1.984650
0.067470 -2.030160
-0.994088 -3.239249
-0.217950 0.599788
-1.367465 -1.585957
-0.191749 1.520806
-1.114562 -0.840092
-0.955436 0.011709
1.396297 -0.037290
-0.064246 -1.644868
0.786189 -0.945070
0.407701 -1.125251
-1.247277 -1.141532
0.432901 -0.064540
1.312198 2.185379
-0.102304 1.709159
1.862438 0.065633
0.215626 1.043902
-0.253708 0.772207
0.871074 2.156517
-0.615875 -1.779850
-0.463816 0.365007
-0.670086 0.735293
-1.269921 -3.526760
0.537906 1.161967
0.660444 -1.273118
0.507850 1.002109
-1.469500 0.182026
-1.728538 -1.122864
0.981747 -0.094318
0.585840 -1.203877
0.031251 -0.769870
-0.909525 -2.773430
-1.947230 -3.170960
-1.278273 0.061441
0.068501 -2.150415
0.111377 0.750842
1.029455 0.796279
0.747727 1.609936
-0.240105 0.061172
0.852280 2.138936
0.375822 -0.761104
1.164401 2.726810
0.434484 1.958833
1.697107 1.025348
-1.516467 -2.827837
-1.124387 0.665664
1.122184 0.363437
1.109445 1.245069
-0.139031 0.734428
0.625087 -0.862530
0.969803 -0.537525
1.733294 0.302274
-0.983656 -0.030499
-1.452140 -2.246949
-1.744042 -1.299778
-0.411925 -1.114268
0.741759 -1.136217
1.257417 2.349524
1.426119 -0.710719
0.460620 -2.176543
1.405500 0.356874
-1.381324 0.515503
0.045547 1.045060
1.620690 0.210888
-1.256154 -3.332189
-0.199521 -0.433601
-0.142875 -0.009212
0.964262 -0.237380
0.545121 1.943109
0.009039 -2.040330
1.364784 0.146028
-0.922073 -2.994513
-0.426786 -0.923583
-1.096211 -1.467276
-2.150321 0.098131
-0.846535 0.035095
-0.610282 0.595233
-1.302216 -1.122545
-1.373459 -3.263210
1.522018 1.019881
0.274300 0.244619
-1.472382 -0.258157
0.651451 -0.673009
0.218900 -1.212486
-0.867775 -1.245314
1.358800 2.849546
-1.494591 0.111730
1.694386 0.989644
-0.147985 0.075996
0.889400 -0.959850
0.913935 -0.647554
1.093618 2.658379
-1.616315 -3.303433
1.155441 0.213060
0.084788 0.932132
0.805012 0.397869
0.819928 -0.357466
0.546645 -1.099464
-0.820949 -3.825831
1.592584 2.610575
-1.157203 -1.050663
0.543421 -1.143780
0.220930 -1.121852
-1.436237 -4.809912
-1.604902 -2.724041
-0.875701 -2.741468
-1.221375 -0.478230
1.525235 1.541245
-1.764761 -3.924423
0.035861 -0.027770
-0.905651 0.097630
0.382230 -2.278080
0.899926 -1.022548
-1.286286 1.263217
1.889402 -0.619726
-0.221222 -1.243434
-1.215529 -1.417505
-0.800188 0.078064
-1.100124 0.584377
1.734904 0.589058
-1.629183 -1.982115
-0.422657 -0.253855
0.464266 0.831043
0.045463 -1.854661
0.684179 -0.017394
0.888641 1.033920
-0.033930 1.529906
0.384294 1.975053
-1.576804 -1.816490
-0.646049 -0.291287
0.450985 -1.152276
1.644263 -1.443524
1.073621 -1.036696
-0.216538 -1.804180
-0.807138 0.098632
-0.443153 -2.192389
0.630438 0.967954
-0.964370 -2.273275
-1.298123 -2.499040
-1.226138 -4.061579
1.242702 0.596404
-1.386486 -1.432300
-0.960249 0.680504
-1.523752 0.559822
0.960321 1.362504
-0.382022 -2.130322
-0.801206 -1.484225
0.576327 -1.884828
-1.133786 -0.997246
-1.043944 -3.353308
-1.450422 -2.585067
0.506521 -2.038826
-0.149775 -0.605630
0.514752 0.089891
-0.968155 -3.160633
0.018185 -0.093906
0.940201 -0.532292
-0.572683 -0.005979
-1.400917 -1.601727
0.619745 2.323159
-0.695168 0.010949
-0.408970 -1.174667
-1.244740 0.666138
-1.806674 -3.603827
-0.134038 -0.723432
0.000915 0.811857
-0.335856 0.426894
-1.895702 -3.721192
0.637721 -0.571177
0.922772 1.036591
0.259348 -1.871754
0.465248 1.279910
-1.274163 -3.264668
-0.998528 -0.835541
1.289111 0.987507
-0.602515 0.569784
0.566168 -1.050336
-1.708462 -3.090245
-0.069662 -2.514949
-1.272937 -1.740859
-0.317368 -1.541910
-0.876458 1.099568
0.153258 -2.525257
0.369306 -0.225499
0.409327 -1.685969
-0.900129 0.631535
0.820781 -0.151797
0.408868 -0.682360
-1.392449 -1.593558
-0.464857 1.121301
-0.345301 -3.085319
0.387380 -1.005847
1.333202 1.676724
0.279902 2.440164
-1.557263 -0.288732
-2.108791 -2.226304
-1.518379 1.259308
1.795609 1.478748
0.110628 0.856480
0.490021 -0.719170
-1.628632 0.042736
1.243603 1.663889
0.839915 0.390203
0.531385 0.177336
-1.926179 -3.028641
-0.700959 -2.059765
-0.586217 -0.646901
0.050646 0.096886
-1.909991 -0.667507
0.684940 -1.105604
0.867776 -0.101728
-0.864258 -1.233845
0.391978 -0.474141
0.274416 1.866781
1.318617 2.088395
-1.102568 -1.648746
-0.412025 1.545983
-1.329815 -1.448105
0.108484 -0.502082
-1.196998 -2.475345
0.305405 0.625595
0.126169 1.193138
-1.323689 -1.916757
-1.754898 -0.889567
-0.962663 -0.619229
0.445618 -1.467897
1.165059 0.310085
-1.156672 -1.368982
0.004063 1.875466
0.796473 -0.252008
-1.497275 -2.109139
-1.936718 -1.220763
-1.266175 -4.454688
-1.744930 0.155663
-0.701552 -0.025214
-0.542915 -3.246495
1.177070 2.039661
0.264532 -1.148004
-1.346090 -3.858819
-1.800171 -0.566507
-0.578141 -2.098778
0.254255 1.660825
-1.078856 -3.502206
0.694089 1.390734
-0.895827 -0.459258
0.739239 0.580083
-1.087584 1.505648
-2.083791 -0.620581
0.921791 1.741450
0.611782 0.601616
1.180526 0.432746
1.333716 0.329196
1.695745 1.021026
-0.465799 -2.230615
-0.010306 -0.680968
0.889402 0.621159
0.109205 -0.800634
0.711815 -0.672680
1.533329 2.212161
-1.014651 0.742686
-0.212397 0.435966
-0.242041 -2.182348
0.511383 -1.038593
-1.975004 0.072497
-1.803423 -1.055446
-0.580398 -2.191217
1.725138 1.688174
0.269302 1.359262
1.467966 2.240451
-0.086869 0.856097
-0.840375 1.568898
0.432767 1.824572
-0.528013 -2.318238
0.495388 0.092467
0.989986 -0.842391
-0.476300 -0.440193
-0.630782 -0.233798
-0.604136 0.617867
0.721590 -0.055818
-1.071227 -1.291279
-0.062895 -1.278522
-0.573550 1.587599
-0.337360 -2.557366
1.109259 0.597750
-0.091053 -1.842569
-1.552701 -0.062490
1.598830 2.229731
1.220377 0.859211
1.197890 -0.656763
-1.085389 -0.419091
-0.897565 -3.109379
0.330676 -0.053316
1.530210 2.147832
0.451470 -2.317298
-2.301734 -3.423615
-1.483612 -0.543433
-0.262137 -2.432312
-0.852752 -2.553896
-0.037187 -0.931759
1.158724 0.292266
0.554854 0.696331
-1.201465 -0.574564
1.887814 0.772532
-1.479718 -2.999835
-1.088687 0.676325
-1.201594 -3.520238
0.824131 -1.216129
-1.630814 -1.566591
-2.216202 -3.005821
-1.926973 -2.135029
-1.416338 -3.253877
1.236027 1.481583
-1.737171 -2.631423
1.753171 0.903604
0.463925 0.931490
-1.527250 -3.632289
-0.727352 1.055680
1.189965 0.028953
0.586220 -2.031875
0.591752 0.031777
-1.001372 -1.442220
-1.491158 -3.060317
-1.505879 -2.599228
0.788867 2.782277
-1.654364 0.281596
-0.754570 -1.259928
-1.279200 -3.507351
0.695097 1.082249
-1.544584 -0.909304
0.145396 -0.123137
-0.715657 -2.783334
-0.916393 -1.687081
-1.638375 -4.351604
-0.526023 -1.408512
1.304856 0.208266
0.527108 1.871878
-1.639904 -3.402224
-1.301953 -0.568433
0.272683 0.810011
1.121581 1.704142
-0.816768 -3.623125
-0.579261 0.652466
-0.938270 -0.001062
0.331825 -0.864770
-0.465802 0.179620
0.451746 -1.156278
-0.786062 -1.773203
1.144123 2.096218
-1.192141 -3.122550
-1.113681 -1.009962
-1.095486 0.157699
0.472948 -1.161350
-1.549060 -3.419603
-0.405003 0.659037
-0.107497 -0.136165
2.036029 -0.325455
-0.556426 0.263312
0.015564 -2.115007
1.783566 -0.412239
0.270046 0.831152
0.918687 -1.081214
1.139088 0.241505
-0.614737 -0.635945
-1.549811 -2.167641
0.767954 0.964084
0.121876 -0.366112
1.547862 1.391046
-0.542460 -3.209489
0.483172 1.571803
-1.815604 0.720041
1.173080 1.421048
-0.404861 -1.607215
-0.011899 -1.368674
-0.430860 0.897529
0.104082 2.283599
-0.280860 -2.417125
0.623172 -1.931879
-1.019635 -3.261427
0.262632 -0.343207
-0.649907 -0.153175
0.346739 -0.134198
-0.480435 0.681768
0.648120 2.281766
0.297764 -0.417117
-0.462808 -1.775285
0.872222 -0.970971
0.645494 -0.912463
-1.687158 -1.397505
0.391513 -0.615800
-0.396207 -1.316158
0.473434 0.929108
0.469504 0.063033
-0.128606 -2.050182
-0.573839 -1.778075
0.937988 -0.553131
-0.515565 -2.262303
0.782960 1.264074
-0.587092 -0.967311
1.168741 0.236193
-0.733897 -0.874284
0.881204 2.629298
0.693360 1.839982
-1.251566 -3.321028
-0.780447 -0.145413
-1.851080 -2.849874
-1.139611 0.231255
-0.929507 -0.150331
1.069421 2.071481
-1.541773 -3.485053
-0.247913 -0.362734
0.047922 1.716527
1.282904 0.000065
-1.916060 -1.101233
-1.645041 -1.684522
-0.638529 -1.671703
1.218621 -0.926129
1.957236 1.432555
1.172626 -0.653886
-1.184710 -3.213192
-0.480652 -0.226170
0.400202 0.413683
-1.945041 -1.130215
0.636883 1.362626
-0.062107 0.350504
0.206824 1.559947
0.327290 -1.230816
1.328236 0.573644
-1.518171 0.164653
-0.916397 -3.798480
0.025587 0.227301
-1.258796 -3.608041
0.604735 -1.962015
0.430970 -0.512923
-1.317173 0.025106
0.744518 -1.001033
-0.609229 -2.123073
1.166603 -1.303958
0.516247 -0.473914
-0.094159 -1.547781
1.184664 2.759863
-0.308621 0.867666
-0.556008 0.491411
0.803409 -0.919184
-0.733171 -1.305043
0.319909 1.908297
0.809169 1.701028
0.340595 1.276066
-0.333289 -2.825639
1.039370 2.444076
-0.906582 1.613886
1.193287 3.101874
0.517451 -2.543715
-0.455246 -1.572300
-1.752474 -0.357086
0.689862 1.104812
-1.893907 0.520055
1.010659 -1.270728
-1.571457 -4.720717
0.937105 -1.427711
-0.938813 -2.147794
-1.054435 -0.731378
-0.338877 0.015464
-0.032102 -0.359424
-1.593226 -0.988519
-0.266555 1.131294
0.561456 0.620577
0.024782 1.347514
1.121440 -1.377254
-0.701906 0.083433
0.946670 0.543568
-1.183069 -2.416089
-1.802192 -0.962567
1.049966 3.260175
0.220377 -2.186389
0.722976 -0.880214
-1.130334 1.331537
1.643184 0.595774
0.543648 0.981024
-1.004024 0.486825
-0.740158 -0.333100
-1.032230 -3.816065
-0.012062 2.026903
0.732138 1.625025
-0.399074 -2.249596
-0.074046 -1.806430
0.125780 2.349082
0.039056 2.279830
-1.792848 -0.393376
-1.561491 -1.747618
1.234816 2.053606
1.168668 -0.507806
-0.886023 -0.842033
1.171307 0.943881
0.549329 1.258611
0.079578 0.515630
0.476544 -0.683084
1.945656 0.801160
-0.969457 -3.257945
-0.108840 -0.375955
-0.576346 -0.789973
-0.891767 -3.176820
-1.462362 -2.528782
0.524521 -2.076418
-1.642431 -1.208635
-0.976042 -3.436041
-0.449997 1.101035
-0.695920 -3.071980
1.667253 0.405761
-0.848587 -2.288543
-1.076617 -1.625890
0.373178 -0.324345
1.002609 0.535350
-1.359589 -1.700680
0.438489 1.474113
-0.049666 -1.161281
-1.405826 0.522960
-0.225606 0.504069
1.057959 2.998559
-0.915537 -0.653989
0.991047 2.143102
0.068314 -0.728084
-0.568306 -2.618695
0.466972 1.043519
-0.211779 0.006999
0.942884 1.915215
1.490626 0.639546
0.979393 -1.353657
-1.171331 -3.688623
0.517614 1.384903
-0.248578 -0.031921
0.338706 -0.342099
1.025538 0.368141
-1.092522 0.106134
0.641336 2.294748
-1.295998 0.966370
-0.129363 -0.586001
1.219997 1.600785
1.068362 -0.270452
0.408930 -1.077216
-0.669198 0.585078
-1.264304 -1.954789
-0.284591 -2.668294
0.780565 -0.078358
-0.073034 1.061498
-0.786143 -3.156479
-1.503837 0.374022
-1.137169 -3.735415
1.258365 -0.224612
1.456757 1.562719
0.940526 -0.709597
1.203340 1.240535
0.290804 0.916525
-1.214248 -1.498330
0.857004 1.250567
-0.175858 1.294390
-0.753254 1.249698
0.546212 -1.006035
-0.018955 1.617457
-1.814714 -1.275585
1.077976 0.040847
0.999094 2.140468
1.156656 3.636152
-1.068998 -3.551245
-0.869774 -2.399078
-0.144391 0.707106
-1.554609 -4.025406
-0.297091 -0.341705
-1.086584 -0.209591
-0.297256 -3.154458
1.584926 2.516617
0.128691 0.963430
-1.537023 -0.257309
0.153765 -2.031007
1.104469 1.706222
1.191694 0.448958
1.358443 2.621863
-1.161601 -2.842489
1.302950 1.513428
-0.350366 0.559140
1.929121 1.884657
-1.149515 1.525709
-1.560297 -0.691815
1.122676 2.769622
0.123479 0.331241
-0.905470 -4.076415
-0.169964 -2.142597
-0.558728 0.929806
0.662500 1.255184
-0.764999 -1.960888
1.051804 1.721121
0.647037 0.512485
-1.392048 0.498248
0.206858 0.446760
-1.106549 -0.093940
0.446670 1.609766
1.548410 -0.040338
-1.484817 -0.776532
1.723390 2.279072
0.227088 -1.503642
-1.321919 -1.584004
1.551676 2.971179
1.459557 0.112502
-0.556710 -2.504318
-1.503973 -0.471677
0.890425 1.536019
-0.588905 -1.243577
1.036763 2.650764
0.592650 -0.859054
0.136629 0.518727
-1.289827 -1.813369
-0.687926 -1.722687
0.382938 1.784551
-1.054651 -1.230898
-1.928001 -2.071656
0.846501 -0.299621
1.672379 3.595959
0.647040 -0.268046
1.101030 2.079134
0.762784 0.242753
-0.216370 -1.633892
1.255129 -0.855968
1.346973 1.183649
-0.412710 0.900155
-0.458441 -2.273052
-0.394373 -1.608756
-1.509993 -2.502162
-0.890904 -4.374428
0.875709 -1.321264
0.641356 1.513549
0.214084 0.956794
-0.611046 -2.628947
-1.203492 -1.639041
1.426552 0.856590
0.077796 2.533389
0.238116 0.475699
0.947311 1.053607
1.165600 2.585270
-0.567566 -0.900236
-0.062220 -0.854670
0.951312 2.031163
-0.831267 0.956313
0.241402 -1.578622
-0.409933 -1.308599
-0.763158 0.422063
-0.706549 -2.532783
-0.183726 2.281853
0.527288 -1.197737
0.180294 -0.934569
-2.099625 -3.754960
-0.095306 -2.359946
-0.686279 -1.484980
-1.274316 0.215056
0.103736 -0.886734
0.063640 1.228336
0.300007 -0.127843
0.843269 3.320180
0.803917 0.756891
1.114731 -0.254559
1.684623 1.194533
0.273649 -2.229955
-0.861662 0.139723
1.144433 0.903262
-1.935131 0.561518
-0.092527 -0.984320
0.962258 -1.147342
1.158178 0.832374
1.007596 -0.776605
0.897590 -2.167002
0.162564 -0.516927
0.546670 -0.789159
0.314143 1.493701
0.771154 1.766458
-1.614707 -2.793399
0.539987 -0.427420
-0.965614 -1.135277
-1.073482 -3.145965
0.510564 2.202555
-0.182235 1.086419
0.858512 -1.469585
1.024253 -0.165564
0.622474 2.078297
-0.735919 -2.172194
-0.483871 1.571183
1.196248 1.465763
0.331885 -0.659717
0.770893 0.821624
-1.571042 -0.412388
-0.967839 -1.953378
0.598108 -0.701697
1.430465 -0.164724
-1.159885 -3.551036
-0.230750 0.863786
-1.236740 -1.247136
0.526950 -0.919263
0.457296 -0.050529
0.398458 0.400546
-0.691165 -3.137481
-0.948083 1.470976
1.328992 0.257554
-0.150699 -2.499774
0.476967 -1.676893
0.128657 -0.859204
-0.235933 1.936227
-0.432482 -2.558321
-0.406329 0.424559
-1.021818 -2.622470
-0.408627 -1.302735
-1.557375 -2.176900
0.492035 2.464005
0.883946 -1.603479
0.022595 0.249101
-1.496041 -2.515472
1.230539 0.880286
0.150864 1.095889
-0.933576 -1.664687
-0.141214 -1.178764
1.235030 1.581234
0.479529 0.597253
0.303080 -2.211582
-1.312420 -3.296733
0.793936 -0.182691
1.048028 -0.956062
1.132395 1.445522
-0.106324 1.820163
-0.269648 1.158991
-1.003007 -2.248641
1.001471 1.003218
0.440379 1.798279
-1.947418 -0.257189
1.585656 2.340055
-1.796933 -2.284675
-0.981249 0.284495
0.607365 -0.835550
0.128571 0.574672
-0.889880 -0.195767
-0.479895 -1.288721
0.857227 0.266540
-0.477894 1.688850
0.711222 -0.647520
-1.481300 -2.168410
-0.262839 -2.926365
-1.736407 -1.822986
0.836563 0.425386
1.561262 -0.433508
-1.953781 -0.753466
-1.131531 -4.224186
-0.819564 -0.938958
-0.787675 0.907849
0.603848 0.484979
-0.199764 1.187600
0.041311 -0.273564
0.085121 -0.675112
-1.322665 -1.435702
0.361374 2.411217
-1.360615 1.006043
-1.747882 -2.152591
1.027613 0.488000
-0.832860 -0.472689
0.373570 1.627152
-0.973341 -2.460893
0.484887 1.889990
-1.925571 -3.692763
0.942481 0.294693
0.705292 -0.484671
-1.115937 -2.826024
0.309073 0.362062
1.120447 -0.486472
-1.083054 -3.224240
-0.939911 -3.321430
-1.054871 -0.657324
-1.811921 -3.994178
-1.536235 -1.823750
-1.773199 -0.836428
1.346409 0.013215
1.231843 1.091692
0.009196 1.319832
1.592563 -0.249267
-1.177139 0.102109
-0.995435 -3.239135
-0.287533 0.779359
0.868192 -0.349326
0.166718 0.092961
-0.499472 -2.611549
0.049489 2.008134
0.889238 -1.372127
0.110392 -1.186369
-0.585474 -3.315750
-0.455462 0.683923
-0.040735 -0.303787
1.037638 -1.585746
-0.776679 0.925157
-0.478676 0.196269
0.967815 1.079427
-0.776107 -1.311039
1.444664 1.330649
-1.077935 0.888443
-0.595736 -1.654511
0.585816 1.220764
-1.005251 -0.017843
0.735071 2.024919
0.991093 1.930327
-1.071576 0.970977
-1.450906 -2.430682
-1.339014 0.368545
0.673346 0.731957
0.150047 1.208190
-0.965721 -2.764613
-1.108697 -2.495115
-1.181826 -0.664279
-1.473484 -3.296236
0.773817 0.289286
1.066121 -0.540219
0.505706 -1.535543
0.475724 -1.853369
0.237880 1.701271
-0.205943 1.501642
1.142330 1.592905
-0.766382 -0.320734
1.397550 0.574575
0.155096 -0.689168
0.690661 -0.521100
1.686799 1.682560
0.534078 2.249033
0.076298 -0.470866
0.602354 -1.711547
-1.545941 -0.483254
-0.813006 -1.417979
-0.268602 -1.619922
1.135055 1.651570
0.282041 -0.410739
-1.084480 -1.819063
1.000519 0.764458
-0.791106 0.804865
-1.425580 -0.036233
-0.282766 -1.042272
-0.704489 -3.505367
-0.824715 -1.555622
2.118214 0.709411
-2.013805 -2.673629
-0.566613 -2.354908
1.379924 -0.834159
-0.108173 -2.398101
-0.476675 -2.097986
-1.445798 -0.676053
1.241783 -1.584174
1.157454 -0.019752
-0.959684 -3.099337
0.548675 -0.125194
-1.016012 -1.058425
-1.087166 -2.707883
0.233546 -1.615286
-0.469483 2.072125
0.116231 -1.725279
-0.569239 -0.565687
-1.621282 -2.366556
1.057785 2.026415
-0.223875 -0.841545
1.242662 0.184515
1.415353 1.788802
-0.430960 -0.432088
1.142370 2.509475
1.001057 0.956586
0.062206 -2.597548
-1.319593 -0.359375
1.150819 1.259048
0.809789 0.825190
-1.167362 -2.783468
-0.034069 0.896148
-1.389931 -3.221469
-1.044121 -0.219363
-0.986060 -2.591136
0.987423 -0.568791
0.799863 -0.277318
-0.989370 -2.831342
0.585130 0.417966
-1.070112 -0.706606
1.493273 1.001947
-1.580548 -2.859666
1.728444 1.677134
0.331588 0.070221
0.340282 -0.316110
1.463111 0.293415
1.097159 1.504700
-0.589582 -2.008105
-0.441966 -3.196301
1.647238 2.601174
1.056980 1.108615
-1.159107 -2.006056
-1.065952 -4.132643
-0.437278 -2.970589
-0.899915 -0.188241
0.575421 -1.538251
0.429379 2.410560
-0.880494 -2.944372
0.364560 -1.685269
-1.232801 -3.211976
-0.684336 1.536687
-1.672692 -2.503316
-0.953236 0.351530
-2.117601 -2.040836
-0.223718 -0.449055
0.637143 -0.342601
0.315434 -1.820388
-1.291595 -3.176840
-0.095061 2.048836
-0.804599 -0.492754
-0.929777 -2.727186
1.278457 0.700952
1.646342 0.583890
-1.232389 0.887107
-1.507453 -2.511118
-1.225938 0.015068
1.606102 0.205398
-0.682374 -0.574430
0.531799 -0.902664
0.736326 0.546779
0.325792 2.848439
-1.861210 -2.266228
0.187628 1.407379
1.554688 0.584208
0.805698 -1.876220
-1.288677 -3.252309
0.944298 3.077418
1.159633 0.303939
-1.746396 -3.117237
-0.618896 -0.468463
1.088284 -0.414081
-1.303878 -0.216674
-0.286222 -0.110666
-1.248662 0.263094
0.401865 -1.219856
0.671375 1.859166
1.021845 -1.372493
-1.192212 -1.602775
0.084064 1.300512
-1.659529 0.522917
0.650615 -1.783052
-0.979912 -2.956903
1.265234 0.012655
-0.415973 0.223740
-0.546092 -2.825762
1.353680 0.694582
0.027102 -0.536520
-1.100769 -1.622480
0.997362 1.848460
0.673137 1.646942
1.658219 0.651523
-0.005560 1.332415
1.373381 0.588210
0.003418 -1.641222
0.922743 0.257256
-1.071179 0.685732
1.688781 0.130171
-0.708274 -0.198160
1.754938 2.566228
-1.427844 -2.144521
-0.850609 -2.720830
0.188175 -1.568499
1.099030 1.556164
1.022776 1.713253
-0.737723 -0.981491
1.285840 1.405274
0.008268 -0.350588
0.050828 -0.456958
0.956044 2.316628
-0.510485 0.187782
0.777575 0.097645
-0.138222 2.469517
-1.432845 -2.686442
0.762818 -1.116756
-0.538951 -0.899104
0.073615 -0.186320
1.054439 1.453500
-0.284043 -0.157974
-0.737552 0.406034
-1.671701 -3.231904
-1.597475 -2.550266
0.190763 -1.426345
-0.541713 -0.110788
1.071164 -0.099449
-1.629313 0.851800
-1.632028 -1.250805
0.174724 0.269147
0.936297 1.644683
-0.662405 1.667348
-0.470124 -2.235022
0.083644 -2.554844
-0.194910 -2.976545
1.551157 0.752821
-0.301434 0.694451
-1.169076 -4.482702
-1.306544 -0.067604
-0.427805 0.427818
-0.066980 1.022544
-0.739915 -2.478831
-0.883059 0.231208
-0.059680 1.365968
-0.798398 -0.701455
-1.253462 -3.522966
1.547679 0.068126
-1.879494 -3.722149
1.155639 -0.230742
-0.711415 -0.870396
-0.674455 -0.039470
-0.375033 -0.831592
-0.188877 0.300869
-0.409106 -0.564459
0.300521 0.014425
0.622457 0.551171
0.574890 -0.066394
-1.839156 -1.789330
-1.506963 -2.698636
-0.280366 -0.797164
-2.036287 -0.909740
-1.107463 1.563286
-0.584560 1.073107
-0.059842 0.469883
-0.528269 -1.632134
0.611384 1.624306
0.829435 -1.272618
-0.155480 -2.655616
-1.172888 1.912388
0.048802 -0.915630
-1.290831 -1.439779
1.517679 0.196404
-0.758592 -0.463317
-1.077253 -1.009562
-1.057220 -1.862925
-1.395631 -0.179168
-0.919767 -0.378238
-1.182678 0.166588
-1.086213 -1.222137
-1.213137 0.586746
0.416936 -0.427394
-0.919961 -3.232972
0.996516 -0.872368
0.938660 0.105305
0.316115 -1.209262
0.185099 -0.173247
-1.085011 -3.292324
2.240685 0.951900
1.355992 1.592833
0.880929 0.167805
-0.488672 0.223670
0.647103 -2.422366
-0.556536 1.413119
0.394905 1.271564
-1.879605 -3.366603
0.887678 -1.003298
0.979552 2.107237
1.263121 1.143185
-0.145433 -0.748718
1.059653 -1.239483
-0.375700 -0.723557
0.536765 0.900785
-1.274455 -3.741494
-1.143560 -1.293421
1.135044 0.003879
-1.476676 -3.090473
1.563848 2.582576
-0.819567 -3.276479
-0.460363 2.096693
-0.069317 1.134622
1.302215 1.809631
-0.833840 -3.848353
-0.620815 -3.275805
-0.694687 -2.947511
-0.465882 1.970119
0.380337 -1.608165
1.034489 -0.600487
-1.020786 0.639711
-1.637817 -2.299908
1.297202 1.714292
-0.951942 0.141712
0.054133 0.762440
-0.809984 -1.334906
-1.146640 0.975770
-0.206462 0.727332
1.301252 -0.730480
0.598489 1.052796
-0.452644 -3.156403
-1.988465 -1.730886
-0.400886 0.543242
-1.725064 -3.985499
-1.203207 1.336231
0.830914 0.974005
0.994624 2.235336
-0.163942 -1.360388
0.150292 2.201539
1.097349 2.440104
-0.296077 1.738636
-0.677162 -0.420928
0.964840 -0.668794
-1.349444 -3.778320
-1.350268 -3.571146
-0.939450 -1.064327
-1.169168 -1.278149
-1.533504 0.429877
-0.957470 -2.395185
1.069282 0.189069
0.284201 -1.582243
1.180252 -0.570581
-1.641254 -0.869805
-0.964570 0.108933
-1.707243 -3.810320
0.905775 -1.812029
-1.954191 -3.610908
-0.658280 -1.337516
1.363790 2.309257
-1.593361 -3.258677
-1.383917 -0.417002
-0.420201 0.942775
-0.748935 -1.533914
0.078456 0.702280
-1.439347 -1.845627
-0.880297 -3.410122
-1.134947 -2.354365
0.695014 0.338535
-1.301466 -0.186481
0.397869 0.221484
1.253808 3.029622
-1.160569 -1.736565
1.159537 -1.457267
1.182152 1.150561
-0.815283 -3.328192
-0.271974 -1.864611
1.004056 1.919632
-1.094949 -2.720915
-0.586309 -2.953524
-0.266516 -1.835516
0.292707 -0.598147
0.689491 0.622173
-0.931826 0.678839
0.584974 2.097914
-0.619927 -1.628172
0.608658 -1.204567
0.145112 -0.553863
0.001398 1.074427
1.385260 0.373134
0.324127 -2.161460
-0.575106 -1.333404
1.031621 2.939579
0.596683 0.502476
-0.424452 0.091692
1.569447 2.835415
0.010329 -2.066903
1.677876 0.671376
0.592272 0.349256
0.532610 -1.826262
-1.054282 -3.670879
1.264204 0.110059
-1.191998 0.352047
-1.319398 -2.106372
-0.402830 1.495021
-1.153544 -1.323315
0.887441 3.407780
-1.175044 -3.697960
0.416045 0.857350
0.729132 0.359843
-1.697973 -0.602893
0.549637 -0.487718
-1.265120 -0.657867
-1.584996 -3.684596
0.625007 -1.661980
0.927945 -0.126903
-0.314729 0.762266
0.985471 -0.180399
-0.268366 0.621079
-0.632314 -0.044210
-0.700069 -0.633013
-1.360485 -1.973029
1.401670 -0.001034
0.285110 0.058461
-1.580584 -4.081287
1.067802 0.464153
-0.820074 -1.655633
-0.912333 -1.767547
-0.739829 0.828506
-0.528383 -1.608364
1.055651 -0.186235
-1.136718 -0.108830
0.193009 0.210332
0.242125 1.996055
-1.048705 0.212358
0.701594 0.640753
1.103310 -1.018017
-1.508702 0.496196
-0.316144 0.864441
0.332857 -0.041389
-0.510630 -2.319710
0.997273 0.153009
-0.748224 -0.293707
1.776389 2.038656
1.564622 2.266896
-1.193747 -3.019462
-1.198234 -4.184812
-0.111005 -1.126039
-0.582792 -3.401345
1.559137 1.736209
-1.713389 -2.942476
0.578046 1.568996
0.652147 0.204848
-1.210234 -0.979537
-2.256599 -1.512300
-1.281045 -1.813816
1.186287 0.608689
1.192183 2.598061
0.069339 1.311820
-0.217991 -1.954513
-1.729355 -1.345579
-0.073737 -1.735124
-1.324192 -0.627391
-0.227785 -0.361639
-0.794472 1.539712
1.616765 2.486696
1.151696 0.561858
-1.637218 -0.510122
-1.295117 -0.982995
-0.971719 -2.681751
0.593846 -1.117585
-0.174072 -2.190352
-0.431705 -3.333246
0.293446 1.182145
-1.566842 -0.947798
-1.589367 -2.826989
0.974730 1.963001
-1.386444 -1.078999
0.150575 1.620156
1.406987 0.571969
0.450445 -2.325247
-1.141081 0.921823
0.840134 -0.927178
1.056194 2.343906
0.331000 -0.496974
0.750513 2.106794
1.330435 0.679679
-1.268475 -0.573457
1.485095 1.170384
0.630484 2.379984
-0.979417 -1.096416
0.463497 1.608441
1.356507 2.650854
-0.710580 -1.624390
-0.555217 0.371763
-1.244914 -3.174944
-1.757965 -2.521366
0.614755 2.127756
-1.243955 -0.976404
0.049180 -0.695713
-0.918182 -0.924125
-1.005521 -0.809544
1.037253 1.882495
1.297762 2.307917
0.858694 -0.261664
0.733866 -1.604894
-1.257540 -2.834606
0.791197 -1.495183
-0.070533 -0.247813
-0.931505 -3.372779
-0.457656 0.227331
1.996716 2.504681
-0.745725 0.903330
-0.713806 0.603444
-1.519349 -1.094579
0.797355 -0.361545
-0.808430 -1.288455
0.518547 -0.554307
-0.868795 0.923011
-1.642697 -0.195326
1.339280 1.296628
0.882065 0.445238
-0.381223 -0.304219
1.453113 2.409363
0.195221 1.837469
-0.938254 0.573776
0.078670 1.618430
0.506255 0.747011
0.248019 0.723578
-0.965426 -0.346267
-1.292504 0.210828
-1.188797 -0.824115
1.128564 -1.452536
-1.236702 0.938913
-1.181507 -3.185579
0.557236 2.048630
1.152421 3.133984
-0.685434 1.343452
1.383198 1.583530
1.354451 1.828749
-0.272229 -2.848556
1.188621 0.818918
1.234183 -0.186369
-0.759864 -0.960347
1.002580 -0.958543
-1.880674 -0.911116
-0.313124 -0.151069
-1.462074 -2.955226
0.597423 -0.583824
1.653873 2.356437
-1.490694 -3.920955
-0.762675 0.167704
0.048013 0.827766
-0.679681 -1.955235
-1.157790 -0.420122
1.032273 1.226965
-0.940724 -1.626690
1.517144 2.663990
-1.694943 -2.494490
1.566505 1.989393
0.883510 -1.081882
-1.207976 -1.469532
1.048422 0.348651
0.421558 -1.848749
0.489382 0.881553
-0.896583 -1.779948
0.535465 -2.639207
-1.163805 -3.173667
0.461191 -1.646053
1.794161 -1.184187
0.602875 -0.579568
0.216742 -1.505225
0.894255 -0.949046
-0.086269 -0.752262
1.764256 2.937297
0.533271 -1.011371
0.400264 -1.292133
-0.499689 -2.701427
0.191688 -1.315577
0.313511 0.618361
0.459469 1.708908
-0.907785 -0.448671
-1.085394 -2.703451
0.876463 -2.020433
0.245780 1.463705
2.126122 -0.383048
-0.582505 0.012484
-1.425325 0.581798
-1.206234 0.017646
0.302858 -1.620655
1.784442 2.413034
-0.503699 0.387871
-0.600260 0.343684
-1.242966 -3.611454
-1.191980 0.309582
1.047317 0.662476
0.285384 1.968277
1.306054 -0.379795
-0.861068 -3.035433
1.421388 0.689418
-0.014139 -2.569663
-0.892068 -0.920692
-1.008045 -1.895110
0.689461 0.221900
-0.865372 -3.509954
-0.297093 -2.559244
-1.256647 -2.681486
1.663494 0.192344
0.496333 0.749456
0.393199 -0.609892
-2.314689 -3.678893
-1.335501 -3.634320
-0.414085 -1.564638
-0.555258 1.149760
0.599626 -1.971730
-0.752610 0.391483
-1.631141 -2.911860
-0.504120 -0.783772
-0.731399 0.558654
0.273117 1.478345
-2.079253 -2.703450
-0.320852 0.384619
1.233303 -0.314475
-0.546223 -3.665987
0.704887 -1.955266
-0.042497 0.657842
-0.765788 -0.552437
-1.315802 -3.899669
-0.507329 -3.006979
-1.155443 -4.016737
0.219993 -1.957770
-1.339373 0.181847
-1.069671 -4.157881
0.484882 -1.752472
-0.248972 0.576308
-0.525446 -0.753604
1.297550 0.990660
-1.783188 -0.567350
1.301184 1.481162
-1.078123 0.887018
0.993232 1.872937
-0.228690 1.653197
-0.136163 -1.161776
-0.334442 -0.521278
1.191216 -0.729343
0.263266 1.412003
-1.196839 -0.427673
0.213868 -1.139702
-0.744910 -2.733474
1.725236 2.463330
-0.128892 -1.442097
-1.348408 -0.576461
-0.679505 -1.510183
1.451852 0.769619
-1.540282 0.379360
-0.512189 -0.207248
-0.091283 1.048504
-1.521871 -2.592696
-1.032950 -0.799412
-1.262506 -3.845333
1.385108 1.113350
1.504633 2.920660
-0.075438 -0.752293
-0.065723 1.356048
-0.149261 -2.002248
-1.714917 -3.502607
-0.578425 -2.121857
0.997981 -0.140697
0.897767 2.523605
2.013216 2.963551
1.463544 2.123848
1.472575 0.228823
2.076260 1.812900
0.509086 -0.647265
-0.723537 -2.981174
-0.347347 -1.277069
-0.581711 -2.031214
0.183295 1.430333
-0.600144 -3.243609
-1.093739 -0.209796
1.090851 -1.356867
0.375652 0.209006
1.556335 1.359284
-1.110869 -2.386992
-1.592692 -2.935165
1.379303 0.789724
1.446097 -0.367270
-0.385586 1.632373
0.782242 -0.972161
-0.300481 1.414497
1.316042 -0.777612
1.493495 1.611533
-0.932304 -2.085645
-1.067917 -3.839502
0.252589 -0.872087
-0.612263 0.148733
-2.101878 -1.940620
0.294823 1.920283
1.396648 2.747656
-0.881398 -1.171634
-1.528892 -2.438600
-0.194476 -1.586580
-1.106373 -4.146287
0.428397 1.275980
-0.687046 0.831969
-1.687379 -3.415505
0.771678 1.000948
0.082861 -1.372659
-1.065003 0.318395
-0.819612 -1.244188
-0.231407 -1.047772
0.437099 -0.068439
1.045980 -0.479159
0.154076 0.361069
-1.546084 -0.764244
-0.686760 -2.671897
-2.079013 -2.641627
0.051837 0.278181
-2.044563 -1.973398
-0.031572 -0.435168
0.551389 1.089501
-0.086030 1.275844
-0.762312 -0.370484
-0.204490 -1.072675
-0.920682 -1.015863
-1.589584 -1.646549
0.520951 -1.766339
-1.443687 0.601274
1.022937 1.589307
-2.504611 -2.187479
-0.751920 0.456286
-1.070570 -1.537540
1.165422 0.013144
-1.875647 -3.244954
-1.554507 0.623603
-0.825485 -0.263219
1.246041 0.119363
-0.653521 1.228721
1.215276 -0.483886
0.301680 0.157943
0.471230 -0.776577
-1.003198 -3.456128
0.245035 -0.456032
1.524637 -0.956532
1.722574 1.493630
-0.771718 -1.326945
-0.048070 -0.661226
-1.870583 -1.502837
-0.092705 1.309582
-1.371934 -2.572966
0.712064 1.976720
0.083003 -1.125461
1.284799 0.741088
-1.185309 0.417262
1.323788 1.018807
-1.127634 -2.795525
-1.014737 -2.306807
0.774361 2.281025
-0.775278 -1.512996
0.649047 -1.189129
-1.001018 1.262889
1.005542 0.563881
-0.624143 -0.401028
-0.637805 -3.272334
0.259010 -1.963030
1.335318 1.427538
-0.414326 0.638635
1.472231 0.646305
-0.723067 1.243721
-0.189563 1.423525
1.473400 0.105791
-1.479084 -2.157885
-1.006511 -0.590789
-0.614160 1.134785
-0.000624 -1.081081
0.268329 -1.452775
0.943614 -0.705396
1.112655 -0.323626
0.271278 -1.360079
1.284385 0.134584
0.025939 -0.092660
0.250758 -0.770379
-1.958232 1.557810
1.402272 1.264203
-1.981168 -2.854187
-1.052649 0.490647
1.515817 1.385143
0.006050 -0.386932
1.351779 1.936604
-2.160488 -2.736881
-1.206127 1.651963
0.129796 -0.436267
-0.570060 0.029978
1.430262 1.565765
-1.602501 -2.445732
0.461850 -0.572713
1.340230 0.534234
1.350888 0.274341
1.260966 2.346711
0.976058 1.772530
-0.661202 1.096544
1.575271 1.941165
-0.897008 -3.819553
0.800716 1.398436
0.269317 -2.101130
-1.565245 -0.350633
1.157983 0.136194
-0.571488 0.584634
-0.566584 -2.045168
-1.502282 -1.018358
0.838534 -0.032774
0.273615 0.460649
-0.411920 1.253496
0.662778 1.958331
0.668860 -1.827045
-1.448229 -2.387741
-0.820144 -2.874077
1.297011 -1.060623
-0.977941 -2.558174
0.142261 0.646199
1.926481 2.317810
1.539493 1.020401
-0.682656 -0.225796
0.006627 -2.021253
-1.046348 0.889962
-1.298658 -0.804650
1.152302 -0.673441
0.043591 -0.382789
-0.926455 -0.093931
0.621196 3.102513
-1.259170 -1.288244
0.720467 -0.732798
0.577134 1.741621
0.558482 -1.694680
-0.512052 -1.971956
-0.769489 -1.982953
1.148602 -0.864442
-0.253079 1.180876
-1.336068 0.763525
-1.284766 -2.503043
-1.345823 -3.987966
1.700793 0.112660
-1.932305 -4.877878
-1.730245 -1.753703
0.014980 0.458869
-0.469473 1.347437
0.736022 -1.262245
-0.333975 0.350041
-0.696559 -0.629283
-0.290051 1.992129
0.672253 1.626320
-1.259229 -1.332554
-0.291600 1.307815
-1.023009 -2.016554
-1.211411 -1.157016
1.501594 0.022351
1.290668 3.490358
1.511599 0.603063
1.045584 1.113882
0.454595 0.062893
-1.185595 -4.272781
1.278821 0.613733
-0.310315 -0.648216
-1.709681 -2.729593
0.343328 0.994595
1.236763 -0.764896
-0.568248 -2.056476
-0.067234 0.476503
1.148168 0.555817
1.534419 2.222063
1.005251 1.802755
0.678236 -0.452457
0.444784 0.196381
1.068122 1.475825
-1.355398 -1.810298
0.252981 -0.946630
0.362474 -2.488312
-0.973612 1.086455
-0.352732 -0.225762
1.059695 2.363324
0.040569 0.044450
0.376716 1.843982
1.055390 -1.983620
-1.855900 -0.951430
-0.859801 -1.073536
-1.686265 -1.956512
-0.112247 -0.285311
-0.677083 -0.086529
0.863773 2.188714
-0.034321 -2.532520
0.789877 -0.302205
0.164435 1.695701
1.093312 2.933467
1.353810 -0.982755
-0.555843 0.766882
-1.475697 -3.881337
0.157524 1.465585
-1.400786 -3.056542
-0.264832 -0.783843
-1.417224 -4.272925
-1.482450 -0.037472
0.002641 0.764117
0.905258 1.028356
-0.225707 0.391038
-0.524211 -2.846365
-1.220401 -2.119814
-0.697399 -3.525865
-0.965452 -0.091589
1.082650 1.890273
-0.346983 -3.258694
0.019069 -1.073725
0.196313 -0.115403
0.853557 1.283689
-0.997306 -3.192778
-0.208841 -3.426552
-0.113251 1.200541
0.485182 -0.856880
0.992728 -0.649792
-0.504909 -0.562536
-0.833386 -0.182729
-1.491164 1.170027
-1.723780 0.177366
-1.145463 -0.491031
-1.286696 -2.644644
-0.605196 -1.404664
-0.479449 -0.023961
0.636876 2.318403
1.184836 2.366321
0.526108 -0.676657
-1.555440 -0.374258
-0.552354 1.000573
0.496964 -0.730476
0.980885 0.222386
1.122103 1.070076
0.868317 1.190657
-0.032258 -0.671418
-1.755075 0.327565
0.831297 -0.277731
-0.465755 0.865860
0.952248 1.856063
0.996004 1.221475
1.008123 1.662182
-0.609280 -0.365732
0.961301 1.620500
0.925122 -0.081367
1.458116 1.293508
1.072653 0.361496
1.300362 2.262586
-1.629981 -3.251126
0.981803 1.636672
-0.370462 1.689171
0.166475 0.415112
1.209465 2.347440
0.052985 -2.116031
0.669156 -0.883592
0.518289 1.389884
-0.848652 -0.354647
0.600370 2.473250
-0.585978 -2.933362
-1.121734 0.508301
-0.008318 1.143138
-1.405753 -0.288827
0.710561 1.955729
-1.058121 -1.997686
0.414725 1.394283
0.558025 -2.413940
-1.007651 -1.751772
1.785286 2.767453
0.194729 -0.362514
-1.503463 -2.847495
-2.167753 -1.251801
-1.278561 -2.198075
-0.229201 0.605757
-0.982432 -0.966704
-0.524859 -0.409240
1.376987 0.059064
1.687079 2.931470
-1.144270 1.185702
1.587339 2.676172
0.943841 1.752010
-1.003030 -3.952337
-0.076734 -2.468565
-0.716239 -2.764038
1.647754 -0.027698
1.453813 -0.932791
-0.517040 -2.589399
-0.756465 -4.284163
1.489904 -0.681708
0.370469 1.379906
-1.328379 -0.205178
-1.680986 -2.345840
-1.863593 -0.195704
1.379752 1.045043
-0.949757 -0.897470
-1.032961 -1.531319
1.714714 1.706392
-1.035136 -0.265753
-1.558311 -0.445303
-0.392171 -0.641963
-0.370259 0.708397
0.816802 1.415906
-1.346915 -1.753119
-1.565118 -1.760256
1.381454 2.043413
-0.441914 -0.634944
0.742767 -0.563175
-1.282868 0.802886
0.542673 -0.411595
-0.356007 0.013160
-1.739490 -1.101406
1.252426 -0.929615
-0.122698 1.239137
0.391827 1.011510
1.091461 2.637670
0.548898 0.117440
0.976609 1.593408
-1.067588 -3.443986
0.684526 2.321174
0.676791 1.289037
1.205713 2.369157
-1.615966 -0.598100
0.965277 1.992351
1.353332 0.669050
0.332875 -1.383958
-1.097321 -0.351836
-0.746449 -3.207822
0.689052 2.523774
0.634959 0.157433
-0.663480 -1.421813
0.043322 1.643375
0.625472 1.359270
-1.197569 0.637505
-1.562937 -1.295815
1.055976 -0.525054
-1.076077 0.340930
-1.291753 -0.547728
-0.326297 -0.582544
1.406263 -0.230907
-0.347158 -0.360671
-0.530902 -2.290206
0.087056 -1.612034
0.567349 1.408131
-0.792276 -3.624154
-0.580090 0.113987
0.395314 -0.665894
0.773292 0.641056
0.802484 1.438701
-1.900409 -1.323077
-1.494812 0.294637
0.208890 0.132178
0.778067 1.169513
0.837300 -0.634847
-0.011477 -1.265325
-0.524747 -2.060916
1.664983 2.097392
0.215199 -0.730926
-0.798297 0.565067
-1.819620 -1.282493
1.244162 -0.491181
-0.095581 -0.382757
0.851318 2.533821
-1.657070 -2.045073
-0.595706 -3.753830
-1.634630 -3.140955
0.519463 1.641123
-1.024370 1.037982
-1.533966 -4.514294
-2.021050 -2.995314
-1.404504 -4.303470
0.730642 -0.373959
0.363359 0.148800
1.208302 1.913244
0.221862 1.027655
-1.546774 -1.453285
-1.017667 -2.530602
1.396712 0.058212
-0.352969 -2.224527
1.384694 2.370483
0.483670 -2.500136
-0.338766 0.792930
-0.428694 -0.829936
-1.434478 0.426837
0.977091 3.265534
-1.334653 -1.932965
0.301508 -1.055134
-1.205395 -0.127969
-0.078278 -2.308137
0.807180 -1.875793
-0.237046 1.899049
-0.987017 -2.024600
0.818052 -1.562054
1.006564 0.968443
0.739097 1.873835
-1.598970 -4.587475
1.235064 1.843976
-1.826942 -1.046559
-1.440683 -2.829060
1.171450 0.358121
-1.619390 -0.520324
0.373001 0.219850
1.271887 0.250002
1.751693 1.697017
0.388273 -1.929581
-1.035669 -0.871439
1.110581 2.581007
0.982522 -0.946391
-0.165823 -1.750988
-1.670169 -4.572452
0.004093 -1.103473
0.600799 -1.434207
0.901307 -1.500544
0.980028 2.016615
-0.219285 -0.590273
-0.447801 0.454590
1.081952 0.956219
1.213618 1.160150
0.658222 0.839319
1.194844 -0.600561
-0.064258 -2.208860
-0.662240 -0.172145
-0.284921 -0.852372
1.463979 1.970052
0.374267 -0.498582
1.051189 -0.546355
0.136338 0.016311
-0.615731 1.463547
0.374672 2.843394
-0.781524 -0.471085
-0.055214 -0.931033
-0.913381 -3.395773
-1.574032 0.696796
1.580262 3.425267
1.283776 0.816446
-0.523837 -0.832804
1.547542 2.679779
-0.367157 -1.569594
-0.994927 1.101503
-1.432239 -3.600424
0.690873 1.392057
-0.815205 -1.562672
-1.109391 -2.667432
-0.422824 0.109689
-0.504985 -0.602095
0.274299 1.916503
-0.969445 -2.849564
1.593893 1.845591
-0.910521 1.347186
0.759146 0.355793
-0.312226 1.387116
-0.818242 -0.688762
0.344338 1.771063
0.665397 -0.349399
-0.456046 -1.908030
-0.326088 -1.129767
-0.961686 0.787390
0.441333 -1.808188
0.868032 1.449546
1.228585 1.374179
-1.636687 -3.457558
1.181845 2.452483
-1.483210 -5.126842
-0.061749 0.699319
1.077631 1.649098
0.145478 2.196645
-1.408831 -2.142708
-0.642990 -2.392820
1.137793 0.157907
0.955925 -0.399289
0.583907 -0.846872
-0.741078 -1.614362
0.456845 2.135499
-1.494326 -2.978305
-0.297806 -2.030118
-1.209343 -1.921475
-0.174834 0.699531
-0.076194 1.052014
-0.854661 0.257398
-0.900293 -1.762208
-1.360826 -2.250585
0.972816 -0.306791
1.644688 -0.552762
-1.178574 0.522940
-1.833071 -1.920389
-1.649568 -0.913731
-0.310492 0.163837
0.342853 0.599260
-0.037304 -2.403507
-1.001737 -2.727293
-1.417907 -2.671962
1.107404 1.168211
0.846115 0.750276
-0.398456 -2.057619
1.006316 3.052893
-0.953541 -0.138155
-0.870268 -0.397907
-0.942069 0.764515
-0.013425 0.544504
0.453965 1.567761
-1.444176 -2.338602
-0.740071 0.140763
0.787435 -1.243780
-1.317870 -1.041160
-1.374012 0.041901
-1.761591 -3.193482
-0.862765 -1.986535
-0.979218 -2.441247
0.248831 0.645484
-1.770091 -2.667917
-0.327363 -0.765457
-1.228523 0.400797
0.149133 -2.389838
-0.667107 -1.950021
-0.963504 0.193000
-1.169252 -1.657095
1.329066 1.464480
-0.646223 -0.511146
-1.878729 -1.180855
0.473015 -1.396057
-1.339677 -1.526987
0.692374 -1.606410
-0.556954 -1.049314
-0.162787 -1.710937
0.215179 -1.526510
0.605988 1.257548
-1.000677 -2.018526
1.282336 0.801341
-0.267897 -2.024911
0.015473 -0.689420
-0.798945 -2.921529
0.658682 1.508220
0.073523 -0.112891
-0.318178 -0.089385
-0.356124 -2.779548
0.891981 0.740013
-0.394289 0.537106
0.720608 2.505419
-0.653149 1.577036
-0.958586 0.507014
0.644355 2.475702
0.160878 -0.653378
0.390649 -2.250721
-1.455389 -1.742964
1.265831 -0.850793
-1.350298 -0.883371
0.600910 1.179333
1.005023 -1.084024
-1.867355 -2.058252
-1.706882 -3.805034
0.480385 2.121194
1.597842 0.161401
-1.324288 -2.786252
1.564450 0.697742
-0.277512 -2.476348
-1.232824 -0.989936
-0.021817 -1.811456
-1.368348 -3.613081
-0.970508 -1.646998
1.035854 1.404522
-1.539525 -2.309669
-1.681553 -2.798967
-0.388618 -2.232900
1.378631 1.443559
0.184076 -0.784500
-1.125408 -1.430677
1.192109 1.004004
0.763904 1.901012
-0.897822 -2.215320
-1.189362 -0.506878
-0.073449 -0.345895
-0.966210 -0.317053
1.322604 1.545376
-0.266799 -1.367404
-0.540087 0.666742
0.657160 2.191138
1.051930 1.833207
0.269172 -0.853167
0.195060 -1.158255
-1.468297 -0.063534
0.895827 -0.132689
1.537328 2.525389
-0.930398 -3.753605
-0.169595 -1.501389
-1.955299 -1.185691
1.178132 0.293457
-1.517233 -3.094423
1.617610 1.497398
-1.457095 -2.102525
-0.450367 -1.967036
-1.231832 -0.738521
1.013887 -0.251847
-1.473912 -2.180340
-1.311764 1.131894
-0.162784 0.622987
0.886571 -0.432973
-1.706596 -3.731741
-0.748743 -1.376569
0.303482 -1.865257
-0.494799 -2.885758
-0.217742 -1.359608
-1.172738 0.240522
-1.281460 -1.673040
0.940379 -1.059585
0.025671 1.250773
-1.214503 -3.037067
-0.871768 -3.233945
-1.133399 0.593290
-1.554828 -4.063391
0.337642 2.575230
-0.179795 -0.974271
0.886471 -0.475740
-0.833486 -0.330829
-0.726914 -1.000310
-1.150801 1.138445
-1.322903 -1.091402
-0.331431 -0.006995
0.862678 2.062039
-1.176201 -0.637779
-0.252810 1.052055
0.214908 -0.953161
-2.014509 -2.879439
-1.532455 -0.195598
0.514339 -2.609285
1.131575 1.113963
-0.554296 -2.071955
0.075015 -0.742550
0.533620 -1.589274
-1.025955 -2.250303
-1.169354 1.219521
-0.886345 0.663465
-0.884147 -1.702112
0.308200 -1.366541
0.580343 -0.388950
-0.487413 -2.401598
1.191303 3.813391
1.604648 1.902801
-0.011282 -0.982255
-1.746868 -0.139082
-0.510036 -1.680102
-2.137717 -2.479397
-2.106368 -1.705993
-1.884721 -1.819411
-0.549486 -2.758896
-0.327663 1.472804
1.493052 -0.623216
-0.222665 -1.958499
1.592279 2.262597
-0.496232 -3.035425
-1.503713 -1.651086
-1.021447 0.551825
-0.915555 -1.426810
0.206870 0.901137
-1.323519 -1.307816
-1.636216 -2.901246
0.011462 0.237106
0.486062 -0.991289
1.447163 2.703700
0.647056 0.942447
-0.745665 -3.256785
-0.937141 0.429176
0.516100 -2.288084
1.751665 2.613094
0.277645 -0.787181
1.147402 -1.253651
-0.942223 -0.180903
1.297780 -0.453030
0.439459 -2.196482
0.308708 0.746828
-0.707949 0.406141
-0.799957 -0.203992
-0.888335 -2.509336
-1.589101 -3.922765
-0.513915 -2.011274
-1.487414 -0.779168
-1.027324 -3.278200
1.673066 2.966311
0.960798 -0.808667
-1.534104 -2.753539
-0.321465 -0.445033
-0.348780 0.430626
-0.962826 -2.217690
-0.793664 -0.363185
-1.256915 -2.194507
-1.576717 -2.177769
-1.564342 -3.217104
-1.199226 -2.954625
0.501469 0.722326
0.795606 0.665678
-0.748800 -0.738905
-1.460309 -2.587705
0.562720 0.567823
0.577767 2.292420
0.376535 -0.973030
0.313512 0.011124
0.260994 0.142241
0.406796 2.100826
0.542242 -0.090671
1.789980 1.088653
-1.046194 -2.437918
-1.230752 -0.485700
1.124619 0.900607
-1.721612 -2.355017
-0.186635 1.163517
0.830002 1.786622
-0.278620 0.407359
1.676775 2.590429
0.265832 -1.855017
-0.225792 0.903460
-1.011200 -0.804720
-1.082963 -1.601046
0.024351 -2.005058
-0.573102 -1.800685
-1.574054 -3.792023
0.208939 -0.749468
-1.025435 1.821738
0.083614 1.816805
0.035342 1.628183
0.693922 0.078259
0.027275 1.957681
0.715830 1.828066
0.083293 -1.713670
0.857436 2.452627
0.672036 0.311574
-1.302961 1.337701
0.364035 1.474807
-0.151056 -1.442583
0.959539 -0.835148
0.504259 -1.971605
-1.763882 -2.583252
1.229664 2.109741
-0.332473 0.352098
-0.286555 1.043692
0.314051 -0.373296
0.555479 -2.412049
-0.619869 -1.472105
1.045308 -0.204228
-1.127939 0.819434
0.577453 -1.183799
-0.455093 -3.019418
-0.742822 -1.968637
-0.056725 1.945998
1.224813 -0.465893
-0.986088 0.468830
-1.630502 -0.028320
-1.558485 -0.471486
-0.528632 0.968489
1.271981 2.858602
-1.418564 -3.678407
0.593359 1.647725
0.187236 2.518121
0.160369 0.997033
-0.783150 -0.372547
0.245344 0.173264
-0.733189 0.572879
0.414181 -1.443191
1.066684 -0.181752
-0.023686 -1.932319
-1.749753 -2.950444
-1.545250 -3.275365
-0.530440 1.697422
1.433083 2.361217
-1.021563 0.318326
1.049032 0.033061
-0.548872 -3.111030
-1.683968 -4.425896
-0.099439 0.377495
0.554942 1.442991
-1.281342 0.172301
-1.129892 0.616378
0.466263 2.212350
-1.314537 -1.573876
-1.886119 -1.930817
-0.449654 -1.660252
-0.666971 -0.651515
-1.328714 0.051076
1.257286 -0.550800
0.927995 0.934918
-0.930596 0.876233
-0.515504 -0.994534
-1.608219 -0.843372
-1.612263 0.203857
-1.602896 -2.966069
-0.189139 -2.608086
1.385130 2.761216
1.074953 2.834065
-1.577254 -1.471661
-1.732253 -0.891042
1.370317 2.615270
0.999257 1.950580
-1.734921 -3.407501
0.908048 0.879829
-0.678905 1.132031
1.103956 0.636199
-1.290337 -2.868163
-1.053603 -3.907663
-1.007769 -2.881676
0.998062 2.338415
1.410812 1.222843
-1.117782 -4.147646
-0.671548 -0.778169
1.251449 -0.670432
0.491200 0.210470
1.680387 -1.129703
1.396144 1.195034
-0.778722 -0.469862
-1.027682 -3.652523
1.195482 2.471951
-0.888666 -1.276230
0.734319 0.629215
1.169737 -0.971357
0.411000 -0.805206
-1.246649 -2.476498
0.883050 2.131678
0.625809 2.054519
-1.164428 0.327379
0.506059 -1.413949
0.479384 -1.276703
0.877147 1.289296
-1.288332 -2.737440
1.647651 -1.180464
1.461353 -0.316093
-1.887306 -3.498732
-0.109228 1.479408
-1.368492 -2.772324
1.054849 0.196037
-0.942448 0.109525
0.333368 -0.594008
-0.051863 0.656224
-0.781972 0.335936
0.953938 -1.735031
-0.200025 -1.678407
-1.295939 -1.377560
-1.064527 -0.762815
0.706110 2.590487
1.671148 -0.737421
1.183334 2.484326
0.533905 -0.726564
0.300038 1.206800
1.333072 0.214361
-1.139395 -2.625631
-2.179799 -2.542420
-1.959901 -2.782971
-0.204822 -3.406849
-1.102790 3.027863
0.473457 -0.340765
1.392577 3.810684
-0.934149 -3.168267
0.903943 1.919112
-1.115642 -0.981431
0.851096 -1.619530
1.046994 -0.351632
-1.639510 -1.478634
-1.382889 -1.414006
-1.217713 -0.303326
0.370415 2.018174
0.929420 -0.756992
1.911080 3.202006
-1.664012 -3.308402
1.049192 1.023146
1.600044 1.186877
0.580877 -0.882877
-0.191089 0.811029
-1.115984 -0.716621
-0.967575 -3.002548
0.986130 -0.374495
1.356469 0.620293
-0.928439 1.024957
0.641609 -1.284592
-0.726288 0.322986
0.325791 0.569742
0.544906 -0.881783
-0.695647 0.766394
-1.566436 -4.311785
-0.056554 -2.124140
-0.807854 -2.699375
-0.663603 -0.311682
-1.176090 -2.767792
-0.271295 -2.436920
-0.677784 -0.244048
0.794647 0.195388
0.797037 -0.812825
-1.536357 -0.390694
-1.763892 -2.886631
-0.047116 0.113857
-0.144680 -1.670962
-1.405555 -0.087054
0.470158 2.232427
-1.533873 -1.920604
-1.606600 -1.914650
-1.318362 -1.785840
0.602858 -1.391451
0.906075 -1.113305
0.389116 0.386559
0.317921 -0.727972
1.255272 -0.475896
-0.425919 0.213359
0.084459 3.482402
-1.164934 -2.186151
-1.277250 -3.728057
-0.063636 -2.269020
-0.977679 -1.849342
-0.414308 0.525792
0.530035 1.519803
0.351274 2.606853
-0.519681 0.050668
1.319163 2.631537
0.366622 1.792917
-1.188546 -2.592138
-0.265216 -0.752859
0.785591 1.302334
-1.319885 -0.997747
-1.125905 -1.407378
0.563118 0.791707
-1.687549 -3.937445
0.969222 0.639154
-0.660731 -2.065639
1.525101 -0.651516
-0.639478 1.704151
0.646035 2.162267
-1.284971 -3.376292
-1.542412 -3.564768
0.505301 0.465549
-1.095451 -3.458545
0.894947 1.743509
-1.993328 -4.466709
-1.993870 -2.186926
0.325987 1.117894
-0.753872 -0.043807
-0.570271 1.217738
-0.997265 -3.437214
-0.492112 0.062948
0.048536 -0.521844
-1.235386 -2.969381
0.141436 2.250848
0.157230 0.082951
-1.621554 0.093016
-1.630214 -3.667552
-0.373601 -0.403024
-1.815085 -2.227677
0.518518 0.938811
0.944400 1.914326
-0.307483 -2.914451
-0.563995 -1.453898
0.496440 1.970106
0.081248 1.443147
-0.270519 -0.347658
0.621861 0.089245
0.958376 -0.023164
-0.784308 0.087655
-1.108202 0.136450
-0.617438 0.942323
1.361796 2.125838
1.410331 2.622014
0.464846 -1.719583
1.489136 0.291946
-0.875853 -0.273784
-1.438731 -3.734433
-0.143188 0.402243
-0.431970 1.452859
0.335039 1.041274
-1.291386 0.389870
0.993038 0.402878
-0.864009 -0.448985
-0.847475 -1.131834
-0.238044 -1.795875
-0.565459 0.495264
-1.107278 -2.639081
1.448846 3.335981
-1.401557 -2.955748
-0.478614 -2.463805
-0.375956 -1.558442
0.383557 1.451130
0.805784 -1.460280
0.446737 -1.223008
-2.040622 -3.427844
-0.160356 -0.067588
0.454977 0.326126
-1.325217 -2.657663
0.383586 2.254040
0.977961 1.937944
-1.822985 -0.497723
0.847107 0.102179
-0.531920 -0.601259
-1.199004 1.623760
-1.471764 -0.590285
1.197216 -0.421242
-0.811284 -1.823015
1.291695 -0.862155
0.019534 -0.719075
0.038929 2.191734
0.650876 0.073080
-0.806036 -0.162069
-0.753459 -2.483488
1.402827 1.766963
-0.247575 0.882339
-0.568879 0.068472
1.905091 2.674209
-0.198356 0.688097
-0.861738 -0.825336
0.519330 1.114579
0.991005 1.312338
-2.013023 -3.571267
-1.224327 0.661117
-1.545502 -2.858536
-0.999095 -1.754734
1.923990 3.369233
-0.732064 -1.972382
0.802416 0.679687
-0.394650 -1.023169
-1.328721 0.594556
0.196491 -1.227446
-0.567344 -2.904757
0.549491 1.182824
0.276891 -2.816770
0.237428 1.574731
-0.374078 -0.621048
-1.831972 -1.324958
1.327683 -1.177238
-0.346392 0.203948
-1.256133 -0.233075
-1.350052 -1.305529
1.485623 2.027966
-1.693400 -2.592791
0.934857 -0.146248
1.116634 -0.248376
0.018696 -1.959853
0.867731 -0.664035
-1.107122 -3.757143
0.671098 -1.224304
-1.671068 -3.898239
1.395376 0.972286
-0.647618 -0.141952
-0.138725 -1.336215
-0.061143 -0.902823
-1.026845 -3.340222
0.993464 0.978446
-0.023269 1.706739
0.081535 -0.858258
-0.494395 1.099086
0.503563 0.041996
-0.504721 1.821677
-1.444271 -3.649091
-0.290694 -1.904179
1.083135 -0.571272
1.217198 -1.057094
2.005583 0.363650
-0.938471 -2.573811
-1.366422 -1.904621
-1.151302 -1.049386
-1.099858 -1.665584
1.628926 1.426539
-0.334614 1.893898
0.823557 1.661942
-0.842972 -3.351896
1.744806 2.565298
-0.259998 -1.000972
-0.840550 -2.546219
-0.155385 -2.696479
-0.974498 -0.059948
0.675217 -0.690434
-1.234395 -0.468274
-0.039804 0.548563
1.115088 2.507673
-0.169633 -1.893764
0.110719 -1.877566
-1.489216 1.338305
0.809029 -1.626850
-1.850007 -3.587192
-1.107668 -0.411925
-1.324811 -2.231742
-0.010283 -0.143690
1.433100 2.770777
-1.142838 0.396247
0.947277 -0.369855
1.261566 0.689779
0.988288 -0.862626
1.503532 -0.199098
0.793984 -0.519129
-1.375476 -0.959803
0.336416 1.526256
0.877363 0.397332
0.210742 0.410094
-0.163994 -0.532443
0.283035 -2.036184
0.717939 -0.475233
-0.537082 -2.748411
-0.953897 2.359773
-0.300661 0.957157
-1.064752 -2.514875
-0.871082 1.064872
0.324257 -0.940015
-0.138108 -2.760653
-0.270624 -0.116369
1.460543 1.887831
0.416437 -1.009883
-1.443666 -1.617001
1.274952 2.528179
0.187841 0.717995
-0.164846 -1.701735
1.643568 -0.045218
0.971344 1.561139
1.028129 -0.337730
0.602646 0.506876
0.412692 -0.509823
-0.501373 -2.657961
-1.288475 0.634939
-0.698603 -0.569027
-1.285351 -2.113607
-0.192971 1.490634
-1.639035 -0.645100
1.300732 0.796935
1.144447 0.635407
1.445230 -0.354015
2.016640 0.718820
0.836131 0.361124
-1.569645 -2.356737
1.001686 -0.641283
-1.482605 -3.239321
0.905872 -0.416417
-0.810092 -0.341625
-1.032668 0.832699
1.375821 2.136341
-0.143465 0.911582
-1.468835 -3.476508
-0.694530 -2.930756
0.524823 -0.552768
0.355988 -1.151881
-1.319049 -0.611488
0.995724 1.441400
0.935868 0.057108
-0.461920 -1.509003
-0.272645 -0.541135
1.873623 1.892930
1.259194 3.184918
0.499661 -1.896015
-0.275425 -1.967393
-0.822163 -0.053623
0.767445 0.849421
1.758554 1.162865
-1.072322 -3.476275
1.325346 -0.554156
-1.465295 1.450565
-1.680062 -0.771633
1.212011 0.695724
2.108907 1.129505
-1.322099 -3.029826
-0.387989 0.575339
-0.237153 -2.478741
-1.385921 -0.541279
0.422878 2.343340
-0.738958 -4.029082
-0.256333 0.514001
-0.950252 -3.878452
-0.112283 -0.911204
-1.366515 -3.181130
1.079462 1.420799
-1.305933 -0.966576
-0.076504 -2.014477
0.606190 -0.300471
-1.249837 -1.427215
1.325299 -0.412216
0.978577 -0.458756
0.317005 -1.005592
-1.551179 -0.504839
-0.340281 0.400983
0.461762 2.508828
1.820173 -0.733998
-0.789494 0.946620
-0.718461 -1.054842
-1.602974 -1.700597
0.547412 -1.147061
1.669261 -0.117563
0.889379 -1.128739
-1.450104 0.053954
-1.785246 -3.112604
0.767004 1.750017
-1.188217 -0.584514
-0.138233 -1.839226
-0.365483 -1.997951
-1.526611 -1.377972
1.691166 2.582102
-1.139343 0.140956
0.085523 0.284677
0.744528 -1.238843
-0.567643 -1.024427
-1.197536 -0.544355
1.052488 0.210278
-2.002592 -0.766699
1.042820 1.419073
-0.757935 -0.030000
-0.858084 -3.342164
1.333666 2.963772
-1.133220 -1.229815
0.741478 -0.150099
-0.972786 -3.289998
0.138327 -1.613020
0.056362 0.145191
-1.689021 1.110041
0.422375 -1.977600
0.721501 2.206059
-1.929106 0.842145
-0.378676 0.479764
0.223158 0.206867
0.428564 1.669452
-1.772712 -0.983331
0.749695 -0.792347
0.726657 1.608535
1.004245 0.131787
-1.675259 -2.401043
1.314486 2.747272
0.880397 0.368564
-0.362030 0.609827
1.958273 3.126690
0.607579 1.114189
0.751039 -1.252148
-0.526133 0.469092
-1.753065 -4.407704
0.009434 0.289353
-0.179534 0.335847
-0.652657 -1.161921
1.459193 0.493259
-0.642110 1.248863
0.908338 1.138414
1.258886 1.101923
-1.229700 -2.422307
0.087894 -2.468097
-0.650646 0.176012
-1.014468 0.511623
0.804418 -1.834856
-1.172506 -3.108727
-0.285666 -0.872711
-1.284807 -2.561460
-0.246917 -0.891133
-0.235263 1.615655
-1.929020 -2.755456
0.595224 -0.069012
-1.291658 -2.507430
-0.291286 -0.217736
-0.988501 -1.719072
-1.433131 0.205486
1.351902 2.031029
1.198318 0.980148
-0.475408 -2.737904
-0.322449 -2.822412
-0.215569 0.278854
-1.773548 -3.795937
-1.741304 1.186846
0.446347 2.153029
1.256084 2.647203
0.368461 1.410517
0.541712 -0.487282
1.083292 -1.657862
0.495690 -1.512738
-0.610893 0.271985
1.358739 -1.202758
-0.897344 -0.753101
0.734366 -1.144366
-1.289395 -1.010553
-0.958379 -3.658432
-0.114708 -1.473937
-0.577341 2.555880
-1.088232 0.980901
0.731255 -0.385452
-1.954963 -3.053717
0.781355 1.693713
-1.768707 -2.010795
-0.058589 -0.497524
-0.513205 -2.273995
0.099323 -1.618815
-1.398159 -1.064243
-0.143092 -1.261414
-1.004259 1.687106
1.422233 1.705970
0.220747 -2.017297
0.892416 0.407839
1.314582 -1.119708
1.599233 2.363527
-1.893863 -0.542559
-1.001372 -2.887867
-1.568239 -2.062779
1.681719 2.224914
0.734733 -1.492154
-0.584507 0.856338
0.154046 1.861758
1.252799 0.133511
1.097000 -0.734402
0.871354 -0.337036
-0.644080 -2.637168
-1.745489 -4.131208
-0.911014 -3.954401
-0.125034 1.436130
-1.873317 -2.375571
-0.944430 -1.562663
-1.067326 -1.013518
0.088632 -0.268473
-0.554807 -2.423170
-0.854985 -2.241486
-1.684668 -2.306213
-1.138042 -2.055772
-1.515659 0.076101
1.565219 1.434160
-1.396946 -2.103528
0.835269 -1.048120
1.343586 -0.732302
-1.843454 -1.891664
0.178866 -1.536777
0.889630 -0.285200
0.358185 -1.017364
0.309954 1.268437
0.674086 1.745246
-1.752553 -1.642537
0.012738 1.645014
0.698335 -0.150345
1.271531 1.898992
1.243919 1.106559
0.552089 -1.876076
1.533465 1.637338
1.066671 -0.324880
-0.596838 -0.188907
0.569846 2.064907
1.228010 -0.586531
0.375057 1.012014
0.175057 -1.113903
-0.534139 0.298724
-0.800399 -1.903957
-0.525219 -1.901782
-1.377021 -2.030309
0.721541 0.926556
-1.458937 -0.983048
0.516011 -1.223717
-0.114271 -1.351727
-0.725625 -2.389201
0.237751 0.165415
0.795359 2.320228
-0.768360 -3.657877
-0.627954 -4.299064
0.290834 0.851922
-1.726229 -2.315845
-1.770796 -0.387392
0.012740 -1.692178
-0.260022 0.765594
0.413768 1.543812
0.323432 -0.730572
0.712456 1.833105
0.854917 0.048616
-0.661584 -2.611910
0.566481 1.693083
-1.233248 -3.446111
-1.143290 -1.355316
-1.025853 -1.190881
-1.158142 -0.350044
1.147160 -0.167401
-0.530313 0.885331
0.537589 1.293537
0.294874 1.145731
-0.994640 1.073624
-0.704432 -2.235215
-0.361907 -1.150524
-1.299632 0.036529
-1.147198 -2.568758
-0.143893 -1.524636
-0.312387 1.128851
-0.221629 0.299166
0.733467 -0.552383
1.080074 0.635935
0.067574 0.272035
-0.883680 -1.913668
-1.365348 -0.818842
-0.832514 -1.719639
0.227802 -0.778828
0.790024 1.130569
1.553522 3.020923
0.441240 0.682739
1.700144 -0.308770
1.505450 4.579147
0.929537 -0.347527
-1.125249 -3.566983
1.108833 -0.153283
-0.759704 -0.536868
0.843095 2.824871
-1.441662 -4.030192
1.623167 2.963676
-0.839698 1.178811
-1.291551 -1.527863
-1.824611 -0.476875
0.039538 -1.371418
1.385172 1.117989
-1.000976 -0.549985
-0.629188 1.856845
0.194404 -0.548964
0.157488 -1.789998
-1.470008 0.093622
-1.115586 -2.902104
-0.390195 -0.761386
0.221053 -1.253080
0.676251 -1.498541
-1.657784 -1.075522
0.677941 -0.644488
-1.463030 -3.390445
1.050534 1.259979
-0.146004 -2.754523
-1.445700 -2.178692
0.822841 0.609914
-1.351426 -0.965191
-0.226922 -0.392234
-0.197384 1.263160
1.048557 -1.108639
-0.654933 0.774836
1.958708 0.401969
-1.240323 -1.152611
0.795607 0.984522
-0.836379 -0.481610
1.909560 2.291140
1.094058 0.917340
-0.936701 -2.465464
-0.277604 -1.284099
-1.118345 -3.132653
-1.312016 -0.956657
1.863403 2.287060
0.760582 -0.367284
-0.254596 -3.013032
-0.885836 0.872981
-0.455258 -1.504612
-1.043400 -2.631455
0.220418 -0.465686
0.207773 1.665947
0.772969 1.664105
-1.149230 -3.564114
-1.013240 -0.960216
-0.835368 0.636118
-1.126199 -2.942858
-1.215478 0.317561
-0.631349 -1.199546
-1.012287 1.317927
1.234077 -1.731735
0.674186 0.642039
-0.900461 -2.281417
1.509009 1.365857
0.481393 0.953992
-0.432858 -1.701377
0.541279 -0.439483
-0.066293 -3.652819
-0.348326 -0.666039
0.899538 0.099680
-0.911699 -1.944117
-0.168915 0.115437
-1.934700 -2.747096
-0.051546 -1.310925
-1.068297 -1.892558
0.473345 0.391419
-0.980521 0.100744
1.338263 2.363390
0.572226 2.137358
-1.214023 1.094522
-1.400324 0.306110
0.247740 1.427062
-0.371799 -2.227647
0.036699 0.983683
2.074318 1.613562
-1.638153 -1.176551
-1.558699 -0.923991
-0.744284 -0.942692
0.905270 1.821292
-0.279049 -1.546584
-0.011970 2.655537
-0.183777 -0.958770
0.683340 -2.067890
-1.502515 -2.274972
1.036702 0.412265
0.124696 -0.884181
-1.298066 -3.633691
-1.609505 1.056340
-1.544991 -3.818215
0.281339 -0.575340
0.755568 1.233041
-1.428545 -0.862716
-0.080165 -0.053308
-1.196204 -1.588035
-0.707080 0.226329
0.047465 -1.626815
1.170546 1.688359
1.118906 -0.467085
-0.899770 -3.724875
-0.446052 -2.526002
0.284825 1.352472
-1.204178 -3.082467
0.025290 -0.359152
-1.310710 -0.174270
1.035942 -0.139021
-1.972563 -3.310795
-0.221700 -0.946821
-0.484239 -1.526110
-1.769864 -0.458378
1.115069 0.415266
-0.570320 0.502958
0.061755 0.892020
1.561960 1.924191
0.120301 -1.725326
-1.208958 0.071056
0.777502 1.710990
0.352299 -0.067119
0.523436 2.624500
0.949310 -0.063689
0.313819 -2.035550
-1.637042 -4.412262
0.288880 1.402025
-0.835315 -0.379826
-0.759928 -0.352859
0.578852 -1.776279
-1.135633 -0.229998
-0.993972 0.764083
-0.558128 -0.372971
0.305137 1.600798
-1.300827 -0.863223
0.098129 -1.852107
0.982264 2.422404
-0.515389 -3.103776
0.151370 1.785617
-1.100325 -0.579763
0.614038 -0.367773
1.422574 1.423141
-0.491450 -1.149939
1.405612 -1.033278
-1.823100 -2.310679
-1.120183 -0.991004
-1.230130 0.779661
0.354209 -0.305237
-1.042228 -3.208236
-0.775889 -2.427067
1.537111 1.926299
-0.592799 -2.448797
-1.690545 -0.582599
-0.130198 -1.811028
-1.033354 -0.586520
0.434095 3.139711
0.211112 -2.297650
-1.241574 1.130132
-0.735180 -3.304495
1.282101 -0.014538
0.060124 -1.832603
0.919747 -0.390445
-1.491809 -1.060156
1.169003 2.273683
-1.417481 -0.102416
1.455516 -0.393191
0.101716 1.416654
-1.001500 0.558780
1.240273 0.027675
0.987976 0.807661
-0.204815 0.899263
-0.847909 -1.866143
0.582683 3.115566
-0.734953 -3.129482
-0.871843 1.454787
0.738709 1.516271
-0.293687 -2.398784
1.150013 0.735009
-0.886980 -2.777697
0.858675 2.324828
-1.326466 -3.747142
-0.764670 -1.876890
-0.702646 0.390379
1.115373 0.205207
-1.366513 -1.885854
-0.066130 0.791647
0.782320 -0.516576
-1.032730 -0.223659
0.203226 0.039770
-0.326370 -1.604638
0.881893 -0.685663
1.124787 2.449843
1.334269 1.089861
1.071503 0.607298
0.656039 -0.856008
-1.343852 -0.712600
0.594109 3.028796
-0.229884 0.245139
-0.283661 -1.039658
-0.299230 -3.288853
1.332960 0.362067
0.190800 0.479894
-0.694196 -2.952438
-1.238738 -4.358742
-0.730760 -3.292178
-0.299083 1.648445
1.122882 1.753236
0.177009 1.187714
1.330551 -0.511768
-1.190680 -2.703754
-0.111019 -1.883613
-0.922814 -2.437927
-1.008348 -0.577573
-1.496314 -1.925008
-0.615377 0.251313
-1.336007 0.700618
-0.521912 0.697939
-1.296529 -0.245501
-0.356500 1.796292
-0.411353 -2.724813
1.116350 2.405204
-0.918335 0.763028
0.986531 -0.844823
1.167863 0.996044
-0.115891 0.821791
1.555793 1.715678
-1.714573 -2.430091
-0.570599 -1.212999
-0.652407 -3.101704
-0.139537 0.421321
-0.457750 0.054139
1.295073 -0.154413
-0.204155 -0.257275
0.722845 -0.289954
-1.424126 -1.125842
-1.201247 -1.879707
1.170383 -1.135344
-1.438139 -0.930945
-1.057511 -3.525188
0.562184 1.043336
-1.624496 -0.865222
1.464428 2.892992
-1.584657 -3.380879
-1.521581 -2.760623
-0.707134 1.410290
-1.592835 -3.444173
0.275902 0.661078
-0.625724 -1.214937
-0.029403 -2.099554
-0.037246 -0.873797
0.473625 0.750434
-0.733842 1.922666
-0.727526 -2.821765
1.259854 3.541267
0.805447 -0.092141
-0.394314 -1.044649
-1.202232 1.133701
0.282190 -1.214563
1.213465 1.043606
1.328405 -0.243785
-0.922614 0.455817
-1.658622 -1.295525
1.795008 1.240309
-1.177228 -0.533413
-0.853858 0.091599
0.830724 -0.586822
-0.943534 -0.691019
0.578567 1.355896
1.475642 2.962863
1.064838 0.065846
-1.145361 0.348072
0.593085 0.298032
-1.380896 -2.516914
1.657752 1.654588
-0.140727 2.312069
-1.134018 -1.169154
-1.460632 -0.914790
-0.505327 -2.612288
0.213248 -1.291455
1.036461 2.267675
0.434096 2.859129
-1.098207 -0.392965
0.869556 0.846968
-0.402798 -1.859173
-1.138953 -0.656521
0.892644 2.119963
-0.928822 -3.622633
-1.084347 -3.871516
-1.010968 0.588894
0.013954 -2.129816
0.009411 0.948747
-0.558763 0.875333
0.550900 0.964306
-0.965828 -4.358985
-1.111273 -1.208048
-0.857171 0.575140
-0.424332 0.273866
1.599307 0.195691
-1.332678 -3.180599
-0.211297 -2.579695
-0.449771 0.730176
0.967453 0.076302
-0.755003 -0.578587
0.033944 2.065414
0.169722 -1.477670
-1.047964 -0.356128
-0.767287 -1.072873
1.299115 2.910613
0.786655 1.847452
-0.030165 0.369360
-2.196178 0.249207
-0.949910 0.304836
-1.271725 -2.128557
0.759395 0.202627
0.155290 -0.626125
-1.564531 -2.291579
1.576075 1.835358
-1.487352 -1.938920
1.134858 0.659084
-0.535557 -4.103774
-0.069981 -2.898720
1.470092 1.158549
0.165107 1.953749
-0.426741 -0.304311
-0.492926 -3.110417
1.599110 -0.250502
0.231333 1.527793
0.800714 1.844639
-0.213055 1.305454
-0.617913 -0.811370
1.639833 2.009137
0.368572 0.145605
0.783073 1.789593
-0.175687 -1.706822
0.735822 -1.421659
-1.209636 -2.570725
0.056930 1.968981
0.182472 -1.539801
1.562532 2.491256
-1.687763 -2.799329
-1.123073 0.670975
-0.332474 -2.404123
1.166392 2.878024
-1.414885 0.060963
-0.505765 -1.430345
1.425345 0.375509
-0.167229 0.961274
-0.202168 0.883638
-0.957326 0.757011
1.361793 1.675514
-0.335998 -0.315686
-0.883927 -0.968366
-0.562099 1.384417
-0.173150 -2.643922
-1.454859 -3.596429
-1.020730 0.069443
-0.543147 0.634430
0.324353 -1.926876
0.693407 2.144391
0.344565 -1.488320
-0.149807 -2.590975
1.518416 3.870950
-0.196156 -2.007056
0.420545 -0.755720
-1.113329 1.864517
-0.644748 -3.720449
1.222012 -0.183789
-2.037878 -4.224932
0.031953 -1.474463
0.209242 0.999724
-0.016955 -0.784329
1.106055 -1.096726
-1.184041 -1.830950
0.068646 -2.652225
0.374579 -1.587173
-1.119255 -3.628676
-1.209285 0.259089
-1.410007 -2.952721
0.624255 0.868456
-0.118465 -2.002255
-0.703175 -1.200288
1.105981 0.246893
0.457554 -0.575132
1.204096 1.890135
-0.689679 -1.056209
-0.051769 0.779100
-1.410931 -0.849082
0.307333 -1.362720
0.075887 -1.104249
1.212237 2.774035
-1.492938 -1.526608
0.136289 0.887188
1.149083 -2.073524
1.395927 0.803433
0.324330 -0.995131
0.259920 2.259213
-0.545881 -1.631099
-0.272130 1.611156
1.990059 3.047327
1.337928 0.485821
-1.160177 -0.822407
-1.290191 -2.729521
1.824941 2.682708
0.135347 -0.765225
0.032725 2.190202
-1.316873 -0.685049
-1.070437 -2.744982
-0.791068 -1.934681
-1.422814 -1.734586
-0.602973 -0.332566
0.124613 1.764129
-1.379757 -2.109114
-1.385651 -3.831352
-1.565318 -3.552695
-0.723344 1.465949
1.435581 1.690650
0.083148 -1.181297
-0.169851 -0.072614
-0.683077 -1.361814
0.555636 -1.946848
1.235870 2.407780
-1.431008 -1.731355
1.828084 -0.972653
-0.534609 -0.709295
0.612999 -1.269111
-1.571330 -3.397583
-0.926096 -0.307758
0.857050 2.363795
0.783173 2.748235
-0.626042 -1.405242
1.113035 2.876263
-1.085687 -0.188105
-0.221203 -2.779998
-1.513684 -0.232650
-1.259653 -2.178185
1.560065 -0.350780
0.112719 -1.295440
-1.161048 -3.961088
0.896016 1.208904
-0.746358 -2.442175
-0.073901 -0.079981
0.171866 1.253412
-0.316835 -1.019608
-0.921218 -0.461749
-1.135321 -2.120266
-0.970427 0.827149
0.339703 -1.178772
0.797740 -2.077584
-0.815155 0.462753
-0.725948 -0.432533
-1.001621 0.555478
-2.022909 -2.503309
-1.140519 0.137674
1.144776 1.435477
-0.460035 -1.929970
1.245053 0.763629
0.366637 -0.678046
-0.752139 -2.676656
-0.527048 -0.788317
1.353573 2.033747
-0.393133 -1.666377
0.596850 -0.391404
0.386239 -0.841444
-1.300331 -2.439298
-1.522723 -2.780900
-1.784906 -2.507987
-0.440140 0.009832
-1.231217 -2.994765
-0.182390 -1.230183
-1.153551 -0.184197
0.809691 -0.264701
0.235403 -2.242954
1.143129 -0.755163
-0.454922 -2.692459
-0.150711 1.103193
-0.728835 -3.311406
-0.897279 0.837989
-0.512048 1.327598
-1.648773 1.675979
-0.669398 0.874588
0.127488 -2.063698
1.008956 0.917946
0.647638 -0.912240
-1.444667 -3.005269
0.612244 -1.073818
-0.061302 -2.477971
1.088294 0.519117
0.547753 0.166161
1.408824 3.057691
-0.940817 -2.478297
1.770394 0.460000
-0.014754 -1.442028
1.124543 0.198048
0.446323 2.400829
-1.169815 -1.203617
-0.238777 -1.418218
-0.037334 -0.330440
0.561590 1.598435
1.709878 1.675486
-0.092522 -0.793512
0.783072 -1.213691
-1.086586 -1.032939
-1.449341 -2.222861
0.703239 -0.438830
0.597588 -1.360820
-1.440740 -1.766148
-1.500310 -3.694194
-1.512518 -0.344209
1.619053 0.235524
0.515206 -0.697970
0.427680 1.835501
-0.157856 1.617086
1.091715 0.193010
-0.921472 -1.243886
0.016612 -0.506444
-0.408757 -0.693543
-1.194771 -1.025075
1.151977 -0.930598
-1.617156 0.048708
0.217323 0.517705
-1.412805 -1.858276
-1.738545 -0.978531
1.630738 0.630329
-0.678958 -0.806114
-0.940059 -0.942154
-0.858218 -0.917555
0.319522 -0.409537
-1.352932 0.342202
0.425265 -0.828023
0.341803 -1.187667
-1.327929 1.993721
-0.963997 -3.106372
0.862869 2.212704
-0.429817 -0.609374
-1.020822 -1.786635
-1.728948 -2.018500
-0.988479 -1.598089
-1.557275 -3.110954
-0.888560 -0.636346
-1.439233 0.817986
-1.015229 -2.645065
0.255308 -0.721491
-1.308226 -0.978703
1.422995 2.407816
-1.686627 -2.790479
-0.594500 -1.873058
-0.652868 0.516523
-0.764694 1.473297
0.225087 -0.631617
-0.196267 0.186646
0.388006 -1.249420
-2.010339 -0.898939
-0.320405 2.711641
0.215535 -1.121791
-0.537520 -2.529570
-1.224237 -2.195926
-0.750255 0.595615
-0.144172 -0.141401
-0.221962 0.946269
-0.718165 -1.249232
-0.916541 -1.150387
-0.552549 -1.012103
1.157719 2.946310
0.375655 1.590959
-0.394156 0.117677
-1.040656 -1.941654
-1.044842 -0.939067
0.000862 -2.218542
0.070233 0.350482
-0.409928 -2.694257
-0.956335 0.752792
-1.846610 -2.889162
1.147022 2.552985
-1.224603 -1.457184
0.532688 -2.338791
-1.763382 -3.141416
-0.514491 -1.060685
-1.775034 -1.057797
-1.482492 -4.195993
-1.612761 -3.301022
0.731428 -0.216525
-0.761969 0.286225
0.024700 0.429843
-0.513154 0.475510
-0.975345 1.161882
-0.647770 0.024946
-0.927348 -2.890314
0.517870 -0.045967
0.034169 -2.377019
-1.612285 -3.284373
-0.449056 1.222257
-1.642087 -3.204326
0.540158 1.458334
0.060954 1.812314
0.890895 0.932359
1.661294 -0.397073
-0.204202 -0.038230
-1.434550 -1.421915
0.570827 2.822180
0.466774 -0.365827
-1.069813 1.100161
-0.176609 -2.732038
0.548664 -2.159137
-0.178820 -1.243550
-0.843795 -3.884175
-0.852179 -4.082269
0.116614 1.633061
-0.557684 -3.036760
1.137660 1.511532
-0.490078 -1.051046
1.416757 0.401221
0.786665 1.014605
-0.026275 1.219793
-1.085535 -2.509029
-0.005409 -2.011736
-0.766662 -0.718857
1.177024 0.863934
1.035287 1.551469
-1.309736 -1.813195
0.106568 0.929675
-0.331481 -1.199969
-0.983852 -3.800016
-1.841934 -3.236893
-0.890622 1.382926
0.231278 1.441460
-0.856945 -1.350617
0.445694 0.825635
1.331961 1.634772
1.724940 0.903406
0.878092 -1.841914
1.538244 1.609898
-0.804333 -2.097856
0.494257 -1.205976
1.567526 0.574698
-0.860681 -1.627241
0.759314 1.966737
-0.837923 -3.319907
0.451819 2.073363
-0.501850 -0.193197
-0.264596 -2.063510
0.723071 1.918620
-1.047096 -2.651123
-0.359224 -2.243061
-1.619501 -0.887215
-0.378236 1.828417
-0.284047 1.796189
-1.656581 -5.736720
0.640107 -1.354965
-0.503446 0.167640
-0.865440 -0.287302
-0.650364 0.151215
-0.806193 -2.482167
-1.112945 -4.659332
-1.414762 -3.502005
0.325903 0.075769
0.910168 -0.979780
-1.332190 -1.850253
0.389348 -0.445764
1.106752 -0.708042
1.815751 2.863403
-0.779950 -3.537390
1.022163 -0.701900
-1.690494 -0.867047
0.145937 -1.248946
-1.196309 0.062024
-0.089721 -0.510915
-0.159032 1.546165
-0.196925 -2.075258
0.352165 -0.759478
-1.116919 -1.307709
1.108682 0.371291
1.016631 -0.042402
-1.273640 -3.793918
-0.720291 -2.271255
-0.332776 -1.562159
-0.973544 -1.183036
-0.169557 0.833707
0.258496 -1.012812
-1.520156 -2.838930
-0.428784 -2.012399
-0.268167 1.055911
-0.569004 -0.518946
0.263749 -1.159973
-0.354506 0.962978
0.983634 0.227141
-1.579111 -2.443304
-1.363077 0.344629
-1.370219 -0.023491
-0.270896 -0.846871
-0.672150 -2.865744
0.446419 -0.586920
0.981599 1.482770
-1.031376 -3.481964
0.194121 1.562862
0.678801 0.907063
-1.438227 -3.927139
-0.979439 -0.950824
1.396991 2.839993
-1.222251 -1.158888
-0.457498 0.360665
0.670119 -1.432449
-0.748239 -1.749323
0.937274 1.406626
-0.323563 0.256011
-0.257970 -0.585388
-0.217939 1.055498
1.386589 -0.386003
1.681539 1.554631
0.068410 -0.517116
0.580920 1.433059
-0.117413 0.368498
0.942791 1.427975
-1.419128 0.536680
-1.275400 0.984260
-0.565756 -3.982251
-0.282713 0.322654
-1.598619 -3.663419
0.652544 1.315420
-1.616877 -3.856277
0.257303 1.466857
0.287786 -2.038946
1.145723 0.317593
-0.478041 0.917172
-0.629438 -0.456008
-0.137366 0.815263
-1.363020 -2.989504
1.291535 -0.294927
-0.802424 -0.011059
-0.945453 -3.197199
0.870990 2.040540
1.075993 2.553425
-0.137919 0.787917
-0.947493 -2.646994
1.389367 2.851177
-1.167880 -0.752519
-1.199284 -3.202308
-1.351874 -3.985206
-0.182034 -1.232208
-1.059620 -2.950794
0.747846 1.664891
0.942559 0.034372
1.940728 1.351939
-0.009655 1.834483
1.854959 2.303461
-0.498867 -2.479962
-0.498140 -3.394865
-0.437054 -0.933433
1.581228 1.345637
-1.480854 0.791679
1.246437 1.691173
-0.082853 -0.789227
-0.889173 -3.900089
0.515072 2.077457
-0.837670 -0.777300
0.108071 -0.303951
-1.076296 -3.522095
0.226304 1.474710
0.432210 1.344138
1.126025 2.377440
0.463053 0.315455
-0.211462 -1.944760
1.443574 1.517343
-1.374534 -2.393790
-0.771723 0.180878
0.879537 -1.235399
1.559436 1.544933
-1.122661 -1.930687
-1.597643 -3.136785
-1.314057 -1.374699
-1.267989 -1.229231
-0.553182 -1.863367
0.292980 -2.221892
-0.826930 -0.616674
0.111529 -1.410634
0.995048 1.621826
-0.392119 0.144727
0.240185 1.570678
-0.843609 -3.000855
0.807027 -0.511620
1.326535 2.214469
0.879125 -0.436353
-1.440040 -3.041501
0.819774 0.013038
-0.829263 0.451813
0.077281 -0.479268
1.673680 2.741840
-0.722321 -2.968612
0.444712 1.502964
0.666091 1.365470
0.402986 -0.639935
-0.144515 -2.104198
-1.244211 -2.221782
-1.947888 -0.475515
0.326628 -0.557592
-1.731832 -5.692467
0.352012 1.198983
0.056490 -1.306482
0.459420 -1.228158
-1.485477 -1.484995
0.892216 0.568318
0.287703 2.656398
-0.234403 -1.167595
-1.103622 1.051365
0.618296 1.628961
1.537151 0.414860
-1.182604 -1.419807
1.616491 1.599274
0.616169 -0.748830
-1.539728 -3.458489
-2.146355 -2.871493
-0.290841 0.545271
-0.601682 -0.147524
-0.460539 0.475864
0.583533 0.012119
-0.432751 -2.297495
-1.781798 -3.030396
1.034771 -0.695560
-1.094147 -0.035156
1.254346 1.962109
1.094201 0.354144
1.049660 -1.465152
0.253868 0.651222
-0.500365 -1.152162
0.739992 -0.625440
-0.918918 -3.000169
0.013499 0.551149
0.359330 -0.634574
-1.143611 -1.836692
-0.356385 -2.897916
-1.185048 -3.135641
-1.231952 -0.156171
0.062670 0.084122
-1.869202 -1.452602
-0.723287 -0.872225
-1.071956 -2.356538
1.287996 -0.677705
-1.510543 -1.703610
-0.263901 0.539383
0.501939 1.689767
-0.758301 0.332382
-0.815898 -0.451645
-1.521919 -4.252321
0.715683 -0.422613
-1.508614 -1.655175
0.954230 1.177208
-0.700916 1.445896
0.077149 0.366017
0.962241 -0.575412
0.974227 1.805434
-1.450708 -3.822201
-0.458868 -2.100353
0.063861 -2.531884
1.695656 2.436859
1.642061 1.314137
1.627624 1.974818
1.395982 1.068900
-0.514473 -1.531934
-1.569528 -0.133242
-0.665786 0.909418
-0.944317 -1.684199
1.365802 1.079940
-1.147877 -2.207437
1.240370 0.807128
1.090791 -0.535480
2.014513 -0.566085
-1.317466 -1.324796
-0.850532 -0.569627
-0.934362 -1.657734
0.906613 0.063771
-0.540561 0.860659
-0.087043 -0.333961
-0.321249 -2.467224
-1.124305 -2.428873
1.290376 0.872176
0.848336 -1.310761
0.515597 -1.057211
1.579692 -0.281218
-1.096836 -1.353305
1.584858 1.773987
-0.830087 -2.714484
-0.854058 -3.153353
0.962698 0.049691
1.344050 -0.489209
0.643262 2.640219
0.353765 -0.629865
-1.851264 0.020012
-0.453412 1.872011
-1.162551 -0.365004
0.527623 -0.462542
-0.481001 0.830680
-0.533391 0.681178
1.331425 1.479242
0.970663 0.839315
-1.540677 1.170153
0.273571 0.358075
1.490362 0.909657
-1.739174 -1.736014
-1.124268 -2.702386
1.293831 0.917887
-0.941059 1.736605
-1.145833 -3.092989
1.607771 2.222416
-0.512288 -0.353579
-0.404113 -2.269536
-0.183788 -1.846314
1.340781 0.083011
1.254730 2.232482
-0.269563 0.295281
1.229626 -0.272838
0.636799 1.717628
0.988690 2.699389
-0.198320 -2.884977
-0.875302 -0.717407
-0.430729 -2.834534
-0.404938 -0.100879
-1.498985 -3.069595
0.999164 -0.885541
-1.230479 -1.924096
1.094904 2.243502
-1.814852 -0.708847
1.056115 0.691221
0.580386 -0.494498
1.216150 0.734917
-0.552681 -2.191946
0.635060 1.694963
-0.663105 -0.209348
-1.675793 -3.121076
1.085005 1.354805
0.964609 -1.426785
1.373131 0.639264
1.624277 0.633287
1.018003 1.289064
1.650584 1.313169
-0.897491 0.000909
-1.133616 -3.167881
-1.045688 -2.997227
-0.998571 -1.350558
1.209723 -0.267988
-0.881411 -1.564844
0.868017 1.048284
-0.381579 1.400698
-0.445226 1.937219
-1.979541 -2.626635
-1.045339 0.715276
-0.560861 0.853965
1.207163 -0.323221
0.995882 1.655286
0.251504 1.129615
0.103377 1.077267
-1.577210 -4.129455
0.162942 0.157368
-0.577768 -1.551395
0.560784 1.210626
0.086824 -2.183287
-0.452665 -1.870702
0.204466 1.254649
0.873878 -1.529044
-1.063969 -3.466923
0.326409 0.361348
-1.523962 0.980824
2.034637 0.163970
1.369775 0.386678
-1.248915 0.031186
-0.131893 0.945675
0.998757 -1.043042
-1.828533 -1.423330
-0.471229 -3.081388
-0.986753 -2.887660
0.624350 2.850855
0.379719 0.973782
0.022495 2.788323
0.283546 -0.938737
0.464688 0.735246
-1.643473 0.610828
-0.900238 0.452752
-1.382408 -1.024639
-0.920009 0.942081
1.126418 -2.186167
0.074473 2.354156
-0.029662 -1.965274
-1.056836 -0.883770
0.212753 2.202382
-1.267343 -0.355155
0.228939 -0.492346
-0.046767 1.256503
-1.287146 -3.478589
-1.402030 -2.740608
-1.016041 0.489534
-1.283385 0.717021
-1.921925 -1.951301
-1.447895 -1.505306
-0.316918 0.019908
-0.005859 -0.304338
-1.744455 -1.639161
-0.104803 0.658882
-1.364039 -2.070513
0.388711 -1.444683
-0.830256 -3.031325
1.336012 -0.485478
1.090929 3.300545
-0.646877 -1.084554
-1.907689 -3.023453
-1.451090 -1.493552
0.107517 -2.331975
1.562682 2.425406
-0.975689 -3.200729
-0.766377 0.338458
0.840842 -1.021514
0.058645 1.932166
0.047706 -1.788911
1.064536 0.264095
-0.310917 0.708953
-1.311076 -3.334551
0.778666 2.725902
-1.471486 0.411775
0.692140 1.293159
-1.058314 -4.062977
-1.552075 -0.290778
-1.523037 -1.623918
-1.786030 -3.074044
1.463095 1.936551
-0.736964 -1.945129
1.533666 1.549302
-1.199912 -2.358729
-1.494083 -3.947631
1.219220 0.585467
-0.877742 0.733894
-1.123582 0.104458
-1.639157 0.769692
0.275747 0.134693
-0.426306 0.746885
-1.355361 -3.610641
-0.165289 1.119498
1.391259 2.561524
0.564034 1.027239
1.099681 -1.555247
0.484707 -1.989477
-1.052987 -0.566981
-0.203990 -2.499047
-0.173195 -2.610020
-0.244348 -0.579950
-1.197946 1.532176
-0.196182 0.056571
0.015960 1.269391
-1.539962 -3.073274
-1.625962 -2.571006
0.331606 -0.036162
0.389371 -1.339336
-0.247915 -0.702337
-1.481777 -3.318037
-0.411114 0.199058
0.245862 1.458323
0.172938 -0.475755
1.212481 1.940124
0.688523 -1.501290
1.165438 2.068447
1.358400 -0.711297
1.071766 1.478956
-0.181004 0.842310
-1.968429 -1.068685
1.898807 1.659667
-0.181836 2.537334
-1.572647 -2.006462
0.897481 0.895096
1.480935 2.184383
-0.188035 -1.474973
0.407758 -0.953953
0.922268 0.954643
1.737236 2.539944
0.514064 -1.744866
0.471910 -1.573062
0.654544 -2.584384
0.339165 -0.003773
1.276890 1.116198
-0.628465 0.628588
1.914846 3.090524
-1.392723 -3.234842
-1.133277 1.663504
-1.135363 -1.673777
-0.406460 0.176691
0.302706 1.960932
0.950132 2.245112
0.916946 1.488407
0.955575 -0.752998
-1.701374 -4.263648
1.097904 0.290273
0.756909 -1.359648
0.074036 -2.241230
-0.198566 1.988839
0.541135 0.730472
0.839358 -0.094213
-1.397272 -1.873670
0.164904 1.953786
0.318696 1.763753
0.722385 -1.880724
-1.330232 -0.303967
-0.749986 -1.859817
-0.577237 -0.310819
1.111282 1.014325
0.551538 -0.107137
-0.243870 -1.422451
-1.455896 -0.342353
-1.511115 -3.567219
-1.330734 -0.255878
1.183332 0.140445
-1.645697 -3.951280
0.814935 0.446472
0.074704 -0.912077
-0.013640 2.039095
0.645051 0.994054
-1.066655 -0.523112
0.526924 -0.822614
-1.870540 -1.099663
-0.820775 -3.720099
0.374557 -2.340883
-1.346188 -3.536649
-1.045707 0.767121
-0.691109 -0.709408
-1.622505 -2.805976
0.856264 1.569034
-0.211592 -2.605278
0.125396 0.358892
1.260532 1.388322
0.865116 0.924685
0.393514 1.514201
-1.498582 -3.766665
0.488543 -2.079264
1.271184 2.768465
1.182928 -0.068933
-1.535063 -0.392180
-1.038779 0.092450
0.589484 0.983285
-1.446993 -3.497035
-1.869152 -2.904760
1.413467 1.866831
0.296019 0.618739
-0.266740 -2.142688
-1.543744 -2.779751
-0.875825 0.512653
-1.327968 -2.413271
0.853059 0.689440
-0.742336 -2.219659
-1.437525 -0.776918
-0.364034 -0.284166
0.481347 -0.711490
-0.540213 -1.155409
-1.318303 -2.028902
-1.451072 -1.811761
0.936869 -0.093612
-0.992201 -3.688851
-1.728484 -1.719628
-0.092379 0.304295
-1.563266 -3.174269
-1.027613 -2.835486
-0.400455 -3.012753
-1.375502 -1.791300
-1.649119 -2.447814
1.421711 -0.700560
1.382208 2.602834
-0.420549 -3.440803
0.149298 -2.937537
-0.323221 0.230109
-1.310807 -1.521853
1.458835 -0.272655
1.261079 -0.965718
1.148819 0.685498
-0.160114 1.038189
-1.017099 -2.777795
1.013489 2.248636
1.191484 0.504028
1.115734 -0.627303
0.290139 -0.941779
-1.227564 -0.112631
-1.338525 -0.859987
-1.148635 -0.829899
-0.524582 -0.142579
-1.589613 0.844308
-1.051071 0.212006
-1.376232 -1.564745
0.869397 1.168568
1.568682 0.795102
-1.093049 -2.145408
-1.584241 -1.850640
1.001103 0.013428
0.337969 0.838330
-0.650372 -3.408107
0.809193 -0.410525
0.183888 0.762608
0.712619 1.141483
0.279801 -1.454086
-1.059082 -1.421918
0.031338 -1.508163
1.433702 1.728284
0.557063 2.279715
-0.115342 -2.412445
1.328559 2.319116
-0.295258 -2.898982
-0.843573 -0.161346
0.582781 0.663733
-1.124896 0.296013
0.173742 0.737357
0.806297 0.683087
0.070523 -1.305703
-0.950557 -3.822455
-0.739020 -3.169363
-1.491766 0.767540
-1.567291 -3.630961
-0.026970 1.333697
-1.271742 -0.076041
0.949516 0.752136
-0.575634 -2.631225
-0.104677 -1.691993
-0.273946 -1.505914
0.402258 -0.864180
-0.256486 -1.974039
0.036504 -2.206129
-1.494572 1.317001
1.339164 1.178743
0.612068 -0.762166
1.717933 1.023592
0.007557 -1.573674
-0.328380 -2.719143
-0.813534 -1.255100
-0.963887 -1.279920
-0.450113 0.571076
1.160762 0.636535
0.226695 -1.599823
-0.985064 -1.743473
1.083193 1.328150
-0.557034 1.317582
1.044169 1.660940
-0.835900 0.000411
0.447453 2.319230
0.344270 2.016298
0.348016 1.856629
-1.800108 -1.537070
-1.332511 -3.535014
-0.059059 1.038514
-1.903655 -3.462255
-0.421111 -2.727270
-1.493436 0.093723
-2.032407 -2.034349
-0.706478 -2.791974
0.835417 2.746412
0.656110 -0.402101
-0.140026 1.717203
0.674574 -1.247708
-1.454500 0.742723
-0.411255 -1.502232
-1.112965 -3.456524
-0.441136 0.925393
0.699159 1.413616
-0.666625 0.698205
1.007084 1.208478
-1.682112 -4.600341
1.584633 1.204628
1.487374 0.865233
-1.490111 -0.899663
-0.134990 1.099351
-1.122050 -2.214987
-0.461853 -0.442418
-1.565859 -1.547736
-1.401843 -2.873363
-1.459438 -1.998348
-1.540875 -3.206045
1.745798 2.319795
-1.041808 -3.115248
0.811996 -1.055166
1.788442 -0.167626
-0.979560 0.421392
1.178805 2.183238
-1.413790 -3.899748
0.686715 -0.408952
-0.506311 -0.314774
0.499777 -1.680904
0.261915 -1.673555
-0.857960 1.781834
-1.364720 -2.022089
-0.235534 1.848955
-0.623574 0.518546
-1.127888 -3.225277
0.542634 0.145415
1.288838 -1.136919
-0.364110 -0.887703
0.189855 -0.935067
-0.655530 -0.509643
-1.764617 -2.463438
-1.559399 0.781197
-1.383863 -4.110697
-0.445045 -2.478349
-1.359233 -1.694569
0.270830 0.546460
-1.261854 1.211458
-1.350255 1.343149
-0.397503 1.657455
0.996277 1.655547
0.789097 -1.350814
-0.402000 -2.426547
-0.436588 -1.016913
-1.253078 -1.400471
-1.512227 -2.362431
-0.537533 -2.955988
1.151231 -0.415517
0.847632 2.143036
-0.287476 0.443716
-1.237401 -1.270205
0.306483 -2.490714
0.271057 0.926230
-1.266564 1.538969
0.394420 0.934881
1.248520 2.484444
-0.128541 -1.243981
-0.460088 -1.760555
-1.619532 0.707916
1.187686 0.570096
-0.612721 -1.698941
-1.153379 -2.006693
-1.018882 0.086209
0.268397 -2.381544
0.501480 -0.648680
-1.184685 0.069027
-0.508841 0.477116
0.688300 2.606789
-0.111547 -3.905993
1.167951 -0.649486
0.107461 -2.495064
-0.598531 -1.529375
0.719544 0.013055
-0.804205 0.664487
0.721966 2.273020
1.216611 0.120758
-1.319922 -1.086165
-0.677660 -3.514606
-1.557904 -0.723681
1.196799 0.312059
-0.532867 -1.755834
-1.437117 -0.889004
-1.646977 -4.070831
-0.850061 -2.825749
-0.825427 1.332418
-0.099526 -0.439608
1.399967 -0.763703
0.098411 1.491851
1.963650 -0.513059
-1.369465 0.556210
0.984061 1.965278
-1.835143 -1.229290
0.079981 0.807452
1.389649 2.456046
-0.288105 1.626137
-1.240157 -2.872979
0.271397 -1.196091
-1.563965 -4.089367
1.264129 1.720229
-1.373242 -2.990495
0.813636 1.928192
-1.031765 -3.508685
-1.522290 -1.415291
1.211216 -1.030603
-1.055680 -0.148343
-1.391898 -1.444233
-1.053275 1.739232
1.042493 -0.876753
0.340594 0.898351
0.288364 1.780251
-1.164847 -1.356058
-1.734717 -3.701307
1.080433 -0.853616
1.459919 0.564311
1.344062 1.395670
0.902056 -0.485707
-0.001536 0.564646
-0.624059 -3.246421
1.044384 0.950050
-0.180140 2.186507
-0.759620 0.319639
-0.176994 -0.940812
1.398966 2.801321
-1.383901 -2.279450
-0.094401 -1.003169
-1.834309 -2.292544
-1.497632 -1.201067
0.772832 -0.445252
1.140901 1.460794
-0.073992 -0.340393
1.111124 2.418467
-1.110794 -0.405376
-1.187350 0.218349
1.442044 -0.845578
-0.883023 -2.880874
0.550683 1.330391
0.920162 2.433474
-0.956158 -3.606160
1.188795 3.014605
-0.107202 -1.445269
0.285498 -1.885803
1.891835 1.786869
0.650631 -0.665801
-0.181668 -2.334684
-0.481592 0.527752
-1.013886 -3.573719
0.013401 -0.351860
1.250373 0.586230
1.934962 0.314187
1.845482 -0.576743
-0.980062 -2.546289
0.078140 -1.118065
-0.161552 -2.939947
-0.384555 -1.898125
0.601297 1.634568
1.021440 2.569793
0.727768 2.358011
-0.300582 -1.975419
0.734387 2.140773
1.735091 2.494427
1.141310 2.129220
1.483791 2.264533
-0.882212 -3.149886
-0.558885 -1.366243
-0.772064 -0.340664
-0.289371 0.110045
-1.324780 -2.842187
-1.689666 -3.171400
-0.190229 -1.273593
-0.430631 0.745110
-1.229253 -0.287563
-0.031801 2.437668
-1.871341 -2.845361
-0.665541 -2.445390
1.264007 2.113246
-0.594758 1.501152
-1.748303 -2.005424
-0.302149 1.559793
-0.792471 -2.944645
1.061810 0.101491
-0.300873 -2.931674
0.479062 2.375706
-0.395934 0.594780
-0.623645 -3.340345
-0.996450 -2.564036
-1.490186 -2.177988
0.234640 -1.219698
-1.203760 0.141178
1.440154 1.011016
-0.928469 -2.704302
0.196739 -1.077455
-0.867843 -4.029092
-0.075677 -0.102366
1.554553 1.692511
-0.426275 0.081780
-0.652154 -1.537644
0.822784 -1.744596
0.573739 0.766024
1.307070 0.876552
-1.315295 -1.092260
-0.783691 -0.196193
-1.220944 -3.669132
-0.798069 -0.922449
0.562654 1.006636
-1.551149 -1.519580
0.692998 -0.493418
-0.635308 -1.471345
0.715434 1.645983
-0.950650 1.807086
0.949224 -0.316479
-1.286472 0.741328
-1.777497 -2.696039
0.411213 -0.369392
-0.861521 -1.040714
1.090150 2.339868
-0.610075 0.116955
-0.605930 -3.032297
-0.267304 -1.316655
1.379590 0.981909
-0.944683 1.659011
-1.755026 -2.408420
0.148118 -0.256711
-1.385912 -3.379379
-1.268437 -0.366855
-0.157181 -2.690428
-0.639091 -1.839144
1.953998 1.247049
1.224883 1.575533
-1.675332 -2.556234
0.932024 -1.020863
0.728696 -0.085309
-0.149460 -1.084971
-0.244851 0.050754
-0.545688 -2.113601
-0.369795 -1.180273
-1.873846 -0.976540
-0.169974 -2.798196
0.964736 1.683331
-1.207166 1.104417
-1.221262 -3.664025
1.233258 -0.293309
-0.192272 -1.455176
1.186862 2.567686
-0.133833 1.104859
0.517795 1.370639
-0.375471 2.088003
-0.620333 -3.623077
-1.678048 -0.685395
-0.141813 -2.760832
1.162808 1.728243
-1.359507 -0.139417
-0.504964 -2.427853
-0.423618 -2.154510
0.249337 1.680560
0.606320 -0.875748
-0.504894 -0.022716
0.874698 2.501777
1.200897 -0.311923
-0.570365 1.273513
-1.936948 -4.178638
-0.581922 -1.346769
-1.737009 -3.110054
-1.813329 -1.224006
-1.777973 -0.993896
-0.719329 0.291659
0.857207 2.232559
-0.961997 0.601934
-1.585513 -1.412637
-0.765625 -0.469450
1.586890 1.684522
-1.747788 -1.418145
-0.508811 -2.583195
-1.404732 -2.796195
-1.543186 -1.687724
-1.729577 0.502560
0.823950 1.859179
-1.711668 -3.796382
-0.226805 -2.029705
0.298686 1.291910
-0.913071 -1.199444
-1.239742 -2.495676
0.178203 -1.483723
-0.967018 0.395277
-1.023621 0.043279
1.088524 2.488792
0.459771 -1.429997
-0.752993 -0.778227
0.874198 -0.611210
-0.115435 0.892483
1.276077 2.996355
-1.698894 -4.442567
-1.359247 -1.508740
0.888581 -0.517671
1.535622 3.015145
1.210272 1.692310
1.419069 2.823857
-0.205710 -0.315962
-0.322297 -0.502844
-1.025686 -1.322617
1.118360 2.197016
0.071806 1.080856
0.395291 0.167145
0.049910 0.803307
0.752793 -1.252019
0.285152 2.267966
1.187577 1.997348
1.017153 1.906764
1.311812 0.129382
-1.074370 -2.958291
0.640376 -1.378156
-0.536434 -1.035395
-1.156326 0.458776
-1.401888 -3.341045
-0.749348 -3.092632
-1.457694 -3.654791
0.445765 -2.097431
-1.559238 -1.200439
1.541863 0.107289
0.661245 0.242640
1.511388 2.002878
0.263439 -1.352708
0.937592 2.537484
-1.157277 -2.610523
-1.288917 -2.033510
-0.196865 1.778709
0.077459 1.366069
-1.743478 -2.903780
0.367740 2.184184
-0.204703 -2.064744
0.509965 1.461170
1.605432 0.369348
-0.773158 -1.579245
-2.097997 -0.278972
1.037043 -0.649537
0.947701 0.765107
-0.660071 0.314507
-0.272722 0.868479
1.191657 0.017234
0.872652 1.577699
0.075974 -2.937326
0.736858 0.626922
1.280867 2.627236
-1.187875 -3.019902
-1.171720 -3.735732
-0.039320 -1.400485
0.530391 1.881274
-0.752220 -1.955569
-0.557993 -0.497638
-0.731410 -2.576122
0.879234 0.035504
-0.923542 0.923731
0.157425 -0.735248
0.900507 1.210606
-1.180849 0.999624
0.557286 0.941267
-0.968191 0.079578
-0.572430 0.332889
-0.308715 -1.609979
0.262150 1.591280
-1.032518 -2.808850
-0.923889 -0.073934
1.449777 1.254966
-1.577961 -1.960689
-1.270906 -1.578490
-0.982257 -2.340160
0.384342 1.661353
-1.742522 -4.083602
1.646741 1.985695
0.539752 1.021039
0.003401 -2.603716
1.449613 2.647970
1.081554 1.068116
0.386734 -2.152142
-1.210185 -3.093894
0.194471 -1.134478
-1.550313 -2.494387
-1.766893 -0.290940
-1.659848 -2.562349
-0.502613 0.590259
-2.236968 0.059816
-1.029420 -3.358745
0.299938 -0.829983
-0.363359 -2.525039
0.543731 -1.315165
-1.510774 1.196942
-1.307461 -3.883470
-1.587539 -2.440830
0.650924 -1.553383
1.704324 2.921720
-1.910420 -2.693566
0.990869 -0.721825
0.566822 0.437912
-0.194465 -0.620946
-0.232863 0.668392
-1.324531 -0.577852
-0.992807 -2.720625
-0.182703 1.757621
1.305457 1.783639
0.556018 0.783112
-0.885352 0.702581
-0.297346 -1.796196
-0.753977 0.417082
-0.366986 1.626814
-0.924679 -2.696193
-1.039558 -2.561940
-1.331924 -3.386432
0.012996 -1.698283
0.363282 0.979413
-0.454103 1.194022
-0.209347 -2.371802
0.028263 2.124211
1.505468 0.469400
-0.129431 -0.159522
-0.365970 -0.788666
-1.518283 -2.732998
0.312553 -1.000758
0.271769 2.485981
-1.643796 -0.378337
-0.365035 -2.782215
0.820494 -1.641140
-1.313877 -0.885881
-1.480262 -0.718431
-0.706281 0.004568
0.594133 1.469838
1.095075 1.324587
-0.087521 -1.774344
1.139807 0.401745
0.449014 0.851837
1.075588 0.025338
-1.067816 -2.336809
-1.773810 -3.226562
0.328619 -1.254486
-1.169899 -0.657451
-0.880963 2.005552
-0.535328 1.082794
-0.425796 1.170054
0.222862 -0.583528
-0.756351 -3.384388
-0.538343 -2.076436
-0.535655 -2.267609
1.383312 -0.312973
0.359969 -0.654042
1.434636 1.309617
-0.291178 -2.965527
-1.769782 -3.074945
1.049546 0.054372
0.504083 1.104482
-0.562220 0.586311
0.687507 2.465916
-1.556839 -4.310719
-0.009321 -2.564329
-1.645509 -0.874956
-0.834498 -2.664724
-0.750528 0.589988
0.421148 0.881383
-1.434999 -0.218371
-1.386081 -0.347558
-1.140501 -2.840585
-1.663962 -4.615130
0.762198 2.320913
-1.330000 -1.100387
-1.271189 -2.400742
-0.922398 -0.846220
0.091786 1.830456
0.043873 2.715534
-0.329325 0.607491
-0.454385 -0.325919
-0.784428 0.639838
-0.148705 1.926075
-0.482363 -0.720024
-1.864791 -4.183707
-0.508717 1.494603
-1.102377 -0.989298
-1.059777 -2.893074
-1.936226 -0.366243
-1.117377 -1.604015
-1.007654 0.224851
-1.417298 -0.513635
0.007788 0.125521
0.958835 0.371012
-0.415401 -0.852498
1.617477 2.055581
0.308024 0.442195
0.617573 1.617578
-1.203337 -2.955237
-0.191432 -2.480549
0.150092 -1.630026
-0.286762 -1.175229
0.959037 2.041765
-0.591024 -2.965155
-0.936936 0.259585
-1.125520 -0.391653
0.949254 0.946389
-0.384034 2.182049
-0.084114 0.578429
0.257707 -0.199390
-1.320619 -3.146354
1.421825 1.094309
-1.283384 -2.582610
0.849649 1.961754
0.680069 -0.898991
0.894872 -0.009658
1.179452 1.269901
-1.077116 -2.023182
0.695773 -0.012722
1.129640 2.181209
-1.363817 -3.522283
1.445558 -0.252991
-0.411256 -1.581787
-1.564291 -1.278945
0.589193 -0.825556
-0.171242 -1.888075
1.602868 1.541039
0.294246 1.744105
-0.642759 -0.200937
-1.233144 -0.517766
-2.140864 -3.380043
0.258630 -2.518823
1.395316 2.194457
-0.761961 -3.288899
0.977779 -0.771320
-0.216726 0.982331
-0.374685 0.014624
0.399993 -0.732416
1.115364 0.288467
0.904293 0.089844
0.294421 1.424637
1.543764 1.355975
0.097271 0.855080
1.009893 0.085341
1.082087 -0.724019
-0.759995 -2.562354
0.206338 -1.260676
-1.304843 -1.031722
1.350982 1.499620
-1.219360 -1.825979
-1.200606 0.334905
-1.523986 -0.487751
1.306168 3.625994
-0.157100 2.243117
0.974120 1.888703
-0.346294 1.865698
-0.465984 1.175479
-1.255341 -3.200203
0.855837 1.893002
1.001264 -0.654284
0.506015 -0.753282
-1.241191 1.068678
0.223678 -1.723049
1.044062 0.856873
-1.542104 -4.790822
1.540628 1.967102
0.193198 -2.498080
1.560726 -0.792132
-1.521898 -1.807539
0.646759 1.228321
0.375578 -2.565483
-1.323583 -3.078149
0.578874 -0.463336
0.657847 -1.301178
0.399597 0.502994
0.745756 -1.736756
1.433574 2.663955
-0.554302 -0.304623
1.124488 0.100135
-2.028370 -1.854458
0.115067 0.926001
-0.045693 0.871491
-0.829136 -3.429883
-1.701577 -2.648834
0.239502 0.746214
0.503986 -1.671297
0.096018 -0.011899
0.783126 -0.821010
0.219112 2.365962
1.134446 1.906430
0.770062 -1.217039
-1.547302 -2.428826
-1.157554 -0.850887
-1.066612 -1.099194
-0.132054 -2.136277
-0.485845 -2.159966
-1.343243 -2.216026
-0.408332 0.695328
1.105131 -0.558452
-1.124508 -3.536703
-1.260885 -0.205293
-1.119838 0.455374
-0.362026 1.048540
0.373259 -0.497103
1.315876 1.559539
-0.908808 1.344144
-0.647390 -0.294572
1.543536 2.634675
-1.199982 -0.428122
-1.387862 -0.126726
-0.388507 1.425261
0.938341 -0.434974
0.752738 -1.099376
-0.800693 0.817615
-1.096587 1.366234
-1.963822 -1.910929
-0.672926 1.303370
0.074967 -0.999160
-1.929429 -2.223993
-0.406784 -2.184471
-0.705258 -0.598177
0.180474 -1.655358
-0.058648 -0.115297
1.221946 2.830859
-1.523125 -2.513177
-1.334276 -4.364349
-1.453326 -4.067285
-0.705378 -0.011078
0.549333 1.914807
0.320354 1.057256
1.072211 -1.404526
0.385474 -1.991322
-1.460215 -1.088942
-0.501064 -0.209592
-1.541746 -0.504060
-0.076378 -1.239624
-0.846944 -1.627149
-0.732506 -4.106175
0.498275 -1.500997
-0.717075 1.792477
0.120073 1.846947
0.680781 2.263115
-1.352327 -5.274616
-0.820733 -3.591141
-1.622067 -2.055192
1.074365 0.219560
-1.174402 -0.364774
-0.129100 0.308164
-0.502549 -2.305629
-1.084351 -3.187575
1.979399 2.110071
-1.998612 -1.576356
-0.810570 -2.779788
-1.461629 -0.117353
-1.796244 -2.249550
-0.001395 -2.290829
-1.476598 -3.458402
-1.061969 -3.406246
0.142615 2.710691
0.697753 -1.143214
0.639030 -0.204683
0.925440 1.073113
0.512946 0.600285
-1.017836 -4.062198
0.974010 -1.555952
-0.933293 -3.712153
1.368012 0.977665
-0.247737 -1.817230
-0.722092 -0.690286
-0.522852 -0.063171
-1.468798 -1.643392
0.274228 -2.351413
0.578460 -0.826063
-1.747746 -3.981710
0.050987 -1.865224
-1.338403 -0.723598
-1.205843 -1.301337
0.549155 -1.045063
0.785490 2.241920
0.798292 -0.062481
-0.508517 1.421342
-1.505472 -3.408322
-0.139812 -0.417509
-0.897075 -0.478232
0.859431 -0.506612
-0.915523 -2.193372
-1.036923 0.550646
-0.836576 -1.897191
0.363293 -1.090424
-1.877076 -0.625273
-1.390466 -2.583256
1.234088 -0.964994
-0.639231 -1.992436
-1.881593 -0.957905
-0.551958 0.082098
0.836344 -0.964327
-0.477130 -2.478554
1.266661 2.576069
-1.137027 -0.874812
1.002882 3.174283
0.870460 2.253017
-0.465159 -1.246989
0.629115 0.646695
0.719467 -0.253131
-0.714667 1.030959
-0.959011 -1.528587
-0.410629 -1.561629
-0.344564 -2.821258
-2.100442 -1.905817
0.819484 2.391179
1.292603 1.737016
0.206679 -0.642268
-1.056975 -2.965342
0.357206 -0.440237
0.447462 1.902416
-0.375647 0.829115
-1.119525 -2.861514
-0.407699 -1.641887
1.040795 1.984247
-0.282330 0.685338
-2.027567 -0.325679
-1.494343 -2.060786
-1.734375 -0.161370
-0.472278 -1.187957
-1.228095 -3.073365
0.320754 -2.194023
0.005446 -1.172517
-1.111272 0.683575
-0.987330 0.440917
-1.261138 -4.400598
0.411509 -1.628797
-0.526245 -1.656990
0.644672 -1.994740
1.002130 0.125481
-1.404225 -3.080723
1.438343 0.223291
-1.545802 -1.314872
-1.123164 -2.861282
-0.555878 -1.664876
0.245103 1.893652
-0.936536 1.503954
-1.646570 -2.858457
0.000393 2.553949
-0.083452 -3.343090
0.852836 2.096651
-0.986880 1.064355
-1.383713 -0.468290
-0.417173 0.526599
1.389494 2.107715
0.633929 -1.037549
-1.581348 0.601129
1.006056 -0.496209
-0.105141 -2.765529
0.313975 -2.135870
0.459518 1.130823
-1.119165 -3.160272
-0.396025 -1.642816
-1.051368 -2.970302
-0.079538 -1.066993
1.350392 -1.101609
0.430642 2.389555
-0.757813 0.486968
-0.098409 -1.434923
0.711777 -1.244039
-1.609078 -3.828865
1.353779 1.736857
-0.597285 0.163826
-0.990170 -1.774925
1.492076 1.375519
-0.476140 2.146979
-1.042227 -1.641120
-1.375307 -1.748023
-0.520881 -1.183627
-1.671374 -2.560908
0.971311 0.791848
0.057297 0.602997
0.852233 -0.471491
0.975347 0.882807
-1.236190 0.811643
-0.473233 -1.770236
-1.664613 -0.744024
-1.143923 -2.306392
-1.274354 -2.490251
1.386047 2.369747
0.556566 1.182744
-0.643650 -0.133616
0.601928 -0.562451
0.103143 0.281611
0.358952 0.726983
-0.774978 -2.664504
-1.124073 -0.238148
-1.032517 0.670505
-1.105806 0.568750
-0.017726 1.166621
-1.812811 -3.541065
-0.532059 -2.056727
-1.564150 -3.399464
0.048542 1.254173
1.729800 0.443861
-1.004570 1.778796
-0.749635 -2.260475
-0.124733 1.481821
0.142620 -0.913315
0.994956 2.235375
-0.041183 1.112072
-0.726311 -1.750631
0.494132 -1.344243
1.081658 2.003677
-0.887267 -0.601618
1.277979 0.085557
1.326462 -0.804763
-1.531652 -3.658301
0.199759 -0.333670
-1.519516 -0.367705
-0.472780 1.305325
-0.463168 1.393884
-0.885016 -1.238562
0.236056 0.324429
-1.133196 -0.787381
0.755883 0.056164
0.473409 -1.542638
-1.500508 -1.311042
1.223198 1.979232
-1.165018 -0.782746
-1.020056 0.764260
0.754918 -0.547449
-0.494365 -0.200907
1.227659 -1.413759
0.024087 0.388048
0.100389 1.319893
0.868965 1.137574
1.526598 0.174309
-0.307579 -0.724121
-1.390327 -0.874131
-0.509563 -3.733287
1.141859 -0.001631
1.380942 0.227869
0.215443 0.498965
-0.670187 0.844335
-1.254216 -0.837044
0.273940 -2.294073
1.213720 1.665831
0.142287 0.100698
-1.144876 -2.838323
-1.480857 -2.299702
0.689876 0.346125
-1.736525 -2.565154
-0.886943 -2.024992
1.055330 1.150656
-0.291059 0.252131
-0.697922 0.649434
-1.483252 -3.314715
1.195053 2.066158
0.466325 -0.841291
-0.933148 -2.231728
1.395005 -0.620298
-1.821087 -3.367795
-1.387099 -3.786541
0.948185 -0.008482
-1.774670 -2.094413
-0.689941 1.607076
1.518032 0.190197
0.746034 -1.582002
-1.043715 -1.733554
0.538685 -1.506626
1.456624 -0.690972
0.317387 -0.034473
0.661009 -1.187855
1.191154 2.561582
-1.302183 -2.355678
-0.978262 -0.870754
0.927441 -0.414281
-0.273409 -2.481259
-0.723535 -3.088512
0.849911 1.558867
0.555130 0.027231
0.757125 0.923040
-0.193201 -2.041526
-1.464649 -3.902296
0.608415 0.164717
-0.656317 1.420955
1.810361 2.413850
-1.816387 -3.289935
-1.210369 -1.460626
0.091668 -0.062679
-1.425966 -1.852971
-0.884209 -0.543172
1.149561 0.452717
-0.936321 -1.054465
0.479079 2.085562
-1.838767 -1.048064
1.603408 0.005255
-1.862680 -3.370348
0.867096 2.084501
0.661239 0.026194
1.959896 2.081219
-0.077975 2.364342
-1.294041 -1.459197
-1.744733 -1.275856
-1.689984 -0.096532
-1.477863 -0.809551
-0.488379 -1.584320
0.308748 1.215847
-1.702315 0.657610
0.798234 0.016447
-0.031732 -2.828413
-0.461048 -1.644556
0.159990 0.883042
0.190522 -0.822010
-1.261799 -1.506158
0.568287 1.219370
-0.315976 -0.330052
-1.354506 -2.315082
-0.429010 -1.362905
1.256103 0.753999
-1.791701 -2.732512
-0.890345 1.563431
0.669386 0.092626
0.387674 2.760718
1.356620 1.473977
-0.612350 -3.136995
0.347861 2.486975
0.869506 -1.224222
1.421165 0.592421
0.666047 2.832985
1.465892 2.076466
-1.441167 -1.904724
1.468832 -0.819436
0.644796 1.890499
0.594651 -1.860788
-1.001746 -1.274755
1.242441 0.948782
0.656485 -1.830109
0.741699 2.294830
0.246809 0.466203
-0.704247 -2.126556
-1.286351 -4.086118
-0.787766 1.538851
-0.136199 1.216649
0.590315 -0.200722
-0.386844 1.383715
0.213643 -0.935811
1.204014 0.003373
-0.452582 -1.593790
-1.343619 -0.099295
0.921351 -0.310587
0.030716 -1.459007
0.353460 1.650488
0.892176 1.827198
-0.987502 -2.570103
0.677924 1.518716
-1.610661 -2.392475
-0.213634 -2.236392
0.670159 2.856025
-1.014588 -0.094775
1.026152 0.495128
-0.770028 -3.889321
-1.061585 -3.497154
-0.285636 0.455165
-1.673844 -3.770270
0.792235 1.397026
1.210546 0.250624
1.191356 -0.127111
0.413423 -1.372028
-1.492925 -0.059703
0.215926 1.178329
0.080875 0.036304
-1.393514 -2.204461
0.173559 1.682705
1.424129 -0.729299
-1.217631 -0.537380
1.331919 -0.570902
-1.878907 -4.644262
1.280721 3.340512
0.008506 1.053700
-1.354844 -2.819887
-1.486515 -1.996903
-0.142315 -0.812526
0.091027 1.539777
-0.096503 -0.860527
-1.504089 -4.344290
1.252270 2.837283
0.240966 -1.426526
1.037562 -0.481241
1.005350 0.962131
1.497584 1.604333
0.557238 0.985974
-0.085413 2.806591
0.384751 0.004331
1.337072 1.053724
0.715417 1.227668
0.184584 -0.675484
-1.419283 -2.103926
-1.691246 -3.443820
-1.099989 -1.887845
-0.873407 0.479801
-1.403237 -2.362091
-1.323682 -0.615334
-1.561056 -3.644244
-0.781098 0.805162
-1.549599 -1.203748
-0.148714 -2.213371
-1.498313 -2.763909
-0.757813 0.196503
-0.946354 0.692560
-0.971869 -1.856330
-1.208593 0.010440
-0.809614 -0.654952
-0.412834 -2.673301
0.155490 1.265229
-0.264810 -1.941816
0.883511 0.901238
-1.391685 -4.251075
1.617786 2.274715
1.571035 -0.351549
-1.088258 -2.708818
1.908273 2.244103
1.702196 -1.039824
0.007565 -0.978926
-0.289118 -1.518543
-1.858037 -3.199191
0.699160 0.695976
-0.285039 0.728047
-0.448519 -1.828879
-1.125180 1.329474
1.567629 0.049182
0.624800 -0.999165
-0.299044 -2.671670
-0.493223 -2.982670
0.078093 -1.322662
0.034003 1.129021
-0.951148 -3.283669
0.706985 0.329139
-2.066292 -3.209826
-0.846954 -0.579078
-1.379264 -0.072733
-0.813984 0.451734
0.510630 -0.722936
1.057973 1.819629
0.140074 -1.597157
-0.346022 -2.085545
-1.447948 -0.955741
0.607685 1.169890
-1.392126 1.229321
-0.282529 0.594475
-0.123944 0.907271
-1.371218 -2.826724
-1.014535 -3.365814
1.586702 0.668685
1.305994 -0.416519
-1.294773 0.459689
-0.799630 0.375137
-0.754002 0.792314
-1.240899 0.511514
0.278571 -2.630973
-1.729415 -0.120160
0.399137 1.981089
-0.317240 1.566106
-0.140577 -2.094763
0.378243 0.020401
1.681101 0.246096
1.521180 -0.056520
0.039853 0.035692
1.876861 -0.679234
-1.741029 -0.293876
-0.615244 -1.442279
0.553826 3.149646
0.275177 1.785351
-0.023905 0.841360
0.305885 1.261529
-1.147602 -0.447225
1.237805 2.803222
1.040969 -1.250097
0.044664 2.063797
-1.321562 -0.741360
-1.727049 0.899487
0.078826 -1.565200
-1.237433 -3.828573
-1.134069 -3.346614
0.485287 -1.115829
-0.413131 -1.274839
0.955893 -1.198315
2.095111 1.941408
0.810937 0.504668
-0.222638 2.355559
-1.238691 -2.226727
-1.697668 -3.031175
0.442320 2.104655
1.671019 0.033560
-1.266859 -3.659372
-0.887542 0.722965
0.232778 1.555643
-0.109802 0.121475
-0.297381 -2.710234
0.217653 1.819010
-1.191532 -0.466711
-1.396331 -4.539156
1.413603 2.771558
-1.263529 -3.493474
-0.097959 -1.169225
-0.511580 -1.022773
-0.748717 -1.176775
-0.002778 1.420627
-0.019807 -2.055101
0.742653 1.692662
-1.328012 -3.097889
0.094646 -0.682094
1.423495 3.405332
-1.745650 -1.175233
-0.261273 0.632868
-0.797791 -1.428707
1.351927 1.072421
-0.774841 -2.531484
-0.305431 -2.933012
0.168750 -1.176661
0.581396 0.323005
-1.199313 -3.240488
0.239757 1.980135
-0.109179 -1.912169
-1.604187 -2.987108
-1.100162 -3.136314
0.401274 0.323214
-0.367258 0.539836
0.661206 -0.721654
-0.831655 0.894646
1.262900 1.430702
-1.698271 -3.303237
-1.723578 -2.803963
-0.064719 -1.626903
-1.074767 -0.510785
0.386129 -0.000187
0.234376 0.740763
0.561390 -2.236545
-0.323421 1.033866
0.354631 0.455454
-1.473770 -3.698188
-0.766815 -0.480661
-1.358481 -0.040503
-0.803911 -1.158387
-0.098627 1.315705
0.416998 -0.796740
-1.898941 -2.741940
-0.606627 -1.056372
-0.356669 1.136526
-0.417561 0.581354
-0.389606 -1.148458
1.305626 1.516554
1.327815 0.412302
0.249879 -0.514399
-1.078169 -2.079521
-1.109220 0.061165
1.717791 0.620139
-0.378728 -1.714566
1.242830 0.189275
1.045864 -0.526938
0.555054 0.023325
-0.654777 1.012709
0.497017 2.000014
-0.137761 0.956373
-1.549878 -0.439795
-1.287664 -0.536488
0.054012 -1.955444
-0.178367 -0.351250
-1.336485 -0.607010
0.740546 1.323071
0.874788 -0.412612
-0.817424 -1.576690
0.585082 0.176366
0.369654 0.234884
1.620461 1.116984
-1.631341 -1.720231
-0.639070 0.533243
0.116083 1.375150
1.505930 2.203075
0.597062 -0.083411
-0.090939 -1.371225
0.595106 2.686160
-0.734170 -1.303394
-1.237917 -3.357635
-1.760722 -2.507806
1.290817 0.872879
-0.171817 -2.165691
0.040250 -0.889936
0.501322 3.212926
0.935513 0.343257
0.826952 2.301451
-1.266900 -3.488216
-1.286601 -3.265114
-0.379330 1.093764
-0.149847 -0.247505
0.190550 -0.652036
0.700734 0.649936
-0.334229 -1.675904
0.683773 2.010962
0.527933 -1.662470
0.101824 -2.300987
0.444054 0.640385
1.192664 0.502596
1.100993 -0.862112
-0.574448 -0.630468
0.387828 -2.097751
0.507569 0.559461
0.467198 1.294229
0.934741 2.240963
-0.866550 -2.230437
0.836238 -1.346127
0.602715 1.001966
1.281698 1.179880
-1.137031 -0.029822
0.122124 -2.147418
0.793092 -0.617729
-1.376876 -3.924734
0.797667 -0.502293
1.274016 -0.203982
-0.893610 -2.683689
-1.089227 -0.692308
-1.296769 -4.279277
0.562915 2.504755
0.386814 -2.376659
-1.933535 -3.602537
-0.070642 0.593743
0.982421 2.170646
-0.688869 -2.017312
-1.528489 -0.057254
1.205873 -0.535352
-1.573281 -1.007637
0.819595 -0.518758
-0.493194 -1.034297
-0.110263 2.011312
1.525231 1.078207
-1.882459 -0.957492
0.315860 -0.393460
0.995225 3.139236
-0.322151 -2.620318
-0.801664 -1.710884
0.121192 1.816582
0.397826 -1.081285
0.439631 1.314971
-1.637484 -1.312410
0.601996 -2.363374
-1.275222 0.998933
0.793307 0.369633
1.360771 2.137188
-0.497599 0.878072
-0.382536 -0.260228
-1.633865 -0.924992
0.736537 -0.717175
1.360779 1.920148
-0.374011 -2.713798
-0.849190 -2.337691
1.043855 1.560683
1.223329 0.990621
-0.550233 -0.564715
0.020505 -1.100512
0.485659 -1.335134
1.478049 1.343182
-0.309293 0.333632
-1.111426 -2.163138
-0.717261 1.147695
1.122607 -1.703880
-0.990906 1.060364
-0.086870 -2.454901
0.081048 1.967378
-0.251750 -1.624943
-2.229001 -2.241155
-0.634460 -0.044384
-0.498135 0.105982
-1.054154 -0.768330
-1.348071 -3.823530
-1.370438 -2.950517
1.394855 -0.287235
1.343866 -0.247877
0.991801 2.754427
-0.911408 -0.109214
-0.235693 -1.641489
-0.780861 -0.008070
-1.061970 0.178027
-0.313202 -2.506275
0.370566 -0.111980
-0.520085 -0.354355
-1.427132 -2.698884
1.456540 -0.225245
0.413246 1.463619
-1.365878 -0.351002
0.533184 0.198687
0.816733 -1.601352
1.371423 1.116354
-1.652479 0.788873
-0.086258 0.409675
-0.545210 -2.518057
-0.712616 -1.854522
-1.453516 -3.676122
1.248469 3.434510
-1.735818 -2.085356
-1.625796 -1.837173
0.063744 -1.605215
0.980767 1.552401
0.220036 1.034633
0.986382 -0.801207
0.301330 1.009884
1.152512 0.449545
0.882438 2.110595
0.952742 -0.883778
1.509159 0.014164
1.120963 1.057291
-0.006515 0.318339
-1.278024 0.173720
0.276985 -2.132658
-1.519051 -2.438395
-0.016580 -1.247058
-0.191819 -2.658392
1.301732 -0.199148
-1.528945 -3.468302
-1.821978 -0.966985
-0.338178 -2.137723
0.508476 1.286130
0.843454 2.313466
-1.616285 -2.471264
1.375675 1.113694
-1.084224 -1.135585
-0.713053 -2.908280
-0.822029 -3.478342
1.045592 0.129129
-0.737289 0.709118
-1.673647 -3.214187
-0.211340 0.571955
0.050868 -2.374765
-1.222962 -2.777410
-0.776756 -1.897406
1.984718 0.552123
-0.454146 -0.688517
-1.171092 -2.814558
0.154876 2.557317
1.436596 1.357282
-1.264176 0.198133
0.163499 -2.173662
-1.633874 -1.815068
0.890987 2.377068
-0.718999 0.239553
-1.079944 -3.946946
-1.017082 -3.580436
0.766149 1.889933
0.551229 2.285532
-0.302085 -2.416250
-0.931916 0.700325
-0.713489 -2.113053
-0.548085 0.024316
-0.559367 -2.419024
0.884162 0.944828
-1.487941 -2.526028
1.277089 1.087474
-0.774740 -0.424983
1.969483 1.901887
0.266602 -0.792973
-1.376545 -1.261101
-0.948976 -3.575130
0.551366 2.059294
-1.469036 -4.362539
1.247969 0.642734
-1.027259 -0.279385
0.482423 1.097573
-1.406379 -2.828864
-1.137858 -3.870990
1.294600 2.294694
-1.734212 0.400138
-1.204710 -3.447993
-1.711752 -3.198058
1.037637 -0.690967
-0.096786 0.952596
-1.798888 -2.537502
-0.640618 -3.076282
0.852494 1.621299
0.185735 -0.967222
-0.857177 1.828316
1.568899 -0.988407
0.689385 0.494251
0.402719 -1.195807
0.863024 1.388594
0.249621 0.841305
1.056801 1.530682
-1.544679 -2.541742
0.204082 -1.558025
0.348487 -0.582873
1.612836 3.371371
-0.993277 -0.035626
-1.001472 -0.843098
-0.850043 -3.091101
-0.704518 1.222420
0.503163 1.600229
-0.915833 -0.486872
-0.662622 1.100304
0.145753 -1.144800
2.262189 0.497368
-0.353967 -1.659094
-0.793138 0.984132
-0.376453 1.102777
-1.249919 -2.410317
-0.047789 -2.170753
0.334722 1.321930
-1.614644 0.136217
1.348883 1.701091
0.189948 1.698714
0.615584 -1.686167
1.055493 -1.445134
0.264790 1.333246
1.063370 1.683433
1.414261 -0.589667
-0.701352 -2.091591
0.868650 2.538729
-0.789826 -3.476571
-0.474714 -0.405158
-0.754806 -2.939981
-0.116802 -2.132675
-1.161649 -0.056346
0.200772 -0.903599
-1.311182 -1.617085
-0.143791 -1.976683
1.459762 0.795381
0.592828 1.609594
-0.737053 1.006693
0.277030 -0.060240
0.775841 1.894220
-0.943745 -0.759566
-0.984827 -0.247602
0.442630 -0.691640
-0.369664 0.712103
-0.505051 -2.234682
-0.305915 1.323753
-0.621330 -2.422730
0.297993 -0.466516
0.474808 -1.254354
-1.285014 -3.849550
-0.351206 0.908619
-0.083189 -1.920241
1.934122 2.454581
0.974689 -1.096081
-1.126356 -0.109157
1.578721 1.372056
0.416721 -0.153507
-0.586165 1.137189
-0.164360 1.316649
-0.414739 -0.380923
1.090096 -1.312338
0.718999 0.997969
0.677002 -0.051147
-0.921160 -0.353967
-1.152937 -1.024119
1.626990 -0.752325
-0.523129 0.089914
-0.878213 -0.575592
-1.245786 -1.012795
-0.909808 -1.114014
0.548847 1.733003
-0.021524 -0.791726
1.197572 2.174556
-0.843560 -0.692645
-0.204203 -1.896025
0.047402 0.796152
-0.700697 -2.866332
-1.176357 -1.234524
-0.662391 -1.336199
-1.435452 -0.526643
-0.040675 1.289133
1.378237 1.212036
1.322488 0.618061
-1.174930 -1.282262
-0.224921 1.093693
-1.581939 -0.638669
0.577834 2.225055
-1.062228 0.777984
-0.291497 0.887365
1.033073 0.385591
1.335745 0.364322
-1.226527 0.635850
-1.744115 -1.053298
-1.504249 -2.745546
-1.268917 0.637021
-1.064486 0.202463
1.176914 2.389465
1.252680 0.881217
-1.575727 -0.633267
1.118319 2.171697
1.461240 1.064684
-1.244654 -2.555293
-1.676081 -2.300641
-1.792472 -1.137403
0.228863 2.779757
0.275243 -1.477754
-0.831668 -1.077658
-1.340116 0.037697
-1.138722 -1.802262
-0.805637 -2.110130
1.341359 2.154232
0.910272 -1.220993
0.939161 1.601550
-0.512226 1.058650
-1.401266 -2.585334
-1.287285 0.807163
-0.607999 -3.819840
0.158355 2.000974
-0.816860 -1.903315
0.888977 -0.344367
-0.396750 -2.966046
-0.576471 0.542006
0.294782 0.830126
0.476018 0.765179
-1.140751 -0.029921
0.496629 1.696100
-0.781870 -0.545823
1.439917 0.932771
1.001420 -0.112951
0.594586 -1.674695
-1.724453 -3.783075
-1.095484 -0.312564
0.302049 0.749029
-1.387327 -1.862639
-1.853164 -2.659099
1.332199 2.492006
0.336509 -0.621591
-0.115267 -0.514879
1.001770 -0.718482
-0.526468 -1.927448
-0.577901 0.354139
1.286144 2.846378
-0.521867 -0.093008
-1.355371 -1.675732
-0.689072 0.425044
-0.583849 -1.660372
-1.749663 -1.605563
-1.250738 0.542844
1.766719 3.083166
-1.199790 -0.270699
-1.726093 -2.363173
-1.084920 -2.069231
0.340834 1.926131
0.206109 -1.571196
-0.929543 0.968263
0.278885 1.050559
-0.175043 2.268394
-0.559389 0.955743
0.663937 -0.825533
1.648467 2.365194
-0.977518 0.040446
0.991495 1.888533
-1.359364 -4.396901
-1.039139 -3.671021
0.781293 -0.657883
-0.906888 -2.315780
-0.644862 0.269715
-0.735628 -2.814702
-0.279536 1.047235
-1.196863 -2.707088
1.209441 0.838107
0.766159 1.535049
-1.007068 -3.963323
0.693966 -0.879890
1.217322 -1.006805
-1.047400 -2.223811
0.835836 0.298135
0.034552 -0.838782
-1.104544 -1.666903
-1.076253 -2.529187
0.573982 -0.074967
-0.617305 -2.849939
-0.713259 -2.165441
-0.932504 -3.680757
0.429934 -0.265463
-0.510895 -2.700967
-0.316460 -2.469975
-1.214889 -2.249539
0.375422 0.282607
0.099866 0.787107
1.148281 1.477851
-0.849572 -2.189241
-1.550306 -3.695096
-1.130663 0.361926
0.810481 0.087831
1.277564 0.437985
0.586195 -0.867479
0.190873 -2.046828
-0.510307 -1.960555
-0.383331 0.947504
-1.158867 0.356646
0.478717 2.356080
-0.772487 -0.259926
0.460619 -1.009993
0.874077 1.815752
-0.852567 -0.269878
-0.623149 -0.539924
1.147041 1.084786
-0.077676 1.419653
1.018835 0.398729
-0.999302 -2.552936
1.250369 2.371145
-1.551795 -0.670767
0.082420 1.758633
-0.073860 2.237736
-0.811568 0.057939
1.207299 -0.399106
0.770284 -0.230006
-0.526534 -3.087040
1.426792 0.654138
0.332009 1.753573
-1.155705 -3.165625
-0.124579 1.175663
-1.134688 -0.250640
-0.706277 -1.500310
-0.262185 -2.491637
0.768699 0.834670
-1.682999 -2.463664
1.193697 -0.630307
-1.508830 -2.125934
-1.165913 -2.820709
0.497552 2.206934
1.129255 -0.443836
1.479480 0.937292
-1.646186 0.066421
1.647363 0.987681
-1.547420 -4.011930
-1.498499 -0.772804
-1.224182 0.589528
-0.281951 0.401556
-0.928301 -3.124744
0.263322 1.750977
1.099364 3.974978
1.162267 0.832593
-0.878404 -0.279353
-0.562507 -1.818126
0.052312 2.156296
0.225495 -1.640456
1.022063 -0.198726
-0.216413 -1.195325
0.282910 -0.572841
1.954111 2.135930
-0.642140 -0.307508
1.842698 1.254890
0.010729 -0.046719
0.726604 1.690456
-0.906899 -0.168590
-1.609381 -3.943097
-1.396192 -1.057319
0.410836 2.107487
1.334057 2.446136
-0.213348 1.429802
2.124342 0.318509
-0.641241 -2.239979
1.608831 1.381681
0.862577 -1.411482
-1.100809 -1.584090
0.919100 -0.655180
0.740394 -0.558209
-0.834267 -0.923953
-1.292558 -2.265769
-0.014850 -0.069821
0.263982 -1.250652
-1.744778 -3.358951
-1.101208 -0.307484
1.401439 2.155987
-1.342415 -0.951448
-1.366176 -1.051376
1.398835 0.765973
-0.925874 -0.513197
1.603802 1.901070
-0.901872 -1.661212
-0.535577 -0.468770
-1.073025 -1.032227
0.018639 -0.460325
-0.725217 -0.020614
-1.130513 -1.138397
-1.231666 -0.579223
1.293615 1.691995
-1.557713 -1.488451
-0.277061 -2.189846
-0.733715 0.463811
-1.525169 -2.745624
-1.426125 -3.810418
0.508022 -0.416754
-0.695353 0.554990
-0.828806 1.035806
-1.112204 -0.963523
-0.515179 1.652773
-0.120175 0.927799
0.839965 2.460767
-1.516895 -3.698210
-0.609413 0.332585
-0.027091 -1.919740
-1.205641 -3.260988
0.991915 0.428237
-0.897548 0.181305
0.035533 -1.403878
-1.122037 -1.618247
-1.051464 -0.640073
-0.643876 -3.194268
-0.892262 -1.100654
0.830943 0.208102
0.899543 -1.755807
0.980835 1.346250
-0.373418 -2.144396
0.517790 2.328915
-1.259131 -1.997113
-0.678005 -0.682681
-1.444701 -3.937233
-1.321767 -0.402691
-1.556880 -2.739967
-0.047328 -0.631335
0.030402 -0.932081
-0.001132 -0.886806
-0.768945 1.435380
-0.715594 -2.309768
-0.476075 1.070703
0.857706 2.296653
-0.919509 -2.585357
-0.113766 -0.391268
-0.605859 1.371782
-0.631858 1.395746
1.919550 0.902864
-1.321662 0.121343
0.410231 -1.612629
0.802195 -0.799691
1.213065 1.073498
-1.241334 -0.742167
-1.211206 -3.154314
0.377993 0.270272
-0.516894 0.943739
0.775440 0.819268
-0.335274 -1.012438
-1.072183 -0.963625
1.254574 2.630809
0.395192 -1.958494
0.501867 2.084747
-0.934133 0.862663
-0.516135 0.430967
-1.268103 -1.277493
0.389682 0.409329
-1.481101 -3.763579
-0.629018 -2.488276
-1.122443 1.503123
-1.340994 -3.460981
-0.567527 -1.890935
-1.550375 -0.557897
-0.891633 1.253895
-1.198583 -3.201022
-0.275242 -1.246536
1.632346 0.500642
-0.446046 0.932180
-0.175852 0.549191
0.951057 -0.894217
-1.712432 -1.008895
1.086415 -0.951131
1.080756 0.012781
1.018561 1.812724
0.620900 1.416315
1.349801 1.851874
1.443400 3.055455
-0.263670 -0.783878
-1.767763 -1.089041
0.883763 1.199495
0.539750 -1.399679
-1.528693 -4.054258
1.225474 2.973524
-0.458734 -1.140040
0.528820 -0.901445
0.806735 -1.389361
-0.292254 -2.293975
-0.873447 -1.817290
0.730917 -0.818386
1.138900 1.722808
1.059482 0.634032
-0.511703 -3.543349
1.247594 -0.190979
-0.039334 1.211315
1.132954 1.746796
-1.074681 0.036213
-0.747344 -3.252716
-0.101861 -0.024691
0.453820 1.918793
1.638185 3.657958
-0.824037 0.941875
0.961854 -1.244819
1.292021 -1.534140
0.396092 2.099528
-1.761783 -3.237640
0.312259 -0.400374
-0.031027 -1.411526
-1.324474 -3.297992
-0.507485 -2.904981
1.024914 2.084449
0.424277 -1.244680
-0.358136 -0.955585
0.960236 2.229338
1.537887 -0.374468
-1.674339 -0.910158
0.150512 1.319233
1.909535 0.492454
-1.200365 0.909333
0.260809 -2.051831
-0.024531 1.508108
-1.441218 0.545039
2.175246 3.538618
1.095498 0.342669
1.214372 -0.212300
0.077479 0.307453
-1.391504 -1.772124
0.026393 -0.853716
0.366746 0.561029
-1.796091 -0.138792
-1.069684 -4.101569
1.104398 2.498434
-1.364018 0.530741
-0.927682 -1.455251
0.835414 1.785996
0.524573 -0.904144
0.280219 1.935032
1.751140 0.873063
0.008728 1.718744
0.540584 1.037972
-1.267696 -0.931285
-1.777286 -1.229885
0.870723 3.474009
1.719573 1.470414
-0.182254 -3.293259
0.968953 -0.428005
0.646436 2.228367
-1.523077 -1.596964
0.979746 -0.508680
-0.587003 -3.360482
1.194553 0.138680
-0.595193 -1.444143
0.809737 0.772331
-1.417129 -1.827865
-1.559549 -2.247288
0.363600 -1.017051
0.688685 -1.293061
-1.222357 -2.669783
0.196263 1.320227
0.075693 -0.227864
-0.508264 1.081545
-0.249659 1.015489
0.309623 1.445498
-1.913728 -3.080695
-0.726086 -0.062034
1.220523 1.658822
0.196706 -1.248646
-0.821020 -1.591026
-0.287026 0.314377
-1.388810 0.219342
-0.198862 0.859449
0.932357 -1.365373
0.030554 0.127522
0.711521 -1.763032
-0.609970 -0.664707
-1.093312 -2.577633
0.236195 -1.340316
-0.857229 -0.047212
-0.984697 -0.747075
-2.029074 -3.514099
0.211811 1.535631
-1.392682 -0.955947
1.405778 0.968074
0.613889 1.318671
-1.544978 -3.564712
-0.865809 -2.765781
-0.370913 -0.373199
-1.991424 -3.619040
0.043009 -2.242085
1.215963 -0.669084
1.485034 2.980832
1.338733 0.054077
0.594983 1.913320
-0.749333 -1.184185
-1.286668 -2.586540
-1.031547 -2.866366
0.341004 -2.153138
0.896366 0.918700
0.720045 -0.685485
-1.234481 -2.183671
-0.535008 -0.443697
0.608558 1.433179
-0.548690 -0.644019
-0.395416 -2.178158
-0.583369 -0.940928
-0.283250 -0.893551
-1.217370 -4.423251
-0.022931 -0.722265
-0.723916 -0.126204
-1.558775 -3.303202
-0.160954 1.457888
-0.321948 1.285745
-1.350044 -2.888568
-0.783898 0.992606
-0.986652 1.522246
-1.783216 -1.262863
0.192801 2.337739
0.279509 -1.687476
0.495490 0.429109
1.828120 1.077975
0.864046 3.187935
-0.915464 0.668200
0.378386 -0.760271
1.277771 2.287946
0.505119 0.395691
-1.889783 0.564419
-0.247596 0.619085
0.103153 -1.044653
-1.338221 -0.644872
-0.250307 1.240538
-0.314479 0.969245
-0.005791 -1.976043
-0.730281 -1.648001
-1.882171 -2.971355
0.150741 1.219066
0.120647 -0.222245
1.324379 3.148015
1.382537 2.278844
0.545825 -0.599460
-0.889032 -0.459170
1.614238 -0.448617
-0.428342 -0.936710
1.565828 0.335752
-0.743774 0.710647
-0.511928 -2.559230
-0.252251 1.450562
1.778095 3.961908
-0.775816 -2.114614
-1.517985 -2.756030
0.782569 -1.051964
1.758202 2.133323
-0.028780 -2.025365
0.724332 2.277374
1.650158 2.544123
-0.336116 -0.268617
0.948136 3.540793
-1.238920 -3.068766
0.827365 -0.027244
0.893356 -1.142540
0.081112 0.261138
1.166086 0.107501
-0.241239 -1.878658
-0.273631 -2.350173
1.295587 -1.381100
0.408314 1.327900
0.421995 -1.022015
-1.852195 -3.833909
-1.595639 -1.394183
-0.084309 0.703680
0.640283 -0.939267
0.035989 0.332128
-1.861862 -3.547072
-0.745255 0.477468
-0.261420 1.646273
-0.607635 -3.323936
-1.740206 -4.846622
1.434405 -0.983803
-1.541607 -1.097135
1.141015 0.875636
-1.588685 -1.047823
-0.251914 0.802223
-0.589932 1.488854
0.088111 0.809667
-0.550999 -1.719544
1.297100 1.605790
0.259494 2.319915
-1.082709 -2.814882
-1.484004 -0.850348
-0.474005 -1.384111
1.240637 1.135749
0.509345 -1.149942
0.464230 -1.132470
-1.626862 -2.048684
-1.079592 -3.020937
-0.212589 -1.477420
-0.032788 -1.845785
-1.306159 0.392405
1.255353 2.599705
-1.165179 -1.249976
0.143886 1.002970
-0.156518 1.510007
-0.606479 -3.312133
0.591257 1.959955
-0.872400 -2.994535
1.396205 1.131916
-1.184496 -3.596979
1.081669 2.366935
0.499805 0.308552
-0.502183 0.975314
-0.578584 -0.049799
-1.115151 0.525408
0.898166 -0.533416
-1.340417 -3.180499
0.111788 -0.733005
0.865410 2.415518
0.125062 -2.028055
1.156258 1.209946
0.333622 1.598760
0.754623 1.760166
0.297271 1.054623
-0.743134 -2.468480
-1.687776 -1.025471
0.844291 2.336293
1.282675 2.977617
1.699188 -0.777566
-1.008263 -0.632741
0.883984 -1.179905
0.825296 -0.538778
-0.420514 -0.902549
0.969828 -0.053594
1.687929 2.293307
0.805539 2.207989
1.847537 1.813708
-1.712986 0.585242
-0.546807 -1.973537
-1.284339 0.314206
-0.878286 1.849160
0.428348 1.675524
-1.009583 -1.231840
1.085418 -0.969703
0.944404 2.474941
-0.983761 -1.915641
-1.658748 -4.563968
0.674952 2.360403
0.275406 0.129811
-1.713143 -1.416800
1.162015 0.605565
1.368653 -0.935399
-0.144865 -2.982097
-0.462014 1.422868
-0.778507 0.761968
-0.829727 -4.148963
-0.186222 -2.460124
1.507230 -0.686585
0.300152 -2.364909
1.531919 -0.511199
-1.336747 -3.793151
-0.652495 -2.636441
-1.298519 -2.910478
-0.462197 -1.163862
0.281094 -0.059294
0.451300 -1.596291
0.263397 0.372960
1.631499 2.668671
-1.309233 -0.523743
-0.496586 -2.983358
-1.036730 -2.994548
-0.806961 -0.040142
0.356390 2.468347
-1.170227 -0.077073
-1.375001 -1.619886
-0.094014 -2.787767
-0.011221 -3.000989
-1.707435 0.066785
-2.056341 -1.783173
-0.151377 1.043275
0.636494 -0.527095
0.918964 1.694280
0.705274 -0.115277
-0.083448 -2.177725
-1.363514 0.389711
-0.323783 -3.052417
1.594824 -0.572096
-0.734500 -1.844674
0.227454 1.950023
1.170172 0.852625
1.516900 -1.494198
-0.765934 1.123137
0.868043 2.868632
-1.206667 0.426673
0.642592 -1.338390
0.979512 -0.904227
0.473252 1.298995
-1.058910 -1.163110
-1.223756 -3.635025
-1.491054 -0.791562
0.939684 2.315527
-0.546339 -1.227484
-0.579852 -2.697664
1.084844 1.763670
0.879018 -0.048209
1.160009 1.903818
-1.486197 -4.337080
0.337174 -0.681899
0.783692 0.403912
-1.264900 -0.351989
-0.748165 -3.522920
-0.958847 -2.215801
-1.262290 -1.966339
-2.172253 -0.384307
0.355591 -1.045863
0.713868 1.027355
0.844101 2.270580
-0.431113 2.106464
1.172998 2.490131
0.763031 -0.760893
-0.739312 -1.321946
-0.794674 0.428343
-2.151322 -0.907288
-0.715521 0.117164
-1.825508 -3.982805
1.338861 0.341051
1.084105 0.384996
-1.097022 -1.844536
-0.037195 -1.176913
-0.995894 -0.877327
0.072186 -0.323553
-1.082989 0.234633
1.218598 -0.365342
0.529695 0.705605
0.474513 -1.188480
-0.735168 -2.075576
-0.401818 1.528138
1.477768 1.427548
-1.127404 -0.906129
-0.072164 -1.180931
0.359398 1.963702
0.048625 -0.748187
0.135275 -1.939941
1.309988 -2.054420
1.381589 1.558380
0.892130 0.566886
-1.248756 -3.134260
1.534028 2.188442
0.321247 -1.769517
-1.600395 -2.747680
1.164476 0.108495
-1.207839 -0.366529
0.800417 0.136940
1.455524 0.007528
0.448388 -0.299148
-0.329681 -0.727438
0.408250 -2.098205
-0.780237 0.154725
0.665299 0.939347
1.515831 1.253125
0.737107 0.769857
0.262898 -1.987320
-1.403776 -3.151708
0.616801 -1.414590
0.032148 0.366319
0.702268 2.113680
-1.507758 -0.504814
0.875866 -0.055927
0.543790 1.047020
-1.183751 -0.868042
-1.267283 0.159775
1.141475 -1.109946
-0.498148 -0.131878
-0.776608 -3.226376
0.510992 0.199556
-1.961000 -1.351961
0.808010 -0.486266
-0.713489 -2.766850
-0.398398 -1.536849
-0.312170 0.817919
1.127935 0.911581
1.709928 2.154813
0.546660 -0.466443
-1.468536 -0.554396
-1.556564 -1.777849
0.924723 2.249964
0.086374 -2.175692
1.117153 1.221393
-1.760855 -3.314364
0.202475 1.676798
-1.257075 0.174981
-0.218876 1.306743
-1.815526 1.166097
-1.246419 -0.826491
-0.288437 1.348513
-0.513469 -1.053912
-1.752330 -1.201201
0.937252 1.507293
1.690303 -0.296973
-0.510531 0.873214
-1.166450 -0.637038
-1.375399 -1.227169
0.562685 -1.027328
1.002662 0.583929
-1.319219 -4.245957
-0.669219 0.592407
-0.810465 -2.763771
-1.432265 -3.528658
-1.234221 -2.833035
-1.213072 -0.088363
0.565749 1.460324
1.282233 3.405760
-0.005217 1.067624
-1.844778 -2.387644
0.283687 1.809684
0.210622 0.292423
0.142856 -0.285378
-0.527465 -0.837480
-0.124258 -0.373400
-1.518147 -1.321052
1.587030 3.377714
-1.465008 0.822532
0.562781 -0.305613
0.231959 -1.439569
1.067624 -0.108892
1.301034 2.610655
-1.637916 -1.700757
-0.199355 0.535774
-0.287969 0.757635
0.768404 0.406546
0.716073 2.617047
0.104802 -0.897210
-0.428298 1.594884
1.120448 -0.198573
0.585866 -0.388813
0.631247 -0.999365
-0.628516 -1.316006
0.404325 -0.028442
-1.049068 -2.144460
-0.205484 -2.538655
-1.127071 -0.632926
-0.290756 -0.466158
-1.361229 -2.789507
1.096922 1.528667
1.101194 2.207693
0.349127 2.135192
1.144498 -1.343247
0.870201 -0.183044
0.345409 -0.697766
0.481920 -2.058885
-0.008530 -0.671589
1.089208 2.519364
1.235368 3.407566
-0.734380 0.724856
0.155092 0.774339
0.403339 1.173524
-1.557104 -3.095435
-0.340612 0.515926
0.886081 2.479342
-1.589139 -3.001517
0.839525 1.517968
-0.435709 -0.517641
-0.755920 0.456234
-0.672374 -0.772019
-1.328484 -2.838440
0.062236 -1.716795
-0.421208 -1.184942
0.981861 2.602073
-0.207850 -0.893516
1.050262 -0.977177
0.907718 -1.499969
-1.189874 -3.551441
-0.659689 1.247191
0.564751 1.775011
-2.182146 -2.263362
0.088015 -0.218776
-0.416861 1.091715
0.951200 -0.361116
-0.050671 1.527020
-1.640983 -1.522428
0.689821 0.429133
0.967523 -0.248740
-1.103642 -0.210934
1.176287 0.804386
0.326129 1.895071
1.592505 0.283121
0.345292 -0.245615
-0.396123 1.862732
-0.140380 -2.917089
-0.571564 -1.609678
-1.155929 -2.672217
0.215444 -0.167461
-1.043272 -1.260260
-1.151988 -1.355912
0.786484 1.391616
0.461124 -0.734909
-1.990841 -0.134709
-0.410572 -2.633610
-1.177862 -1.163954
-1.132594 -2.994627
0.490441 -0.859169
-1.778044 -4.178893
-1.162173 -1.963388
0.600535 0.746606
-1.065059 -2.322112
-0.128277 -2.496679
0.968049 0.095275
-0.755345 -0.179531
-1.779680 -2.558169
-1.718523 -3.527328
-1.152156 -3.438943
-1.759723 -2.502507
-0.334437 0.859114
-0.923098 -0.842256
-0.529026 -2.750586
-1.354424 -0.930682
-0.173463 1.996172
0.201457 -1.546149
0.846408 -0.154646
-0.052557 1.916474
1.545760 2.172183
-1.178575 -1.928257
-1.091348 -2.975778
1.147294 -0.500572
0.369100 0.704847
-1.311535 1.399061
-0.559144 -1.873060
1.094963 0.378953
-0.283638 -1.462868
-0.777999 0.250575
0.439858 1.473016
0.840561 0.311408
-2.094043 -1.290260
0.519478 2.483897
1.080529 1.421276
0.909446 -1.797255
-0.410101 1.482729
-1.327172 0.802050
1.551048 1.863893
-0.198426 1.529046
-1.596626 -1.596585
-1.681045 -2.975232
-1.418478 -2.363360
0.017997 0.401237
0.755610 -0.957900
-0.518668 -1.276747
0.964028 2.548276
1.081840 1.238976
0.648510 2.223559
0.763265 1.643462
0.862364 -0.355784
0.760039 0.243400
0.646450 1.941682
1.322101 -1.211333
0.008782 -1.112503
-1.424198 -0.807436
0.905733 0.616589
-1.777658 -3.734603
-1.190125 -1.178270
-0.901084 0.248536
0.217473 1.919941
-0.089159 -1.660108
0.192970 -1.424592
1.444797 2.381576
1.231335 0.330982
-0.480160 -2.950808
-1.011133 -3.589098
-0.729494 -1.654081
-1.603758 -2.106676
-1.109339 -1.043024
-0.714034 -0.129034
0.023766 -1.329455
0.563672 -0.479590
0.744184 0.587641
-1.501365 -4.417438
-1.379617 -3.779143
-1.236131 -1.296475
0.440606 2.422883
0.902565 1.953272
-0.671980 -2.818435
-0.983563 0.841323
-0.476251 -2.070933
-0.831278 -2.450278
-0.434918 -1.640051
-1.713959 -3.104502
-0.564114 -4.058568
-0.154889 -2.076750
0.323753 2.158034
-1.557280 -1.993048
0.030648 0.990958
0.274187 0.748834
-0.545972 -1.629809
-1.735347 -1.026436
0.391979 0.701106
-0.834835 -0.950418
-0.655614 -2.502755
1.048890 -0.106466
-0.286312 0.815983
1.360639 -0.153720
1.110582 -0.186571
0.280573 -1.125027
-0.161637 -1.908186
-1.362674 -1.022553
0.380360 -0.782964
-0.483162 -1.737757
-0.129389 1.348911
-1.214655 -0.854624
0.866920 2.359335
0.405639 -0.259304
0.051118 1.464612
-0.152801 1.817477
0.401931 0.006825
-1.337722 -1.445853
1.367729 -0.189925
-0.802971 0.363189
-1.382453 -2.851415
0.090386 -0.746556
-0.290295 1.566622
0.252805 0.357961
-0.805418 0.569449
-0.395943 -2.259171
-1.444956 -4.307104
1.157252 0.777130
0.582032 -0.373846
-0.728975 -2.336349
-1.759298 0.250476
1.042706 -0.433031
-0.559177 -0.818310
0.372560 0.874295
1.540744 1.669647
-1.989057 -2.813087
-0.972578 -1.218606
-0.239462 -1.294013
0.379062 0.416642
1.411150 2.110194
1.257280 1.436498
0.019238 -1.497395
-0.132286 1.379319
-1.212449 -0.224571
-0.784530 -0.610800
-0.855576 -3.551622
-0.859185 -1.454802
-0.104198 -0.283430
-0.358569 -0.236237
-1.137440 -1.278821
0.415019 -0.779584
-0.154284 -1.872395
1.142453 -0.366581
-0.745085 -1.787052
1.191709 1.483464
0.468090 0.017972
-1.068078 -0.058667
0.994400 0.118253
-0.718086 -3.203064
0.072234 1.676374
1.195555 2.796669
0.062445 -2.680594
-0.142184 0.914297
1.227983 1.498046
-0.546899 -1.267672
-1.494816 -3.618433
-0.213986 0.797721
-1.016321 0.109075
0.519237 -0.951179
-1.036119 -2.608381
-0.766184 -1.179183
0.793112 0.445626
1.675910 0.509938
0.277222 -1.228914
0.584321 2.046130
1.373829 2.504694
1.510657 1.136931
-0.541924 0.765844
-1.403106 0.892983
1.325252 1.874729
0.533807 1.610483
-1.356080 -4.198747
0.421320 1.592274
-1.447894 -2.303088
-0.696733 -2.575603
0.821671 -1.775143
-1.320042 -3.079120
-1.244106 -2.191909
1.190114 0.278829
0.466185 0.105269
-1.538071 0.790586
-1.169304 -0.902742
-0.157977 -0.230268
-0.159851 -2.754855
-0.966003 -3.982017
-1.001742 -4.001004
-1.763501 -3.260489
-1.812768 -4.150226
-0.088168 1.916731
-1.484305 -2.611253
0.501697 1.295769
0.093014 0.151842
-1.076686 -1.076110
-0.736807 -2.945941
0.916094 2.349292
-1.814058 -3.024203
1.329053 3.261084
-1.668225 -4.146989
-0.114836 -0.639373
-0.300708 0.759009
-1.723066 -1.942038
0.494565 0.938707
-1.363382 -0.742626
0.594613 -1.553181
-1.466795 0.126364
-0.987358 -2.478015
0.017362 -2.519356
0.598216 -1.321227
-0.071932 2.407627
-0.151583 -1.049407
0.669647 0.297376
0.158321 -1.149677
-0.998843 0.726983
1.192666 -1.418667
-0.682738 0.387271
-1.131555 0.099598
0.426019 1.996862
-0.814044 2.999643
-0.802595 0.886089
-1.518588 -3.710043
1.018358 1.122497
0.718129 -1.198505
-1.214628 -0.940137
1.389368 -0.076389
-0.093261 1.488689
0.000535 -0.553129
-0.545318 -2.344252
0.947882 -0.301722
-0.558346 -2.372205
-0.618946 -1.833588
-0.515106 1.297062
0.766012 2.952171
-0.787218 -3.585238
0.803568 2.069741
1.134940 -0.000035
-0.161586 1.729572
0.547573 2.005382
-1.232750 -1.566687
-1.315936 0.592079
-0.227882 1.209875
-1.119412 -1.660048
-0.981596 0.626019
0.314595 0.035168
-0.460107 1.879674
-0.821260 -1.367662
-1.664017 -1.400818
-1.584471 -1.728265
0.120667 1.443221
-1.579713 1.541115
0.462410 -0.794121
0.762744 1.400781
1.153433 0.587497
-1.326664 -0.763825
1.385566 2.146281
0.160822 -1.057541
0.643466 -1.245955
-0.295850 0.742381
-0.336896 1.464899
1.458245 1.958278
-0.821179 -2.124954
-1.811923 -2.496831
-1.050579 -3.283447
-0.849481 -2.543261
-1.680243 -4.442228
0.982315 0.672992
-1.319207 -0.747245
-1.485311 -3.560252
-0.956258 0.473662
-1.295880 0.723392
0.141828 -1.776870
0.527563 -1.871800
1.125512 -0.280002
-1.590990 1.045635
-0.378373 1.520027
1.323866 0.240887
0.333725 1.378423
-2.164223 -2.503831
-1.827230 -0.968386
0.418576 0.596158
-1.921051 -0.360569
-1.606182 -0.746012
0.771052 -1.140977
-1.618653 -0.880552
-0.033688 0.841739
-0.709697 -1.426078
1.288029 0.890245
-0.202731 1.499929
-0.923049 -3.236243
0.400749 1.523564
1.220816 1.788130
-0.618708 0.091836
-2.046409 -0.361089
0.877195 0.653027
0.376026 -0.228499
1.264484 2.401668
1.248632 2.189233
0.494561 -0.628439
-1.483597 -1.003439
0.857427 -1.111925
-0.447127 -2.555681
1.347899 1.972067
0.698982 1.098732
-0.281630 1.385705
-1.345296 -1.002300
-0.199737 -1.422037
1.231258 -0.311841
-1.538723 -2.715719
0.236384 0.697690
-0.523544 1.163432
0.680264 0.659466
-1.091432 -1.388179
1.283691 2.346267
-0.605797 -0.051382
1.015291 0.528952
0.914936 -1.035582
1.096948 1.155989
0.995246 0.526095
0.519964 -0.416774
-1.971634 -2.575822
-0.574220 1.405342
0.712075 -0.386595
-1.020457 -0.376299
-0.052029 1.527881
-1.660352 -1.641456
0.364226 1.342672
-0.833662 -0.838319
0.233164 -1.558834
0.768048 -0.345480
0.226163 1.240234
1.370863 1.649623
-0.079325 0.713896
0.414204 -0.851067
-0.200413 -1.755694
1.233366 1.387438
-1.812181 -1.702879
-0.480876 1.395510
-1.257243 -1.477685
-0.792285 -2.055378
1.210934 2.456866
-0.261024 -2.044548
-0.172906 0.805752
-0.340121 1.123175
1.394765 2.418771
0.034980 -0.585119
-1.218549 -2.467254
0.782641 1.933988
-1.630468 -0.634458
-0.187531 -0.879543
0.031905 1.230416
-0.352338 -2.866623
1.202510 1.839127
0.676263 -1.272459
-1.334589 -1.562880
-0.493266 -1.504443
1.145868 -0.492274
-0.238070 -0.883745
-1.357836 -1.346813
-0.343461 -2.294547
1.283685 1.343439
0.196804 1.527881
-0.918113 -0.297414
-0.768932 -2.428830
0.339961 -1.033530
0.246645 -0.166931
-0.963470 0.582456
1.720804 1.993149
1.363868 -1.020052
-1.768430 -1.870466
0.425659 -1.743416
-0.836783 0.094107
-0.627168 -2.210012
0.636517 1.668053
-1.418791 -3.023744
-1.055439 -2.778543
0.110519 -0.184719
-1.386643 -0.836884
0.610901 -1.579810
-1.408773 -2.567866
-0.932804 0.746858
-1.280367 -0.683054
0.053808 -1.560317
-1.773201 -1.374562
-1.577704 -0.229865
-0.922936 -2.320563
0.020300 0.467673
-0.892608 -1.818061
-0.113240 -2.875720
0.658300 -0.857855
-1.527104 -2.360736
1.022966 2.148782
0.500676 0.525144
0.993359 1.311230
-2.111074 -3.344356
1.117737 2.754042
0.558288 -2.072787
0.993008 2.198231
-0.759479 -1.483335
0.845634 1.839448
0.883962 -1.974234
1.364992 2.453002
-0.834868 1.021124
-0.361102 -2.480148
-0.447909 1.372045
0.804163 1.958601
0.763322 -0.311905
-0.242567 -2.243239
0.606990 -0.548023
0.204868 1.790644
-0.037708 1.883466
0.338727 1.392807
0.598072 -0.685500
0.498508 0.628728
-0.357037 -2.099761
-0.964709 1.235496
0.763771 -0.257198
0.308174 1.122457
0.781675 2.583845
-0.400222 0.027447
-1.731450 -2.449719
-0.007684 1.533250
1.694738 1.142380
-0.181794 -2.409705
-1.825092 -2.695615
0.536386 2.233468
1.533220 0.033695
1.343019 1.450784
-0.867337 -2.627534
-0.484620 -0.782268
0.099372 -1.561054
0.211437 -2.133794
1.407700 2.817698
-1.235458 -1.264880
-0.305692 -1.859080
0.670069 -1.702794
-1.117969 -0.574765
0.676306 -1.020526
1.578784 0.441255
-0.754616 -2.350410
0.474606 -2.536620
1.202873 3.254864
-1.949813 -1.622908
-0.065031 0.408767
1.048802 -1.198317
0.671808 0.981120
-0.792401 -0.312529
1.317986 2.419800
1.328690 0.102048
-0.594339 -2.040418
0.057778 -2.043309
-1.028260 -3.419064
0.289636 -1.233985
1.689486 1.899296
-0.705341 -2.088962
-0.926260 -0.917213
1.172323 -0.930213
-1.495850 -2.302444
-2.122582 -0.912242
1.044908 0.166849
-1.142261 0.200039
-1.091645 0.109529
0.036945 1.011117
-0.622763 -1.975177
1.151918 -0.307194
-1.310872 -3.333172
-1.579789 -0.654710
-0.205624 -0.012344
0.201763 -2.015985
1.245719 -0.186363
-0.241834 -0.604097
-0.351529 1.830031
0.799070 1.797024
-0.134650 -1.314605
0.735332 -1.401153
-1.005262 1.464713
-0.631243 -2.739727
1.642272 -0.460002
0.184823 2.265463
0.343827 -0.278277
0.279927 -1.112366
0.303333 -1.300235
1.052997 -0.148429
-0.014112 1.613201
-1.198491 -3.342418
0.468551 -0.435362
-1.443153 -0.461330
-0.183729 -0.099698
-0.217989 -0.363373
-0.683657 0.134065
0.701283 -0.911062
0.100148 -1.444155
0.547236 0.678554
-1.160081 0.857166
-0.179765 0.058165
-0.810416 -2.491611
-0.687374 -2.318263
1.532807 5.038685
-0.217138 0.457412
-1.720083 -2.896614
1.779415 1.895184
0.069739 1.917046
-0.980752 -1.251388
-0.054245 -0.823070
-0.003673 -2.276588
1.587243 1.271699
-1.812629 -2.758964
-1.237995 -3.377709
0.128043 1.417552
-1.453751 -0.114787
0.738920 0.658845
-0.002500 -2.147226
-1.490255 -2.281139
0.815438 0.405588
1.013213 0.442647
1.237174 0.263579
0.049066 1.209085
-0.730340 1.060180
-1.104815 0.923779
-1.275994 -0.292178
0.235357 1.499422
-0.073449 1.362463
-1.522931 -3.232973
-1.491285 -3.117412
0.065135 -0.097472
0.201438 -1.649914
-1.081968 -2.825726
-1.743185 -2.568625
0.479265 2.222598
-1.539817 -4.726285
-1.332062 -0.564533
0.283840 1.026028
0.604405 -2.378441
-0.885997 1.470307
0.032392 1.557517
1.111672 -0.871391
0.299466 -1.257640
1.032912 0.425778
0.083789 -0.828533
-0.252271 -0.072011
-0.540690 0.489700
-0.628525 -2.042803
1.190568 0.917662
-1.648643 -0.942076
-0.505591 -0.707694
1.368909 -0.063391
0.213147 0.931382
0.845640 -0.599686
-0.867579 -0.659384
0.055766 0.881322
0.630263 0.774599
0.129064 1.658227
1.700596 2.110046
1.388776 1.613181
0.962574 0.970362
0.597291 -0.237272
-0.455509 -0.361815
0.435407 1.258825
0.808981 -0.518168
-1.599117 0.023903
-1.244552 -0.494558
0.999852 -0.359725
-0.990441 0.290174
-1.925841 -2.860004
-0.012917 -0.986040
0.867695 -1.437050
1.378905 1.371819
-2.136964 -3.271516
1.205936 -1.047645
-0.056265 -0.699734
-1.990413 -2.424622
-0.164991 -2.340554
-0.460387 -3.255512
-0.944971 1.166292
0.059437 2.536316
0.181820 -1.628197
-1.025167 -0.917504
0.421145 -0.469610
-1.972355 -1.866496
-1.630786 -2.021569
0.430133 -0.273442
-1.387638 -1.577000
-0.848044 0.426657
-0.767413 -2.756094
0.812193 -0.652709
1.392908 0.768286
1.289561 1.804715
-0.399794 -1.617299
1.649817 3.175182
-0.694764 -1.256393
-0.392854 -0.976635
1.895206 0.449008
-1.689103 -0.873851
-1.090214 -0.499542
-1.079769 -2.871952
0.046768 -2.074272
1.416491 1.605785
-1.313095 -0.711034
-0.942293 -1.551656
1.547260 1.192188
-0.321755 -1.805406
-1.687964 -3.362116
0.429965 0.106132
0.334412 1.200521
-1.171405 -3.435558
1.069351 1.359398
0.163850 1.006757
-0.115948 0.077892
-1.354708 -2.909927
-1.307765 -1.609760
0.243369 -1.670274
-0.421708 0.616291
0.164183 -0.683688
0.277191 -0.514523
1.661912 2.469281
-2.057102 -3.295605
-1.358639 -1.988412
-1.179987 -1.380938
0.445501 -0.243706
-0.552629 -0.143932
0.851629 -0.405927
1.406336 -0.514339
-1.052581 -1.777722
-1.605042 -1.572668
-0.575830 -0.672040
0.251683 0.862856
1.458929 -0.733972
-0.844129 0.188703
-0.114650 -0.366238
-0.833689 1.005287
0.781013 -1.526484
0.187401 -1.321294
0.854173 0.631570
-1.568341 -1.637538
0.699722 -0.983455
0.901513 0.820074
-1.148572 -3.412232
-1.069794 -2.913960
0.404170 -1.444976
0.514625 0.400672
0.252312 1.414990
0.416341 -0.557523
-0.562400 -1.524492
-1.681978 -2.566819
1.060610 -1.135041
1.647174 -1.103207
-1.377272 -1.160399
0.205041 0.388763
-0.802198 -2.760277
0.939020 -0.466756
-1.488806 -1.420130
-1.049981 -1.847843
1.169466 -0.280042
1.249944 -0.477124
-0.222985 -1.844768
-1.372677 -2.767145
-1.609145 -0.483593
1.622271 -0.370340
0.929779 -1.498431
-0.259430 -0.507936
-0.647421 -2.292833
-0.069605 1.050961
-0.430342 -0.332770
0.044020 1.437038
0.656222 -0.688260
-0.572223 -0.049758
-1.588011 -2.170807
-1.777647 -1.311373
-1.284934 -1.345067
-0.640979 0.157530
1.025788 2.734862
-1.311670 -2.811712
-1.056297 0.650906
-0.972533 -2.068123
-0.232115 -1.602054
-1.448808 -0.045411
0.014525 0.704854
-1.018194 -0.476389
-0.371175 0.320038
0.647793 1.297152
-1.329867 -3.169919
1.049841 0.614313
1.657294 1.157595
-2.172449 -0.832399
-1.661070 -1.570568
1.519959 1.438587
-0.825709 0.283897
-1.646260 -0.899258
0.863189 0.534116
0.573272 -0.001093
0.229365 1.752133
0.762348 -1.707320
1.228166 2.812922
0.596904 1.940073
-1.662634 -1.658056
-1.785261 -0.874417
-0.923967 -0.431292
0.474268 0.259876
-1.664099 0.895813
-0.257216 -0.379955
-1.680208 -2.273127
-0.838649 0.733492
-1.252045 -2.232420
-1.202688 -4.062864
-1.203032 -0.735140
1.114206 1.404294
-1.474537 -2.333959
-0.067765 0.655071
-0.996447 1.002208
0.885764 -1.755719
-0.710868 -2.392090
0.970966 1.801280
0.926851 -1.804276
1.141774 1.576141
0.068327 1.881799
0.724752 -0.686796
-0.774709 -1.796571
0.910542 3.199868
-1.169580 -0.712995
0.874933 0.261920
0.091935 -1.711854
-1.143694 -1.867732
-0.439509 -1.196383
-1.349742 -1.227360
-0.802557 0.725799
1.171681 1.031733
-0.613077 -3.275698
-1.400262 -1.295358
-1.607114 -2.149175
-1.761821 0.463347
-0.816792 -0.289118
-0.096837 1.771488
0.559549 -0.341597
-0.414696 1.085944
0.345914 -1.027388
0.380027 -2.809472
-1.496900 -2.040736
-1.736076 -2.633522
-0.667382 -0.416897
-0.241052 0.872145
0.157021 0.276431
0.270382 0.956094
-0.517893 -2.772882
1.169426 1.987413
-1.057751 0.422252
1.084005 -0.938638
-1.706062 -4.413224
-1.784743 -1.626076
1.086693 -1.107506
-1.687130 -1.121167
-0.393994 -2.204685
-1.206091 -0.332867
1.094309 -0.871242
-0.016337 0.144066
-0.835083 -0.680556
-1.338512 0.317526
-1.800890 -4.044827
-1.123654 -3.309209
0.970865 -1.335356
-0.495889 -2.003728
-1.360047 -1.365765
-1.383495 -2.494727
0.754849 0.965814
-0.248362 1.381201
0.721822 0.662054
0.458591 2.574020
-0.008991 -0.663891
0.360399 -2.255054
-0.829359 0.522562
-0.108536 0.800185
1.228734 -0.359363
-1.540460 -2.446972
-0.128244 1.138179
-1.629141 -0.831038
-1.951788 -2.100249
-1.485491 -1.503833
0.880828 1.826788
-1.931637 -3.381689
-0.861563 -0.695160
-1.302785 -2.936951
-0.039721 0.026007
-1.118785 -1.377785
1.224757 2.357200
-1.725931 -2.038327
1.170087 -0.651495
-0.402101 -2.682164
1.570204 0.108700
0.474801 -0.718499
-1.839853 -3.522126
1.517801 2.488204
-1.291930 -2.698694
0.371169 -0.078670
-0.030803 0.835220
-0.289236 1.104701
-0.379999 -0.110327
-0.780504 0.438103
-1.797092 -4.088605
1.287411 2.764594
-1.523834 -0.940137
0.914559 -0.885971
0.617388 -2.159083
0.760347 -0.955034
-0.130224 0.373345
0.745589 1.556322
-0.950355 -3.660498
-0.417719 1.934553
-0.542870 -0.151311
-0.195827 0.087785
0.840657 1.006909
0.319270 -1.372115
-0.569183 -2.323941
-0.633478 -3.208084
0.785938 1.600176
0.923068 1.771949
1.323874 1.339766
-1.184443 -0.304203
0.742922 1.206264
0.875707 -0.911929
-1.249327 -0.296631
-1.674278 -3.125989
-1.636181 -2.343899
-1.549933 -3.381279
1.019543 1.507960
0.777421 2.196877
-0.925626 -0.313840
-1.805070 -2.641341
0.230209 0.424237
-0.395942 -2.663038
1.205626 -0.724053
1.183971 1.976856
-0.490918 0.434485
1.072980 0.759676
-1.020601 -3.258639
-0.967916 -0.163840
-0.944948 -2.632287
-0.145059 0.120745
-0.820804 -1.396178
0.874764 2.406402
1.335243 1.210651
1.158181 -0.692348
-1.064900 -3.806776
-1.161065 0.087456
-1.783687 -2.778664
-0.381458 0.428273
0.183964 0.658480
0.496143 -1.062704
-0.851000 -0.051648
-0.249423 2.055474
0.984610 0.231861
-1.675072 -2.202716
0.613043 -1.157843
0.548683 -1.814772
1.316854 -0.344087
-1.665605 -0.828389
1.377975 1.458336
-1.294104 -2.483065
0.718919 2.405467
-1.310628 -2.082937
-0.447737 -1.655676
0.752089 0.360710
-0.629407 -4.699338
-0.655459 -0.802654
0.297541 1.810684
0.979083 1.560244
0.710555 -0.099781
-1.622759 -2.699088
0.436575 1.713108
-1.667190 -3.690876
-1.387053 -1.004305
1.082557 1.529560
-1.186663 0.518104
-0.185833 -0.471076
1.190645 2.122258
1.406527 2.039966
-0.375941 1.836944
1.126884 2.188492
-1.009677 -1.529462
-0.843928 -2.344926
1.072561 0.292727
-0.380189 1.004413
-1.044344 -2.194289
0.023168 1.929810
-0.241869 -2.312141
0.842420 2.069927
0.814838 0.842359
1.824118 3.205536
0.142402 -2.116444
-1.288012 -2.934610
-0.220722 0.887654
-1.723431 -1.897286
-1.032457 -0.294175
-0.001418 -0.835451
-0.047910 -0.058627
0.907772 -1.361103
0.701889 -1.253611
-1.085500 -0.627952
-0.926300 0.255167
-0.879860 0.456770
-1.467473 -1.956538
-1.150981 -2.895391
-0.873967 -1.756682
-1.032809 0.961957
-0.755533 -0.032425
-0.655655 -1.866972
1.110378 1.573862
1.866252 2.529579
-1.783210 -1.912095
0.754032 1.250063
-0.041004 -0.161722
1.602208 2.083333
-1.606742 -4.301313
0.314257 -1.904166
-0.200337 0.275218
0.785171 -0.225039
-1.572110 0.452175
1.258799 2.454744
-1.549754 -1.181716
0.368306 -0.438285
0.907020 -1.159980
0.845457 -0.299264
-1.529231 -1.215129
0.725292 1.597128
-0.339290 1.227116
-0.486908 0.534811
0.721664 -0.198068
0.483359 0.495622
1.315803 0.015841
0.114083 0.687301
1.195105 -0.581397
-0.669415 -0.617908
-1.463103 -0.968975
-1.319571 -3.731173
0.704792 1.662942
0.923544 2.728877
1.811749 0.815865
-0.142166 -0.760346
-1.299055 0.691220
-0.672309 -0.938150
-0.193725 0.028513
0.498324 0.273493
0.915915 2.424093
1.210312 1.436619
-0.467981 -1.850482
0.333403 1.628973
-0.300562 1.056429
-0.988210 -1.447900
0.287251 -1.339247
-0.808680 0.043476
-0.380251 -0.317999
0.121385 0.007451
-0.376779 -3.080185
0.860607 -1.455269
0.708533 -1.175362
-0.266497 -2.203090
-0.778545 -1.303658
0.997228 1.718617
0.566134 -0.533417
-0.259927 0.678816
0.491045 0.943827
0.939010 -2.318377
0.642599 1.339139
1.325895 0.516579
0.043930 0.787820
0.568976 1.524553
-0.597298 0.236649
0.028909 1.300544
0.024230 -0.685079
0.101949 -3.042638
2.190968 -0.477872
-0.597405 -2.152463
-1.080682 -3.374856
-0.345056 0.580613
-0.510992 1.308859
0.371183 1.102495
-1.406432 -2.624655
-0.817213 0.173035
0.156766 -1.451682
0.424687 -2.387465
-0.385762 0.032695
0.184100 0.126059
-0.184776 1.222667
-0.037685 -0.951067
1.078590 -0.636176
1.269276 1.421202
-1.017628 -2.652302
-0.905631 -0.502716
-0.537586 -1.174950
0.389611 -1.981660
0.637508 -0.819712
1.576683 0.494977
-1.227840 0.554934
0.629736 1.203264
0.160930 -1.118062
0.933694 2.655217
-0.038822 0.708916
-0.151815 -0.149242
1.228800 -1.100414
-1.611593 -1.782673
-1.419553 -1.247020
0.596663 2.246160
-0.376910 1.109213
0.465555 1.750424
1.119733 1.457762
-1.962626 -1.765351
-0.505906 1.449327
-1.167039 -0.494020
-1.679233 -1.444872
0.802150 2.476624
1.093362 -0.203980
0.993052 -0.560969
0.600538 -1.582136
1.952889 3.031599
0.132389 2.083910
0.296040 -0.622452
-1.130079 0.594692
-0.384120 -2.296645
1.344701 0.464854
0.237077 1.137098
0.879455 0.583342
1.675932 1.055269
-0.672363 -2.302554
-0.070347 2.642599
1.623067 0.200390
0.924630 0.237583
0.506705 0.154689
-0.959784 0.984749
1.038960 -1.360000
-1.526426 -3.300301
-1.631043 -3.739168
-1.347193 0.601374
0.785575 1.729859
0.535366 -2.038485
-1.209733 -3.491592
0.482829 -0.437237
1.394258 0.596375
-0.763327 -1.554300
-0.960263 -1.472178
0.961385 0.235963
-0.809756 -2.856322
-0.254484 -0.498700
-0.372864 -1.199037
1.270428 -0.346223
0.093971 -1.126464
-1.100371 -3.788425
-0.422131 0.603449
-1.076969 0.767468
-1.295514 -2.269817
-0.906600 0.865635
0.304701 -0.282259
-0.918618 0.002630
-0.141642 1.749430
-0.807364 1.977001
0.596954 -0.477708
0.157724 2.019230
0.460606 0.352308
-0.843955 -1.616758
-1.195349 0.327758
-0.565760 -2.869085
-0.105151 1.696693
-0.588228 1.783892
-0.279188 0.841318
-0.504176 -1.420800
-0.153391 -1.044169
0.817203 1.404597
1.329403 3.228959
-0.102420 2.183014
-0.289754 -1.406170
0.844290 1.078860
-0.035949 -0.105444
0.374962 0.535159
-0.109533 0.115232
-0.538484 1.590476
1.592874 2.228015
1.792194 1.436594
-0.929482 0.509017
-0.157781 -1.563387
-0.458126 0.147901
-0.477990 -1.190165
-0.360669 -1.397997
-0.197391 -1.481358
-0.549344 -3.131989
-0.486153 -3.659065
0.764361 -1.085684
-1.568247 -1.325430
-1.682873 -0.399438
-1.535613 -3.199543
-1.986473 -1.202860
-1.021275 -0.548117
-1.426100 -2.964734
0.212825 -0.027208
-0.378091 -1.986930
0.026739 -2.206382
-1.769745 -2.939734
-0.389953 -1.835923
-1.488034 -3.733063
-0.099187 1.109810
-0.394326 1.491425
0.749827 1.477202
0.909817 -0.996492
0.007859 -1.385828
-1.004945 1.159832
1.175199 1.367363
-0.120741 1.718504
-1.628062 -1.155940
-1.115020 -3.216093
-0.819792 0.818034
-0.018159 -2.055151
0.213411 0.996725
-1.741005 -3.142701
-0.669009 -3.977632
0.228781 -1.264047
1.133462 -0.957289
-0.251504 1.522257
0.131541 -0.969210
0.992188 -1.084815
1.561245 0.588727
0.028111 0.439248
0.087488 0.495285
0.273958 -1.218523
0.202533 -1.601623
0.948135 0.298113
-0.006892 -1.081456
-1.427192 -3.108223
-1.614416 -0.533327
0.117888 -0.761151
-0.954729 1.371767
0.881102 2.474780
-1.561328 1.443238
0.791947 -0.725116
-0.924653 -0.742009
1.233871 2.351131
0.922501 2.743213
1.344988 -0.578088
1.080697 0.885203
0.901061 1.772057
0.297344 -1.571035
1.467311 2.062408
-0.288895 0.029125
2.007629 3.320153
-1.410620 0.939916
-1.038828 0.665610
-1.711791 -4.084867
-1.159192 -3.521009
-0.891337 0.797067
1.339149 -0.334380
-1.189986 -0.171037
0.818340 -0.748066
-0.023976 -2.265321
-0.488231 -0.170395
0.302031 -2.233715
1.556273 2.679333
-0.813500 -1.427412
0.438904 3.075909
-1.492645 -0.264889
-0.574870 -2.974053
0.960087 -0.129526
0.190808 -0.243277
0.073977 0.703542
-1.284133 -0.540405
1.238632 0.234102
-0.876176 -0.892450
0.137672 0.673000
0.967045 -0.819339
0.633145 -1.412371
-0.250717 1.126631
-0.972089 -1.925614
-0.396830 0.425941
1.327382 -0.520646
0.829819 0.983252
-0.648996 -0.938429
-1.295171 -3.813101
1.164622 1.655894
1.579993 0.770618
0.633668 2.019261
-1.142204 1.066671
-0.238295 -0.692692
-1.475454 -3.459643
1.391426 1.874096
-0.656006 0.652928
-0.777034 -2.005649
0.127092 -1.817572
0.862139 -0.408007
-1.668047 -1.937651
0.646157 0.232340
1.026163 -0.701696
0.064766 -1.851446
-1.670964 -2.925915
-1.367233 -2.812182
-0.540909 1.117585
0.291583 1.178994
1.218336 0.817852
-0.978926 -2.036122
0.596490 -1.498007
0.341147 1.104357
0.296352 1.392348
-0.561721 0.968996
1.217313 -1.056933
0.147183 2.294795
0.226913 0.772610
0.611629 -0.987432
-0.253787 3.335287
0.976789 0.692393
-0.567548 -2.945932
-1.145085 -1.472743
-0.764203 -2.909881
0.716317 0.522474
-1.006316 -3.474346
-0.802768 -1.312975
0.892583 0.120452
-0.961680 -2.245246
-0.285800 -1.758173
-0.852482 0.500347
0.954190 0.613969
-0.363627 0.099035
1.303317 -0.304503
0.638037 1.477874
-1.112835 -1.934955
0.695646 1.531110
-0.016560 -2.510087
-1.483454 -0.636478
-1.003364 -0.559772
1.495523 2.060632
-0.813252 -2.638901
0.907883 -0.587688
-0.070222 1.389952
-1.131823 0.412905
0.845210 0.155034
0.872802 1.572953
-2.046384 -3.009651
1.291468 0.770793
0.039463 1.688336
-1.006710 -1.917155
-1.583213 -1.196223
-1.006859 -3.525420
-1.477875 -3.775571
-1.235096 -0.276483
-0.995063 -0.687722
-1.601293 -3.384672
0.621759 3.606288
1.563665 1.139777
-1.099782 -2.037437
1.707555 3.103079
-0.760061 -2.428784
-1.171188 -0.677350
0.142998 0.418739
-1.468360 -4.473871
0.783349 -0.932841
-0.479100 1.492431
-0.274148 -0.929582
0.012858 0.111793
-0.195952 -1.140135
1.229853 0.544503
1.018123 3.155178
-0.595933 -1.960685
0.373999 1.987454
0.695026 -1.135017
0.341254 -0.617870
0.814778 2.212339
-1.340519 -2.053361
0.832491 2.355301
-1.038447 -2.622864
-0.568790 -1.866672
0.283198 -1.880862
1.240856 0.502539
-1.671478 -1.644857
0.309236 1.178398
-0.744902 -0.629979
-0.461240 1.178042
-0.873790 -3.487670
-0.749078 -1.242099
-1.450009 -3.069169
0.843409 2.505080
1.370106 2.299380
0.387743 1.576864
0.283658 0.232855
-0.851621 0.568796
-0.078483 -2.710897
-0.176276 -2.525172
-1.239288 -0.101270
-1.033483 -2.650948
-1.931487 -0.426456
0.846908 -0.714338
-1.859570 -1.536319
1.265036 -0.331342
-0.136909 1.079427
-0.773999 -1.017602
-0.551200 -3.361192
-0.528389 -2.708718
0.565467 -2.315468
-0.577758 -1.448049
-1.241000 0.217593
-1.223951 0.813665
0.014373 0.897311
-1.267199 -3.016413
-1.143602 -0.749828
0.692497 -0.378820
0.254178 2.656111
-0.797220 -2.243240
-1.373826 -3.734779
-1.382337 -3.958138
-1.945092 -3.820078
0.633174 0.777220
0.893950 0.984291
-0.479636 -1.805907
-0.292710 -0.106805
-1.704924 0.451115
0.549101 2.679354
0.667422 1.037363
1.491470 0.545202
1.850815 -1.106870
-0.930196 0.740633
-1.461289 -2.150128
1.445914 1.888256
-0.878105 -2.431888
-1.275566 0.635342
0.080653 1.470149
0.938874 -1.974611
-1.753145 -3.225413
-1.236789 -2.533560
1.521225 2.266714
-0.107831 -1.544238
-1.453714 -2.634678
-0.820688 -3.584230
0.901874 1.838918
-1.660298 -0.480354
-0.913332 1.375445
-1.562732 -2.852742
0.468864 0.879923
-0.753645 -1.460790
0.117797 0.734861
-0.437551 2.438943
1.010478 0.936956
-0.675983 -2.726177
1.409539 1.520202
-1.070973 -0.052941
-0.202394 -1.111919
-2.087078 -0.743996
1.608607 1.922869
1.683327 0.411707
-0.495776 0.054348
-0.985246 0.998099
-0.416722 1.164616
-0.558137 -0.968577
-0.462581 -2.821626
-0.108228 0.429557
1.173715 2.177759
-0.791132 -3.068379
1.399698 0.442435
-0.194033 1.349514
0.190110 1.618912
0.577262 -0.778935
-0.605931 0.171028
1.427619 1.957810
-0.710227 -1.045538
0.072583 0.498028
0.491103 -0.972193
-0.300948 -2.288232
1.093462 2.897403
-0.253284 -2.506305
0.964931 1.069579
-0.677372 -3.341779
0.305902 1.100423
-0.991739 -0.516184
1.135740 1.967307
1.365083 1.032889
1.639517 0.779670
-0.615077 0.438847
-0.771932 -2.597464
1.051175 2.957047
-1.448357 -0.062149
-1.156949 -2.545426
-0.391212 -3.116211
0.283155 0.062337
1.505064 3.056988
0.489624 -0.956837
-0.307708 0.230198
-0.172673 -1.058514
1.110620 2.708052
0.223387 -0.341792
0.392918 -1.221796
1.379748 1.484630
0.248846 1.141325
0.924850 -1.252922
0.723794 -0.096404
0.239456 -1.853714
1.205072 1.504248
-0.020641 1.104076
1.410783 1.445990
1.053509 -0.997140
0.116441 -1.493936
0.129840 -0.142053
0.426147 -1.429246
0.997870 1.149205
0.115615 -1.075152
-1.129909 -1.346994
-0.278299 -2.173892
0.415265 2.218374
0.397319 1.612004
0.945180 -0.110508
0.476039 0.949723
0.587050 0.150052
-1.237738 -2.264570
-2.264182 -1.026309
1.472064 1.667403
-0.031735 0.279198
1.290610 1.834319
0.641900 1.936312
0.648231 -1.145441
0.732574 2.080323
0.595275 0.412389
0.247903 0.986655
0.557360 2.043299
-0.770703 -1.574668
0.972831 2.772663
0.387605 1.667996
-0.005430 -2.537507
-1.387370 1.188750
-0.574474 -0.367204
-0.040514 0.596200
0.169355 2.380172
1.168270 3.312915
-1.631819 -0.252902
0.739099 0.425503
-1.264493 -1.866693
0.848277 3.444121
-0.463070 -2.508429
-1.010277 -0.103737
1.000293 0.538046
-1.308048 0.301300
0.471135 -0.996698
1.409994 0.386865
-1.143512 -0.563758
1.804916 0.075874
-1.348401 -1.540854
-1.498408 0.108339
0.171467 -2.330782
1.732706 2.097557
-0.332302 -0.487973
-1.118874 -2.824662
-0.473567 0.755856
1.477494 1.657757
0.689167 -0.694828
0.214257 2.394809
-0.358221 -1.937239
-0.258801 -2.518916
-1.242684 0.032370
-0.883776 -2.762998
-1.034118 -0.220417
-1.279761 -3.861438
0.203046 -0.021219
0.748245 2.103858
0.446114 0.142110
0.399833 2.155118
-1.481029 0.927491
-0.329754 0.572516
-1.628260 -2.124127
0.722856 0.585198
1.584112 1.666255
0.442611 -1.083893
0.067858 0.132144
-1.384314 -3.432852
-1.692429 -0.488623
-1.028036 0.435235
-0.836014 -1.154108
-1.358991 0.125603
0.573245 0.360891
1.885027 0.110975
-0.742264 -2.454489
-0.682193 0.274602
-0.995645 -3.802387
0.034397 -0.648148
0.082692 -0.109254
-0.682452 -0.144075
-1.380241 -1.400354
-0.435395 -2.112275
1.298000 -0.860712
-1.878828 -3.954340
-0.568205 -2.586448
-1.333892 -2.047237
0.857131 -0.425564
0.077232 -1.340199
1.117856 -0.150285
0.691528 -0.362948
-0.790159 -1.073828
-0.461788 -1.118242
-0.854673 0.395491
-1.333634 -3.283931
-0.617323 -3.140035
1.571633 2.006659
0.278072 0.691463
0.656745 -1.287776
0.284781 0.506809
0.136393 -1.563097
-1.413727 -1.355681
0.173275 -1.314173
-0.052173 -1.474096
1.005798 1.382515
-1.259310 -1.940962
0.510772 -1.707015
0.669511 0.607931
1.113586 -1.388992
0.217963 -1.234346
-0.419151 -2.706053
1.531389 0.378163
-0.823782 -0.030683
-0.489450 -0.119616
1.198870 -0.282358
1.797809 3.427809
-1.413082 -2.343073
1.293715 2.059538
1.160819 -0.302191
1.074355 0.995143
-0.940641 -3.761468
-0.762171 -1.865334
1.474169 0.453562
1.379416 -0.234000
0.912344 -0.226448
0.683957 -0.247053
-1.310966 -0.195012
-0.498964 -0.780199
1.887487 2.464234
1.666060 2.107934
0.661434 -0.320649
0.307582 -0.622124
-0.920019 -0.532682
0.270983 -2.991335
-0.683056 0.141820
-0.284862 -2.881043
-1.653183 -3.564911
-1.324447 0.248809
-1.363516 -3.425783
0.624632 -1.638664
-0.996768 -1.430830
-0.386967 -0.111003
0.820641 -0.682036
0.199825 -2.330276
0.309059 -2.267524
1.531276 -0.262390
0.500196 0.010997
0.147319 -2.013963
-1.244152 -3.372814
0.166394 -1.568845
-0.943423 -0.374318
0.187779 -0.518578
0.200698 -0.613504
-1.137564 -1.808352
1.667439 0.217296
-1.251169 -3.228710
0.217992 -1.392277
1.429863 0.565799
-1.373519 -0.439592
0.124532 0.652840
1.857503 0.744519
-0.769570 -0.178161
-1.319257 -4.313651
0.824809 1.919782
1.178565 -0.084642
0.800848 2.199888
0.605656 1.177185
-0.566229 0.547433
0.802893 -0.613404
1.552211 2.676340
-0.514298 1.428310
-1.834037 -2.027915
-1.372019 -2.737046
0.774683 2.115868
0.542321 -0.407998
0.470952 1.684887
-1.182308 -3.967055
-1.295155 -0.757923
1.837900 1.655713
-0.066413 0.314680
0.871072 0.243215
-1.426469 -2.192674
0.029277 2.366845
-0.740248 -2.226656
-1.844457 -4.320450
0.114264 0.541512
-0.148799 1.968897
0.127187 2.582847
-0.237280 0.551290
-0.123964 -0.273260
-1.128203 -0.903780
1.541544 0.890004
1.128873 -0.914783
1.319915 3.407403
0.700216 -2.095313
-0.144110 0.543784
0.892602 -0.557715
0.114927 0.119286
-1.058556 -2.440380
0.245718 0.903017
-0.888245 0.857120
-2.024295 -2.238682
0.735879 -2.173162
0.586467 -1.895230
0.794196 1.235307
-1.551394 -2.969688
0.738811 -1.280496
-0.442922 0.796028
-0.165044 -1.089567
-0.647225 -2.640216
-1.210309 0.747345
-1.970222 -0.531316
0.637692 -0.128605
-1.278890 -2.018646
1.008098 2.477794
-0.537784 -3.189233
-0.357594 0.574821
0.302049 0.018231
0.275202 -2.416699
0.142983 -0.409562
1.244607 1.564965
1.074883 2.102130
1.700691 -0.918550
-0.110270 -0.183328
-1.836513 -2.180725
0.919409 0.506554
-1.890659 -2.954939
-0.586033 -3.259989
-1.835273 1.115215
-0.333715 -0.700878
-0.167033 0.650137
0.456850 1.894030
0.457785 0.628931
1.996991 0.470576
1.360829 -0.158270
-1.589902 -0.223184
0.545873 -1.868163
1.027191 -0.010122
-0.369455 -1.363128
-0.863013 -0.116864
1.061108 -2.011289
0.321292 -0.458608
0.758922 1.816275
-0.241242 -2.232342
-0.021792 0.270640
-1.503072 -2.624228
1.281821 -1.429551
0.398126 0.603736
-0.379135 -3.313338
-1.065782 0.081070
0.153233 -1.636224
-1.201308 -0.983929
0.153784 -0.894249
-0.924337 -1.224144
0.360887 -0.749549
0.390364 1.972324
-1.372478 -1.496678
0.140038 -1.810880
-1.114261 -2.036923
-1.758957 -1.233048
1.385053 1.064559
-0.537920 -2.049026
0.870353 -0.807876
0.553180 -1.235518
-0.808680 -2.868395
-0.598460 1.318370
-1.606117 -3.092350
0.715976 0.856052
-0.100202 0.724807
1.021911 1.809752
-1.294230 -1.282032
0.077138 -2.120554
1.474971 -0.027360
-0.781781 -0.275426
-1.136270 -2.754980
1.156642 1.153919
0.228064 -0.766220
-1.428615 0.934683
0.918548 0.556092
0.171163 1.180824
-0.275389 0.632295
-0.386850 1.072856
1.546884 1.109635
0.678934 0.826194
-1.687356 -1.482492
1.440845 0.359689
1.073429 1.789666
0.140201 -2.355323
-1.006435 -0.928845
-0.151397 1.123644
-0.667090 -1.460617
-0.975092 -0.775508
1.149176 -0.460709
-1.226473 -1.693653
1.007426 -0.079586
1.033485 0.394712
0.819345 0.021110
0.301828 0.201634
0.548659 -0.197998
-0.277150 1.133269
0.993459 0.183747
-1.037299 -3.424265
-0.552417 -0.133575
-0.610518 1.789868
0.682341 -1.683069
-1.209317 -0.320481
0.440979 2.274127
0.869426 0.822046
-1.525684 -0.428092
0.624423 1.723333
-0.541654 1.266325
-0.661550 -2.273561
-0.151119 -1.139488
-0.308198 -1.694043
-2.047103 -3.193067
-1.302739 -1.053335
0.734336 1.355334
-0.114214 0.716251
-0.258250 -0.853009
0.868691 -0.539087
-0.331827 0.742284
0.997296 1.831500
-1.703782 -2.451105
-0.388825 0.053081
-0.568223 -1.732767
-1.339511 -1.015149
-0.834008 -2.048612
1.274109 0.356914
-0.833947 -3.566480
0.076060 2.889322
0.649615 -1.570524
-0.466914 -1.332434
-1.383640 -1.983841
0.208249 1.327453
-1.516667 -1.359815
-0.086568 0.414070
-1.751975 -1.176205
0.693251 1.000173
-0.405749 -1.330186
0.421409 0.220213
-1.047632 -3.998889
0.125498 -1.456962
0.270106 -1.076100
0.498825 -1.052888
-1.017792 1.011547
-0.243712 -1.324111
-0.985445 -0.954941
0.128720 -0.450664
0.421482 0.214266
-0.189793 -2.004995
-0.116547 -0.943137
0.620631 1.973884
0.498486 -1.764350
1.690572 3.533607
0.293385 0.241147
0.883870 -0.252167
-1.541755 -0.781784
0.451835 -1.441047
-0.103259 2.759486
-1.327249 -2.175137
-1.127659 -2.215752
-0.859104 -0.684956
1.465989 0.637821
0.500945 -2.021687
-0.714466 -2.424214
0.481004 0.001409
-1.032167 -2.725461
0.596996 1.369314
-0.358594 0.176633
-1.510506 0.891936
0.452321 -0.301524
-1.550668 -1.851532
0.231345 0.523193
1.890929 -0.004737
-0.758685 -2.695504
-0.090311 0.202406
-0.443404 -1.284572
-0.204778 0.376969
0.390744 2.505794
1.527757 1.571245
1.071045 0.459774
-0.146668 2.198106
1.956459 0.342543
-0.398233 -1.566731
1.277761 0.994648
0.591170 -1.497437
1.487705 1.165375
0.544314 2.148333
-0.421582 -2.331497
-0.465269 -2.853957
-0.063464 1.173099
0.637288 2.181634
0.035194 1.520501
-0.803071 -2.143852
-0.690395 0.833884
-0.461050 -2.096745
-1.668487 -3.982339
1.198904 1.715515
0.132785 -1.848715
-1.106976 -2.422384
0.767626 2.420523
1.667670 -0.470270
-1.117617 -2.096557
-0.562467 1.083975
0.422117 -1.772944
-1.102582 -3.528624
-0.703384 1.807634
0.617711 1.075586
-1.108344 0.158634
1.306093 -0.536641
1.043837 1.670831
1.317509 1.446502
-1.273864 0.662408
0.535192 -0.325129
-1.057703 -3.556595
-0.428270 1.443359
-1.220586 -1.516015
0.178554 -1.179032
-2.146625 -2.201145
0.980198 0.551351
-1.655106 -4.322546
1.145228 0.195950
-1.720254 -1.190160
-1.804664 -0.443259
-0.793679 -0.142962
0.267756 0.610489
0.683631 -0.143564
1.804127 2.444025
1.403457 1.511414
0.233350 -2.845126
0.450812 2.311661
-1.222247 0.624582
0.762806 -0.448917
0.364143 0.626292
0.711850 1.780797
-0.052717 1.043611
0.171048 0.831405
1.397066 2.871978
1.895423 0.401449
-0.504962 0.122863
-0.174965 1.523437
0.203409 -2.007895
-1.312498 0.302419
-1.497411 -0.113221
-1.695863 -2.074716
0.778462 0.115308
-0.440823 1.204126
-0.355991 -0.297451
-1.279924 -3.455287
-1.384051 -2.524864
-2.070600 -1.608815
0.306031 -1.858839
-0.854815 -2.028207
-0.460289 0.046692
-1.165780 -3.240073
-0.296353 -2.041842
0.425091 1.927212
-0.979333 -2.505049
-0.905618 -1.443563
-0.752314 -0.405240
0.161943 1.215625
-0.374050 -1.333627
-0.681481 -4.140961
1.550966 2.908753
0.705714 1.459138
-0.778952 -2.290468
1.272548 -0.519312
0.457311 -0.776401
-1.357826 0.086747
0.680985 2.204162
-1.075644 -2.404424
-1.100725 -1.237357
-0.718286 0.693836
0.432633 1.807638
0.317492 -1.710342
0.408545 1.349494
-0.185186 1.666446
-0.350657 1.279827
-0.102865 -3.371654
-1.037169 0.755820
1.748453 1.681114
-1.908000 -2.433003
-0.178729 1.256301
1.008594 0.795932
-1.625829 -2.184654
-0.912466 -1.329647
-0.667316 0.940288
-0.604251 1.617973
-0.530908 -0.156943
0.329564 1.000659
0.002658 0.112739
-2.344829 -2.666368
0.502864 2.432264
1.381075 -0.001074
1.763809 3.638579
-0.783687 -0.770342
0.940362 -1.297523
1.003643 0.317452
-0.349156 -0.552688
-0.290857 -0.935106
-1.367877 -2.673587
0.641853 2.087626
-0.870751 -3.330013
-1.023661 -2.232535
1.332544 0.154247
1.112649 -0.768264
0.520257 0.966500
1.097068 0.042390
-0.384424 -2.022015
-0.056857 0.982170
-1.289739 0.111071
-0.726627 0.119455
-1.039795 -2.108379
1.411464 1.435498
0.212289 -0.230236
-0.015921 1.521151
0.939052 -0.267237
-0.063760 0.401956
-0.211298 0.058483
0.359764 0.318170
1.291934 0.115548
-0.403761 1.022647
0.392500 1.461231
-0.508829 -0.078753
-1.144086 -2.466427
-0.393319 -0.088904
-1.083684 0.176694
0.914729 -0.092335
0.557613 0.835720
-0.907870 -0.260549
0.872450 0.991272
0.508474 -0.850121
1.430247 0.254142
-1.456768 -2.230318
0.163164 -0.337832
-1.942302 -1.192006
0.969672 0.851842
1.177098 2.219485
-1.447371 -2.918688
-0.467154 -0.850112
-0.531907 -0.026958
-0.915051 -0.958367
-2.109785 -3.362219
0.240207 -1.830761
1.024065 -1.156922
1.488374 2.702583
-0.722389 -2.072555
0.282395 3.053742
0.462385 2.904255
-1.074635 -0.828830
0.504289 -0.529531
-0.981632 -1.803455
1.024944 1.829498
-1.586036 -1.274882
-0.642783 -2.123891
-0.499777 -3.450532
-1.012351 -2.425572
0.364028 1.459639
1.719457 -0.326298
-1.367551 0.193345
1.090285 0.290449
1.895085 3.567072
1.712534 3.439372
0.221364 1.520377
1.594734 1.541987
0.157696 -1.557121
0.899654 -1.027932
0.636510 1.135751
0.989582 -0.677520
1.339630 0.883211
-0.607790 -2.190082
-0.398298 0.181609
-0.000661 0.397811
0.752385 0.262479
1.009186 -0.216877
0.269976 0.753662
-0.833398 -0.023801
1.228862 0.001572
-1.966845 -0.788965
-0.560535 1.753022
0.352511 0.601240
-0.471685 0.360889
-0.685743 -0.637087
1.552199 0.820197
1.015522 0.094095
-0.217867 -1.012779
-0.453153 -2.390169
-0.171269 0.219408
0.524137 0.776971
1.726588 1.105057
-1.874675 -1.562588
1.385197 0.266890
-0.334402 -0.520925
-0.122922 -1.652144
-0.343904 1.392393
-0.888014 -3.099359
1.108182 0.818090
-2.187726 -1.263385
-0.521616 -2.582560
-1.214397 -3.861132
1.356145 1.365119
1.458074 -0.903848
-0.244995 -2.795973
-1.360041 -0.729448
-0.759535 0.954440
0.553658 1.180344
-1.704970 -2.012094
-0.005493 1.569125
-0.709810 -2.990991
-0.866972 -0.476363
-1.004372 -2.448424
-0.134865 -0.104325
1.037037 1.843347
-0.510875 -1.345620
1.152780 1.663656
-1.288709 -2.283542
0.907784 -0.224691
0.395167 1.595423
-0.264200 0.803285
-1.159985 0.732228
0.313341 0.385513
-0.421357 1.536645
1.327968 1.459571
-0.219874 0.991542
0.625961 -0.308973
0.688910 -1.158502
-0.549550 1.023124
0.166303 1.594439
1.155457 2.429596
-1.375766 -3.673093
0.096927 2.963551
-0.464260 -2.548054
-1.412020 -1.155844
-0.979165 0.379592
-1.045666 -0.379529
-0.532585 -2.149583
-0.273641 -0.788381
-1.069756 -1.323243
-0.790367 -2.839082
-0.729788 0.804406
0.562312 2.725585
-1.971647 -0.470836
1.296878 1.722301
-1.462031 -2.270510
-0.999591 -2.854920
0.675123 0.845982
-0.225799 -0.906299
-0.685905 0.290396
-1.860956 -2.504829
-1.169675 -4.094388
-0.578888 1.468760
-1.135578 0.273685
1.227701 -0.326372
1.712785 1.068099
0.791928 1.700496
-1.057323 -2.810663
1.010659 2.528987
0.705580 2.190296
1.250402 0.765587
0.967665 -0.575815
-1.248690 -2.783656
0.251434 -0.153509
1.690420 1.571692
1.604973 0.432279
-1.603604 -2.504610
1.553923 1.786016
-0.805752 -1.352900
-1.184326 0.102325
-0.603522 -1.163023
0.519766 1.448312
-1.445915 1.120633
-0.364915 -2.497573
-1.054673 1.171752
-0.509250 1.178903
0.077084 -0.515820
-0.653797 -1.607726
-0.306531 0.021968
1.233834 -0.437968
-0.694732 0.620228
-0.789469 -1.924676
-0.997438 -0.809518
-0.956449 0.520021
-0.060281 1.093598
-1.276545 -3.659383
-0.604916 -1.877471
1.076352 0.718418
-0.956720 1.457247
-1.403410 -1.033076
-1.304925 0.710272
0.373259 -0.221072
-0.862877 -0.331460
0.368529 -0.964907
-0.743341 -1.416617
-0.001525 -1.723473
-0.405648 0.183003
-0.955393 -0.365986
1.297196 1.225063
-0.388078 0.196564
-1.423015 -1.551943
-0.094427 -1.963447
-0.314491 -2.081823
-0.294982 -2.618376
-0.008592 0.733691
-0.297768 1.888360
1.100877 0.255215
0.926200 -0.490889
-0.961015 -1.258086
-1.304310 -1.947476
-0.258290 0.511772
-1.038304 0.598144
-0.966542 -2.496836
1.400519 0.718859
-0.253419 -0.003061
0.976953 1.631197
0.995320 2.763262
-0.713021 -2.294512
-0.298491 0.195576
-0.198186 0.935216
0.113474 -1.702466
0.664427 2.055978
0.115900 2.678336
0.707761 -0.552654
-1.088637 1.426589
0.543998 0.157694
-1.072473 -0.400295
-0.234180 -0.214337
-0.930193 -2.326173
0.094508 0.096856
-0.408677 0.773715
-1.113572 -1.798648
-0.059133 -1.537839
0.948123 -0.510400
1.004967 -1.025437
-1.238506 -2.251385
-0.539399 -2.352313
-0.251059 -2.375453
1.021655 1.679706
-0.360143 0.248251
-1.014796 0.048181
-0.825325 0.033910
0.596659 0.121056
0.062541 0.770231
-0.242048 0.356850
-0.052325 1.423453
-1.328906 -1.765988
0.078885 -0.677356
-1.620209 -3.535260
-0.049034 -1.926568
1.085750 1.455665
0.988678 2.543571
-0.671913 -3.111882
0.218000 0.271177
0.329039 -2.555557
-1.254130 0.428966
1.667233 0.565748
-0.117612 0.436544
-0.320082 0.193173
0.717749 1.097613
-1.433537 -1.664037
0.686710 0.634951
-0.944513 -4.307883
-0.753682 -1.814524
-0.637134 -1.121684
1.595995 -0.700888
-0.448002 -0.493180
1.122930 2.788782
-0.378302 -1.105746
-1.407290 -1.028934
-1.064703 -2.445934
-1.127538 -2.256459
1.110198 -0.421127
0.356657 -0.667758
-1.132300 -1.478192
1.061117 2.198076
0.602060 0.757133
1.838395 3.548005
-1.692204 -3.828272
1.143584 -0.421172
0.080425 -0.199908
0.618565 0.218606
-0.870666 0.203289
-0.348509 -1.489340
-0.340060 -0.049774
-1.237237 -2.723476
-1.496196 -2.146944
-1.947503 -0.498921
-0.336542 -2.401963
-0.941559 -2.512171
-1.723246 -2.981139
-1.402101 -1.248857
0.432826 -2.380926
0.825396 -0.413862
-1.544565 -0.861539
-2.556049 -4.434578
0.786141 0.324496
0.530179 -0.777185
1.349460 -0.874854
-0.948309 0.452013
0.110177 1.845012
1.098412 0.538964
0.999448 -0.936864
-0.151150 -0.372171
1.739400 3.583797
0.596443 0.347445
-0.156989 0.745975
0.204312 1.410515
0.758044 1.704498
-0.339048 0.513337
-1.079789 1.005606
-0.814848 -1.685057
-0.253603 2.250121
-0.779612 -0.006247
1.194113 0.253220
0.020296 -0.685912
-1.477195 -3.280722
-0.786371 -0.692054
-0.980549 -0.291480
1.675274 -0.248914
-0.846342 -1.332883
0.849497 -0.438936
0.106571 -2.320839
0.357028 -1.077581
-0.027087 0.206899
2.026905 0.803357
-0.090547 -0.786419
-1.968773 -5.043256
1.337906 1.341751
-1.301255 -3.100210
1.028940 -0.155844
-1.246594 -0.949044
-0.940418 -0.256905
0.743173 -0.649450
0.581357 0.131343
-0.655673 -3.172583
1.286959 0.798819
1.203590 1.414663
0.536680 -0.515599
-0.869056 -1.992486
0.218623 2.476225
-1.320073 -0.983973
1.018023 2.338230
-1.008736 -3.914873
0.177499 0.414876
1.295629 1.691005
-0.960226 -3.152911
0.179456 1.194714
-1.191231 0.135335
-0.562046 -1.186251
0.334918 -0.914447
-1.049461 -3.669839
-0.715059 -4.111609
0.199175 0.693128
-1.620973 -1.727834
1.074820 -0.383337
0.462558 1.346843
1.217318 -0.169638
-1.195635 0.516591
-0.585968 1.029854
-1.724850 -1.396690
-0.055470 0.377555
0.200718 0.225907
-1.151487 -0.166758
-1.593935 -0.890445
0.692959 -0.002710
-1.422901 -0.105476
-1.452644 -1.628700
0.133428 1.174746
-0.579641 -1.270180
0.815585 0.000008
-0.953399 -2.601033
-0.963089 1.239454
-0.104071 -0.483980
-0.923431 -3.057067
-0.244007 -1.823486
-1.722901 -2.345416
-1.248814 -3.526156
-0.913873 -2.923862
0.808189 -1.215741
0.132522 0.623169
-0.258770 -0.251446
-0.381671 -3.671824
-0.939111 -2.298111
1.041135 2.016396
-1.235459 -0.490911
-1.139978 -1.852238
0.508775 0.813073
-0.917294 -2.982342
-1.084342 -3.276634
-0.888826 -3.357595
-0.729362 -2.971902
-0.939011 -2.360569
-1.002256 -2.116853
1.078998 2.301971
-0.003972 1.932765
-0.312328 1.795517
0.773802 0.472947
0.501458 -0.631330
0.278328 0.451824
-1.353564 -0.858986
-1.502574 -2.568384
-0.420053 -0.407993
-1.710052 -3.816319
-0.229218 -0.593034
-0.088240 -0.699926
-1.189496 -3.915730
1.518196 2.421519
-0.788037 0.739916
-1.545800 -1.796688
1.475064 1.685001
-0.734492 -2.488463
-1.361651 -3.600232
-0.530998 1.026489
-1.425316 -0.917479
0.991250 -0.895814
-1.044146 -2.588293
-1.651055 -1.952444
-0.905552 0.138988
1.313002 1.767285
0.117583 -2.205789
-0.673493 -1.624458
-1.527448 -0.076189
-0.330158 -0.563186
0.362316 -1.541741
-1.694015 -2.427960
-0.664680 1.177598
0.270554 0.874704
-0.014959 -0.373222
0.674755 -0.467470
-0.940820 0.530264
0.413535 0.768645
0.532653 0.150727
-0.127414 -2.637420
1.525529 0.822378
-0.957671 -0.008777
0.013687 -1.564571
-1.189289 -2.390040
-1.072942 0.779470
1.848449 1.132183
-0.115589 1.471047
-1.825858 -3.174490
1.447790 1.007298
0.864698 1.150992
0.024361 -1.576789
1.307107 -0.609034
-0.048777 -1.270655
-1.607057 -0.038518
0.472036 -0.569879
1.264584 0.826717
0.417783 2.006541
0.843606 0.343550
0.563730 -0.006284
1.526799 3.131785
-0.044060 -0.947530
-0.960837 -0.894139
-1.778655 -0.906502
-0.961682 -0.225570
1.334479 0.973474
-1.747893 -2.502417
-0.626936 0.184928
0.013754 1.712934
-0.942232 0.673136
-0.470892 -2.165270
-1.799695 -2.129356
-0.765694 -1.780118
-1.409044 -3.689876
0.657603 -1.152337
0.909021 0.664971
-1.201751 -4.995293
-0.721949 -0.970497
-0.278135 -0.427544
1.118613 0.217409
1.426545 1.027968
-1.789330 -2.565971
-1.586909 -3.118491
0.821679 -0.888471
-0.248031 1.310702
1.548740 0.518371
-1.615847 -0.873802
-1.420413 -0.135600
-1.223352 0.132239
-2.251220 -2.027853
0.991812 0.498831
0.956750 -1.830619
-1.537825 1.103338
-0.976720 0.748624
-0.847709 1.005747
-1.176384 -4.310355
-0.240027 -0.214843
-1.648204 -0.014424
0.597933 1.581005
-0.430281 1.301887
1.352370 1.321258
-0.092088 0.949682
1.386446 2.797528
0.095505 -1.022259
-1.684555 -0.787988
-0.754736 -1.655878
-1.364154 -3.350918
1.467432 3.222127
-0.102714 -0.484897
0.631705 -1.044388
-0.630068 1.210064
1.358706 2.526591
0.078529 -1.363987
1.758245 3.231737
-1.225381 0.149116
0.482786 -0.641720
0.714573 -1.904734
-1.197539 -1.557652
0.727735 -0.803075
-0.686456 1.317875
-0.020073 0.014489
1.453940 0.424587
-1.468037 -3.759686
0.552820 -0.985907
0.447526 -0.453865
-0.204895 0.710343
1.260035 1.695495
0.931342 -1.201012
-0.413325 -2.374248
0.874793 0.184046
-1.588117 -0.713234
1.525835 0.139038
-0.611150 -2.794682
-1.298926 1.995447
0.323266 -0.867570
-1.626810 -4.434925
0.036870 0.228994
0.478154 0.876040
-1.481444 -2.605133
0.837766 -0.733884
0.025979 -1.265559
-1.302736 0.441588
0.173496 0.401497
0.724636 -1.361839
-0.877458 -0.896564
1.030249 3.421908
-1.782088 -3.604427
-1.222618 -0.397228
-0.508592 -2.432933
-0.956586 -3.788098
-1.953143 -1.089455
-1.517940 -0.584659
0.948304 2.983241
-1.058651 -2.748943
-1.253685 0.212677
1.319942 0.751253
-1.537002 -3.096509
-1.041244 0.507697
-0.636016 -1.894092
0.583670 -0.031379
-0.586774 -0.986959
-0.098357 1.185116
0.413908 -0.320149
-0.771620 -0.067017
-1.240975 -0.951612
-1.486750 -1.323975
0.658387 0.408197
0.760619 0.113737
0.714342 0.120824
-0.965437 -1.379456
-0.024830 -1.673261
0.805873 1.471734
-1.002109 -1.848426
1.122487 0.219878
0.033295 1.552278
-0.180576 1.405831
-2.057573 -1.735026
-1.801843 -2.923664
-0.577284 1.051423
-0.879140 -0.035523
-0.975656 -2.332435
0.467898 0.074939
-1.689379 -1.214501
-0.544309 0.026627
-1.162372 -3.071673
0.722974 2.746956
0.712147 0.702599
-1.587660 -3.543339
-1.255517 -3.406821
0.606165 -1.154998
-0.512378 1.445510
-0.223026 -2.764470
-0.995888 -2.941355
1.546999 2.342588
0.756175 0.817803
-1.748617 -1.133207
-0.461860 0.344372
-0.987726 -2.639576
-0.918878 0.726196
-1.211203 -1.955228
-0.774138 0.741108
-0.109822 0.351865
-2.102126 -3.537030
1.170493 -0.183740
-1.047251 1.323127
1.398761 1.932005
-1.402060 -1.734262
-1.687011 -3.416374
1.199860 -0.464392
1.026886 1.912919
-0.848593 -1.451661
1.295539 -1.565074
1.137019 -0.047049
0.218953 2.032243
-1.474115 -0.328150
-1.305502 -3.058506
0.157895 -1.332560
-1.178422 -3.199947
-1.283715 -0.264488
1.246806 0.386696
2.210475 1.588921
-0.113077 -0.151830
-1.777282 -2.648330
1.351042 -0.473500
-0.431417 0.619445
-0.925299 -3.302048
0.576188 -0.687829
-1.532721 -1.905351
1.489587 0.889370
0.573213 -0.910168
-1.395703 -0.585360
0.107108 1.287411
0.189429 0.963895
-1.766311 -1.160790
1.725038 1.934457
-1.441001 -0.585376
-0.716724 -0.438178
-0.401989 -2.510282
0.052649 0.368989
1.732075 2.303874
-1.037845 -1.442997
-1.602578 -2.049019
-0.487976 -0.931934
-1.410883 0.019467
1.202549 -0.169911
-1.490796 -0.073414
-0.244176 -1.231944
-0.381089 -2.532928
1.240466 -1.350310
0.353544 -1.397821
-1.598822 -2.506596
0.187656 -2.683626
0.731176 -1.278381
-0.313627 -0.036195
-0.453866 -1.358320
-0.461255 0.459276
-0.276151 1.814528
0.934689 2.510192
1.291431 2.110933
-1.667531 -1.939223
-1.257341 -1.540065
1.321073 2.302338
-1.853539 -2.631484
0.203153 -1.419528
-1.959811 -0.883173
0.970846 1.326211
0.349052 -1.012028
1.178697 -0.523907
0.734922 1.628820
-0.717671 -2.886198
-0.050696 0.688506
-1.438621 -2.080294
-1.785057 -0.471999
-0.021386 -2.483077
1.736257 1.856736
-1.369528 -0.513718
0.888759 -1.328407
0.757694 -2.044286
-0.142556 -1.186094
-1.438913 -2.790719
-0.516508 -1.736770
0.954062 2.493683
0.808383 1.817195
0.088231 -2.215694
-1.048914 0.688510
-1.015401 0.001263
-1.554484 -1.685884
1.298619 2.740308
0.724407 1.506409
-1.228431 -4.019018
-0.979285 -0.824836
-1.934991 -1.234063
-1.342343 -2.478627
0.014812 2.006904
0.240635 -1.247505
1.692541 4.260541
-0.763908 0.181068
-1.222195 -0.851231
-0.393971 0.515449
-1.447425 -3.114817
0.722460 1.535431
-0.554299 0.816898
0.267363 -0.347563
0.994922 2.281017
1.188903 1.377671
1.063721 -1.261477
-0.244001 -0.754254
-1.643069 -0.385928
-1.681939 0.626928
1.242631 -0.672956
-0.457215 -2.695709
0.033107 -2.681031
-1.093875 -3.002740
0.979964 1.391251
-1.126044 0.732275
-0.501008 -1.233353
0.064362 -1.778703
-0.041793 -1.172394
-0.974463 -1.316802
-0.504035 0.689105
-0.975806 -2.752207
0.347551 -1.550651
-1.010263 1.206142
0.002973 -0.910999
-0.530741 -1.546617
-0.633132 -2.678690
0.497811 0.621621
-1.705409 0.601214
1.669046 2.684808
0.913090 1.873259
-1.339831 -3.605801
-0.807682 -0.480688
-0.005097 -2.774892
0.229169 -2.749692
1.435487 2.288437
-0.012913 1.665556
1.149284 1.510475
1.748554 1.969772
0.821072 -0.103816
1.370623 2.112006
-0.980855 -0.887325
-0.091818 1.861459
-0.326472 1.119708
-0.393646 -1.159679
0.899802 -0.994616
0.168484 0.268046
-1.066793 -3.936317
1.524006 1.671424
-0.348616 1.172031
0.561092 1.313574
0.265301 0.857550
-0.710820 -0.637083
1.430048 0.821094
-1.022720 -3.993956
1.132701 -0.939726
0.016800 -2.238217
0.888577 2.039805
-0.229431 -0.826151
-1.657393 -0.096632
-0.101222 1.620302
0.409633 0.028414
-1.043535 -3.643883
0.220664 1.776852
-1.269937 -1.524730
0.035062 -2.784787
0.752018 0.389757
1.157116 -0.483703
-1.214087 1.388973
0.702792 -1.636123
1.240359 1.328382
-1.794252 -1.144268
0.172705 -1.042673
-1.429210 -3.100555
-0.779132 -0.228002
-0.204886 0.018941
1.077077 -0.973131
-0.710214 0.660820
1.166706 2.642714
1.522026 2.383871
-0.913740 -2.976957
-1.569147 -0.642066
0.077160 -1.206710
1.087081 0.248713
-1.929599 1.213984
0.045169 1.396989
0.190033 -1.981941
-1.307256 -2.009126
1.319286 0.248564
-2.034230 0.054428
0.085590 -2.202731
-1.292969 1.611464
-1.176416 -1.127463
0.338551 -0.434641
1.067113 1.084372
1.030935 -0.554591
0.888893 0.674111
-1.403226 -0.580555
-1.315686 -1.378229
-1.487516 1.180674
-0.843224 0.931238
-0.849292 -1.987935
0.074955 -1.569551
-0.086539 1.518675
-0.473296 -0.178351
0.326535 1.138247
-0.953364 -0.208085
-1.298539 -1.633476
-0.101634 -2.162375
1.019004 -0.026408
-1.381855 -3.767407
1.831197 2.433877
-0.529474 -0.586325
-1.832322 -2.479022
1.015012 0.918022
1.150836 -0.991810
-1.148256 -2.388353
1.310332 -1.176759
1.072639 1.124078
1.365770 3.768249
1.162905 3.161340
0.770540 -0.886124
-0.164100 -2.261734
-0.373807 -2.017788
-1.077497 1.005009
1.203212 -0.530909
0.896066 1.363485
-0.597645 -0.202237
-0.535416 -2.641283
1.661067 2.197918
-0.341668 0.231706
1.415565 2.862951
-1.653391 -2.704439
0.601295 1.220648
-1.410243 -3.905865
-1.721159 -0.887483
-0.575757 -0.032079
-0.135036 -1.430382
1.506269 -0.206462
0.409017 -1.174580
-0.841241 -0.063035
-0.937754 0.977317
-0.216375 -1.663306
-1.393636 -3.041128
1.412099 -1.726275
1.679993 0.407893
0.795325 1.768635
-1.363265 -3.043624
0.275163 2.677092
-1.548866 -0.254576
-1.713316 -2.022503
0.457372 2.056858
0.813628 0.141558
-1.423137 -1.881157
-0.704577 1.078332
0.509032 -0.062507
-1.115320 -3.047108
0.203866 0.544638
-0.944330 0.741412
-1.310271 0.324267
-1.275909 0.940364
-0.577323 0.648407
0.838203 -0.517206
1.480610 1.027434
-1.215374 -0.750943
0.774779 -0.824696
0.633155 -1.195914
1.118752 0.295613
-1.186531 -3.781369
0.823738 1.690139
-1.560992 -0.960521
-1.241742 -1.729161
-0.483931 -0.216354
-0.367194 0.553099
-0.265605 -1.221361
-0.877683 -1.052832
-1.122380 0.477435
-0.698942 -1.242840
-1.264414 -3.033389
0.900911 0.421235
-0.544652 1.401675
0.808068 -1.248149
0.593980 1.862451
-0.843387 -1.984791
0.868671 0.871827
-1.172426 -2.843472
0.784439 -1.721172
1.235919 2.565440
1.259451 2.114821
0.466559 0.048361
-0.235216 -0.790348
-0.551219 -1.081643
-1.639153 -1.030155
0.121154 0.496126
0.453702 -1.806918
0.418562 0.321943
-0.409281 0.513066
-1.430304 0.033668
0.190883 1.653418
0.785708 1.293378
1.040739 3.600811
1.054155 -0.529438
-0.878108 -1.727656
1.442212 1.325064
1.877631 0.072682
-0.638214 0.407692
1.031501 0.147095
1.228364 2.697087
-1.207674 -4.049644
0.026393 -2.072402
0.978123 -0.947930
-1.077088 -0.591699
0.615762 1.209631
-0.809895 -3.800410
-1.882252 -2.696237
0.561651 -0.640194
1.135607 0.333672
-2.103533 -2.930277
1.037493 1.575303
-1.354074 -2.860929
-0.666357 -3.428520
0.333658 -1.954419
-1.762194 -3.034500
-0.181106 -1.233983
-1.597901 -2.525306
-1.115788 -0.590444
1.550842 2.263962
-1.145920 -3.075727
-1.385498 -4.574919
-0.303796 1.942310
0.677706 0.569488
0.104662 -0.530974
1.409018 1.533903
-0.940505 -0.380617
-1.540416 -0.643208
-1.063524 -0.324589
0.041717 0.918904
-1.219474 -2.703961
0.687627 1.782143
-0.331854 -0.655025
-1.266289 -1.245489
0.400795 0.907120
-1.654286 -2.522183
1.293690 2.073166
0.939669 -0.250588
-0.582271 -1.188943
1.268522 -0.680390
-1.520993 -2.915790
1.178986 -0.014100
-0.606200 -0.129913
-0.588445 1.409866
1.089789 -0.524014
-0.589938 -0.638469
1.406686 2.191354
-0.821518 0.318142
-0.324329 -1.906720
-0.104115 0.562905
-0.375453 0.456381
-0.989581 -1.538974
-1.613218 -1.077553
1.543155 2.529296
0.551604 -0.500137
0.310378 0.869813
0.284061 0.481182
0.402395 1.661776
0.865372 -0.786094
-0.159913 -1.435452
0.936619 0.904303
-1.326385 -2.846455
0.545203 0.378800
1.822630 3.333233
-1.605594 0.101628
-0.773946 -1.548626
0.938246 1.789218
-1.366846 -3.973926
-1.374897 -0.434596
-0.762576 -0.881391
-1.551641 -3.110144
0.938287 -0.980515
-1.347764 0.488018
0.185042 -1.191684
-1.759450 -2.661156
0.436847 -2.074038
1.035175 1.780852
-0.863099 -3.004931
1.038236 1.102072
0.860645 3.148867
-1.010818 0.584105
0.549658 -0.227148
0.869955 -0.698208
-0.227409 1.379913
1.094368 -0.337281
-0.588187 0.571035
-1.251554 -4.386989
0.969910 -0.358372
1.460327 1.871619
0.617970 0.911852
0.770004 -0.854850
-0.882139 -3.528923
-1.365886 -0.556779
-1.248057 0.770256
-0.233411 0.390313
-0.155919 1.673129
-0.810801 -0.341283
0.127314 0.182859
1.480216 1.053998
-0.146408 -2.030443
-0.846397 0.007870
-1.129839 -2.019004
0.782131 2.515864
-1.739870 -3.440836
1.262855 0.084521
-1.343723 -1.463558
-0.741904 -0.329361
0.909035 1.227711
-0.686388 1.540153
-0.317456 -2.327572
-0.527824 1.285624
0.129822 0.507616
1.111529 -0.866349
-0.710877 1.513438
1.132747 1.393035
0.257480 -0.426235
0.761291 2.125912
-0.714263 -1.822832
-1.651573 -1.584224
-1.079040 -0.413789
-1.073197 -0.131181
-1.253317 -2.822585
-0.702225 -0.214040
0.226060 -2.145392
0.556050 0.731613
-0.449405 0.694510
-0.426112 -2.823108
-1.282345 1.442688
1.127369 -0.108565
-0.004866 0.336042
-1.654277 -1.495971
1.383561 0.855257
-0.615142 -0.632394
-0.091831 1.274389
0.513086 0.091469
0.160936 -0.594987
-1.343088 -1.077534
-0.533275 -2.155249
-1.041818 -0.911446
-0.656483 -2.296631
-1.417910 -3.547866
0.598883 2.304398
0.161347 0.208190
0.138190 2.438092
-0.385757 1.133500
1.040902 -0.487781
1.831618 1.740224
-1.583441 -1.160774
0.073825 0.158803
-1.585257 -0.647933
-0.628071 -2.805978
1.026304 0.457552
0.787513 1.316776
-1.312758 -3.575960
1.873646 2.657386
0.969477 -0.165689
1.329160 0.536790
-1.902922 -2.091610
0.076006 0.727133
0.193536 1.254553
-1.650306 0.073023
0.180267 -1.490624
-0.665285 0.763995
1.602708 2.070885
-0.216521 -1.536412
1.863203 -0.769203
-0.995472 -2.806912
0.487562 -0.894175
-0.084070 0.790040
0.286385 -1.104419
1.163024 0.678092
-0.931624 1.034400
-1.957661 -3.839186
-1.598036 -1.740759
1.087233 -2.687287
1.217624 2.598806
-0.439118 -2.480391
-1.162026 -0.036385
-1.182775 -2.124898
-2.246494 -2.562070
-1.362394 -1.109337
-1.275769 -0.908493
1.092131 -0.253204
-0.098342 0.416651
0.974213 -1.178381
-1.074469 -2.103885
0.186780 0.918961
1.238644 1.548657
0.747908 0.635717
-0.853210 -0.016850
-0.751403 -0.395668
-1.474589 -3.648555
0.815973 -1.137140
-0.237235 -0.897609
0.511234 2.297266
0.664579 1.721849
-1.358939 -3.803634
0.429715 1.444455
1.344496 0.143739
-0.905374 0.639384
1.200785 0.528399
-1.001315 -2.817644
-0.860348 -2.758377
-0.824569 1.266930
-1.586493 -3.864427
-0.863743 -3.494596
0.531790 -1.336913
1.395460 1.164037
-0.278249 1.870409
1.056520 1.311002
-0.670833 1.233407
-0.451260 -0.847694
1.108976 1.750909
0.702020 -0.983114
-1.716737 -3.604699
-1.647267 -2.366279
-1.362044 -2.953776
0.636942 -1.324329
0.746743 1.230189
0.432739 0.047752
-1.693208 -3.373814
0.315819 2.042442
-0.977331 -2.976496
-1.065194 -2.217669
0.851864 -0.185694
-0.598017 -2.835278
1.512212 1.815071
0.199150 0.116548
0.382640 -1.250094
-0.750923 -2.463160
1.304084 0.919511
-0.107144 -0.843297
-0.962661 1.792199
-0.471127 1.782586
-0.241913 1.748628
-1.242398 -2.294389
-0.488357 0.327866
0.537437 -1.822410
-0.312755 1.560061
1.335871 1.326416
-0.725568 0.938539
-0.814388 -1.200832
-1.174199 -2.769424
1.416330 1.505687
1.070398 2.413808
-0.562980 -0.382807
-0.239930 0.908368
1.455758 1.575482
-1.387855 0.147286
-1.418635 -4.166003
1.158509 0.467314
-1.550071 -2.292341
-0.347961 -0.190428
1.135021 2.063548
1.773690 1.960045
0.666909 2.697393
-0.059160 -1.267253
0.455668 0.832183
-0.470329 1.440107
0.998175 0.124325
-1.518743 -4.758991
-0.868589 0.631398
0.729132 1.491202
-1.437647 -1.218545
-1.195058 -0.307625
-0.895480 -2.723241
-1.676245 0.007168
-0.016576 -2.567310
-1.221351 -2.089447
-0.240239 -1.730936
-1.713075 -1.373402
-0.600602 -1.952843
-1.668337 -1.486425
0.438598 2.322001
1.282005 -1.425482
0.666429 0.406551
0.616897 0.251349
1.213738 2.140713
0.941627 0.155800
-1.281798 -2.182457
-0.198417 -0.694242
1.159686 0.242572
-0.021199 -0.702921
1.079160 0.635220
0.555494 -1.263672
0.162405 -1.818886
-1.673885 -0.572105
-1.844108 -1.327696
0.956283 -1.341319
-1.374594 1.993969
-1.267710 -2.863385
0.702861 -1.497307
-0.391780 0.073221
-1.423795 -1.534651
1.237640 -0.161195
-0.744184 0.307236
0.983043 -0.588144
-1.604649 -0.886553
1.409040 1.185623
0.354803 -0.001685
-0.975854 0.917517
-1.025449 -3.818531
-0.562269 1.216056
0.408611 -0.878826
-1.343929 0.600008
-0.329783 -1.949088
-0.206023 -0.551299
-0.584478 0.760862
-1.591392 -1.231707
-0.899891 -0.664762
0.588940 -1.438504
1.541824 -0.500588
0.974780 0.691363
-0.370764 -1.023411
-0.873889 -0.518026
0.704648 1.808912
-1.498922 -1.635029
-0.537089 -1.764550
0.551275 -1.797571
-1.022554 -3.037236
-1.155888 0.824215
0.886900 1.262179
-1.114420 -1.244524
0.191463 -1.442564
-1.070606 -1.020174
-0.482111 -1.971730
-2.259691 -0.973130
-0.961574 -2.579855
0.470996 0.106836
0.995221 0.165956
0.682301 -1.751041
-1.041387 -0.732799
0.622979 0.597160
0.997158 2.241938
-1.010098 -2.466712
0.966913 1.811801
-0.959589 -3.547346
-0.326160 -2.101022
0.661644 1.727168
-0.227875 -0.487930
0.407510 0.715973
1.166796 2.044403
-1.166666 0.299165
-0.149962 0.588822
1.008168 0.322307
-1.139696 -0.106102
-0.018545 0.131856
0.216041 1.558714
-1.031341 -0.458802
-0.597859 0.215089
0.505719 -2.304664
-2.033896 0.633861
-1.860052 -3.169907
-1.653483 1.165674
-0.268113 -2.371751
0.350710 0.298663
-0.196209 2.518961
1.362571 -0.273182
1.771153 0.863270
-0.281744 -3.176838
0.453481 0.295509
0.750958 0.326558
-0.721135 0.953791
-1.253008 0.229494
-2.008538 -0.514291
0.465731 -0.939433
-1.777060 -3.710620
0.753577 1.508982
-0.445060 0.534832
-1.505311 -2.391201
1.098141 1.639761
-0.395274 -1.257258
-1.758079 -0.685888
0.672315 1.331467
0.818749 0.485488
-0.515884 0.709491
0.206854 -0.458974
-1.173392 0.200389
1.139520 2.333737
-0.257499 -0.758872
-0.339370 -1.376376
0.649123 -1.690479
0.972794 1.735513
-0.070279 0.535451
0.870243 1.235368
1.202478 0.365691
-0.811780 -2.494453
-1.476681 -4.168810
-1.703693 -1.952375
1.388033 0.601968
-0.656472 -3.267039
-0.217620 -0.577582
1.084866 -1.445644
-1.106819 1.405206
-1.101472 -3.151918
-1.350432 0.502964
0.776395 1.864613
1.053209 1.700249
0.923821 0.532566
0.743610 -1.424846
0.088572 1.315776
-1.024224 -1.755705
1.342654 0.210214
-1.422437 -0.364720
-0.415993 -0.637458
0.998635 0.745602
-0.352707 -1.891182
0.483659 -0.681868
1.752385 -0.464566
-1.717754 -2.150922
-0.488074 -0.582051
-0.876898 -0.424352
1.701515 2.605450
1.055242 1.287963
-0.613081 0.004591
-1.358330 -4.089668
1.104581 2.448079
0.649770 -0.616723
-1.388085 -3.329707
0.582287 2.630172
-0.641081 1.488495
-1.473829 -0.338197
-0.345270 -0.680725
0.973662 1.387736
-1.521152 -1.843738
-1.173039 -2.737904
0.818322 -1.546251
-0.426657 -1.449368
-0.021225 -1.231125
-1.542826 -2.052543
1.216419 1.982806
0.553869 1.191330
0.158596 1.710550
2.084474 0.232393
-1.466557 0.399704
1.040772 0.391827
0.439086 1.665395
0.989689 1.227017
0.015565 -0.470272
-0.623737 1.221626
0.277691 -0.797498
1.304190 0.397291
0.396020 -0.036580
-0.462117 -0.929824
0.758193 2.627399
1.021293 1.252675
0.607518 -1.178946
-1.442747 -1.884244
0.357375 -1.317541
-1.760076 -2.571748
-1.229561 0.958306
-0.854577 -0.134755
1.482153 2.739100
0.618916 0.247589
-0.863653 -1.886303
1.704536 2.336509
-1.017489 -3.325171
-0.881186 -1.698232
0.306683 1.247239
1.016759 0.498790
-1.327700 -1.148323
-1.492723 -1.583149
1.470254 2.185008
1.022616 -0.718520
0.228871 1.405112
1.470565 2.229444
0.484679 1.719811
-0.682377 0.452901
-0.815594 -1.047133
0.242056 3.538944
-0.521657 -1.400216
0.475906 1.557170
1.494755 1.413482
-1.819711 0.402673
-0.113232 1.941817
-0.450283 0.678164
-0.236066 0.132243
1.279343 1.688736
-0.792089 -2.378253
0.762134 0.432572
-1.226276 -3.644104
-0.989591 -3.855989
1.201815 -1.260464
-0.748956 -2.889243
-0.241416 -2.275929
-0.725480 -0.385029
0.343345 -0.275222
1.578732 -1.164244
-0.549941 -0.094901
1.706637 0.983234
0.935011 1.529227
-0.573349 -2.781656
0.234251 -1.937013
-0.070127 0.411073
-0.588205 -2.954597
-1.571935 -1.971767
1.658341 1.172597
-1.049734 -0.388459
-1.196108 -3.823725
0.874510 -0.506228
1.311057 2.917034
-1.822563 -3.008486
0.258773 -2.478740
-1.994501 -1.583039
-1.405710 0.934742
-1.130268 0.213561
1.057436 1.460570
-0.058540 -0.248878
-0.103706 -1.741469
0.564677 1.060471
0.052476 -2.548987
1.290233 2.815879
-0.771473 -1.857417
-0.108263 -2.206319
-2.079283 -0.753600
-0.751863 0.341083
1.851164 3.307792
-1.245683 -1.933830
0.745247 2.409451
-0.084250 1.310613
0.900779 1.328704
1.619857 -0.375969
0.263910 -2.765850
-0.018816 -1.353704
1.610970 2.904542
-0.412701 1.036792
-1.477679 -3.479409
0.630225 -1.010623
1.044057 0.212394
-1.270202 -3.323395
1.578900 0.653942
0.123516 -0.803440
1.499394 -0.449659
1.443361 0.163230
-0.064086 -1.728720
-2.015844 -0.227354
-0.767627 -1.393426
-0.820189 -3.286347
-0.364180 -1.942856
-0.374751 -1.088073
-0.528181 -0.487288
-0.265437 -1.333240
1.038567 2.151661
1.460137 2.315238
0.576717 1.708619
1.174882 1.099284
1.091749 -0.283838
-0.519938 -1.636907
0.733891 2.669890
0.829348 -0.608072
0.166317 1.960457
-0.780594 -1.777049
1.358888 1.953639
0.902384 3.026508
0.495489 -1.991912
-1.332450 -0.423383
-0.350112 -2.921013
0.880808 1.712966
-0.982333 -2.755089
-1.092394 -2.113173
-0.645850 -0.289721
-1.369949 -1.574378
0.572439 -0.993788
-1.688702 -3.144369
0.000775 1.641965
-0.792687 0.425055
-0.651357 -1.863780
1.365714 -0.693196
1.014338 -0.081553
1.405528 0.270625
0.618283 -1.375664
-2.106658 -1.281545
1.254995 0.277963
-1.456835 -1.552673
-0.971579 -1.407436
-0.474538 -3.198714
0.244071 0.191863
0.834646 1.607414
1.009401 2.371112
0.936500 0.505979
-1.290569 -3.083185
1.443095 1.696797
0.370139 1.018476
-0.081038 -1.820202
0.786003 2.723324
-0.399946 1.924302
-0.118565 0.868182
-1.339705 -2.609876
-1.423788 -3.297065
0.198919 0.412026
-1.620602 -3.135504
0.771266 -0.692634
0.288016 1.927642
-1.514790 -1.325089
-0.540770 -3.874380
1.214701 0.107018
-1.059459 0.871368
1.320309 1.045648
-0.555567 -0.684788
-1.141907 -3.694513
0.109138 -0.208124
1.160552 -0.541559
0.638600 -1.337803
1.249963 2.673443
0.622172 -0.421913
-0.145102 1.557645
-1.412126 -2.872906
0.337407 2.356962
-1.162401 -3.745294
0.239266 -1.876896
1.230022 1.718938
0.753405 1.639405
1.607881 3.005425
-0.292990 1.027566
-0.036244 -1.351774
-1.390396 -0.076720
-1.248127 -3.468430
-0.870994 -2.269600
1.296220 -0.960964
1.291213 -0.819581
-0.523078 1.423970
0.509063 1.345889
-0.550529 0.124381
-0.343217 -2.671035
-0.189932 1.196204
-0.888866 -1.354507
0.303459 -1.329013
0.738148 -1.159383
-1.333424 -1.354879
1.250972 1.127018
-0.273250 -1.353885
-0.757164 -1.740610
1.180581 0.160069
-0.010232 -0.688363
-1.399100 -3.938577
0.436139 0.562125
1.069385 0.289416
0.080762 1.886351
-0.903781 -0.627400
-1.598728 -2.373736
1.270760 -0.532821
1.623467 1.657418
-0.802250 -1.110171
-0.956010 -2.997619
-1.047326 -0.234285
-1.562610 -1.428577
0.574974 -0.069692
1.286193 0.762318
1.123697 -0.900206
0.978997 -0.597654
-0.863857 -2.409481
0.857359 1.860491
0.935131 -1.731125
-0.920962 1.267335
1.365090 2.524986
-0.558971 1.090110
-0.869909 -2.459497
0.105124 -1.516670
-0.281243 0.138839
0.030294 -1.146423
-0.316981 -1.079872
0.898678 -0.611099
-0.987575 -1.128204
-1.283414 -2.295561
-1.508136 -4.019285
-2.426705 -3.578471
0.233541 0.342083
-0.588102 -3.439430
-0.348990 0.022792
1.585583 1.577127
0.208233 1.124433
-1.034871 -2.195717
-0.429610 0.829631
-1.300600 0.137177
0.759352 1.983005
-0.935777 -0.964935
-0.973634 0.630094
1.567703 2.758528
1.152568 0.245336
1.699975 -0.770678
-0.795637 0.749844
-1.264271 0.035016
1.187512 3.071664
0.525952 -0.800541
-0.791077 0.624238
-1.012409 0.351559
-0.108412 -1.490311
-1.186786 -0.441283
1.378263 0.593847
-1.146097 -0.765023
-0.984613 -1.693530
-0.206377 0.907460
-0.183597 -3.156300
0.069565 -1.688473
-0.289498 1.265507
1.471100 0.985790
-0.872025 -2.900268
1.171346 1.237349
1.383597 1.299204
0.463423 0.135620
0.146044 1.062955
0.593314 0.251810
-0.374187 -0.240308
-0.071439 -2.731866
1.813690 2.164892
-1.512255 -1.020080
0.075902 -0.952749
0.083860 1.360538
0.591146 -1.179437
0.870087 2.168174
0.994150 1.905072
-0.201857 -2.313524
1.004254 -0.986158
-0.899449 0.014549
-0.273207 -1.824837
-0.365386 -0.204262
1.253186 -0.409394
0.051450 -1.528295
-0.549789 -3.081573
-0.018174 -0.557842
0.662830 -0.725730
0.671795 0.280091
1.111105 2.812124
1.171426 -0.336385
1.364589 -1.363703
-0.171871 0.218782
-1.336106 -2.303094
1.599463 1.832797
-1.660215 -0.474544
-0.052366 -0.693352
1.730346 2.038863
-0.866423 1.451837
-1.721713 -2.917687
-0.570196 -0.167963
0.200010 -2.055537
-1.515698 0.355455
0.679313 2.830462
-0.287232 -1.093933
1.190122 2.552771
-0.092850 -1.763383
0.857927 -0.707213
-0.799364 1.235673
-1.296092 -1.214018
1.224565 1.660220
-1.313111 0.646235
-1.628471 -0.932104
0.993195 -0.628401
-0.467411 -1.579162
1.179619 -0.426097
-1.499253 -2.949665
0.395052 -2.075707
-0.170732 -1.917553
-1.645431 -3.082211
0.112294 -0.561971
-1.653404 -5.229630
0.056007 0.542553
-1.224905 -1.230706
0.051464 0.897218
0.670774 1.056467
-0.671779 1.977968
0.796915 0.635267
1.023851 1.254819
0.670946 0.248543
1.278192 -0.165196
-0.930584 -0.691387
0.626573 -1.330727
0.540295 0.962277
0.528326 -0.145102
0.396278 1.837259
-0.789094 -1.328927
-0.622100 -3.058199
-0.741849 -2.382216
0.966006 -0.679823
-0.495535 -1.566387
-1.964591 -1.811373
-0.405636 1.671570
0.594349 2.318035
-0.996570 -1.078532
0.320926 -0.623114
-1.914592 -1.104002
1.022212 -1.113646
-0.295010 0.759568
0.933924 1.562467
1.236536 1.542469
-0.103337 1.042176
0.318443 1.057335
1.536543 -0.266907
-1.211748 -3.480580
-1.789353 -4.042464
0.663188 0.003866
-0.234876 0.397817
-2.516435 -2.441673
-0.389364 -1.579710
1.589656 -0.101648
-1.454809 -0.621056
-0.576373 -0.457222
-0.169143 -0.316217
0.221191 0.854687
0.940273 2.611515
0.497387 -0.776151
-1.163318 -1.457738
0.823770 0.296942
0.640635 2.652309
0.136489 -1.330071
-1.005103 -1.234935
0.839525 1.627173
0.112996 0.261250
-0.936661 1.251072
0.771537 2.472408
1.032432 2.474463
0.561782 2.811796
-0.690225 -2.279633
1.729363 2.053503
0.570769 -2.359293
1.268904 1.623412
-0.927290 0.387847
-0.284715 1.990589
0.725013 -0.354282
1.206493 2.119371
1.613478 -0.076343
-0.399311 -2.634863
1.172428 -1.223602
-0.257382 -3.004568
-1.173240 -0.230075
-1.609139 -3.621496
0.805182 0.770247
1.199101 0.111654
-1.566523 -3.179926
-0.615958 -2.420517
0.155268 1.202888
-0.451834 -2.002742
1.274555 2.262265
0.455586 -0.257781
-1.469213 -0.692004
-0.764800 -1.127908
-0.146101 -0.199538
-0.531997 -0.883659
1.053622 -1.138423
-1.019170 -0.378778
1.372563 2.656975
-1.485916 -2.030194
0.971940 -0.502110
1.360569 2.215933
0.917285 -0.193657
0.829534 -0.934680
-0.819186 0.554720
-0.598269 -2.638546
-1.203120 -4.444969
0.779683 0.217152
-1.443403 -0.240456
0.757339 1.205386
0.578238 0.504884
-1.431695 0.548669
1.286646 -1.747077
-1.146865 -1.601257
-0.126521 -1.370241
-0.346021 0.198116
0.657281 -0.963445
-1.347487 -0.506889
-0.903096 -2.062369
-1.309702 -2.889053
0.265651 -0.468721
-1.331816 -1.757430
0.560075 1.408024
0.783379 0.970249
-1.364994 -0.613672
1.076272 1.490720
-1.449092 -2.190471
-1.185092 -0.480796
-1.608885 -4.238017
-1.447431 -1.588338
1.445282 3.160889
-1.448873 -2.342967
0.430038 -1.761458
0.007153 0.789458
-1.649142 -3.092303
-0.636327 -3.232407
-1.750942 -0.565852
-1.518162 -3.471451
0.425419 1.377606
-1.044586 0.386087
1.203476 0.997645
-1.053454 1.050136
0.093070 0.595914
-1.286277 -1.633237
-1.647801 -0.071029
-1.894482 -1.010186
1.516688 0.436091
0.026977 1.170292
0.715926 -0.549253
1.346213 0.297184
-0.859306 -1.251802
-1.063418 -3.269329
0.898146 1.259107
1.371648 2.097343
-0.697310 -3.884754
0.982504 -0.680623
-0.906161 -2.021250
-0.400084 -2.064998
0.045580 -0.510541
-1.609275 -2.737735
1.166951 1.102579
-0.317425 -0.880073
-0.074167 0.343750
1.183175 1.036033
1.084352 -0.075167
0.228097 0.731290
-1.552626 -2.334974
-0.299949 -2.587590
1.379912 0.630652
-1.229419 -0.508502
-1.030768 -0.777571
1.028656 1.761131
-0.790537 0.795183
-1.418092 -2.139476
-1.035739 -3.158184
0.683001 -2.293448
-0.704940 1.743421
-0.849379 0.021402
-0.245771 0.496618
-0.595803 -1.248059
0.347347 -1.408043
-1.292695 -0.189882
-1.290865 -0.888908
-0.280284 -0.722905
-0.290051 -0.119539
-0.797659 1.014534
-1.261056 -0.184045
0.124934 -1.982584
1.111332 -0.795570
-0.182847 -2.722222
-0.056177 -0.888192
-0.904513 0.693643
-1.388135 -2.062908
-0.795045 -0.279842
-0.768599 -2.195490
1.458769 0.289259
0.976784 -0.795305
-0.532147 0.462726
1.144804 0.316323
0.909926 1.783549
-1.117906 -2.462130
0.052842 1.524283
0.008434 -1.072699
0.747225 0.232308
-0.985100 0.440784
-1.251575 -2.173726
0.985920 0.488881
-1.195018 -2.911863
-1.405970 -3.958536
-1.367120 -1.158469
-0.267229 -0.195322
0.237080 -1.876146
0.131468 2.235527
0.452025 -0.497976
1.499224 1.501003
-1.456617 -3.627260
0.169479 0.725329
0.855624 -0.529430
1.150612 -1.493602
0.103465 -0.576708
-0.647652 0.677692
-0.313879 -2.149896
-1.221619 -0.962122
1.345620 -0.220380
-1.034893 -0.953549
-1.421689 -2.545856
-1.680699 -2.137632
0.108907 -2.570529
0.021941 1.425107
1.192684 2.578567
0.547131 -1.804270
-1.620980 -0.679383
-0.356256 -0.134042
1.010820 0.186797
1.392228 -1.332138
0.937158 -0.059710
1.247355 -0.623071
-1.331405 -3.578758
-0.112645 -0.320108
0.465234 -1.279611
-0.342377 -1.234554
0.564391 1.444624
-1.484850 -1.010032
0.634162 1.060198
-0.370477 0.881154
-0.210764 1.526044
-0.668750 -2.252226
0.392823 -0.523076
-0.629293 1.410579
0.974186 2.044676
0.864532 -1.301666
-1.083477 0.823173
0.091639 -1.966388
0.253832 0.332088
-1.614210 -2.884288
-2.258368 -4.412424
0.682727 2.709997
-1.644493 -4.855709
-0.845024 2.047742
-0.286260 -0.153351
-1.074267 -3.666087
-1.364250 -0.543040
1.160990 -0.349041
-0.920171 -2.722159
-0.202897 -0.264183
-1.801041 -3.480608
-0.756222 0.484682
0.476200 0.305183
1.046960 0.554827
0.665315 -1.166428
1.690460 -0.470785
-1.297187 -1.567915
0.473202 -2.175609
1.031621 0.098220
-0.688243 0.483358
-0.348469 -1.597451
0.238968 -2.794019
-1.195833 -0.912847
-1.523802 -2.324269
0.127951 0.780095
1.172316 -1.374443
-1.643823 -2.777616
-1.418788 0.000205
0.743448 -0.288647
-1.463168 -0.782415
-1.069816 -0.804526
-0.995730 1.186582
-1.683647 -1.004253
-1.897537 -0.832108
-1.507210 -1.878929
1.145736 -0.582628
0.968288 2.809757
-1.386680 -2.802579
0.614101 -1.213069
1.795388 0.346954
-0.835603 -0.100590
0.010888 0.496185
-1.265927 -3.661264
1.395214 -0.273231
-0.923418 -1.275397
-0.825089 -0.553173
0.566378 1.823162
-1.358843 1.257838
0.588761 2.027615
-0.767601 -1.595254
0.555427 -1.507590
1.435240 1.651168
1.862093 1.431130
-0.298060 1.300235
0.358800 -2.003381
0.946538 -0.282011
0.356306 0.763972
-0.464245 -1.553230
1.257114 -0.665749
-0.508777 -2.564518
-1.352566 -0.909643
-0.732668 -0.346847
0.702718 0.548326
0.012524 -1.771660
-1.966570 -2.778363
-0.783225 -1.607263
1.587515 1.204082
-0.891840 -2.714130
0.495293 -0.983713
-0.256780 0.222970
1.146412 1.917801
-0.617851 0.269690
-0.518253 -2.900884
-0.639513 -0.859259
0.703859 -1.376287
-0.171170 0.509873
0.967207 1.541829
1.721440 0.165898
0.432188 -1.159427
-1.497753 -0.516419
1.537099 -0.264081
-0.702052 0.480849
0.195065 -1.534713
0.913868 -0.724909
1.389803 -0.445452
-0.040620 1.580850
1.352753 0.797809
-0.319363 0.701215
-1.887855 0.199804
0.917670 -0.668957
-0.464636 -3.005293
1.761768 -0.452344
-0.658429 -0.314878
-1.308732 -1.221152
1.130841 -1.192132
1.523227 0.938699
-0.255692 -1.391806
-0.456032 1.050015
-0.797412 -1.455555
-0.409329 1.276997
1.218217 -0.069118
-1.056726 -4.078814
-0.447430 -0.919679
-1.122027 -2.574226
-1.027909 -0.376613
0.264525 1.487023
0.474616 2.050140
0.206341 1.123382
1.721134 1.435266
-1.258863 0.580723
-0.621193 1.466893
-0.065294 1.513584
0.333650 -0.019160
-0.152520 0.611655
-0.280398 1.050771
1.065159 0.663231
-0.824112 -1.926045
0.621738 -0.578266
0.678675 0.773356
-1.278408 1.077105
-1.470042 -3.993769
-0.407263 1.217726
0.820269 1.929346
1.155271 2.767159
1.014128 -0.754226
-1.506395 0.243973
-1.946477 -2.145477
-0.411132 1.451209
-1.470943 -1.497256
-1.565889 -2.384696
-0.556075 -1.045290
-0.123167 1.985728
-1.558880 -0.809094
-0.986768 -0.518849
-1.438062 -1.707353
0.109518 -0.490099
-0.343680 0.898290
-0.154687 -0.383207
1.208552 2.698073
1.821566 2.553614
-0.235979 0.263689
-1.783039 -2.088397
0.631818 0.571413
-0.788677 -2.050134
0.035278 0.658263
1.439200 1.600566
-1.394424 -2.557047
-0.420612 -1.394459
-1.832470 -2.606800
-1.247945 0.505085
-0.986355 -3.510116
1.095885 -0.445746
-1.237561 -1.001276
-0.687826 -1.057515
-0.220214 -0.497105
-1.107491 0.694380
1.239898 -0.923297
0.155476 -1.737500
1.026005 1.738029
0.516122 -0.949441
0.093054 -1.156010
-1.494728 0.047866
0.206760 0.878722
-1.167893 0.702105
-0.249633 1.161225
0.244948 -1.243940
0.033849 -2.345849
-0.535947 -2.357761
1.346258 2.495132
-0.337027 0.994486
0.052588 -3.023276
-0.085416 -2.054528
-1.674757 -0.872343
-1.121583 0.299746
1.029829 3.357172
-0.762286 1.336340
-0.443095 0.156395
-0.552752 -1.515828
0.377450 1.437519
0.882021 -1.803004
0.799173 2.031363
-1.828246 -3.015238
0.680248 0.638068
0.885877 0.627806
0.293013 1.661579
0.676185 1.923805
0.026458 1.707268
-1.507974 -0.986804
-0.954014 -2.078242
0.125467 1.192126
1.037783 1.450846
-0.208734 -1.276729
0.061263 -1.722210
0.910390 0.884673
0.237150 -1.085887
-0.485023 -1.831835
-0.664727 -2.265965
-0.369572 -0.325470
0.720852 -0.962614
-1.734130 0.481523
-0.902202 -1.694361
-1.605584 -2.569966
0.581851 0.614135
-1.617720 -3.210985
0.869796 2.401021
1.580393 0.630156
0.206057 -1.946148
-0.652240 -1.328503
-1.177848 -2.690907
-1.416139 -1.763264
-0.905405 -1.777230
-0.142178 -0.832038
1.211402 0.448530
-1.658616 -3.882564
1.173059 2.007424
1.319830 -0.456396
-0.915486 -0.851160
1.203196 0.792396
0.320954 1.450690
-1.016286 -3.717795
-1.173380 -1.734592
-0.636744 -2.868564
-0.123308 -1.517444
0.940879 -0.844939
-0.938495 0.838643
1.515623 0.786212
0.747969 -1.633848
-1.401123 -1.727533
-0.729518 -0.732719
-1.338776 -0.492036
-0.421595 1.206739
0.960149 1.103218
-0.953693 -0.634314
-0.008076 1.677833
-1.303538 0.152022
-1.251618 -1.908308
-0.304749 0.938139
-0.830101 0.099241
1.371531 2.044710
-0.734762 -1.940114
-1.874559 -0.779436
0.814187 0.746099
-0.224612 -0.915149
-0.245362 -2.202119
-0.076367 -2.623654
0.428160 0.692532
1.041688 0.161724
0.134853 1.294893
0.652667 0.413679
-2.127654 -0.860853
-0.812695 -2.212571
1.461480 -0.248890
0.173018 1.348636
-0.040886 -0.810925
-1.770928 -0.786758
-0.245675 0.813785
0.102432 -1.414126
0.059450 0.764259
-1.493309 -1.894017
1.154628 -0.152521
-1.030850 -0.798252
-0.088169 1.695412
0.959408 -0.023276
1.172174 -1.378383
1.215424 0.272504
1.707479 1.705430
-1.024946 -2.499972
-0.135408 0.862776
0.019279 1.853595
-1.717170 0.490909
-0.035375 0.456323
-1.616053 -3.218505
0.033190 -2.116901
-1.523836 0.564916
-1.145369 -2.958163
-0.652944 -2.063145
0.094265 -1.315900
0.845872 2.682503
0.169935 -2.000506
-0.399056 -3.193209
0.961442 -1.147338
-0.422384 -0.198911
-0.472295 -1.506289
-0.867401 -0.616450
0.999141 0.831372
-0.433867 -0.129277
1.230598 1.792799
1.509286 1.560321
-0.341085 -3.025516
-1.584945 -2.660182
0.096519 1.256176
-0.422314 -2.709455
0.652873 -0.650857
-1.500990 -2.745522
1.266920 1.785039
-1.257553 -1.521004
-1.364425 -2.872905
-0.841289 1.655897
0.844450 1.897743
0.685094 2.391946
0.141100 0.157971
-0.192354 -2.170347
-0.741692 -2.231735
-1.204719 -3.631291
1.111969 1.507329
-0.916253 -0.546703
-0.477666 -2.372099
-0.405884 -0.093207
1.073216 2.282391
-0.629661 -1.814280
-1.059147 -2.579926
-1.209321 -2.543611
0.923300 2.396984
-0.260890 -1.805420
1.114605 1.317383
1.450200 -0.120762
1.456467 -0.548474
0.448896 -0.585092
1.771789 1.701095
-1.088345 -0.142214
0.980071 0.699433
0.768126 -0.233167
-1.165448 -0.212613
0.396075 1.302181
-0.049200 -0.842863
1.744019 3.409020
0.392706 0.557873
-0.699162 -3.029248
-0.944526 -3.099795
0.981719 1.055606
-0.600625 -0.289086
1.183109 1.733685
-0.125905 0.771314
-1.180232 -1.260677
-1.435005 -1.923488
0.906152 0.016887
0.390215 -0.801133
-0.804791 0.543595
-1.271900 -1.046220
-1.299172 -3.296401
-2.342187 -1.358106
-1.250965 -4.288562
1.059350 -0.834335
-0.601058 -0.494013
0.132165 0.345172
1.210203 2.768382
-1.371850 0.083635
-0.550417 0.852967
0.024457 -0.759984
1.306995 -0.262452
0.250142 1.312821
-0.704112 0.687705
-1.062414 -1.056152
-0.109956 2.547632
-0.324800 0.805224
-0.907703 1.172502
0.675908 2.615008
0.751241 2.290337
-0.692091 -2.669575
1.502987 0.005010
-0.327450 -2.975305
-1.644866 0.862696
-0.385920 -1.541661
0.842491 0.239248
-1.287767 -1.391920
-0.616951 -2.594322
-0.565369 -0.224663
0.582409 0.625399
0.233620 0.828073
-1.536541 -1.739701
-0.876369 -1.214600
0.677296 -0.572749
-0.853863 -0.648789
-0.031702 0.724397
-0.034972 -1.676983
1.536754 -1.429269
0.249969 0.495940
-0.416072 -2.146248
-1.764773 -0.673214
1.071139 0.021412
-1.265527 -1.881786
1.390322 3.456816
-1.371833 -2.316157
-1.219065 -2.027326
0.769562 1.840573
0.366568 -1.218673
0.386977 1.036962
1.593451 1.319495
1.785321 -0.061152
-1.088379 -3.635019
1.353294 -0.675521
1.359579 -1.144503
1.460636 0.599356
-1.096313 1.808674
-0.398677 -2.942555
-1.455145 0.711466
1.058575 -1.114793
1.440173 2.249755
1.089507 1.187812
1.125722 1.026143
0.098108 -0.173008
-1.374884 -3.449271
-1.856068 -3.180340
-0.359140 1.512129
0.273752 -2.830153
-1.157287 -1.632431
1.098685 -1.362774
0.153747 -2.114956
0.500035 2.070565
0.998518 2.911573
0.957701 -0.163144
0.923422 -0.595826
-0.849765 -3.658967
-0.972257 -0.957679
-1.118746 -2.962354
-0.353724 0.859743
0.975548 0.512172
-0.813534 0.142563
-1.082663 -1.129036
1.206706 2.212970
0.737991 0.447202
0.167418 2.380192
-1.370918 -3.637321
1.254648 3.154804
-1.852135 -3.341061
-0.643320 -1.687101
-1.535427 -3.211710
-0.609078 -0.946943
-0.348145 -1.471934
-0.683978 -1.144463
-1.570323 -3.305397
1.476354 -0.044929
0.642920 -1.538792
1.169852 0.499680
-0.111930 0.867090
1.565829 2.601132
-0.557795 1.160594
0.889004 -1.087294
-1.279692 -0.753761
-1.066027 -0.992276
-1.699180 0.337026
1.741739 1.026467
0.675077 -1.309124
-1.272583 -0.148457
-1.418749 -1.107437
-1.404673 1.620202
-0.591836 -3.169159
0.628701 0.135543
-0.164911 -3.086433
0.716462 0.856018
1.021613 -0.283992
-0.622180 -2.025373
0.992114 -1.297138
1.302543 -1.529110
-0.991695 -2.625611
-0.733312 0.594981
1.461496 1.319928
-1.399600 -2.572750
0.347394 -0.808439
0.037985 -0.566939
0.818576 2.923317
1.322050 0.015906
-0.813862 -1.854489
0.012773 1.070969
0.255046 -0.316983
0.401995 1.075286
-1.010018 1.704970
-1.330919 -1.565315
1.148111 0.074931
1.022933 2.424667
-2.078157 -4.211616
-1.214604 -2.196421
0.786799 2.285125
-1.208959 -1.729764
0.963380 -0.353520
-0.658217 -0.645554
-0.670699 -2.405784
1.366599 2.341519
0.491497 1.829473
-1.755053 -1.337233
0.317045 -0.429982
-0.025466 -1.922112
1.636963 1.544256
-0.275623 1.051871
-1.655353 -1.246667
-1.310512 -3.440775
0.339361 -1.534021
-0.052010 -0.997377
0.440049 0.792201
-0.217536 -2.833655
0.279905 2.163873
-1.344131 -1.577950
-0.958090 1.078364
-0.407336 1.893421
0.201843 1.661723
-0.637878 -2.560786
-0.081118 -1.346534
0.383811 2.389874
-1.462869 -3.456267
0.770928 1.909469
-0.283352 1.396389
1.167319 -0.734344
1.008325 -0.625433
0.715584 -0.007340
-1.790845 -3.413113
-0.020445 -1.977351
-0.644831 -2.709604
-1.038688 -3.317834
-0.222244 -2.935584
-0.801646 0.032892
-1.094019 0.056789
0.470667 1.391477
-1.808631 -2.413186
-1.281635 1.030654
-0.963794 -3.787660
0.912103 0.908324
0.068319 1.551105
0.153839 0.330089
-0.928937 0.163658
-0.968464 -2.697151
-0.161177 1.297149
-0.962028 -4.300642
0.822083 -0.043160
0.371718 0.708240
-1.021286 -2.571242
0.975313 -1.152419
-1.441555 1.089377
-0.991966 -1.546185
-0.433072 -0.364523
0.024737 2.521935
-1.341202 1.044887
-0.170089 0.083482
-0.250970 1.402879
-1.325237 -1.174532
0.793519 -1.405057
-0.786182 -2.719768
-0.699181 -1.235146
0.937794 2.099693
-0.449932 -3.139670
-0.424012 1.286619
0.372082 -1.393318
-1.789377 -1.212747
0.644411 3.017783
-0.924515 -2.832484
-1.261154 -2.243933
1.421636 -0.639772
-0.707811 -0.390902
0.298702 1.353465
1.673890 0.745057
0.430693 0.174252
0.527422 0.397936
-0.547251 -2.138963
-0.208714 -0.100087
-0.000470 -2.770647
-0.622978 -1.476210
-1.735132 -2.789188
-0.382885 -0.210602
0.454561 -1.309219
-0.419254 0.355207
0.736615 -1.296439
-0.776560 -2.085708
0.870161 1.079843
-0.238288 -1.505934
0.284799 0.236600
-0.930491 -2.920626
1.068684 0.285255
0.327370 -0.630492
-0.986219 -2.412066
-1.232893 -3.532618
0.557977 -0.573835
-1.720786 -0.793358
-1.327199 -2.507800
1.058472 -1.859658
-0.980982 -1.485434
0.892844 1.473250
0.089279 -1.353935
-1.332429 -1.127500
-1.567351 -1.617221
-1.571687 -2.900570
-0.408871 1.278357
-0.876092 -0.266428
-2.086414 -1.254849
0.090741 -1.654384
-1.900112 0.902056
-0.055518 0.655553
0.311305 -0.701090
0.423695 -1.783742
-0.426050 -2.069444
1.133654 -1.301135
0.211621 -1.093037
2.012789 0.351095
-0.088243 -2.909871
-1.805382 -1.559852
0.769445 -1.490126
-0.047411 -2.384051
-0.996915 -2.274336
1.312422 0.250458
-1.457260 0.016271
0.058345 1.825843
1.687250 3.310829
-0.051109 0.403760
-1.464367 -1.575606
-0.236895 -2.700399
0.501246 2.413094
-1.290233 -0.096691
1.824613 0.292006
0.586533 1.215223
0.583054 1.600026
-1.556428 -0.824607
-0.737964 1.384119
0.142575 -2.059286
1.385106 2.538159
0.616446 1.086428
0.377844 0.410075
-0.903234 -2.424448
0.706031 1.961985
1.612825 2.657084
0.005428 0.600342
-1.041941 1.863368
0.829807 0.651889
0.157922 2.067490
-1.967637 -2.493290
0.525784 -1.496126
0.108936 1.140202
0.920005 -0.749136
0.081201 -0.239565
0.905328 1.932532
-0.950081 0.019925
0.595512 -1.582140
1.301210 1.805868
-0.659903 -2.297443
0.469077 -0.489300
-1.816989 -4.647529
1.296007 1.925021
1.023536 2.323313
-0.915220 -3.874825
0.524669 2.497979
0.042005 -1.558279
0.924159 -0.490724
0.295976 -2.219674
-1.377277 -2.973956
-0.398249 -1.837490
-2.028363 -1.417443
-0.998552 -2.701639
0.619086 -0.447034
-1.265524 1.166154
1.153918 0.754598
-0.310527 1.299847
0.394985 -0.601093
0.816411 -0.255617
0.674440 -0.034872
1.293103 -0.254047
-0.748334 1.253677
-0.455412 1.485770
1.656379 -0.078411
-1.134311 -3.470004
-1.296648 0.551590
-0.000123 1.495020
-0.870870 0.087043
1.366617 0.288529
0.041636 -2.089148
1.134721 -0.046380
2.016977 1.270639
-1.565732 -2.123271
-0.762551 1.757476
-1.893446 -0.161683
-0.127948 -0.246793
-0.589542 -1.051474
1.039727 1.275854
-1.232008 -1.055951
1.094192 -0.490632
1.172004 0.019841
-0.752035 -2.386288
1.853695 2.142728
-0.119617 -1.980523
-0.883867 0.049587
-1.230351 -2.139326
1.008034 0.348214
0.713592 -1.642763
0.279744 0.057044
1.296926 1.248102
0.624479 -1.549865
1.070181 -0.853715
0.935950 1.761077
-1.794216 -0.963856
-2.121950 -3.690587
-1.612627 -2.096339
-0.850607 0.993171
0.004832 -2.640095
0.961692 1.355351
0.983917 -1.201873
-1.296134 -2.368251
0.388151 -1.070958
-1.312993 -0.550713
1.379253 1.640791
-1.319500 1.131095
-0.753506 -2.365937
1.487507 2.676246
-0.738409 -2.478922
1.145245 2.358684
1.076531 1.588460
-1.203357 -1.771992
-1.081388 -0.147380
1.108198 1.484934
-0.487488 0.460955
-1.569711 -0.580115
-1.220896 0.486921
-0.459614 -2.070206
-0.928097 0.854931
-1.623180 -2.178355
1.504355 0.187119
0.155490 1.725434
-1.162437 -0.773399
-1.224041 -2.258649
0.402621 0.199921
-1.401209 -0.353947
1.525964 -0.087007
-1.812628 -1.630521
1.255948 2.076967
-0.847856 0.752928
-1.391322 -0.134343
0.318226 -1.785232
-1.615443 -1.861193
1.235489 1.872581
1.193459 1.677161
0.225338 0.499077
-0.152068 -0.377625
1.127624 -0.724372
0.210901 1.628166
-0.094302 1.744104
-1.678013 -3.023310
-0.586175 -0.526273
-1.210796 -3.468612
0.180988 0.592899
1.361658 0.524757
0.170040 0.262917
1.552800 2.166773
1.533536 2.138931
0.821891 -0.588323
1.268841 1.682287
1.646687 1.109338
0.710366 2.266462
0.668506 0.531370
-0.675498 -0.790932
0.917796 0.449695
0.873547 -0.223995
-0.735978 -1.703155
-1.445402 -0.370491
-0.994056 -3.436455
1.059753 2.029349
-1.715270 1.347175
-1.662251 -4.495554
1.120497 -0.247257
1.081293 -1.268421
-1.117095 0.119234
-1.486868 -1.172617
-1.346418 -3.185646
1.424628 2.539206
-0.324962 -2.222381
0.194529 2.387324
0.502215 2.250136
-1.150522 1.561161
0.063100 -2.834504
-1.001223 -2.648304
1.071362 -0.032424
0.017393 -1.749084
-1.977958 -0.202074
-1.462487 -2.158202
-1.188689 0.465661
0.992027 2.360520
1.361873 2.459835
1.437390 2.625595
-0.092598 -1.047925
-1.671720 -2.573683
-0.086661 -0.292844
-0.837168 -0.361736
-0.107558 -1.729861
-0.216056 -1.398568
0.897606 1.465712
1.300965 -1.396671
0.265277 0.908514
0.708798 -0.049230
0.820120 0.655844
-1.476368 -1.316464
-0.235652 -1.407520
-0.223537 -2.256517
-1.760396 -0.300500
0.339621 -1.283002
-0.293868 -0.945993
-0.934233 -2.452449
0.543755 -1.389054
0.353582 -2.071291
0.342014 -1.111841
0.805805 1.931841
-0.258165 0.509093
-0.954650 -2.612490
1.087334 -1.504580
-0.475291 0.052809
1.397190 2.404737
0.904935 -0.319928
-1.206374 -1.327834
-0.868424 -2.758312
1.001821 -0.701859
-1.601439 -1.783479
1.058175 0.470465
-0.461967 0.048508
-1.169353 -0.448335
1.347696 0.352902
0.915021 -0.528616
-1.224574 -3.876867
-0.043659 -0.677629
-0.888175 -2.254082
0.942722 -0.378556
-0.514037 -1.447236
0.313740 -0.832491
0.921862 -0.692498
0.739076 1.829996
-2.154589 -1.122790
-0.503406 -1.163225
-0.504837 -2.013854
1.664587 -0.299927
0.773151 -1.441949
0.492992 -0.665696
1.670604 0.167767
0.591508 0.070163
0.550067 2.012843
-0.336770 0.882854
-2.071864 -3.391494
0.207128 1.168314
0.381900 2.126282
0.422124 2.254424
0.908919 -0.877483
-0.043456 0.301524
-1.076470 -2.045324
1.768821 1.680430
1.109077 2.221839
-0.075863 -0.707864
1.623263 -0.263811
-0.412334 -0.700168
-1.274330 -4.143255
-0.065182 -1.953633
1.756507 3.595321
-1.286231 -0.566665
-0.671976 -0.143403
-1.415899 1.689448
1.268601 0.922495
1.256855 -0.935802
1.234348 0.843181
1.953611 2.107573
0.807995 -1.245042
-0.122474 -2.267328
-0.392054 0.308357
0.201092 -0.567918
0.625213 -0.929334
-0.207150 0.597180
0.188240 -2.581547
-1.423967 -3.628364
-1.886739 -0.989736
-0.094986 -0.469280
-0.068315 0.654072
0.121388 -1.628597
-0.609008 1.020903
-1.681679 -1.044195
0.837512 -0.649685
-1.155548 0.387410
-0.638088 -1.190602
0.217068 -0.802256
-1.720634 -2.701106
1.502985 1.139346
0.825398 -1.259256
0.899199 1.422382
1.123709 1.977058
0.582239 -1.231085
-1.698745 -4.179257
0.078609 -0.068454
0.743839 1.495575
1.064856 -0.818526
-1.098391 -2.847084
-1.495903 -2.610071
0.129779 1.506027
-1.360991 -1.386779
-1.044392 -3.656107
0.730241 1.097639
-1.092829 -1.760762
0.335597 -0.755140
-0.694580 0.236711
-1.631901 0.599461
0.635150 1.123071
0.941742 -2.189510
1.416395 1.012170
-1.948941 -3.783651
0.526221 -2.028598
-1.196242 -2.329059
0.165916 -0.611428
0.201941 -1.673396
0.268246 1.501411
1.032256 -0.447995
0.450361 2.578580
-1.382445 -1.667280
1.504357 3.363074
-0.577230 0.995965
-0.450011 -0.103323
0.441855 -0.416729
-1.926030 -1.582249
-0.603666 -0.002150
-1.732735 -2.991060
1.448767 1.696227
1.223356 -0.426571
-0.496222 -2.429427
1.334774 1.131573
-0.073628 0.706867
-0.186885 0.712740
0.267784 -1.922062
0.831083 1.892400
0.190176 0.692575
-0.535030 1.190226
-1.361721 -2.748919
-0.387129 1.526570
-1.241617 -0.930207
1.297817 0.736893
-0.816108 -1.610665
-1.579260 -3.271407
0.099076 -1.430662
-0.583983 0.041229
-1.293173 -1.611936
-1.625455 -2.776814
-0.144996 1.490338
0.471800 1.721823
-1.539490 -1.574145
-1.822236 -4.636903
1.281961 0.093229
-0.076749 -1.544576
-0.102237 -0.338179
-0.967397 -1.625479
1.842813 0.326451
-0.923129 -3.107442
-0.933297 -2.784223
1.246476 1.169399
-0.919517 -0.119364
1.212235 -0.358065
0.471837 -0.559705
-0.851823 -0.859878
0.445190 0.837400
0.372113 1.496972
0.916196 1.808633
0.974441 -0.234915
1.291583 1.409278
1.646479 1.695380
-0.040457 -2.070847
0.614108 1.014508
-0.017183 -1.107522
-1.629356 -1.279342
-1.759637 -1.483886
-1.251379 -0.921651
1.099978 2.019296
-0.808965 -0.258059
0.741815 0.695125
-0.883129 -2.076306
-1.043380 0.663270
-1.446560 -1.104386
0.099636 -1.041432
0.143550 0.479581
-0.704604 -1.945034
-0.574591 1.268178
-1.299695 -0.294554
-1.551056 -2.737768
-0.515204 0.756979
1.198025 3.131622
0.699767 1.762676
-0.713358 1.232719
-1.180362 1.035131
-1.170283 -3.946243
-0.029299 -1.515599
-0.346253 0.277312
1.040188 1.171893
1.611998 2.405367
-1.085609 -1.836557
0.426072 -0.546774
-1.578738 -0.429666
-1.072183 -3.720237
-0.888541 0.785187
-0.837033 -1.811964
-1.325934 -1.787774
-1.432648 1.274289
0.759114 1.727397
-1.553556 -0.047330
0.831271 -0.911820
0.334696 -2.346007
-0.899218 -1.134104
1.131892 2.880990
0.684635 1.781603
1.224658 0.063546
-1.061967 -0.201923
0.501181 -2.665944
-0.946515 -1.728943
-0.993247 -1.599486
-0.753044 -1.566456
1.388202 2.431815
0.828272 -0.645843
1.993274 3.438640
-0.716111 0.229343
1.409922 3.255820
0.609330 1.083122
-1.210070 0.500007
-1.044892 -3.864218
1.421853 3.253046
-0.594102 0.305550
1.522150 2.880697
0.893012 1.390792
1.821168 1.952138
-0.033616 -1.673010
0.422970 1.312920
-0.645904 -2.272962
-1.039437 -0.023402
0.649312 -1.016820
-0.974955 -2.553375
-0.736099 -0.436990
1.236369 1.855333
0.996228 -1.022855
0.433622 -0.651860
-1.058889 0.204617
0.574193 2.025220
0.207465 -0.571672
-1.166509 -0.085148
-0.732265 -2.154572
0.279048 0.570529
1.062684 1.279952
0.446876 -1.326640
-1.613942 -3.738281
1.123539 2.081200
0.029006 -1.630526
-1.632124 -1.025021
-1.064415 -2.880937
0.495731 0.738510
-0.571107 1.348483
-0.220706 1.697080
-0.171306 0.575037
0.827239 2.203507
1.309729 2.380011
-0.419200 2.356637
1.334395 -0.437102
0.700364 0.148220
-0.426977 0.053987
-0.846045 -2.019984
1.297903 3.075352
-0.671838 0.121577
-0.766237 -3.332825
1.326077 -0.296604
-1.401663 0.264313
1.408676 -0.078351
-1.492178 -4.338314
1.650708 1.945987
0.829414 -0.189076
-1.111839 0.693127
-0.382331 -1.905590
1.538995 1.800916
-0.416807 -1.135265
1.223071 -0.741221
-0.526696 -3.275783
-0.796378 1.987448
0.777592 1.511314
1.707123 3.288499
-1.431681 -3.810139
-0.524782 -2.548500
-1.157357 -1.370307
-1.329755 -3.673805
-0.517325 0.532327
-1.020030 -1.567019
0.588485 -2.382747
0.074170 -0.060476
-1.663703 -2.659077
1.462191 1.284718
-0.651388 -1.706828
-1.223460 -1.696098
0.653328 1.837601
0.950065 0.787232
-0.314842 -2.442260
0.323389 -2.925976
-0.482900 -1.629570
-1.766745 -1.157859
1.282375 0.460588
1.189514 0.601590
0.924787 1.759188
-1.801526 1.261588
-1.222029 -3.840924
0.563668 2.537930
-1.007599 0.184383
0.941387 0.186421
-0.728399 -1.495334
-0.063693 -1.947762
0.796453 1.514151
-0.850364 -3.609108
1.473410 3.175362
-0.279384 -0.284092
-1.321814 0.082887
-1.124767 -2.852958
-1.450113 -1.119199
-0.762682 -3.804339
-0.208822 0.474187
-1.086250 -1.044902
-0.731161 -0.055781
-0.718454 -0.254347
-1.228422 -1.001220
1.139601 1.881464
0.875516 1.975423
-0.869133 1.279084
-1.890002 -1.785342
1.171628 1.489716
0.770920 -1.686677
1.276545 0.903317
0.669944 -0.491530
0.882613 0.488575
0.214629 1.768093
-1.213716 0.152406
0.584435 2.873441
-0.033675 0.835955
1.069264 -1.047724
1.142058 -0.056883
0.817188 -0.248905
-1.621216 -2.730693
-1.437317 -2.865159
1.103181 -0.761367
1.317744 0.419085
0.784325 1.455676
0.017917 1.642197
0.780174 1.286427
1.144982 0.798256
-1.934727 -0.178540
1.684357 -0.004074
-0.636239 -0.990219
-0.492880 -1.854522
-1.486365 0.436438
-0.868963 -0.009339
1.553561 0.400748
-0.811500 -3.002522
0.619596 -0.254768
0.484347 -1.898913
-1.275627 0.553415
1.451485 2.523429
-0.109788 1.031198
1.152710 -0.079141
-1.471738 -4.369868
-0.425134 -1.238440
-0.071627 0.428641
0.477018 -0.571740
-0.657635 0.140125
-1.650360 -2.344006
-0.232355 -2.765293
0.956649 0.396440
-1.132113 -4.569050
-0.500860 -1.872949
1.342802 0.007873
1.285006 2.862918
1.359791 1.780150
-1.061548 -1.203552
-0.518929 -0.434263
-0.367607 -2.124709
0.051484 0.919213
-1.521450 -1.284081
-1.456364 -1.019393
0.720798 2.943274
-1.349006 -2.052093
-0.450234 -2.298192
0.401629 -1.342975
-0.408580 -1.990313
-0.320799 -1.527429
1.622547 1.908897
0.001369 1.129837
-0.162074 -0.104249
0.512363 -1.268564
-1.369798 -0.508678
1.194681 2.053739
0.666767 -0.969498
-0.929610 -2.359872
-0.175272 -0.506449
0.856826 1.013195
-0.007558 -1.971297
-0.125691 0.202401
-1.659463 -0.200013
0.447846 2.203427
-1.638685 -1.748332
0.434025 -0.099686
-0.764604 -1.094716
0.376977 1.201489
0.140781 0.985599
-1.357149 -1.238873
1.497945 2.063073
0.230083 -1.384429
-0.669745 0.349910
-0.567033 -0.653620
-0.015307 -0.654745
-1.176175 -1.207641
-0.359247 -2.175999
-1.275759 -1.910557
0.805096 -0.388459
-0.410018 0.682292
-1.414709 -1.812141
-1.438115 -4.065556
-1.746073 -2.958892
-1.759488 -3.254701
0.662400 -1.048909
1.457912 2.134111
-0.900615 -2.153410
-0.477840 -0.899044
0.459219 -1.226037
-0.820188 -0.389918
-1.157142 -0.537566
-1.513112 -1.483233
1.345358 2.894975
-1.277470 -0.355600
-1.104614 -2.943355
-1.396314 -0.525944
1.299641 2.121414
-0.391496 -1.389931
0.997830 2.412932
0.721891 -2.477232
-1.780317 -2.084482
0.056562 1.606566
1.485181 0.442581
-1.188879 -3.164634
-1.679775 -0.374559
0.551272 1.940388
0.766455 -0.472615
-0.547749 0.743958
-0.764752 -0.370200
0.233497 0.139433
-0.312273 -1.625606
-1.323755 -0.559734
0.287376 1.402086
-1.335155 -1.063588
1.340132 -1.438281
0.857770 2.111514
-1.122754 -1.510508
-0.964321 0.782066
-1.012372 -1.622760
-1.784198 -0.227208
1.410152 1.161829
1.119930 -0.553952
-0.635995 -2.205531
-0.294566 0.989668
0.355840 -0.274763
-0.187030 -1.142063
-0.574783 -3.514694
0.867034 1.110705
-0.672438 -0.309946
-0.006969 -0.483245
-0.285134 0.566682
0.341753 -1.539693
0.457250 -0.942760
-1.038644 0.281842
-0.894174 -1.679727
-0.771942 -2.478350
-2.034568 -3.298282
0.322963 -0.401590
0.357832 -1.524103
0.040497 1.308418
-1.516421 -2.498968
-1.556175 -3.160213
-1.227662 0.564831
-0.639414 1.016889
-0.761563 -1.271921
-1.061994 -3.366941
1.064909 1.994194
-0.332784 0.807574
0.191113 -0.074544
-1.157202 -3.621047
-0.167540 -0.026673
0.222662 0.249110
-1.171921 -2.746721
-0.583489 0.155539
-1.444140 -1.131880
-0.702482 -3.608166
-1.018166 0.523309
0.094488 -0.545106
-1.249853 -3.577405
0.530720 1.084757
-0.367084 -0.675546
0.792485 3.402938
-0.626735 -3.434659
0.336987 1.994759
-0.806729 -1.315508
-1.433529 -2.150659
-1.119338 -1.902158
-1.780630 -1.288469
-0.234709 -2.057088
-0.179678 0.724764
-1.500415 -2.841552
1.326526 1.706972
-1.510189 -3.529232
-1.264660 -0.936388
-0.882183 0.590943
1.071555 0.279529
0.154665 1.259518
0.589023 0.992917
-1.115286 -4.228447
-0.462463 -1.502173
1.060624 1.979921
-0.344503 -0.050801
-0.587979 -1.593688
-0.417033 -3.290119
1.590968 2.009665
0.654631 -1.378874
1.793268 3.357453
-0.744914 -2.458054
-0.145499 -2.606740
0.406677 1.982878
0.257116 -2.147312
-1.248691 -0.465667
1.420481 3.306024
-0.031107 -2.105033
-0.730883 -0.063969
-0.200284 1.160533
-0.239839 -1.677660
-0.859592 0.122078
-1.128284 0.914199
-1.587191 -1.221434
-1.383520 -1.409438
-0.788727 -0.918991
-1.682217 -2.147800
0.585602 -0.416973
-1.759308 -1.681932
-1.290566 -0.606363
0.659261 -1.276839
0.128449 1.685379
-1.661527 -3.437364
1.669402 2.447088
0.324410 -2.336723
0.530508 -1.962454
0.280650 0.737865
-0.098292 -1.952187
-0.945983 -1.199928
-1.062768 -3.589438
-1.605967 -0.505931
-0.518807 0.049587
0.149718 2.304602
0.816514 0.600614
0.406494 2.004376
-0.780009 0.659367
-1.504349 0.597121
0.636650 0.239118
-0.637236 -0.885320
-1.654275 -1.351989
0.747552 -0.527153
0.491878 -1.068802
-1.153135 -1.149946
0.187652 0.678026
0.921383 -1.438614
-1.347844 0.415122
-1.461333 -2.339895
-1.287255 -4.167447
-0.159880 1.373288
0.338209 1.277218
-0.884712 0.293429
-0.302316 -2.640041
0.506883 -0.418415
1.252333 1.785691
0.011373 -1.488317
-1.083842 -0.740972
1.829829 -0.147291
0.995646 -0.549819
-0.441507 -0.880880
-1.949483 -3.203836
-1.549999 -3.484614
-1.650518 -3.814364
-0.006445 1.790749
-0.654894 1.739778
1.088676 2.898898
-0.283472 -0.089477
0.050512 -0.282809
-1.489421 -1.182290
1.051513 -1.064312
-0.588131 -2.663615
0.171942 -1.049504
-2.000434 -1.311195
1.338096 0.879626
1.172228 0.845953
-0.508435 -2.233036
-1.029493 -3.312268
-0.297164 -3.628792
0.608748 0.596064
-1.492884 -1.154631
1.669965 1.120785
-1.485417 0.993531
-0.697589 -3.602561
-0.755318 0.114313
-1.317776 -1.086666
-0.736228 -0.521024
1.505660 0.159397
-1.557838 -2.534113
-0.202060 -0.745988
0.918738 0.828522
0.418146 1.473713
2.012445 2.984617
-0.673244 0.859487
0.610795 1.228637
-1.259790 -4.252942
-1.403804 0.738076
-0.481039 1.526949
-0.550180 0.836686
-1.357290 -1.071209
-0.993640 -1.084261
1.169928 2.399198
-1.704491 -3.990704
1.106173 2.732446
1.286037 0.756697
-1.471981 -1.458739
0.193454 0.020674
-0.242258 1.398303
-1.334677 -2.800317
-0.885313 0.438478
-1.480141 0.362934
-1.007107 -2.642648
0.331186 -0.866895
1.116645 -0.161656
-1.628412 1.147660
1.769410 1.509636
-0.261634 1.223701
-1.016072 -3.143512
1.158514 -0.795861
0.935102 2.320341
-0.008797 -2.214125
0.398135 1.006542
0.454221 2.646529
-0.074191 -2.400753
0.438949 -1.925243
1.352568 2.331785
-1.815704 -1.673266
-0.165136 1.195816
1.039838 0.009281
-0.928883 0.797626
1.353978 0.485400
-0.895014 -3.739760
-1.326742 -4.391603
-0.586547 -2.299911
0.018943 1.250887
0.620691 1.608257
-1.425333 -0.269095
-1.511233 -2.836224
1.052056 -0.915506
-0.679137 -3.244092
-0.917745 -0.944493
-1.168278 -0.221499
-0.711747 -2.280229
1.258032 1.391897
1.098033 0.003802
0.504683 -0.097932
-1.033776 -0.277808
0.934469 -1.266013
1.456901 -1.579037
1.591394 -0.711943
-0.302726 0.334379
-1.427631 -3.885885
-0.724717 -3.065329
-1.865838 0.315915
0.210195 -1.369316
0.497869 -1.895733
1.319259 2.815187
1.788678 1.649348
1.052164 1.236547
-0.856438 -1.124289
0.154161 -1.693783
1.189634 -0.597512
-0.923888 -3.121571
-1.138666 -2.383355
0.747395 1.057447
-0.839200 -0.732760
-1.792482 0.618244
0.995128 -0.831630
0.256690 -0.799558
-1.332888 -3.389343
1.397718 2.269979
0.249279 -2.420846
0.899471 -0.797183
0.898236 -0.286291
-0.506629 -3.348000
-0.484327 1.644070
0.105623 -0.325730
-1.048963 -2.288519
-0.215046 -2.571758
-1.460682 -2.637559
0.572530 0.063727
-0.026526 -1.024213
1.069973 2.908433
0.435928 1.036204
-1.825679 -1.836726
0.688131 1.010529
-0.192754 -0.353401
-0.498613 -3.289584
0.032102 -1.591875
-1.340680 1.128810
0.764133 -2.065470
0.308706 -1.109933
-1.794440 -0.865868
0.622779 0.657110
0.515564 0.723776
0.511407 2.067856
0.620038 -0.047084
-1.182895 -3.414687
1.249163 0.857361
-0.378244 0.714039
1.229661 -1.383846
0.131892 -1.757457
0.468166 2.411687
-0.181276 -1.413982
-0.733154 0.123106
1.070848 0.139610
1.555332 0.779837
-0.033204 -1.948179
-1.682964 -0.769250
0.438330 -0.140908
0.404399 -0.097915
-2.044065 0.450630
1.725910 0.512741
1.229217 2.395060
-1.759255 -3.149582
-2.037810 -1.618714
-1.078797 -3.230808
1.946713 0.097967
-0.735294 -2.391228
-1.815422 -3.038951
-1.013759 -1.882617
-0.686451 1.040360
-0.452251 -2.714896
-0.077329 -2.522319
-0.098317 1.465840
0.090919 -1.354063
-0.618989 0.154308
-1.192844 -0.071401
0.654799 -0.827196
-1.001927 1.239902
0.238639 0.252752
-1.068417 1.285259
0.019829 0.993469
-0.368399 0.567256
1.103591 1.537873
0.018842 1.343547
-0.736122 -1.120486
-1.291746 -1.409628
0.853984 0.084098
-1.674552 -1.024231
-0.735739 0.468119
-0.082926 -0.467678
0.184955 0.240994
0.284031 2.008326
0.280579 -1.892848
0.025201 1.943294
-1.548392 -2.565335
0.342393 -0.117655
-0.031779 -0.585897
-1.331476 0.026877
-0.871740 0.767244
1.058342 1.608401
-1.923150 -1.729223
-0.539950 0.517729
2.041497 2.562606
1.227237 2.200524
-0.532021 -2.611456
0.227569 1.843820
-0.309321 1.632586
-0.939765 2.486048
1.174167 0.191999
-0.840373 -1.283593
0.738556 0.832864
-0.896554 -1.320730
0.804673 0.667918
-1.283787 1.015192
1.735613 0.701497
0.399256 -0.139833
0.672563 -0.812341
-0.810177 0.142643
-1.353530 -0.759305
1.145939 2.235934
0.579774 1.086573
-0.932830 0.397549
-0.247291 -0.022622
0.615874 2.281474
1.346234 -0.981698
-0.750278 -1.187300
-1.360720 1.434557
0.910114 0.737534
1.083790 3.609633
-1.111071 -3.729377
-1.700381 -1.960214
-1.649520 -3.193491
-1.446312 0.020244
-0.081850 -0.060129
1.397853 1.462446
-0.814868 -2.911623
-0.727942 -2.526913
1.591093 0.132607
1.626454 2.405353
0.999506 0.694141
1.337486 2.631011
-0.163543 -1.342106
-1.072870 -1.954325
-0.656864 1.676220
0.780426 -1.292527
-0.891932 -2.203325
1.040744 1.228411
-2.073962 -2.735465
1.329862 2.479430
0.533004 1.524885
-0.723860 -0.891314
0.670866 0.640091
-1.779458 -3.178694
-1.406997 0.099035
0.930916 0.271433
-1.151980 0.820248
-0.622568 0.388130
0.825282 2.128372
0.739518 -0.486871
1.196777 0.183723
1.390257 2.648517
0.286960 2.609989
-1.718535 -2.314435
-0.266523 -3.261734
-0.665850 0.121921
-1.559230 -3.617439
-1.998137 -3.289623
-0.315993 -0.670053
-1.395077 -0.937448
-1.394732 -0.812964
-0.462072 -2.956334
1.164322 -0.449102
-0.141950 1.479895
0.755320 0.235375
0.883967 -0.421521
1.245056 3.061407
1.403883 1.433335
0.092385 0.085228
0.714771 2.165132
-1.357169 -0.813380
-0.550312 0.395190
-1.323028 -2.503910
-1.187262 -3.166764
-0.564392 0.058619
-1.360932 -1.805487
-1.224614 -3.753941
1.334768 0.661621
1.104894 0.635129
-0.258972 -0.456392
-0.544985 -2.787349
1.381762 0.833777
-1.099706 0.740725
0.851152 2.765558
-0.754045 -2.578959
-1.249157 0.065358
-0.104491 -0.277894
-1.369632 -4.038080
-1.392896 -1.199183
-0.506588 -1.421244
-1.157022 -0.834283
-0.900652 0.978140
0.829149 1.124581
0.405835 0.918051
-2.024890 -4.043497
0.576949 -1.653178
1.903507 2.584761
1.407612 2.526003
-1.443960 -1.833847
-1.215237 -2.951885
0.564616 1.258817
1.669289 -0.576182
2.167918 1.371109
-0.049498 -1.616690
-1.301842 -0.410667
-0.604609 -2.410576
-0.920744 -1.021395
1.418802 1.516437
0.172958 -1.861348
1.638699 1.414795
0.568666 0.530847
-0.201808 0.812150
-0.614149 1.687070
-0.178638 -2.511111
0.393803 -1.541082
-0.663597 -1.839313
0.238697 -0.640032
1.585195 2.726187
0.444996 0.372276
0.237316 -0.564997
-0.446024 0.222921
-0.915124 -1.519655
-1.773864 -1.288028
1.144057 -0.181065
-0.011702 -0.552042
1.511512 0.999548
-0.167833 1.326357
0.600181 -0.735088
-1.539260 -2.197758
-0.547099 -0.471585
0.577419 -1.200913
1.675276 1.282133
1.118913 -0.261275
-1.415251 -1.108027
0.989801 -1.263378
-0.539376 1.609274
-2.442556 -3.012702
-0.844535 0.632781
1.256511 1.298674
0.510527 0.104814
-0.760234 -2.920876
0.279152 -0.670807
1.406109 2.181977
-1.072867 -0.865666
0.439489 -1.080434
-0.984576 0.713997
-0.669545 -2.491251
0.319855 2.000065
0.443084 -1.369366
-0.672385 -0.050085
1.589705 2.106086
-1.604163 -3.537070
-1.597881 -2.167105
-1.435195 -3.036716
-1.360169 -4.260664
1.286214 0.919556
-0.894034 -1.754691
-0.799738 -2.077806
-0.492955 0.727870
0.766076 2.868599
-0.094564 -0.123098
0.868827 2.073153
0.022176 2.361387
-0.544393 -2.754120
0.486568 0.424482
0.905187 -0.195085
-0.539012 -1.234088
-1.490868 -2.798096
-1.059247 0.230860
0.799653 -0.740261
-1.526102 -4.139062
-0.034179 2.086686
-1.747660 -1.314261
0.826947 -0.495305
-0.139370 1.184370
0.045301 -1.692927
-1.580055 -2.876994
1.103363 -1.354741
-0.323084 -0.107415
0.891701 -0.518870
0.052178 -1.051585
-0.283752 -0.525375
0.859102 -1.401517
1.589331 2.056582
-1.381943 -0.625164
-1.369072 -4.285892
0.267938 -0.719224
-1.268823 -3.874010
0.994580 1.681139
-0.405234 -1.888539
0.269732 -1.596267
-0.996826 -2.311363
-1.559418 -1.051650
-1.559412 0.119975
-0.661954 0.746797
-1.018994 -2.292779
-0.380546 1.125344
-1.521637 -1.417917
-1.517797 0.526564
1.070285 2.733191
1.225707 2.420187
-1.798084 -3.707545
-1.181124 -2.897296
0.903274 0.283722
0.993512 2.414035
-1.266959 -2.762920
1.199634 1.705403
-0.633072 -0.908787
-0.232109 1.872084
1.340358 -0.375727
-0.728242 0.739497
-0.815827 1.465016
-1.326695 -3.219200
0.611173 -0.010674
-1.268376 -0.582145
0.015655 1.207224
-0.553969 -1.443954
0.468907 -1.559696
-1.988093 -0.677330
-0.234059 -0.093239
0.850410 1.137577
-0.235897 2.052593
0.159642 -0.228840
-1.062945 -1.891641
-0.801570 -1.998551
-1.772954 -2.687819
-0.494085 -1.615431
1.945560 2.132180
1.554261 1.290928
-0.663570 0.417737
-1.643394 -3.997814
-0.680552 0.326813
-0.920352 -1.214033
-1.461029 -1.819253
-1.552531 -1.838192
-0.266181 -2.043167
1.278975 -0.088538
-2.177241 -2.751240
-1.398862 1.078679
0.079107 -0.761923
1.063617 -0.049353
1.309512 0.478128
-1.138304 -3.893346
0.495484 -0.153405
1.499571 0.608505
-0.181667 -2.047716
-0.540470 -2.808584
1.378044 -0.075996
0.149878 2.589659
-1.616202 -2.808100
-0.009563 -2.789942
0.156982 -2.247677
-1.550430 -0.685682
2.022773 -1.351620
0.088173 1.457822
1.381935 -0.699805
0.899074 1.360217
-0.012449 0.478193
-1.323001 -1.014285
-0.441463 -0.772131
-0.489740 -0.975936
1.400717 -0.267093
0.935560 2.908637
-1.667754 -0.395433
-1.634752 -2.507887
-0.859625 -1.837754
-0.922032 -2.844528
0.459948 2.373264
0.779200 1.641660
-1.395938 -2.504251
1.431458 1.278405
-0.930384 -0.948132
-0.437520 -0.603880
-0.433635 1.923632
0.630661 0.398734
0.400306 -0.355097
0.151360 -1.859205
0.523848 -0.900640
0.392881 -1.796333
-0.331431 -2.594068
-1.702850 -1.109252
0.678325 -1.824242
-0.028562 1.329393
-0.224133 -3.001776
-1.549763 -2.767425
0.125636 -2.095970
0.903744 0.122835
0.561800 2.230990
0.877946 0.629534
1.887921 1.013330
-0.196193 -1.573953
1.864218 0.918348
0.953066 -0.569830
0.571411 1.203812
-1.634924 -3.620073
-1.844117 -2.677904
0.377105 -1.734902
-0.825701 -0.335393
-1.169289 -2.010890
1.534546 2.699854
0.913018 2.520632
-0.486225 -2.633423
-1.256603 -2.534366
0.440117 1.608557
-1.001176 1.418152
-1.193698 -1.415594
0.583647 1.438010
1.038633 -0.315009
-1.743856 -2.622387
-1.236415 -1.112882
0.264290 -0.637217
0.840154 0.102034
-1.357285 -4.592775
0.734354 0.375100
0.141605 1.640325
0.568082 2.070340
0.093382 -0.081101
0.698566 2.514449
-0.020006 0.898854
-0.087715 0.619683
0.678777 -1.424109
0.119258 -0.449424
-0.541269 -1.540459
-0.471090 -1.766824
-0.023632 -0.246945
0.193404 -0.570746
0.993596 2.112543
1.342174 1.864058
-1.211578 -3.760402
-0.802134 0.455268
-1.088332 -1.604454
0.956291 0.750808
-0.642802 -3.144625
-0.143676 1.833882
0.523710 -2.206352
-1.502885 -2.137778
1.177877 -0.998035
-1.334805 -3.694539
0.295638 -0.033664
1.004881 -0.192473
0.263971 -0.187700
-0.347804 -1.087242
-0.538880 0.869517
-1.279060 0.164013
-1.009104 -1.501323
0.989805 0.840763
-1.192965 -2.538371
0.784231 -1.518148
-2.133461 -2.383151
0.116402 -0.260991
-0.674272 -2.708552
0.714215 0.694996
1.448768 2.225185
-1.225854 -3.277510
0.161828 1.162842
0.996311 2.880738
-1.405233 -1.740029
-1.645471 -0.161997
0.370962 1.576279
-1.824347 -1.878468
0.612726 0.442650
-0.962956 1.247884
1.190716 2.528561
0.933116 0.454340
-1.282824 -0.283025
-1.689359 -1.865068
2.003533 3.307460
0.130363 -0.786575
0.201273 0.959601
-0.717363 0.427956
-0.483903 0.629137
-0.804657 -2.388901
1.680262 3.287892
0.380316 -0.659632
-1.002334 -0.006079
0.054266 1.131128
1.342012 -0.434757
-0.105203 -1.687386
-0.759979 -3.089952
-0.705962 1.201544
0.941765 -0.368141
-0.688358 -2.792101
-0.677548 0.359464
-0.078004 1.460325
-1.526131 -2.887372
0.466358 0.989617
0.113148 0.821185
0.042070 -1.548526
-1.134675 -3.191709
-0.503862 -0.171526
-2.247337 -1.698857
1.685624 1.304236
-1.319366 -2.801066
1.795166 0.887686
0.486741 1.836735
0.722967 1.821544
-0.186922 -2.034263
-0.692006 -2.798338
-1.525645 -3.585936
1.325675 0.242137
-1.116108 -2.955757
0.723306 -0.695507
1.593651 0.439964
1.232349 2.316736
-1.025184 0.093990
0.569661 0.559211
-1.288523 -0.475915
-0.318641 -2.159755
0.533297 0.244358
-1.027014 -0.077981
0.302815 2.431311
0.584581 -0.805321
0.271213 -2.131334
-0.020965 -2.358612
-0.824275 -1.315796
1.382958 1.627325
-0.051621 -0.932849
-0.887997 -0.054624
1.594398 3.216759
0.050098 -1.370417
-0.831524 -1.826533
-0.539216 0.146875
1.755697 2.566574
-1.329819 -1.667031
2.017087 1.597398
-0.515972 -1.931369
-0.509540 -0.792256
0.338021 1.269356
0.874548 2.050024
-0.053020 -2.617821
-0.196176 -1.161579
0.305893 1.854632
-1.680516 -0.981481
0.819329 2.131744
0.856271 0.974090
-1.389423 -2.611836
0.602623 -1.705673
-0.935261 1.218419
-1.536798 0.073649
-0.047672 1.068547
0.043970 0.513020
-1.384910 0.357959
0.100043 -1.719851
1.095642 0.306465
0.729153 -2.273786
-2.020142 -2.960103
-0.158678 1.740924
0.107968 -0.924187
-1.865695 -1.173917
-1.365411 0.038716
-0.925316 -0.956687
0.625400 -1.670934
1.126288 1.717670
-0.270280 0.784032
-0.973645 1.232449
-0.132830 1.600320
-0.508583 -0.395880
1.185474 -2.155171
0.909951 1.254667
-1.516480 -2.941326
-1.523383 -1.712651
-0.309560 -2.521310
1.498801 2.294234
-0.545206 1.183444
1.060265 -0.326201
-1.268573 -1.306053
1.091058 2.568875
1.669504 0.608199
0.748761 -1.281486
0.733931 0.400311
-0.274613 -1.473767
1.183430 -0.031374
1.685265 2.318813
0.881700 -0.818307
1.139278 -0.408316
0.321579 -2.019863
-1.794938 -0.957746
-0.247863 0.763612
-0.321720 0.614552
0.689805 0.125798
1.196769 -0.118739
0.922601 -1.026278
-0.899685 -2.424703
-0.301985 0.187977
0.435875 0.008322
-1.162715 -1.348455
0.926813 1.468680
0.455538 2.095186
1.340914 -0.263184
0.211471 -0.743406
-0.934071 1.197746
-0.250162 -0.442643
-0.107812 0.572688
1.184188 1.253817
-1.040559 -2.115619
0.173584 -1.542177
1.482432 -0.487459
0.500746 -1.798185
0.019380 0.779684
-1.557348 -1.356099
-1.417373 0.820346
-1.399501 -2.267073
-1.522811 -2.060176
-1.050444 -1.099522
-1.411845 -0.756248
0.130525 1.253224
1.474814 1.722393
-1.254013 -2.968122
1.776951 1.760180
-0.290227 -1.451490
0.054045 -1.335666
0.723647 0.792460
0.759324 2.644179
1.000185 0.455978
-1.365921 -4.981687
0.604585 2.330690
0.117293 1.388639
-0.100966 -1.821255
0.130540 1.559176
0.061949 -0.573403
-0.705069 -0.956905
-0.112879 1.365028
-1.274181 1.152769
1.032373 1.322224
-1.347456 0.041012
-0.828149 -2.444604
0.855605 -0.620728
0.475979 -2.255603
0.205442 -1.450297
-1.181133 -0.808838
0.923576 0.215943
0.545255 -1.532583
-0.013085 -2.595159
-1.311845 -1.935956
-1.075397 -1.852656
0.946185 0.432908
0.988982 -1.124960
1.225595 0.286159
0.240894 1.604448
-1.382052 -2.912667
0.924923 0.524704
-1.165004 -3.954662
-0.883818 -2.232266
1.195209 1.102633
-1.349102 -2.557788
-1.513801 -0.049026
-1.650027 1.393078
-0.883355 -3.080836
-1.431972 -3.915460
1.010873 1.336017
0.178798 -1.124020
-1.251520 -2.638787
-1.008695 -1.278558
0.495043 -1.663847
-0.072424 0.361733
-0.593696 -1.410011
-0.657235 -1.171797
-0.697882 -0.581428
1.282726 1.677011
1.400058 -0.601117
1.449846 0.964678
-1.168919 -0.868440
-0.986378 -4.119847
-1.469468 -1.354369
-0.181362 -2.461202
1.834845 2.576575
-1.219081 -0.454270
-1.032396 -2.291958
0.124866 -0.150442
-0.002443 -0.438250
1.328676 0.611589
-0.316531 0.341165
0.236674 0.669710
-1.898997 -2.234319
0.899092 2.155111
-0.924225 -4.331347
1.235207 2.532975
-0.092146 -0.421206
-0.640155 0.784551
-1.457461 -3.197145
0.984796 -0.118750
-0.405386 -0.963427
0.223527 -0.935608
1.609195 0.373002
0.187320 -1.578078
0.429399 -0.548430
0.128198 -1.838080
1.051054 1.789025
-1.196312 0.662544
-1.461695 -3.146839
1.714898 1.292197
-0.302822 1.603766
-0.834377 0.910145
0.488057 -0.636482
-1.289159 -1.168979
-0.737755 -2.006232
-0.812120 -2.524534
0.194670 0.424597
-1.582561 -0.135483
-1.631720 -3.193767
-0.873696 0.848652
-0.855476 -3.959346
-0.301377 -2.361544
-0.627493 0.688602
0.604905 1.608633
-1.436244 -1.628603
-1.546548 -1.596600
0.320786 0.775259
0.952016 -0.158706
-1.382956 0.081924
-1.244517 -1.676825
1.077589 1.008195
1.194473 2.250688
0.650246 1.531705
0.143583 0.376803
-1.122270 0.547378
-1.883858 -4.953425
-0.385516 1.724882
-1.151876 -1.221252
-1.071189 -2.479760
1.373117 0.814457
-1.178871 0.393247
-1.169707 -3.585611
1.481203 1.166100
-1.071716 -0.532669
0.779437 2.286110
1.084585 1.899638
-1.561690 -3.788438
0.909209 2.507771
-0.257147 0.087259
0.904489 0.090891
1.559032 -0.440796
1.039035 2.405463
1.255578 -1.519505
-0.144523 -0.643838
0.224302 1.664137
0.282071 -0.634673
-0.618083 -0.427410
0.129420 -1.725787
-1.920370 -2.031127
-1.454011 -0.333546
-1.544351 -1.244710
-0.855621 0.669912
0.042655 -0.116775
-0.148798 -0.301336
-0.677505 0.535823
0.235291 -0.739304
-0.612627 -1.852763
-1.184720 -2.800658
-0.507513 -2.088578
-0.166464 -0.391763
1.555481 0.436345
-0.885245 -1.726249
-0.134086 0.330255
-0.104736 0.247497
-1.141856 -1.768957
-1.569463 -3.557354
0.574916 -2.532490
-0.704227 -0.335399
0.910409 1.070733
1.446753 0.819064
0.738161 -0.081269
-2.130511 -2.105906
0.054164 -1.618946
-1.178674 -3.648067
-0.751682 -0.107680
-1.123819 -2.513441
0.813377 -0.394379
1.520951 1.595176
0.580214 -1.490597
1.633639 2.877396
-0.666526 -1.838036
1.283368 3.111033
-0.547283 -3.952063
-0.341664 -0.993359
0.474596 0.580078
1.227862 0.990871
-1.071302 1.765084
-0.770636 -1.022261
1.209934 1.289985
0.004845 1.033359
1.443842 3.291647
0.937122 2.227080
-0.401987 -2.739608
-1.719615 -3.652326
-0.286464 0.687801
-0.326199 -1.874261
0.315909 -0.949375
1.565147 1.375830
-1.966079 -2.875255
-1.164963 -3.448462
-1.013603 -1.376454
-0.980467 -3.401589
0.439146 1.189955
0.316188 1.840445
0.439896 0.660594
1.174553 0.750766
-1.494582 -1.458218
1.132477 0.725432
1.043398 -0.433135
0.679437 2.366399
0.364633 1.887570
-0.983493 -4.183187
1.101166 2.412541
0.357490 -2.250126
1.322087 0.539246
-0.043902 -1.239903
0.069481 0.259852
-0.877555 -0.682798
-0.152833 0.664870
0.966907 3.296927
-1.531837 -3.083143
-0.402995 -1.097700
-0.353783 1.397636
0.314247 0.609996
-0.230327 -2.852078
0.292081 -0.917892
-0.794611 -0.529823
-1.517354 -2.118066
-0.724136 -3.911759
-0.771349 -1.929651
-1.186792 -0.536049
0.142392 1.212073
0.709276 1.967124
0.054027 1.952419
0.962862 2.666664
-1.478922 -4.276723
-1.055709 -2.971198
-0.189391 1.807270
0.605916 1.476978
0.543579 1.887839
-1.355585 -3.836901
1.129497 2.805246
-0.997303 -3.110529
0.301250 0.813014
0.557637 -1.670179
1.334076 1.346100
0.501630 -1.835089
-1.436638 -2.014851
-0.971152 -3.763914
-1.144906 -1.128690
-1.647985 -2.552357
0.101602 -1.247608
-0.637084 -0.384479
-1.375394 -3.129971
1.119357 1.290181
-0.348053 -0.638311
1.120057 3.350403
1.462378 1.613117
-0.343496 -1.407791
-1.223537 -0.970202
-0.191014 0.903128
1.238097 2.073724
-0.279286 -0.429076
0.455597 -0.201902
-0.414605 -0.686792
-1.568820 -3.880568
-1.450610 -3.453427
-0.663932 -0.905849
0.582514 1.498533
1.048187 0.059786
0.508211 -0.765356
-0.865918 -0.007421
-0.153549 -2.805627
-0.421135 -3.050947
0.651480 0.317626
-1.415314 -2.537715
-1.196714 -0.263477
-0.663362 1.438832
0.517782 0.405690
1.188242 1.246147
-0.134018 -0.805328
1.559866 0.568366
-1.426761 -4.085566
1.486263 -0.233321
-1.826844 -2.399680
-1.182153 -0.713366
0.902032 1.223048
-1.830635 -1.126785
-0.269727 -2.484475
0.539388 1.115054
-1.472425 -1.160745
-1.164854 -3.167755
0.424357 -0.469128
-0.247964 -0.130402
1.331768 2.242698
-1.231353 -3.099726
-0.705062 -0.706139
0.366451 -0.117187
-0.310454 0.639048
0.479768 -1.070346
0.134914 -1.491010
0.915831 -0.776402
1.188760 0.787982
-0.887120 -2.684349
0.002160 1.753470
0.537589 2.525039
-1.465884 -3.983218
1.080372 2.378151
0.318728 0.654489
0.687605 -0.998672
1.170298 2.146031
-1.969055 -3.137211
0.342349 1.709216
0.181554 -2.082788
0.291051 1.803011
-0.117451 1.345486
-1.037429 -2.718312
-0.521621 -2.911628
-0.415867 -2.790468
-1.058737 -1.788600
1.360398 3.014096
-0.866503 -0.110311
-0.267579 0.109995
-0.342896 -1.795074
-0.342927 -0.340850
0.195494 -2.032154
-0.142149 -0.867398
-1.564122 -3.096023
0.328214 -0.850281
-1.571155 -1.266579
-0.052733 -2.595206
-0.983317 -0.305257
-1.403889 0.699419
0.718119 2.309786
-0.861849 0.831127
-0.565596 -2.514556
-1.569227 -2.178842
1.030712 1.055454
-0.180223 -2.605962
-0.883987 -1.088410
-1.429679 -2.252340
-0.697709 1.119425
0.560814 2.250604
-1.458603 -2.218281
-0.014646 1.243936
0.893546 0.853669
0.475556 -1.652120
-0.209929 0.584567
0.984355 -1.209519
0.741568 -1.338107
2.337828 1.919041
-1.182704 -3.661854
-0.711077 0.046186
0.229722 -1.312019
-1.979255 -2.918395
-1.227892 -3.042909
-0.276607 -2.797613
0.192693 -1.193263
-0.388523 -2.709797
-1.417150 0.706697
0.655071 -1.397679
0.729904 0.051479
-0.068788 -0.327791
0.649728 0.318943
1.143064 2.377868
0.924289 -1.097982
-1.129276 -3.274173
0.950589 -0.536861
1.051276 1.743379
-0.477464 -2.296688
0.159640 0.819969
0.859679 0.353051
0.199190 -1.517337
-1.196826 1.228315
-0.145272 1.949973
1.110683 0.867653
-0.651096 -3.111672
1.634064 1.780868
0.318535 -1.843805
-1.626665 -0.741607
-0.574929 1.115776
0.433671 2.703895
-0.618440 -0.861096
1.006350 1.121398
1.192135 2.116224
1.382018 0.630550
1.404193 2.375285
0.556062 1.916449
-1.230546 -3.027574
1.172643 -0.183826
1.694726 1.792509
-1.039806 -0.066342
-1.762064 -1.230870
-1.074368 -1.860331
-1.762048 -1.012069
0.399216 -1.868949
1.867447 1.354727
1.158154 1.456396
0.419340 -1.029741
0.508174 -0.411487
-0.237341 -2.279254
0.128198 -0.496583
-1.818891 -4.542719
-0.230818 -1.949923
-0.138921 0.618690
1.448591 1.892329
0.138414 1.057262
-0.497843 0.674264
1.413289 -0.894721
0.623365 0.642141
-0.533458 -2.269009
-1.157520 1.782528
0.477017 0.975616
-1.293550 -1.522113
-1.681986 0.511392
0.053172 0.923014
0.070259 0.657940
0.899885 0.441368
-2.244497 -2.108036
1.473336 0.474946
0.987224 0.553390
-0.450326 -1.987140
0.449047 -1.261260
0.590360 1.664822
-1.602652 -4.152579
1.748813 1.837323
-0.535837 -1.277446
-1.609230 -1.652913
-0.631565 0.191164
-0.135854 0.405553
-1.161871 -3.048744
-1.661855 -3.427165
1.268662 0.030968
1.096997 -0.620014
0.810213 -0.154474
1.021542 -1.327928
0.343565 2.340260
-1.331355 -3.484776
-1.184108 -0.013630
-1.452973 -0.526190
-0.022315 0.143773
0.801329 1.876291
-0.206440 -0.666137
-1.169679 -1.533903
0.758042 -1.053825
1.040959 1.455261
0.643517 1.711253
-1.364205 -2.243616
0.082507 0.768288
-0.467679 0.153341
0.973505 -0.776034
-0.115423 -1.224667
-0.839238 -0.979770
-1.752269 -1.698566
0.635908 -0.212327
-1.047528 -1.628385
0.654566 2.774043
0.603426 0.024600
-0.253866 1.701039
0.751177 1.489153
0.871597 -1.462191
0.940353 -0.900545
-1.448339 0.247778
0.049661 0.768762
-0.500819 -0.328473
-1.415175 -1.921263
-1.179372 -2.104772
1.341201 4.883648
-1.329113 -4.443419
-0.835223 -2.043212
1.109768 1.902463
1.385904 2.016193
1.301278 -0.233384
-2.157243 -3.536730
1.238264 2.239714
0.954642 -0.478423
-1.110886 0.106171
0.328665 -2.487679
0.058085 1.073941
-1.050740 -0.282824
-1.846500 0.724943
2.404794 1.166762
-0.303483 -0.877885
-1.471806 -3.309786
1.075865 3.249791
-0.519542 0.048992
0.804960 1.082918
-0.558450 -0.309488
0.088933 0.437545
-1.153877 -0.027667
0.067844 -0.629521
-0.938167 -2.437902
0.205335 -1.703185
-1.052572 0.320355
-0.527288 1.270510
-0.089439 -0.859296
0.033239 0.997954
-0.187535 2.005129
-0.526320 0.721938
-0.775079 0.101142
-0.637086 1.741905
-1.092234 -1.486972
-0.668277 -3.393452
-0.643299 -3.211205
-1.365448 -2.171843
0.422653 -1.119738
-0.691379 -1.051731
-1.314541 -2.934743
-0.191598 1.864192
-0.959218 -2.027745
-1.091267 -3.705935
-0.116740 1.119208
1.297482 0.094975
0.034373 -0.727821
-1.222067 -2.756030
-0.716580 -0.590097
-0.449495 -1.367385
1.293978 1.968343
0.982269 -0.052308
-0.235413 -0.123498
0.995105 0.791881
0.014946 0.931913
0.713066 0.399292
-0.642484 0.352639
0.984345 1.068279
0.201739 -0.926583
-0.420092 0.456919
0.031379 -1.080576
-1.339864 -3.753754
-2.436054 -2.235858
-1.313748 -3.217872
-0.040566 -1.811361
-0.542792 -1.233279
-0.299132 -3.183570
0.814874 0.511747
0.831372 1.320736
1.116396 1.785392
-1.125268 -3.320433
-1.002815 0.377647
0.511364 0.698181
-1.430629 -0.598706
1.563367 2.207064
0.310222 -1.201483
1.050629 -0.388416
-0.344822 1.543925
-1.608708 -2.454339
0.378991 1.635183
0.730697 0.539721
-0.267655 -0.727851
1.372959 2.661834
0.157566 -0.463732
1.035568 -0.713452
0.547986 -0.661495
-0.058534 1.157950
-1.164844 -1.752388
-1.462842 -2.394982
-0.182929 2.087205
0.880404 1.994534
1.384936 0.649510
-0.423906 0.332758
0.387401 1.836944
1.170040 1.543370
0.997310 0.093810
-0.082884 1.483124
0.857959 -1.248515
-1.286785 0.094608
0.019961 -0.950286
-0.781314 0.834892
-1.402550 -1.992766
0.947139 -0.952315
0.400963 1.026199
0.699832 -2.450590
1.098253 2.393291
1.405733 2.756713
-0.247567 0.004148
-0.250719 -1.603042
1.331860 0.285508
-1.846488 -2.672304
-1.224337 -2.400431
-1.514018 -2.214943
1.836103 2.560970
1.124986 -0.428182
1.805361 -0.317775
-0.915479 -1.428668
-1.145100 -0.513723
1.203958 1.000009
-0.734075 1.724323
-1.137177 -4.591619
-0.522325 -0.767355
-1.362981 -1.117139
-1.433038 -2.342034
0.037459 2.241697
1.253754 0.087978
-0.184177 -0.123536
-0.620348 -2.614043
0.926322 1.873991
0.749880 0.027803
-1.952025 -2.753423
-1.644483 -2.925139
-0.505997 -4.698502
0.973554 0.948730
0.518441 2.204204
1.291198 2.537058
-0.278455 0.879714
-0.987864 0.105234
-0.713544 -2.670840
1.171152 0.009226
-1.203009 -1.225258
-2.029364 -2.715029
-0.661336 -2.403844
-0.204863 -1.186111
-0.662552 0.029208
1.194073 -0.296999
-2.424135 -3.476097
0.632649 -1.353389
-1.328977 -4.064877
-1.046640 -2.048922
-1.268240 -4.282334
-0.745727 -3.095022
-1.018170 -2.047271
0.585373 -0.082791
1.691456 1.308938
0.311173 -1.512099
0.855822 -1.085487
-1.292996 -1.067105
-0.453913 0.518286
-1.957683 0.086736
-1.152608 -0.500904
1.180943 0.990454
-1.190086 -3.584894
-1.305565 0.544536
0.470215 -2.206247
0.619434 -1.426343
1.856623 1.741270
-0.931169 0.952218
0.514260 -1.057488
-1.298368 1.006589
0.126495 1.849809
-0.863968 -1.651562
0.780674 1.162778
-1.360592 -1.172581
-0.467459 -2.238756
1.031327 0.439402
0.584436 1.488160
-1.481555 -1.158757
0.435078 0.986159
0.804773 -0.491294
0.618629 1.562621
-1.743808 -1.085641
-0.179587 -1.502974
-1.619898 0.524009
0.979131 -0.142021
0.954968 1.846997
1.379448 -0.404765
-0.925966 -0.801909
-0.455329 -2.999666
1.554284 1.052793
1.043873 0.955712
-0.770993 -0.788737
-1.049927 -3.788943
0.928833 1.044061
0.751301 2.930456
-0.093621 -2.616949
-0.919632 -1.590225
-0.339890 0.321991
-0.692310 0.718948
-1.314559 -0.459493
-1.462950 -3.494889
1.195358 1.850769
-1.771139 -2.455717
0.395883 -0.710631
0.197727 1.520999
1.350489 3.163522
-0.748578 0.405652
-1.121047 -1.178594
-0.418457 -2.200741
-1.603596 -0.265191
-0.876745 -1.043123
1.703554 2.376435
1.087437 -1.199919
1.249797 1.879190
0.684842 2.708617
1.588284 3.350512
0.631800 -1.237769
-0.236603 -1.299921
-0.235099 1.268125
0.121514 1.803198
0.269067 -1.999606
-1.328176 -2.295213
-1.804581 -2.137288
0.038213 -1.006772
0.398926 -2.089483
0.402338 1.145272
0.294043 0.940711
0.912277 1.519966
-0.689545 -1.842124
1.421719 1.011964
-0.712209 1.867472
0.644473 -1.724255
-1.239948 -0.588010
-0.188074 0.928311
0.075254 0.142997
-1.686837 -0.774604
1.362485 0.419303
-0.601324 0.686203
-1.171416 -2.343989
1.161119 -0.554679
2.217482 2.819988
-1.486183 -3.280515
1.268813 0.644145
0.241472 2.134683
0.951881 1.734929
0.589893 -1.736313
0.061814 -0.407474
1.712909 1.125306
1.596017 2.004925
-1.669654 -2.496078
0.902562 0.857641
-1.416311 -2.770309
-1.547118 -2.657574
-1.416797 -2.990846
-1.346399 0.225113
-0.169651 1.153374
-0.350860 1.866755
-0.998915 -1.279479
-1.254628 -3.330644
0.475848 -0.809124
-0.841235 -2.548931
1.397037 2.730579
-0.463595 1.450574
0.898133 1.795426
-0.095171 -2.547517
0.323720 2.573982
0.595458 1.523198
-1.617310 -4.121218
0.726617 2.086281
0.902716 0.557563
0.804319 1.668787
-1.626038 -3.981833
-0.105381 0.546552
-0.679627 -2.438729
-1.052049 -1.643738
1.570856 2.622019
-0.997203 0.709101
0.615306 0.133066
-1.057350 -2.615624
0.671392 2.205582
-1.160450 -0.681676
-0.656038 0.454707
-0.067079 -0.569230
0.323015 1.422786
-1.746246 -5.564460
-1.440539 -3.479500
-0.922089 0.487543
1.326135 0.046729
-1.697947 -3.098336
1.234419 0.564620
-1.047832 0.529706
0.408225 -0.373402
0.277120 -0.996670
0.841646 2.248776
0.232127 -0.941262
0.640883 -0.912309
0.260740 -0.068168
0.626285 0.679482
0.480322 -1.860353
0.994730 -0.081269
1.350331 0.567075
-1.891024 -2.525399
1.601720 2.192899
-0.245251 1.863164
-0.984100 0.061114
-0.841309 -2.900127
1.741958 2.468856
0.904235 0.779791
-0.818658 -2.371269
-1.603233 -1.073964
0.378559 -0.910066
-0.145416 -2.103506
0.080572 0.985484
0.691531 -0.429541
1.697691 1.976594
1.094187 2.233711
1.038682 -0.620573
-0.586218 0.950518
-0.879643 0.920500
-0.892081 -0.166805
-1.340851 -0.063664
-0.628342 -0.668963
-0.151641 -0.736091
-1.428590 2.464628
-0.285683 -0.795650
-1.064533 -0.611928
-0.307871 -0.159569
0.087591 -1.370183
-0.358146 -0.789511
1.596462 -0.956984
0.041370 -0.934198
-1.120281 -1.544799
0.796379 0.058424
-0.812460 -1.218576
1.906386 1.295168
0.438215 -2.259156
0.874040 2.870493
0.112941 -1.313966
0.538499 1.669922
1.050416 2.201396
-1.321814 0.292857
0.991010 -0.113546
-0.496402 -2.844934
0.336297 0.919086
0.456039 1.409919
-1.456973 -1.466188
0.943333 -0.328845
1.712921 1.950493
-0.488752 -2.431735
-1.181399 -1.925009
1.533988 0.609028
-0.214975 0.083846
1.004443 -0.174617
-1.513392 -3.349565
-1.038202 -2.510105
0.104169 -0.384976
0.068926 0.262305
-1.141550 0.525338
0.582555 -0.766934
-0.374963 1.458455
-0.107416 -1.720598
1.992929 1.068339
-1.775847 -1.281783
-1.330997 -0.691250
0.945771 1.129288
-0.269473 -1.180191
-1.006081 1.468727
0.377942 1.322069
0.019378 1.399571
1.348682 -0.972043
0.125722 1.958108
0.335488 2.422232
1.115561 -0.528631
0.195479 -0.354837
-0.056156 1.245569
1.477041 1.923880
0.337231 -1.874583
0.484148 -0.409866
-0.657615 -1.691125
-0.802058 0.389570
1.118793 0.122321
-1.026900 0.726286
-0.150813 -1.187991
-1.073996 0.956948
-1.655118 -2.470915
-1.335923 -1.406704
1.544456 3.207455
-0.429939 -2.436401
-0.435380 -2.047760
-1.851414 -1.106900
0.768940 -1.090362
-0.618152 -0.356845
-0.147917 -0.895243
-0.122286 0.753940
0.876418 -0.000267
-1.452595 -0.053400
0.407961 -0.879396
0.093015 -1.113578
-1.759527 -3.863473
-1.614408 -0.585845
-1.247349 -1.062066
-1.375221 1.437409
-0.303708 -0.130837
-0.816516 -1.380424
1.090566 2.292768
-0.896611 -0.482085
-0.365818 0.398034
0.555559 1.174964
-1.032278 -0.641589
1.642610 3.950284
-1.229099 1.543741
-1.397819 -0.060469
1.033516 0.481212
0.427788 -0.150058
-1.576529 -1.618761
-1.499320 -1.213358
0.568043 0.128244
-1.476727 -0.843810
0.430215 -0.941429
-1.423231 0.735491
-1.742748 -2.518348
0.833695 1.829318
-0.540715 -1.815729
-1.680678 -1.267811
-1.311584 -0.465053
0.230162 -1.823715
-1.502595 0.677282
0.251972 0.663828
0.817193 1.286568
0.837781 0.392063
-0.273225 -3.193852
-1.666139 -0.826335
-0.296403 0.456607
0.925584 0.813927
-1.949022 -3.460464
-1.417753 -2.887603
-0.440260 -0.339470
-0.296521 -2.262136
1.170608 2.733544
-1.159896 -0.280411
-1.519130 -2.254416
1.605206 2.238914
-0.223580 0.233747
0.536493 -1.365148
-0.989811 -0.088495
-1.204819 -0.495314
-0.010122 -0.455443
-0.596422 -0.188719
-1.132229 -3.096086
0.590275 -0.133873
-2.138745 -3.212734
-1.240099 -1.136354
1.030633 -0.532367
-0.225357 -1.612705
0.969502 -0.535783
0.441956 -0.177874
-1.480440 -1.492197
-1.618305 -1.380322
0.297517 -1.065209
-0.511463 -0.555599
0.282586 -1.589122
-1.130451 -0.513849
1.924766 2.932840
-1.498694 -2.698653
0.828555 -0.255544
-0.368770 0.889055
-0.848380 1.235134
-0.413421 2.355390
0.218837 1.393444
-1.021236 1.057094
0.128656 0.592105
0.605262 -0.687230
0.613075 -1.075880
-0.941719 -3.598336
1.072677 3.783532
0.367669 -0.798637
-0.868217 0.247437
0.172773 1.861617
-1.068495 -2.579326
-0.923831 -0.396672
0.390838 -1.292175
-2.042442 -2.010103
-0.721964 0.364225
-1.078224 -1.521457
-1.249105 -0.908918
-0.308631 -0.076906
0.189600 -2.166526
1.082297 0.099531
-0.359563 1.707906
1.314332 2.195420
0.726933 1.971036
-0.800361 1.669531
-0.107338 -2.689029
-1.833656 -0.975924
1.910665 0.629094
-0.576361 -0.091069
0.149565 0.343110
1.448542 -0.270832
-0.994866 -3.151152
1.107242 1.936501
-1.691018 -0.618713
0.891187 -0.207575
-0.693543 -2.853801
-1.832049 -3.094722
1.026437 1.393109
-1.451957 -3.556128
1.383704 2.945051
0.380166 0.553614
-1.625557 -1.677573
1.543495 0.094091
0.846884 -1.567484
1.147836 -1.088783
-0.183232 -0.140157
0.415217 1.287261
-0.459431 -2.234063
0.563473 0.065855
1.203853 3.426281
0.846677 0.296938
0.929825 2.060755
1.995953 2.817268
1.067588 -0.569137
-0.438642 -0.864254
-1.244013 0.556812
-1.260090 0.418530
-1.048526 0.352672
0.733624 0.762858
-0.294114 0.622357
-0.462820 1.509733
0.961058 -2.255010
-0.032407 0.400524
-1.641954 -1.730894
-1.815874 -2.402502
-1.794631 -1.243755
-1.581493 -2.592168
-0.247368 1.940361
-1.900705 -3.441305
1.044695 0.065718
-1.388568 -0.924159
-0.574320 -2.201034
-1.642421 -1.376704
-0.211654 1.836857
-1.454920 -4.118859
-0.840018 -1.984147
1.311415 -0.523688
0.590881 0.783955
0.789085 1.306324
-1.878333 -2.869022
-0.555287 -0.087627
-1.356593 -3.735315
-0.145717 1.709857
1.660341 1.400061
0.558821 -0.861882
-1.049399 -1.055259
-1.301458 -4.835819
-0.298306 -2.052843
-0.762302 0.271446
0.286075 1.896091
0.916807 2.428118
-1.338980 -3.658386
-0.927390 -0.588417
-0.286769 1.625507
-0.489737 -0.697151
-0.608429 -3.500420
-1.027656 0.376661
-0.824103 0.633631
-0.400442 0.414785
-0.459555 -2.361031
-2.050776 -3.968664
-1.383636 -1.146251
1.217924 1.801166
0.735034 1.020658
-0.664564 -0.611487
0.856701 -1.767123
-0.358476 2.021679
0.481500 -0.401787
-1.117250 1.209219
1.253314 -1.029336
1.503079 3.933798
1.852527 0.585490
-1.067532 -4.646641
0.569037 -0.141853
-1.260335 -2.780038
-1.297587 0.901603
-0.578559 1.545827
1.259632 4.287247
-1.070076 1.583490
1.174365 1.849839
-1.408607 -2.944022
-0.453045 -3.083175
-0.814131 -0.346004
0.473594 -1.406584
0.042868 1.161592
0.600844 -1.971004
-1.564411 0.639036
-0.799566 1.116414
0.851364 1.560071
1.498304 2.836948
-1.264296 0.071687
-1.201291 0.229305
-1.862836 -0.705685
-1.069640 -3.087406
0.801923 2.191457
0.332821 1.161739
1.416248 1.228433
-1.412240 -1.385683
-0.319336 -2.256176
-0.806741 -1.834088
-0.743940 -3.179884
-1.908348 -0.571887
1.012850 -1.213618
0.906212 1.633463
-0.839700 -2.641383
0.069094 0.665085
0.563859 2.724755
2.136239 2.138898
1.452645 1.792258
-0.442638 1.606475
0.486356 2.070641
-2.072409 -5.381578
-0.515321 -3.046872
0.158015 -1.956046
0.091634 -2.157548
0.627228 2.511938
-0.413338 0.583679
0.709056 2.211535
0.524403 -1.751928
1.484885 0.999865
-1.930924 -0.855603
-0.521638 1.924848
1.245765 2.434804
1.512157 0.517814
-1.732906 -3.919826
-1.143551 -0.432875
0.004192 0.921047
-1.371382 -0.848190
-0.960758 -0.072342
-1.738339 -2.742069
-1.023890 -0.283340
-0.498496 -1.667690
-0.496374 -1.956262
1.432093 -1.053997
0.860910 -0.543668
-0.324237 0.723633
1.054597 -0.543328
-0.238777 1.596396
-1.229137 -0.378777
0.381363 2.315355
0.626293 -1.349269
-1.683840 -2.690514
-0.936908 -0.802428
1.062580 1.735665
1.263564 2.003687
-0.434086 -1.417082
0.900953 1.029044
0.234050 1.705831
-1.274470 0.943309
0.167563 -1.477767
1.542857 0.386601
-0.974199 -3.016653
-1.519301 0.231751
-0.192954 1.363021
-1.074201 -2.055130
1.197188 0.263390
-0.979221 -3.767609
0.739380 0.227698
0.417094 0.079288
-0.391526 -0.395743
0.626110 -0.155756
-0.157753 -0.332940
0.409667 1.572018
-0.083316 -1.705281
-1.163855 -2.743120
0.660857 -0.122019
1.459405 2.601750
-0.146474 0.516194
-1.943964 -2.235857
-0.972906 -2.608767
0.054960 1.052845
-1.427975 -0.956673
-0.418850 -1.867738
-1.282569 0.913148
-0.881520 -1.285884
0.390096 -1.688930
-0.910304 1.984026
-1.266321 1.259775
-0.441250 1.757979
1.523907 0.661929
0.594905 2.652284
1.036308 0.207899
0.110202 1.890820
-1.106380 1.347150
-0.570288 -2.722240
-1.233055 -0.417795
0.933477 0.314932
-1.571774 -1.468779
-0.924212 -3.176420
-1.311727 0.527466
-1.042284 -2.791130
-1.233660 0.003201
0.026724 0.894603
-0.276917 1.327297
-0.053206 -0.655501
-0.743593 -2.903218
-0.910481 -0.163550
0.044064 1.650880
0.166811 1.646482
-0.024096 -0.409852
-1.254325 -3.041615
0.914476 -1.652088
-1.150852 -0.695328
-1.466041 -2.576375
-0.669484 0.515597
-1.825626 -0.724403
0.493016 2.755852
-1.160798 -3.058192
-0.343175 -1.382454
-1.160637 -2.344148
-0.007177 -1.946107
1.587504 0.618702
-0.502950 -0.230623
-0.438268 0.651035
-0.347003 0.158658
-2.030226 1.224439
-1.653675 -1.470829
-1.512861 -3.368985
-1.254645 -0.637978
0.925745 2.814194
-0.730999 -0.547759
-2.091777 -3.555077
-2.234153 0.549590
0.853476 -0.836562
1.320646 2.296952
0.271373 -0.686794
-0.443769 1.313340
-1.626391 -3.538177
1.600850 2.090824
0.148233 2.882254
-1.042931 -4.415759
0.711909 -2.112428
-1.216106 0.217465
0.493866 -0.716462
-0.293723 0.082865
1.037941 0.721334
-0.033992 1.914664
-1.174253 0.927361
-1.522983 -3.637305
-2.116165 -0.813743
0.966293 1.486621
0.620411 2.058659
0.038240 1.679833
-0.118650 -0.798137
-1.292245 -3.661173
-1.387994 -1.908110
1.718896 -0.187217
0.925248 -1.262010
-0.392561 0.403263
-0.640787 -3.128261
2.267791 1.738055
-0.191919 -1.075870
-0.932337 -1.482929
-1.699972 -0.697483
0.571625 -0.659604
0.233521 0.424741
1.029041 -0.793258
0.323602 1.348129
0.289716 -0.800237
-1.159799 -0.034752
0.591788 1.224281
-1.216266 -3.253209
-1.481725 0.780852
-0.479758 1.329130
-0.098475 -1.264441
0.626700 0.742279
1.286825 0.406564
1.100979 3.733744
-0.407262 -1.865358
1.248428 1.185251
0.457745 0.474317
-1.310020 -2.678191
-0.522320 -2.882958
0.268828 -1.508772
0.460272 1.736386
1.145690 1.670188
-0.677368 0.540238
0.551607 1.064925
-0.524428 0.603543
-1.668338 -2.895129
-1.277210 -1.854925
-1.121811 -3.000863
-1.018657 -1.310682
0.045224 0.779681
-1.430005 -1.793570
-0.147283 -1.893382
-0.892578 -1.068202
-1.941198 -0.057563
-0.908500 0.867176
-1.285282 -2.103740
0.106902 -0.971075
-0.145902 2.293110
1.213926 0.825450
-0.858190 -1.444649
-1.398264 -2.347745
0.599148 -0.242800
0.201852 -1.581027
-1.706474 -3.789195
-0.834639 -3.523587
1.714633 2.133787
0.157775 0.960876
-0.995918 -0.026488
-1.677554 -2.921806
0.039245 1.356476
0.113618 1.658591
1.442751 -0.712144
-0.436319 -0.057836
1.432704 -0.743156
-1.039292 1.143011
-1.162072 -3.227117
-0.728201 -1.046826
0.621888 0.248476
1.567507 0.218143
-0.261425 1.135324
0.777559 1.761610
0.696546 0.478729
0.196621 2.381441
-0.885780 -2.914125
-0.257104 1.364829
1.256244 0.740348
0.395349 0.780058
0.264026 2.060963
1.705537 -0.952359
0.392656 -1.586133
-0.812885 -2.109645
-1.185741 -1.731860
-1.195396 0.059669
0.981416 1.160079
1.914130 2.506149
-0.143401 -0.544149
1.136547 -0.722492
0.097241 0.633549
1.451277 0.740663
-0.672294 -2.833871
-0.208825 -1.548064
0.864843 -2.282614
0.572273 0.799874
-0.018844 1.293511
-0.875964 -2.900555
-1.450639 -2.183702
0.401550 -1.849393
1.341602 1.853320
0.175197 -1.847346
-1.051791 1.488287
-0.404626 -2.928154
0.452163 -1.379488
-0.245317 -0.818815
1.584356 1.760467
-1.357066 -2.678916
-1.781934 -1.948478
0.357504 1.043969
-0.969567 -0.510679
0.542663 -0.719318
0.977858 0.321784
-1.388564 -1.091316
-0.136049 1.133374
0.044656 -1.391874
-1.144945 -2.915108
-1.137145 -2.796268
2.102497 3.698404
-1.449034 0.212682
-0.469534 1.802136
-0.117247 1.087517
-0.687143 -2.305689
0.932503 2.814830
1.011363 2.553844
-1.818388 -1.065465
-1.184004 -4.506840
0.618702 -0.792752
-0.280801 -3.035481
1.485659 2.476431
1.689692 0.874132
1.145411 1.283697
-1.481623 -3.679489
0.255504 -2.632329
-0.437809 -0.691692
-0.245583 -0.412735
0.969072 -0.391515
-0.238095 -0.161637
-1.859019 -1.515570
0.372087 0.070355
-0.543008 -0.198607
1.253199 -0.396699
-0.452506 -2.769924
-0.205314 -1.049351
-1.306438 -3.118811
1.272954 2.539086
1.135565 2.600333
-0.647449 -0.712731
-1.058056 -3.894064
-0.029173 0.977551
0.152306 0.863615
0.819062 2.042158
-0.126044 0.969323
-0.837461 -0.681309
-1.668867 -4.398466
-0.954306 -1.757263
1.112411 0.183638
-0.322504 -2.875032
0.807908 0.427766
1.601000 -0.234917
0.509139 -1.462499
-0.856051 -1.995482
1.384276 0.648086
-1.721380 -0.867780
-1.945615 -4.864580
0.703596 1.673908
-0.093164 0.453630
-1.895701 -4.111794
1.250858 2.351275
0.776346 3.717910
-1.937449 -3.576453
-1.259802 0.517787
1.155888 2.088940
0.263969 -0.739129
-1.656164 0.899840
0.629732 1.077123
-1.837378 -0.641686
0.107257 -0.320329
-0.771499 0.453280
0.017779 -0.116269
0.321550 0.625280
-0.748188 0.689884
0.888272 0.995949
-1.214880 -3.474938
0.490160 -0.745666
1.181181 -1.240523
-0.348277 -1.317277
-0.372780 -1.032481
-1.191760 0.432042
0.071512 -2.148075
1.480429 -0.985014
0.185794 -1.541443
0.345665 1.696525
-1.346809 0.832823
1.125132 2.540632
-1.936506 -2.305158
-0.285852 -0.216094
-0.672362 -2.374681
-0.984901 -3.160915
1.077407 -0.369794
1.523507 0.381663
-0.441297 -2.391964
-0.597009 -0.105689
-1.457488 -1.033909
-0.493945 0.080980
-0.058852 -1.811714
-1.135845 -0.824317
1.083875 -0.731506
-0.529276 -0.743908
0.740139 1.571735
-1.563065 -5.236855
0.623065 1.161257
-0.509434 -2.276519
1.002859 2.292956
-1.137214 -2.048778
0.532490 1.426736
-1.784313 -1.906342
-1.375178 0.114450
-0.827566 -1.695590
-1.479953 -0.324431
1.122449 0.756993
1.242836 0.801190
1.125347 2.336748
-0.229642 -2.669398
-0.252596 0.688317
1.526114 1.855989
-0.628767 -2.706052
-1.717667 -2.143359
0.415565 1.485569
-1.084571 -0.149837
-1.024543 0.009022
1.132848 1.092915
-1.422148 -1.910856
-1.028579 0.673605
-0.729178 -2.538387
-0.446532 1.868047
0.105627 -0.362991
-0.746583 -0.522198
0.702634 1.811454
1.087091 0.368548
0.916847 -0.833146
-0.014650 -1.994243
0.598860 1.937355
-0.148236 -0.322804
0.553716 0.180843
-0.061328 -1.801219
-1.236960 -2.991582
-0.707894 2.516726
-1.389026 -3.434853
0.949089 0.274353
-0.632854 -2.866259
-0.640598 -3.065802
-0.669822 -0.140254
-0.308231 0.616520
1.146687 0.854093
1.530424 2.671700
-1.749350 -1.583946
0.596545 -1.018429
-1.403717 -1.240456
-1.576264 -2.616984
0.623420 1.998907
0.648660 -1.321293
-1.052355 -0.108059
-1.082018 -0.091750
-0.805884 -1.590433
0.455329 1.580780
0.526032 -0.052929
0.205429 1.501426
-1.155670 -3.759207
-0.581961 -1.471732
1.250621 0.609215
1.446703 0.461119
0.224656 0.768482
-1.427218 -0.654776
0.381822 -1.795406
1.172681 0.491533
-1.719750 -1.567401
1.601297 2.371953
1.384747 -0.735255
-1.637242 -2.957578
-0.783493 0.902225
0.039563 2.150657
-0.091721 -0.144643
-0.059497 -1.014190
-0.098939 -0.875687
0.047579 -0.064438
0.673807 0.378418
1.462425 1.753852
-1.017267 -3.222095
0.415124 -1.394073
-1.468751 -1.645913
-0.314712 0.506843
-0.429209 -1.458084
-0.790785 1.023666
-1.862279 -0.664151
-1.401435 -2.840169
-1.977667 -2.494635
-0.096615 0.296357
-0.825491 -4.081030
-0.573501 -0.308434
-0.157074 -2.866001
0.343141 0.527610
-0.643202 -0.535000
1.295039 0.858242
0.740399 2.245860
-0.000338 -1.171428
-0.112781 -2.182043
1.133695 0.466332
0.423861 2.418854
-1.153835 -2.197900
-1.325687 -3.026090
1.052018 1.464442
1.462535 2.363817
-1.125220 -1.765453
-1.362195 -2.648591
0.971598 0.558065
0.308086 -2.695574
-0.617711 -2.049016
-0.278933 0.836675
-0.961974 -1.773722
0.530325 1.276137
-1.137496 -2.946949
-0.573334 -3.217226
1.486446 2.601946
0.016664 1.771632
-0.117573 -0.603126
-1.197491 -3.460270
-1.436343 -2.246608
-0.346565 -0.204677
-1.613597 -3.699662
-1.602026 -2.063246
0.815772 -0.654079
0.736867 -0.472704
1.269569 1.912644
-1.253778 -2.866525
1.661386 0.747187
1.870792 0.758371
1.344118 3.014137
0.231339 -2.043913
1.364100 1.316821
-0.517155 -0.802411
-0.151934 1.219285
0.460476 1.870341
-0.451459 -1.969679
0.593628 2.629663
-0.547085 1.877517
-1.123909 -0.988121
0.760511 0.137534
-0.456136 -2.936339
-1.675484 -3.070098
0.804679 0.422132
-1.678248 -3.251995
-1.731895 -0.867628
-0.039419 3.464361
-0.692374 -2.991238
-0.490856 -0.653345
-0.854088 -3.532099
0.855928 0.953337
0.839760 2.056587
-1.309891 0.405175
0.481037 1.089611
-1.626079 -2.633964
0.553621 1.928001
-1.819530 -1.475045
0.099796 -2.670223
-0.492351 -2.456315
-0.318682 1.574640
-0.554146 -1.964788
0.639362 1.923986
-2.160819 -1.177986
-0.651411 0.545440
1.250751 0.983504
-0.021724 -0.700349
1.559380 -0.044733
1.164639 -0.479319
-1.534149 -2.245822
-0.517588 -0.045739
1.177934 1.503630
1.521474 1.887764
-1.284412 -1.694828
-0.905177 -2.425680
1.191531 -0.648165
-0.161518 -1.839827
-0.289667 -2.716037
1.360944 0.767058
0.150983 -1.791079
-0.775687 -1.746615
1.441132 0.540761
-1.473969 -0.358158
0.593602 0.669466
0.760422 -0.351409
-1.154537 -4.025337
0.876344 -1.021633
-0.839756 -0.303330
-1.558052 0.085952
2.022782 2.214313
0.726249 -1.439553
-0.840525 1.571894
1.246302 2.441306
-1.103527 -1.028374
-0.564052 1.070852
-1.714954 -1.416090
-1.986508 -1.809478
-0.032759 1.331951
-1.329588 -3.387667
1.047107 -1.776090
-1.372383 -0.321733
-0.116983 -1.932484
-0.885700 -0.781498
-1.438406 -4.148820
-1.491426 -1.332886
-1.340037 0.836792
1.799401 4.022956
-0.173366 -2.586410
-0.060211 -3.259138
0.496280 0.226702
-1.524716 -0.836904
-0.739710 0.665255
-0.418609 0.965679
1.243072 -0.372233
-1.231374 -3.340926
1.340310 0.308270
0.593197 1.737460
-0.191086 1.576446
0.536569 -1.427958
-1.160902 -0.189908
-1.773965 -0.778647
0.442408 2.008579
-1.298367 -0.543129
-0.415815 -2.377182
-0.811359 -1.251087
-0.278677 -1.101662
-1.772101 -1.713134
0.233752 2.018016
-0.136584 -0.753309
0.197738 -0.771620
-0.472914 0.538787
-0.967589 0.120000
0.633476 -1.774029
0.470682 1.141171
-1.385658 -3.838274
1.440085 1.194584
1.041178 1.148656
-0.827469 0.990938
0.947856 0.883022
1.103295 1.147834
-1.698052 -1.148034
-0.155446 -1.422549
-1.356975 -1.640412
-0.302378 -1.323843
-0.476152 0.149538
1.242837 2.531700
-1.847458 -4.769279
0.105867 1.482043
-1.690428 -1.751307
-0.559720 0.371185
-0.908865 0.261986
0.631791 0.159658
0.465185 -1.767314
0.370476 -1.432462
1.390656 0.287616
-1.369705 -1.411490
-0.976550 1.429116
1.213648 -0.472616
0.264926 -0.743855
-1.159933 -0.647425
-0.131945 0.142707
0.715087 -0.722674
0.761281 0.449199
0.097325 0.565929
-1.094185 -1.864575
-1.425074 -3.828409
-0.975108 -3.415842
-0.088192 -1.171886
1.460313 1.557640
-0.585037 0.387730
0.967318 2.011395
-1.450391 -4.332702
0.763010 0.278912
1.545567 -0.192965
-1.570019 -0.412249
-1.234360 0.418264
1.236437 -0.700200
0.209652 0.387702
-0.959472 1.546081
-0.294865 -0.401435
0.812465 0.243031
-0.965789 -2.103403
-0.697146 0.316542
0.196813 -1.835618
-0.294828 -0.076405
0.717146 -0.658073
-0.558406 0.606063
1.025006 1.332110
-1.384042 -2.282583
0.407479 1.437577
-0.429495 -1.667638
-1.128658 -2.773333
0.769436 -0.331922
-1.305025 -0.143681
-0.469977 -0.255277
-0.258390 1.962549
0.604651 0.643505
-1.801711 -1.640678
-1.836543 -3.262613
-1.266858 -3.804679
-0.899219 -3.203354
-0.492140 -1.522878
0.610879 -0.765207
-1.783039 -2.330979
-1.346344 -3.846938
-0.632691 -0.478497
0.099179 -2.080945
1.134043 -0.728430
-0.965124 -2.196335
-0.463890 -1.588057
-0.226679 1.851296
1.281315 4.002395
1.107572 2.384779
0.568085 1.679845
-0.504280 1.180055
0.664688 0.900219
1.636003 2.171075
-1.797210 -0.141809
-0.158846 0.801475
-1.670509 -1.013963
0.257518 2.763873
-1.286931 -0.720106
1.711548 0.032070
-0.473591 -2.336694
-0.376876 0.057573
-1.332096 -2.924446
1.366138 2.061955
-0.925813 -1.981473
1.296054 0.759877
-1.476745 -0.468165
-1.395481 -3.402582
1.222402 -0.669694
1.285998 -0.780994
-0.522603 -2.107517
-1.816687 -1.429465
-0.007641 -1.656107
-0.690232 -1.326206
-1.735118 1.198863
1.408459 -0.741337
-0.406583 0.383056
-0.410521 1.621726
-0.569654 -3.282588
0.093140 2.138513
-1.754682 -2.992332
-1.715318 -0.231008
-1.757248 -2.797713
-0.973515 -0.302254
0.164626 -0.292397
-1.688610 -1.287748
1.190546 1.648263
-0.522553 1.652499
-1.310032 -2.858740
0.459327 1.744322
0.692311 -0.815279
0.186198 0.486327
-1.501099 -3.161448
1.375591 1.907795
-1.687825 -2.252431
-0.678572 0.595514
-0.930417 0.455884
-0.521117 -0.978050
-0.165883 0.014426
0.090703 1.279957
-0.501852 -2.733821
-0.620923 -2.353710
-0.465170 0.182633
0.703587 -1.631441
0.012734 1.025632
-1.796666 -1.672463
0.967918 3.271204
-1.103216 -0.983231
1.306633 -0.927410
-1.619144 -1.595391
-0.929679 -2.622748
-1.339268 -2.837852
-0.708387 0.050223
-1.462098 -4.654346
-1.347423 -0.910140
0.897288 0.274958
-0.018604 -2.433410
-0.508706 -2.307815
-0.188831 -2.585502
-1.694807 -3.069242
-1.464180 -0.569167
1.018658 -1.059916
-1.671111 -2.126392
-0.900815 -0.755888
0.105842 -0.244869
-1.653116 -4.190382
0.457853 0.312972
-1.913160 -2.084794
0.925553 1.087362
-1.506870 0.249745
-1.046771 -2.947532
-0.295980 -0.618395
1.146589 1.130885
-1.309898 0.719770
-0.435850 -1.837933
1.042698 2.173904
-0.804826 0.068067
-1.124518 -3.489399
0.453523 -0.323177
-1.228910 -1.980715
-1.187497 -3.302771
0.200330 -1.012922
0.929395 1.933964
1.072304 -0.923585
0.016791 -0.630664
-1.117888 -2.612148
-1.814802 -1.617865
-1.330074 -0.574206
0.555823 0.591933
-0.227754 1.365384
-1.167806 -2.815596
1.437605 -1.365501
-1.860880 1.022769
-0.569064 -2.161906
-1.535859 -3.521575
0.592747 -0.446027
-0.550116 -0.493266
-0.815500 -2.302090
1.409383 -0.142760
-0.144674 1.410826
-0.790398 -3.566429
-0.345787 -2.438718
-0.938670 0.618255
-1.179909 -2.332331
1.335806 0.887547
-0.343197 -1.269458
-0.806522 0.317835
1.206010 -0.128841
-1.124334 -1.098136
-0.498188 1.492437
0.032546 -0.623221
1.293990 2.468627
-0.606815 -2.754188
-1.201589 1.374449
-0.982864 -0.694105
-1.686958 -3.658506
0.305458 -2.232627
-0.945970 -2.154019
1.287437 2.311272
-0.431040 1.243968
0.874231 -0.282064
-0.079147 1.319429
-0.461975 1.824917
-1.668158 1.031954
1.333188 0.298117
-0.102741 -1.930481
1.272985 1.245915
0.428284 0.942768
-1.318939 0.246496
-0.948751 -2.999763
-0.331387 -2.336660
-0.801601 -3.262928
1.279379 -0.540171
0.205221 1.126794
1.365944 1.141741
-0.528891 0.074019
-0.182386 -0.422140
-1.083366 -2.662862
-1.561195 -3.904585
-1.650486 0.936220
0.889261 0.498549
-0.552573 -0.924886
-1.046109 1.359848
-0.087514 1.821993
1.793211 2.837295
0.513609 2.316249
0.071135 2.106003
-0.623928 1.213126
0.779165 -0.093638
-1.010325 -2.525424
-0.424492 -3.842210
-0.092178 -0.334760
-0.692920 -0.206895
-0.430228 1.294200
-0.053191 0.013238
-1.413713 -3.100866
1.581008 2.350141
2.209521 1.779740
0.760241 -1.296800
0.547088 -1.384739
-1.667303 -4.750350
0.308840 -0.799801
-0.764636 -2.298423
1.101488 1.076539
1.011089 -0.067851
0.917230 1.914959
-0.475290 0.749543
0.037384 -1.505637
0.736476 -0.688694
-0.102849 0.583578
-1.072132 -3.770143
0.839281 1.750598
-1.260075 -2.996356
0.897631 -1.775630
-0.799311 1.177418
-0.223336 -1.387751
-1.493251 -2.215758
0.533779 -0.789527
-1.820598 -4.112245
-1.618359 -1.195845
-1.978535 -3.209886
0.112233 0.547005
0.975810 -1.075986
-0.293296 0.225767
-0.285227 -1.360396
-0.101837 0.773693
0.910783 1.903045
1.157128 0.173252
-1.764391 -0.319538
-0.137426 2.123708
1.168826 2.011850
-0.326139 0.547559
-1.319166 -3.443947
-0.092411 -2.252250
-1.038989 -0.697890
-1.218063 0.925110
-0.698304 -1.540377
-1.325104 -3.916485
-0.788186 -0.156234
-0.704043 -2.073810
-1.704713 -0.560525
-1.187475 -1.605053
-0.635746 -2.829223
-1.604725 -1.851601
-0.595360 -1.954900
0.389259 -2.271555
-0.098957 -0.656404
-1.517175 -2.732858
-0.276692 -0.664421
1.251166 -0.973728
-1.027822 0.821458
1.549879 2.500595
-0.044675 -1.091494
0.102710 0.020999
-0.829757 -0.012136
-1.301513 -1.470055
-1.226308 -2.494276
-1.668734 -2.455487
0.767025 -0.248750
-1.300073 -2.420243
0.477964 -1.007861
-1.739685 -2.783492
-0.840339 -0.277998
0.469905 -0.028531
-1.542127 -2.457257
-0.220137 0.219180
-1.018240 -1.248664
1.013916 0.645757
1.062331 -1.087181
-1.691773 -4.162567
-0.766835 -2.966476
-1.739040 -3.554536
0.969236 1.473318
-1.302254 -0.640531
1.680590 2.790939
0.018566 -0.683981
-0.428598 -1.661624
-0.167227 -1.953683
-1.466872 -3.417257
1.071633 -1.100137
-0.617103 -1.182566
-0.602287 0.699333
-0.596724 -2.663782
0.705191 -0.949604
0.361487 -0.136572
-0.078059 -1.228460
1.001907 -0.251089
-0.783570 -1.121367
-0.209934 -1.169630
-1.506141 -1.106343
-1.425631 -0.100348
-1.194538 0.796367
-0.256845 -2.237251
1.405663 -0.619113
0.423812 -1.472057
-1.014310 -4.494087
1.071560 1.482138
-1.391281 -2.759858
-1.543105 -2.478667
-1.250366 -2.093049
1.076066 0.837628
0.708383 0.006738
-1.146652 -1.904916
0.948855 -1.264973
-0.308135 -3.082582
-1.023947 0.561362
-0.787970 -0.251429
-0.027844 1.127300
0.902828 -1.154492
-0.524891 -0.602297
-1.642437 -2.384463
-1.425386 -2.352460
-0.833225 0.677209
0.518658 -1.187497
-1.704100 -1.142761
-0.541666 -1.704661
0.903413 1.765844
-1.394682 1.354900
0.812209 1.403103
-1.542518 -2.857083
0.371189 1.796535
1.713710 1.214288
-0.813072 -1.047559
1.072736 2.488662
0.561502 0.065602
-1.908564 -0.138155
1.361793 1.005114
-1.002968 0.071513
0.155329 -0.740068
1.449449 0.157186
0.384492 1.487590
-1.344388 -4.523089
-1.552202 -3.399488
0.657326 -2.102945
-0.096926 0.495174
0.185724 -2.039133
1.214411 2.544463
-1.413756 -2.903281
0.764219 1.226969
-0.765416 1.236179
0.950148 -0.495786
-1.673036 -0.265537
-1.852424 -3.318298
0.740984 1.448538
1.927796 1.003607
-1.142690 -0.127112
-0.918713 0.006489
0.654582 -0.470211
0.290961 0.973713
0.908019 2.529392
-1.817695 -2.615481
-0.533299 2.337283
0.821627 1.045370
-1.459847 -4.159917
0.248479 0.495738
0.130595 -1.181919
0.983448 -0.632088
0.500480 -1.966564
-0.652230 0.484342
0.851696 -0.635957
0.917285 0.927389
-0.391716 -1.309651
1.031979 -0.292033
-1.223930 -3.892471
0.882311 -0.465245
-1.278299 -4.071127
0.972854 -0.954899
-0.689177 -3.067949
-0.603851 -2.089845
0.527910 0.166304
1.004171 0.369191
-1.974754 0.886392
1.625482 0.800198
-0.818680 0.210779
0.747168 1.265140
1.130383 0.869045
-0.855206 -1.500063
-0.130061 0.325797
-1.040071 -1.325503
-0.261463 -1.567423
-0.214016 -2.892732
-1.743704 -1.096428
0.257358 -1.899034
-0.705432 -3.261944
0.016324 -0.914890
-0.957743 -0.684458
-0.674313 -0.429175
-1.512935 -3.070903
0.792108 1.891537
1.377889 -0.178007
-1.398867 -3.254282
-0.734930 -3.126958
0.366227 0.470887
0.522137 2.433229
-0.067028 0.804506
-0.001325 -2.277941
0.988552 2.075360
-1.062861 -4.553323
1.791085 3.168736
1.530590 1.136549
0.445058 0.480796
-1.328999 -0.299178
-1.665951 -1.260828
-0.844443 1.565862
0.891421 -0.330934
-1.431516 -4.229358
0.295977 -0.536978
0.623634 1.135990
0.793048 -1.207572
-0.504955 0.433459
-0.070303 -1.515450
1.679564 1.997149
1.245516 -1.099331
-0.608589 0.748328
-0.133328 1.534569
-0.932494 0.542795
-1.418301 -0.711082
-1.247575 -1.137211
-0.856253 -1.958000
0.082333 -1.627945
0.687759 1.355605
0.353399 -0.608466
0.529228 -0.549856
-0.323992 -1.338689
-0.904259 0.263633
0.238684 -2.227709
1.156100 2.421651
0.271466 -0.607908
0.922333 -0.374052
-0.832853 -3.835785
1.442924 -0.315522
-1.219864 -1.962523
-1.711419 -1.197011
-0.359024 -0.342526
-0.627840 -2.364500
-1.770196 -0.819835
-0.491276 -1.103686
0.321070 0.289459
0.327132 -0.006418
1.038220 0.902107
1.679402 0.597276
0.325225 2.569947
0.810203 -0.615447
1.331171 0.250646
1.145922 3.237224
1.995214 2.325576
1.329558 -0.263439
-0.347877 -3.713403
-0.712248 -2.595716
1.402410 1.161392
0.701990 2.523928
-1.069305 -3.605871
-1.110443 -2.795071
0.990392 2.191797
1.516161 0.242595
0.875628 -0.799076
1.172798 0.130469
-0.693619 -1.422488
-0.746740 0.019793
1.335820 2.009752
0.661476 -0.871160
1.422290 1.237389
0.228865 -3.467278
-0.743637 -2.251723
-1.570354 -4.008215
0.938452 0.578676
0.232652 0.945679
-1.067738 -2.099152
-0.045278 -1.413528
1.157577 -1.443882
-0.776385 -0.951068
-0.868442 -2.601434
0.034958 -0.144997
-0.231301 0.874553
1.127138 0.042871
-0.727462 -2.670080
0.026335 -1.593178
-1.858913 -4.528571
-1.610757 -3.553519
1.537457 -1.000382
0.056385 -1.990411
0.370137 1.736772
1.620218 2.435321
-1.619755 -2.908151
0.544903 -1.733521
0.594260 -0.204971
-0.248376 -0.557011
0.956577 -0.046232
-1.426729 -2.352641
-1.466261 -3.760325
-1.726335 -2.169182
-2.237392 -4.082548
-0.493588 -1.667850
-1.282870 -1.097826
0.112924 1.887695
0.332881 -0.674119
-0.171027 1.647626
0.995127 -0.785922
0.579814 1.416137
0.078627 1.503287
0.752564 -0.038037
-1.970632 -4.117946
-0.713554 -0.302806
1.859328 -0.584807
0.168556 2.303381
0.220612 -2.010292
-1.612999 -2.218669
-0.471038 -2.773432
1.101177 -0.284892
-2.043629 -0.348572
0.958232 2.372637
-1.210205 1.001029
-1.135020 -3.218641
1.448560 1.461410
-0.792936 0.184078
0.200270 1.226358
-0.476056 -1.918522
-0.888201 1.169902
-1.035527 -0.438113
0.769671 -2.036503
0.243490 -0.880606
-1.123525 -1.284761
-0.287475 0.621709
0.396283 1.650732
0.322564 -0.512595
-0.149688 -1.981656
-1.676962 -0.210330
0.928002 1.138053
-0.344126 -0.764290
0.778351 0.488401
-1.881219 -2.031094
0.496856 -1.659904
0.859124 -0.225743
-1.874833 -1.327500
1.203814 1.525418
-0.220464 -2.679081
0.133756 0.948652
0.292529 1.087675
-0.952297 -2.245058
0.168102 -1.041865
-0.099515 -0.572376
0.172886 2.306822
0.302162 1.830970
0.329843 1.798321
-1.421806 -1.376235
-1.417004 -3.749667
-0.897769 -2.925207
1.271642 1.918093
-1.446711 1.198436
0.394015 -0.207343
-0.520663 -1.314592
1.501455 2.646578
-1.610975 -2.701025
0.758567 0.404027
1.077657 1.989480
1.791921 1.460453
0.212199 -2.834970
0.257053 1.367175
-0.843657 -0.532755
-0.923859 -1.132379
-1.075443 -3.182522
-0.467809 -1.759965
-1.304881 0.797854
-1.127808 -3.766237
0.303117 2.136986
0.149726 -1.450422
-0.106270 -2.561683
-0.854844 -2.657192
-1.078097 -4.046983
-1.738377 -2.132473
0.717990 1.407622
1.334417 -0.008290
-1.517093 -1.657055
-1.604152 -1.107908
0.522471 -1.440689
1.102403 2.982879
-0.162953 -2.646140
0.497459 -0.639879
-0.134804 -2.377635
-1.499911 -4.313913
-0.152885 -0.943262
0.870629 -1.689606
-0.190110 0.173414
-1.812460 -1.920750
-0.933296 -2.345520
-0.041664 0.437686
-2.472587 -1.969836
-0.671225 -3.075275
0.691081 -0.275668
-1.481867 -0.134069
1.343525 1.205610
-1.965488 -1.514364
-0.520164 -0.064792
-1.507111 -2.172343
-0.699185 0.699553
1.407766 -0.787975
-1.811445 0.676845
-0.697998 1.741012
-1.297647 -3.731121
-1.176447 -3.655443
0.950256 0.906665
-0.626525 -0.888610
1.392388 1.191011
-1.255805 -1.089921
-1.079892 0.730645
-1.748283 -1.496389
-0.839830 -2.619503
1.238750 3.652450
0.327387 1.831196
-1.398129 -4.256449
-0.399190 -0.533031
-0.523650 -0.011910
-1.371116 -3.603066
-1.165116 -3.884246
0.985648 -0.493924
0.413177 0.819215
0.632889 0.360002
0.227840 0.888559
0.139279 -0.894348
1.356373 -0.657944
-1.422466 -3.215261
0.391136 -1.835120
-0.477977 1.548546
0.734953 -0.977845
0.392342 -0.418527
0.930908 1.806531
0.928677 -0.160669
0.194295 2.195950
0.796287 1.431322
-1.308897 -1.447701
-1.008291 0.982951
0.723178 1.421199
-0.291376 -2.109770
0.799502 -0.294323
-0.064434 0.211445
-0.370788 1.371778
-0.158052 -2.436455
0.076807 -1.410744
-0.788593 -2.588067
-1.598183 -2.231351
0.908067 1.922352
-1.745254 -1.406786
-1.338989 0.896987
-1.198157 -0.798789
-0.865042 -2.382758
0.458015 0.787688
-1.361750 -2.415473
-0.863250 -0.225381
0.043686 -2.487254
-1.969527 -1.943509
-0.382173 1.901614
-1.436505 -1.887202
1.654577 0.599228
-1.343677 -2.608293
2.044224 0.476755
-1.696726 -3.519126
0.990694 -0.885124
-0.447922 -2.133083
-1.066750 -1.022565
-1.308954 0.082812
1.308198 -0.935315
0.195988 -2.282341
0.499414 -0.658647
0.265012 -1.781716
0.114740 -2.108957
1.189705 -0.986309
0.242107 1.588253
-0.686499 -0.227661
0.947608 0.691277
1.838223 1.704097
-1.121017 0.563912
-0.713140 -2.030841
-1.243397 -3.959562
1.331169 -1.436758
0.132057 1.147962
-0.351604 1.185619
-1.334911 -3.503250
-1.266064 -1.916340
0.721221 -0.166842
-1.049354 0.862609
-1.098758 -0.530476
-0.807223 -1.919027
-0.198765 1.337599
-0.790458 0.771610
-0.062610 -0.761519
-0.914978 0.384054
-0.429858 -2.769578
1.108678 -0.652040
0.139566 -1.619675
-0.918788 -0.009650
-2.052364 -3.251063
-0.322190 -2.697507
-0.793382 -2.134291
-1.490609 -2.974969
-1.326797 -0.461413
-1.854364 -2.168232
-1.058832 -1.773127
-1.955410 -1.810731
1.033799 2.990555
1.462695 -0.714642
1.338115 1.274800
1.426283 2.610007
-1.404516 -2.140907
0.744133 1.026200
0.084284 -1.884783
-1.783682 -4.546112
0.350347 0.578040
0.677379 1.423141
-0.252525 0.123303
0.217732 -1.586709
-1.547904 -2.000096
-0.868002 -3.200863
-1.687102 -1.270894
-1.593410 0.006868
0.592928 -2.165659
-1.507141 -2.721576
-0.347635 1.354072
1.148721 -1.005032
-0.589072 -2.026989
-1.687627 -2.969160
0.793962 -0.528473
0.919148 -1.572653
0.193851 -1.942953
-1.850594 -1.262143
1.306755 1.214119
-0.402761 -0.919537
0.221106 1.780228
-1.024837 -1.341001
-0.430124 -2.808610
1.718812 1.170585
-0.010236 1.266429
0.795878 1.966969
0.944531 -0.697518
-0.533857 -0.152297
0.893263 0.406882
-1.607039 -0.845606
0.985940 1.602622
0.745386 3.180432
-0.649246 -1.661411
-1.588149 -1.165165
0.201765 -1.310354
-1.249641 -3.607196
-1.319507 -1.148440
0.783398 1.683313
1.118246 1.953157
-1.614454 -4.269623
-1.453936 -1.181898
1.457128 -1.606483
0.018071 -2.508110
-1.572844 -1.741395
-1.504398 -1.529200
0.761225 0.826300
-1.187443 -0.504882
0.978120 2.307201
-1.154444 0.138775
-0.869243 -1.488096
-0.070758 0.845463
0.032988 0.681505
0.700387 -0.624232
1.122729 3.292135
0.717655 2.335639
-1.743751 -2.238476
0.141769 1.490006
-0.954841 1.749902
-0.638494 -0.192002
0.578380 2.304482
1.529104 -0.147193
-0.684742 -2.852150
0.053006 -1.822074
0.962391 -1.259632
1.504119 2.364673
-1.123430 -2.032984
-0.972056 -3.222980
0.648310 2.849300
0.692707 -0.663756
0.545011 1.759418
-1.572013 -4.180324
-1.965284 0.161808
-0.913840 -0.821986
0.953190 0.625689
0.979484 2.617639
-0.480901 0.527649
0.055142 1.428539
-0.474677 0.491937
-0.673384 -2.057068
-0.713084 -1.265231
-1.431936 -0.581837
0.055398 0.279116
1.571236 1.388704
-0.186388 -2.200331
-0.662262 -2.007215
0.169132 -0.686958
1.036836 -0.129880
-0.470106 -2.030604
-0.820505 0.490508
1.333151 -0.822674
-0.024255 -2.284091
0.377303 -0.416266
-0.536697 1.468536
1.014552 -0.660523
-0.183968 -1.611870
0.051933 0.010705
-0.129495 0.256436
-0.348811 0.282981
-1.319498 -0.680625
-0.844284 -1.715305
-1.439291 -0.526463
1.072857 0.904313
-0.491062 0.574594
-0.302203 -2.162544
0.799852 1.981662
-0.018973 0.488769
0.622274 0.250231
-1.553959 -0.197158
0.566145 -0.326654
1.367454 -0.057693
0.934232 0.558522
0.357708 2.126956
-1.545291 -3.593179
-0.139287 -3.079229
-1.446134 -0.005585
0.466056 1.376570
-1.049248 -1.271125
1.266318 2.212828
1.183934 -0.929206
-1.351474 -0.378490
2.014405 3.743871
-0.746272 0.775749
0.689784 0.764789
-0.986799 -1.718112
0.374261 -1.659483
-1.399650 -3.075803
-0.004981 -1.396977
-1.254100 -0.665761
1.153933 1.252622
0.135216 -1.770208
-1.138584 -3.454518
1.132820 1.931808
0.905063 -0.571372
1.002433 1.346022
-0.136033 1.612689
-0.166351 -1.230291
0.077945 1.982808
-0.781844 -3.379167
-1.121883 -3.341666
-0.704223 -1.347155
1.152167 -0.681769
1.173711 0.615770
-1.640702 -3.006153
0.794327 2.932688
1.104288 0.039932
-1.309150 -0.250498
0.829102 0.036434
0.156893 1.427944
0.972785 -0.628198
-0.114308 -2.649932
0.309620 -0.387698
-0.941169 -2.503928
-0.339815 -1.213644
0.614861 1.809544
-0.076107 -0.656184
-1.310790 -2.678957
0.842232 2.573776
0.174927 0.146924
0.282237 -0.517189
0.475044 1.333842
0.628117 2.589571
1.118650 1.442052
-1.394166 -1.587270
1.413860 2.749537
-0.184194 -0.959950
-0.126870 1.429324
-0.934424 -1.669218
-0.707923 0.887291
0.830640 1.828280
-0.995146 0.113615
0.789001 1.171929
-1.242959 -0.892381
0.132809 -2.070886
-0.966656 -1.170195
0.654330 -0.495198
0.609304 0.647967
1.041820 0.965898
0.524004 -0.788647
-0.336889 -3.141427
1.401204 2.541303
-1.598673 -3.190987
1.453122 1.174820
-0.724443 0.080160
-1.616832 -1.195570
0.396123 1.288264
1.213482 0.569122
-0.217446 -2.388951
0.717305 -1.102905
-0.334545 -0.103812
-0.577624 -0.616222
0.181477 1.653788
0.527847 -0.300241
1.242513 2.790657
-1.289817 -3.385232
-0.622972 0.676052
1.634075 2.037023
1.190908 2.581751
-0.604357 0.141005
1.537936 -0.606192
0.769040 1.869573
1.126621 1.691909
0.967644 0.138844
-0.396213 0.126092
0.907615 -0.463190
0.339839 -1.608855
-1.156060 -2.404383
0.862675 1.704359
-0.985180 0.785751
-0.743236 0.347680
0.951058 -0.151798
1.210921 2.234480
-1.281464 -0.982615
-1.628991 -0.437463
-1.644893 -5.530803
-0.339127 -2.905911
0.290828 1.236061
0.742617 1.225724
0.362362 0.799682
-1.335804 -2.224118
-0.021500 -0.041352
-0.039898 -2.530880
-1.350236 -2.514661
1.792771 1.785621
-1.853935 0.606318
-0.732771 1.158774
-1.560703 -3.055639
-0.585299 -1.091759
-0.294615 -0.454069
0.296999 0.152904
1.742041 2.342719
1.058562 1.137342
-0.451501 0.649089
1.057931 -0.283174
1.479037 1.843087
-1.162570 -1.541802
-1.780276 -4.080543
-0.601023 0.688702
1.220873 -0.188482
-1.279228 -1.586573
-0.599684 -1.878730
0.912691 -2.411030
0.240690 1.294549
-1.819787 -3.261612
-1.625212 -0.589004
-0.747315 -3.096544
-0.380345 1.260152
0.187530 1.452491
1.147124 -0.102259
-1.184434 -0.226713
-1.937912 -0.753377
-0.121344 0.581277
-1.126926 0.223853
-1.286710 0.327360
-0.368524 0.759370
0.765101 3.237465
-0.979444 -0.213646
-0.240486 -1.283185
-0.188668 -0.812565
1.461348 2.473908
-0.140348 -0.497430
0.055828 1.093134
-1.273382 -4.362570
1.083872 0.279311
-0.736047 1.552355
0.569047 -0.179287
-0.503964 0.177322
-0.283462 0.483634
0.236520 -2.360067
-1.921923 -1.454584
-1.693143 -0.801397
0.903289 -0.950725
0.406960 -0.240612
-0.391760 -2.764213
-1.502022 -1.518549
0.614605 1.748739
0.408642 1.775961
-1.702112 -1.547007
-1.476455 -2.447268
-1.737079 -3.338742
-0.179479 0.168381
-0.759638 -2.403124
0.048707 -1.641968
-1.523070 -2.123837
-0.535845 -2.596622
1.557841 -0.909713
-0.875260 -2.943981
1.044442 2.508304
-1.710211 -1.062068
0.860964 0.736041
-1.161958 -2.399509
-1.250621 -3.600408
0.345042 0.968449
0.553179 0.882978
1.660636 1.293914
-1.438589 0.472050
-1.060506 0.618319
-0.605507 0.983524
-0.220396 0.649836
0.716594 1.718364
-0.052258 -0.900919
-1.301146 0.147073
-0.484865 -0.373825
2.268388 3.138634
0.160557 -0.445605
0.026760 2.159317
-0.095724 -2.095338
-1.167126 0.706744
-0.893354 1.023499
-1.358618 -2.496587
-0.146501 2.313096
-0.185213 -1.860660
1.207690 1.360171
-1.000929 -2.030855
-1.626885 -1.781247
-1.970285 -0.696872
-1.486983 -2.255018
-1.977642 0.363673
-1.178944 -3.180496
0.579727 -0.828423
-1.433620 -3.082644
-1.591728 -1.575057
-1.037093 0.099786
-0.104322 1.178173
0.426314 -2.011641
-1.638383 -1.521367
0.121811 -1.299576
0.334401 -2.474514
-0.335545 -1.677486
-0.705417 -1.046239
-0.104598 0.036038
0.840365 -0.442116
1.913194 1.255651
0.819788 0.040042
1.551856 1.050127
-0.355832 0.775494
-0.718551 1.770912
-0.159090 -1.718071
0.310383 1.762520
1.252335 0.048569
0.988230 1.132353
1.721787 1.024217
1.349130 -0.980031
0.754392 -0.563769
-1.416084 -3.548825
-0.823426 -0.908898
0.317534 0.934875
0.266065 -2.142179
0.913518 -0.142043
-1.450571 -1.230651
-1.384760 -2.296093
-0.211736 -0.313936
-1.188685 -3.335934
-1.543287 -1.927290
0.901011 -0.266322
-0.585941 0.764460
1.388206 -0.622494
1.436777 0.290304
1.032116 1.758129
-1.394573 0.431935
-0.190414 1.276799
-1.540593 -2.495828
-0.024436 -2.224782
0.484745 -0.718377
-0.483023 0.081332
0.803976 -0.602173
0.390444 -1.440316
-0.832085 -3.901238
0.123969 1.235112
-0.345060 -2.323583
-1.601156 -2.585651
-1.223542 -2.246783
-1.316202 0.782098
-0.503085 1.239851
-0.946983 0.445322
-1.637362 -3.021933
-0.820134 -0.829277
1.280651 0.723988
0.406488 2.535498
0.264962 -0.191492
-1.309569 -0.162128
0.478416 0.548647
0.474270 -1.588356
-1.267077 1.187051
0.085087 0.602898
0.124354 1.977416
-0.280453 -2.727959
-1.600461 -3.230986
-0.939163 -3.597465
0.128386 -0.496671
0.531248 -0.873815
-0.290111 -2.030787
0.177486 -0.186590
0.185186 -0.511304
-0.189917 -2.355051
0.576067 0.489934
1.294992 0.348012
-0.651533 -1.346578
-1.827808 -0.760480
-1.444004 -3.219989
-1.182767 -3.622579
-1.825493 -3.175746
-0.533223 -0.613148
0.825372 2.060500
0.481762 -1.245364
-0.791888 -2.312610
-0.208197 -2.252849
-0.226293 -3.199077
0.109902 -1.908148
-0.327253 -0.742078
-1.513145 -3.922069
1.302223 2.300107
0.701268 -1.997999
0.269756 -1.643049
1.198335 0.238997
-0.459204 -0.677835
-1.131128 -4.177468
-1.432988 -3.184587
-1.690861 -3.991066
0.771949 2.326570
-0.605976 -1.031119
-1.133032 -2.533272
-0.490172 -2.729020
0.521934 -1.195177
0.564060 0.237626
0.838985 -0.266078
-1.079149 -3.071280
1.731762 3.326527
1.082551 0.727705
-0.584855 -0.873775
0.727405 0.195048
-1.255731 -0.920333
-0.305143 0.144348
-1.473979 -1.410185
1.098672 -0.650817
-0.114197 -1.970941
0.591392 1.509612
1.770278 -0.617291
-1.219166 -2.418900
-0.950538 2.113367
0.998734 2.651865
1.171927 2.506575
-1.491948 -0.855025
-0.533308 0.894809
1.170858 -1.000123
0.677366 -0.887317
-0.484312 0.904669
0.979302 -1.283367
0.677037 -0.159300
-0.785331 -3.246737
0.467133 -0.694988
0.045835 1.836465
0.838614 0.780272
-0.076402 1.686516
-0.914206 0.901034
-0.283008 0.991466
0.040297 1.239102
0.745978 1.571820
-0.674864 -3.046362
-0.602454 -0.827593
0.786872 -0.795687
1.283862 -0.229373
-0.156614 -0.556719
-0.209326 -2.334188
-0.135979 -2.101157
1.078848 1.248374
1.245241 -0.165863
1.642893 1.770865
0.650412 -0.943750
-0.057996 1.177678
1.569520 2.198701
-1.318783 -3.527485
0.321611 -1.769420
0.018657 -0.695730
1.395714 -0.932136
-0.347515 -1.100326
0.496576 0.293875
1.428654 -0.663726
0.033931 -2.563409
-0.478992 -0.389811
0.564265 -0.260425
-0.151880 -0.848832
1.048658 3.055732
-1.194770 -1.339966
1.677795 1.117334
0.793205 -0.500926
-0.077974 1.644228
1.124954 2.770522
1.225058 2.609071
0.846109 -0.424992
0.914297 -0.992424
1.617414 3.209072
0.262052 -1.988764
-0.394791 0.473064
-0.797954 -2.536796
-1.213047 -0.406939
0.900109 -1.089573
-1.312188 -3.768026
-0.568004 0.503647
0.022030 -1.066280
-0.240558 -2.523156
-1.715294 -4.320750
0.166378 1.139294
-1.621650 -2.500884
1.500165 2.206605
-0.739304 -1.005046
0.594296 1.706676
1.306947 1.990982
1.703222 0.724467
-0.878442 0.470754
1.200176 1.153210
-0.842834 0.513546
1.695192 2.506311
-1.192083 -3.248048
0.232225 -0.753785
-0.905131 -2.897575
0.649939 -0.780348
-1.960015 -3.348951
0.985427 2.283141
0.351710 -0.051882
1.302449 -0.569899
1.899746 1.538781
-1.488915 -1.114101
0.088647 0.338567
-1.087900 -0.040008
-1.790048 -2.445727
-1.639865 -0.817185
-0.118795 -1.367984
-0.684272 0.188310
1.269694 -1.198955
1.203936 0.969238
-1.656820 -2.398100
-0.820357 -1.616530
1.114730 1.385527
0.520911 1.751522
-1.109005 0.176845
-0.621105 -3.492979
-1.654106 -2.846308
1.378752 0.532686
-1.345976 -0.799223
1.723405 2.107982
1.599304 -1.286665
-0.436319 2.427450
1.584889 1.892355
0.145842 1.242259
1.604747 -0.552170
1.383325 2.612630
-1.241417 -0.172202
0.414492 0.577487
0.168986 -2.279532
-0.320908 0.958636
0.571581 1.814942
-1.973749 -2.895432
1.098426 -0.563409
0.495654 -1.627016
0.569054 0.660373
-0.745871 -2.925103
-0.772482 -0.335014
-1.317918 -2.795054
-2.217414 -0.208932
-0.623288 0.025844
0.619869 0.205328
0.181838 1.888991
-1.327423 0.395943
0.128159 0.689593
1.170800 -0.569259
-1.043820 -3.795254
0.406444 -0.908257
-0.147495 -1.418272
-1.417890 -2.125686
1.316677 0.519826
-0.227688 -0.898785
-0.663081 0.871620
-1.199506 0.558168
-1.434715 -1.575788
0.826519 0.283340
1.268278 0.520827
-0.704811 0.090961
0.955084 2.172700
1.021199 0.620972
-1.110422 1.274944
0.891208 1.097679
0.820899 3.045154
-1.234852 -2.033597
0.921672 0.694552
-1.468085 1.405568
0.410713 0.236695
-0.789137 0.115603
1.460670 0.229083
1.338459 0.753134
0.329203 -0.436293
0.285323 -0.168545
-1.083952 1.685395
1.759818 1.050490
-0.226622 -2.838752
-0.855572 0.682993
1.043921 2.373536
-1.461650 -0.843691
-1.264434 -1.918909
1.802986 -0.618731
0.903602 2.961308
-0.921195 -2.759760
-0.448846 -1.662800
-1.527591 -3.415244
-1.740504 -1.871601
-1.771949 -2.604721
-1.127723 0.994313
0.872423 0.282254
-1.589822 -2.254806
-1.847624 -1.064201
0.333194 0.674204
1.153985 -0.327627
-1.874832 -2.801644
0.576212 0.176692
-0.894453 -0.302892
-1.422990 -1.788733
-0.628619 -1.945994
-1.666917 -2.656795
-0.088969 -1.687187
-1.423519 -3.392625
0.075378 -1.849827
0.347762 -1.744364
-0.881454 0.273813
0.564589 1.475628
-0.469532 -0.938503
-1.457386 -3.150984
-0.420563 -1.443879
-1.468985 -4.177668
-0.651422 -0.911793
-1.576961 -0.565491
-1.548728 -2.712819
0.010624 -1.481667
-1.366495 0.066027
0.218141 -0.612661
-0.347867 -0.119842
-0.182910 1.082813
-0.386946 -2.154781
0.073880 -1.442263
1.534346 -0.999175
0.338335 -0.028544
0.811545 0.479734
0.344350 0.077789
0.723578 1.332798
1.661932 2.315120
-1.454191 -1.880878
-0.220382 -1.143769
-1.374156 -0.814264
-0.215834 -1.549198
0.395922 0.967949
-0.018643 -2.622716
-1.294314 -0.296326
0.143494 -0.487106
-0.844209 -0.117983
1.635835 2.945229
1.315930 1.127298
0.747406 -2.177931
-1.446355 -3.119895
1.508295 0.866774
-0.278445 0.713228
-0.828813 -0.825627
-1.524125 0.043833
-0.535427 -0.253756
0.825506 1.462320
0.906344 0.136757
-1.017632 0.709587
0.452373 1.006131
-1.322660 -2.002231
1.149009 -0.751167
-0.555585 0.844762
-0.300267 0.447454
0.635798 -1.003294
0.754107 3.212680
-1.214185 -1.885693
0.277114 2.160434
-1.448494 -0.606072
-0.112001 -2.505657
-1.438906 -2.905803
-0.524476 -2.736059
0.525630 1.732796
1.193519 -0.454801
0.600042 0.429527
-0.052143 -2.981618
0.378588 -1.679989
1.368139 -1.942523
-1.005408 0.629980
-1.214430 0.398819
-1.081218 -2.249745
0.293476 -2.546459
-0.731420 -2.137435
-0.080130 -0.018401
-0.685796 0.349534
-0.820741 -0.634159
1.496064 1.075345
0.157440 0.843320
0.478306 -1.206246
0.638871 1.390653
-1.114211 -0.595646
-1.789772 -2.561615
-1.571611 -2.673877
-0.796333 -2.602495
-0.446583 -1.094615
-0.333274 -0.013746
-1.287282 -2.782815
0.900001 -0.005693
1.135409 2.281569
0.513949 1.407237
-1.967079 -0.684437
0.868925 2.259730
-1.152577 -1.820346
0.001065 -0.074551
-0.238772 1.174160
-1.455731 0.108022
-0.424303 -0.241841
-1.325288 -2.785358
-0.482980 -1.886618
-1.364917 -2.182305
1.125239 2.779303
-0.477407 -1.117519
-0.189591 -2.353911
-1.509187 -2.826735
1.269523 0.016254
-0.202946 1.203023
0.993537 2.159389
-0.057669 2.154395
0.815712 1.169023
-1.040311 -1.875671
1.859164 -0.708569
-0.557074 -0.665288
-1.250406 2.146924
0.773743 1.621494
-0.926678 0.736173
1.583552 -0.486730
-1.608846 -0.953158
-1.489406 -3.126024
0.461139 1.499646
-0.936711 1.235668
-0.124297 0.187607
-0.465180 -0.717616
-1.326266 -1.105807
-0.431355 -1.102282
-1.193670 -3.566232
-0.228897 0.730051
0.201290 -0.012746
-1.132250 0.832805
-0.221414 -0.153911
0.315808 -0.128356
-1.043908 1.982094
1.473895 1.253187
-0.771420 0.114145
0.414948 -0.712673
0.098912 -1.096303
0.900095 2.002397
-0.034055 -1.913201
-0.605833 -2.027422
-1.215361 -4.404839
1.515678 2.366747
0.790049 -1.914293
0.627213 0.121474
0.431622 -0.478268
0.725414 -0.742827
0.764925 -1.517297
-0.719953 0.352295
1.276662 1.701692
0.526711 -0.478874
0.601923 1.495518
-1.486617 0.688455
-0.656366 -1.750539
-0.852257 -0.372111
-0.009991 -1.164199
-0.008899 -0.900376
-0.533470 -2.517406
0.989306 -1.156680
-1.191620 -2.971755
0.401808 0.052870
1.075437 -1.363708
-2.004661 -1.158311
-1.635136 -1.168108
-0.795892 -3.042851
-1.431013 -1.665172
0.934009 2.658553
-1.490747 -1.052557
1.537666 1.672656
0.986547 1.131406
-1.233955 -1.047968
-1.071133 -2.763754
0.814092 -1.571015
0.252153 -0.912249
-1.873138 -1.327988
-0.123878 -2.781711
0.797945 2.423452
0.922199 -1.465182
-1.669108 -1.511498
1.133800 -1.236514
0.124674 1.978616
-0.162764 0.649015
-1.388221 -2.884463
-0.952690 -0.566451
-1.370782 -1.161784
1.151385 1.980649
0.835312 0.876743
-0.966950 1.730292
-0.574185 0.467005
0.248744 1.094961
-1.287842 -1.535845
1.265346 2.881783
-0.799977 -0.612964
1.184527 2.283625
0.081582 -1.597562
-1.807254 -3.173743
0.250521 -0.014709
0.993543 -1.009315
-1.034544 -3.342991
-0.113929 -1.432636
-1.274487 -0.405706
-1.294673 -0.951311
1.743691 2.391969
-0.513407 0.854867
-0.114181 0.930517
0.155949 -1.473969
-0.875998 1.006094
-0.099487 0.215444
-0.631819 -2.599203
0.039646 -0.937644
1.471537 1.793502
-1.292036 -0.306038
1.759720 1.977109
1.042104 -0.172623
1.688133 0.677729
-0.899113 -0.363789
1.088158 0.977090
0.562514 2.361633
-0.930617 -3.020898
1.104058 0.318478
0.647877 -0.071279
1.240438 1.661018
-1.040064 -0.693040
-1.173730 0.375357
-1.335307 -1.534381
-2.118546 -3.171666
1.245839 -0.947879
-1.483410 -1.994351
0.132678 -0.785655
1.380754 1.087814
-0.920419 1.438600
-0.814144 -2.091597
0.348172 1.746991
-1.493454 -3.003905
-0.523048 -0.405875
-1.709736 -0.486343
0.298547 -2.302665
0.616936 -0.636234
-0.876905 -3.782390
-1.444857 -2.278983
-1.244751 0.608878
-0.314208 -1.268281
-0.216499 -1.837232
0.908210 0.709996
-0.711045 0.656714
-1.100820 -1.241176
-0.607669 0.442191
-0.957240 -1.304563
0.356286 0.792739
0.192818 -2.420953
-0.153322 0.460589
0.058299 0.603362
-2.076093 -3.318382
0.583103 1.217045
-1.198136 0.056973
-1.724245 -2.987058
1.743588 2.190391
0.488984 0.904208
0.418468 -0.609871
0.337795 -1.363631
1.131283 1.409585
-0.857149 -1.031918
-0.545412 0.793530
0.937322 2.308605
1.178860 2.205174
1.598609 0.221383
1.504363 0.700863
-0.801601 -1.180831
1.441393 0.748804
1.296913 -0.259517
-0.694626 -1.704033
0.842821 0.303211
0.187309 2.282426
0.778509 2.548581
-1.140943 1.571640
2.024997 1.851549
-0.402687 1.198023
-0.340590 -1.814947
-1.274106 -2.284317
-0.268966 -2.485988
-0.291532 -2.204760
-0.122109 1.248901
1.476432 1.934073
1.197110 2.859021
-0.431001 0.842844
0.339861 0.756501
-1.182990 -2.679924
0.189798 -0.202594
0.282559 0.887583
-1.172870 -0.119650
-1.152772 0.394588
-1.009905 0.099241
-1.648530 -2.165585
-1.604628 -2.957994
0.805130 -1.874344
0.656805 0.149669
-0.965016 -1.431101
-0.919073 0.584357
-1.188022 -3.186868
0.417474 -0.426472
-0.310048 0.039248
1.171054 2.713471
-0.903614 -2.181439
-0.785022 -2.948506
-0.138818 -0.477526
1.077938 2.100259
1.231044 -1.153548
-0.538049 -3.076593
0.205707 -0.810695
-1.348243 -3.461604
0.978192 1.107768
0.988978 2.464297
0.783059 -1.084835
0.024125 1.226611
1.655649 -0.156145
0.802508 0.569060
-0.739530 -0.805437
-0.746127 -2.671640
-0.535925 -2.119578
1.548153 -0.286443
1.280704 1.169250
-0.206530 0.822259
0.154952 0.071646
-1.832137 0.284398
1.381267 2.794254
-0.305529 -1.502475
-1.432006 -2.785385
-1.897882 -1.740839
0.576764 -1.507701
-1.697707 -2.858643
-1.726742 -2.440051
-0.048411 -0.560844
1.797536 0.150415
-0.579178 -3.207722
0.069902 1.726363
0.909182 0.630232
-0.332145 -1.308132
-1.674418 -0.178604
-0.668292 0.380527
0.876435 0.626518
0.918793 0.164433
-1.179939 -0.506145
-0.495970 -2.554405
-1.308269 -1.507904
-1.810649 -1.271299
-0.441981 -2.311671
0.531292 -2.141137
1.185215 2.905354
0.548101 -2.119966
0.984295 1.948560
0.797942 -1.424437
-1.848637 -3.054268
-0.124931 0.092331
0.495522 1.629155
0.478387 -1.993534
0.187473 -2.146495
-0.027155 1.198361
0.185978 -1.962430
-0.196184 -1.652628
-0.656981 0.395315
-0.894935 0.206834
-1.757948 -2.452805
-1.970983 -1.795383
-0.267310 -1.266998
-1.828230 -3.251410
-1.628936 -0.819230
0.727177 2.273195
-1.428540 -3.833809
1.444149 1.749471
-0.052860 -1.666224
-1.427548 -0.920153
1.194050 1.361271
-0.023341 -1.571626
0.005699 0.991691
0.032134 1.819082
0.743512 -0.459586
-1.785499 0.677492
1.326589 2.080579
-1.518892 0.106536
0.921158 1.597891
1.384871 2.266802
-1.412938 -1.944649
0.057025 0.858763
0.410280 2.424863
-1.296500 -4.315641
-0.580548 -1.209930
0.464564 -1.571764
-1.540521 -2.551699
-0.162962 -0.773417
-0.601972 -2.713177
-1.423631 -1.646098
-1.787770 -3.104563
0.206016 -0.875511
-1.490953 -2.876304
1.465160 -0.174158
1.441509 2.926105
0.352973 -1.067362
1.143895 1.100134
0.110133 1.253744
-0.189035 -0.069835
-1.415938 -2.750084
1.639346 2.027128
1.024269 -0.412307
-0.761287 -3.080090
-1.047193 -0.986815
-0.272304 1.200655
-0.893127 -3.118465
-0.231591 -1.615793
0.197387 2.293509
-0.957154 -0.789066
0.422492 0.823433
0.686256 -1.314399
-0.764993 -3.884943
-1.600352 -2.972311
0.192434 0.938943
-1.365252 -2.001475
1.070900 2.626321
-1.455215 -0.170595
0.400089 0.321427
1.965232 -1.028288
-0.605114 -3.253663
-1.059251 1.513877
-0.090404 0.990165
-1.683666 0.486705
0.936147 -0.995559
1.452666 2.425254
-1.442879 0.710142
1.396344 3.578629
0.191803 -0.706597
-0.436116 0.026046
-0.411981 1.453505
-0.296646 1.474364
0.535336 -1.325321
-0.914470 -0.089904
-1.520912 -0.489148
-1.341217 -0.693725
0.427813 1.407216
0.242998 1.767873
-0.973141 -0.360342
-0.143610 1.419295
-1.228213 -1.767364
-0.284061 -3.254076
0.447160 0.000246
-1.447204 -0.207825
-0.620236 -1.602878
0.222451 1.699490
-1.804810 -0.780207
-1.096396 -2.114152
0.198468 1.627408
0.881716 -1.266086
-0.384672 -1.675804
-0.911407 1.041218
-0.740816 -2.034801
0.047654 -1.742684
0.046243 2.537427
-0.416563 0.466980
0.735527 2.106604
1.656574 0.399283
-0.087542 -1.273961
0.653049 1.261981
0.400494 2.095189
-1.440471 -2.470696
0.913462 -1.218082
-0.557325 0.543887
-0.229319 -1.151422
0.801361 -0.732415
-1.450341 0.687009
1.491293 0.472756
1.116212 2.583593
0.782360 -0.896026
1.225894 2.972079
-0.292174 1.669024
1.556114 1.595860
-0.811770 -3.214473
-0.551980 1.657232
1.336712 -0.449121
0.782631 1.895707
-0.439315 -2.662440
1.644502 -0.001264
-0.358170 -0.684628
-0.974883 0.383601
-0.650119 -0.745468
-0.982852 -3.496767
-0.744944 -2.219053
-0.430742 -1.955520
0.646789 2.482116
1.380757 0.991750
-0.187443 -1.050088
-0.612226 0.247640
-0.084048 -1.295098
0.428891 1.436230
0.154830 -0.025444
1.184057 0.483871
-0.192636 -2.523488
0.326196 0.018491
-0.115255 -1.815681
-0.982399 -3.576166
1.008061 0.395951
1.173990 -1.405019
1.140452 0.566646
-0.851658 -1.135486
-0.389947 -2.750475
-0.253211 -2.129411
0.772892 -1.727345
-1.435848 -2.587706
-0.747637 0.857887
0.559143 0.048851
0.801732 2.081148
0.120145 0.522645
-0.720434 0.090640
-0.044877 1.584670
-0.626673 -1.121251
1.220009 0.215762
-1.252999 -0.832757
0.467370 -1.158634
-0.505446 -0.086770
-1.639234 -1.674291
0.616099 -1.468184
1.066352 1.304810
1.013755 2.124464
0.992634 1.938826
0.131585 -2.276915
0.084522 1.155584
-1.024805 -1.874905
-1.323889 -0.567849
0.574019 1.566908
-0.017036 1.396177
-0.206300 -0.028857
0.502118 1.412371
0.720092 0.439231
0.380057 0.097016
0.027456 1.214955
0.381857 -0.635422
-0.378818 -0.818424
-0.930880 -2.336012
1.946774 2.415030
0.273250 -1.408652
-1.483484 -0.614110
-1.062245 -2.790894
-0.261380 -0.431760
0.879103 -1.179834
-1.375640 -2.361552
0.339390 -0.419332
-0.744714 -2.182394
0.507497 -1.256496
0.984049 1.245601
-1.362722 -3.540336
-1.642519 -1.181585
-2.254703 -1.133979
-0.194320 -0.519805
0.117995 -0.866644
-1.786051 -4.058611
-0.442395 -2.962904
0.667190 -1.700961
-1.462402 -0.003769
0.866842 -1.895913
0.109431 -0.326030
-1.042962 0.523589
0.234053 0.184745
1.482836 1.584814
-0.333031 -1.672983
-0.700254 1.801839
-0.678476 0.329381
-0.855787 0.276398
-1.427551 -1.229296
-1.074082 -0.838239
1.180674 3.016078
-1.640771 -0.823902
-0.165938 0.631602
-1.532830 -2.932089
-1.946697 -1.603113
-1.741509 -1.339970
-0.641039 -0.971891
0.495496 -0.577759
0.651080 1.761275
1.013116 2.266400
-1.316027 -0.243008
1.141051 0.955323
1.604317 -0.098442
1.503307 0.301452
1.367323 2.676197
-1.477927 -1.217621
0.295654 0.638058
-1.185237 0.998318
-1.048241 -0.933000
-1.448319 -0.058374
0.630235 0.338617
-0.675885 -3.448635
-1.062089 1.053738
-0.146054 -0.512182
2.106475 1.324090
1.140922 1.056848
-1.440879 -2.512202
-0.987371 -3.415523
-1.975586 -0.986418
-0.753336 -1.020016
-0.430114 -1.726476
-0.701445 -2.666205
0.237457 0.273938
0.869726 1.391478
-0.541058 -1.918942
-0.901814 -0.990921
-0.958810 0.225124
0.953934 2.920477
-0.628390 0.996963
0.552227 -2.768226
-0.747674 -3.388597
-0.375425 -0.949862
-0.595894 -2.002218
0.344718 -0.129556
-1.100517 -0.386498
-0.159989 1.917788
1.079594 1.901716
1.633748 0.763723
1.619112 2.581777
-0.507992 -1.914875
0.016786 -0.181933
0.842429 -0.861195
0.315953 2.102802
-1.213803 -2.677459
-1.189721 -0.942465
1.015904 1.909875
-1.805845 -4.296971
0.460718 0.003344
-0.119834 -0.578375
0.710186 1.250853
-0.060367 -1.070285
0.851796 1.032721
1.015821 1.559062
-0.954982 0.424019
-1.601962 -3.641730
1.076662 -0.621129
-0.259767 -2.367558
0.454263 -1.111947
0.990985 -0.865951
0.955818 1.202281
1.133501 0.502186
0.015010 -0.234890
1.064525 -0.325918
1.127460 1.010856
-1.082451 -3.775483
-0.405209 0.988322
1.012301 -0.730245
-1.247089 -2.733552
0.786336 -1.611333
0.179200 -0.927548
0.091287 -1.539189
-0.883476 0.411572
1.110059 1.666954
0.739745 -1.579722
-0.485545 -2.624274
1.175786 -1.239598
1.515377 3.090786
-1.099844 0.093795
-1.716469 -1.480377
0.904269 1.001056
0.230531 1.291942
-1.813103 -3.267641
-0.634119 0.694802
1.241357 0.256759
-0.309445 0.929963
0.190691 0.945955
-0.194388 -2.655518
-1.567800 -1.168962
-1.750262 -2.242287
-1.002121 -2.623740
0.732410 -1.294366
-0.249128 -1.007790
-1.645355 0.138089
-0.561687 -0.151791
-0.030148 1.245138
-0.809928 -2.353613
-1.003737 -0.312600
-1.668882 -1.688845
-1.033044 -1.224700
-1.237994 -0.311009
-0.104995 1.769726
1.069824 1.355577
-0.664270 1.250127
0.862982 -1.421935
1.071554 -0.501580
1.136971 1.598722
-1.291595 -0.860178
-1.437917 -3.936998
-0.111220 2.093694
0.081242 -2.277010
-0.100098 0.125604
0.131228 0.057959
0.686949 -0.593579
-1.455646 -4.197168
0.741423 -0.932416
-0.504697 1.339428
-0.507824 -0.194950
0.274959 -0.554875
-1.000500 -3.859218
0.701569 -0.717605
-1.118763 -2.651019
-1.073429 -2.210900
0.400914 0.606688
0.947623 -1.301064
0.234748 -0.570958
-0.889485 0.467730
-1.508666 -2.745621
-0.092520 1.997283
1.061703 0.810975
-1.587108 -3.156145
-1.180194 -3.099333
0.751386 2.090815
1.270496 0.812193
-0.778222 -0.593284
0.583760 0.064302
0.765218 -0.320351
0.007180 -0.919351
-1.446591 -1.800807
1.440395 1.647640
0.054944 -2.112537
-0.567189 -1.330615
-0.520399 -3.004477
0.065028 0.978796
-0.821523 -0.243796
-0.762749 0.069829
0.262093 -1.128408
1.524087 2.431864
0.134441 -0.946689
0.077410 -0.904208
-0.295861 0.704798
-0.365972 1.237768
-1.125605 -3.130941
-1.392386 -1.629726
0.152226 0.459579
-0.435859 0.395842
-1.388707 -1.524002
-0.804868 -1.942301
0.802663 -0.885667
-0.382278 -2.550315
-1.726242 -3.813963
-1.454433 -1.612657
0.892649 0.541165
-0.485799 1.484903
-1.469262 -0.930179
-0.417052 0.858827
-0.567766 0.169389
-1.228762 0.097421
-0.892221 -0.420670
0.108086 -0.234184
1.682640 2.413708
-1.654194 -0.193211
-0.776573 -2.637871
0.504594 3.307013
0.698692 0.821828
0.317239 -0.795774
0.263740 0.668127
-1.303818 -1.829384
-1.298373 0.358629
0.658795 0.098334
0.569288 1.167251
-1.257939 -4.106871
0.753304 -0.866156
0.196541 0.792496
-0.173338 1.202364
-1.455144 -4.044426
1.314040 0.732746
-0.754509 1.191929
-1.383889 -0.972103
-1.512378 -1.118397
1.077200 -0.788564
-1.000738 -2.983302
-0.660058 2.232477
-0.431728 -3.257257
-1.438878 -3.286291
-0.862222 -1.340948
-1.665455 -0.480874
-1.139978 -0.521336
1.162986 2.645044
-1.622068 -2.503966
0.539989 1.275580
-1.761238 -3.708601
0.630487 -0.353756
1.168182 1.478619
-0.249041 -1.102153
1.183177 2.286010
-0.956112 -2.775390
-0.395863 0.589262
-1.757665 -2.292574
-0.125823 -0.870861
-0.279822 -1.389710
-1.347867 -1.029170
0.723493 1.300814
-1.401125 -2.931866
1.032678 -0.520891
-0.631847 1.300872
-1.484401 -3.129098
2.117056 3.032985
-0.093235 -1.562539
0.531545 -0.828023
0.120938 1.804715
1.042212 1.382929
-1.511825 -0.983395
-0.532902 0.181192
0.778807 1.147306
-1.674260 -4.387733
-1.144306 0.987903
-1.416084 -2.788376
2.259512 -0.188598
-1.209470 -2.302902
-1.766202 -0.842946
-0.452997 -2.529983
0.913067 3.147152
0.409317 -0.334710
-0.687530 -0.738380
-1.023482 -3.767801
-0.557891 0.730659
-0.168394 -1.958175
0.459849 1.897361
-0.713385 1.049647
-1.521625 -3.557569
-1.812817 -1.508247
-0.870462 -1.046919
-1.376468 -0.707764
0.439615 -0.467251
1.504456 -0.452027
-0.189955 -2.462435
-0.617921 -2.817423
-0.344915 -0.445663
-0.895124 -0.482247
1.027663 2.160748
-1.759511 -1.793907
0.922428 0.726843
-0.053001 -1.316664
-1.683183 -1.532750
-1.006933 -0.420809
1.018199 -0.477168
-1.185104 0.618090
-0.462987 1.532668
-0.453594 0.556482
-1.150490 -3.821215
-1.395767 -2.870476
1.961326 1.190196
1.499089 3.056571
-1.560656 -0.546814
1.267798 2.142040
1.793583 2.282184
-1.663054 -1.591170
0.803513 2.207110
-1.508554 -0.443523
-0.386214 0.850671
-0.887332 -2.366683
-0.079200 2.110431
-0.258142 -2.952589
-1.286668 -3.538775
0.561764 -0.815073
-1.181238 -1.027273
-0.651745 1.508790
0.014906 0.683986
0.177268 1.414338
1.418025 1.348146
1.075709 1.021073
1.507818 -0.783856
0.979220 0.030750
1.551343 0.634185
-1.571599 -2.611109
-1.024622 0.047411
0.055261 -2.237592
0.571384 0.008472
-1.681382 -2.468563
0.190081 -0.017249
-0.940039 1.257308
0.436933 -0.890807
-1.417634 0.390711
-0.078884 1.420580
-1.192440 1.078331
-1.250895 -3.389413
-1.120824 -3.677949
1.032265 1.238109
1.481199 -0.910545
1.205216 -0.466381
-0.350319 1.345778
0.206880 -1.935359
0.947759 -0.257807
-1.623500 -1.055420
-1.604123 -0.851309
-1.343202 -2.448014
-0.652527 -2.634292
0.033305 0.701635
-1.327948 -1.154968
1.429462 2.673122
1.056809 0.684211
1.341011 -0.360376
-1.494609 -0.378022
0.192460 -1.416115
0.717976 2.578319
-0.080381 1.183733
0.857551 0.775666
0.780298 1.148579
-1.479738 -2.489016
0.951972 1.310184
-0.393618 1.899047
0.123505 1.402167
1.145409 2.443480
-0.516865 -2.064260
-0.823165 -2.120249
-0.880797 1.938891
1.278529 1.331041
0.283875 0.878376
0.649616 2.659869
-0.231258 -2.381504
-1.423370 -3.706565
-0.863653 -2.033936
-1.470461 -1.414493
-0.669045 -0.211763
-1.234441 0.543102
-0.669405 -1.082942
0.366526 -1.349892
-1.294419 0.266741
1.191507 -0.299984
1.116462 1.402920
-0.734980 -2.998286
-1.480606 -4.599780
-0.792786 -0.957319
0.411393 -1.542817
0.327952 -0.688304
-0.391571 1.040764
0.883100 2.276665
0.777333 -0.904507
0.279893 -0.626154
0.769340 -1.977657
1.079802 -0.207936
0.244347 -2.490760
-0.561483 -2.930317
-0.882722 -3.071994
-0.629388 -2.801696
-1.225808 -4.990398
-1.204169 -3.603315
-0.705507 -0.124769
-0.974754 -0.542461
-1.446045 -2.856740
0.549919 -1.579697
-1.423301 -3.442855
-0.319407 0.647358
-1.321959 0.919293
0.938434 0.398194
-1.369866 1.043987
-0.369907 0.923744
1.504813 2.398383
0.671413 1.842560
0.901943 -0.703409
-0.164628 0.496241
-1.165900 -2.369368
-1.207911 0.370864
1.005358 2.337707
0.727446 -0.664987
1.233513 2.014944
-0.310205 -1.416915
0.888189 -0.837266
1.504166 -1.079252
-0.749130 -0.403235
0.154248 -0.235669
-0.029453 0.291437
-1.623420 -0.553521
1.516445 -0.518339
0.390430 1.178249
0.017713 -2.397565
0.828682 -0.008099
0.407637 1.834514
-1.466396 -3.576013
-0.255969 -1.209582
0.464614 0.132359
-0.493316 -2.613177
0.509403 -0.088669
0.339062 0.891899
-1.812842 -1.354712
1.519977 1.036118
0.494964 -1.944095
-0.625352 -1.128088
-0.694335 -3.037400
-1.512438 -1.312345
0.719084 0.416513
-1.464768 0.303703
-0.813745 -1.041090
1.383381 0.009750
1.158244 1.360209
0.329036 -1.982815
0.729133 2.299276
-1.167081 -3.433315
0.944687 1.548255
-2.035035 -0.678648
0.042649 -0.593006
-0.117979 -1.647663
0.922833 1.209872
-0.606327 -2.586808
-0.019769 0.628890
-1.167302 -3.145049
-1.207264 -0.442554
1.562135 1.053991
-0.596266 0.417473
0.076901 -2.020883
-0.913180 0.473937
0.289387 1.403352
-0.200339 -1.106162
-0.884465 -0.911593
-1.779851 -2.154313
1.164707 2.268405
1.133639 0.841004
-1.254526 -1.662291
-1.312994 -3.134677
0.986613 0.095113
-0.138483 -2.849577
-0.809974 -2.919467
0.031814 0.260642
1.513877 0.576079
0.142146 0.786698
1.132958 -1.296619
-0.047627 -0.187363
-1.491122 -2.791010
1.182453 2.489002
0.744327 -0.462349
-1.493678 1.222206
-0.862908 -2.901371
-0.296254 -0.349369
1.154579 -0.538990
0.314294 3.011108
-0.472698 -0.884765
-1.814867 -1.686695
2.061525 1.424048
0.705640 -0.403825
1.450454 1.436203
-0.415055 -1.285730
1.522720 -0.199267
1.540449 -0.594361
0.556369 1.053676
-0.501563 -1.342244
-0.930171 -0.214438
-0.530940 1.032204
0.789168 1.411543
-0.675397 0.175005
-1.836710 -3.246098
0.571395 -0.407943
-1.562451 -4.461205
-1.323893 -2.027005
-0.835477 -0.034471
0.056348 -1.371760
-0.900422 1.154225
0.614787 0.831858
-1.437712 -0.795200
1.070807 1.637683
-0.826303 0.125048
-1.816328 -2.538805
0.338152 2.049505
1.347996 2.104500
0.149964 0.048490
0.512867 2.157838
0.437403 1.327833
0.816989 1.400459
-1.037711 -0.666474
-1.170561 -2.506603
-0.196600 -2.346355
0.697675 0.186073
-1.750158 -3.686445
-1.421209 -1.002859
0.637813 0.138089
-1.247912 -0.599044
0.995647 -0.742958
0.391305 -0.819823
-0.689173 1.474218
-1.000321 -0.875699
1.138052 1.739558
-2.094928 -1.549519
0.508165 -0.016538
-0.775170 -2.560749
-0.606369 0.887408
1.395321 2.190702
0.675026 1.002175
-0.731239 -0.244055
1.384696 0.607374
-0.822384 -1.923510
1.172680 0.864211
1.892883 4.422863
-0.410489 1.192938
-0.002630 0.781756
1.510685 2.798779
1.824445 2.135417
-0.699442 1.725597
1.655360 2.944419
-1.444867 -3.370944
0.674940 -1.331218
-0.205835 -2.536780
0.508747 -1.921427
0.648203 -0.345213
1.141685 2.421694
-0.711164 -2.869983
0.908946 1.459540
1.043838 0.569728
0.521791 -0.777175
-0.554074 -0.820863
0.992472 -0.064076
-0.563493 -2.157170
-0.721881 -0.470388
-0.096202 -0.964435
-0.826336 -1.877409
-1.541694 -3.451149
-1.090800 -2.760244
1.205792 0.845743
-1.241771 -1.135431
-0.790954 -2.736550
1.226868 0.821117
-1.831830 -1.879622
1.503285 0.505735
0.246199 -0.949970
-1.518518 -3.258840
-1.737066 -1.077925
0.100542 0.177819
-0.676794 0.236135
0.728312 -0.921806
0.345717 -1.020733
-0.809690 -0.182024
0.468244 2.114559
-1.172726 -0.780325
0.469049 0.346536
-0.874258 1.390728
-0.115084 0.701229
0.306670 1.571819
0.778186 -0.154156
0.687242 -0.634584
0.615554 2.906900
-1.401050 0.910894
-1.057374 0.664425
-0.030156 1.702587
-0.234396 -0.944793
0.395207 -0.382956
1.463799 0.518466
0.369148 1.234018
-0.428628 -2.757098
-0.385690 -1.389581
-0.600746 -2.114578
-0.172091 2.051219
-1.048878 -2.342574
1.957600 2.361716
-1.026502 -2.647010
-1.391510 -1.837176
-1.355129 -4.348912
0.915081 1.898078
-1.204262 -0.533160
1.356254 0.799358
-0.533116 0.064413
-0.344658 -1.262460
0.716112 -0.236827
0.753127 -1.140446
-1.808665 -0.992015
0.584032 0.278500
0.034436 -0.882691
0.974487 0.511390
-0.488290 -1.421103
-0.701217 -0.984596
-0.906539 -1.755952
0.684774 -0.921512
-1.599216 -3.678690
-1.702928 -1.060531
0.544485 -0.134937
-1.642396 -3.131413
-0.198326 -0.147204
0.976115 1.615377
-0.385045 -2.996235
1.318962 1.609937
0.689143 0.414209
-0.507878 -3.365834
-1.573560 -2.691515
-0.115425 1.302401
-1.682161 -1.298741
-1.239031 -3.272500
-1.707209 -1.619585
0.068193 -1.762685
0.237446 -2.121989
-0.294316 -2.185435
1.037306 -0.419645
0.682642 0.366560
0.672180 -1.232038
-1.467708 -1.371585
-0.736416 -0.465180
0.169001 -2.361645
-1.437007 -2.842799
-1.404809 -0.159722
0.603281 -1.230333
0.879058 -1.387299
1.007899 0.735272
0.075929 0.676493
-0.254487 1.075123
-1.417381 -2.829352
-1.018726 0.406334
-0.946822 1.299911
-1.571095 -2.163035
1.121121 0.464476
-1.442804 -3.344765
1.503044 -0.362019
-1.363974 -3.059353
-0.924129 -2.930736
-0.699504 -1.598760
1.248894 0.157850
1.322535 1.649379
-0.835323 -1.134120
-1.541874 -1.862828
0.033927 -1.871482
0.739904 -0.920789
0.332422 1.012946
0.835638 0.206812
0.888647 0.143363
1.089396 2.036149
1.171751 -0.997545
-0.714752 -2.366461
0.163113 -2.583998
0.223195 -0.859604
-1.980915 -2.194408
-0.328590 1.216277
0.656109 3.386281
-2.150889 -0.677099
-1.077232 -2.350996
0.087791 1.792396
-1.011955 -2.208819
-1.438097 -0.914985
0.841396 0.763524
0.093645 0.866896
0.034780 -1.688815
-0.847176 0.656546
0.015239 -0.473436
-1.578995 -1.905355
0.750447 -0.001097
1.107949 0.789909
1.244931 -0.337617
-0.067856 -1.663259
-0.162215 -0.453535
0.493606 -0.857845
1.291061 -0.254039
1.256194 -0.846968
-0.548551 -1.991950
0.348782 -0.851189
1.270899 -0.794813
-1.080365 -0.584864
1.017459 2.819479
0.770083 0.287120
0.751186 -0.827222
-1.326811 -1.423544
0.429930 1.430303
0.455047 -0.453640
-1.937146 -2.635315
-0.993472 -1.095423
0.976403 -0.750588
-2.160016 -3.886011
-1.555947 -0.305513
-0.795857 -3.972705
-0.003081 -0.106553
0.288096 -0.049234
0.424512 -1.737290
0.616462 -0.816381
0.274930 -2.005556
0.884512 0.916427
0.483486 1.945234
0.654265 1.563566
-1.227775 -1.378715
0.542391 2.590530
-1.229504 0.955424
1.899375 -0.212021
-1.327542 -2.867954
-0.300431 1.004491
-1.053216 -2.788822
-1.559699 -2.917171
-1.505850 -4.306766
-1.535376 -1.362818
-1.618011 -1.500918
1.194128 1.998028
1.159656 2.553523
0.771968 2.310909
-0.069918 -1.173684
0.651347 -1.518910
0.337088 0.851703
-1.033789 -0.904948
-0.420706 1.776727
-1.705385 -2.267833
-1.215741 0.069980
1.201882 -1.524945
-1.285383 -3.010552
0.989850 1.369440
-0.380113 -1.384991
0.950889 0.338090
-0.769592 0.500385
-0.872215 0.179533
-0.558916 -2.791601
0.295256 -0.732118
-2.070631 -0.407437
-1.570695 -3.413564
-1.027178 -0.287106
-1.891588 -3.861802
-1.136714 -0.315755
-0.219933 0.586975
1.555676 1.293491
-0.912593 0.824219
1.683399 0.852579
-1.061961 -4.140273
0.851972 3.493437
0.517625 -0.637695
1.193382 -0.362581
0.595472 0.582842
0.455353 0.140742
-1.392391 -0.239566
1.714357 0.771137
0.219912 -0.967461
0.162175 -0.535803
-0.497246 -1.973601
-1.557731 -0.170782
-0.770928 1.019939
0.833041 -1.370753
-1.141210 -2.617363
0.747540 1.824374
-0.855953 -0.058463
-0.808793 -2.711099
0.511262 1.494622
-0.322546 2.065905
0.734501 3.529504
-1.493082 0.416929
-1.063161 -0.575803
-1.261753 0.119213
-0.612030 -2.109388
-1.541729 -3.966776
0.003663 -2.061923
-0.676498 -1.698431
-0.217411 0.152139
0.221252 1.408678
0.964255 1.955831
0.416243 -0.619927
1.042715 -0.069644
-1.058936 1.262270
1.442794 0.937430
-1.886383 -2.226831
0.759127 0.330502
0.782650 2.490996
0.018175 0.012075
-1.231871 -2.276620
-0.487792 2.052813
0.959620 0.383113
-1.507874 -1.257056
0.173059 -1.254136
1.082524 -0.455790
-1.137180 -0.207700
-1.356813 0.959527
-1.432472 -3.829938
-1.584810 -2.013789
-0.882305 -2.843309
1.069170 2.531425
-1.350348 -1.547349
1.412578 0.708465
-0.019580 -1.739281
-0.953518 0.371709
0.813161 1.187778
1.051526 -0.784975
-0.766107 -1.458568
-0.685601 -2.425613
-0.663519 -3.565465
-0.123986 1.556461
-0.833052 1.805529
0.479059 -0.084528
0.289441 2.261566
-1.473847 -1.416496
0.344293 -1.173830
0.427571 -0.470690
0.749110 -1.502393
-0.665143 -1.733838
0.559818 -0.585148
-1.867274 -0.574780
-1.483608 -3.914006
-1.958765 -2.869748
0.753427 -0.204446
-1.728090 -3.295028
0.401323 -1.514794
1.109805 -0.062594
-0.342469 1.991149
0.879624 -1.220515
0.877611 0.399572
-1.573941 -2.168628
0.839350 2.647325
0.940986 -0.081796
0.972770 0.877109
-1.283085 -3.391138
0.652997 2.098589
1.135016 -0.553714
-0.680355 -0.564371
0.102916 1.384968
0.468120 1.313965
0.712631 -0.947118
-0.355320 2.453813
0.272326 -2.228543
-0.012490 1.849202
-0.750405 0.188611
-0.925858 0.824802
0.756152 -0.282276
-1.077386 -0.024304
1.601770 3.098369
-0.780641 -0.925401
0.917521 2.742408
-2.236467 -1.111998
0.171589 1.623828
0.417679 1.347362
-0.849517 0.503691
-0.298872 1.174978
-0.322722 0.498728
-1.623384 -0.310839
-1.209932 -2.305931
-1.132358 0.351515
-0.739532 -2.088759
-1.153586 -2.251893
-0.960951 -1.694351
-1.674140 -1.080792
-1.418373 -4.316033
0.941278 0.071326
0.956334 0.324797
-0.488224 -1.197992
1.168910 0.801909
-0.929367 -2.792801
0.964220 -0.158164
0.479020 0.781529
-1.013088 -2.107616
0.783585 -1.560485
-0.712451 -2.507676
-0.311618 -0.545283
0.866981 -1.515454
-0.965448 -1.035847
0.488164 1.393994
-1.528336 -3.807881
-1.414414 -1.138732
-0.389830 0.700233
0.105949 1.844510
0.097173 0.745211
1.155034 1.941434
0.384079 2.355708
-0.411041 -1.459946
-1.251169 -0.787826
1.247928 3.557608
-0.619250 -3.032465
0.023166 -0.219582
-0.948408 0.788257
-0.023263 -1.589581
1.253374 -0.124551
1.333169 0.555878
1.061035 2.329289
-1.590065 -2.023327
-0.655333 -2.018094
-0.470651 -0.273335
-1.328756 0.086402
-0.072651 -1.319663
1.361730 0.148363
-1.934684 -1.195796
1.414560 3.090764
1.448010 1.308743
0.406253 0.743578
-0.494040 1.355865
1.274627 -1.305626
0.629024 -0.583493
0.957202 2.460394
0.268582 1.505935
0.466651 0.935538
-1.237115 0.215443
-0.249804 0.214672
0.581777 -1.046533
1.192820 -1.255725
-1.235046 1.329790
-0.663813 -1.081569
-1.464432 -2.918093
1.823924 1.534159
-1.725656 -3.908501
-0.017906 -0.282997
0.793192 1.589016
-0.915111 -2.440029
0.396152 -1.845578
0.245322 -2.397877
-0.514215 -0.229150
-0.256413 -1.502973
0.718604 -0.174913
-0.039898 0.543918
-1.034734 -1.000045
0.381474 0.870422
0.073756 2.328805
0.950995 0.887970
-0.654412 1.518704
1.372394 1.897162
-1.487824 -0.021046
0.741664 1.074902
-1.769833 -2.056334
1.561111 1.996159
0.814487 -0.471879
1.446709 1.177814
-1.111639 -3.574470
1.551838 2.430626
-0.572727 -0.968610
-0.781142 -1.307318
0.872868 -0.973827
-1.132423 -0.700238
-1.055448 -1.704191
-1.482114 0.359142
1.278280 3.055146
0.605372 2.010716
-1.558128 -0.063272
1.476493 -0.335520
0.494441 1.807666
-0.945724 -0.922196
-0.214146 -1.399595
1.245875 0.591471
-0.787467 -0.952620
-0.708043 -2.444087
-0.987473 -0.178103
1.107103 1.426482
0.781951 0.381241
-0.528310 1.160324
-0.756114 -2.840248
1.592184 1.572094
0.490013 2.050634
-0.846233 -0.168420
0.475858 1.828362
0.883283 1.271149
-1.251388 0.486228
1.102354 -0.799890
0.725299 2.686396
-0.113654 0.350949
0.672511 -1.118277
-0.003677 -2.313585
0.081551 -0.466786
-0.509221 1.445624
0.627862 0.329845
-1.170885 -0.235472
-0.589368 -0.704146
-0.063393 1.149303
-0.474945 1.666952
0.658530 0.357830
1.107510 -0.009506
-1.529839 -2.976916
-2.494619 -1.023457
-2.013656 -2.153076
1.407398 1.224298
0.802923 1.062706
-1.082633 -2.103039
0.179858 -1.455440
0.898066 -0.292607
0.758564 1.809274
-0.317479 1.044411
0.982612 -0.577106
0.075404 0.410627
0.225159 2.529279
1.081416 0.007469
0.153655 1.728065
-1.237306 -2.809558
-1.240343 0.814132
-1.955776 1.898886
-1.112843 -2.423529
-0.592040 1.205410
1.023792 1.023253
-1.532858 -1.581864
-1.225587 -1.735870
-1.369621 -1.213542
0.683010 -0.002361
-0.382905 -0.765728
0.814732 1.884420
0.384566 -1.797842
1.102017 0.195527
1.161975 2.547758
-1.647728 1.238152
0.800930 0.355278
1.141935 0.924422
0.773328 -0.785341
-0.413801 -1.542632
-0.329962 -1.728764
-1.291427 0.191277
-2.268570 -3.532275
1.219439 -0.837593
0.251888 -2.558918
1.054965 -0.038663
-0.184245 0.797907
-1.969518 -1.684458
-1.878181 -2.020268
-0.157807 -2.658343
1.238804 1.748541
-1.106487 -0.035805
-1.097523 -3.177084
0.891968 0.123656
0.449750 0.875498
-0.312480 -0.013340
-1.391104 -2.061822
-0.763632 -3.200159
1.352859 0.906926
1.534817 0.269977
0.900585 2.182575
0.655524 0.424039
-1.337556 -0.388325
0.373784 2.229454
0.534574 -1.895620
-0.987874 1.094994
1.465740 -0.225658
-1.697281 -2.892903
1.345317 -0.354010
0.481802 -1.439485
0.393071 1.021859
-1.906480 -0.634379
-1.329080 0.766283
1.684490 3.135916
-0.447655 -1.063009
1.399512 0.900852
-1.475955 -0.259166
-0.239858 -0.354346
1.049656 2.174973
0.539212 1.421775
0.512779 0.492794
-1.103526 -0.623322
0.665312 -0.937063
0.977432 2.177453
0.658278 -0.847368
1.518250 1.909805
0.568224 -1.261961
1.232532 0.203110
0.141843 1.816699
-1.498140 -1.465824
-0.211116 -2.177855
-0.266693 -0.299540
1.008447 0.065698
-1.086271 -0.558827
-1.883104 -3.482656
-1.035241 -4.051963
-0.794014 0.130009
-1.777795 -1.421314
-0.368658 -2.585451
0.728055 0.530103
-1.265774 0.320952
-0.333930 0.576132
-0.736306 -3.224646
-1.408079 -1.561460
0.013657 -1.479699
0.563422 -1.447812
-0.415756 0.922024
0.402566 0.900967
0.988228 1.835680
-0.899311 1.211826
0.964504 -0.969378
1.110039 -0.755961
0.124925 1.957016
-1.013794 1.070839
0.984967 1.851389
1.063691 2.795062
-0.970673 0.287008
-0.848281 -2.831842
-0.016991 0.285771
-1.022538 -2.210070
1.596204 1.264203
-1.467559 -3.247076
0.209491 -0.214778
1.559284 1.205576
1.436992 0.408980
-1.756318 -1.730542
1.006330 -0.670919
-0.897801 1.821406
-0.265900 0.520121
-1.255295 0.174851
0.396920 0.394888
-0.465504 -1.049435
-0.781480 -1.985538
0.641411 0.709139
1.831896 2.482976
0.635306 1.686394
-0.508912 -2.002546
0.212862 -0.631994
-1.962962 -3.481508
-0.681168 0.396104
-1.596653 0.737485
-0.381625 0.785877
0.063126 -2.238055
0.916304 -0.721738
-0.427799 -1.490752
0.482562 -2.091157
0.006116 -2.785470
-1.164578 -2.946375
1.329264 3.109729
-1.311510 -0.537488
-0.612014 -1.310068
1.486842 -0.601199
1.374140 1.522542
-1.144155 0.617019
-1.388087 -0.294147
1.014958 1.704032
0.017539 0.352811
0.186893 -2.429536
-0.238669 -0.792784
1.352695 2.765794
-0.149569 0.389843
-0.739004 -2.883949
0.232590 -1.986785
0.988332 -0.182279
-0.982217 0.310933
0.941824 0.028382
0.805770 -1.185087
-1.291227 -4.006209
-0.456310 -3.064928
-1.292875 -0.979166
-1.237093 0.159298
0.362004 0.120401
1.380822 1.538261
0.290532 -2.334361
0.208887 -1.213790
0.433907 -1.009035
1.122836 1.115682
-0.518159 -1.186176
1.926641 0.333972
-1.504591 -0.406199
0.870248 -0.838696
0.156832 -2.256075
0.087135 1.427949
0.215684 -1.100222
-0.939596 1.363959
1.039391 1.567023
0.459547 2.102623
0.399435 -2.137842
0.594380 -0.305354
0.789097 2.049443
1.822573 1.126935
-1.524658 -1.347064
0.831519 -1.826325
-0.642660 -2.238746
0.737148 -1.726997
0.492253 0.401322
-0.597174 -0.031745
1.391326 2.433185
0.934139 -0.808744
0.817029 0.503080
1.092517 1.199778
-1.002601 0.514375
-0.507521 1.017684
-0.719928 -1.019269
0.227652 1.561286
-1.531768 -0.431993
0.312569 -0.561083
0.303015 2.563958
-1.008089 0.840157
-1.673796 -1.265723
-0.856591 -2.748146
-0.915892 -1.388581
-0.973499 0.910082
-0.074435 -0.946314
-0.136334 -0.662134
-0.266976 -2.340647
0.302362 -0.329018
-1.935354 -0.686482
-0.130856 -2.189758
-1.490580 1.062985
-1.998081 -1.698595
1.326836 -0.453454
0.237604 0.116609
-0.124933 -0.981700
0.376976 0.509218
-0.325212 -2.289482
0.861502 -0.596566
0.578456 1.990844
1.448531 0.061602
-0.726504 -2.906618
-1.110732 0.586291
0.984002 0.135496
-1.657322 -4.348060
-0.880862 0.494409
0.277009 -0.753711
0.060224 -1.476649
-1.465187 -1.796247
1.954803 3.807689
1.062130 -0.140191
-0.940020 -3.297543
-0.277693 -2.774410
-0.007160 -0.081890
-0.495176 -1.348573
-0.913883 -2.258693
0.957053 1.134260
0.984079 0.535238
-1.050286 1.071182
-0.610998 -0.413691
-0.815808 0.592935
1.199970 1.534089
1.371953 3.282564
1.191814 0.384157
1.298911 3.036181
0.760018 -0.564580
0.294975 -0.470008
-1.026582 -0.456052
1.088901 -1.148998
-0.007670 -1.269295
1.413294 1.871703
-1.269379 0.051055
0.038944 -1.680585
-1.405261 -2.647074
1.105267 0.880079
-0.824648 1.583817
0.836539 1.097798
0.767213 1.242958
1.517699 0.944246
-1.368092 0.729886
-0.393929 0.687741
-0.717718 -4.079613
-0.598655 -1.926695
-0.000347 -2.229365
-0.278353 0.784641
-1.362043 -3.405632
-0.768520 -2.633793
-1.679544 -2.275731
-0.303665 1.282072
-0.052802 -1.153504
0.144774 1.178633
-1.069254 0.840125
0.813769 0.635160
1.595434 -0.005704
-0.678523 1.501602
0.580030 0.959956
0.524570 0.535519
-0.080653 0.677017
1.297802 2.757099
0.972133 0.877781
-1.516869 -2.509062
0.458529 0.828360
-0.307848 -2.874002
0.997342 1.152038
-0.923043 1.246963
0.565691 1.580147
-0.351693 1.783505
-0.937350 -3.867954
-0.392819 -1.188722
0.692714 -0.351113
0.900122 0.236743
0.357877 -1.780680
0.239642 1.878164
1.260268 2.909172
-0.766341 0.887670
0.225542 -1.306965
-0.963922 -3.685561
0.387988 2.480976
-0.577613 -1.219722
-1.481875 -2.967283
0.765796 2.208250
-1.320317 -0.286129
1.364881 0.262641
-1.764616 -2.886751
1.125997 1.294423
-0.973531 -2.966981
-0.797223 1.923117
-1.419726 -3.937462
-1.673992 -2.097730
-0.544545 0.216328
-1.749920 -1.546322
-1.505575 -5.347820
-1.069079 -3.482492
-0.031633 1.942614
-1.154203 0.987550
0.483371 0.965213
-1.601546 -2.010504
0.187367 1.713470
-0.264834 -2.609641
-0.727538 -2.383637
-1.185485 0.421475
0.891770 -0.353878
1.529389 2.580549
-0.662704 -2.952467
0.407993 -2.910847
0.870742 2.498283
-0.321795 -0.726993
-1.249546 0.458886
-1.362328 -1.387914
-0.006863 0.448204
-0.341313 0.595306
-1.232107 -1.888446
1.055926 -0.410788
0.210679 -2.002857
0.497726 1.358596
1.268546 1.613339
-0.489849 0.420824
-1.845234 -0.846044
-1.371412 -2.741030
-0.394603 -0.478746
0.105546 -0.446438
1.164741 1.211705
-1.049571 -1.075799
0.983034 1.866258
-1.551189 -3.727442
-0.583371 -1.717601
-0.119909 -3.054419
-1.249813 -3.596627
0.158670 2.099012
-1.248542 -0.486292
-0.280817 -1.668326
1.706379 1.129148
1.226610 0.423835
-0.810816 1.450042
0.358088 -1.610313
-1.666203 -2.583574
-0.366601 -0.816187
0.470850 0.988701
-0.250264 -1.647454
-1.731207 -0.320776
-1.040066 0.603252
0.337924 0.653102
0.490696 1.495142
0.116420 -1.339478
-1.647068 -0.373167
0.699703 0.594847
0.130479 1.639178
-1.524834 -2.514686
1.147957 1.161893
-0.393761 0.447054
-1.638369 -0.697851
-1.200212 0.788168
0.600260 2.245231
1.301508 2.101501
0.908990 1.433374
1.466188 2.968205
-1.559642 -3.036928
-1.886864 -4.443549
0.471129 1.203070
-0.455530 0.401772
-0.839637 -2.817087
-1.482370 -4.198703
-1.162180 -2.659404
-0.976590 -0.990433
0.727211 1.907148
0.754520 0.872902
-1.004710 -0.246648
0.214365 1.696301
0.404233 0.229930
0.947316 -0.672235
1.931417 3.230019
-1.205201 -2.852980
-1.774725 -0.416664
0.160728 0.617186
-0.741115 -2.921660
0.951250 -0.481683
0.817948 0.707574
-1.971470 -1.051465
1.612473 2.142873
0.358631 -0.409309
1.275611 1.335723
0.028412 1.139887
-1.282737 -3.386792
0.951162 -0.165594
1.430342 0.390711
0.849196 0.663861
-0.817725 -3.132269
0.260154 -1.494950
1.021941 2.606405
-1.423642 0.566789
0.863586 -0.540614
0.537085 0.871157
-1.127674 -2.833791
-0.320243 0.492797
1.933811 -0.408096
-0.798962 0.991553
0.271715 0.426996
0.043874 -1.697358
1.971876 2.029973
0.473670 -1.182196
0.774913 2.620027
1.684766 1.514358
1.210622 1.916811
0.116276 -1.517826
1.242214 2.203896
-0.008042 -0.184120
1.534720 1.844586
1.939026 2.671808
1.394588 2.422237
1.358103 -0.592981
0.655174 0.053679
0.581455 -1.957947
-1.632894 -1.523006
-1.186420 -4.247493
0.147531 1.746508
-1.112237 1.629632
0.916130 1.683231
0.670014 0.178474
-1.308042 -1.018453
-0.432010 -2.097214
-0.982680 -2.341799
1.428851 1.892339
1.014569 1.926811
-2.159970 -4.116127
-0.168582 -0.309565
-1.337816 -2.158710
-0.936356 1.727599
1.122268 0.862711
1.647085 -1.128366
-0.420424 -1.041017
1.695303 1.183756
0.973926 1.491259
-0.017161 0.040119
0.807649 -1.940222
0.485621 0.494276
0.368792 -0.231485
-1.691571 -4.451394
-0.321547 -0.746685
-1.279668 -0.126666
1.776825 2.912122
0.015517 -1.442167
1.137931 1.168966
-0.293371 -0.878361
-2.217652 -2.540020
-1.304232 -2.966720
-1.307181 -3.485109
-0.646569 -0.761228
-1.401702 -2.747686
0.478868 -2.018952
0.108380 -1.488828
-0.985723 -2.175698
-0.203712 -1.636350
1.208681 0.217100
-1.353641 -2.550427
0.329447 -0.736435
-0.116693 -0.834373
1.689399 3.531405
0.869610 1.130177
-1.731059 -1.474370
-1.370942 -1.686210
-1.847234 -4.352418
1.193578 1.511217
1.451727 1.593321
-1.664245 -2.604882
-1.566444 -4.176776
-1.036220 -1.710625
0.119666 0.781785
-1.781657 -3.575783
1.369968 2.904155
0.842349 0.725554
0.144620 1.588652
-0.034247 0.056729
-1.572859 -2.150647
-1.150656 -2.070990
0.160267 -2.204778
1.457961 2.372952
0.111597 -1.691828
0.966030 -0.070442
1.101615 1.072569
-0.598192 -2.852223
-0.517079 -3.151809
-0.833129 -3.035831
1.259388 -0.619217
0.074634 -1.693073
-0.085011 0.700657
1.069187 3.256160
-1.911846 -1.780646
-1.443515 0.044018
-2.247430 -2.014171
-1.392923 -3.320864
-2.228720 -2.321346
0.004791 -3.038735
-1.251501 -0.719566
-0.420752 0.840081
0.039487 -1.043906
0.174048 0.083726
-1.089553 -1.575756
0.031970 -1.176860
1.142834 0.273774
1.194903 -0.133856
-2.019635 -2.845415
1.100578 0.659462
-0.322180 -1.523393
-0.185153 0.033596
0.702545 1.820286
1.181043 1.295921
-1.039204 -3.180810
-1.860963 -1.652122
-0.913163 -2.031353
1.499151 1.217183
-0.888745 0.631478
1.008144 -0.665389
-0.056613 0.417275
1.241379 0.646011
-0.074158 -0.544300
-0.421334 -0.062863
-0.629277 1.230742
-1.088140 1.259262
0.181208 -0.508360
1.641136 3.035111
-1.083078 0.018414
-0.628914 -0.503842
-1.144238 -1.828729
-0.891405 0.273812
-0.296296 0.818299
0.315410 -0.786770
1.149145 1.721223
0.455058 1.952364
-0.376857 0.383852
1.372696 0.023450
-1.818360 -0.550068
-0.614770 0.869370
0.267704 -0.667044
-0.719554 -4.026598
0.095518 -1.924401
-0.185774 -0.479201
-0.371986 -1.438321
-1.538347 -0.525745
-0.223085 -2.654336
0.431600 0.386717
-0.144377 -0.279329
-1.821810 -1.257120
0.654875 1.863030
-0.164117 0.040912
0.088916 0.270545
0.550502 -1.751955
1.976350 -0.370735
-1.323714 -3.015412
-0.723359 0.525656
1.677785 0.395521
-1.067244 -1.272280
-0.441508 -1.640574
-0.563483 -0.578390
-0.949768 -0.209735
-1.448666 -3.576494
1.103456 0.238121
1.151095 1.549777
1.114398 2.834560
0.054174 1.272047
-1.681339 -0.974237
1.020087 0.667587
-1.846020 -1.824980
-0.646654 -1.682450
0.562166 1.585153
-0.193192 -2.869123
0.129034 0.078019
0.719780 -0.013416
0.599239 -0.301994
0.429133 1.230492
-0.261849 -2.010944
0.659155 -0.182668
-0.047931 -1.801131
1.181026 -0.288799
1.138692 2.858119
0.427637 -1.950822
0.707097 0.302655
1.366654 -0.412404
-1.519055 0.014794
0.553078 -0.363627
-1.287174 -3.101144
1.359807 0.310465
-1.188836 -0.417541
-1.449300 -0.154110
-0.383149 -0.641896
1.134497 1.613009
0.380554 -0.160587
1.553882 0.764349
1.182648 1.621863
1.130111 1.164382
1.159731 -1.675633
-1.214298 -2.864563
-0.730087 -2.712370
-1.168309 -0.427231
-0.315803 -1.308112
-0.450089 -0.636411
1.558533 2.757743
-1.227647 -2.951834
-2.103677 -2.364035
0.352039 -0.327513
-0.620534 -2.486437
-0.018494 0.722766
-1.401069 -0.237494
1.401869 0.343729
-1.094540 0.071666
-1.115558 -1.781312
-1.346227 -2.427525
1.634321 0.780922
-0.676494 1.031763
0.265437 -0.458885
-0.704337 -0.496322
-0.729179 -1.017012
1.475955 1.037831
1.826225 1.909519
-0.499474 -1.592404
1.045339 0.156198
0.130601 -0.738887
0.546392 1.159755
-0.313305 -2.641405
-0.122358 1.343990
0.761320 0.292045
0.256081 0.794154
0.088701 -1.112804
-1.449458 -3.268970
0.709334 0.170566
0.581624 1.905799
1.256824 2.879421
-0.610375 0.789030
-1.037323 -3.565282
-0.407045 -2.571767
-0.048698 1.860040
-1.623117 -1.217853
-0.430142 -2.116372
1.471615 0.438366
-0.167684 0.267870
-0.647928 -2.687192
-1.650625 -1.060826
-0.167412 0.506055
-1.033835 1.171373
-1.526174 -1.564344
1.354664 2.298916
-0.561789 0.738981
-0.359357 0.906880
-1.399436 0.779832
0.091342 -0.403708
-0.110995 0.256650
-0.979762 -3.133044
-1.006980 0.780772
1.024103 2.283447
-0.218425 -1.240355
-0.765296 -2.003816
-0.103133 -2.616724
-0.699484 -3.670492
-0.520140 -2.784271
-1.107045 -0.174337
1.260311 -0.684382
-1.358743 0.401713
0.760677 0.324313
-0.825000 -0.106155
0.701347 -1.134987
-1.304617 -1.014221
-0.443069 0.612148
1.346504 -0.392252
0.182038 2.160469
2.121648 1.078375
-0.399791 1.476859
-1.517671 -3.321306
0.698973 1.328604
-1.156850 -2.374923
-0.538785 1.057095
-0.296053 0.993007
0.114730 1.812363
-0.352598 1.239850
-1.207876 -0.841239
-0.301342 1.665018
0.854895 0.181048
-0.005373 -0.094355
-1.564297 -1.097943
1.088545 0.985342
-0.833956 -3.699236
0.499857 0.887120
-0.369576 1.538473
1.436580 1.179029
-1.803774 -2.458916
0.220660 1.097311
-0.088615 -2.336958
0.184325 -0.444355
-0.357466 1.644729
-1.319699 -3.387479
1.152917 -0.127021
0.446394 2.066766
-1.008631 -0.878576
-0.033202 1.023310
-0.871659 -3.353040
0.683022 0.010352
0.143445 -0.690767
0.808733 0.803043
-0.250699 -0.966625
-0.802483 0.498671
0.368596 -0.691944
0.627009 -1.302940
0.848607 1.532628
-1.294181 -0.589749
-0.407637 -0.836212
-0.531568 0.191129
0.352461 0.195285
0.363700 -0.586361
-1.894099 -3.440265
-0.081263 0.395800
1.258746 1.246576
-1.525860 -2.337186
-1.596889 0.587264
-0.036774 1.017137
-1.715243 -2.370188
-1.102168 -0.897840
1.539077 0.200825
1.056302 0.160140
-2.149434 -1.897880
1.316638 0.497859
0.550156 1.689858
-1.711234 -2.228520
-0.030214 -0.330781
0.165072 -0.755145
-0.398578 1.009217
-1.324545 -1.858043
1.499317 0.146978
-0.278413 -3.257707
0.232075 0.206788
1.275248 2.885712
0.838488 0.029548
-0.415591 -0.861248
-0.834714 -2.124731
-0.665382 0.245715
-0.517561 0.633459
-0.144871 0.644913
-1.141373 0.421850
-1.381889 -4.588130
-0.506999 0.623698
1.699634 1.463082
-1.553560 -1.945815
1.050341 1.418731
-0.543085 0.921227
-1.844771 -3.625826
1.476102 -0.514743
-0.706808 -3.658979
-0.681686 0.364928
-0.841732 -2.020147
0.591240 1.838011
-0.828864 -1.772832
-0.077701 1.452293
-1.765735 -1.820022
-1.545608 1.204438
-1.581161 -1.887327
-0.693155 -3.147880
-0.860569 -3.160242
-1.959044 -4.490856
0.836899 -0.835676
-1.705675 -1.327805
0.050457 0.349634
-0.644827 -2.904059
-0.556797 1.080941
-1.542170 -2.460967
1.630927 0.329954
0.876419 2.991023
0.193945 -0.339303
0.040687 -1.730769
1.779017 2.724455
-0.369479 -3.009284
0.548163 0.200982
-0.603576 -0.076056
0.789831 1.887870
-0.087575 1.783600
-0.359882 2.301876
-1.745489 -1.470465
-0.327136 1.567848
-1.055845 -3.472616
-1.534539 -2.132671
-0.537063 -0.688218
-1.467520 -0.796298
-1.058614 -0.826923
-1.661150 -1.785224
-0.931905 -2.759745
0.093610 -1.174874
-0.611545 0.735503
-1.171154 0.057405
1.012027 1.319936
-0.779142 0.149590
-0.771995 -1.512776
0.457502 -2.352067
0.457547 -1.593785
-1.540166 -3.395583
1.184512 -0.974818
-1.486443 -1.467001
-1.095937 -3.813145
1.730774 -1.166529
0.448404 0.481214
-0.596280 -0.120454
0.069278 0.409872
-0.084082 0.694118
-1.565378 -1.386237
-1.064109 -2.072717
-0.245651 -2.433561
0.043342 -2.892417
1.078698 3.009435
-0.966916 0.440995
1.304442 2.627537
1.686793 0.744241
0.511979 1.277554
0.278118 -1.622604
0.795036 1.971863
-0.416360 -0.612596
-0.702077 0.868595
-0.946952 -0.208239
-1.679766 -2.171462
-0.181134 0.078201
1.724685 2.100078
-0.796888 -1.539151
-2.010472 -3.029164
-1.041161 -3.125858
-0.317255 -0.815942
-0.503049 1.745703
0.046064 0.271221
1.107232 -0.939403
0.979326 1.416391
1.305904 1.645091
1.245777 -0.446435
-0.048898 0.860399
-1.418088 -1.575606
0.506569 -1.311336
0.453408 0.341545
0.644582 0.373410
0.966094 2.245615
0.040915 -0.976924
-0.120974 0.840955
0.667200 2.196232
-1.338305 0.452807
-1.330502 1.658364
-0.077783 -2.335316
-1.917286 -3.732226
0.738665 -0.111537
1.186954 -0.747401
-1.536436 -0.924496
-1.217403 -1.774562
-0.276607 -1.215818
0.464342 1.835372
-0.287009 0.948003
0.887160 2.079829
-0.932189 -0.725310
-0.078537 0.769759
1.022011 1.371825
0.734576 -1.307529
1.228433 0.334235
0.854946 1.248656
-0.520828 0.147450
-0.914401 0.760377
-0.835951 -1.851683
0.561535 0.097823
0.779261 -0.040358
0.787241 2.783765
1.562015 1.500498
-0.210487 0.352700
1.078797 1.172948
-1.400892 -1.888900
-0.662313 -2.932449
-0.923704 -2.049719
-0.314874 2.393138
1.360914 -0.956365
0.292007 1.411852
-1.311334 -3.504916
-1.162674 -2.181090
-0.981787 -4.744559
-1.112198 -3.066901
-0.354036 -1.474836
1.320037 1.044990
-1.701586 -1.492269
-1.083063 -2.284526
-0.561885 -3.062605
0.623588 0.165023
0.866149 2.477659
-0.050934 1.774739
-1.305702 -3.849740
1.397445 2.621376
-1.180637 -0.895136
0.342257 -1.549722
0.351292 0.057861
-1.650807 -0.657976
0.976604 1.812209
-0.661343 -3.704122
1.343478 1.408307
-0.427377 -0.127151
0.834347 2.099798
-0.599536 0.414648
-1.106359 -0.158386
0.429994 0.780379
-0.050822 -2.192533
1.443007 2.136937
-0.132529 1.806597
-0.121012 -2.916412
-0.632334 -1.885374
-1.312226 0.500013
0.174596 1.792927
-1.307795 -3.537561
1.365050 2.589516
-1.971295 -3.029324
-1.274310 -2.201280
1.605797 2.318151
-0.906784 -3.302535
-1.329471 -2.694613
-0.261638 -2.037524
1.173244 2.880934
-0.225617 -1.641995
-1.802438 -0.813384
-1.804482 -1.669216
1.767069 -1.199760
-1.403363 -4.170814
0.699306 1.728575
0.015740 0.385898
-0.962325 1.415076
-0.775303 -2.227752
-0.769308 -2.861833
0.162824 0.151496
-0.151058 1.362496
0.419061 -2.474863
0.669778 1.898832
1.760747 0.759974
1.670263 2.194664
-0.535849 1.127698
1.306525 2.160419
-1.110431 -0.667839
-1.281716 -1.317569
-0.251456 -0.604109
-1.246835 -1.501008
-1.807940 -1.212455
-1.540691 -0.808540
-1.046296 -1.638117
-1.705742 -2.418060
-1.406845 -2.723804
-1.216593 -1.290062
-0.878528 0.218301
0.096014 1.199256
0.792087 1.925501
0.356081 -1.045562
-0.017663 -2.724306
1.111290 -0.614675
-1.443154 1.101708
-0.774556 0.827480
-0.595276 -2.698226
1.471523 1.585057
0.644369 2.075061
0.105372 -1.974528
-0.431621 1.047682
0.797562 0.206094
1.613670 0.341431
0.382323 -0.261134
-0.917988 -2.322006
-1.117431 0.325664
0.406299 1.564741
-0.784676 -1.158381
0.812760 2.227839
-1.501578 -2.569097
0.092957 0.966303
-0.609673 0.067509
0.206599 -1.833404
1.313485 -0.618484
0.127945 1.589917
1.852361 0.660942
-1.545490 -3.154299
-1.106473 -1.974185
-1.374283 -3.637823
0.527973 1.929841
0.570742 1.266379
-1.314606 -1.832405
2.125798 1.129044
0.762152 1.310649
-0.514935 0.345431
-1.278932 0.367406
-1.850500 -3.292853
-1.568298 0.178033
0.964667 -0.923856
-1.123523 -0.114183
-0.836583 0.972948
-0.713254 0.231973
-1.045209 -1.710927
1.056131 0.763136
1.439335 1.075645
-1.053403 0.633873
-1.050894 0.215729
-0.880545 -2.476268
1.617960 -0.543296
-1.158938 -2.116279
0.466885 1.518217
-1.653848 -3.020984
-1.273103 -0.921350
-0.149995 -2.597451
-0.728767 -1.775712
-1.532417 -1.275820
-1.669425 -1.434810
0.996762 0.211247
0.337318 -1.384083
0.552898 0.246190
-0.289874 0.514275
1.762878 0.293155
-1.376253 -1.756827
-1.045532 -3.357139
-1.556077 -1.224509
-1.242277 -3.614183
0.557320 1.900954
-1.419733 -0.052867
-1.153012 -0.636996
-0.975108 -0.270074
-1.628793 -0.798955
1.700996 -0.120909
0.550577 0.817060
-1.188168 -1.382026
0.627525 -0.088354
-1.358736 -0.701434
1.400527 3.443259
0.437725 0.934582
-0.067890 1.598103
0.453584 -1.363416
-0.833540 -3.062236
-0.288672 0.550336
0.945518 -0.725962
-1.352925 -3.634339
1.022886 2.336935
0.160454 -0.418177
0.942064 2.092215
-0.185661 0.353402
-1.279129 -2.999756
-1.212551 -1.899871
1.067090 0.498266
0.449805 0.048236
-0.278742 -1.180688
0.979446 2.505371
-0.379594 -0.209056
0.843253 0.386438
-1.069396 -2.866728
-0.702755 -0.188215
-1.586956 -0.839566
-1.399401 -0.195137
-0.751028 -2.766483
-0.583510 0.620531
-1.566293 -1.397038
1.254685 1.461906
-1.448159 -0.475250
-1.778728 -2.522894
-1.300432 -3.491381
-1.041244 0.289885
0.019851 -1.543613
-0.360772 -2.177498
1.000462 1.954760
-0.901662 -1.960346
-0.175832 0.539304
-1.083502 -0.289025
-0.497626 1.506267
-0.602325 -2.097562
-1.371768 -2.873436
-0.541192 -2.165285
1.780256 1.162476
0.610753 -1.569794
1.033767 1.204075
0.770955 -0.299868
-0.881257 -0.313565
0.447490 1.566518
-1.982669 -2.027669
1.520264 1.732456
0.568635 0.926600
-1.751558 2.498978
-0.817473 0.137773
0.870757 1.565795
-1.858665 1.288701
1.074781 -0.736562
1.161512 0.183040
-1.037928 -3.120015
0.416993 1.435962
-1.009426 -1.490635
0.977287 -0.308413
0.119579 0.049798
-0.614492 -2.415873
0.185053 -0.458667
-0.655776 -0.221263
0.924092 -1.251731
-0.717292 1.519618
-0.406443 -2.307791
1.038045 -0.610956
1.366502 2.565270
-1.398604 -0.295131
0.122901 -1.407766
-1.702520 -0.619684
0.990235 2.694853
-1.465239 -0.678682
0.669334 1.595122
-0.302600 0.334215
-1.359267 -1.927784
0.918400 0.195176
1.401133 -0.100200
0.462897 0.554612
1.017795 0.821433
-1.238423 0.855233
0.485530 0.606847
-1.355953 -1.485826
-0.206028 0.336824
0.339923 -0.880379
-1.448019 -3.522106
-1.190833 -2.127981
-0.678003 -1.592829
-1.390210 -3.335669
-1.147364 -3.104722
0.985040 -0.717801
0.767170 2.087192
-1.448832 -4.184680
1.079010 2.170286
-1.011618 -3.657420
0.560274 0.988598
1.117361 2.084656
-0.055772 1.430874
-1.119368 -0.164508
0.173350 0.313873
0.572450 -1.475429
-0.998444 -3.376662
-1.010645 -3.335173
-1.179186 -2.668423
1.593259 2.174420
1.011106 0.067456
-1.134989 -0.043170
-0.974077 -0.330764
-0.162324 3.205452
1.847323 0.223558
-0.685869 -2.902211
-1.930499 -3.850515
-1.045476 -2.892717
-0.458893 -1.994850
-0.699184 -0.190535
0.765591 2.041267
-0.914402 -2.934412
-0.180196 -2.448411
0.940903 -0.747955
-1.342233 -2.378359
-0.766804 -3.421061
-1.407967 -1.038139
-0.546939 0.594114
0.058135 -0.524000
-1.223472 -2.110891
1.047256 1.529133
0.706346 -0.295778
1.698125 0.680706
1.240924 -0.785163
-0.023569 2.105167
1.716548 2.820007
1.040273 2.148588
0.312213 -1.689023
0.808168 0.457793
-0.207414 -0.213754
-1.297778 -3.109420
-1.431525 -2.978329
-1.421090 -2.342723
0.578507 2.117091
-0.396283 -1.914137
-0.646895 -0.410481
-0.536097 1.557073
-1.414050 -1.124374
-1.144124 0.346349
-1.825893 -1.824613
0.003676 1.722559
-1.513703 -0.346003
0.920594 1.582982
0.377628 1.115548
1.006074 1.042719
0.398878 0.714926
-0.939646 -2.972973
0.607814 2.471979
1.791211 1.449996
-1.069711 -0.343490
-0.783275 -0.199779
-0.793033 -2.923260
0.274178 -1.093900
0.791515 2.175102
0.219651 -0.526218
1.252150 1.321258
-0.322230 0.687994
-0.363458 -0.793886
0.123098 1.567694
-1.310878 -2.518970
-1.521133 -2.724164
-2.061688 -3.118698
-0.737416 -2.257241
-0.057201 -0.263083
-1.237553 -2.912501
-0.112331 1.859111
-0.462862 -0.527091
1.821462 2.140455
0.092261 -0.003515
1.062728 -0.000932
0.104720 0.408200
1.457555 0.004357
-0.978937 -3.260159
-1.093546 -0.072722
-0.049671 -2.335047
-1.535659 1.140262
-0.031335 -0.521182
-1.511432 0.366449
0.773680 0.883038
1.516509 2.110263
1.366254 -0.344909
-0.054731 -0.145968
-0.621207 -1.676661
-1.146905 -0.352210
-1.560222 -1.072088
1.810272 -0.522893
-1.710475 -2.437589
-0.398371 -1.942272
1.589718 0.844999
-1.301934 -1.947783
1.098765 0.348343
-0.900901 0.530715
0.909397 -0.906551
-1.294903 -2.647409
-1.589252 -2.825929
0.653053 -1.439260
-1.407558 1.192546
0.778858 -1.069388
0.376641 0.044483
-0.402390 0.270433
0.549845 -0.835949
0.817088 1.968153
0.562644 -1.612972
-0.122193 -1.487345
1.316720 0.984437
-0.282547 -1.863995
-1.248354 -1.719746
0.857939 -0.973282
0.803822 0.738832
1.136147 0.280712
-0.554467 -0.648555
-1.147277 -2.502656
-0.035723 -1.869506
1.562992 1.129723
-1.361114 -0.877127
-0.178950 0.105685
-0.241576 -0.439760
0.694313 2.283476
-1.357455 -0.824463
-1.616000 -4.166217
-1.568181 -3.250305
1.761786 1.097469
-0.379532 1.499040
-0.783555 -1.418487
1.500107 2.655281
-0.693854 -1.986150
-0.364604 0.203116
-1.155554 -3.411636
-0.776994 -3.232530
-1.309888 -1.546300
-1.282374 -1.449737
-0.161926 -1.753390
1.393502 -0.753609
1.196877 2.131900
-1.564780 -1.825242
-0.747036 0.543581
1.434848 1.145552
-1.520156 -2.829388
1.086037 0.742442
-0.952037 -3.246006
-0.977676 -2.602626
0.146911 1.711297
-2.033353 -1.287485
-0.615278 -2.039483
-0.026381 -1.859002
1.243654 0.215836
-0.598776 -1.729104
0.269920 1.459499
-0.128822 -0.215592
0.419605 -1.820423
-0.033148 -2.317037
-1.359835 -4.532288
-0.311526 1.531020
0.663937 0.621614
-0.681505 1.078294
-0.289386 1.407976
0.485650 -1.806010
-1.446218 -3.500830
-0.541012 -2.030921
-0.344226 1.617177
-0.493481 -1.145997
0.626339 2.561463
-0.550364 -0.195416
-1.482142 -1.651049
0.183191 1.441403
-0.464022 -0.343967
-1.625589 -3.878863
-1.060061 0.996288
-2.179119 -2.358840
-0.770096 0.578040
-0.219221 -0.234554
-1.043811 -0.541262
0.954733 3.267347
0.842161 1.801451
0.136577 -2.835558
0.885471 2.050454
0.946232 0.383516
-1.891354 -4.276573
-1.732341 0.453379
1.192898 2.785931
1.433323 0.206330
-1.142379 0.047575
-1.152130 1.001718
0.005765 -1.601695
0.014625 -0.103814
-0.210623 -1.684409
1.787657 -0.343459
-1.359093 -1.105807
1.639939 0.065052
-0.332195 1.063707
-0.907772 -0.583403
0.797290 -0.545811
-0.039349 -2.279688
0.276462 -0.428629
-1.017159 1.022293
0.939849 -0.124521
0.727574 0.842557
1.707017 2.282347
-0.823184 -1.663426
0.149561 -2.191885
-1.021050 0.156882
0.212027 -1.396403
-1.738346 -4.688228
-1.652971 -3.312634
1.227381 1.346895
-0.674263 1.414311
0.796477 2.135069
-1.111156 -3.261694
0.657140 1.046386
1.299300 0.152169
-0.420197 -0.659307
-0.989791 -0.415085
-0.237834 -0.285866
-1.447664 -2.891259
-0.775499 1.256435
0.737698 0.867697
-1.575402 -1.937479
-1.663568 -1.005951
-1.352700 -3.767985
1.379158 1.780099
-0.303205 -1.411864
0.751352 2.346804
-1.782196 1.940743
-1.370284 -1.668368
-0.329318 0.676339
-1.491607 -1.701742
0.386337 -1.259614
-1.307296 -0.753291
-0.104571 1.696368
-1.643363 -1.122519
-0.903000 -4.055223
-1.721225 -1.896002
0.012522 -0.314875
-0.336471 -1.914326
1.640020 1.049289
0.364557 -1.007358
-0.194219 -2.713856
0.206189 1.126465
0.570122 0.091110
0.662596 -0.084484
-0.876271 -0.833152
0.286180 -1.586410
0.297687 -2.383558
0.181460 0.925510
-0.658376 -2.003298
0.360664 2.046402
-2.114245 1.243244
-2.537997 -4.049847
-1.212525 -2.850812
0.668813 2.946464
2.029096 0.965164
0.463745 1.696575
0.028349 1.107755
0.695158 1.009733
-0.028318 -1.391424
-0.767090 2.281235
-1.248484 -3.299075
-1.644970 -3.547637
0.964478 1.789277
-2.007572 1.953958
-1.355012 -0.639027
0.138711 -1.722805
-0.227288 1.799947
-1.497148 -2.457846
-1.468261 -1.900600
0.885704 2.683336
-0.205191 -0.320090
-1.141950 -2.718736
1.280818 -0.797664
-1.608673 1.464114
-0.771871 1.374956
-1.318132 -2.885782
-1.022476 -3.202340
0.373779 -1.469256
0.862434 2.276766
0.623000 0.015436
1.393960 -0.985478
-0.891938 0.732840
1.463022 -0.987062
1.117634 1.227003
0.062394 2.185157
-1.686612 0.602056
1.243503 -0.944444
0.449817 0.259879
-1.031897 -1.852965
0.156153 1.727869
0.297411 -0.246175
-1.764039 -3.911812
0.420253 1.969111
-0.744570 -0.929085
0.794824 -0.434414
-0.669542 1.077355
1.373452 3.144139
1.833115 1.093160
0.033953 -2.021844
-0.710907 1.079682
0.406453 1.255775
-1.466163 -2.147036
1.007716 1.882709
1.116897 -1.185345
-0.750028 -3.275280
-0.465728 0.450907
1.193825 2.109862
1.400231 -0.933191
-0.183481 -2.085779
0.049948 1.039067
0.423378 -1.161970
-1.184475 -2.037584
0.238097 -0.483926
-1.795951 -0.224694
1.936209 0.717342
-0.070819 -3.068724
0.813927 2.260292
0.131472 1.729417
0.232119 0.999376
-1.418876 -1.800935
-0.624074 -2.782513
1.369969 1.001084
1.720751 1.304630
-0.957205 -0.026996
-0.329741 1.653117
0.624555 2.183395
-1.860550 -0.704693
-1.307474 -1.054143
1.267018 1.203133
0.912643 1.185040
-1.145222 -1.687062
0.464212 0.874219
-1.390603 -4.038025
-0.501646 -2.860144
0.637525 -1.840736
-1.493583 -0.860000
-0.265422 1.358634
-1.119770 -3.269151
-1.371926 -0.135091
1.544072 0.692288
-0.119783 -1.277271
-1.326770 -1.620777
-0.677665 -1.873107
-0.952259 1.068965
0.906033 1.090359
0.058294 -0.040676
0.306498 -0.549374
0.752203 -0.393337
0.021694 1.807922
-1.029810 -2.655686
0.981312 -1.388068
0.692235 0.346842
-1.198953 -3.545697
0.945658 -0.636992
0.291553 -2.116800
-0.827975 1.135661
1.278500 1.096814
-1.501130 -0.145417
-0.625653 1.455084
1.109729 -1.113241
0.196371 0.078590
0.424171 0.413182
-0.912360 0.200385
0.612145 -0.174023
-0.019346 0.864639
0.927595 0.169142
-0.454418 0.673649
-0.267539 -1.319988
-0.032282 0.821215
-2.138816 -1.953811
-1.753178 -2.639154
0.051729 1.304468
-1.693918 -0.998341
-1.443092 -4.089047
1.380354 0.732788
-1.191973 -1.152700
0.533769 -0.566712
0.480219 -0.332810
1.659302 1.354069
0.359682 -0.534356
-1.367485 -1.402232
-1.294622 -4.663648
0.792871 1.481236
-1.430123 -2.685671
-1.006509 0.494994
-1.319119 0.923814
-1.642181 -0.702178
1.596109 1.734171
0.487512 -0.045132
-1.152627 0.238746
0.183828 -0.435532
0.520563 -1.745863
-0.589050 -1.198557
-1.236560 -1.116586
-0.312998 0.438823
-1.076011 -1.314968
-0.388485 -2.554442
-1.935125 -1.959360
-0.259515 -0.780208
1.353665 2.248087
-0.372839 1.016605
-1.003826 0.082933
1.432257 1.673563
-0.355025 -1.431563
-1.094760 0.021352
-0.459691 1.680935
-0.935676 -1.813757
-0.659784 0.777034
-0.393715 -2.884420
-0.147982 0.362897
-0.118528 0.056841
0.036923 1.572434
0.046044 1.103490
-1.235179 -3.008141
-0.760460 0.467024
-1.102708 -1.766403
1.120297 -1.406927
1.693057 1.765355
0.831473 0.883340
0.276262 -1.606339
-1.304263 1.631709
-1.284994 -2.110231
1.180193 -0.486813
1.751640 0.418047
-1.338611 -0.832595
-0.294156 -3.137363
-1.838257 0.696507
0.191348 0.565761
-1.366609 -2.449918
-0.133126 1.279835
-0.432836 -1.687537
-1.089057 -0.414033
-1.626959 -2.565114
-1.003176 -3.267421
1.148745 1.912967
0.583328 -0.308957
-1.526422 -0.852671
0.972145 1.834641
0.636064 0.143350
1.335090 0.552175
0.843686 3.698005
-1.441099 0.106388
-1.533304 0.375839
-0.360044 1.877983
0.435614 0.479983
-2.319458 -1.917297
0.831018 -0.883394
1.107082 -0.740702
0.689620 -1.360704
-0.972708 -0.691399
-1.365954 -1.843662
-0.688828 -0.778138
-1.707027 -1.951028
-0.089570 -1.788928
-1.081502 -3.515726
-0.252664 2.098254
-0.378785 -1.284499
-1.016133 -1.394077
-0.240423 -1.574960
0.445691 0.135276
-1.603438 -1.571525
-2.159771 0.919086
-0.627191 0.624683
0.984887 -0.176821
0.040564 -1.704422
1.503294 0.351465
-1.599329 -0.862982
1.167695 1.710536
0.742937 -0.313917
0.340902 2.081795
-0.032827 0.255655
-0.472461 0.603296
-0.369823 -0.072603
0.177571 -2.905074
-1.426989 -0.286698
0.098069 1.084752
-0.331311 -1.956424
0.898800 -0.759724
0.166222 0.238575
1.217868 2.300952
-0.147533 -1.331631
-0.780771 -0.082052
-1.759310 -0.560826
0.800808 1.929777
-0.931942 0.890766
0.322196 -0.377519
-1.732499 -2.366344
-1.227327 -2.833265
0.013338 -0.976183
-1.161434 -3.096182
-0.344968 -0.341817
1.579757 1.791632
-0.115658 0.310611
-1.234513 -2.837834
-1.355845 -2.130847
0.314866 -0.775223
0.174410 1.503945
0.202145 0.716095
1.008561 0.394902
-1.564403 -4.224162
-1.132136 0.640136
1.287507 0.274753
-1.460846 -1.249351
-1.858926 -2.448977
0.054975 -2.025316
-0.025498 1.821738
-0.576442 0.281734
0.450015 -1.274261
0.222273 -2.046485
0.324634 -0.434348
1.891941 1.938318
-0.713919 -3.178771
-1.044245 -2.048637
0.844147 -0.495486
1.000162 1.000923
1.430670 2.003812
0.043018 -2.441753
-0.014540 -2.352477
-0.871639 -3.385905
0.495648 -2.153758
1.194984 0.092562
0.653767 1.606072
-0.128725 1.497333
1.448536 2.618227
-1.117527 -0.596125
-0.305228 1.257111
-0.339922 -0.214667
1.027555 1.067117
1.157908 1.748201
-0.695881 -3.333890
-1.395001 -0.340935
-1.474870 -2.592225
-0.240775 -0.180322
0.141898 0.669816
0.930661 0.631745
0.448410 -1.186704
1.111841 2.913005
-0.630859 -2.891593
0.215540 0.341157
-0.535642 1.088351
1.022668 1.862368
0.136136 -1.970163
-2.047132 -1.595809
1.406428 0.437974
-1.652680 -2.635020
0.043450 -1.699296
0.657555 2.087461
0.687395 1.840901
-1.710966 -3.358554
-0.363345 -0.975602
1.280062 -0.420460
0.329451 0.395457
-1.681664 -1.459289
-0.286864 1.823049
0.059066 0.519433
0.870233 2.003355
1.163972 0.325415
1.506518 0.849502
-0.582981 -2.855006
-1.406460 -3.987759
0.210009 0.927431
-0.531078 1.319673
-1.965148 -0.561116
0.597265 0.976808
1.923120 3.096301
-0.317350 -1.838952
0.390867 -0.633407
-1.136183 -1.040743
-1.269647 -3.440307
-1.413503 -0.737017
1.636186 2.912730
0.496334 1.734724
-0.872563 0.708637
-0.116286 -0.047974
0.314749 -1.866731
0.178365 -2.743166
0.380924 0.345380
1.254813 1.204023
-1.173818 -2.563605
0.147089 0.907483
1.246957 0.976244
-0.143008 -1.860483
0.112217 -0.027838
0.981449 0.454636
-1.772703 -0.816887
-0.483078 -2.128074
0.030467 1.521644
-0.023318 -2.043713
0.863606 2.016956
0.399730 -0.383467
-1.034200 -3.813623
1.571979 2.496920
1.355915 -0.224789
-1.490714 -3.031363
-1.414678 -2.289188
0.238010 1.649936
1.431159 -1.015693
-0.381558 -1.478574
-0.040981 0.485524
-1.183733 -5.111725
-0.414949 -2.404761
-0.067848 -0.296124
1.420980 2.606426
0.864711 -0.707204
-0.741876 0.937648
0.508225 0.354390
-1.125044 -1.430336
-0.631441 0.059866
0.743428 1.972416
-1.844362 -0.635946
-1.494298 -2.268781
0.695077 1.353222
-1.290013 -4.110088
-0.209510 -0.466033
-1.187425 -1.642692
-1.643526 -3.899252
-0.746194 -3.707603
0.025353 2.281831
0.146321 1.627599
1.838208 0.895986
-0.088672 -0.141808
0.428175 1.878683
-1.605316 -3.671850
-1.246480 -3.711098
0.794813 -0.100063
1.373449 0.754668
0.955232 -0.104396
-1.374547 -2.713494
1.035087 2.119815
0.842519 0.760744
-1.150953 0.058908
-1.847112 -2.867934
-1.177321 1.011381
-1.459440 -1.351074
1.093431 -1.023126
-0.693095 -0.752558
-1.102545 -3.082663
-1.035314 -2.958931
1.225907 1.062655
1.359006 2.887231
-0.512056 -1.039360
-0.721732 -1.569273
1.266347 -0.817530
-1.509865 1.789132
-0.754336 -0.104823
-0.069561 1.596419
0.680728 -1.224642
0.842706 -1.505351
-0.450015 0.851520
0.210255 -1.833894
0.231862 1.248995
-1.468015 -1.226993
-0.698169 -3.115144
