# Step: 5
# U_max: 1.0681203603744507
# x (configurations):
-1.472979 -2.305143
-1.329923 -1.800010
-0.909248 -0.378465
-0.930528 -0.535231
-1.450704 -1.325616
-0.747841 -0.709479
-1.323252 -2.332172
-1.279441 -0.481027
-1.183152 -2.426503
-1.174284 -2.086863
-0.492914 -0.284720
-1.299386 -1.775959
-1.452190 -1.231319
-0.967509 -1.662227
-0.629164 -1.535868
-1.387417 -1.344895
-0.768737 -0.270741
-0.714564 -0.475182
-0.417367 -0.931650
-0.785444 -1.613998
-1.321442 -2.745403
-0.393435 -0.781643
-1.163123 -0.926778
-1.032076 -1.535493
-0.862971 -0.489654
-1.231111 -1.211708
-0.704428 -1.694812
-0.793698 -0.861912
-0.442569 -1.157714
-0.872912 -0.167686
-0.708917 -1.675292
-1.126660 -1.073361
-0.836106 -1.255711
-1.288978 -0.518268
-1.196929 -2.137290
-0.537315 -0.790951
-0.943108 -0.735781
-1.256351 -2.178097
-1.150007 -1.925847
-0.665190 -1.198258
-0.942860 -1.789794
-1.024975 -0.496608
-1.187392 -2.160125
-0.990381 -2.454123
-1.357143 -2.064406
-0.489924 -1.004059
-0.421386 -0.768126
-0.858719 -1.558622
-0.728358 -1.764579
-0.960581 -1.764996
-0.921500 -0.492338
-0.545587 -0.959228
-1.103561 -1.247265
-1.143912 -2.602090
-1.408193 -0.663953
-1.445157 -0.768729
-1.535307 -2.008945
-1.142014 -0.938922
-1.377917 -2.058397
-1.379360 -2.452132
-1.139984 -0.408642
-1.204769 -0.992220
-1.276778 -1.466100
-1.378584 -2.187412
-0.815318 -1.272207
-0.773907 -1.997654
-0.989705 -1.108054
-0.722616 -1.652661
-1.344378 -2.222612
-1.469965 -1.120617
-1.374486 -1.642408
-1.273962 -2.504604
-0.561781 -0.250836
-1.353843 -0.439019
-0.956016 -0.286185
-0.436396 -0.839783
-0.703542 -1.038075
-1.183856 -2.533043
-0.657026 -0.473705
-0.648274 -0.581010
-1.301521 -2.123457
-1.098965 -2.551012
-1.463709 -1.982641
-0.677427 -0.492869
-1.079331 -1.310989
-0.645406 -1.589094
-1.280395 -1.481863
-1.394131 -1.996989
-0.723531 -1.007293
-1.498322 -1.952021
-0.789334 -0.699771
-0.588807 -1.242074
-1.276746 -2.201287
-0.800574 -0.601883
-0.782745 -0.302698
-1.208850 -2.426425
-0.967241 -1.835975
-0.400538 -0.357029
-1.424782 -0.945239
-1.081036 -1.880207
-0.412419 -1.099192
-0.930453 -0.511978
-0.670116 -1.115832
-1.561098 -1.680474
-0.992261 -2.303349
-1.146554 -0.506739
-0.943159 -1.606414
-0.958039 -1.943784
-0.655866 -0.303307
-1.177557 -0.798057
-0.760230 -0.556726
-1.120071 -1.308523
-0.817740 -0.526239
-0.791059 -1.153050
-1.064181 -1.689552
-1.465415 -1.341951
-0.885861 -1.245597
-0.954826 -1.707393
-0.564785 -1.002734
-0.610669 -1.051039
-0.897382 -1.451518
-1.313561 -0.511345
-0.947702 -2.368361
-0.726337 -0.281150
-1.477246 -2.205559
-0.602307 -0.463489
-0.625917 -0.679570
-1.386378 -1.716546
-0.669735 -1.014169
-0.660577 -1.164022
-1.268851 -1.915017
-1.148346 -1.626979
-1.086114 -0.367487
-0.711510 -1.178025
-0.373804 -0.579502
-1.055795 -2.163021
-0.717367 -0.482315
-0.944309 -1.036870
-1.062437 -1.381354
-0.703955 -1.905055
-1.071082 -1.271496
-1.384381 -1.202662
-1.102265 -1.480484
-0.804586 -1.354019
-1.002214 -0.946857
-1.368034 -1.267122
-0.814489 -0.846395
-0.933589 -0.252146
-0.742704 -0.284889
-0.627365 -1.545331
-1.031977 -1.937938
-0.986194 -0.278456
-0.998681 -0.426619
-1.270258 -1.650129
-0.331342 -1.103314
-1.341220 -1.382431
-1.304656 -2.166375
-0.681271 -0.163836
-0.891489 -1.952497
-1.159758 -1.077758
-1.099036 -1.386900
-0.998122 -1.757166
-1.184105 -0.470039
-1.089004 -2.222814
-1.550828 -1.762319
-0.808828 -0.632608
-0.895113 -0.895203
-1.354022 -1.683883
-0.582692 -0.896097
-1.052416 -0.467190
-1.063320 -1.476244
-1.240032 -2.604139
-0.998264 -0.158901
-1.153264 -0.476047
-1.264997 -0.662669
-1.181873 -0.781753
-1.064304 -0.583271
-0.618842 -0.294553
-0.837417 -0.800427
-0.838887 -1.060760
-1.338055 -1.746785
-1.000130 -1.937638
-1.346114 -2.532121
-0.995249 -0.317147
-1.568064 -1.689423
-1.183686 -1.996499
-1.078735 -0.216041
-0.656750 -0.816361
-0.927551 -1.305987
-1.281438 -0.958878
-1.047760 -0.376991
-0.777273 -0.475210
-0.372040 -0.730219
-0.717221 -1.827596
-1.005369 -2.153944
-0.777195 -0.469002
-0.936665 -1.897284
-1.702177 -2.197811
-1.373554 -2.326093
-0.821176 -1.234859
-1.517564 -1.408643
-1.075069 -2.089892
-0.587960 -1.465410
-0.781032 -0.953828
-0.933776 -1.569463
-1.124326 -0.183196
-0.555051 -0.396718
-0.334202 -0.465266
-1.000733 -1.746596
-0.725278 -1.479124
-1.043520 -0.303367
-1.534617 -1.994732
-1.042156 -0.594000
-0.650959 -1.232172
-0.804873 -0.549196
-0.894030 -0.409646
-1.630833 -2.154500
-0.833344 -2.041924
-1.598123 -1.719141
-0.975565 -0.435750
-1.397452 -0.854518
-0.789225 -0.410328
-1.008633 -0.335655
-1.264823 -1.877444
-1.185659 -1.714105
-0.931057 -1.601744
-1.099393 -1.861505
-1.407184 -2.574622
-0.786731 -0.784118
-0.941024 -1.881711
-0.825014 -1.909679
-0.781910 -0.867200
-1.340070 -2.408361
-0.394045 -0.793678
-1.084989 -1.948475
-0.981074 -1.787290
-1.530267 -2.658057
-0.622096 -0.609492
-0.870608 -1.607653
-1.273158 -2.267894
-1.028245 -1.890179
-1.013134 -1.365013
-0.484321 -0.891569
-0.817293 -0.885517
-1.022522 -0.462331
-1.096307 -0.221990
-1.521792 -1.362445
-1.420012 -1.037955
-0.394744 -0.551943
-1.209142 -0.276424
-1.241509 -1.289316
-0.702195 -1.083395
-1.405152 -0.549419
-0.923634 -0.713060
-0.936771 -2.071354
-1.037253 -1.463174
-1.354093 -1.685967
-1.274892 -2.446615
-0.981848 -0.341755
-0.814845 -0.741275
-0.611929 -0.395017
-1.194116 -1.456786
-1.565082 -1.703748
-1.319193 -1.065404
-1.147189 -1.995160
-0.661395 -1.542208
-0.498430 -1.131635
-0.694718 -0.161625
-1.042025 -0.890225
-1.292074 -2.547615
-0.993884 -0.329643
-0.771828 -0.190099
-0.540640 -1.232450
-0.622958 -0.987785
-0.909000 -0.315690
-1.417328 -1.719993
-1.505497 -2.236336
-0.874862 -1.268266
-1.261757 -1.011301
-0.725220 -1.110172
-1.281412 -0.350004
-1.233429 -1.314130
-1.161894 -1.788122
-1.181711 -2.426470
-0.768885 -1.002427
-0.561698 -1.633587
-1.183713 -1.795347
-0.455386 -0.511527
-1.231213 -2.635827
-1.436472 -0.630904
-0.717258 -1.243911
-1.265208 -1.387176
-0.492800 -1.324244
-1.262355 -2.512511
-1.346379 -0.688156
-1.426673 -1.927854
-0.852671 -1.031729
-1.245657 -2.092567
-1.182230 -0.606371
-0.661940 -0.258582
-0.684928 -1.955233
-0.429012 -0.441161
-0.853927 -1.850712
-1.435616 -2.114468
-0.867674 -1.074712
-0.880628 -0.995304
-0.534192 -1.393781
-1.023188 -1.893433
-1.133280 -1.985487
-1.346837 -1.326878
-1.358307 -2.205410
-1.006364 -1.337610
-0.893161 -1.244474
-1.344746 -2.448810
-1.015957 -1.600491
-1.441179 -2.071253
-1.204392 -1.300998
-0.919617 -1.771997
-0.997351 -1.737187
-0.424093 -0.799936
-1.324319 -1.425382
-0.710990 -0.255716
-0.745041 -1.042977
-0.708466 -0.698225
-0.831047 -0.526011
-0.634890 -1.740753
-0.995032 -2.514590
-1.164906 -0.237352
-1.387522 -1.082634
-1.053486 -1.029451
-1.045614 -0.779085
-1.123091 -0.228538
-0.596933 -0.850852
-1.438536 -1.638053
-1.231091 -2.062843
-0.613297 -0.812881
-1.321521 -1.638222
-1.295129 -1.853463
-0.911932 -1.188272
-0.561410 -0.921288
-0.994904 -2.130714
-0.770256 -1.152373
-1.307803 -0.798507
-0.694927 -0.367400
-0.765386 -1.315773
-0.942034 -0.796064
-0.650238 -0.917705
-0.385135 -1.198874
-1.021073 -0.952869
-1.022238 -1.575392
-1.094337 -0.394006
-0.982724 -1.535360
-1.022159 -1.510504
-1.339430 -1.645658
-0.901546 -0.789140
-0.516646 -0.814370
-0.865522 -2.132858
-1.253692 -0.995407
-0.512188 -0.982039
-1.084930 -1.366572
-1.110868 -2.463417
-1.395194 -1.511456
-1.107969 -1.006002
-1.509563 -1.309276
-0.731698 -0.615331
-1.347090 -1.327385
-0.975007 -1.664409
-1.052849 -1.685191
-1.008340 -0.738685
-0.821829 -1.263119
-1.135202 -2.284666
-1.486723 -1.966834
-0.782381 -0.187397
-0.547942 -0.263184
-0.988773 -0.584491
-0.598519 -1.494275
-0.693314 -0.582580
-1.462291 -1.128348
-1.286079 -1.516485
-1.298638 -2.347575
-1.389333 -1.326002
-0.984030 -0.874549
-1.093221 -1.153911
-0.561745 -0.670907
-1.474245 -0.718704
-1.409523 -1.695641
-1.620987 -1.765326
-0.352188 -1.202500
-0.666388 -0.463665
-0.827019 -0.935184
-0.963283 -1.517634
-0.833123 -2.284217
-0.578440 -1.819172
-1.176605 -1.355985
-0.811962 -0.691789
-1.068738 -0.204421
-1.247338 -1.754228
-0.832188 -0.306285
-1.414119 -1.365704
-1.333364 -1.727726
-0.996220 -2.123321
-1.478296 -1.478349
-1.260109 -1.317186
-0.994024 -1.162125
-1.053092 -1.560216
-1.594731 -1.955890
-0.909892 -0.600860
-1.131283 -1.456811
-1.188197 -1.506371
-0.516315 -1.032952
-0.734463 -0.279881
-0.562772 -0.443329
-0.853642 -0.510923
-1.366324 -1.011679
-0.830915 -1.732755
-0.873942 -1.645572
-1.055046 -0.354645
-1.329859 -1.570925
-0.570093 -1.461675
-0.992994 -1.316802
-0.649952 -0.647927
-1.324900 -1.037885
-0.996556 -1.470478
-0.288914 -0.628817
-0.397300 -1.308712
-1.057240 -0.473413
-0.628686 -1.338037
-1.431012 -1.594120
-0.981279 -1.969045
-1.008644 -1.511892
-1.420573 -0.661475
-1.219297 -0.995073
-0.767108 -1.940356
-0.571638 -1.596099
-0.671917 -1.837823
-0.893205 -0.548358
-1.548876 -1.538740
-1.010130 -1.198402
-0.890905 -0.894490
-0.517914 -1.169442
-0.947295 -0.220977
-1.175305 -2.391644
-0.947206 -1.743190
-0.923094 -1.290141
-0.833604 -1.186529
-1.221581 -1.348868
-1.279249 -1.192271
-1.153394 -1.497253
-1.044994 -0.687986
-1.334581 -1.466115
-1.256742 -0.751794
-1.126966 -0.247227
-1.155683 -1.925566
-1.009711 -2.146926
-1.371352 -1.438814
-0.349478 -0.784466
-1.289122 -2.184848
-1.116064 -0.788831
-1.235555 -0.517810
-0.702251 -0.732912
-1.135291 -0.553492
-0.615607 -1.667338
-0.715181 -1.897733
-1.092567 -2.343692
-1.356087 -2.721256
-0.793730 -0.933145
-1.533094 -2.342406
-1.124835 -1.706566
-0.481319 -1.507542
-1.401762 -2.654156
-0.963847 -0.477407
-1.170225 -0.707540
-0.914634 -2.255466
-0.669847 -1.629388
-1.557795 -2.616875
-1.381057 -2.189313
-0.666723 -1.089461
-0.625821 -0.498993
-1.111142 -0.192866
-1.135631 -2.108882
-1.025486 -0.662639
-1.187166 -1.924812
-1.406249 -2.227830
-1.046094 -0.843184
-1.042426 -1.254958
-1.623300 -2.513103
-1.367027 -2.445893
-1.206819 -2.305067
-1.000584 -0.255626
-1.223721 -2.224061
-0.859912 -0.395817
-1.021743 -0.275338
-0.759442 -1.857005
-1.154352 -0.309663
-1.430371 -1.489817
-0.685149 -0.583071
-1.402225 -2.116490
-0.855614 -0.759020
-0.753255 -1.639822
-0.977144 -1.952650
-0.997637 -0.865992
-0.419676 -0.320033
-1.072952 -0.958596
-1.119691 -2.515303
-0.972070 -1.674489
-1.435781 -2.121153
-1.380783 -2.246135
-1.213994 -0.621346
-0.907976 -1.976728
-1.198693 -0.802858
-1.221886 -1.907246
-1.040395 -1.948373
-1.114211 -1.406215
-1.383151 -2.509524
-0.737108 -2.051595
-1.220589 -2.532181
-0.809424 -1.477172
-0.540167 -0.650975
-1.260943 -0.314161
-0.928433 -2.259825
-1.511186 -2.384062
-1.311552 -1.634492
-0.954809 -1.718897
-0.906429 -0.312727
-0.501495 -0.487571
-1.561260 -2.433167
-1.174662 -1.375174
-1.513295 -1.294495
-1.357050 -1.142728
-1.233460 -2.172838
-0.602258 -0.154081
-1.421336 -1.786330
-1.151362 -0.714712
-1.117927 -1.972029
-1.108160 -2.417492
-0.539674 -0.563527
-0.893405 -0.743320
-0.931223 -0.844539
-1.044248 -0.292709
-0.885068 -0.914194
-1.280992 -2.730079
-1.146001 -0.800606
-0.838580 -1.749974
-0.731162 -0.937039
-1.031434 -0.540581
-0.802979 -2.013394
-0.680747 -1.339162
-0.563583 -0.566828
-1.144497 -1.907630
-1.021450 -0.124653
-0.767853 -0.473253
-1.133655 -1.426654
-1.223523 -2.016574
-0.876078 -0.804239
-1.390684 -2.492395
-1.232688 -0.532442
-0.969863 -2.147118
-0.980208 0.051510
-1.278115 -1.271197
-0.870088 -0.443933
-1.388188 -0.861841
-1.177226 -1.659760
-1.108956 -0.770878
-0.632388 -1.583796
-0.768750 -0.287388
-1.022226 -0.347169
-1.247315 -1.171945
-0.831150 -0.653289
-0.970656 -1.559432
-1.722638 -2.044834
-0.977373 -1.883089
-1.517951 -2.818517
-0.417343 -0.608536
-0.663994 -0.513902
-1.226140 -0.887990
-1.035251 -0.167530
-1.248713 -0.823892
-0.721901 -2.117163
-1.225390 -1.300255
-1.024375 -0.875201
-0.459018 -0.332362
-0.504426 -0.668525
-1.113036 -0.424317
-0.867010 -0.889053
-0.692775 -1.605948
-1.405615 -0.634046
-1.358455 -0.619656
-1.230374 -2.265621
-0.459449 -1.197739
-0.513749 -0.688019
-1.453832 -1.605458
-0.955391 -1.355003
-0.843523 -1.601703
-1.219845 -1.559415
-1.475453 -1.347735
-1.520577 -1.841471
-1.071575 -0.365575
-0.951647 -1.678843
-1.381240 -2.362448
-1.045057 -1.713463
-0.914655 -0.307542
-1.361466 -2.018114
-1.210216 -0.386180
-0.970643 -1.362016
-1.177836 -0.265676
-1.161492 -1.785760
-0.880452 -0.491461
-0.932222 -1.383585
-1.410622 -0.973546
-1.182635 -0.778806
-1.265764 -2.353410
-1.402004 -1.693422
-1.167874 -0.894003
-0.951023 -1.290804
-1.181943 -1.919134
-0.483082 -1.598475
-1.543549 -1.994091
-0.826969 -1.922885
-1.008249 -1.032624
-0.955088 -1.458827
-1.324650 -2.036818
-0.913362 -0.550652
-0.697837 -0.757346
-0.569254 -0.589906
-1.621529 -1.694789
-0.692114 -1.202844
-0.354891 -0.526209
-0.775077 -0.751573
-1.756124 -1.887905
-0.331644 -0.881042
-1.347281 -0.658799
-1.122829 -0.666176
-0.594113 -1.283480
-1.194831 -1.201578
-1.497172 -1.424677
-0.560235 -0.353405
-1.471786 -2.214154
-1.463343 -1.601816
-1.276089 -1.170970
-1.321907 -2.028401
-0.821304 -2.142615
-1.296731 -1.260873
-1.196378 -0.383479
-1.755707 -1.951393
-0.633559 -0.961157
-1.042296 -0.422749
-1.160751 -1.883407
-1.054960 -0.426914
-0.820629 -0.697672
-0.618439 -0.481284
-0.653827 -0.883027
-0.441720 -1.138847
-1.000696 -0.778800
-0.717796 -0.168229
-0.718493 -2.121872
-1.014467 -0.119663
-1.248046 -1.415205
-1.344880 -1.033300
-1.117088 -1.285499
-0.575053 -1.068530
-1.398166 -2.478621
-0.415953 -0.616659
-0.478602 -0.602033
-0.808662 -2.101693
-0.402351 -1.148032
-0.996586 -0.419744
-1.251135 -1.642624
-0.999834 -0.443717
-1.065787 -1.498242
-1.495323 -1.672995
-0.457434 -0.851110
-0.756436 -0.425347
-0.777074 -0.808887
-0.983874 -1.715937
-0.928832 -0.804126
-0.332814 -0.449867
-0.795360 -1.344268
-1.361275 -2.067471
-0.617132 -0.784053
-0.736315 -1.647361
-0.672428 -1.653932
-0.930131 -1.153238
-1.449541 -2.642381
-0.857608 -0.580715
-0.737791 -1.493219
-0.767386 -1.141252
-0.938132 -0.266396
-0.659750 -1.267883
-0.463318 -0.710360
-1.507927 -1.487045
-1.132642 -1.710212
-0.704445 -1.488701
-1.183294 -1.853798
-1.124238 -0.596803
-1.189433 -1.867064
-1.378668 -0.782735
-0.904412 -2.098717
-1.202920 -2.668473
-0.727659 -1.758317
-1.366024 -0.827906
-0.984040 -0.711616
-0.867291 -1.721141
-1.442428 -1.755995
-0.960309 -1.187715
-0.528079 -1.431203
-0.578294 -0.321701
-1.203112 -0.381818
-1.126642 -1.028961
-1.270520 -1.398374
-0.446067 -1.094371
-1.199574 -0.344465
-1.688165 -2.414955
-0.994544 -0.739045
-0.564617 -0.572496
-0.413056 -1.108040
-0.903355 -0.747971
-0.574339 -1.547383
-0.863383 -0.750264
-1.357486 -1.417999
-1.350817 -0.592186
-1.638184 -2.082246
-1.328268 -1.076989
-0.611806 -1.380496
-1.272069 -1.409615
-1.081885 -0.172145
-1.108828 -1.162991
-0.604970 -1.597310
-1.006031 -0.853096
-0.779186 -0.598960
-0.587987 -1.557807
-1.331166 -0.609426
-1.399141 -2.337590
-1.517068 -3.189451
-0.998556 -1.705488
-1.097757 -1.157085
-0.661141 -0.160331
-1.139711 -1.788819
-1.443253 -1.821069
-0.877827 -0.143971
-0.770267 -0.258124
-1.505804 -1.779522
-0.413518 -1.317055
-1.344703 -2.583037
-0.630647 -0.468074
-1.286932 -1.244882
-1.233930 -1.511825
-0.971907 -0.800222
-0.593790 -0.336641
-1.067511 -1.694972
-1.040554 -1.492877
-1.266653 -1.935678
-0.963827 -0.525879
-1.359142 -1.037968
-1.376082 -1.011287
-1.109665 -0.338026
-0.485736 -0.575200
-1.167500 -0.157937
-1.165941 -0.382007
-0.575490 -0.324578
-1.219897 -1.338356
-1.397648 -2.559495
-0.412332 -0.732595
-0.942679 -0.112527
-1.220042 -1.401788
-1.487716 -0.799837
-0.719372 -0.432761
-1.067863 -1.852044
-0.956072 -1.158080
-1.338180 -1.663000
-1.106585 -2.280237
-1.220407 -1.269035
-0.915910 -1.413723
-0.693013 -0.509534
-1.175573 -2.603754
-1.661171 -1.894736
-1.356936 -1.316514
-0.766545 -0.934589
-1.016819 -0.426106
-0.773618 -0.542382
-0.731658 -0.344336
-0.863682 -0.006203
-0.567050 -1.244774
-0.655894 -0.428451
-1.617698 -2.128208
-1.529985 -2.397678
-0.631494 -0.778908
-0.658349 -1.607298
-0.586124 -1.301187
-1.241161 -1.237845
-1.200685 -0.863708
-1.031215 -0.654103
-1.224179 -1.978891
-1.208830 -0.291730
-0.933564 -0.371383
-0.507240 -0.783234
-1.070815 -0.503617
-0.972064 -0.339993
-0.636361 -1.832915
-1.621133 -1.849884
-1.337274 -2.146413
-0.933605 -0.806266
-0.656058 -1.540568
-0.550903 -0.202880
-0.640517 -0.414828
-1.303796 -1.696848
-1.336061 -0.634353
-1.321685 -2.252881
-0.543848 -0.566265
-0.798733 -2.009590
-1.362707 -1.119380
-1.127564 -1.599359
-1.222528 -0.384240
-1.288459 -0.840060
-1.371168 -1.214605
-1.058771 -0.905634
-0.987054 -0.523753
-0.617278 -1.594822
-1.444777 -1.759624
-1.379997 -1.497801
-1.089723 -0.870503
-1.036176 -1.765110
-1.437663 -1.883808
-0.978134 -0.581602
-1.023807 -1.486590
-0.716188 -0.478640
-1.377298 -0.845105
-1.129627 -0.681360
-0.928394 -1.833672
-0.628757 -0.764066
-1.284075 -0.746900
-0.566260 -1.416849
-0.864906 -0.959820
-0.543378 -0.433248
-0.695954 -0.243850
-1.463245 -0.861987
-0.711680 -1.304282
-0.752131 -1.457322
-0.784263 -1.681884
-0.448541 -1.079157
-1.183105 -2.468629
-0.808899 -1.409198
-0.966384 -0.617258
-1.098115 -1.479293
-1.535905 -1.495139
-0.970315 -1.070938
-1.155673 -0.426936
-1.238423 -1.645169
-1.074547 -0.325557
-1.297513 -1.325191
-1.496198 -2.308322
-1.094708 -2.498274
-0.999794 -0.681565
-1.027662 -2.408089
-1.255578 -0.356552
-1.616688 -1.650775
-0.788225 -0.534829
-1.536935 -2.176764
-0.747222 -0.117747
-1.048225 -1.943940
-1.232536 -1.556322
-1.050972 -2.133706
-0.894741 -0.147735
-0.885917 -1.961422
-1.245430 -0.455211
-1.402639 -0.659125
-1.056114 -1.453282
-0.829401 -0.387935
-0.566910 -1.340943
-1.200051 -0.470810
-1.104491 -1.812087
-1.198329 -1.786826
-0.544222 -1.325008
-1.371937 -0.771930
-0.493832 -0.660935
-0.577903 -0.590220
-1.400669 -2.410923
-0.695043 -1.119099
-0.999584 -0.689350
-0.718845 -1.791413
-1.523031 -2.075864
-1.022041 -0.378225
-0.602490 -0.251624
-1.412813 -1.148030
-0.772229 -0.644864
-1.545458 -1.286399
-1.281273 -0.452187
-0.803779 -0.495332
-1.061680 -1.647984
-1.088285 -1.130223
-1.337093 -1.762286
-0.783376 -0.478206
-0.906396 -1.134434
-0.863480 -1.009943
-1.039755 -0.310990
-0.987848 -1.342122
-0.656278 -0.157225
-1.418704 -1.113603
-1.383202 -1.135463
-1.383055 -0.618246
-1.355267 -1.390512
-0.797042 -0.058302
-0.999072 -0.374648
-1.572765 -1.305995
-0.760342 -0.802380
-1.137140 -1.066264
-1.481956 -1.620785
-1.477842 -2.494380
-0.966958 -2.215783
-1.098094 -2.005875
-1.088372 -1.452531
-1.185893 -1.354546
-0.818365 -1.829832
-0.953658 -0.816106
-0.651806 -1.125628
-1.156246 -1.727456
-0.972444 -0.672924
-1.087378 -0.457698
-0.892112 -0.203960
-1.033206 -2.464754
-0.809510 -0.227210
-1.017964 -1.510299
-0.508745 -1.303434
-0.944705 -2.331302
-0.620465 -0.292881
-1.072551 -1.557493
-1.134534 -0.643264
-1.307012 -0.770010
-1.200950 -1.507103
-1.273414 -1.101448
-0.973601 -1.550613
-1.388530 -0.881121
-0.665671 -0.698779
-0.485402 -0.498638
-1.144886 -2.660335
-0.946233 -0.877068
-1.393797 -1.258079
-0.851146 -0.771472
-0.728226 -1.220240
-1.089772 -2.653943
-1.227262 -2.597587
-1.275914 -1.129534
-0.928590 -0.159509
-0.437001 -0.683824
-0.863685 -1.717406
-1.039122 -1.591730
-1.415759 -1.858407
-1.481695 -1.539577
-0.774335 -1.851856
-1.222216 -2.018127
-1.006284 -2.629418
-0.479598 -0.453859
-1.195634 -0.482162
-1.308193 -0.704185
-1.333193 -1.453229
-1.397888 -0.848976
-1.451705 -0.634760
-1.029534 -2.022815
-1.217992 -0.754813
-1.564378 -1.543947
-1.624959 -2.373878
-0.701897 -1.748282
-0.511449 -1.303068
-0.665997 -0.619798
-0.543900 -1.712811
-0.899642 -0.062181
-0.729429 -1.528750
-1.432290 -1.805357
-1.146975 -1.688716
-1.066389 -0.272569
-1.075713 -1.066724
-0.963755 -1.175111
-1.197753 -0.699656
-1.293471 -2.640508
-1.201267 -1.496844
-0.490991 -1.034453
-1.267825 -1.434075
-0.901701 -0.540397
-1.140449 -0.392989
-0.996670 -2.265611
-0.979194 -2.439415
-1.599563 -1.981310
-0.891739 -0.132541
-1.499333 -0.915533
-0.505462 -0.303839
-0.504777 -0.693381
-0.716144 -0.269636
-0.778802 -1.187796
-1.257576 -0.819789
-0.888307 -1.638093
-0.904670 -0.243215
-0.450120 -1.050678
-0.950667 -2.076561
-0.522049 -0.942588
-1.332449 -0.945299
-1.259355 -1.736265
-0.860456 -0.632912
-0.898040 -1.017382
-0.857000 -0.131332
-1.152820 -0.174873
-1.041840 -0.495950
-0.686228 -2.048647
-0.468557 -0.439375
-1.036256 -0.484457
-0.987200 -1.756989
-1.086942 -2.355525
-1.088205 -2.217755
-0.834887 -0.465573
-0.377284 -0.977758
-0.882292 -0.345153
-0.543619 -0.652431
-1.052506 -0.260784
-0.788695 -1.639698
-0.805277 -1.301104
-0.724808 -1.026578
-0.834067 -0.300916
-1.154781 -1.274909
-1.632972 -2.074433
-1.008175 -1.576586
-1.433716 -2.312487
-0.638364 -1.623790
-0.326465 -1.233274
-0.379913 -0.986959
-1.048309 -0.461745
-0.536182 -0.790131
-0.513583 -0.457438
-0.844735 -1.268292
-1.086516 -1.867519
-0.642387 -1.334138
-0.734969 -1.466146
-1.456644 -2.499515
-1.069949 -1.651214
-0.807049 -0.340344
-1.185131 -1.159076
-0.688852 -0.838735
-1.281163 -0.513787
-0.814401 -1.146725
-1.050029 -1.202831
-1.124266 -1.993801
-0.818304 -0.182773
-0.742594 -1.933350
-0.953229 -1.107369
-0.868846 -1.497199
-1.107933 -0.292802
-0.950125 -1.231080
-1.005056 -1.724290
-0.777529 -0.329974
-0.945004 -1.981842
-0.683400 -1.348861
-0.903091 -1.982209
-0.904842 -0.346297
-1.108297 -0.798566
-1.458203 -0.906955
-0.859931 -1.580114
-0.709159 -1.264762
-1.189212 -1.497047
-1.303171 -0.888776
-1.495435 -1.608591
-0.831154 -1.301715
-0.953893 -1.334790
-1.017709 -1.632902
-1.200579 -1.330373
-0.577273 -1.476126
-0.692262 -0.813054
-1.128593 -0.370118
-1.015824 -1.020052
-1.199468 -2.228494
-0.747593 -0.339754
-1.304587 -1.129867
-1.498361 -1.487459
-1.099754 -1.661954
-1.069178 -2.542641
-0.861036 -1.896918
-1.443565 -1.587300
-0.798808 -0.983917
-1.512668 -1.135131
-1.001300 -1.697833
-1.511107 -2.128496
-1.243242 -1.059689
-1.007280 -0.836391
-0.901725 -0.663747
-1.383545 -2.178848
-0.492713 -0.490403
-0.704619 -0.069059
-0.787934 -0.419101
-1.578441 -2.703209
-0.522500 -0.673453
-1.286489 -2.484040
-1.103482 -0.492412
-1.193475 -1.745018
-0.985326 -1.752075
-1.208898 -0.751251
-1.346867 -1.653616
-0.603980 -0.097082
-0.776493 -0.624934
-0.709335 -0.254433
-0.535122 -0.416210
-0.558009 -1.196662
-0.980418 -0.408685
-0.711546 -0.315190
-0.574707 -1.369242
-1.022029 -0.398539
-0.541629 -0.557905
-1.052446 -0.752039
-1.152747 -0.892469
-1.090499 -0.483343
-0.948552 -0.202396
-0.682031 -0.708984
-0.468636 -1.312354
-0.953337 -1.168447
-0.904110 -0.942854
-1.341103 -1.201001
-1.389769 -0.874979
-1.408356 -1.652324
-0.474874 -1.222207
-1.282301 -0.656085
-1.137115 -0.159596
-0.923481 -0.847071
-0.640886 -0.426459
-0.692882 -1.324071
-1.206967 -2.202511
-0.851859 -0.684767
-1.047021 -0.725253
-1.326564 -1.430940
-0.641355 -1.054319
-0.683505 -0.401573
-0.593920 -1.131027
-1.275457 -2.287201
-1.029371 -2.085619
-1.050304 -0.956446
-0.451991 -1.426054
-0.959641 -1.648839
-1.042399 -1.292433
-1.182217 -1.636321
-1.220392 -0.510442
-0.754036 -1.074146
-1.166363 -1.198394
-1.011988 -0.568672
-1.221409 -1.138936
-1.372811 -2.065024
-1.098102 -1.482332
-1.223001 -2.166789
-0.705746 -0.614806
-0.626197 -1.073583
-1.217815 -0.903726
-0.526692 -0.888914
-1.088725 -2.574718
-1.240771 -0.652215
-0.888574 -0.576392
-0.718255 -0.214028
-1.114229 -0.815619
-0.909998 -1.119439
-0.537458 -0.257379
-0.822775 -0.494002
-0.423614 -0.480484
-1.320659 -1.776676
-0.970741 -1.646860
-1.086993 -1.591547
-0.611574 -0.281361
-0.843388 -0.230259
-1.066331 -0.587027
-0.683886 -0.504136
-0.761765 -1.802626
-1.174402 -1.539725
-0.847728 -0.089476
-0.792775 -0.469326
-0.997415 -0.557766
-0.986215 -1.358073
-1.064863 -1.736431
-1.192577 -0.733011
-0.616980 -0.320886
-1.456222 -1.600749
-0.632709 -0.371423
-0.556591 -1.359828
-0.911449 -2.051205
-0.572210 -1.410859
-1.084950 -2.712962
-1.359668 -1.347919
-0.560776 -0.756481
-0.684337 -0.902610
-0.630812 -1.718697
-1.334876 -0.439022
-0.630149 -0.965173
-0.725571 -0.633323
-0.500172 -0.976062
-0.999939 -1.912592
-1.263383 -1.719552
-0.559801 -1.140945
-0.828229 -1.614161
-1.229594 -1.880276
-1.203152 -2.180772
-1.479435 -1.010162
-0.951791 -1.936405
-0.434261 -1.217003
-0.893463 -0.498910
-1.140515 -2.262587
-0.578831 -1.020852
-1.130900 -2.353289
-1.208634 -2.652475
-0.697194 -0.309361
-1.340168 -1.136995
-0.584859 -1.656964
-1.135135 -0.581228
-1.274803 -1.374095
-0.766559 -1.919046
-1.107115 -0.331682
-0.442198 -0.298479
-1.320488 -1.936625
-0.881411 -0.283030
-0.702300 -0.354172
-0.660629 -1.431597
-0.908026 -0.187087
-0.955353 -0.571125
-0.463966 -0.937471
-0.567706 -0.239296
-1.266237 -1.411206
-0.595095 -0.246153
-1.205001 -2.526361
-0.602111 -0.366124
-0.923852 -1.445211
-1.468854 -1.763300
-0.949089 -1.604876
-1.163753 -2.501729
-1.223908 -0.770192
-0.259382 -0.696856
-0.593581 -1.792977
-1.127655 -2.518857
-0.740467 -1.455219
-1.729031 -2.171393
-1.241237 -1.326441
-1.141303 -0.487737
-1.126391 -2.138947
-1.006545 -1.239857
-1.139263 -1.510645
-0.812261 -0.170101
-0.822984 -0.446402
-1.159624 -0.784682
-1.422664 -1.932585
-0.904681 -1.767950
-1.522398 -1.890308
-1.262621 -1.851858
-1.049097 -1.084193
-1.007367 -2.474429
-1.283710 -1.028174
-0.703807 -0.912848
-0.887021 -0.892406
-1.189479 -0.739026
-0.706021 -0.593831
-1.523728 -1.248880
-1.664853 -1.737885
-1.292546 -2.352288
-0.450553 -0.361575
-1.111998 -0.905349
-1.259295 -0.414823
-1.128003 -0.564158
-0.847237 -0.073008
-0.670026 -0.895189
-1.307407 -2.513524
-1.090872 -0.975153
-1.072193 -1.936407
-0.766268 -1.823130
-0.478736 -1.020314
-0.616365 -0.790171
-0.755411 -1.111277
-0.880914 -2.277447
-0.904799 -2.271476
-0.926246 -2.118624
-0.759628 -0.208325
-0.906751 -0.062861
-0.722511 -0.797053
-0.488123 -0.905671
-1.118593 -1.538128
-0.797387 -0.833201
-0.713704 -2.017020
-1.332026 -1.878560
-1.584467 -1.004153
-0.480328 -0.838655
-0.727619 -1.072129
-1.018950 -0.373069
-1.411276 -1.959659
-1.537882 -2.197181
-1.229807 -0.722577
-1.019081 -0.603334
-1.025387 -1.278141
-1.017454 -0.811669
-0.854825 -0.271275
-0.697599 -1.079367
-0.728708 -0.752360
-0.513023 -1.143367
-0.700349 -0.951924
-1.469524 -2.668334
-1.294104 -0.316815
-0.902404 -2.108287
-1.038261 -1.588731
-1.082377 -1.714258
-0.423233 -1.210432
-1.340001 -0.812318
-1.128891 -1.783812
-1.220401 -1.124196
-0.835047 -1.605681
-1.528281 -1.692509
-1.319092 -2.785774
-0.929586 -0.468576
-0.753284 -0.695156
-0.733372 -1.535270
-1.326996 -1.437711
-0.713544 -0.568389
-1.432778 -0.968237
-1.476944 -2.309940
-0.552027 -1.303765
-0.572459 -0.900168
-0.570296 -1.201833
-0.670546 -1.821545
-0.810092 -0.539286
-1.574719 -2.524575
-1.049643 -0.820273
-0.424531 -0.891201
-1.469729 -2.069311
-1.548335 -1.703280
-0.657360 -0.014412
-1.094421 -1.611530
-1.135169 -1.894935
-1.208079 -0.848226
-1.221740 -0.701037
-0.481752 -1.166352
-0.523058 -1.321992
-0.966421 -1.331232
-1.437576 -2.310604
-1.390909 -1.117758
-1.004418 -2.515581
-1.524246 -1.665501
-1.101241 -0.966505
-1.002832 -1.136615
-0.843880 -1.913505
-1.504520 -0.824884
-0.915841 -0.081580
-1.530746 -1.595449
-0.443401 -0.607633
-1.361482 -0.518596
-0.853187 -1.213369
-1.395371 -2.811046
-0.734007 -1.286929
-1.243718 -0.472890
-1.303993 -2.139153
-0.844063 -1.750780
-1.421372 -2.357069
-0.472066 -0.525847
-1.091134 -1.550146
-0.987835 -0.267418
-1.430355 -2.431634
-1.160855 -2.212016
-0.981148 -0.951896
-0.872027 -0.085452
-0.886462 -0.407324
-0.856761 -0.415396
-0.410095 -1.462319
-1.326519 -1.831913
-1.184771 -2.386492
-0.769779 -1.685154
-1.146797 -1.965166
-1.161494 -1.648358
-1.161076 -2.389581
-1.168889 -0.369340
-0.889437 -2.084284
-0.363417 -0.733299
-1.029956 -0.504304
-1.041119 -2.117734
-1.217497 -2.584160
-1.659480 -2.104296
-0.577519 -0.374543
-1.567023 -1.900587
-0.710835 -0.735371
-0.810447 -1.493899
-1.086538 -1.964091
-0.814866 -0.595609
-1.485576 -1.860057
-0.740616 -0.204538
-0.885198 -0.803378
-1.555687 -2.358276
-0.984939 -0.420182
-1.007662 -1.194676
-0.742803 -1.801468
-0.378121 -1.015461
-0.437632 -1.096531
-1.099272 -1.469397
-0.955511 -0.603974
-1.033003 -0.384319
-0.927953 -0.815968
-1.269888 -0.838890
-1.655936 -2.077404
-1.191850 -0.740492
-0.685615 -0.140089
-1.159534 -1.619542
-1.082067 -0.642844
-1.299267 -0.707228
-1.129232 -2.053166
-0.960172 -0.418691
-1.119797 -2.422326
-0.729295 -1.832013
-1.140436 -1.955248
-1.572553 -1.721699
-0.840267 -1.019471
-1.304028 -1.254777
-0.796574 -0.086753
-1.190263 -0.363059
-0.726659 -1.472232
-1.129562 -2.525205
-0.696606 -0.093746
-0.507672 -0.614311
-0.449937 -0.919562
-0.373313 -1.276771
-1.103761 -1.103870
-0.793875 -1.369395
-1.781963 -2.184408
-1.023452 -0.617285
-0.787049 -0.313898
-0.564211 -1.390202
-1.083983 -1.419354
-1.170690 -2.056839
-1.010895 -1.857043
-0.888234 -0.807017
-0.912880 -0.695769
-1.244549 -0.921797
-0.799756 -1.181049
-0.799968 -0.602263
-1.229995 -1.092998
-1.571115 -2.193289
-0.708893 -0.529261
-1.313018 -1.429965
-1.063379 -1.427180
-1.047761 -1.567311
-1.150898 -2.184779
-1.158630 -1.226774
-0.460636 -1.307767
-1.392502 -1.229668
-1.489468 -1.423189
-1.270605 -1.449613
-1.142858 -0.710519
-1.079108 -1.676324
-1.411278 -1.848719
-1.107104 -2.314591
-0.392686 -1.177938
-0.763649 -1.575955
-0.830831 -1.107421
-1.140000 -2.137402
-1.198252 -0.554296
-0.958109 -0.528663
-0.995656 -1.908399
-0.908965 -0.536295
-1.546133 -2.503788
-0.697255 -0.854848
-0.616336 -0.149099
-0.895023 -1.230719
-0.636684 -0.120464
-0.725131 -1.530489
-0.761751 -0.151466
-0.892006 -0.347630
-0.460015 -1.068568
-0.439285 -0.289665
-0.728680 -0.507544
-1.440221 -1.995307
-1.181364 -2.200541
-0.818688 -1.966534
-1.203189 -0.886413
-0.758400 -0.296487
-1.084275 -0.516593
-1.112173 -2.532089
-1.053416 -0.901696
-1.489046 -2.016560
-0.491612 -0.715656
-1.220052 -1.080659
-1.686806 -1.924827
-0.908666 -1.519054
-0.827981 -1.242233
-1.054699 -0.111475
-1.564716 -1.728989
-0.571578 -0.465358
-0.986987 -0.293510
-1.520520 -1.206033
-1.394980 -2.198715
-0.990758 -0.215851
-0.495648 -1.145947
-0.888137 -1.597732
-0.822582 -0.600757
-1.476905 -2.185824
-1.455815 -2.476653
-1.381221 -2.681433
-0.552892 -0.672486
-0.504849 -0.188455
-0.827577 -1.387839
-0.367220 -1.197723
-0.478828 -0.462812
-1.117128 -1.913881
-1.184535 -1.807540
-0.559060 -0.318013
-1.115204 -0.187114
-1.196176 -2.843789
-1.353649 -2.037145
-0.792309 -0.443707
-0.844814 -1.994616
-1.754324 -1.708405
-0.909995 -0.920601
-1.195404 -0.852104
-0.440679 -1.498926
-1.063180 -0.221849
-0.786659 -0.301366
-0.700911 -1.562273
-1.081070 -1.219247
-1.270817 -0.696448
-0.686704 -1.042270
-1.407688 -1.352577
-0.787318 -0.434169
-1.565550 -1.902336
-0.869439 -0.797451
-0.520817 -0.719903
-1.458979 -1.410442
-0.676185 -0.584287
-1.326149 -2.580948
-0.474934 -0.784180
-1.378465 -1.861749
-1.146913 -2.103173
-0.799097 -0.606483
-1.012672 -1.268158
-1.275523 -1.879272
-0.638696 -0.152912
-1.448448 -1.441412
-0.476431 -0.753338
-1.391336 -2.278420
-1.071670 -0.380526
-0.787458 -0.734529
-1.421637 -1.722267
-0.494472 -0.876517
-0.846901 -0.443587
-0.967865 -1.187871
-0.752520 -1.040060
-1.494255 -0.715201
-0.751298 -1.794842
-0.660814 -1.490498
-0.645060 -0.720363
-0.926821 -1.403374
-1.002701 -2.308265
-1.048565 -0.327466
-1.347299 -1.904109
-1.299065 -1.995251
-0.629886 -0.265451
-0.473780 -1.359934
-0.864857 -0.330331
-0.584023 -0.259918
-0.686788 -1.548993
-1.526823 -2.120127
-0.772508 -0.950517
-1.226618 -1.769208
-1.116572 -0.524243
-1.299842 -2.453652
-1.349266 -1.275474
-1.574867 -2.079889
-1.623911 -1.873438
-0.395062 -0.761737
-1.218953 -0.320590
-0.641520 -1.504764
-1.118818 -1.044276
-0.273533 -0.797172
-1.537928 -1.317135
-1.089816 -0.148262
-1.097811 -1.090340
-0.958658 -2.276619
-0.817024 -1.934372
-0.584408 -1.437032
-1.186211 -0.389101
-1.350818 -2.161267
-1.432927 -1.955373
-1.026267 -1.625682
-0.774140 -1.920735
-1.160896 -2.386955
-1.037666 -0.322961
-0.694728 -0.254245
-1.172088 -1.235748
-1.580137 -1.524771
-1.467407 -2.357325
-1.119645 -0.344337
-0.896903 -0.830453
-1.380402 -0.819083
-1.025427 -0.651861
-0.637029 -1.344620
-0.532576 -0.935788
-1.059899 -1.204576
-0.732022 -0.480808
-1.257491 -1.249503
-1.358880 -2.578082
-1.233442 -2.280710
-1.053078 -2.188952
-0.827698 -2.152038
-0.697084 -1.414247
-1.241284 -0.574254
-0.903740 -2.002794
-0.850191 -1.448034
-0.638553 -1.096274
-0.859828 -1.029434
-1.379390 -2.436257
-0.928026 -0.744934
-0.833696 -0.980152
-1.423189 -2.843809
-0.684180 -0.364722
-0.999972 -1.473642
-0.935741 -1.692409
-1.290244 -1.610395
-1.224961 -1.438608
-0.559611 -0.594748
-1.077531 -1.460916
-0.895086 -1.026326
-0.826547 -1.246749
-1.239612 -0.533510
-0.705655 -0.144892
-1.327980 -2.707187
-1.430972 -2.321835
-1.072132 -1.094210
-0.580304 -1.390755
-0.914643 -0.535595
-0.778684 -1.753856
-1.240702 -1.321499
-1.354039 -1.657478
-1.270090 -2.085565
-1.445406 -2.534144
-1.206684 -2.133973
-0.693049 -1.670167
-0.596923 -0.443612
-0.434543 -1.600965
-1.281211 -0.538896
-0.866685 -1.945855
-0.777844 -0.117418
-1.040040 -1.109305
-1.711544 -1.829311
-1.378895 -1.558567
-0.429127 -0.928974
-0.511632 -1.213015
-1.177941 -2.564077
-1.527941 -2.735307
-0.461865 -1.393484
-0.859540 -1.833233
-1.326817 -1.467676
-1.250091 -1.668387
-1.312616 -0.693449
-0.976857 -1.863714
-1.448166 -1.622339
-0.963974 -2.244837
-0.760685 -1.678366
-0.480611 -0.757329
-1.596353 -2.210258
-1.384440 -1.149171
-0.790433 -1.224375
-0.623902 -1.587722
-0.790978 -1.519236
-0.624332 -1.073612
-1.558648 -1.895998
-0.930472 -1.889883
-0.833045 -0.934558
-1.497192 -1.920911
-0.900736 -1.198109
-0.573080 -1.377140
-0.848024 -0.533985
-0.566248 -1.595737
-1.290732 -0.270142
-1.122839 -0.630711
-0.700933 -0.665130
-0.966931 -0.828676
-0.810491 -0.732982
-0.703774 -1.983606
-0.717164 -0.432181
-1.031091 -0.757352
-1.439049 -0.976219
-1.233598 -1.640731
-1.547297 -2.253146
-0.931124 -0.999893
-0.695902 -1.050514
-0.824409 -0.625550
-1.218342 -1.649982
-1.130451 -0.631642
-1.536728 -1.874684
-1.275642 -2.257354
-1.305110 -2.340963
-1.032817 -1.184539
-1.106266 -0.442678
-1.216227 -0.366992
-0.818637 -2.131423
-1.171536 -0.580151
-0.788359 -1.531836
-0.563449 -0.569119
-0.904048 -0.456987
-0.760954 -0.433039
-0.742757 -0.815301
-1.083161 -2.094530
-1.143881 -1.433730
-1.227255 -2.439662
-0.701863 -0.372677
-1.095908 -1.411083
-1.236855 -0.707002
-1.141685 -1.023086
-1.159423 -0.584036
-0.897975 -1.426279
-1.309696 -0.339900
-0.962309 -1.958885
-1.303826 -1.905461
-0.563386 -1.453419
-0.584536 -0.406127
-0.727274 -0.650680
-0.885204 -0.801058
-0.877427 -2.132209
-1.504557 -0.995789
-0.773129 -0.885600
-1.071118 -0.704311
-1.579182 -2.613116
-1.396634 -2.650616
-1.141129 -0.980020
-0.551412 -0.990580
-1.161611 -1.840611
-1.556378 -1.319084
-0.577074 -1.825893
-0.910070 -1.821535
-1.334489 -0.660411
-1.489977 -2.791785
-1.120136 -2.460221
-0.721444 -2.000844
-1.034464 0.078376
-1.131765 -1.616576
-0.698262 -1.890662
-0.576954 -1.099822
-0.862216 -0.256880
-1.345983 -1.144998
-0.565039 -1.020664
-1.080072 -2.348834
-1.075888 -2.248412
-0.960770 -0.484392
-1.314748 -1.657092
-1.193833 -2.524734
-1.439572 -0.971508
-1.207491 -2.093498
-1.099015 -1.059580
-0.466251 -1.203234
-0.645064 -1.078251
-0.889619 -1.869367
-1.454878 -2.048626
-1.070954 -0.562543
-1.283754 -1.781163
-1.017977 -2.053610
-0.607992 -0.820951
-0.914924 -0.072920
-1.394562 -1.035493
-1.344854 -0.637498
-1.072798 -0.385928
-1.257505 -2.432649
-1.091518 -0.888431
-1.451580 -0.663709
-0.752162 -1.714565
-0.565759 -1.030244
-0.842509 -1.023875
-1.349207 -1.351690
-0.598487 -0.683590
-1.225558 -2.040106
-1.253794 -1.146724
-1.029082 -1.478873
-1.451266 -2.290869
-0.506832 -0.838391
-1.195772 -0.837249
-0.804665 -0.033156
-0.848330 -0.496794
-1.034239 -2.173940
-1.280954 -2.182798
-1.289709 -2.031199
-0.528414 -0.513704
-0.895441 -1.534973
-0.805928 -1.291725
-1.442378 -1.231205
-1.328500 -2.449627
-0.703052 -0.217096
-1.275954 -1.154110
-0.956596 -0.059556
-0.516881 -1.518697
-1.014681 -1.620215
-1.212179 -0.416842
-1.171262 -0.142605
-1.087356 -0.509655
-1.057484 -1.175957
-1.061412 -2.147893
-1.358080 -1.125466
-1.096240 -1.926123
-0.872331 -0.160129
-1.202428 -0.880675
-1.465572 -0.645802
-1.426900 -1.119249
-1.513937 -1.513924
-0.689170 -0.179442
-0.680658 -0.471422
-1.100698 -1.099633
-1.483409 -1.361177
-1.552859 -1.871271
-1.352503 -0.527046
-0.576720 -1.450505
-1.266181 -1.795462
-1.121072 -0.549162
-1.111095 -0.424070
-0.735871 -1.932009
-1.176868 -0.984632
-0.835099 -1.245215
-0.714779 -1.894495
-1.510030 -1.005285
-0.865256 -2.298837
-1.180713 -0.746671
-0.523819 -1.741153
-1.438885 -1.512933
-1.387504 -1.109247
-1.386261 -1.967327
-0.605166 -0.104677
-0.941291 -1.605292
-1.395108 -2.240181
-1.224636 -0.509101
-1.077518 -0.877580
-1.330245 -1.720337
-1.190097 -1.344931
-1.359175 -1.068547
-1.343177 -2.151469
-1.397802 -2.451822
-1.006120 -2.326252
-1.211375 -2.616032
-1.004773 -2.101025
-1.087571 -0.428589
-1.209885 -2.236933
-1.189515 -0.385341
-0.924133 -1.845927
-1.123109 -0.779170
-0.607198 -0.914251
-1.127814 -0.314214
-1.220155 -0.307223
-0.741613 -1.592481
-1.493766 -1.140356
-0.608572 -1.679378
-1.077663 -2.437726
-1.123955 -0.524556
-1.428249 -1.491271
-0.542151 -1.089352
-0.780665 -1.944824
-0.528155 -1.358981
-0.520734 -1.077785
-0.620842 -1.419744
-1.069829 -0.703396
-1.068067 -2.352014
-1.038675 -0.967619
-0.388131 -1.016379
-1.466490 -2.470128
-1.157975 -2.548746
-0.623264 -0.765768
-1.187307 -1.523151
-1.244322 -2.449565
-1.383727 -1.511619
-1.091946 -1.096892
-0.923256 -2.307952
-0.963739 -1.300416
-1.341183 -0.833301
-0.790824 -0.025727
-0.846496 -1.773556
-1.272932 -0.766929
-0.849192 -0.259979
-1.051780 -1.700345
-1.691801 -1.552958
-1.052186 -2.175586
-0.724205 0.007213
-0.844738 -0.791989
-1.116648 -0.504497
-0.579169 -1.251744
-1.174997 -0.430414
-1.367126 -1.540556
-0.639279 -0.366756
-1.353730 -0.790190
-1.465371 -1.113744
-1.070830 -0.783642
-1.266450 -1.543021
-0.846864 -0.761918
-1.516477 -2.229817
-0.680248 -0.518533
-1.310074 -0.997155
-1.199942 -0.800494
-0.867392 -0.092034
-0.673531 -1.504642
-1.524397 -1.772187
-0.716688 -1.167836
-1.352401 -2.047509
-1.657172 -1.541615
-1.133001 -2.159543
-1.566611 -1.963306
-0.413784 -1.174537
-1.472369 -1.696195
-1.095122 -1.816455
-0.967265 -1.482264
-0.919814 -2.316393
-1.366241 -1.371395
-0.600006 -0.472144
-0.390303 -1.317409
-1.288464 -2.677798
-0.837133 -1.690689
-0.790666 -1.814270
-1.212365 -1.330547
-0.867350 -1.240671
-0.577172 -0.246457
-1.339904 -0.387576
-1.232495 -1.645009
-0.949883 -1.046606
-0.745312 -0.702819
-1.026835 -1.301850
-1.445420 -0.919567
-0.630230 -0.310413
-1.473191 -2.152105
-1.279020 -1.440560
-1.438693 -1.898092
-0.844894 -0.254428
-0.534304 -0.550693
-0.674747 -1.291900
-0.799901 -1.447438
-0.940375 -1.849841
-1.214409 -1.230117
-0.573658 -1.568950
-0.603347 -1.565939
-0.998865 -0.168127
-1.082352 -2.423819
-0.786680 -1.688086
-0.959169 -0.282840
-1.320218 -2.560699
-0.738135 -0.287507
-0.676676 -1.650462
-1.271750 -2.023327
-0.495443 -1.530143
-1.184894 -0.666050
-1.063249 -0.382443
-1.393056 -2.339243
-0.502706 -1.086741
-0.735022 -0.331470
-1.290538 -1.203550
-1.077471 -0.546810
-1.288052 -1.603256
-0.765815 -2.095478
-0.913527 -0.962526
-1.291272 -1.799735
-1.115651 -0.933740
-1.345771 -1.981012
-1.323943 -2.385978
-1.226483 -1.406445
-1.401356 -2.587739
-1.190261 -1.282401
-0.956461 -0.422288
-0.840987 -0.295256
-1.329997 -0.748289
-0.931179 -1.859823
-0.858549 -0.488149
-0.662159 -1.002473
-1.399300 -2.273841
-1.306646 -0.326656
-1.449938 -0.938571
-1.166369 -2.161654
-0.737325 -1.354813
-0.779274 -1.522904
-1.413961 -1.265319
-0.541564 -0.408362
-0.810234 -1.752804
-0.816833 -0.680204
-1.095279 -2.150593
-1.454804 -1.397196
-0.880533 -2.116030
-1.171729 -2.409225
-1.395397 -2.385474
-1.364208 -2.085723
-0.527023 -0.496890
-0.464071 -0.810204
-0.563563 -0.492074
-1.460784 -0.824204
-1.035709 -0.066719
-0.849986 -0.882687
-1.483983 -1.094128
-1.137071 -1.973168
-1.477287 -1.446583
-1.076827 -1.024990
-0.936243 -1.115493
-0.569264 -0.352469
-1.403268 -1.781836
-1.226786 -1.785776
-0.979889 -1.581317
-0.955276 -0.404812
-0.423100 -1.154917
-0.617279 -1.541687
-0.532194 -1.376997
-0.369178 -1.105473
-1.191206 -2.376320
-1.251438 -2.674531
-1.566026 -2.290304
-1.305792 -1.162152
-0.722182 -0.307827
-1.206583 -1.656590
-1.418803 -0.483161
-1.382874 -1.585410
-1.110691 -0.524085
-0.610283 -0.554318
-0.779225 -0.931126
-1.236146 -0.325861
-1.034890 -2.217040
-0.345533 -0.691322
-1.465564 -1.283197
-0.993162 -0.596107
-1.507118 -2.064175
-1.112109 -0.994488
-0.971409 -0.996613
-1.278998 -0.569816
-1.236971 -1.479549
-0.744853 -0.581416
-1.209197 -1.508582
-1.289561 -1.965259
-1.062611 -1.799534
-0.716361 -0.979220
-0.375909 -0.567178
-0.878249 -1.196256
-1.383613 -1.324301
-1.536430 -2.041605
-0.355372 -0.901222
-0.616243 -1.619850
-0.350405 -1.023218
-1.367361 -0.735069
-0.922034 -1.524543
-0.471110 -1.201595
-1.543020 -1.948647
-0.907791 -0.955099
-0.910231 -1.045045
-0.970893 -0.989140
-0.519886 -1.207215
-0.726677 -1.114517
-0.999557 -1.820318
-0.538050 -1.453663
-1.194456 -1.647245
-0.760709 -1.333700
-0.909432 -1.810457
-0.718247 -1.901377
-1.483470 -2.111454
-0.831363 -0.839247
-0.498327 -0.660871
-1.049124 -1.325457
-0.670989 -2.007785
-1.148641 -1.663421
-0.737500 -1.728806
-1.265348 -0.915229
-0.464973 -0.800244
-0.521413 -1.501666
-0.452608 -0.742447
-0.931830 -1.950980
-1.417011 -2.345580
-0.808007 -1.666111
-1.075499 -0.554197
-0.807597 -1.897076
-1.008888 -0.098472
-0.548451 -1.130273
-0.433921 -0.888524
-1.324541 -0.669080
-0.949820 -0.608386
-0.896032 -0.163607
-0.854383 -0.317361
-0.844635 -1.377395
-0.806995 -0.070549
-0.514000 -0.531859
-0.704846 -1.636567
-0.813910 -1.766661
-1.148328 -1.642434
-1.260208 -0.673279
-1.337932 -0.779837
-0.846573 -0.276838
-1.033184 -1.565396
-0.911990 -1.337011
-1.425168 -1.462517
-1.012558 -0.558075
-0.503030 -0.898935
-1.241441 -2.150656
-1.019093 -2.151046
-1.005106 -1.480397
-1.048619 -1.316853
-1.484155 -1.931989
-1.059700 -2.442147
-1.131538 -0.571830
-1.338739 -2.618953
-0.992715 -1.147372
-0.952593 -1.034432
-1.037567 -1.814306
-0.976069 -2.237860
-1.439256 -2.540116
-1.522112 -2.295117
-1.165106 -1.476102
-0.672972 -0.312208
-1.295804 -2.372565
-0.905267 -1.784187
-1.267817 -0.968827
-1.217342 -0.336057
-0.799724 -0.572888
-1.434486 -1.218845
-1.178865 -2.351461
-0.715288 -1.945532
-1.173478 -0.640972
-0.603662 -0.765003
-0.350741 -1.018557
-0.576919 -1.788281
-1.158312 -1.682064
-0.819684 -0.478377
-0.901019 -2.075134
-0.594331 -0.588299
-1.165601 -2.626822
-1.243516 -1.086377
-1.308170 -1.005067
-1.492401 -2.170896
-1.489600 -1.927000
-0.984656 -0.917591
-1.004093 -1.294501
-0.774265 -1.933469
-1.375655 -2.479664
-1.164921 -1.364779
-0.651133 -1.292848
-1.009137 -0.570488
-0.817494 -0.353243
-1.364868 -1.603234
-0.896670 -2.203680
-1.287899 -0.989028
-0.766302 -1.238339
-0.887932 -0.620748
-1.388865 -0.635520
-0.600050 -1.467520
-0.923122 -0.384744
-1.396418 -0.993483
-0.494114 -0.872548
-0.732471 -0.400616
-0.580997 -1.752365
-0.846186 -1.050293
-0.977962 -2.030383
-1.130241 -0.830995
-0.796686 -1.566754
-1.174552 -0.750704
-0.847131 -0.973074
-1.034399 -0.864357
-0.634804 -1.613489
-1.299898 -0.783553
-1.140581 -1.977918
-0.806422 -1.498573
-1.313194 -0.685762
-1.403077 -1.767275
-0.447004 -1.487145
-0.637232 -0.934208
-0.420324 -0.825918
-1.138404 -1.024872
-1.199151 -1.906956
-0.668270 -0.871685
-1.102716 -2.138754
-0.875981 -0.342878
-0.857431 -1.919589
-1.300031 -2.437910
-1.273896 -2.962786
-1.222160 -1.929094
-1.144689 -1.402849
-1.135165 -1.824968
-1.216655 -1.790073
-1.297818 -0.779621
-1.368404 -1.764749
-0.711358 -0.889926
-0.818963 -1.386660
-0.803263 -0.494334
-0.795099 -0.192156
-0.810664 -2.033405
-0.684192 -1.815483
-1.160849 -0.254465
-1.226299 -0.805968
-1.158936 -0.754295
-1.012388 -1.733917
-0.955393 -0.631166
-1.348967 -1.425174
-0.906958 -0.231511
-1.376369 -1.522079
-0.924919 -0.911159
-1.538334 -1.848014
-0.817467 -0.343930
-1.542019 -1.459638
-1.013343 -2.089779
-0.870942 -1.931073
-1.002991 -1.957706
-1.106787 -2.471226
-0.696035 -0.360122
-1.000770 -1.257216
-0.901746 -0.330428
-1.307355 -1.347932
-0.584446 -0.129455
-0.810193 -2.094107
-0.882368 -1.221196
-0.919686 -1.690069
-0.552697 -0.809939
-0.708103 -1.220985
-1.053398 -2.025590
-1.347713 -1.867568
-1.147320 -1.395072
-0.688100 -1.155179
-1.218079 -0.940538
-0.871201 -0.596637
-0.906989 -1.403531
-0.966690 -1.822974
-0.634491 -1.180453
-1.103282 -1.833515
-0.577390 0.000942
-0.927996 -0.757227
-1.272875 -1.798923
-1.141443 -0.367752
-0.415477 -1.049001
-1.390412 -1.953366
-1.343047 -1.913382
-1.166529 -0.397233
-0.578199 -0.612536
-0.721923 -1.175622
-0.491517 -0.832657
-1.431378 -2.788461
-0.579545 -1.228520
-0.880900 -0.813898
-1.465772 -1.571415
-0.985508 -0.945577
-1.006530 -0.593712
-1.329497 -2.178787
-1.421473 -2.608559
-0.947233 -0.491243
-0.516106 -1.512130
-0.637708 -1.125950
-0.649528 -1.087581
-0.965540 -2.281791
-1.230711 -0.398388
-1.082089 -1.361025
-0.563472 -1.318801
-0.674657 -0.560600
-0.620419 -1.327496
-1.016646 -2.154720
-0.934744 -2.430565
-1.231183 -0.639042
-0.506631 -0.656655
-1.170192 -1.503983
-0.991046 -1.702311
-1.672503 -2.103034
-1.047258 -1.247756
-0.986299 -2.454882
-0.655122 -0.253909
-0.432464 -0.447087
-0.533537 -1.541945
-1.208181 -2.766906
-1.280783 -0.828161
-0.884422 -0.219623
-0.877036 -0.316957
-0.667696 -0.202994
-1.374927 -0.746633
-1.298376 -0.922668
-1.305639 -1.950439
-1.202386 -0.294402
-0.821526 -1.179823
-1.136126 -0.505928
-1.152121 -0.791753
-0.792203 -0.445498
-1.536366 -1.606893
-0.373724 -0.739792
-1.219059 -0.869481
-1.426837 -2.679023
-0.826898 -0.229105
-1.211185 -1.829728
-0.986651 -0.857186
-1.099862 -0.722692
-0.818068 -1.171195
-0.687933 -0.122519
-0.425991 -0.434710
-1.534124 -2.029889
-1.512653 -2.299486
-0.676725 -1.266984
-1.210280 -1.965591
-1.071367 -1.195490
-0.924680 -0.045740
-0.880508 -1.237664
-0.940643 -1.084343
-0.876154 -0.130320
-1.142913 -1.241604
-0.997262 -1.487684
-1.471400 -2.293344
-1.479457 -1.680884
-1.094485 -0.369459
-1.080018 -1.794331
-0.556293 -0.376888
-0.887478 -1.437425
-1.416315 -1.283061
-0.898724 -0.484435
-1.228073 -1.607158
-0.789048 -1.454030
-1.435839 -1.097416
-1.218907 -1.179394
-0.606803 -0.106835
-0.831499 -1.589450
-0.749378 -0.926332
-1.136234 -0.746922
-0.720567 -1.376421
-0.884397 -1.900370
-0.841034 -0.231548
-0.953313 -0.309028
-1.551460 -1.968037
-0.538563 -0.846504
-0.988819 -0.833664
-1.353895 -1.867540
-0.920778 -0.426046
-1.200638 -0.434794
-0.926973 -0.485701
-0.968859 -1.816564
-1.320952 -0.846944
-1.407149 -1.709739
-1.518783 -1.019158
-1.463718 -2.105342
-0.896287 -0.795359
-1.193476 -1.604091
-1.397451 -1.841097
-1.466540 -1.492947
-0.933629 -1.707421
-0.684443 -0.885636
-0.949361 -0.581561
-0.639796 -1.262496
-1.145936 -0.451940
-1.364819 -1.781597
-0.928668 -0.360591
-1.341036 -2.796427
-1.545229 -1.796015
-0.937420 -0.803787
-1.402284 -1.097115
-1.649443 -2.164453
-1.483082 -2.116827
-0.834046 -1.061922
-1.137593 -2.505379
-0.491892 -0.631241
-1.361201 -2.376808
-0.427699 -0.913842
-0.429266 -0.808239
-1.007177 -1.874482
-0.974163 -1.770971
-1.342499 -1.751029
-1.108618 -1.860784
-0.601186 -0.934746
-0.921801 -1.435861
-0.618475 -0.628014
-0.954263 -1.214212
-0.776716 -0.334586
-0.459606 -0.842258
-1.235218 -1.888671
-0.689980 -1.617521
-1.421136 -0.962335
-1.422718 -2.241849
-0.759109 -1.880482
-0.674834 -1.790004
-0.794957 -2.006783
-1.231616 -0.975258
-1.219291 -1.148399
-1.227834 -1.777279
-0.448348 -0.816204
-0.828914 -1.347356
-0.989290 -1.530813
-0.613587 -0.271169
-1.091612 -0.903331
-1.334723 -0.540648
-1.361110 -1.404818
-0.485458 -0.430751
-0.925619 -1.535164
-0.932346 -0.270555
-0.949429 -0.365090
-0.968354 -0.950030
-0.742795 -1.345115
-0.789982 -0.689474
-0.857792 -1.402596
-1.029230 -1.591441
-0.590490 -1.002736
-1.255329 -0.820620
-0.824078 -1.061099
-0.748337 -1.247155
-0.891521 -0.179339
-1.114498 -0.878923
-0.899286 -0.440861
-1.007222 -1.315179
-1.184082 -1.912591
-0.881136 -1.765409
-1.209458 -1.603227
-1.062472 -1.354267
-1.051434 -1.417062
-1.601951 -1.575747
-1.223005 -1.331195
-1.385280 -2.185229
-0.828938 -1.507638
-0.987336 -1.799872
-0.809701 -0.986791
-0.632656 -1.360962
-1.492907 -2.381323
-1.245665 -1.457967
-0.959041 -1.475566
-1.212684 -0.319867
-1.246427 -0.448583
-1.095914 -1.526338
-1.448831 -2.337665
-0.455749 -1.244257
-1.258555 -0.656702
-0.505775 -0.602815
-1.472085 -2.243966
-1.026220 -0.446500
-1.448179 -2.035055
-1.081132 -0.653286
-0.785497 -1.338609
-0.320398 -1.085655
-0.573555 -1.156628
-1.327769 -1.598283
-0.853240 -0.172729
-0.781500 -0.347712
-0.930807 -1.046140
-1.060220 -1.760193
-1.133823 -1.344118
-0.898683 -2.691287
-0.865488 -0.233008
-1.014288 -0.240684
-0.429142 -0.608839
-1.276434 -1.351521
-1.077431 -0.430643
-0.918191 -0.427994
-0.589291 -1.620212
-0.923523 -0.380522
-0.871056 -1.595513
-0.372170 -0.495547
-0.498321 -0.478438
-0.979464 -1.233643
-1.049877 -0.733201
-1.170020 -1.633822
-0.622581 -0.789695
-1.085915 -1.833747
-1.393462 -1.472146
-0.995439 -0.430384
-1.309269 -1.895766
-1.018462 -1.603998
-0.352199 -0.610840
-0.986293 -0.680216
-0.997790 -1.903782
-1.125768 -0.510466
-0.703393 -0.290102
-0.522095 -0.654534
-1.162693 -2.173723
-1.575267 -2.474783
-1.044733 -1.253187
-0.432076 -0.572721
-0.884151 -2.058495
-1.019647 -0.651593
-1.396441 -2.268811
-1.123916 -0.422930
-0.784525 -0.216166
-0.434581 -1.237711
-0.508473 -0.637472
-1.138896 -2.612531
-1.270553 -0.598266
-0.626086 -0.801951
-0.783176 -1.323880
-0.599082 -1.487543
-1.285930 -1.004691
-1.591670 -1.087598
-1.662470 -2.090902
-0.645949 -0.413734
-0.877749 -0.704724
-1.123780 -1.393894
-0.957024 -0.355828
-1.223454 -0.486062
-1.116884 -0.215640
-1.416798 -2.222464
-0.840411 -0.288688
-0.800004 -1.183108
-1.270647 -0.466407
-1.443533 -2.550304
-1.353503 -1.795307
-1.041976 -0.719830
-0.646482 -0.475257
-1.500072 -1.579877
-0.890748 -1.941878
-1.010664 -0.733591
-0.686030 -0.338644
-1.315487 -2.141583
-0.664894 -0.631611
-1.153671 -0.483680
-0.386171 -0.940563
-1.125338 -2.278998
-0.757022 -0.574564
-0.485857 -0.370227
-0.804186 -0.493687
-1.124268 -2.155783
-0.890544 -1.557560
-0.838795 -0.456789
-0.938494 -0.414484
-0.681059 -0.484414
-1.152015 -2.524149
-0.655542 -1.137579
-1.193393 -2.520438
-1.050539 -2.541880
-1.596115 -2.041859
-0.733763 -1.363436
-1.343038 -1.921948
-0.450378 -0.991031
-0.884966 -1.275109
-1.348014 -0.716811
-1.141584 -1.079498
-1.037623 -2.429776
-0.597848 -1.113113
-0.384901 -0.837103
-1.015710 -0.132824
-0.746749 -1.316683
-1.295869 -0.788411
-0.894609 -1.088752
-1.298923 -2.086470
-1.465972 -2.490768
-0.701582 -1.548033
-0.790336 -1.095673
-0.925071 -1.512498
-0.548892 -0.965013
-0.555644 -0.539228
-0.416500 -1.428714
-1.089710 -1.854855
-0.721660 -0.564486
-1.270329 -0.909847
-1.414854 -2.500737
-0.943827 -0.914610
-1.161259 -2.489760
-0.735702 -0.838218
-0.601269 -1.155771
-0.912616 -0.541254
-1.038435 -1.360362
-1.737626 -2.006920
-1.150633 -0.532985
-1.482859 -2.242542
-1.048137 -2.400267
-1.289538 -2.419995
-1.617908 -2.381480
-1.336743 -1.661962
-0.846276 -0.534250
-1.325396 -2.473159
-0.746717 -0.974437
-0.320938 -0.456477
-0.800187 -0.375306
-1.490923 -1.544270
-0.707922 -0.297457
-0.874953 -1.392205
-1.250898 -0.705479
-0.720138 -0.801184
-0.574445 -1.130998
-0.896344 -1.271413
-1.280405 -0.756069
-1.012090 -1.479247
-1.197068 -2.490862
-0.635657 -0.859219
-0.921828 -2.139826
-0.890775 -1.687148
-1.216998 -2.081791
-1.220753 -0.517254
-0.580309 -0.367794
-0.871895 -1.291342
-0.635300 -0.425642
-1.223284 -2.361280
-1.435495 -1.563776
-0.890527 -2.206025
-0.625031 -1.667805
-1.397005 -0.910442
-0.756536 -0.600924
-0.948014 -0.288600
-1.321968 -0.680534
-0.728349 -1.781440
-1.587806 -1.541757
-1.030874 -2.233263
-1.278262 -0.949066
-0.768476 -0.503436
-0.961949 -1.140524
-0.686322 -0.547604
-0.710784 -1.614218
-1.340207 -0.642535
-0.841309 -1.256932
-0.966448 -2.348530
-0.710171 -1.345810
-0.806123 -1.107256
-0.700163 -1.653526
-1.138840 -1.065780
-0.459683 -0.807602
-0.733557 -0.707583
-0.737809 -0.527504
-1.085878 -2.257298
-0.540112 -1.653605
-0.782096 -1.696946
-1.450375 -2.448359
-0.930946 -1.648630
-1.290975 -1.851326
-0.569787 -1.096675
-1.194380 -0.709568
-0.768757 -1.853417
-0.796743 -2.028088
-0.976137 -1.272590
-0.383288 -0.603471
-1.189431 -1.638116
-0.606206 -1.458986
-1.448643 -1.893480
-0.957244 -0.915627
-1.308209 -2.898372
-1.582905 -1.719915
-0.683193 -0.562724
-1.499007 -2.107055
-1.215059 -0.611767
-1.391459 -1.618096
-1.223917 -0.379439
-1.489310 -1.301565
-1.227907 -1.202845
-1.154170 -1.549482
-1.155173 -2.444493
-0.573793 -0.985695
-0.840527 -0.723790
-1.476519 -1.518828
-1.086586 -0.979873
-1.229185 -1.874740
-0.696574 -0.366621
-0.506682 -0.360925
-0.937563 -0.985565
-1.040842 -1.703542
-1.328297 -1.088473
-0.772132 -1.990124
-0.991082 -1.701996
-1.315580 -2.926593
-0.725968 -0.341874
-1.044577 -1.405344
-1.349751 -0.790540
-1.252006 -0.507076
-0.567481 -0.560399
-0.657458 -1.107099
-1.349052 -1.123183
-1.338496 -1.059739
-0.982958 -0.395402
-1.594393 -1.981685
-0.695143 -0.923852
-0.877265 -2.061529
-0.860149 -1.989566
-1.533816 -2.265793
-1.259631 -0.529116
-0.824094 -0.717226
-0.449820 -0.799696
-0.964894 -0.977485
-1.634345 -2.009650
-1.601075 -1.592061
-0.790804 -0.503795
-1.144301 -0.229766
-0.991251 -0.462754
-1.659183 -1.701872
-1.221122 -0.428351
-1.155969 -1.201608
-1.052856 -0.279620
-0.989507 -1.642895
-0.957929 -1.559782
-1.287768 -2.763408
-1.164496 -1.688038
-0.868739 -1.202820
-0.501905 -0.229090
-1.153019 -0.706364
-1.354339 -1.327182
-1.436696 -0.910314
-0.545391 -0.364440
-0.737274 -1.979334
-0.690973 -0.288152
-0.749236 -1.379901
-1.285696 -1.337210
-0.491805 -1.313796
-0.672564 -1.866418
-0.810846 -0.813058
-1.188570 -0.659231
-1.618323 -1.213449
-1.476003 -2.543854
-1.149184 -2.205200
-1.344457 -0.971536
-1.069424 -0.232984
-0.579866 -1.075796
-1.542024 -2.374797
-0.603151 -0.623790
-0.862646 -1.364000
-1.175672 -0.509049
-1.147970 -1.432478
-0.769801 -0.540276
-1.195951 -1.611364
-1.307243 -1.976733
-0.847629 -0.744306
-1.672715 -2.254925
-1.562507 -1.493994
-1.427139 -2.562295
-0.784048 -1.863185
-1.474740 -0.851698
-1.090073 -0.436513
-0.659301 -1.425439
-0.702879 -2.011364
-0.641088 -1.328085
-1.047446 -1.255222
-1.275452 -2.050727
-1.584295 -1.962877
-1.122458 -0.523958
-1.179275 -0.497468
-1.117813 -0.739235
-1.068702 -1.510443
-0.670229 -1.684956
-1.076142 -2.576403
-0.801238 -1.173834
-1.118752 -2.180092
-1.220948 -2.645515
-1.223533 -1.389560
-0.957671 -1.377156
-1.502073 -2.281134
-1.197907 -2.068870
-0.955223 -0.665670
-1.014410 -1.448696
-1.065556 -1.772254
-0.559786 -0.908094
-0.707574 -1.202700
-0.949455 -1.074003
-1.317551 -1.147486
-1.110385 -0.385978
-0.598204 -0.431760
-0.986829 -2.134771
-0.537710 -0.776666
-0.938440 -0.732639
-0.995622 -1.773893
-1.427275 -1.780474
-0.499700 -0.320494
-0.833534 -1.073375
-1.311221 -2.314863
-0.749039 -0.110301
-0.353168 -1.179355
-0.865352 -0.875454
-0.707651 -1.342394
-0.652131 -1.102500
-0.574103 -1.282889
-1.421951 -0.806236
-1.319569 -0.550135
-1.154806 -1.585584
-0.793804 -0.125925
-1.029240 -0.234000
-1.411070 -1.725348
-0.930082 -1.159607
-1.231194 -1.654523
-0.740311 -0.937622
-0.566251 -1.651010
-0.992741 -0.644287
-1.306377 -0.360005
-1.138004 -1.245408
-1.344791 -0.571548
-0.595952 -1.332578
-1.126671 -0.330642
-1.269504 -0.819099
-1.043849 -0.740270
-0.535235 -1.200956
-1.083115 -0.942189
-1.090514 -0.374936
-1.296666 -0.422522
-1.267658 -0.948314
-0.760305 -1.488482
-0.873351 -0.280599
-1.214389 -1.144014
-0.676670 -0.337198
-1.252948 -2.680171
-0.758934 -1.971275
-1.108940 -1.258142
-1.135062 -1.418949
-1.142136 0.223963
-1.336124 -0.614999
-0.826951 -0.884644
-0.883314 -0.353560
-0.951495 -0.281710
-1.251736 -0.789950
-1.454778 -0.856766
-1.308142 -0.676308
-1.440910 -2.433725
-0.785873 -1.795440
-1.058273 -2.352010
-1.361222 -1.279067
-1.124279 -0.342188
-0.536281 -0.460579
-0.358665 -0.841457
-0.764317 -0.365117
-0.912283 -0.421330
-1.409155 -0.849362
-0.597508 -0.771609
-1.343544 -2.651895
-1.635536 -1.897688
-1.032673 -0.363797
-1.192539 -1.728087
-1.108492 -2.160963
-0.818661 -1.497828
-1.604604 -1.972666
-1.003415 -0.131205
-0.578925 -1.102673
-0.474981 -1.576897
-1.315736 -1.561260
-0.860276 -1.824736
-1.109160 -1.100743
-1.001012 -0.613107
-1.020200 -1.482061
-0.657312 -1.900975
-1.495385 -1.434390
-1.427827 -1.919708
-1.440677 -2.096863
-1.243540 -0.879654
-0.506052 -1.050868
-0.686586 -1.046958
-0.431924 -1.026690
-0.629238 -0.981593
-0.739282 -1.056817
-0.782966 -1.117894
-0.846289 -0.199630
-0.730912 -0.666057
-0.553016 -0.377288
-1.058469 -1.447446
-0.937093 -1.939785
-0.761976 -0.967916
-0.843908 -1.512064
-1.124073 -1.279852
-1.365411 -1.146269
-1.041891 -1.191110
-0.779512 -1.689833
-0.861263 -1.432683
-0.685677 -0.611115
-1.285742 -0.654887
-1.073235 -2.305782
-0.804525 -1.364695
-1.332689 -2.325505
-1.417449 -1.267740
-0.430827 -0.610856
-0.724221 -2.074438
-1.053198 -0.345884
-1.328322 -0.573075
-0.596161 -0.469145
-1.312399 -1.384032
-0.728915 -1.060359
-1.551136 -2.715981
-1.183465 -1.384439
-0.548394 -1.064416
-0.589975 -1.089928
-1.346227 -0.984239
-0.726920 -0.876546
-0.672428 -1.153413
-1.429324 -0.738619
-1.373191 -1.721523
-1.160996 -0.358309
-1.404407 -1.045848
-0.467091 -0.835733
-1.362756 -2.832465
-0.920560 -0.641368
-0.478626 -0.976569
-1.004235 -0.233647
-0.481619 -0.448388
-0.958656 -0.634401
-0.454038 -0.836961
-0.772949 -1.418535
-0.497808 -0.633707
-0.972671 -2.154270
-0.589663 -0.224517
-0.995683 -2.117165
-1.248514 -0.729867
-0.881065 -1.354183
-0.556999 -0.787721
-1.030451 -1.575234
-1.330436 -1.235110
-1.048085 -2.086586
-0.603639 -0.968556
-1.331088 -0.939850
-0.844553 -1.539583
-1.166896 -1.150451
-1.267384 -0.809868
-0.886003 -1.561621
-0.597074 -1.601846
-1.229069 -2.309809
-0.704875 -1.560427
-0.835253 -1.075517
-0.809964 -1.435707
-0.729603 -2.015503
-0.385085 -1.125942
-0.876158 -0.567801
-0.563707 -1.437465
-1.460582 -2.570934
-0.434270 -0.242338
-0.617095 -0.588340
-0.660907 -0.957765
-1.016188 -0.626922
-1.419082 -1.548785
-0.841425 -0.709322
-1.184010 -0.440742
-0.820416 -0.870158
-0.876599 -1.523658
-1.012015 -0.083867
-0.468501 -0.753158
-0.380224 -0.836700
-1.411513 -1.511776
-1.550382 -1.993617
-1.269636 -2.149889
-0.621003 -0.771221
-1.293339 -2.185587
-1.704390 -2.004075
-0.906095 -1.529867
-1.493296 -1.978052
-0.399379 -0.654853
-1.322396 -0.477066
-0.920293 -1.475572
-0.562662 -0.611627
-1.333394 -2.666415
-1.237239 -1.538010
-1.452299 -1.919330
-1.084176 -1.205439
-1.112153 -0.541899
-0.685089 -1.168505
-0.831819 -0.363670
-1.432162 -1.612705
-0.507536 -1.245218
-0.656535 -0.398867
-0.953663 -2.144665
-0.411427 -0.218627
-1.155466 -1.917177
-1.279744 -1.200043
-0.809743 -0.356839
-0.652754 -0.931630
-0.860265 -1.303868
-0.794980 -1.086351
-0.400175 -0.725327
-0.941665 -1.340022
-0.582009 -0.799292
-1.439220 -2.308684
-1.185949 -2.431732
-1.302414 -1.882293
-1.053695 -1.658779
-0.606575 -1.497808
-1.111725 -0.477433
-0.722111 -2.196510
-1.036055 -2.351859
-1.571685 -1.812129
-0.911978 -0.712261
-0.756699 -1.593971
-0.376786 -0.943294
-1.535628 -2.103862
-1.060176 -0.499423
-1.080310 -2.156897
-1.411273 -1.824369
-0.722599 -1.899832
-0.707192 -0.637438
-1.228369 -2.029182
-1.086308 -0.609581
-0.902547 -0.230941
-1.110025 -2.650626
-0.981430 -1.650304
-1.163052 -0.656575
-1.103349 -0.329283
-1.714705 -2.009449
-1.259304 -2.319000
-0.821463 -0.491889
-1.062924 -0.241870
-1.005702 -1.866151
-0.567967 -0.365364
-0.876611 -0.142431
-0.855385 -1.674529
-1.211469 -1.077158
-0.966971 -1.326451
-0.951498 -0.098801
-1.244521 -2.308563
-0.573142 -1.514447
-0.484189 -0.396065
-0.997411 -2.331999
-0.799664 -1.048551
-1.314838 -0.996839
-1.316643 -0.672832
-1.569058 -2.366880
-1.261972 -0.410704
-1.448945 -1.610773
-1.010974 -0.313501
-1.246671 -2.769233
-0.710366 -1.890418
-0.976149 -2.265873
-0.645898 -1.433551
-0.904573 -0.357520
-0.703198 -1.004432
-0.874036 -1.531768
-0.998012 -0.681071
-0.740602 -1.626304
-0.810784 -0.450522
-1.036708 -2.038957
-1.366965 -0.799601
-1.314017 -1.814103
-1.320729 -0.805052
-1.452207 -1.299589
-0.964509 -2.374781
-0.906470 -1.671049
-1.120981 -1.994471
-1.559922 -1.396333
-1.627770 -1.862188
-0.490443 -0.122767
-1.084530 -0.736166
-1.247010 -1.856912
-0.992327 -1.098641
-1.150188 -0.746878
-0.560027 -0.353283
-1.132679 -0.420193
-1.442925 -1.825838
-1.282068 -1.303376
-0.706700 -1.229982
-0.524954 -1.197455
-0.728604 -1.594011
-0.870518 -0.050306
-1.604955 -2.536070
-1.170199 -1.013340
-1.287642 -0.835389
-1.193637 -1.076796
-1.091097 -2.455316
-1.001358 -0.451756
-1.436451 -1.278250
-1.021028 -0.733290
-1.570070 -1.786903
-1.284245 -1.571972
-1.180896 -2.009885
-0.609263 -1.046447
-1.270608 -0.661201
-0.915626 -0.216528
-1.070639 -1.847967
-0.677150 -0.974238
-0.631586 -1.703427
-0.934892 -0.708074
-1.147405 -0.341500
-0.699443 -1.654401
-0.622975 -0.757819
-0.625599 -0.992213
-1.020849 -1.470696
-1.083550 -0.766782
-0.354809 -0.527557
-0.741262 -1.336249
-0.748154 -2.062675
-1.439008 -2.384020
-0.836505 -0.137578
-1.200098 -0.853354
-1.557238 -2.289617
-0.548887 -1.363158
-1.633018 -2.185714
-0.480781 -1.206376
-0.462141 -1.230853
-0.829413 -1.452079
-1.135335 -2.501989
-1.370244 -0.812291
-1.134311 -2.148128
-1.219362 -1.271415
-0.406090 -0.996722
-1.367342 -2.021840
-0.736661 -0.704130
-1.040674 -1.501760
-0.648273 -0.876733
-1.406111 -0.709268
-0.458946 -0.910293
-1.016576 -1.690206
-0.700762 -1.844727
-1.421767 -2.074750
-1.501693 -2.165485
-1.417868 -1.954401
-0.714567 -1.845940
-1.000551 -1.554593
-1.128477 -1.543184
-1.049579 -1.334133
-1.319006 -1.637941
-0.956320 -1.108479
-0.568367 -1.554277
-0.681377 -1.693158
-1.517447 -2.648928
-0.899884 -2.068330
-0.586700 -1.092125
-0.357072 -0.901466
-1.189454 -2.459584
-0.679893 -0.825739
-1.147455 -0.956923
-1.228622 -2.171389
-0.763734 -1.756204
-0.876499 -0.769023
-1.018498 -0.241582
-0.673298 -0.702558
-0.907407 -0.687746
-0.896699 -0.555450
-1.382964 -0.756751
-1.540521 -2.106379
-0.427386 -0.790199
-0.982762 -1.413571
-1.301404 -0.849467
-1.224864 -1.730167
-0.641611 -0.690287
-0.539544 -0.376830
-1.047596 -0.424687
-1.281272 -1.104261
-0.955534 -1.370809
-0.975972 -1.685272
-1.379710 -1.984847
-1.000111 -0.668936
-1.121787 -0.877654
-1.236512 -1.767735
-0.485109 -0.853831
-0.409675 -1.007582
-1.363132 -1.303261
-0.981339 -1.435730
-1.613020 -1.665552
-1.116556 -1.794614
-1.405409 -2.353707
-1.263087 -0.814319
-0.712974 -0.166705
-1.356739 -2.149592
-0.812494 -1.550693
-0.854214 -1.039407
-0.547360 -0.612026
-1.483083 -1.725455
-1.325155 -1.116819
-0.943695 -1.741163
-0.508797 -1.570502
-1.077111 -0.347737
-1.608952 -1.995995
-1.026104 -1.870817
-1.038356 -0.199524
-1.540264 -1.884133
-1.199615 -0.878831
-1.264775 -0.611619
-0.604776 -0.615429
-0.743748 -1.324101
-0.764484 -1.162980
-1.382513 -1.991142
-1.274705 -0.465387
-1.350652 -0.549189
-0.890378 -1.125692
-1.352012 -1.089968
-0.586045 -0.910023
-0.608201 -1.555972
-0.628165 -0.895986
-1.111058 -0.609509
-1.212230 -2.279527
-1.271665 -0.879161
-1.464469 -2.744020
-0.942631 -0.404073
-0.949560 -2.275777
-1.075654 -0.593252
-1.350796 -1.677353
-1.231864 -0.486798
-1.200582 -1.569284
-1.236690 -1.951085
-0.951013 -2.067642
-0.530512 -1.681533
-0.991057 -0.546718
-1.019330 -2.168393
-1.167057 -0.410725
-0.951878 -0.244303
-0.628949 -0.951753
-0.618567 -1.538387
-1.180823 -1.842625
-1.340042 -1.921950
-1.171091 -0.572135
-1.218421 -1.083869
-0.377827 -0.866710
-1.372139 -1.665706
-0.675837 -1.535123
-0.579677 -0.999856
-1.023566 -0.903600
-1.056659 -0.771843
-0.932143 -1.710500
-1.433139 -1.566730
-1.051127 -1.153635
-1.290280 -1.808982
-0.786803 -0.187807
-1.306344 -1.681731
-0.691222 -0.791227
-0.613252 -1.096617
-0.785413 -0.153357
-1.369516 -0.680765
-0.628319 -1.554275
-0.840733 -0.970955
-0.655584 -1.723990
-0.587222 -1.230321
-1.231159 -2.238168
-0.702248 -1.357884
-0.455395 -0.554376
-0.470779 -0.747367
-0.798423 -1.055446
-0.637256 -0.737385
-0.423542 -1.188149
-0.517123 -0.985843
-1.316647 -1.224320
-1.402589 -2.089236
-1.582450 -1.773002
-1.087403 -1.738430
-1.231987 -1.404118
-1.051661 -0.327200
-0.975703 -1.144469
-1.203961 -1.601983
-0.839173 -1.804672
-0.897513 -1.054099
-1.099799 -0.736815
-0.515128 -1.415886
-0.639495 -1.755114
-1.022206 -1.263726
-1.426172 -2.038092
-0.718180 -0.493162
-0.971822 -1.895942
-0.854021 -1.565122
-1.286945 -0.748587
-0.715937 -0.826563
-1.139798 -2.399921
-1.200893 -2.394176
-0.768312 -0.233123
-0.937887 -2.124335
-1.577497 -2.270133
-1.337597 -1.775659
-1.409072 -1.231799
-0.755428 -1.155053
-1.651428 -1.350128
-1.575369 -2.071021
-0.695458 -1.700760
-0.586741 -1.147258
-1.353814 -1.680317
-1.264325 -1.695449
-0.832904 -0.753040
-0.966580 -1.085516
-1.227911 -0.494595
-0.926554 -1.666947
-1.101268 -1.466203
-1.140404 -2.452940
-0.469805 -1.128218
-1.172259 -1.886182
-1.470350 -2.576589
-1.212224 -2.867761
-0.784016 -1.625320
-1.210618 -0.446043
-0.434235 -0.334990
-1.300407 -2.130146
-0.899012 -2.037500
-1.439820 -1.098754
-0.742039 -1.761847
-1.286609 -1.060967
-1.251044 -1.730111
-0.729371 -1.966304
-1.036432 -2.248133
-0.840755 -1.252009
-1.313975 -2.657438
-1.380335 -2.208004
-1.101977 -0.757264
-0.971759 -1.865816
-1.355852 -1.895181
-1.255909 -2.527145
-0.781795 -0.926307
-1.127300 -0.114396
-0.736075 -1.906033
-1.351035 -0.993002
-0.733070 -0.580630
-0.523507 -0.626550
-1.151462 -1.564980
-0.646635 -1.368494
-1.466909 -1.379354
-1.246120 -2.174052
-1.405963 -1.754240
-1.358440 -1.956631
-0.971409 -2.009038
-0.587097 -0.507475
-1.083007 -2.400124
-1.275342 -1.741432
-1.031649 -0.464203
-0.610904 -0.992512
-0.678065 -1.601209
-1.296167 -0.869996
-0.883542 -0.055536
-0.465764 -0.440038
-0.928617 -2.083053
-1.247201 -2.304289
-0.943253 -0.137904
-0.649911 -1.276890
-1.277683 -1.086335
-1.116036 -0.525493
-0.919994 -1.522019
-1.410144 -0.745567
-0.927804 -1.397317
-1.315926 -1.820831
-0.618171 -1.600012
-1.059648 -1.057478
-1.179727 -1.459253
-1.335751 -0.744794
-0.822184 -1.622120
-0.385166 -1.049170
-1.347075 -1.728580
-0.898086 -1.938501
-0.849289 -1.233982
-1.294757 -2.363996
-1.328291 -2.104125
-1.026591 -0.405574
-1.385924 -2.157385
-0.596088 -1.081586
-0.625265 -0.656188
-1.053342 0.003225
-1.582608 -1.673466
-0.291799 -1.018601
-0.600135 -1.670560
-1.418450 -1.966937
-0.828895 -1.686482
-1.219460 -0.397291
-1.192730 -1.474130
-1.241693 -2.258346
-0.779856 -1.547522
-1.386554 -1.051078
-0.955644 -0.874215
-1.299976 -1.817579
-1.024754 -1.116513
-1.379157 -1.719353
-1.003513 -0.058845
-1.086099 -2.396685
-1.173159 -1.710099
-0.622157 -1.396255
-1.298329 -2.001006
-1.492457 -2.009853
-0.388489 -0.769740
-1.151484 -0.827985
-1.232862 -0.560010
-0.668983 -0.469779
-0.615111 -0.292893
-0.518970 -0.833855
-1.193284 -2.432723
-0.792516 -1.157831
-1.347846 -2.185518
-0.983383 -1.070105
-0.632926 -0.233510
-1.302101 -0.862897
-1.255923 -0.438032
-0.343940 -0.946787
-0.927322 -1.164137
-0.665865 -0.806335
-0.545439 -1.147460
-0.739650 -1.043993
-1.301362 -0.411368
-0.893545 -0.472182
-1.173808 -0.398256
-0.472937 -0.383613
-0.809694 -2.160643
-1.159198 -0.532529
-0.764613 0.034363
-1.043522 -0.766096
-0.641015 -1.764876
-0.629645 -1.451129
-0.777205 -0.366597
-1.182958 -1.747813
-0.911786 -1.291344
-0.722007 -0.164850
-0.967899 -2.024633
-0.560360 -1.410225
-0.402476 -1.202126
-0.838587 -1.972402
-0.804952 -1.890063
-1.207799 -2.538835
-0.507155 -0.752145
-1.190475 -0.640973
-1.415034 -2.592027
-1.504001 -1.672276
-1.287743 -0.840581
-0.854692 -0.055905
-1.377025 -2.676746
-1.014011 -1.999872
-1.186229 -2.563166
-0.656345 -1.289962
-0.871196 -0.361572
-0.742540 -2.060131
-1.240735 -0.923369
-1.115178 -2.661447
-0.801280 -1.563740
-1.008324 -1.744622
-1.249218 -2.495476
-1.346309 -2.299186
-0.821626 -0.914004
-1.421015 -2.269944
-0.832439 -0.582490
-1.129295 -0.973904
-1.306992 -0.598009
-0.525489 -1.259229
-0.862833 -2.257396
-1.107142 -0.476720
-0.673691 -0.728251
-1.157103 -1.863739
-1.204623 -0.264070
-0.568119 -1.321351
-0.739780 -0.399283
-0.647906 -1.236554
-1.301528 -1.513656
-1.012447 -2.217617
-0.878195 -0.762735
-1.129479 -1.082881
-1.412656 -1.967145
-1.500640 -0.645148
-1.485697 -2.467329
-1.482409 -1.211025
-0.715091 -1.832762
-1.327965 -2.128020
-0.575815 -0.302742
-0.925930 -1.332103
-1.177604 -2.522081
-0.928305 -2.238631
-0.551156 -0.142837
-0.428869 -0.830946
-0.672365 -0.367698
-0.804181 -0.298243
-0.579362 -0.601722
-0.825910 -1.766826
-1.516580 -1.290450
-1.471216 -1.821739
-1.464931 -1.200191
-0.595493 -0.619993
-1.136373 -1.887761
-1.542264 -2.105632
-1.169581 -0.734329
-1.089512 -1.796287
-1.165598 -1.803090
-1.132502 -0.655449
-1.102968 -0.505648
-0.881853 -1.689599
-1.170353 -0.623715
-1.214993 -0.637743
-1.026313 -0.576348
-1.089373 -0.556570
-0.961803 -1.760306
-0.451020 -0.809462
-1.060569 -0.654898
-1.163318 -0.610826
-1.177520 -2.727946
-0.484198 -0.448765
-0.999336 -0.097763
-0.343918 -0.750919
-0.520504 -0.780087
-0.645542 -0.485956
-1.058779 -1.975681
-0.356568 -1.022428
-0.481267 -1.120809
-0.537070 -0.379553
-0.773572 -1.785875
-1.384662 -0.414938
-0.326718 -0.637946
-0.613214 -1.984108
-0.761627 -0.210836
-0.918931 -1.478110
-0.614428 -1.629806
-0.448999 -0.805645
-0.823016 -1.214674
-1.350475 -0.718855
-1.219297 -2.060761
-1.093763 -0.432737
-0.996412 -0.032434
-0.851566 -0.365862
-0.774664 -1.077338
-1.491738 -1.143707
-0.884236 -0.314770
-1.128564 -2.298658
-0.952307 -1.985465
-0.668346 -1.212562
-0.536559 -0.457011
-1.232392 -0.398160
-1.386307 -1.913219
-1.376694 -0.606380
-0.999128 -1.357580
-1.608949 -1.467362
-0.998013 -0.306984
-1.174134 -2.546123
-0.602684 -1.275474
-1.091718 -0.946754
-0.641284 -0.865452
-1.247846 -0.834524
-1.388996 -0.978198
-0.939338 -0.814881
-0.986042 -1.095793
-1.012965 -0.579418
-1.010204 -1.731707
-0.926284 -0.413812
-0.399408 -0.995950
-1.023519 -0.524639
-1.418257 -1.058394
-1.534380 -1.834422
-0.845282 -2.355684
-0.365883 -0.579537
-1.272855 -0.495608
-1.023544 -1.749370
-0.754423 -0.224806
-1.193771 -1.266818
-1.013996 -0.419951
-1.012834 -1.314301
-1.171285 -1.658280
-1.156704 -0.843612
-1.105871 -1.150870
-0.843894 -0.943969
-1.181720 -1.352363
-0.732327 -1.114456
-0.999167 -0.188034
-0.598003 -1.248565
-1.014363 -0.068519
-1.028870 -1.621860
-1.286637 -0.634716
-1.168057 -2.100331
-0.990666 -2.268936
-0.926465 -0.337753
-0.999790 -1.378708
-1.110518 -1.546575
-1.422296 -1.759607
-0.727990 -0.093140
-1.467775 -1.080564
-0.677999 -0.666481
-0.542875 -0.642009
-0.588643 -0.798244
-0.600988 -1.204485
-0.453073 -0.689390
-1.295449 -0.918773
-1.216194 -2.598869
-0.992726 -0.216497
-0.768206 -0.999521
-1.090170 -1.781383
-1.263733 -1.554385
-1.393145 -2.921777
-0.985523 -2.096471
-0.863059 -1.897050
-1.135301 -0.973987
-0.629227 -0.258640
-0.480120 -0.458216
-0.977641 -1.938012
-0.831379 -1.146651
-0.600359 -0.753641
-1.467128 -1.732787
-1.396811 -1.839361
-0.664728 -0.248144
-1.105169 -1.708908
-1.193573 -1.637341
-0.477053 -0.636668
-0.763084 -0.785789
-0.971222 -0.794544
-1.363388 -0.589465
-1.159410 -1.904051
-1.220868 -0.270382
-1.374738 -0.600447
-0.371675 -0.679635
-0.487267 -0.877735
-1.525160 -1.182537
-0.813923 -1.490972
-0.812750 -0.503175
-0.630487 -0.284121
-0.772577 -0.216962
-1.271352 -0.650617
-0.985671 -0.583532
-0.898353 -0.629895
-0.830318 -1.179205
-0.911080 -0.349186
-1.163208 -1.998738
-1.389674 -2.461249
-1.139839 -2.148744
-1.343070 -1.945907
-1.457961 -2.199641
-1.535646 -1.611771
-0.765622 -0.199703
-1.323683 -1.619724
-1.364215 -1.762815
-0.686187 -1.189368
-0.636278 -1.310434
-1.046680 -0.124553
-1.321350 -1.099311
-1.041008 -0.539835
-1.381624 -2.003519
-0.977847 -2.122959
-1.475848 -2.065918
-1.222071 -1.982053
-1.431834 -2.656652
-1.316153 -2.706773
-1.112066 -1.031918
-1.006517 -0.376620
-1.387399 -2.382160
-1.193445 -1.634376
-0.614544 -0.310475
-0.802878 -0.604248
-0.484085 -1.205409
-1.049329 -2.452622
-0.832999 -0.687734
-1.303792 -2.384122
-1.332329 -1.612925
-1.164019 -1.825894
-1.148843 -0.261959
-1.041661 -0.178565
-0.538254 -0.245445
-1.204499 -0.426569
-1.136968 -2.463611
-0.650282 -0.355469
-1.320579 -1.543140
-0.463981 -0.835476
-0.910246 -0.774560
-1.041301 -0.299018
-1.352070 -2.609196
-1.073087 -2.186805
-1.413597 -1.537063
-0.982948 -1.982795
-1.110698 -0.333549
-1.393557 -0.827391
-1.644492 -2.436273
-0.875833 -0.001140
-1.091337 -1.301473
-0.809142 -0.617465
-1.245154 -1.998600
-1.488853 -0.978592
-0.582159 -0.647842
-0.844339 -1.345648
-1.206861 -2.234787
-0.845170 -0.476441
-0.850473 -0.549500
-0.833769 -0.265446
-1.112809 -0.057484
-1.451764 -2.050450
-1.407348 -1.966136
-1.284798 -0.403978
-1.267377 -1.396657
-1.100597 -0.782931
-0.906431 -1.006052
-1.168952 -2.283590
-1.373376 -1.303352
-0.939845 -1.430003
-0.629091 -0.683728
-0.789968 -1.114234
-1.054154 -0.397520
-1.251774 -2.813620
-0.395539 -0.232630
-1.482735 -2.185391
-1.428707 -1.081109
-0.864300 -0.540684
-1.103719 -2.387457
-0.590783 -0.476095
-1.392235 -1.508753
-0.703613 -1.158984
-0.574856 -1.411458
-1.020911 -0.307263
-1.132908 -2.085980
-1.447555 -1.973011
-0.605992 -1.286657
-1.699194 -2.527875
-0.736197 -1.315071
-1.007035 -1.071359
-1.461313 -0.863950
-0.743134 -1.696715
-1.151985 -2.144590
-0.833757 -2.152156
-0.761143 -1.965424
-1.342810 -2.402889
-0.707952 -0.552929
-1.517591 -1.415596
-0.303368 -0.850737
-1.269055 -1.288644
-1.255745 -2.088631
-1.351850 -1.634869
-0.639869 -0.349112
-0.972879 -1.330769
-1.228788 -0.431268
-0.679782 -1.827782
-1.061306 -1.356740
-0.904354 -0.273223
-0.681005 -1.199098
-0.419832 -1.074730
-0.868319 -0.854570
-0.913187 -0.823368
-1.018881 -2.156535
-1.336598 -0.741504
-0.516108 -0.586578
-0.705727 -0.643608
-1.482041 -1.941107
-0.594469 -1.582406
-0.383981 -0.291094
-0.671950 -0.042884
-0.892059 -0.579974
-0.767896 -0.299249
-1.145763 -1.005874
-1.249819 -1.947353
-1.455088 -1.342517
-0.611736 -0.897770
-0.643281 -0.583955
-0.476791 -0.422880
-1.170151 -1.866780
-0.511772 -1.086370
-1.171160 -0.484269
-1.126378 -0.707217
-0.560055 -1.510825
-1.112865 -2.370536
-1.172564 -1.727609
-0.919721 -0.579330
-0.630553 -1.177905
-1.272394 -2.636749
-1.571831 -1.373055
-0.722070 -1.774097
-0.862531 -0.231244
-1.470727 -2.689065
-1.139375 -1.086645
-1.321022 -2.792308
-1.250767 -0.355917
-1.323998 -2.493310
-0.478059 -0.837727
-0.778815 -0.454445
-1.474364 -0.998400
-1.435238 -1.832799
-1.093690 -2.194242
-0.334670 -0.514885
-1.189900 -0.710558
-1.190342 -0.174105
-1.242947 -0.933084
-0.576329 -1.443724
-1.188054 -0.892822
-1.446773 -2.062612
-0.604213 -0.274465
-1.323619 -0.704710
-1.109637 -1.564799
-0.839623 -0.783621
-1.033052 -0.819228
-0.762759 -1.755983
-0.350755 -0.763677
-1.150293 -1.820616
-1.158524 -0.173361
-1.057176 -0.787120
-0.580907 -1.362594
-1.205574 -1.889825
-0.529637 -0.760833
-0.991325 -1.396364
-1.074747 -0.199759
-1.418326 -1.541476
-0.758386 -1.098664
-0.773799 -1.976550
-0.679603 -0.515835
-0.930608 -0.724083
-0.847784 -1.442226
-1.085245 -1.009905
-0.449736 -0.516990
-0.632826 -0.319373
-1.494781 -1.885285
-0.944249 -1.030384
-1.011088 -0.456715
-0.817066 -1.529292
-1.030017 -0.102569
-0.460256 -1.004576
-1.030116 -0.677467
-1.046546 -1.905744
-1.099223 -0.297203
-1.260761 -2.093767
-1.342914 -1.825927
-1.332875 -1.183097
-1.206730 -1.450993
-0.582793 -0.359577
-0.518593 -0.817301
-0.805898 -1.979562
-1.209102 -2.752166
-1.171009 -2.672596
-0.576593 -0.876098
-1.204271 -2.550441
-0.961845 -0.447831
-0.428834 -0.656706
-1.280820 -2.599801
-1.012529 -1.945312
-0.448240 -1.129089
-1.253242 -1.718917
-0.792591 -1.124822
-1.254775 -1.127307
-1.242594 -0.583920
-0.531420 -1.128671
-0.988114 -1.047097
-0.840199 -2.149944
-0.606047 -0.317938
-1.255576 -1.505291
-0.797117 -0.569712
-0.870159 -1.298179
-0.994270 -1.742393
-0.751716 -0.290426
-0.883400 -0.210970
-0.946775 -0.908095
-0.928716 -1.373586
-0.541851 -1.333100
-1.108432 -1.119478
-1.361712 -0.818289
-1.299990 -2.101411
-1.003567 -0.303785
-0.882416 -1.185130
-0.803042 -1.777008
-0.643589 -0.209166
-1.312308 -0.816850
-0.862387 -2.113420
-0.827254 -0.645762
-1.424974 -2.117925
-0.734152 -0.141159
-1.487735 -2.211209
-0.913539 -1.709719
-1.245630 -2.269798
-0.721296 -0.895996
-1.247923 -1.304839
-1.300101 -2.429962
-1.247047 -0.450684
-1.508136 -2.092016
-1.391013 -2.414045
-0.692987 -0.932596
-1.552047 -2.030078
-0.677836 -0.279329
-0.633536 -0.897695
-1.315103 -0.987609
-0.703235 -0.375987
-0.518710 -0.879613
-1.328979 -1.823457
-0.881684 -2.076426
-1.246714 -1.255067
-0.745868 -1.215278
-0.775957 -0.353778
-0.953116 -0.259589
-0.717649 -1.035888
-0.863081 -1.752231
-1.008907 -1.619714
-0.835755 -1.565678
-0.402497 -1.199988
-1.069336 -0.663882
-0.906095 -0.266105
-0.811675 -0.121835
-0.837185 -1.220693
-0.850561 -1.624137
-1.010022 -2.328694
-1.158885 -1.863639
-1.369105 -1.327515
-1.077363 -1.789986
-1.025555 -0.179395
-0.934984 -1.395397
-1.186922 -1.390213
-1.328332 -1.895011
-0.411123 -0.549503
-1.180503 -2.349319
-1.075319 -2.481004
-0.580720 -0.583598
-1.179627 -0.339508
-1.072184 -0.435672
-1.154078 -2.001733
-1.079935 -1.935737
-1.358279 -1.230742
-0.563893 -0.338124
-1.020304 -2.784586
-1.086257 -0.783100
-1.446170 -2.201913
-1.346910 -2.199710
-0.949397 -0.256934
-0.970455 -0.486658
-1.219094 -1.011029
-0.926641 -0.479848
-0.810648 -2.036440
-1.010284 -0.480729
-1.295306 -0.859117
-0.789322 -0.731927
-0.838276 -0.494739
-0.594138 -0.406917
-1.385315 -0.890132
-1.598049 -2.244625
-0.896374 -1.287366
-1.395175 -1.208014
-0.457194 -1.189085
-0.653671 -1.604851
-1.009644 -0.522636
-0.785870 -1.744900
-1.184362 -1.530971
-1.287241 -1.889950
-0.390750 -0.669636
-1.273007 -2.474748
-0.553329 -1.571388
-0.615094 -0.822553
-0.518388 -0.770605
-0.832151 -0.064909
-0.725557 -0.609833
-0.512779 -1.035322
-0.857569 -1.760730
-1.326854 -0.637364
-1.370171 -0.725386
-0.653875 -1.516834
-0.506241 -0.418080
-1.183075 -1.290733
-0.903094 -0.213374
-1.279358 -2.282621
-0.789150 -1.218525
-1.367275 -2.156114
-0.721974 -0.505259
-0.822068 -0.101250
-1.256349 -2.088098
-1.142896 -0.845755
-1.411966 -0.952065
-0.481977 -1.623057
-1.271454 -0.854272
-0.982130 -0.803356
-1.507457 -1.869521
-1.215738 -1.571315
-0.301940 -0.843318
-0.743708 -0.670199
-1.507415 -2.118666
-1.184889 -2.092524
-1.000619 -1.754588
-1.039308 -0.103959
-1.569428 -2.337477
-1.062248 -0.403209
-1.130420 -1.280025
-1.150339 -2.435177
-0.510466 -1.358725
-1.075015 -0.880718
-0.835439 -2.069194
-1.025277 -0.624021
-0.742449 -1.184714
-0.525956 -1.007000
-1.211015 -0.616369
-0.569465 -1.415051
-0.927009 -1.096048
-0.629979 -1.407817
-0.953391 -1.782840
-1.265327 -0.684446
-1.396937 -0.795689
-1.079750 -2.176527
-0.977811 0.112941
-1.189125 -1.219482
-1.506637 -2.479339
-0.938024 -1.268009
-1.199115 -1.698740
-1.264896 -1.267236
-1.177953 -1.823307
-0.714533 -1.713114
-1.521955 -1.648132
-0.525755 -1.144027
-1.402554 -1.787889
-1.285940 -1.833933
-0.898726 -0.015695
-1.051645 -0.315500
-0.625157 -1.112469
-1.152741 -1.171073
-0.887087 -0.307515
-1.253389 -1.210791
-1.072875 -2.029238
-1.434162 -1.125426
-0.369218 -0.419909
-0.969539 -1.526697
-0.844303 -0.206887
-1.180646 -1.248232
-1.398930 -0.442651
-1.314753 -1.363695
-1.350181 -1.045101
-1.178655 -1.452138
-1.498896 -1.798099
-1.226832 -1.577288
-0.478509 -1.219513
-0.971616 -1.359093
-0.422989 -0.299898
-1.263564 -0.717818
-0.972561 -1.806510
-1.335322 -1.858209
-1.482020 -1.307139
-1.174645 -0.511535
-1.442766 -2.019824
-1.080006 -0.431598
-1.070343 -1.155964
-1.317520 -1.798909
-0.406935 -1.018680
-0.551217 -1.011298
-0.685564 -1.156874
-1.140736 -0.733587
-1.248861 -2.794154
-0.976274 -0.971184
-0.753591 -2.009246
-0.853275 -2.104522
-0.616923 -1.732989
-0.961446 -2.068796
-0.864614 -0.322227
-1.260410 -2.766888
-1.455956 -2.250723
-1.214340 -0.394200
-1.025674 -2.356169
-0.981862 -2.535569
-0.899506 -0.729544
-1.242103 -1.541217
-1.227540 -0.412464
-1.544897 -2.428930
-1.403963 -1.689610
-0.698209 -1.174464
-0.835276 -0.939635
-1.517529 -1.922856
-1.096518 -0.370999
-0.922354 -2.301690
-0.891901 -0.066787
-0.551754 -1.711503
-1.402935 -1.920681
-1.141562 -1.821886
-0.997158 -0.412294
-1.060867 -0.521542
-0.653956 -1.764196
-0.861622 -2.064535
-1.156857 -0.304187
-0.788637 -0.295041
-1.243320 -2.543815
-1.091222 -0.364218
-1.014402 -2.253663
-1.443238 -0.960949
-1.342311 -1.225269
-0.760225 -0.637217
-0.492238 -1.186485
-0.686468 -0.415303
-1.236143 -0.517900
-1.344018 -2.465900
-1.186544 -1.620670
-0.997800 -2.156579
-0.655010 -0.242140
-1.042874 -0.462275
-0.444363 -1.106871
-0.967507 -1.335013
-0.639208 -0.656971
-1.098717 -1.076452
-0.895369 -0.160725
-0.929887 -0.557814
-0.634442 -0.885449
-0.870587 -0.449796
-1.023102 -0.247147
-0.644802 -0.422398
-1.547231 -2.446797
-1.623134 -1.133984
-0.766201 -1.609069
-0.957593 -0.311110
-1.551853 -2.448071
-0.794653 -0.122999
-0.668651 -0.453016
-1.381101 -2.494283
-0.448116 -0.639307
-0.751322 -0.554252
-0.490904 -0.671337
-0.575486 -1.622702
-1.277843 -2.719354
-0.702275 -0.593719
-1.622205 -1.722565
-0.960059 -0.253264
-0.992281 -1.356292
-0.831934 -1.342359
-0.831673 -2.288788
-1.047004 -0.644084
-1.251212 -2.782443
-1.470813 -0.961696
-0.807457 -2.269174
-0.921141 -1.199577
-0.910895 -1.171329
-0.954362 -2.300843
-1.167522 -2.103377
-1.682899 -2.163392
-1.424013 -1.129941
-0.933960 -0.780796
-1.563994 -1.641008
-0.667727 -1.207828
-1.490711 -2.007782
-0.816570 -0.307800
-0.988405 -0.476222
-0.692126 -0.759922
-1.141907 -1.554010
-0.616058 -1.877278
-0.501408 -1.161700
-0.508512 -1.218097
-0.969411 -1.768664
-0.924299 -0.003183
-1.489067 -1.899961
-0.855285 -0.337167
-0.364399 -1.204870
-0.721761 -0.297601
-0.827650 -1.727284
-0.867774 -0.749523
-0.899189 -1.202982
-0.871442 -1.132187
-1.129814 -2.662443
-1.491192 -0.736123
-1.143033 -1.748267
-0.885895 -0.943309
-0.904834 -1.993698
-1.339716 -1.495912
-1.349897 -0.926677
-0.632192 -0.775963
-0.768848 -2.013514
-0.904377 -1.299920
-1.337723 -2.049857
-0.871753 -0.121248
-1.484466 -1.784856
-1.558815 -2.383684
-0.849492 -1.457383
-0.756889 -1.085708
-1.295919 -1.329916
-1.639925 -2.700647
-1.483554 -1.089928
-1.200692 -1.867717
-0.578038 -0.622672
-1.366777 -2.082989
-0.796218 -1.684865
-0.943739 -0.419072
-1.266639 -1.539902
-0.599227 -1.188647
-0.745314 -1.727267
-1.290021 -0.576596
-0.473863 -1.472063
-0.923106 -1.965670
-0.888246 -0.317734
-1.528258 -1.904837
-1.449484 -2.327335
-0.414784 -0.887705
-1.296825 -0.452184
-1.067169 -0.109246
-0.954801 -2.013771
-1.000710 -1.076846
-1.322299 -0.827781
-0.781118 -0.585120
-1.409798 -1.621270
-1.362870 -0.765925
-1.044114 -0.790693
-0.677295 -1.810505
-1.364810 -1.333372
-1.413258 -0.608120
-0.954824 -0.701648
-0.985482 -1.271443
-1.539447 -1.798668
-1.435674 -2.685243
-1.294503 -1.225772
-0.596759 -0.654577
-1.340755 -0.394270
-1.096619 -1.874188
-1.495927 -2.182473
-0.760461 -0.548799
-0.620235 -0.996462
-1.290007 -1.147588
-1.496220 -1.391447
-1.284603 -2.752412
-1.332037 -1.833894
-0.942825 -1.631183
-0.807782 -0.335647
-0.862737 -0.355426
-0.974820 -1.226044
-0.545869 -1.258514
-1.703547 -1.676754
-0.819391 -1.581870
-1.289795 -0.935500
-1.221514 -1.469612
-1.131325 -2.481412
-1.446361 -2.553284
-1.131757 -0.674274
-0.997470 -0.552544
-1.195133 -2.341280
-0.457412 -0.595170
-0.744614 -1.615277
-1.428218 -2.473232
-0.954848 -2.162137
-1.435104 -0.905646
-0.778833 -1.098059
-0.727305 -0.718258
-1.542671 -2.491109
-1.133456 -1.085675
-0.629707 -1.207647
-0.693378 -1.729276
-0.534133 -1.324972
-0.592492 -0.683329
-1.653407 -1.843886
-1.153242 -1.301868
-0.865626 -1.671400
-0.765589 -1.678364
-1.029254 -0.669820
-1.345531 -1.683941
-0.555748 -0.895435
-1.541295 -1.361964
-0.858508 -1.313087
-1.203945 -2.042770
-1.148666 -2.513391
-1.120209 -1.673371
-0.302017 -0.368377
-0.650052 -0.152065
-0.573586 -0.323732
-1.387502 -2.394251
-1.317005 -1.023612
-0.702368 -1.387613
-1.424130 -2.264524
-0.664019 -0.339443
-0.965867 -1.323750
-1.218804 -2.236276
-0.654883 -1.314512
-0.847834 -0.372928
-1.211692 -1.330350
-0.585868 -0.634830
-1.089637 -1.347139
-1.154623 -2.708983
-1.402819 -1.851178
-0.480811 -0.850797
-1.269170 -2.068972
-1.172273 -2.144081
-0.414017 -0.285477
-1.506244 -1.494214
-0.966887 -0.808815
-1.135078 -0.637507
-1.265216 -2.345688
-1.351043 -2.890569
-0.898346 -0.585117
-0.595612 -0.467158
-1.529370 -1.563861
-1.071148 -0.201004
-0.411294 -0.409984
-1.064296 -1.117669
-1.085898 -2.434253
-0.936432 -0.200225
-1.013862 -0.934080
-0.560431 -1.127286
-1.175943 -0.368645
-1.172699 -0.817877
-1.312650 -2.511183
-0.892029 -0.231913
-1.640145 -1.444004
-0.591671 -1.673032
-1.288196 -0.569145
-1.002338 -0.607585
-0.852201 0.001993
-1.412635 -0.806605
-0.958072 -2.213416
-1.430302 -2.246217
-1.135536 -1.310003
-0.998334 -1.152618
-1.142298 -1.383645
-1.383549 -1.573368
-0.863641 -1.346103
-0.654366 -0.887578
-1.473599 -1.716886
-0.830958 -1.570606
-0.584807 -1.808406
-1.020862 -1.250921
-0.823521 -1.389856
-0.901547 -1.984744
-0.718579 -1.457373
-1.140507 -1.348030
-0.814235 -1.595338
-1.371406 -1.187307
-0.687217 -1.198818
-1.310208 -1.972962
-0.868770 -0.098761
-1.146761 -1.681160
-1.037196 -0.806686
-1.180078 -1.429216
-1.077060 -2.499721
-0.764841 -0.812058
-0.799012 -0.369291
-1.092338 -1.982438
-1.337712 -1.945565
-0.969848 -0.678445
-1.240462 -0.567296
-1.371271 -2.401445
-1.256038 -2.355667
-0.962385 -1.134949
-1.553631 -1.742474
-1.562894 -2.200861
-1.029314 -1.610924
-0.927360 -0.347656
-1.060914 -0.544556
-0.909844 -0.465900
-0.992405 -1.175128
-1.309412 -0.627104
-0.550533 -1.831473
-0.971541 -0.054075
-1.324953 -1.258309
-1.441533 -1.282307
-1.567176 -1.590125
-1.030569 -0.737212
-1.408267 -2.531905
-1.452195 -2.124378
-1.439397 -0.921316
-1.021128 -0.444139
-0.964952 -0.218572
-0.780077 -0.803404
-0.705011 -1.307328
-0.910230 -0.447142
-0.992085 -1.470388
-0.749510 -0.475842
-1.000546 -2.112926
-0.883509 -1.999076
-0.905512 -0.536769
-1.560779 -2.873212
-1.168083 -0.417871
-1.372606 -0.869319
-0.529020 -1.407209
-1.024009 -1.902310
-1.158943 -1.215445
-0.834826 -0.646219
-1.060424 -1.046498
-1.222900 -1.679213
-0.580965 -0.397077
-1.155022 -2.126312
-0.827431 0.120150
-0.570994 -1.190938
-0.957628 -0.737551
-0.941830 -0.922499
-1.604176 -2.397562
-1.300425 -1.030201
-0.838991 -1.493353
-0.725478 -1.259974
-0.667321 -0.567438
-1.456407 -1.884465
-0.808515 -0.859606
-0.600349 -0.755649
-0.516882 -1.105295
-1.211250 -0.991727
-0.653282 -0.298998
-0.757707 -1.941707
-1.103630 -1.745845
-0.970746 -1.509455
-1.423365 -2.304062
-1.209117 -1.707065
-0.735726 -0.631093
-1.220004 -1.527836
-1.465073 -1.644191
-1.097825 -2.064813
-0.646600 -0.466230
-1.671232 -2.032896
-1.289500 -0.594495
-0.923389 -0.506917
-0.759792 -1.812089
-1.388828 -0.953834
-1.430454 -1.490284
-0.980389 -0.176923
-1.050407 -0.552649
-0.599393 -0.873000
-0.585024 -0.717517
-1.067476 -1.568485
-0.890592 -1.146927
-1.379116 -2.528040
-1.588271 -1.649820
-0.985842 -2.012621
-1.401217 -2.052217
-0.679308 -0.446591
-1.383206 -1.108582
-0.982911 -1.640394
-1.065876 -0.291596
-0.896396 -1.846018
-0.940884 -0.160306
-0.792889 -1.750777
-0.664671 -0.308652
-0.892404 -1.387102
-0.840368 -1.288608
-1.154648 -1.712186
-1.138312 -1.258979
-0.772734 -0.135617
-0.849122 -0.677325
-0.704843 -0.703365
-1.170808 -1.416531
-1.415233 -1.122742
-1.207801 -0.543448
-0.752383 -0.413442
-0.309396 -1.540598
-1.215918 -1.168733
-0.735430 -1.044167
-1.163282 -1.170983
-1.208827 -0.835324
-1.427427 -2.263017
-0.833650 -0.495852
-1.417020 -1.858356
-0.937630 -0.200816
-0.766876 -0.502045
-0.787781 -1.413694
-0.327098 -0.565969
-1.186498 -0.466182
-0.962782 -1.490758
-0.684708 -0.564194
-0.475183 -0.900149
-1.551017 -2.203161
-0.362593 -0.788604
-0.859940 -0.428907
-0.443033 -0.394671
-1.017225 -0.484517
-0.744728 -0.905097
-0.629414 -0.187509
-1.041337 -1.152625
-0.897337 -1.037110
-1.352746 -1.836323
-0.745551 -0.375639
-1.520591 -1.119355
-0.500053 -1.422182
-1.488165 -2.579203
-1.001985 -0.221705
-1.267232 -1.502104
-0.775535 -1.955508
-0.860946 -0.818811
-0.830114 -2.058847
-0.530500 -0.871128
-1.068167 -0.081628
-0.500652 -0.374541
-1.044232 -0.525178
-0.734212 -0.670067
-1.322695 -0.797168
-1.025467 -2.408886
-0.542157 -0.220795
-1.398167 -1.416806
-0.519338 -0.958887
-1.472611 -2.698370
-1.141410 -2.093584
-0.799461 -0.336654
-1.298550 -2.574923
-0.427158 -0.439586
-0.422633 -1.295830
-0.906901 -0.829271
-1.334048 -0.844660
-1.308918 -2.772274
-0.477893 -0.427433
-1.049533 -1.488084
-0.582197 -0.388949
-0.786901 -1.485554
-0.415039 -1.133848
-0.986113 -1.046635
-0.815162 -1.671336
-1.047834 -0.289552
-1.133271 -0.776884
-1.283301 -1.810577
-0.712985 -0.180901
-0.766444 -1.014188
-1.361970 -1.537163
-1.318814 -0.808761
-1.375007 -1.610794
-0.739664 -0.397588
-1.508106 -2.331444
-0.987514 -2.357957
-1.500821 -1.289488
-1.401139 -1.709715
-1.337084 -1.402358
-0.845657 -1.501472
-0.983835 -0.478354
-0.618925 -0.409194
-0.964307 -1.500551
-1.025844 -0.459831
-1.254866 -0.421825
-0.535465 -1.641358
-0.708877 -0.840601
-0.721498 -0.841331
-0.898376 -0.288587
-1.247829 -0.673619
-1.297408 -0.657255
-1.473727 -1.132918
-0.836419 -1.695604
-1.451726 -1.514137
-1.516210 -1.442410
-0.540248 -0.322759
-0.679981 -1.765425
-0.990626 -0.948781
-1.261297 -1.934991
-1.131246 -1.340619
-1.200868 -2.307786
-1.113191 -1.134368
-1.655259 -2.148762
-1.347154 -0.503517
-1.219719 -0.730411
-0.703364 -1.570607
-0.873342 -1.066666
-0.963874 -0.541563
-0.516808 -0.752306
-1.343467 -2.135015
-0.773753 -0.743134
-0.929757 -2.557887
-1.384271 -0.608001
-0.711833 -0.909751
-1.259958 -0.480462
-0.951124 -2.482133
-0.509777 -1.016514
-0.719966 -0.150598
-1.131444 -0.277557
-1.439453 -1.307777
-1.197321 -0.364148
-0.966228 -0.938431
-1.013787 -0.496494
-1.061490 -0.861676
-1.385143 -1.922892
-0.808757 -0.903334
-0.946488 -1.440799
-1.408132 -1.345232
-1.231611 -1.158205
-1.318409 -2.657498
-0.769583 -1.843237
-0.706413 -1.865852
-1.025832 -0.372902
-0.449051 -0.915986
-1.186607 -2.154617
-1.097689 -1.748086
-0.616230 -0.670254
-0.853486 -0.280966
-1.390210 -0.874216
-0.626615 -1.609682
-0.920975 -2.376951
-1.235786 -1.525926
-0.971654 -0.046787
-0.410181 -1.152455
-0.824166 -0.557681
-0.702989 -0.766366
-1.348070 -1.922009
-0.890255 -1.704655
-1.239616 -0.588894
-0.521905 -1.184295
-0.530854 -0.403038
-1.151955 -2.144206
-1.482206 -1.875668
-1.234021 -2.370420
-0.907470 -0.283667
-0.912475 -1.389432
-1.229666 -0.988884
-1.089622 -1.465605
-1.351516 -0.748688
-0.727646 -0.205378
-0.483480 -1.359694
-0.808736 -1.265044
-1.426265 -0.688934
-0.681729 -0.872972
-1.019253 -1.950312
-1.274708 -0.586846
-1.006133 -1.048107
-0.817991 -0.256896
-0.943122 -1.210479
-0.898070 -1.833059
-0.647098 -0.828112
-0.654322 -1.611856
-0.838517 -0.980558
-1.057972 -2.373004
-0.670012 -1.699308
-0.472283 -0.830667
-1.274744 -1.562057
-1.121928 -0.274278
-1.603865 -2.572618
-0.963283 -1.913884
-0.658728 -0.964206
-1.179016 -2.605026
-1.421582 -1.203009
-1.446113 -2.154209
-1.014831 -0.944951
-0.594859 -0.529672
-1.222500 -2.181074
-1.266126 -1.161667
-0.610200 -0.166088
-0.810621 -0.185570
-0.515764 -1.347346
-1.348777 -1.942340
-0.744158 -1.108644
-1.052182 -0.407190
-1.158670 -0.265310
-0.375448 -0.329976
-1.120339 -2.135777
-0.425309 -0.282021
-0.752160 -0.925771
-1.315440 -1.091779
-0.742715 -0.987705
-0.521567 -0.362309
-0.443933 -0.690051
-1.422103 -2.246482
-1.353107 -1.227074
-0.513174 -0.705110
-0.961788 -0.491089
-1.344779 -1.213847
-1.141400 -0.625991
-1.218509 -2.582998
-0.726617 -1.858174
-1.019196 -2.661970
-0.788657 -1.279863
-0.780545 -0.873128
-1.289821 -1.424011
-1.191921 -2.581468
-0.732682 -1.412669
-1.183995 -1.641440
-0.894381 -2.132990
-1.349605 -1.879739
-1.314887 -1.030329
-0.722192 -1.449378
-1.053433 -1.588178
-0.643090 -0.906937
-0.594008 -1.536719
-0.773678 -0.957960
-0.984931 -0.541777
-1.363605 -1.140270
-1.063161 -1.312640
-1.306904 -0.713099
-0.602401 -1.145105
-0.858885 -1.942066
-0.902346 -1.691554
0.132498 0.070198
-0.612704 -0.629043
-1.211130 -0.327941
-1.090954 -0.418986
-0.841466 -0.406834
-0.959057 -0.473772
-0.619792 -0.582350
-0.737882 -0.915783
-1.460184 -1.737609
-1.575771 -1.557989
-0.601917 -0.850322
-1.398281 -2.580680
-1.182728 -0.649139
-1.062896 -0.768643
-1.445272 -0.876198
-1.070875 -0.942097
-0.525277 -0.481662
-0.553403 -1.486570
-1.327374 -0.516508
-1.488527 -1.326188
-1.579374 -0.894783
-1.090843 -1.048324
-0.830764 -0.886264
-1.566900 -2.063391
-0.640249 -0.372335
-0.754502 -1.038744
-1.218325 -1.849668
-0.842076 -2.253863
-0.925560 -1.863803
-1.294582 -1.378356
-1.383007 -2.548637
-0.529177 -1.366067
-0.986514 -1.143857
-0.938476 -1.808894
-1.352822 -2.620173
-0.875010 -0.662141
-1.285249 -0.591405
-0.734948 -1.418253
-1.384778 -1.442765
-1.413704 -0.885673
-1.069810 -1.377199
-0.434288 -0.509120
-0.947277 -1.158758
-1.340140 -1.056190
-1.446129 -1.722747
-0.497153 -0.913263
-0.512384 -1.112684
-0.864547 -2.146316
-1.013189 -1.289108
-1.356926 -2.731014
-1.242774 -0.930913
-0.769606 -0.250390
-1.221240 -0.988211
-0.976635 -0.951221
-1.609687 -2.177639
-0.945787 -0.125233
-1.474076 -2.251587
-1.213894 -1.072091
-0.596046 -1.889426
-1.271223 -1.315766
-0.924358 0.253940
-0.339271 -1.325634
-1.483324 -2.180085
-1.073935 -0.863295
-1.190850 -1.144214
-0.599278 -1.206473
-1.459992 -1.954872
-0.948155 -0.509618
-1.514736 -2.771601
-1.692891 -2.701697
-0.678933 -0.536243
-1.292893 -0.856170
-0.959838 -1.314451
-0.620542 -1.756991
-1.054416 -1.908285
-1.091071 -2.415430
-1.039444 -0.429062
-1.220988 -0.910750
-0.817729 -0.275993
-1.186040 -1.080409
-1.083660 -1.176065
-0.325691 -0.874503
-1.171003 -2.861226
-0.735370 -1.925347
-1.247372 -1.585950
-1.052822 -1.586546
-1.241813 -0.657396
-1.473742 -1.598235
-0.462774 -0.383392
-1.327904 -1.790712
-0.876552 -1.441400
-1.103968 -2.490655
-1.244946 -2.169405
-0.986273 -2.423611
-0.841518 -0.911853
-0.777806 -0.450005
-1.171140 -0.423373
-1.106432 -2.541819
-0.901196 -1.090727
-0.577261 -0.848598
-1.259814 -2.397407
-0.682150 -1.338792
-1.338714 -1.254483
-1.357996 -1.934611
-1.521725 -2.511486
-1.356691 -1.620447
-1.318044 -1.246375
-0.944293 -0.201945
-0.625783 -1.288156
-1.029159 -1.395089
-0.757716 -1.288588
-0.724556 -0.713556
-1.175999 -1.271606
-0.684095 -1.130872
-0.991815 -0.349749
-0.682038 -0.430554
-1.002302 -2.210934
-1.009623 -2.432613
-1.105992 -2.048196
-0.469091 -1.276083
-1.165691 -0.890121
-1.250222 -2.170521
-0.737005 -1.961860
-0.394270 -0.862004
-1.244693 -2.147622
-0.784354 -0.592403
-1.335347 -0.751912
-1.446831 -1.854313
-1.406443 -1.351406
-0.655750 -1.194154
-1.140169 -0.453006
-0.671881 -1.653726
-0.626603 -0.730042
-1.548041 -2.035938
-0.881440 -0.857219
-0.877073 -0.704006
-1.280233 -0.480751
-0.731643 -0.422500
-1.356741 -1.334134
-0.539948 -0.824384
-1.473393 -1.977754
-1.066083 -0.367485
-0.790987 -1.831625
-0.371201 -1.169150
-1.085294 -1.185990
-1.046947 -2.314646
-1.470745 -1.377441
-0.642968 -2.150518
-0.705551 -1.155027
-0.712027 -0.321474
-0.677381 -1.206330
-0.550927 -0.695091
-1.250883 -2.566725
-0.740800 -0.504485
-1.043557 -0.152175
-1.412001 -0.887881
-0.653791 -1.174915
-0.679917 -1.692663
-1.299433 -0.833197
-0.840112 -0.290579
-0.704145 -0.310599
-1.525624 -2.652321
-1.067188 -0.856974
-0.735328 -1.818024
-1.051804 -0.953353
-1.029086 -1.442265
-1.274205 -1.655685
-1.355707 -0.872670
-0.677770 -0.089568
-1.079024 -2.460777
-1.190997 -0.533685
-1.365802 -1.087011
-1.077206 -2.100626
-1.445775 -2.540285
-1.294462 -1.023325
-1.301200 -2.391145
-0.830209 -0.386512
-0.918203 -0.697097
-1.352228 -1.790729
-0.803064 -0.754425
-0.447723 -0.611163
-0.520189 -1.145225
-0.956827 -1.179170
-0.973707 -1.540679
-0.888128 -1.826694
-1.184210 -2.515552
-1.026480 -1.981759
-1.274247 -1.621411
-0.493171 -0.684456
-1.278767 -2.556800
-0.638881 -1.566496
-1.258136 -1.669546
-1.495481 -2.732725
-0.891397 -0.822115
-1.047547 -1.163022
-0.945504 -0.277917
-0.519254 -0.954624
-0.428138 -0.793730
-0.679606 -0.536616
-1.375737 -2.223929
-1.259730 -1.252165
-1.195629 -0.806256
-1.153610 -1.469606
-1.031439 -1.195014
-0.838979 -1.243238
-1.330987 -2.187287
-1.181726 -1.387784
-1.272224 -0.491298
-0.465357 -0.560214
-0.835323 -0.171685
-0.837683 -0.540966
-0.963716 -1.808834
-1.499327 -1.749201
-0.591599 -1.573490
-0.922032 -0.178172
-0.566661 -0.320521
-0.605509 -0.873339
-0.958441 -0.926158
-0.571615 -1.744880
-0.799557 -0.333700
-0.840813 -2.047706
-0.469663 -0.773973
-0.558217 -0.246708
-0.739477 -0.648290
-0.820083 -0.660749
-0.774606 -1.184982
-1.073719 -2.014167
-1.013138 -1.237688
-1.192491 -2.430252
-1.278160 -1.673060
-0.923203 -0.904704
-1.030003 -1.243368
-0.550043 -0.757510
-0.970741 0.002272
-1.464239 -1.436461
-1.349876 -0.814108
-1.172724 -0.635536
-0.631663 -1.709766
-0.582385 -0.885073
-0.853513 -0.362960
-0.697972 -0.162471
-0.773237 -0.752387
-1.452675 -2.763641
-0.329826 -0.642431
-1.219816 -2.097296
-0.502642 -0.350834
-1.242633 -2.056842
-1.613310 -2.894140
-0.990682 -0.348574
-1.508172 -2.478658
-1.209061 -2.686070
-1.263555 -1.586110
-1.523084 -2.373908
-1.070746 -0.569362
-1.173018 -1.565447
-1.029725 -0.790514
-1.296566 -1.183708
-0.879865 -1.843749
-0.373846 -0.748616
-1.277221 -1.369463
-1.410992 -1.224665
-1.037971 -0.677096
-1.354386 -2.667261
-0.940093 -0.108474
-0.500680 -0.343300
-1.203768 -0.660760
-0.599621 -0.447100
-0.735958 -1.694704
-0.756065 -2.033115
-1.038404 -0.689747
-0.827913 -0.131361
-1.317419 -2.732304
-1.458053 -2.874248
-1.143820 -0.727518
-1.262745 -1.131071
-1.040758 -0.068130
-1.053221 -1.678440
-1.585226 -1.449408
-1.288586 -1.931094
-1.410479 -1.334700
-0.351126 -0.932908
-1.387826 -1.152858
-1.427414 -1.433261
-1.090253 -1.065840
-0.819356 -0.963545
-1.136434 -1.765628
-1.303919 -1.738341
-0.808647 -0.128912
-1.212266 -0.400089
-1.139516 -1.062915
-0.969240 -1.840932
-0.617664 -0.579051
-0.783855 -0.207159
-0.702379 -0.345105
-1.343972 -1.651255
-1.323008 -0.861998
-0.454225 -0.935936
-1.482454 -2.397353
-0.852677 -1.336106
-1.478847 -2.296893
-1.381402 -1.375883
-0.608393 -0.817531
-0.649108 -0.423771
-0.866513 -1.151056
-0.742938 -1.189833
-0.772519 -0.332621
-1.075584 -0.456635
-0.487290 -0.333973
-0.919007 -1.380156
-1.057999 -1.246251
-1.315546 -0.707252
-0.847139 -1.332382
-1.119370 -1.141376
-1.087798 -1.692657
-0.312832 -0.331334
-0.696480 -1.935138
-1.357670 -0.528017
-1.055334 -0.160539
-0.726565 -0.662171
-1.248312 -1.851965
-1.718955 -1.763077
-0.639714 -0.858615
-1.222407 -0.931204
-1.425304 -1.468488
-0.578971 -0.650106
-0.560158 -0.972038
-1.208638 -1.165219
-0.796851 -1.953205
-0.602853 -0.718613
-1.452692 -0.636870
-1.421345 -1.364165
-0.602800 -0.265791
-1.412462 -1.981411
-1.094693 -0.520501
-0.508328 -1.247131
-1.262318 -0.642265
-1.312390 -0.948831
-0.726332 -1.454541
-1.232262 -2.697273
-0.607527 -0.829275
-1.032068 -0.708788
-0.911366 -0.530110
-0.874026 -0.609943
-1.286982 -1.831099
-1.316943 -0.593367
-0.853114 -0.394206
-0.989830 -2.199660
-0.828517 -0.337001
-0.976520 -1.239182
-1.334819 -1.537192
-1.094975 0.018514
-1.134459 -1.979508
-0.857969 -0.275331
-0.809822 -0.257297
-0.574559 -1.786664
-0.695811 -1.449788
-0.810086 -2.066935
-0.452813 -1.776771
-1.386856 -0.824213
-1.569959 -2.512027
-0.907619 -1.801812
-0.896151 -0.214630
-0.557515 -0.851845
-0.576978 -0.458948
-1.024813 -0.828943
-0.876866 -1.983599
-0.813095 -0.294610
-0.678978 -1.628736
-1.317079 -0.455166
-0.637692 -0.284721
-1.329291 -1.886113
-0.729301 -1.098317
-0.499004 -0.288486
-1.334999 -2.390762
-1.091748 -2.346905
-0.740960 -1.293488
-0.448682 -0.496615
-0.434069 -0.561264
-0.745008 -1.052494
-0.958755 -0.404558
-1.040004 -1.630890
-0.564814 -0.760959
-1.031940 -2.522537
-0.866795 -0.369797
-0.916725 -0.842613
-1.110160 -1.215841
-0.870627 -1.531326
-0.907943 -0.384708
-1.128318 -0.802106
-1.177757 -1.689311
-0.348797 -0.647054
-1.205436 -2.346067
-0.800097 -1.832418
-1.250676 -0.647998
-1.197345 -2.618217
-0.873451 -2.231173
-1.385035 -1.472522
-1.148175 -0.591379
-1.349014 -1.323641
-0.571108 -0.509396
-1.175613 -2.397158
-0.774325 -0.296034
-0.422616 -0.743549
-1.292698 -0.437191
-0.510150 -0.291167
-1.226282 -0.484312
-0.777100 -1.039205
-1.230882 -1.115719
-0.477733 -0.487745
-1.156193 -0.948433
-1.605778 -1.111233
-0.856245 -0.336372
-1.208067 -0.704313
-1.315538 -0.830891
-1.205825 -1.348992
-1.479112 -2.599692
-1.498292 -1.442386
-0.942067 -0.905388
-1.291290 -0.485353
-0.870232 -2.193526
-1.419259 -1.463408
-0.801591 -0.951376
-0.598548 -1.519708
-1.123462 -2.244885
-0.856361 -0.637148
-0.819920 -2.051286
-0.931584 -2.036775
-1.225232 -1.809652
-0.369821 -0.719862
-1.095547 -0.567370
-1.362901 -0.761141
-1.400836 -1.218211
-1.194118 -0.831115
-0.646065 -1.085024
-1.373291 -1.132382
-1.023492 -1.753396
-0.534681 -0.687392
-1.544560 -1.941930
-1.335023 -2.449941
-0.591334 -1.690377
-0.875941 -1.722024
-1.138921 -0.650632
-0.682138 -1.151871
-0.397898 -0.641546
-1.265405 -0.865816
-1.011230 -0.040604
-0.754195 -0.847403
-1.279723 -0.603355
-1.303736 -2.610248
-1.189501 -0.556577
-1.438427 -0.982360
-0.652551 -0.724185
-1.054669 -1.829302
-1.136848 -1.388106
-1.473512 -1.465249
-0.689479 -0.752678
-1.512687 -1.456510
-0.996868 -1.024798
-0.677569 -0.434546
-0.675789 -0.409386
-0.588711 -0.818206
-0.801087 -0.422703
-1.212129 -1.473538
-0.414645 -0.529386
-1.151829 -1.217033
-0.673907 -0.267440
-1.327431 -0.920493
-0.774117 -0.603600
-1.372911 -1.204740
-1.476365 -1.438895
-1.041712 -2.016874
-1.646398 -1.446251
-1.081854 -0.510055
-1.150081 -0.496155
-1.090127 -0.475759
-1.301415 -2.383662
-1.278891 -0.672859
-1.139839 -1.856419
-0.892720 -0.386613
-1.236017 -1.011510
-1.391442 -2.377022
-1.393783 -2.502371
-0.844592 -0.408194
-1.143798 -0.584292
-0.913760 -0.418494
-0.584207 -1.226007
-1.218741 -0.730563
-1.417828 -2.151732
-1.351212 -2.150868
-1.298662 -0.600282
-0.540997 -0.779146
-1.130420 -1.319526
-0.449801 -1.176387
-1.126166 -0.381663
-1.470556 -2.191293
-0.467045 -1.136696
-0.719026 -1.626924
-1.473918 -1.609083
-1.209788 -1.539476
-0.535912 -0.578465
-0.862604 -1.930952
-1.264811 -0.664083
-1.409872 -0.804249
-0.970265 -0.807282
-0.604187 -0.866199
-1.414484 -1.186417
-0.930192 -1.170540
-0.919969 -0.072401
-0.992925 -1.699679
-1.490401 -2.628455
-1.120555 -0.403181
-1.095195 -0.427253
-1.333987 -2.278175
-1.077199 -1.808715
-0.943411 -1.566639
-1.027682 -0.137405
-0.724182 -0.096341
-0.441868 -1.307015
-0.733198 -2.160305
-1.145005 -1.597727
-1.299520 -0.933224
-0.580130 -1.045955
-0.767833 -1.554398
-0.460998 -0.470901
-1.002273 -1.642104
-1.011269 -2.078230
-1.472577 -1.923376
-1.104515 -1.077943
-0.609706 -1.123424
-0.679993 -1.506555
-1.258049 -1.673791
-1.172826 -0.342101
-0.745470 -1.985086
-0.953163 -0.355745
-1.377147 -2.630005
-0.804174 -0.632341
-1.341019 -1.630665
-0.807561 -1.917458
-0.663766 -0.284632
-1.070538 -2.314606
-1.234221 -1.854544
-1.212886 -1.254705
-0.434739 -0.515160
-1.329164 -0.912442
-0.781241 -0.697709
-0.527681 -1.214690
-1.431211 -1.519790
-1.146176 -0.894319
-1.018807 -0.473343
-0.455917 -1.064513
-1.493210 -1.876095
-1.085898 -0.117821
-0.487274 -0.958707
-0.905697 -1.306384
-0.703439 -0.228754
-1.228017 -2.377655
-0.803015 -0.991067
-0.681802 -1.412040
-0.675421 -0.069397
-1.302268 -0.699393
-0.808702 -2.068521
-1.496196 -1.158927
-0.800201 -1.594288
-0.512107 -0.363366
-1.168789 -1.959751
-0.528448 -0.795689
-0.795861 -0.443767
-1.019368 -2.481332
-0.645294 -0.734978
-1.488155 -1.824157
-1.413831 -2.929147
-1.079007 -0.821982
-1.161874 -2.205464
-1.458676 -1.606924
-0.785388 -0.602635
-0.573546 -1.263318
-0.910804 -0.428622
-1.478293 -1.960412
-1.079553 -1.381030
-1.310185 -0.679988
-0.509644 -1.606632
-0.736342 -2.005364
-1.082003 -0.315897
-1.018458 -2.076741
-1.040647 -1.133729
-1.184922 -2.189646
-0.730076 -0.468634
-1.069094 -0.932533
-0.511909 -1.543741
-1.263590 -1.548266
-0.956140 -2.037026
-0.979179 -1.951888
-0.471999 -0.343716
-1.469996 -1.385791
-1.072007 -2.399376
-0.452938 -0.369983
-1.336496 -2.290595
-1.029653 -0.629426
-1.122091 -0.368702
-1.378045 -2.145841
-1.201871 -0.739351
-1.275654 -0.861200
-0.533577 -0.775087
-0.526889 -0.540885
-1.356489 -2.211861
-0.946390 -0.063483
-0.569596 -0.223067
-0.929003 -1.535268
-0.598359 -0.497517
-1.441048 -0.748988
-1.089848 -0.188857
-1.012009 -0.289837
-1.212783 -1.262047
-0.783415 -0.930632
-0.959250 -0.177218
-1.272596 -2.068266
-1.197933 -0.455784
-1.486286 -0.989026
-1.326058 -0.568570
-1.316801 -1.773102
-1.008781 -2.069958
-0.841098 -0.865822
-0.946018 -0.593795
-0.946075 -0.212229
-1.549850 -2.446957
-0.740394 -0.564639
-1.058821 -1.380748
-1.078858 -1.141291
-1.181586 -1.712250
-0.718270 -0.272265
-1.200677 -2.138190
-0.577226 -1.209297
-0.665092 -0.409351
-0.533010 -1.445383
-1.175712 -0.989370
-1.075782 -1.466895
-1.469656 -1.355674
-1.385539 -1.671807
-1.008258 -0.808930
-1.211561 -2.311157
-1.441969 -2.805170
-1.303709 -2.621695
-0.941722 -1.947133
-1.196753 -1.093146
-1.206463 -1.552067
-1.168276 -1.926385
-1.040048 -0.926794
-0.976873 -1.150329
-0.693534 -0.645872
-1.006074 -0.808600
-0.969417 -0.717642
-0.441792 -0.990242
-1.051965 -1.405653
-0.977410 -0.906012
-1.396965 -1.394325
-0.928540 -0.078215
-1.117103 -0.765242
-0.536186 -0.967866
-1.406594 -2.374038
-1.521053 -2.552314
-0.871380 -0.073256
-1.219277 -0.417297
-1.337808 -0.503453
-1.003581 -0.382222
-0.962065 -1.048250
-0.712777 -0.339346
-0.982043 -1.448893
-1.533399 -2.497705
-0.402969 -0.553009
-0.467737 -0.793442
-1.321660 -0.916241
-1.081974 -0.391140
-0.509785 -0.674594
-1.054415 -0.143748
-0.947267 -1.110206
-0.969728 -1.428293
-0.745674 -1.218643
-0.718418 -1.519475
-0.571811 -0.384604
-1.489347 -1.420219
-0.656808 -0.509018
-0.923126 -0.556498
-1.283480 -0.556719
-0.698340 -1.178418
-0.672319 -0.431233
-1.341121 -0.920323
-0.442923 -1.011650
-0.665575 -0.334437
-0.711003 -1.088334
-0.971379 -1.838989
-1.100598 -1.328452
-1.506819 -1.045743
-1.361106 -1.720284
-0.943173 -2.168959
-1.460474 -2.441176
-0.864882 -0.236810
-1.037883 -1.583074
-1.546906 -1.880662
-0.737623 -1.147233
-0.762395 -0.674290
-1.255384 -1.391661
-0.774800 -1.564509
-1.338680 -0.491240
-0.894344 -0.418145
-0.735625 -1.838639
-0.738855 -0.557167
-1.268142 -0.966315
-0.820350 -0.306052
-1.017138 -2.238538
-1.495971 -0.745290
-0.651538 -0.866764
-1.116743 -1.187569
-1.394324 -2.700119
-1.336145 -0.729728
-0.857142 -0.437778
-1.604102 -2.079530
-1.129108 -0.743251
-0.513872 -0.650575
-1.051014 -0.473797
-1.540369 -1.813753
-1.272073 -1.561212
-1.039216 -2.324069
-1.447723 -1.442176
-0.505719 -1.450516
-1.190524 -1.480161
-0.999843 -0.205147
-1.182885 -1.964076
-0.607224 -0.866612
-1.284030 -1.847225
-0.994756 -2.551710
-1.466329 -1.770532
-1.455658 -2.202082
-0.952195 -2.267220
-0.705235 -0.330427
-1.711453 -2.132944
-0.976551 -0.455565
-1.285884 -1.209534
-1.121546 -1.729302
-1.379064 -1.843810
-0.809097 -1.681322
-1.128651 -2.064875
-1.141016 -2.751102
-1.174756 -1.193390
-1.097016 -0.933891
-0.723349 -0.980059
-1.215956 -2.079774
-1.405787 -1.936448
-1.133366 -2.613178
-0.773666 -0.321003
-1.302224 -2.507575
-0.623928 -1.157376
-0.688861 -0.419678
-0.604014 -0.447640
-1.145591 -1.715811
-0.917293 -1.196622
-1.246192 -0.867514
-1.579872 -2.204337
-1.217602 -1.467161
-1.427166 -0.848958
-0.901377 -1.767690
-0.947019 -0.415410
-1.475026 -2.028725
-1.271246 -2.389962
-1.105735 -0.940152
-0.792569 -2.295326
-1.176435 -2.155677
-0.761190 -1.241223
-0.692601 -0.251902
-0.999613 -1.462126
-1.029400 -0.645503
-1.072650 -2.736168
-0.679345 -0.318794
-0.763610 -1.275646
-1.286131 -2.655792
-1.174368 -0.340420
-1.020975 -1.123733
-1.155639 -0.620473
-1.073455 -1.193387
-0.778830 -2.145207
-0.651312 -0.274933
-0.872261 -1.091374
-1.234212 -1.168566
-0.622744 -0.597914
-1.174738 -1.340560
-1.186604 -0.214945
-1.229675 -0.411916
-1.245604 -1.039913
-1.323071 -1.764873
-1.154669 -1.482955
-0.997591 -0.611515
-1.462278 -1.193926
-0.640471 -1.388095
-1.112612 -0.743857
-1.407893 -1.158775
-1.167694 -0.651304
-0.842842 -0.318892
-1.429112 -1.357423
-0.895237 -0.190816
-1.084494 -0.439542
-1.180647 -1.270950
-1.407882 -2.631132
-1.685225 -1.740616
-0.923215 -1.656152
-1.210030 -2.708595
-1.290322 -1.418953
-0.562900 -0.637148
-0.550695 -0.252265
-1.190023 -0.371598
-1.387807 -0.903164
-1.336555 -1.894537
-1.280629 -1.640973
-0.665952 -1.455929
-0.794691 -1.726405
-0.760695 -1.698403
-0.936738 -2.363450
-0.943080 -1.261819
-0.685613 -0.792821
-1.017288 -0.900274
-1.235816 -0.614198
-0.805271 -1.922377
-0.954821 0.013876
-1.491668 -1.153200
-1.371453 -0.741359
-0.745891 -0.585535
-1.130818 -1.913233
-0.726728 -2.148840
-0.529087 -0.868767
-0.619175 -1.293472
-1.221439 -2.498341
-0.518935 -0.870697
-0.795350 -0.032338
-0.667234 -1.567291
-1.375993 -0.558638
-1.401633 -1.528549
-0.603324 -1.081107
-0.860549 -0.331109
-0.947865 -0.904684
-1.257662 -1.548969
-1.146168 -0.364556
-0.899614 -0.377308
-1.307220 -2.262068
-1.229913 -0.507488
-1.058488 -0.688366
-0.505471 -0.408462
-0.940154 -1.288608
-1.506318 -2.670151
-1.145852 -0.936435
-1.384457 -2.192284
-1.434047 -0.909734
-1.154285 -1.384844
-1.171248 -1.550726
-0.902626 -0.843278
-0.841232 -1.412031
-0.863858 -1.367524
-1.414324 -1.496522
-1.382952 -1.359315
-1.081220 -0.890111
-1.285358 -1.776710
-1.398398 -1.921431
-0.714608 -1.567939
-1.387398 -2.607315
-0.575627 -1.143129
-1.113055 -2.443697
-0.661646 -1.583043
-1.043957 -0.719961
-0.552323 -1.313506
-1.414774 -1.538077
-0.714090 -1.796223
-1.142062 -1.809934
-0.806647 -0.070482
-1.661983 -2.024048
-0.920432 -1.459606
-0.497665 -0.451710
-0.677579 -1.210999
-1.331367 -1.747619
-1.471211 -1.580625
-0.916899 -2.405268
-0.391107 -0.800285
-1.357957 -1.039353
-0.802020 -1.291860
-1.098897 -1.053423
-1.097625 -2.418172
-0.765881 -0.983558
-0.612414 -0.843361
-1.170269 -0.260501
-0.885167 -0.540360
-0.453036 -1.038709
-1.693442 -1.883636
-0.929094 -0.901179
-1.188604 -2.420764
-1.112556 -0.291429
-1.503627 -1.429008
-0.721633 -1.551058
-0.904627 -0.105147
-0.963221 -0.108449
-1.345945 -2.147141
-1.604284 -2.060555
-0.533693 -0.894410
-1.232929 -2.663940
-1.248341 -2.229836
-0.961007 -2.321595
-0.796857 -2.329632
-0.623278 -0.349730
-1.137981 -2.432698
-0.654879 -1.874944
-0.678883 -1.295429
-0.715683 -0.253978
-1.313621 -1.747288
-1.427264 -1.964114
-1.478458 -1.626092
-1.399409 -1.982353
-1.513167 -2.387910
-0.554603 -0.806343
-1.320991 -0.612247
-0.738777 -0.728976
-1.246650 -0.805050
-1.283750 -0.527452
-1.359916 -1.626320
-1.090912 -0.818231
-1.094307 -0.695315
-1.125835 -0.238485
-0.511896 -0.749776
-1.230652 -1.780944
-1.138857 -1.443096
-1.027573 -1.007168
-1.309488 -1.809370
-1.119923 -0.309765
-0.477509 -1.218485
-1.025062 -2.654498
-1.169743 -0.748793
-0.451892 -1.426379
-0.630063 -1.363788
-0.897251 -0.455874
-0.473269 -1.613680
-0.768805 -0.626240
-1.250109 -2.715897
-0.453831 -0.939613
-1.037382 -2.519967
-1.124717 -1.149973
-0.885187 -1.476801
-1.261583 -0.820223
-1.195846 -1.887347
-0.577112 -0.643163
-1.109182 -0.214442
-0.696157 -0.770046
-0.899632 -0.081029
-0.891826 -0.491294
-0.584522 -1.354332
-0.798279 -1.743466
-1.477397 -2.507215
-1.252334 -1.986683
-0.396400 -0.314190
-1.473828 -2.641166
-1.169694 -2.202177
-0.525382 -1.415558
-1.013753 -0.308567
-1.421083 -2.247142
-1.213105 -0.236262
-1.262856 -0.491233
-1.480531 -2.011865
-0.919144 -0.043786
-0.779731 -1.141631
-1.006139 -1.954088
-0.967293 -1.288630
-0.526060 -1.154197
-1.361873 -2.816821
-1.168350 -1.217372
-1.072909 -0.920142
-0.996861 -0.399772
-0.366091 -1.134378
-1.395814 -2.371030
-1.108015 -0.504955
-1.091655 -1.433315
-0.779496 -2.612767
-1.388579 -1.662917
-0.751723 -0.168592
-0.852278 -0.317221
-1.605128 -2.442295
-0.840039 -1.794263
-1.390298 -0.971447
-1.460220 -1.780022
-0.914918 -2.172554
-0.801145 -0.352601
-1.402739 -2.259710
-0.931886 -1.039750
-1.108742 -1.019650
-1.000246 -0.912707
-1.369555 -1.648916
-0.932565 -0.628223
-0.649638 -1.656562
-0.723591 -0.911331
-1.127854 -1.298803
-1.139174 -2.264285
-0.603092 -0.872565
-0.926541 -1.458472
-0.643617 -1.558670
-0.709490 -1.449015
-1.283376 -2.599162
-1.366789 -1.104608
-1.160304 -1.957705
-0.781655 -1.118977
-1.365539 -0.786748
-0.524125 -0.374535
-0.912466 -0.382387
-0.923679 -0.417429
-1.038906 -1.884813
-0.542623 -1.076575
-0.954176 -2.094070
-0.753933 -0.758023
-0.770482 -1.062626
-0.618244 -1.170566
-0.861460 -0.070215
-0.962063 -0.395250
-1.334194 -1.276708
-0.599783 -1.398697
-1.302090 -1.300735
-1.030643 -1.991107
-1.359301 -2.552847
-1.364004 -1.425224
-0.875068 -0.556057
-0.737413 -1.560255
-1.068958 -2.230606
-1.626206 -1.152805
-0.611130 -1.683774
-1.347283 -2.170413
-0.526923 -0.510058
-0.899680 -0.353815
-1.184996 -1.086383
-0.717020 -1.440932
-0.732983 -1.170672
-1.274588 -2.189928
-1.510857 -2.444510
-0.535938 -1.884043
-1.039185 -1.336112
-0.995673 -0.411947
-0.702498 -1.310733
-1.204517 -2.160948
-0.595639 -1.978802
-1.191856 -0.444723
-1.350200 -1.731898
-1.007425 -2.280724
-0.717039 -1.345953
-0.381577 -0.303805
-1.449454 -2.159494
-1.199224 -2.073583
-1.030612 -0.265236
-0.567768 -0.593364
-1.436959 -1.016735
-0.746184 -0.423969
-1.271613 -0.406112
-0.614310 -0.674696
-1.244878 -1.008487
-1.396336 -1.285893
-1.080230 -1.419015
-0.827506 -1.904104
-0.912415 -2.232168
-1.178609 -0.773204
-0.914020 -0.320043
-0.954938 -1.814552
-1.359325 -0.813895
-0.517261 -0.946552
-0.796527 -1.487376
-0.994514 -1.241260
-0.913719 -0.276832
-1.512503 -1.837143
-1.285479 -2.156459
-1.441076 -2.172001
-1.170687 -0.413088
-0.876355 -0.232462
-1.258204 -0.621402
-0.376233 -0.751032
-1.391752 -2.189406
-0.507417 -1.446455
-0.845050 -0.262635
-1.449697 -1.362849
-1.296894 -1.245907
-0.522412 -1.223025
-0.818321 -1.332182
-0.434026 -0.935268
-0.677856 -0.276431
-0.844372 -1.125783
-1.427845 -0.693968
-1.186210 -0.215168
-1.328628 -1.466574
-1.467790 -2.680516
-1.176997 -0.565659
-1.015218 -1.650482
-1.123790 -2.388498
-0.984796 -0.038249
-0.955256 -2.255967
-0.705756 -1.570925
-1.011196 -0.069001
-0.496062 -1.750240
-1.461469 -2.778640
-0.933279 -0.513512
-0.876072 -0.906704
-1.465099 -1.689077
-1.422703 -1.174149
-1.672697 -1.594054
-1.336328 -0.880755
-0.653398 -0.312949
-1.133070 -0.399306
-0.805866 -1.797217
-1.097364 -1.128806
-1.524866 -1.799302
-0.871300 -0.990277
-1.259403 -1.278181
-1.097234 -0.920950
-0.720293 -0.907524
-0.688901 -0.486851
-1.424964 -2.624165
-1.214148 -0.986574
-0.396344 -0.926892
-0.617728 -1.093539
-0.748881 -0.129950
-1.316319 -1.940048
-1.382697 -1.511853
-1.153753 -0.432365
-1.601198 -2.000640
-0.882743 -0.329799
-0.740494 -1.229807
-0.795015 -1.806319
-0.649095 -1.862810
-0.493278 -1.622289
-1.410318 -1.881175
-0.718385 -0.920603
-1.020027 -2.382699
-1.208977 -1.213220
-1.430018 -1.516212
-1.033189 -1.702839
-1.399936 -2.035066
-0.565083 -1.081383
-1.477574 -1.956682
-0.466024 -0.833592
-0.778105 -0.852268
-1.155313 -0.043028
-0.737708 -1.508327
-1.454169 -2.409177
-0.517758 -0.694568
-1.251462 -0.995870
-0.788804 -0.350292
-1.119707 -1.506717
-0.921190 -1.042327
-0.911094 0.058424
-1.012075 -0.417218
-0.821761 -0.914107
-0.652279 -0.497601
-0.585742 -0.083348
-1.415473 -1.503025
-0.710636 -0.957427
-0.599347 -0.686598
-0.542696 -1.427284
-0.954304 -2.222854
-0.842732 -1.273461
-1.480361 -2.084579
-0.729218 -0.422521
-1.085470 -2.212342
-0.893373 -1.493480
-1.123981 -1.045941
-0.510548 -0.467911
-1.403902 -1.064908
-0.715186 -0.629377
-1.156115 -0.876609
-1.037184 -2.394796
-1.274677 -2.538056
-0.940794 -1.398088
-1.289337 -2.154092
-0.712861 -0.522308
-1.091360 -1.769166
-0.876368 -1.562821
-1.578537 -1.444344
-0.957026 -1.101723
-1.011243 -0.367262
-1.054252 -0.642538
-1.074183 -2.533757
-0.701956 -0.385005
-1.299483 -1.366412
-0.974230 -0.250095
-0.412637 -1.210648
-0.771375 -1.418636
-0.805913 -1.698423
-1.073719 -0.690929
-1.271704 -2.015718
-0.799552 -1.756317
-1.455660 -2.571205
-0.507283 -1.310575
-0.586163 -1.643785
-0.861259 -1.587135
-0.372264 -1.184893
-1.356899 -1.001361
-1.293760 -1.026237
-1.216713 -1.545285
-1.183162 -1.243337
-0.913695 -0.295085
-1.014368 -0.506066
-0.560736 -1.360301
-1.001948 -1.860528
-1.132080 -0.139495
-1.128825 -1.682228
-0.682519 -0.239733
-0.752898 -0.219439
-1.204345 -2.361861
-1.046059 -0.811245
-1.027897 -1.381978
-1.334705 -2.482337
-0.479420 -1.280395
-1.105740 -1.739303
-1.007711 -0.562456
-0.857336 -0.140678
-0.960926 -0.381632
-0.999506 -1.605677
-0.390755 -1.276655
-0.561375 -1.427625
-1.087502 -1.435459
-0.953683 -0.601206
-1.203685 -0.838707
-0.686466 -1.946458
-0.748607 -0.813598
-0.674033 -1.191427
-1.322524 -2.570639
-1.369475 -2.321168
-1.346086 -1.508122
-1.033902 -0.792451
-0.632957 -0.466525
-1.485514 -2.542376
-0.849912 -1.238575
-1.386024 -1.834584
-1.206198 -2.682362
-0.944569 -0.673860
-0.885696 -1.074885
-1.317203 -0.138362
-1.104025 -0.949574
-1.226900 -1.519405
-1.105895 -2.279358
-0.772157 -0.243049
-1.241121 -2.555785
-0.757513 -0.345236
-0.726116 -0.091894
-0.772166 -1.928851
-1.145673 -1.754920
-1.285643 -1.953591
-1.679545 -2.186820
-0.859237 -0.623306
-0.877283 -2.013356
-0.934342 -0.398624
-0.879894 -2.192965
-0.974983 -0.796246
-0.474987 -0.990031
-1.017710 -1.766944
-1.156634 -0.262241
-1.519106 -0.956186
-0.514368 -1.105564
-1.467843 -1.745074
-1.266290 -2.167261
-0.885276 -1.206564
-1.269896 -1.955347
-1.184591 -0.868915
-0.689397 -1.174522
-0.648180 -0.465748
-0.906650 -0.641126
-1.277629 -0.660912
-1.163875 -1.231323
-1.359652 -1.611644
-1.386236 -0.981391
-1.189604 -0.859150
-1.205284 -0.792292
-0.606665 -0.562322
-0.723629 -0.102693
-0.997209 -0.409529
-0.798467 -0.235996
-1.160977 -1.498062
-1.089872 -1.062982
-1.555989 -2.008436
-0.917065 -1.000341
-1.115703 -0.845300
-1.035983 -0.357674
-0.693136 -1.328780
-1.071958 -0.942859
-1.123937 -0.344315
-1.438713 -2.031047
-1.416948 -0.489461
-1.322504 -1.653226
-0.850487 -1.792446
-0.851891 -2.056725
-0.611785 -1.310379
-0.722827 -0.803814
-1.331144 -0.988412
-0.618793 -0.276316
-0.535570 -0.594805
-0.850187 -1.616609
-1.025779 -0.554220
-1.113040 -2.495413
-0.859621 -0.901864
-1.151465 -1.882046
-0.740212 -1.212923
-0.730185 -0.433236
-1.575169 -2.405776
-0.432631 -0.913968
-0.814751 -1.511047
-1.188176 -0.624633
-0.622741 -1.995354
-1.335003 -1.358250
-1.084217 -2.382185
-0.891509 -0.324490
-1.373893 -2.421036
-1.026169 -1.525546
-1.287082 -0.578578
-0.878471 -2.100022
-0.777423 -1.782136
-1.197944 -0.211508
-0.860940 -2.200456
-1.505798 -2.317687
-0.579045 -1.528441
-1.023162 -0.258906
-1.408938 -1.584175
-0.673958 -0.322619
-1.209737 -1.465332
-0.531217 -0.847468
-0.654710 -1.447618
-1.325040 -1.432174
-1.261323 -2.023461
-0.797443 -1.959818
-0.702741 -1.862790
-1.096493 -1.242986
-1.159833 -2.501148
-1.137258 -2.676975
-1.461294 -1.036788
-1.221201 -0.948350
-1.139546 -2.089308
-0.837337 -0.558042
-0.976421 -1.945132
-0.336812 -0.763420
-0.644040 -1.615818
-0.865114 -1.831829
-1.140519 -2.439774
-1.161726 -1.909829
-0.422665 -0.505821
-1.411716 -1.183030
-0.895229 -1.707082
-0.759596 -1.270416
-1.054228 -0.768559
-0.484206 -0.324966
-0.865925 -0.047200
-0.974747 -0.587575
-0.943247 -1.884805
-0.846712 -2.009198
-0.923980 -2.002230
-1.126216 -2.349632
-0.865377 -1.267220
-1.293755 -1.954277
-1.069994 -0.127609
-1.139747 -2.285004
-0.553971 -1.620102
-0.882071 -1.094452
-0.881047 -2.216582
-0.847772 -0.333536
-0.630288 -0.255126
-1.217544 -2.521514
-0.506212 -1.386449
-1.079401 -1.516780
-1.502291 -1.562447
-1.300421 -0.994828
-1.028961 -1.539504
-1.120928 -1.724133
-0.969112 -0.434452
-1.070926 -0.653320
-0.619522 -1.061483
-1.332569 -0.473851
-1.052816 -0.926090
-0.676355 -0.440516
-0.401671 -0.535578
-0.914568 -1.053576
-0.924238 -0.603395
-0.448619 -1.069552
-1.055655 -2.150710
-1.298314 -0.958508
-1.317665 -0.982761
-0.600117 -1.045400
-0.826239 -1.880448
-1.199223 -1.897093
-1.432962 -1.181972
-0.694507 -0.670379
-1.258971 -1.273218
-0.798858 -0.896580
-1.109080 -1.057862
-0.346602 -0.622579
-1.018688 -1.409670
-0.514583 -0.280600
-1.211414 -0.862666
-0.561535 -0.442298
-1.512693 -1.361587
-0.826521 -0.426062
-1.118174 -2.027127
-1.089775 -1.277686
-1.157115 -0.428412
-1.097703 -0.960735
-1.351288 -1.182601
-0.638771 -1.499454
-0.897657 -1.155819
-0.673057 -1.813938
-0.962827 -1.701502
-0.541461 -0.176328
-1.509927 -2.792072
-1.449252 -2.576187
-1.306690 -2.322058
-1.464349 -1.900941
-1.016295 -1.728592
-1.008651 -1.961724
-1.176320 -1.464995
-0.705298 -0.948770
-1.535480 -2.105922
-0.840228 -0.151340
-0.849317 -0.878490
-1.275200 -1.781440
-0.925273 -2.378223
-1.047074 -1.269997
-0.918902 -1.363846
-0.675252 -1.120114
-1.041661 -0.456251
-0.493589 -1.383253
-0.887704 -1.895599
-1.201811 -1.032033
-0.529198 -1.036653
-0.594144 -0.500304
-0.615113 -0.343946
-0.849598 -1.545238
-1.489961 -1.757645
-0.712279 -1.017268
-0.915123 -1.471551
-1.279756 -1.289251
-0.988735 -1.138458
-0.938200 -2.052805
-0.932374 -0.515435
-1.078391 -0.327537
-1.196580 -0.316400
-0.913657 -1.722674
-1.349645 -0.515685
-1.514933 -1.341252
-1.160350 -1.302299
-0.749275 -0.304617
-0.461699 -1.133212
-1.377441 -1.338510
-0.978350 -0.262450
-0.846471 -0.448560
-0.669441 -0.181739
-0.787522 -2.062861
-0.692001 -0.779525
-0.695330 -1.311707
-0.628265 -1.727182
-1.081779 -2.450895
-0.804229 -1.751683
-0.965511 -0.272871
-1.555638 -2.297874
-0.688604 -1.652316
-0.718734 -1.331141
-1.491892 -1.525655
-1.362772 -2.139929
-0.993677 -0.858260
-0.853664 -1.732557
-0.619006 -0.577849
-1.369794 -1.858956
-0.694544 -1.109070
-0.551323 -1.476472
-1.457459 -2.372496
-1.228096 -2.217570
-1.402112 -2.079026
-0.998305 -1.928495
-1.597404 -1.300514
-0.815895 -0.095544
-1.414990 -1.003893
-1.369779 -2.681450
-0.572081 -1.049565
-1.454973 -2.174524
-0.740496 -1.911389
-1.319077 -0.812443
-1.493410 -1.247237
-1.134039 -1.320182
-0.713538 -1.568477
-1.321023 -2.456803
-0.504789 -0.683994
-0.917023 -0.355603
-0.583628 -0.704586
-0.696176 -0.135468
-1.235421 -1.272441
-1.256424 -1.099011
-1.581024 -1.415510
-0.997478 -0.379212
-1.051489 -0.444618
-0.895417 -2.326177
-1.265619 -2.521786
-1.536078 -1.305978
-0.576264 -0.763158
-0.575005 -0.841598
-0.854606 -1.879134
-0.938073 -0.967053
-1.045077 -1.243647
-1.424938 -2.404468
-1.383669 -0.540336
-1.358216 -2.473899
-1.129620 -2.298666
-0.574698 -0.757212
-1.261505 -0.642284
-1.467063 -2.062427
-1.195208 -1.902082
-1.436340 -1.629578
-1.162527 -1.767952
-0.931703 -0.676652
-0.655451 -1.241013
-0.919399 -0.497695
-1.197140 -2.525203
-0.813355 -1.999061
-1.056707 -1.389169
-1.511769 -0.992855
-0.615245 -1.162258
-1.001663 -0.689620
-0.905130 -0.046212
-1.526077 -1.893917
-0.656264 -1.455360
-0.946213 -1.620700
-0.713401 -1.692191
-0.553370 -1.866464
-1.211585 -0.319428
-0.411555 -0.672383
-0.920092 -0.582320
-0.833466 -1.467860
-0.534117 -1.198754
-0.991340 -0.118060
-0.964680 -2.396986
-0.805134 -2.046789
-0.795334 -1.956869
-1.411682 -0.604888
-1.206412 -0.708803
-0.561459 -0.590500
-1.413414 -1.406559
-1.278773 -2.260021
-0.756057 -0.714441
-1.110546 -2.285238
-0.588747 -0.278179
-0.497128 -0.517137
-0.576892 -1.263397
-1.190788 -0.916050
-1.306124 -0.817827
-0.995961 -0.179566
-0.992860 -2.374757
-0.896278 -1.587752
-1.380355 -1.252323
-0.942206 -2.096054
-0.886899 -1.990320
-1.402914 -1.799438
-0.893317 -0.479129
-0.765813 -0.782870
-1.030573 -2.181834
-1.449024 -2.002904
-1.243013 -1.377136
-1.045848 -0.842720
-0.839617 -1.046430
-1.132233 -1.360022
-1.158461 -0.743699
-0.421968 -0.781218
-1.398804 -1.397476
-1.265077 -0.752620
-0.730927 -1.646819
-1.026175 -1.553643
-1.296346 -1.342078
-0.922336 0.054320
-0.664713 -1.870468
-1.093370 -1.189828
-1.206027 -0.687810
-1.215284 -0.594416
-0.799604 -1.468401
-0.592222 -0.408420
-0.561291 -0.314502
-0.813314 -2.302878
-1.145609 -1.942170
-0.486323 -0.429281
-1.439879 -1.936474
-0.791993 -1.885789
-1.412983 -1.963685
-1.417974 -1.302510
-0.537422 -1.478378
-1.281358 -1.050930
-0.549773 -0.214111
-0.390024 -1.000926
-1.647306 -2.171972
-0.846544 -0.087482
-0.845002 -1.599357
-0.608712 -1.507515
-0.437147 -0.700088
-0.686536 -1.489820
-0.669282 -1.903593
-1.145063 -1.593572
-1.365795 -1.026957
-0.557240 -1.535628
-0.738879 -0.283087
-1.363076 -2.219374
-0.738863 -0.432016
-0.453295 -0.716890
-1.050668 -0.495320
-0.936773 -0.315579
-1.431644 -1.467288
-0.622825 -1.575873
-0.718355 -0.446829
-0.616356 -1.571855
-0.643731 -0.510693
-0.348894 -1.021904
-0.837951 -0.906609
-1.321883 -1.621969
-1.390573 -0.807026
-0.729407 -0.345161
-0.534080 -0.337580
-0.831478 -1.568623
-0.608657 -0.517744
-0.620625 -1.089692
-1.056393 -0.045223
-1.535348 -2.313353
-0.986910 -1.993237
-0.954504 -2.317898
-0.533881 -0.788341
-0.427743 -0.799220
-0.480989 -1.168517
-1.422462 -2.376853
-0.799832 -0.733509
-0.513824 -0.683111
-1.434170 -2.352585
-1.498370 -1.847736
-1.010259 -0.202740
-0.802252 -1.511525
-1.069170 -1.274228
-0.791725 -0.423424
-1.050497 -1.616377
-1.062018 -0.546847
-1.018886 -0.523566
-1.210552 -0.310082
-0.829389 -1.356262
-0.633675 -1.121861
-0.489412 -0.514386
-0.928562 -1.949448
-1.395468 -2.735110
-0.786242 -1.765139
-1.332757 -0.883799
-0.840216 -0.236742
-0.832897 -1.034120
-1.050277 -1.737118
-0.776319 -1.563017
-1.286402 -0.737232
-1.305469 -0.760725
-0.901506 -1.426496
-0.663962 -1.543054
-0.931815 -1.869761
-1.110976 -0.126663
-0.635486 -1.389522
-1.191610 -1.391109
-1.127932 -2.388088
-0.532938 -0.247845
-0.556696 -1.081930
-0.965835 -1.756239
-0.891069 -0.472751
-1.268197 -0.581894
-1.370724 -0.763335
-0.850148 -0.248765
-0.881479 -0.779173
-0.640190 -1.728498
-0.610866 -1.095907
-1.131159 -1.662515
-0.541602 -0.707188
-0.778947 -0.053025
-1.045385 -1.633440
-1.003098 -0.696507
-1.239057 -2.127677
-0.524105 -1.670471
-1.629470 -1.283724
-0.923233 -1.899330
-0.742193 -0.795470
-1.282816 -1.116356
-0.888368 -0.406153
-1.465149 -1.833057
-1.392689 -2.286215
-1.083745 -0.553738
-0.806885 -1.301847
-1.009513 -1.906819
-1.140002 -1.026412
-0.534444 -0.703745
-1.071020 -1.232092
-1.410344 -1.189543
-1.126551 -0.763434
-0.622243 -0.731788
-1.184418 -2.706695
-0.702344 -1.384973
-0.909883 -2.055861
-0.692167 -0.508500
-0.844027 -2.165229
-0.956523 -0.183743
-0.880169 -1.556086
-0.887175 -1.852352
-0.761790 -0.468330
-0.996220 -0.279548
-1.279874 -2.732895
-0.710355 -1.495638
-0.921314 -2.145147
-1.570712 -2.455219
-0.621799 -0.531751
-0.879115 -1.976067
-0.622731 -1.966649
-0.701060 -1.222114
-1.038065 -0.629264
-0.889855 -0.404604
-1.270352 -0.290326
-1.236771 -1.920583
-1.106566 -1.955114
-1.353250 -0.976305
-1.062164 -1.449964
-1.388630 -1.335610
-0.891624 -0.277329
-1.197909 -1.457883
-1.274031 -2.101650
-1.105142 -0.246405
-1.266662 -1.118396
-0.836055 -0.838507
-0.988139 -1.419862
-1.333355 -1.936004
-1.078869 -1.393579
-0.781178 -1.501915
-1.156435 -0.713544
-1.015346 -0.949823
-0.905553 -0.319665
-0.806366 -0.034572
-0.451047 -0.895925
-1.272987 -0.739712
-0.763164 -1.610518
-1.223489 -1.351526
-1.582030 -2.299327
-1.311823 -1.573442
-0.931786 -0.133624
-1.306629 -1.384886
-1.394530 -2.677426
-1.134412 -2.151947
-0.638266 -1.461759
-0.414240 -0.626486
-0.696017 -1.815395
-0.926095 -2.463842
-1.198563 -1.887350
-0.870344 -1.297345
-1.220983 -2.298977
-1.238198 -0.450512
-1.000047 -0.334913
-1.303813 -1.974430
-1.461561 -2.453590
-1.178453 -0.816612
-1.227141 -1.529208
-0.746378 -1.548359
-1.154621 -0.094011
-1.515937 -1.333201
-0.932909 -1.005325
-1.610502 -2.275119
-1.061372 -0.233103
-1.172472 -0.461302
-0.831436 -1.122040
-1.111128 -0.594234
-0.490820 -0.779296
-1.391378 -2.101770
-0.681020 -0.847321
-0.507023 -0.392534
-0.478134 -0.391327
-1.399038 -1.052037
-0.695277 -0.577910
-1.500378 -2.593779
-1.437849 -2.325077
-0.449722 -1.201718
-0.977031 -2.115171
-1.020765 -1.769619
-1.362151 -1.690903
-1.312150 -1.514678
-1.392927 -1.135690
-0.669789 -1.018228
-0.884924 -0.100109
-0.778097 -1.662813
-1.000265 -0.040136
-1.165690 -0.277545
-0.830148 -0.201305
-1.348786 -2.901077
-0.536756 -0.928287
-1.175290 -0.190309
-0.633964 -0.529184
-1.461986 -2.726653
-1.225085 -0.294987
-0.705922 -0.114683
-0.796499 -1.334149
-1.103289 -2.193619
-0.760913 -1.158019
-0.521108 -0.725517
-0.874654 -0.211052
-0.742294 -0.360666
-1.206581 -0.622382
-0.664822 -0.581503
-1.599941 -1.715658
-1.243334 -1.311746
-1.482871 -1.212429
-0.597200 -1.350661
-1.036228 -1.031340
-1.469714 -1.513934
-0.273594 -0.477313
-1.377609 -1.562018
-1.348434 -2.062351
-1.320074 -1.077555
-0.775619 -0.335064
-1.281106 -2.629505
-1.497748 -0.934299
-0.930264 -2.115497
-1.234205 -0.588438
-1.164908 -0.380720
-1.108989 -2.581247
-1.315743 -2.237659
-1.411183 -2.007169
-0.712968 -0.615506
-0.734928 -1.580344
-1.040356 -2.511046
-0.799349 -1.852862
-1.330789 -2.387559
-0.722023 -0.123502
-0.856472 -0.653970
-1.408956 -2.052480
-0.913538 -0.160423
-1.285082 -1.511389
-1.178898 -1.236025
-1.211964 -1.058276
-0.926040 -0.547942
-0.588226 -1.258128
-0.886794 -1.020888
-0.983565 -0.702449
-0.641196 -0.329007
-1.256861 -1.528916
-0.712090 -1.747455
-1.371976 -1.073782
-0.901048 -1.946965
-0.974072 -0.335331
-0.906148 -0.707059
-1.107631 -0.387709
-0.963823 -1.692836
-1.595805 -1.657317
-1.522670 -2.161578
-1.328669 -1.096362
-0.670979 -0.384594
-1.573738 -1.603271
-1.163709 -0.335773
-1.351768 -1.540328
-1.202105 -2.358265
-1.377731 -1.589148
-0.972028 -1.481787
-1.559700 -2.039101
-0.415393 -1.097594
-0.647050 -1.481853
-1.003121 -1.201232
-0.710904 -1.701797
-0.661647 -1.682226
-0.775060 -0.185514
-1.535873 -1.674587
-1.146534 -0.684538
-1.217387 -2.474476
-0.769917 -1.424442
-1.180665 -1.372508
-1.296354 -1.834029
-0.761197 -0.338046
-0.344502 -1.051849
-1.070914 -2.045724
-0.630099 -1.699897
-0.871198 -0.282029
-1.189342 -0.367840
-1.503871 -2.095885
-0.547542 -1.325355
-1.479316 -1.603757
-0.896845 -1.291528
-1.017060 -1.939545
-0.771172 -0.462240
-1.017855 -0.804061
-1.334526 -1.340271
-1.105533 -0.979637
-0.353763 -0.836326
-0.807489 -2.176430
-1.257574 -1.504262
-1.097751 -0.697974
-1.139222 -1.853797
-0.806235 -0.315621
-0.885025 -0.563075
-1.336499 -1.468207
-1.369833 -0.751832
-1.300103 -1.389713
-0.459709 -1.057368
-1.257503 -2.278380
-1.009339 -0.665327
-0.550568 -0.623812
-1.083747 -1.306056
-1.457082 -0.677734
-1.334851 -0.450901
-1.289535 -2.315462
-1.527509 -2.052107
-1.342058 -1.473307
-0.842384 -0.178299
-1.091531 -0.754010
-1.595072 -2.228499
-0.497939 -0.402573
-0.549120 -0.582077
-1.201523 -2.613996
-0.788688 -1.361362
-0.828738 -0.047747
-1.012884 -0.168576
-0.765009 -0.495459
-1.004473 -0.404728
-0.839119 -0.702879
-1.057845 -0.343020
-1.148071 -1.384926
-1.098230 -0.258007
-0.678014 -0.185006
-0.811572 -0.163141
-1.422233 -2.943120
-1.294481 -2.153813
-1.341769 -0.647935
-0.837726 -0.770816
-1.344859 -1.660046
-0.925066 -0.663820
-1.477018 -0.873816
-0.672958 -0.594396
-1.470723 -2.151798
-0.990166 -0.373865
-1.046513 -2.509964
-1.151172 -1.133664
-0.592989 -0.529480
-0.641701 -1.018347
-0.691330 -0.742972
-0.776570 -1.620513
-0.527848 -0.917091
-1.082008 -1.239183
-1.479811 -1.280568
-0.943234 -0.381511
-1.084142 -0.912942
-1.492240 -1.175993
-1.023152 -0.347267
-0.809840 -1.867748
-0.938681 -2.085235
-0.621266 -1.082825
-1.233591 -1.895909
-0.702335 -1.625293
-0.482281 -0.827709
-0.878281 -1.123737
-1.263396 -1.419574
-0.444530 -0.627515
-1.299050 -0.508357
-1.305978 -0.804407
-1.181218 -2.467386
-1.257498 -0.252540
-1.456886 -2.071038
-0.761043 -0.745982
-0.791384 -0.631029
-1.257215 -1.342540
-0.634918 -0.548376
-0.734961 -1.637879
-0.557899 -0.146602
-0.712238 -0.562627
-1.637089 -1.712730
-1.157300 -1.614913
-1.171759 -1.267061
-1.040523 -1.342844
-0.634043 -1.507748
-1.619717 -1.790274
-0.789150 -1.154412
-0.977801 -0.823283
-0.845676 -0.961752
-1.369398 -2.586583
-1.362641 -1.253402
-1.307592 -0.958312
-0.866833 -0.432523
-1.187552 -0.982668
-0.521078 -0.565065
-0.832579 -0.052876
-1.259089 -2.562490
-1.403268 -1.529164
-0.853656 -0.412303
-0.778935 -1.407814
-0.986629 -2.435632
-0.810404 -0.823606
-1.144391 -2.212569
-1.027241 -2.157890
-1.296828 -0.837527
-0.725593 -0.687667
-1.174934 -1.176292
-1.010721 -2.528121
-1.291174 -2.669786
-0.906197 -2.082707
-0.741025 -1.506897
-1.259672 -0.534863
-0.970505 -1.867596
-0.889335 -0.693272
-1.423940 -0.882089
-0.551274 -1.578205
-0.519012 -0.402700
-1.166555 -1.544206
-1.016894 -2.517690
-0.918263 -1.523413
-1.339256 -2.376130
-1.157057 -0.916010
-1.348056 -1.362845
-0.421346 -1.642606
-0.835505 -0.270416
-0.744659 -1.218683
-1.097905 -1.095842
-0.756543 -0.372884
-0.553230 -1.094352
-0.919096 -2.274226
-1.095686 -0.234082
-1.285586 -0.781128
-1.350616 -2.170402
-1.110383 -0.417490
-1.287933 -1.853146
-1.225973 -2.506627
-1.254830 -2.699980
-0.732598 -0.806117
-0.874637 -0.290000
-1.574412 -2.249059
-0.943364 -1.023938
-0.864091 -0.447860
-0.743658 -1.570555
-1.315434 -0.496030
-1.224121 -0.724243
-0.510683 -0.261708
-1.483030 -0.851321
-1.085146 -1.168939
-0.897788 -1.494892
-1.328969 -0.641500
-1.070365 -2.017394
-1.206252 -1.812464
-1.003363 -0.365978
-1.660168 -1.740537
-0.534039 -1.204972
-0.805078 -0.244883
-1.154199 -0.556079
-1.062173 -1.414396
-0.659128 -1.667261
-1.040092 -1.821703
-1.036196 -0.603971
-1.384556 -1.012498
-0.751781 -0.810027
-0.728154 -0.333879
-0.773301 -1.517463
-1.371228 -0.591524
-1.108783 -0.214973
-0.470354 -0.456072
-1.032194 -1.232681
-1.241483 -2.368070
-0.987542 -1.069488
-1.040411 -0.399071
-1.272934 -1.387797
-1.471609 -0.751272
-1.363617 -2.624419
-0.767412 -1.239525
-0.550802 -0.262572
-1.143971 -2.210912
-0.697130 -1.646111
-0.582610 -1.087716
-1.393270 -2.216531
-1.289871 -2.066124
-0.290104 -1.169649
-1.072897 -0.261253
-0.740673 -0.288924
-1.161064 -1.574288
-0.798302 -1.207619
-0.683986 -0.428786
-0.886817 -1.028572
-1.204083 -0.270329
-1.005183 -0.087530
-0.621911 -1.034914
-0.817127 -1.658050
-1.324797 -0.808415
-1.207008 -0.596965
-1.339139 -0.871218
-0.716635 -0.422382
-0.441813 -0.944728
-1.003976 -0.754712
-0.772993 -1.818726
-0.892985 -1.322285
-0.901181 -0.263743
-1.310131 -2.111934
-1.276472 -0.511033
-1.559172 -1.787514
-0.996391 -2.086860
-1.238802 -1.723435
-1.471314 -1.528575
-1.511309 -1.276085
-1.375121 -1.267154
-0.961290 -1.315538
-1.487848 -1.512203
-1.002661 -2.259638
-1.223493 -0.566152
-1.000039 -2.197495
-1.215984 -2.204895
-0.835301 -0.692316
-0.572126 -0.943505
-0.789717 -0.953681
-0.937950 -0.335304
-0.845008 -1.505289
-1.076237 -1.939593
-0.528560 -1.193572
-0.774173 -1.598692
-1.478965 -1.796003
-0.909571 -1.513366
-1.088007 -0.961587
-0.521707 -0.544656
-1.278908 -0.606823
-1.297570 -1.912312
-0.889453 -2.154599
-1.464722 -1.296139
-0.667719 -0.725969
-1.126086 -2.091167
-0.748545 -0.394769
-1.047268 -0.246098
-1.513463 -0.536517
-0.576824 -1.463635
-1.028309 -0.106991
-0.968591 -0.198415
-0.545122 -1.267505
-1.099942 -1.384731
-1.151204 -1.292966
-1.198970 -0.873656
-0.953636 -0.598543
-0.509161 -0.837787
-1.156885 -2.403807
-1.593395 -2.010234
-0.521786 -0.804456
-0.520735 -0.416541
-0.784213 -0.247361
-0.750250 -1.062660
-0.705882 -1.331710
-0.875789 -0.215137
-0.553075 -1.023240
-0.862440 -1.967389
-0.579342 -0.831503
-0.903241 -0.353841
-0.533706 -0.956574
-0.518940 -1.390976
-1.038344 -0.824330
-0.844329 -1.848634
-0.745949 -0.849137
-1.183221 -2.211700
-1.287557 -2.292519
-0.591587 -1.278510
-0.962879 -1.063579
-1.447401 -1.787462
-1.042979 -1.731118
-1.060880 -0.845458
-1.075623 -1.882875
-0.988970 -1.568102
-0.757423 -0.826569
-1.272335 -0.978687
-0.647573 -1.570308
-0.802134 -0.713724
-0.524494 -1.002309
-1.314241 -1.536211
-0.571037 -0.229335
-0.605149 -0.613123
-0.783271 -1.399081
-0.956130 -0.868464
-1.151834 -0.960831
-1.324198 -1.105807
-0.920592 -0.536813
-1.233122 -2.533113
-1.381051 -0.894788
-1.372070 -1.450605
-0.606126 -1.464309
-1.299941 -1.006450
-1.519857 -1.077878
-0.553397 -1.823047
-1.325506 -1.198053
-1.089003 -0.986203
-1.371845 -1.428672
-1.141924 -2.219511
-0.779034 -1.346856
-0.960937 -1.810839
-1.292630 -0.843901
-1.258007 -1.323098
-0.477845 -1.113772
-0.687575 -0.777223
-0.604397 -1.190342
-0.614539 -0.636440
-1.246841 -2.330119
-1.244173 -2.227500
-0.959228 -0.947147
-1.053710 -1.359219
-0.521699 -0.688469
-1.025617 -1.011103
-1.435072 -1.053846
-1.304419 -2.361691
-1.211395 -2.364915
-1.222035 -1.670285
-0.710852 -1.022948
-1.051093 -1.974985
-0.985789 -1.426307
-0.412737 -0.880694
-0.653958 -1.701150
-1.293087 -1.699972
-0.905521 -0.732452
-1.205007 -1.448542
-1.056393 -2.188550
-1.345175 -0.911963
-0.705907 -1.020652
-1.275218 -1.836267
-1.451831 -2.562885
-0.849978 -1.934912
-0.468351 -1.367607
-0.665255 -0.826980
-1.132082 -2.383599
-1.159620 -1.340218
-0.822018 -0.612288
-1.392314 -1.501050
-0.653908 -1.917129
-1.316505 -2.528055
-1.209070 -0.439256
-1.291337 -1.649956
-0.671941 -0.839120
-1.388665 -0.671152
-0.761707 -0.932776
-1.471251 -1.612734
-1.393710 -0.718441
-1.382134 -1.207564
-0.516689 -0.922925
-0.729584 -0.229776
-1.330340 -2.096338
-0.882880 -0.192613
-0.695147 -1.399675
-0.491496 -0.856742
-1.355591 -1.533851
-0.870628 -1.606516
-0.955502 -1.962492
-0.775801 -1.976229
-0.526356 -0.851950
-1.248318 -0.953168
-0.667519 -1.301994
-0.954016 -0.252436
-1.407974 -1.528788
-1.006019 -0.153289
-0.949713 -0.187681
-1.662240 -1.541078
-0.568144 -0.187785
-0.524812 -1.273690
-0.589361 -0.202269
-0.820216 -1.329195
-1.085622 -2.204669
-0.866116 -0.850414
-0.479341 -0.778691
-0.916035 -0.536723
-0.960276 -0.242985
-1.351019 -1.477349
-1.452002 -1.738421
-1.500092 -1.259764
-0.480793 -0.916750
-1.341484 -1.832868
-1.565322 -2.344194
-0.723615 -1.164513
-1.065504 -2.469586
-1.498868 -0.702816
-1.258413 -2.016181
-1.333112 -2.237234
-0.539661 -0.736814
-0.528178 -0.514809
-0.930334 -0.767214
-0.819722 -1.581486
-0.870969 -1.824602
-1.139538 -1.074460
-1.183969 -0.627037
-1.114729 -1.205576
-1.699928 -1.784093
-1.066619 -1.021517
-0.714617 -0.569490
-0.732537 -1.407395
-1.333478 -2.869113
-0.868835 -1.531134
-1.384053 -2.610540
-0.741681 -1.757217
-1.231751 -1.831729
-0.814157 -1.559633
-0.865798 -0.763146
-0.735337 -1.904606
-1.698262 -2.310497
-0.831213 -0.427736
-1.055336 -0.368446
-1.109789 -2.013281
-1.018809 -2.041226
-0.427921 -0.149091
-1.202827 -2.484649
-1.262100 -0.619424
-0.599710 -1.486242
-1.061816 -2.494894
-1.276384 -0.808167
-0.776442 -1.711793
-0.641818 -0.874634
-0.546806 -1.260030
-0.770313 -1.443565
-0.910847 -0.194468
-0.609600 -0.166775
-0.884817 -0.724201
-1.437670 -1.790859
-0.485444 -0.655379
-1.042656 -1.255693
-1.239760 -0.549163
-1.106443 -2.329452
-1.299284 -1.218850
-1.191511 -1.829162
-1.166988 -1.647683
-1.068861 -2.630469
-1.188542 -0.632339
-1.202463 -0.622650
-0.816500 -0.868273
-1.392139 -1.646920
-1.075574 -1.166488
-1.095549 -0.799170
-1.160531 -2.291040
-0.662662 -1.756129
-0.761233 -0.865552
-0.449187 -1.398793
-1.300677 -1.028590
-0.865808 -1.179298
-0.662887 -0.212299
-1.464913 -2.436763
-0.448130 -0.991814
-0.467786 -1.494535
-1.085266 -1.888050
-0.910305 -1.813534
-0.412883 -0.378367
-1.342736 -0.453592
-0.829850 -0.321474
-0.454003 -0.980570
-0.514916 -0.785435
-1.073176 -0.370974
-0.851233 -0.072107
-1.148506 -0.665817
-0.978615 -0.882287
-1.205650 -0.751062
-1.240246 -1.803756
-0.662918 -0.423230
-0.454064 -1.220434
-0.940843 -0.632785
-1.084283 -1.168104
-0.980379 -0.097430
-0.707559 -1.848467
-0.599334 -0.853386
-0.973076 -0.891189
-0.696491 -0.395033
-0.351600 -1.033144
-0.941642 -0.632879
-0.629776 -1.996972
-0.637014 -0.857861
-1.435067 -1.547641
-0.743113 -1.674792
-0.970799 -1.597815
-0.763812 -1.923634
-1.167682 -0.289147
-0.474691 -1.340979
-1.357021 -2.720769
-0.455284 -0.494224
-1.024935 -1.831876
-0.635052 -0.826344
-1.239107 -1.183602
-0.919332 -1.079737
-0.845679 -1.870101
-1.454686 -1.682520
-1.293914 -1.992347
-0.847938 -1.083913
-1.168305 -0.977641
-0.609371 -0.568630
-1.426469 -2.726540
-0.780529 -0.670959
-1.239938 -1.381986
-1.364763 -2.451416
-0.921285 -1.000924
-0.916503 -1.515634
-1.025872 -0.726136
-0.705799 -0.045481
-0.953979 -1.951822
-0.938711 -1.654552
-0.471181 -1.125724
-1.453562 -2.316242
-0.379211 -0.388825
-1.196808 -1.995365
-1.256616 -1.379020
-0.988344 -0.367269
-1.083269 -2.010021
-0.985262 -2.583833
-0.981629 -2.293479
-1.101311 -0.495778
-1.275301 -0.951375
-0.882946 -1.812660
-0.638205 -0.264105
-0.688967 -0.058306
-0.701861 -0.112442
-0.964139 -0.663533
-0.839386 -2.083552
-1.281987 -1.800259
-0.821731 -1.312691
-1.348096 -1.186766
-0.887448 -1.448254
-0.708037 -0.933955
-0.932075 -0.433494
-0.633027 -0.950082
-0.909609 -1.231481
-0.886738 -1.906145
-1.060409 -2.345202
-1.223820 -1.508038
-0.585980 -1.567941
-1.271857 -2.454816
-0.510298 -1.466184
-0.778490 -0.426213
-1.059555 -0.018524
-1.061035 -1.813617
-1.147625 -0.432064
-1.521243 -2.185944
-1.296773 -1.224348
-1.417165 -1.742303
-0.634722 -1.824810
-0.632900 -1.448487
-1.127934 -2.601020
-0.556832 -1.430155
-1.458412 -1.785391
-0.944320 -0.160584
-1.285640 -1.209698
-0.824626 -0.807944
-1.071067 -0.666732
-1.352569 -2.790754
-0.865188 -1.861804
-1.068412 -1.289261
-1.383207 -1.950422
-0.556547 -0.647789
-1.526623 -1.937222
-1.331485 -1.401490
-0.907390 -0.612342
-1.485175 -1.871441
-0.968187 -0.246441
-0.970334 -0.022896
-1.462306 -2.661079
-1.401397 -0.921713
-1.077513 -1.085747
-1.264091 -2.613017
-0.835073 -1.551617
-0.744962 -1.129924
-1.135658 -0.784062
-0.634400 -0.168844
-0.930677 -2.035822
-0.544856 -1.170389
-1.316381 -0.578200
-0.690160 -1.581317
-1.104342 -1.154644
-0.844816 -1.517743
-0.627644 -1.650676
-0.746462 -1.613964
-0.840768 -1.083909
-0.951958 -2.368963
-1.184559 -0.745253
-1.076921 -1.227618
-1.104967 -2.513030
-0.677370 -1.144694
-0.795303 -1.753703
-1.523255 -1.710760
-1.162613 -0.368900
-0.756589 -0.203533
-1.485401 -2.737794
-0.315997 -0.697033
-0.979575 -1.518662
-0.878962 -0.764200
-1.129699 -1.390397
-0.590237 -1.462464
-1.208593 -2.191294
-0.433308 -1.220165
-1.278454 -1.862710
-0.909880 -0.699745
-1.003422 -2.420276
-1.198744 -1.247830
-1.568832 -1.527634
-0.435415 -0.287265
-0.881154 -1.918345
-1.427729 -1.615868
-0.598871 -1.997894
-1.118562 -2.020801
-1.533528 -2.008463
-0.651346 -1.082098
-0.918742 -1.087082
-1.347312 -2.147172
-1.087450 -1.596612
-0.705710 -1.296483
-0.796096 -1.426118
-0.786409 -0.293437
-1.237226 -0.902158
-0.968599 -0.449505
-1.005829 -0.254908
-0.630193 -0.581480
-0.942209 -2.000586
-0.814260 -1.618097
-0.636351 -0.799307
-0.417170 -0.316199
-1.183073 -1.724935
-0.983424 -2.238646
-0.692814 -0.905412
-0.953172 -1.753897
-0.882058 -0.359458
-1.345172 -0.972220
-0.742679 -2.014995
-1.092497 -2.056577
-0.875698 -0.730945
-1.542572 -1.818661
-0.815740 -1.336402
-1.121780 -2.422246
-0.930543 -1.692822
-1.063429 -2.409608
-0.680484 -1.136633
-1.118779 -1.514325
-0.429508 -0.870859
-1.569087 -1.961446
-0.718767 -1.613102
-1.342411 -1.214957
-1.400979 -2.219071
-1.090723 -0.126059
-1.006698 -0.127047
-0.777758 -1.613257
-0.945103 -2.250476
-1.167117 -0.942168
-0.911451 -1.357394
-1.175065 -1.852860
-1.569233 -2.116587
-0.862337 -1.678168
-1.166948 -1.294526
-1.229640 -0.829089
-1.266290 -1.096083
-0.769926 -2.095394
-1.171530 -1.128507
-0.913919 -0.808662
-1.147176 -1.923252
-0.820011 -1.724895
-0.919696 -0.629802
-0.921510 -2.052651
-1.152294 -2.206595
-0.742704 -1.516189
-1.403235 -1.726718
-0.936847 -0.511612
-1.013064 -1.185636
-1.560927 -2.547530
-0.970501 -0.130031
-1.439553 -1.866773
-1.349471 -2.047213
-0.428073 -0.942446
-0.520254 -0.766883
-1.277947 -2.170554
-1.410364 -1.890454
-1.330678 -0.410762
-0.620227 -1.822368
-1.322501 -2.528688
-1.181001 -0.459946
-1.125389 -1.579811
-0.754609 -0.452001
-0.447846 -0.970703
-0.892169 -0.196332
-1.287445 -0.901741
-1.390955 -1.715617
-1.097166 -1.875906
-1.149284 -1.602501
-1.293120 -2.211181
-0.741195 -1.099809
-1.427705 -1.718496
-0.408674 -1.251982
-0.865529 -0.195378
-0.984068 -0.293142
-1.220626 -1.865529
-1.251506 -2.516975
-1.359590 -1.305340
-0.872953 -1.144442
-0.525664 -1.328919
-1.051488 -1.657311
-1.112941 -0.633798
-0.537827 -0.227729
-0.613877 -1.502582
-1.435042 -0.861896
-1.635387 -1.616396
-0.823076 -0.082547
-0.951803 -0.224846
-1.127441 -0.727505
-0.832946 -0.582148
-1.167236 -0.804585
-1.200743 -1.839178
-0.495466 -0.615789
-1.554446 -2.010488
-1.327810 -0.719692
-1.052055 -1.422804
-1.129735 -2.323590
-1.551664 -0.929883
-0.742787 -0.469530
-0.843976 -0.386178
-0.752839 -1.577415
-0.580492 -1.715371
-1.171446 -2.319348
-0.481190 -0.834793
-1.042320 -0.649760
-0.679445 -1.669691
-0.789655 -0.592308
-1.521991 -2.286264
-0.861330 -1.468303
-1.096427 -1.637694
-1.358306 -1.040538
-0.758155 -1.634955
-0.288675 -0.523118
-0.907504 -0.705387
-1.371822 -0.843954
-1.235458 -2.032575
-0.482954 -1.425599
-0.779257 -1.343830
-0.905063 -0.486282
-0.942120 -0.745539
-1.021919 -1.815185
-1.215338 -2.119902
-1.203769 -2.245733
-0.899372 -1.464394
-0.845373 -0.188479
-0.770076 -2.020728
-1.190682 -1.412703
-1.263852 -2.229921
-0.867663 -0.365121
-1.385637 -1.748895
-1.044611 -0.642738
-1.161295 -1.564108
-1.369812 -1.911388
-1.401988 -1.709026
-1.082794 -1.043478
-0.823906 -0.616474
-1.288452 -2.001830
-1.269941 -1.640270
-1.070747 -2.628873
-1.041823 -1.354318
-1.043272 -0.481866
-1.127717 -2.747186
-0.642193 -1.462831
-0.778293 -1.440989
-1.003786 -2.013841
-0.676048 -1.423954
-0.525772 -1.168284
-0.450858 -0.267805
-1.241283 -0.912809
-0.459746 -0.595899
-1.196561 -2.346572
-0.870341 -0.909806
-1.465827 -1.593193
-1.105420 -1.625969
-1.391790 -2.654806
-1.279411 -0.529854
-1.388725 -2.062184
-0.712223 -0.226783
-0.605775 -1.715653
-1.313657 -1.522056
-1.041649 -1.326230
-1.006160 -0.336348
-0.683897 -1.842933
-1.010223 -0.412022
-1.007998 -1.519487
-1.305576 -2.490522
-1.290202 -0.647424
-1.268488 -1.221113
-1.329630 -0.960405
-0.905011 -1.747382
-0.379466 -0.595328
-0.432326 -0.473316
-0.818568 -2.124393
-0.699671 -1.943507
-1.412095 -0.599096
-1.558331 -1.614984
-0.551729 -0.540969
-1.462081 -2.286303
-0.913699 -1.552687
-1.160718 -1.613374
-1.544029 -2.250377
-0.731931 -0.711956
-1.362797 -1.207720
-1.038686 -0.507543
-1.557876 -1.014911
-1.301264 -2.635457
-0.716067 -0.615375
-1.260800 -0.652518
-0.766932 -0.322261
-0.585646 -1.336868
-1.225178 -0.434993
-1.254293 -0.965268
-1.220420 -0.893631
-1.159217 -0.778512
-1.269422 -1.544561
-1.098801 -1.122009
-1.092897 -2.221909
-0.887897 -0.046603
-0.962541 -1.649774
-0.948574 -0.087767
-0.838993 -1.030054
-0.424053 -0.818970
-0.807147 -1.912694
-1.445440 -1.769523
-0.662427 -1.196108
-0.483564 -0.672225
-1.477543 -2.426144
-0.569083 -0.855106
-1.366232 -1.132596
-0.715758 -0.654872
-0.606638 -0.984397
-0.640472 -1.722917
-0.766007 -1.730126
-0.587007 -1.418895
-0.842701 -1.680389
-0.768418 -1.348746
-1.362519 -2.691082
-0.833077 -0.254949
-0.952898 -2.174742
-1.361178 -1.835603
-1.204797 -1.306460
-0.898869 -2.056887
-1.029265 -0.947020
-0.510615 -1.681421
-1.299709 -1.314665
-0.896447 -1.254326
-0.592005 -1.640911
-0.667449 -0.214086
-1.274037 -1.781781
-1.026725 -0.634433
-0.437850 -1.151878
-0.470177 -0.248201
-1.368753 -1.557531
-0.792191 -0.670959
-0.774674 -1.668689
-0.608794 -1.585385
-0.626281 -1.848299
-1.024102 -0.957751
-0.916277 -1.918777
-1.241029 -2.495227
-1.204623 -0.636394
-0.929384 -1.544364
-1.626379 -1.464356
-1.459261 -1.328799
-1.065423 -1.338271
-0.685279 -0.860172
-0.735483 -1.574646
-0.921021 -0.957457
-1.027547 -2.087854
-0.346112 -0.763086
-1.427830 -1.456030
-0.879048 -1.743363
-1.196161 -1.197794
-1.473749 -1.430313
-0.687767 -0.583359
-0.695658 -0.451160
-1.381546 -2.077381
-0.654049 -0.887250
-0.828014 -0.897382
-0.921046 -1.722872
-1.045433 -0.042844
-1.154412 -1.952652
-1.011616 -0.092055
-0.878430 -1.931407
-1.390222 -1.234833
-0.446362 -1.262420
-0.643718 -1.278613
-1.344765 -1.419917
-1.184585 -0.930514
-0.979985 -1.086014
-1.004943 -0.362003
-0.725761 -1.184858
-0.576357 -0.919407
-0.860472 -1.097461
-1.329726 -2.402617
-0.891797 -1.896272
-0.887634 -2.180961
-0.914568 -1.337511
-0.682009 -1.121254
-0.783482 -0.420161
-0.877799 -1.573661
-1.199932 -0.657697
-1.352026 -1.811398
-1.489445 -1.847842
-1.185577 -0.430449
-1.174206 -1.579857
-1.296664 -2.524375
-0.727561 -1.606229
-0.701398 -1.593207
-0.596730 -0.160111
-1.087870 -0.325941
-0.563917 -1.527753
-1.261336 -0.494103
-0.573044 -0.593720
-1.328298 -2.252762
-1.024200 -2.090716
-1.043753 -0.793319
-1.010858 -1.800584
-1.116455 -1.845180
-1.554318 -1.181412
-1.117804 -0.401603
-1.648862 -1.667928
-0.455350 -0.319089
-1.577305 -1.633263
-0.303068 -0.772203
-1.179217 -2.083842
-1.117738 -1.486204
-1.200315 -1.327037
-0.896302 -1.204721
-1.582496 -0.782898
-1.287353 -1.640255
-1.453872 -1.181859
-1.153614 -1.295891
-0.719265 -1.439218
-1.006518 -2.171797
-0.883078 -0.164503
-1.274055 -1.757272
-1.312357 -1.579579
-0.772356 -0.283362
-0.419751 -0.386258
-0.801591 -1.717050
-0.822146 -0.109237
-1.105171 -0.507944
-1.324894 -2.641582
-1.708429 -1.777593
-1.274046 -1.233982
-0.933651 -0.497278
-0.805027 -1.153423
-0.937408 -1.915415
-0.382310 -1.060310
-1.410519 -2.106898
-1.312375 -1.817699
-1.018635 -2.021899
-0.547881 -0.752756
-0.675842 -1.758255
-1.325818 -2.579575
-1.169693 -0.996014
-1.215537 -2.492132
-0.914077 -1.910376
-1.382109 -1.832356
-1.435862 -0.820896
-0.540941 -0.689499
-1.363907 -2.510817
-1.108618 -2.491870
-0.789494 -0.399723
-0.526178 -0.795166
-1.008664 -0.594678
-0.402460 -0.900346
-1.033177 -0.341531
-0.875900 -0.321417
-0.990841 -2.410125
-1.087555 -0.528767
-0.720716 -0.396662
-1.543739 -2.126370
-1.020807 -1.229457
-1.414079 -0.686352
-1.500125 -1.665113
-1.130893 -2.298655
-0.924804 -0.202312
-1.074051 -0.203511
-0.783493 -2.112699
-1.488534 -0.603914
-1.517601 -2.243819
-1.121040 -0.659637
-0.620630 -1.445245
-1.035521 -1.990283
-0.801889 -2.070600
-0.805878 -1.277308
-0.856073 -0.336568
-0.633859 -0.177407
-1.192729 -0.638520
-1.243382 -0.883358
-0.415904 -1.189554
-1.067660 -0.284735
-0.386847 -0.838667
-1.164783 -1.129614
-1.016998 -1.025434
-1.135359 -2.667907
-0.758264 -0.205767
-1.445763 -0.714038
-1.078655 -1.902921
-0.534973 -0.234321
-0.747841 -0.894825
-0.404895 -1.252228
-0.890073 -1.894490
-1.622559 -2.395998
-0.863391 -1.652851
-0.885425 -0.822698
-0.606862 -0.508653
-1.033712 -0.850209
-0.913964 -0.929025
-1.428192 -1.600925
-1.254536 -0.959718
-1.156473 -1.055666
-0.742128 -1.018768
-1.381132 -2.597381
-0.791646 -1.140785
-0.313422 -0.574510
-0.383479 -1.164603
-0.812049 -0.922464
-1.323924 -0.952842
-1.072962 -0.327332
-1.404573 -1.981470
-1.290095 -2.634507
-1.161729 -1.403284
-0.913842 -0.927592
-0.982535 -1.257263
-1.382758 -2.375109
-1.542327 -1.884789
-1.040044 -1.069958
-0.936653 -1.301295
-1.306507 -1.816039
-0.642958 -1.543930
-0.931886 -0.561800
-0.716633 -1.690857
-0.751789 -0.605788
-0.912773 -1.841534
-1.250078 -0.715099
-0.999531 -0.053099
-0.601365 -1.642983
-0.515925 -1.515453
-0.972963 -1.831857
-0.739256 -0.343164
-1.247613 -2.136316
-1.724883 -1.955756
-0.841909 -0.514789
-0.895186 -0.648350
-1.100690 -0.497775
-0.726673 -0.779507
-1.330005 -2.409497
-0.843445 -0.154825
-1.503532 -2.103963
-1.557671 -1.880478
-1.684069 -1.348914
-1.100550 -1.914975
-1.067448 -0.821760
-0.579373 -1.490615
-0.846651 -1.744081
-1.275554 -0.956544
-0.871356 -1.377192
-0.725165 -0.719808
-0.831937 -0.718281
-0.519351 -1.465382
-1.547860 -1.974898
-0.648474 -0.580718
-0.594884 -0.112526
-0.840345 -1.992852
-0.679762 -0.187758
-0.961311 -0.574815
-0.747863 -2.059075
-1.031338 -0.156317
-0.971538 -0.706846
-1.343979 -0.971839
-0.822840 -1.575100
-1.120676 -1.528440
-1.640104 -2.468411
-0.747201 -0.574773
-1.138923 -1.819257
-0.963202 -0.460554
-1.653616 -1.945623
-1.410108 -2.232565
-1.557722 -1.644415
-1.525910 -1.199741
-1.231941 -0.834402
-0.875623 -0.212832
-1.256490 -1.630496
-0.736252 -0.909810
-0.821962 -0.298475
-0.665747 -1.080077
-0.862895 -1.848762
-1.094194 -1.648777
-1.301551 -2.247775
-1.190484 -1.269021
-0.767117 -0.639845
-1.300571 -0.797082
-1.287516 -0.868469
-1.192146 -2.184237
-0.920703 -0.543288
-0.734441 -1.106656
-1.121978 -0.665155
-1.134236 -0.302256
-1.434957 -0.623367
-1.003871 -1.565077
-1.458974 -1.214583
-1.119236 -1.812942
-1.139324 -0.400100
-0.817391 -1.898589
-1.166579 -0.349166
-1.286627 -1.537500
-0.933520 -0.528395
-0.476354 -1.112358
-0.680573 -0.810493
-1.262618 -0.836938
-0.491935 -0.241852
-0.608360 -1.066321
-1.183947 -1.030861
-1.332216 -1.476977
-1.518753 -0.967842
-0.937961 -0.309304
-0.723113 -0.920127
-0.723091 -1.138068
-1.117624 -2.058153
-1.387638 -0.657457
-0.678227 -1.506445
-0.692002 -1.753014
-0.975587 -0.258671
-1.286031 -1.288997
-0.882297 -0.313883
-0.488863 -0.560394
-0.895732 -1.681005
-0.676622 -1.928280
-0.800713 -1.680558
-1.518094 -2.431838
-1.035449 -1.946736
-1.357541 -1.183353
-1.100760 -1.715714
-0.647211 -1.774760
-1.174132 -0.655994
-0.632330 -0.617947
-1.770844 -2.440872
-0.594097 -1.376103
-0.982716 -0.263213
-0.807499 -1.875315
-0.722388 -1.575035
-1.349926 -2.619173
-0.844183 -0.769992
-1.241292 -2.311303
-1.331524 -0.272994
-1.220538 -2.179593
-0.697967 -1.423247
-1.417673 -2.640857
-0.888953 -1.755792
-1.422978 -0.668337
-1.253383 -2.139817
-1.387898 -1.688531
-1.069726 -1.865954
-0.988235 -2.142006
-0.981844 -0.404014
-0.670332 -0.084045
-1.188575 -1.000865
-1.548559 -1.347847
-0.849093 -1.286938
-0.783735 -0.170056
-1.182651 -1.599784
-0.640730 -0.608344
-1.119006 -1.012396
-1.618095 -1.992420
-1.173870 -1.601006
-0.993093 -1.659013
-0.689954 -1.039498
-1.334026 -0.557855
-1.049518 -1.124920
-1.406109 -2.448550
-1.002881 -0.890291
-1.243147 -1.446894
-0.818147 -1.319448
-1.545632 -0.873425
-0.577975 -0.411546
-1.007121 -0.934900
-1.270710 -1.044938
-1.295502 -1.940536
-1.419502 -0.778152
-0.636760 -1.428154
-0.819454 -0.098695
-0.384914 -0.403057
-0.909483 -0.933062
-1.403214 -1.614589
-1.130617 -1.426047
-1.489134 -2.019750
-0.330427 -1.107029
-1.303756 -0.741875
-0.923357 -2.038576
-0.866057 -1.294592
-0.494426 -1.094358
-0.740177 -1.031282
-1.111360 -2.076922
-1.136937 -1.889285
-1.398451 -1.392136
-0.891979 -1.183847
-1.315643 -1.790769
-0.715329 -0.548931
-1.165097 -0.067060
-0.638977 -1.244427
-0.415448 -1.280153
-1.154529 -1.727086
-1.233873 -0.801196
-0.722321 -0.669104
-1.489330 -1.111362
-0.939100 -0.675423
-1.446967 -1.943312
-0.925271 0.012692
-1.622285 -1.044371
-0.549353 -0.931700
-1.205923 -1.675359
-1.583598 -2.114915
-1.042155 -0.751579
-1.377297 -1.818690
-1.303387 -2.231994
-1.001742 -2.586446
-0.953573 -0.854610
-0.954990 -0.642051
-1.267677 -0.969880
-0.959134 -0.593893
-1.091812 -0.681227
-1.079080 -0.182260
-1.403219 -1.467587
-1.152042 -2.274346
-0.458239 -1.668244
-1.476768 -1.770876
-1.270468 -1.356752
-1.465897 -2.400382
-0.988951 -1.538469
-1.063785 -0.180048
-0.795942 -0.710112
-0.932199 -0.283279
-0.775129 -0.263874
-0.919720 -0.530467
-1.058024 -0.176831
-0.935937 -1.687814
-1.121862 -1.564789
-1.239738 -0.654692
-1.027538 -2.292398
-0.647162 -0.725739
-0.552318 -0.571306
-0.847326 -0.071885
-1.020682 -2.396958
-1.223224 -1.920091
-0.980451 -0.366278
-0.762819 -0.581975
-0.588481 -0.744337
-0.670667 -0.428253
-1.225150 -0.644006
-1.132981 -1.315620
-0.909953 -0.409468
-1.497633 -1.614443
-0.631429 -1.748527
-0.910183 -1.342461
-1.350960 -2.063982
-0.829925 -0.260207
-1.210168 -2.343152
-0.817789 -0.104514
-1.128021 -0.645010
-1.338788 -1.861519
-1.169673 -2.515677
-0.819260 -1.218042
-1.076452 -1.764600
-0.932402 -0.885402
-0.739266 -0.845526
-1.274840 -2.597576
-1.394473 -1.273679
-0.528385 -0.184183
-0.487323 -0.528302
-0.983605 -1.742132
-0.875661 -0.744140
-1.340016 -1.703634
-0.930669 -0.911157
-1.123931 -1.615087
-0.490086 -0.939078
-1.234975 -0.479674
-0.751884 -0.870797
-1.012707 -2.483354
-0.646544 -0.234406
-1.015425 -0.426309
-0.894525 -0.079471
-0.565059 -0.867095
-0.614334 -1.586209
-1.347043 -1.471891
-0.552927 -1.056241
-0.709909 -0.732940
-0.926746 -2.091122
-0.494222 -0.320946
-1.087352 -0.478082
-1.109756 -1.442556
-1.425598 -2.261984
-1.020942 -2.340755
-0.829388 -1.674432
-0.601237 -0.267203
-1.483917 -1.011159
-1.026857 -2.314251
-0.476175 -1.154705
-0.857567 -1.064387
-0.537540 -0.474658
-0.673021 -0.274737
-1.341600 -1.404454
-1.497795 -1.856262
-0.862202 -1.529475
-1.662966 -2.434009
-1.044973 -1.881565
-1.467080 -1.032117
-0.541223 -1.616906
-0.579977 -0.307111
-0.654903 -0.072722
-0.478910 -0.607334
-0.855304 -0.588534
-1.481774 -2.403390
-1.117744 -0.641459
-0.735245 -1.181566
-0.717434 -1.974445
-0.766636 -0.502875
-1.128491 -1.517625
-0.652358 -0.862724
-1.412969 -1.064542
-1.138638 -0.276453
-1.063497 -0.461009
-0.694141 -0.983858
-1.299439 -2.092410
-0.807300 -1.219836
-0.902504 -1.700356
-0.637475 -1.168270
-1.266943 -0.369441
-1.509848 -1.970912
-1.536794 -1.160988
-1.218242 -0.444361
-0.741892 -1.384940
-0.840361 -0.367870
-1.089895 -0.646115
-1.046610 -1.374059
-0.887888 -1.134518
-0.498910 -1.120734
-1.247927 -0.933503
-1.454337 -2.423726
-0.704669 -0.857875
-1.596600 -1.370690
-1.105173 -1.223883
-1.050267 -1.969442
-0.979026 -2.015737
-1.414667 -1.440617
-1.024882 -0.514169
-1.085767 -2.315301
-1.006331 -0.613097
-1.437794 -1.727867
-0.977235 -1.466979
-0.661385 -0.614830
-1.012412 -1.308915
-1.208643 -1.549942
-0.726784 -1.722875
-1.384634 -0.717210
-1.076564 -0.752229
-0.697327 -2.107010
-1.212760 -2.582546
-1.538943 -2.415244
-1.353847 -1.654256
-0.841793 -2.018018
-0.845340 -0.383813
-1.144180 -0.340825
-1.374493 -2.437427
-0.906089 -1.743321
-1.531011 -1.694584
-1.178361 -0.310707
-1.333816 -1.039017
-1.548882 -1.772127
-0.442250 -1.185489
-1.082349 -2.452684
-0.447862 -0.805162
-0.764933 -0.246298
-1.035508 -0.943684
-0.896992 -1.163711
-1.540865 -2.427583
-1.475393 -0.791772
-1.382043 -1.067205
-0.590723 -1.672576
-1.388423 -2.322558
-1.711927 -2.104269
-1.053218 -1.180268
-1.323767 -1.171977
-0.639991 -0.437950
-0.351583 -0.674229
-0.579013 -0.930769
-0.702708 -1.436039
-1.460301 -1.477379
-0.759570 -1.888805
-1.386111 -1.201201
-1.373252 -2.744709
-0.491253 -0.504205
-1.515174 -2.637199
-1.440272 -2.020204
-0.643560 -0.692247
-0.774608 -1.893294
-0.744806 -0.431461
-0.776860 -0.588770
-0.753190 -0.525458
-1.136648 -2.531229
-0.553842 -0.238148
-0.526283 -0.492451
-0.845755 -1.392326
-0.672163 -0.816785
-1.311022 -2.541149
-0.613687 -1.512140
-1.344585 -2.315029
-0.658703 -1.353556
-1.193983 -1.183301
-1.211608 -0.317943
-1.008707 -1.512314
-1.174570 -0.606716
-0.901839 -1.116112
-0.737221 -0.324196
-1.161375 -2.302457
-1.303163 -1.365782
-0.687552 -0.943528
-0.727138 -0.418617
-1.046193 -0.482549
-1.496436 -1.633311
-0.695627 -1.221135
-1.660751 -1.606371
-0.601909 -0.338268
-0.699479 -1.585467
-1.275840 -1.927247
-1.146065 -0.329358
-0.891684 -2.002285
-1.460523 -1.777677
-0.572415 -1.123209
-1.358420 -1.784060
-1.490789 -1.301593
-0.977205 -2.065490
-1.006653 -1.025585
-1.357990 -2.290455
-1.213166 -2.718662
-1.026243 -1.637142
-1.096415 -0.389550
-0.997791 -2.495774
-1.234454 -1.498124
-1.163515 -0.507428
-1.132451 -1.624710
-0.716571 -1.045498
-0.746164 -2.105140
-0.914617 -0.191982
-0.940848 -1.694850
-0.552025 -1.263105
-1.354558 -1.052396
-1.368147 -1.849723
-1.243551 -0.589600
-0.976282 -1.117423
-1.346359 -1.078308
-1.307127 -0.867943
-1.322457 -0.903178
-1.103913 -0.861109
-0.907442 -0.874953
-0.802948 -0.127952
-1.043560 -1.351938
-0.490910 -0.375663
-0.963896 -1.120131
-1.445940 -2.431442
-0.752966 -1.473455
-0.694393 -1.419278
-0.809322 -1.845721
-1.234593 -2.253958
-0.869625 -0.381146
-0.993643 -0.358519
-1.350361 -0.364894
-0.958432 -0.173694
-0.928614 -2.181159
-0.639716 -1.787325
-1.413121 -2.465313
-1.404421 -1.552274
-1.230144 -0.450940
-0.408594 -1.110855
-0.981478 -1.153611
-1.432388 -1.292091
-1.650194 -2.572856
-0.768586 -1.988707
-0.484943 -0.699019
-1.078469 -0.098684
-0.596898 -1.738245
-1.314002 -1.747162
-1.116483 -1.624283
-1.029973 -0.944494
-0.678149 -0.432483
-0.979756 -2.543732
-0.935495 -0.429249
-0.840545 -0.453325
-1.059014 -0.436475
-1.331576 -1.362248
-1.144440 -2.518449
-1.243944 -0.586860
-1.085635 -2.022176
-1.215644 -1.076063
-1.268653 -1.287895
-0.751813 -0.820125
-0.622271 -0.888588
-1.091888 -0.376974
-1.109430 -0.077337
-0.903345 -1.910791
-1.673951 -2.008158
-1.392379 -1.570413
-0.851887 -1.390779
-0.494007 -0.887056
-1.209229 -1.009550
-1.190956 -1.045030
-0.835870 -1.747468
-0.687609 -1.050474
-1.026536 -0.993033
-1.007619 -1.454661
-1.246176 -2.521595
-0.670777 -1.640212
-1.309057 -2.028858
-0.612082 -0.746224
-1.548826 -1.964998
-1.404196 -2.477421
-0.840123 -1.113201
-1.333194 -1.343303
-0.658784 -1.677182
-1.266666 -1.700705
-1.144061 -0.497326
-1.005226 -1.938266
-1.369390 -0.720245
-0.975723 -1.664755
-1.089381 -2.440278
-1.210977 -1.357948
-1.112059 -0.487328
-1.268493 -0.760910
-0.938915 -1.151192
-0.702201 -1.836008
-1.063372 -0.417206
-0.336848 -0.592690
-1.037325 -0.359959
-1.328130 -0.560227
-1.260763 -2.138438
-0.729859 -1.647094
-1.140711 -0.587773
-1.032458 -0.243464
-1.377429 -1.023440
-1.188373 -0.982333
-1.238456 -2.279835
-0.779043 -1.740692
-1.248344 -1.367721
-1.064031 -1.692078
-0.703433 -1.661066
-1.324425 -2.401944
-1.381179 -0.648396
-0.823673 -1.562265
-1.193005 -2.341883
-1.031117 -0.608783
-0.664464 -0.264355
-0.889875 -2.188979
-0.680292 -0.715767
-1.466878 -2.353126
-1.377667 -2.443630
-0.863223 -0.771182
-1.245403 -0.611191
-1.106938 -0.708383
-1.031746 -1.965693
-0.753301 -0.674137
-1.136795 -1.605041
-1.290857 -2.855449
-0.851045 -1.146460
-1.147016 -1.613374
-0.804365 -1.213042
-0.787399 -0.548820
-1.466557 -1.868292
-1.524854 -2.584479
-1.396839 -0.949140
-1.309024 -1.621408
-1.254139 -2.018099
-0.978924 -1.638633
-1.154621 -1.118642
-0.538528 -1.079113
-0.501701 -0.572813
-1.420856 -1.236746
-0.923932 -1.486240
-0.810873 -2.006998
-1.032554 -1.513748
-1.309486 -1.335098
-0.994348 -0.512123
-1.363256 -2.459455
-1.601979 -2.395943
-1.216318 -0.534122
-0.947882 -1.778693
-0.828319 -1.573277
-0.894377 -0.903863
-0.391820 -1.048624
-0.832622 -2.119553
-0.912944 -1.449197
-1.284065 -2.049110
-1.199046 -0.397860
-1.109576 -1.100722
-0.624844 -0.607192
-1.196604 -1.993711
-0.857620 -1.838039
-0.669911 -0.805086
-1.106937 -0.129812
-1.349630 -2.815681
-1.269476 -2.235749
-0.866273 -1.200380
-1.176860 -2.202803
-0.669369 -1.105672
-1.464250 -1.388907
-0.881645 -1.172051
-1.472207 -2.420874
-1.344940 -0.888785
-1.226636 -1.487550
-1.339877 -1.727679
-0.810860 -0.552199
-1.016518 -0.117894
-1.159181 -0.395551
-0.501115 -1.018564
-0.871186 -0.172528
-1.401100 -1.886852
-0.588610 -1.094943
0.962808 0.797551
-0.813164 -0.035190
-0.565121 -0.197677
-1.277860 -2.282205
-0.858953 -1.209968
-1.461925 -1.226981
-0.687668 -0.627191
-0.686260 -0.272664
-1.276595 -1.508415
-0.837957 -0.434527
-0.892810 -1.414880
-0.883328 -0.082756
-0.634398 -1.585737
-1.132752 -2.449264
-1.512594 -0.996753
-1.406574 -1.725249
-0.706117 -1.141568
-1.315076 -0.551016
-0.396325 -1.175594
-0.940164 -0.254130
-1.340889 -2.378949
-1.122878 -2.548470
-0.989322 -1.691410
-1.167503 -0.281034
-0.808635 -0.590043
-0.771373 -0.549795
-1.288490 -0.710334
-0.822054 -2.151057
-1.116796 -2.403385
-0.564332 -1.199789
-0.511585 -0.759351
-1.231999 -2.506504
-0.791523 -0.272938
-0.682178 -0.514470
-0.329675 -0.567388
-1.527392 -1.192193
-0.394352 -1.502151
-0.762584 -1.720895
-0.439013 -0.265025
-0.745674 -0.211624
-1.009477 -2.050643
-1.003986 -1.242256
-0.964907 -1.310104
-0.653810 -0.612163
-1.176538 -0.969166
-0.951680 -1.662577
-0.430970 -0.500936
-1.088655 -0.258682
-1.357199 -2.291606
-1.064770 -0.244604
-0.968096 -1.354793
-1.341886 -1.010984
-0.716919 -0.426013
-0.693363 -1.811319
-1.179476 -1.406931
-0.508233 -0.831376
-1.083764 -0.196126
-0.865839 -1.549062
-0.520563 -0.191129
-1.328481 -1.479861
-1.222260 -0.571508
-0.768642 -0.689331
-0.473755 -0.648409
-0.674649 -1.357629
-1.260182 -1.851451
-0.455744 -0.622042
-1.705743 -2.013853
-0.790779 -0.202837
-0.706819 -0.416683
-1.404898 -0.653125
-1.204115 -2.068523
-1.288422 -2.245709
-0.465496 -1.174506
-0.434803 -0.639309
-0.838247 -1.633962
-0.583924 -1.137834
-1.230096 -0.635817
-0.760691 -0.217493
-0.712737 -0.457865
-0.556700 -1.364541
-1.376065 -2.549258
-0.995311 -0.243090
-0.810946 -2.321803
-1.061442 -1.509022
-1.415503 -1.418463
-1.230495 -0.985542
-1.071104 -1.532748
-1.257269 -0.685302
-1.582827 -1.869464
-1.119167 -2.601580
-0.327384 -1.002886
-1.261296 -1.434667
-1.033430 -1.900986
-1.395246 -2.572352
-1.147111 -0.729973
-0.727592 -0.371701
-0.997627 -1.807902
-0.927875 -1.705821
-0.560505 -0.716717
-1.276186 -2.555478
-0.567513 -1.773830
-1.015307 -1.964036
-0.472821 -0.256768
-0.803920 -2.039711
-0.959630 -1.204946
-1.497413 -1.697814
-0.507639 -0.631839
-1.226089 -0.355129
-1.063516 -0.316945
-0.782586 -0.798948
-1.197794 -1.593669
-0.971187 -1.053969
-0.767144 -0.431079
-0.935182 -1.780646
-0.839595 -2.119565
-0.601502 -1.432227
-1.010784 -2.054509
-0.789292 -1.523314
-0.710687 -0.226599
-0.876331 -1.237851
-0.683696 -1.843745
-1.310186 -2.180993
-0.490719 -0.940541
-1.161906 -1.209946
-1.081682 -2.374246
-1.376817 -0.930691
-1.078462 -0.167470
-0.975415 -0.301694
-1.068220 -0.200123
-0.978213 -1.131939
-1.398079 -1.813268
-1.636584 -1.645996
-1.089632 -1.384741
-0.496530 -1.344092
-1.406864 -1.260108
-0.655693 -1.486726
-1.297552 -0.899819
-0.753056 -0.021741
-0.835029 -0.708830
-1.045293 -0.627601
-0.871694 -1.721127
-1.032703 -2.503249
-1.292430 -0.941002
-1.247565 -2.420882
-1.255555 -2.256978
-1.219546 -2.028455
-0.863804 -1.125574
-0.983935 -0.268955
-1.395338 -1.858926
-0.977807 -2.366650
-1.087916 -2.265802
-1.225429 -2.340148
-1.126917 -0.385103
-1.274660 -1.102847
-0.732235 -0.955598
-0.760687 -1.874990
-0.964837 -2.205173
-1.277095 -1.381830
-1.237266 -1.876916
-0.797369 -2.150584
-1.017351 -1.144081
-0.677409 -1.593569
-0.771082 -1.778115
-1.012503 -0.266107
-1.502181 -2.022299
-1.258719 -0.495833
-1.063348 -0.659788
-1.205776 -1.214610
-1.038154 -0.173531
-1.450582 -1.238842
-0.981384 -1.863183
-1.177373 -2.217221
-0.424897 -0.300866
-1.728676 -1.589395
-0.722488 -0.171819
-0.706259 -1.970249
-0.980737 -0.347220
-1.340558 -2.293977
-0.837792 -1.074361
-1.189021 -0.786107
-1.152806 -2.060596
-1.369421 -1.685217
-1.136955 -0.941826
-0.538171 -0.514170
-0.748216 -1.858511
-0.606935 -1.030497
-1.146097 -2.386963
-0.640972 -0.335290
-0.485753 -0.779052
-1.185610 -2.221582
-1.263673 -2.275133
-0.568180 -0.670443
-0.640291 -0.469824
-0.884926 -1.172895
-1.511245 -1.568190
-1.291708 -1.683689
-0.799449 -1.239380
-1.415240 -1.234682
-1.182910 -1.032472
-0.467601 -1.061683
-0.888030 -1.716092
-0.763497 -1.814121
-0.886436 -2.202570
-0.894265 -1.170250
-0.854586 -0.217131
-0.498153 -0.964669
-0.558880 -0.742069
-0.870752 -0.942561
-0.492669 -0.569664
-1.324023 -2.027749
-1.264388 -1.188042
-0.817970 -1.072659
-0.631640 -1.609191
-1.180459 -2.357523
-1.437864 -1.241220
-0.752538 -1.919244
-1.444095 -2.308140
-1.418989 -1.423310
-1.202013 -1.270859
-1.511275 -2.592121
-1.323079 -2.526139
-0.965353 -1.358188
-1.094468 -1.915589
-1.636532 -2.021615
-1.229316 -1.393964
-1.175951 -2.288797
-1.241940 -0.486465
-1.571213 -2.117572
-1.365598 -2.688905
-0.556501 -0.405765
-1.160452 -0.164633
-0.750857 -0.447689
-0.681819 -1.828457
-1.263499 -0.585742
-1.120089 -1.660988
-1.041349 -2.061976
-0.500217 -1.179729
-1.232342 -2.043092
-1.457658 -1.915971
-0.821996 -0.316011
-1.447190 -2.368421
-0.865919 -1.516403
-0.944462 -1.388350
-0.463363 -1.274719
-0.692980 -0.413200
-1.381811 -2.231868
-0.836625 -0.050443
-0.943707 -0.258302
-0.620899 -0.356695
-1.005084 -1.519247
-0.672995 -1.779522
-1.199214 -2.012948
-1.059372 -0.171248
-1.119304 -1.029806
-0.679698 -1.468544
-0.853478 -0.486704
-0.615612 -1.470012
-1.235372 -0.545553
-0.440973 -0.526601
-1.067606 -0.640338
-1.479409 -1.921892
-0.887183 -0.091178
-0.649017 -1.111098
-1.596587 -2.036139
-0.684996 -1.068144
-1.535893 -1.301441
-1.053554 -0.747653
-0.402634 -0.551815
-1.324259 -1.094466
-1.551468 -2.306158
-1.360466 -0.717048
-1.016829 -1.287848
-0.438105 -0.599073
-0.406471 -0.819791
-1.147701 -2.213585
-0.545581 -0.576455
-0.875562 -1.074480
-0.490116 -0.600370
-1.245744 -2.495594
-0.701881 -0.322822
-0.809819 -0.191337
-0.630441 -0.356022
-0.726388 -0.525756
-0.747018 -1.651121
-1.349959 -1.564102
-1.011899 -1.377624
-0.829712 -1.217092
-0.743675 -1.633320
-0.940618 -1.676928
-1.571972 -2.694818
-0.941569 -0.236763
-0.762580 -1.234021
-0.820610 -0.136055
-1.445091 -2.399800
-0.380638 -0.825300
-1.006358 -2.195957
-1.232060 -2.523265
-1.302671 -1.882123
-0.768704 -0.509187
-1.061460 -2.102653
-1.173645 -2.271664
-1.130527 -0.659449
-0.908751 -0.635814
-1.054537 -1.642066
-0.997558 -0.248563
-1.186777 -1.588304
-1.364218 -2.185674
-1.332375 -0.933394
-1.311541 -2.639313
-0.708391 -1.268353
-0.914639 -0.493247
-0.684907 -0.629270
-1.292468 -2.607290
-1.412696 -0.810008
-1.160888 -1.311852
-1.048479 -2.076095
-1.349829 -2.231315
-0.834547 -0.304829
-1.136862 -1.471267
-1.233940 -2.294734
-1.073154 -0.696956
-1.453362 -1.877641
-1.225993 -1.464192
-1.222041 -2.242550
-1.310670 -1.950785
-0.659298 -1.312155
-0.755525 -0.807055
-0.600060 -1.339414
-1.397015 -1.056078
-1.220177 -1.949336
-0.578565 -1.258346
-1.287684 -0.435394
-1.164586 -0.339366
-1.024548 -0.951270
-1.182890 -0.583023
-0.892946 -2.014333
-1.223155 -2.617803
-0.926296 -0.229845
-1.039326 -1.689830
-0.976133 -0.766679
-0.521246 -1.148680
-0.540560 -1.547342
-0.754755 -1.295185
-0.868070 -1.639085
-1.580092 -2.465531
-1.404830 -1.584006
-0.609438 -0.156088
-1.458114 -1.123037
-0.812252 -1.413008
-0.635957 -1.237447
-0.538039 -0.927886
-1.357616 -2.469512
-0.640495 -0.673686
-0.935402 -1.335431
-1.573051 -1.979751
-0.658609 -1.073375
-1.279615 -0.472323
-0.931024 -1.639015
-1.468315 -1.681231
-1.163442 -1.286950
-1.070914 -0.813407
-0.762184 -0.728727
-0.639366 -0.108250
-1.461844 -2.663283
-1.699490 -1.943399
-0.387296 -0.957947
-0.666665 -0.224580
-0.974073 -0.228244
-1.028613 -1.256530
-0.712855 -1.645521
-1.052747 -0.632893
-0.533037 -0.710206
-1.119855 -1.074606
-1.307856 -1.009749
-1.453508 -2.126950
-1.212922 -2.276250
-1.207947 -0.479863
-0.698206 -1.206923
-0.847987 -1.256203
-1.210546 -0.565404
-1.007062 -0.916364
-1.176813 -2.594969
-1.094285 -2.244853
-1.308356 -2.878304
-1.497798 -1.547658
-1.275110 -1.763646
-0.922828 -1.478474
-0.795242 -1.372407
-1.181080 -2.595696
-0.513844 -0.694153
-1.053266 -2.551037
-0.859013 -1.500170
-0.454956 -1.255374
-1.414060 -2.074755
-0.989582 -1.685754
-0.706938 -1.822635
-0.471286 -0.558948
-1.423467 -1.600391
-0.724583 -0.533545
-1.120691 -0.484393
-0.564510 -1.150091
-1.020135 -0.821656
-0.753712 -1.295886
-1.227681 -1.466394
-0.415907 -1.296196
-1.352013 -0.860748
-0.957391 -2.127640
-1.532671 -1.692221
-1.102736 -1.266310
-1.055517 -2.186916
-0.610355 -0.568290
-0.531870 -1.645994
-0.686974 -0.602781
-0.572602 -1.077452
-0.601099 -0.680061
-1.357774 -2.594637
-0.818702 -0.952455
-1.039696 -0.972463
-0.620408 -1.460482
-0.629766 -0.842988
-1.554983 -2.150281
-0.961471 -1.636591
-1.532158 -2.699010
-0.555115 -0.702874
-0.498075 -1.092579
-1.106996 -0.733583
-0.886217 -1.017071
-0.748041 -1.043700
-1.189713 -1.086694
-0.573394 -0.740034
-0.372423 -0.800511
-0.872140 -2.189483
-0.445708 -0.400909
-0.837099 -0.939749
-1.140269 -1.639330
-0.577687 -1.142243
-1.259297 -0.635652
-1.310627 -1.226504
-1.195775 -0.429262
-1.041421 -0.344913
-0.480733 -0.700444
-1.071907 -0.315826
-1.175492 -2.269507
-1.008481 -0.419103
-1.309600 -2.245193
-0.388939 -0.740833
-0.645412 -1.550448
-0.639687 -0.360564
-1.011554 -0.261338
-1.128417 -2.090958
-1.084273 -0.752281
-0.558156 -1.196913
-1.416914 -1.885463
-0.459721 -1.125843
-0.468436 -0.814233
-1.226042 -0.537490
-0.412889 -0.812780
-1.475720 -1.901299
-0.733882 -1.910341
-0.906947 -1.063887
-0.870785 -0.394006
-0.505355 -0.636076
-0.625544 -0.480537
-1.325563 -1.208546
-0.408015 -0.860604
-0.998832 -1.994522
-1.050868 -2.504409
-0.506490 -0.386579
-1.110848 -1.568998
-1.436328 -1.430425
-0.905045 -1.382460
-0.549028 -0.343776
-0.973741 -2.232722
-1.561612 -1.581693
-1.366507 -2.212116
-0.788015 -1.825294
-1.352872 -1.642241
-0.746841 -0.446384
-0.873836 -2.067621
-0.990167 -1.802683
-1.274160 -0.396552
-1.017264 -1.755803
-1.399239 -1.631566
-1.023340 -1.939167
-0.870967 -1.432440
-0.955332 -1.091991
-1.216108 -1.165580
-1.515585 -2.361254
-1.014663 -2.392339
-1.182346 -0.326190
-1.482504 -1.389384
-0.982126 -1.082710
-0.401113 -1.082349
-1.328499 -1.322820
-1.521111 -0.871808
-1.081524 -1.533567
-1.010915 -1.850780
-0.428224 -0.372123
-0.473578 -1.023289
-1.243686 -0.730041
-1.311390 -0.509570
-1.376083 -2.503822
-0.808943 -0.272381
-1.196447 -1.792337
-1.128597 -1.566397
-1.299613 -0.640619
-1.100689 -0.606821
-0.841692 -1.877145
-0.887294 -2.316242
-0.375635 -0.715141
-0.941362 -0.175998
-0.832018 -1.561308
-0.921631 -0.901221
-0.905273 -0.049611
-1.200047 -1.840262
-1.094682 -0.283481
-0.662787 -0.644601
-0.991818 -1.541066
-0.887410 -2.270888
-1.203368 -2.350576
-0.642621 -1.658913
-1.316064 -2.206561
-1.324641 -1.267690
-0.988266 -0.265469
-1.068910 -0.524163
-1.428575 -0.973030
-1.145084 -2.603593
-1.000145 -1.712261
-1.019559 -2.090427
-0.603398 -1.109945
-1.076074 -0.632321
-1.247278 -1.207996
-1.055041 -1.271300
-1.011384 -0.409172
-0.729602 -0.566979
-0.848625 -0.108092
-1.062025 -0.127172
-0.532432 -0.894695
-1.258089 -2.511631
-1.449180 -1.441565
-0.797816 -1.121094
-1.363667 -0.704003
-1.595688 -1.316926
-1.090827 -1.939945
-0.566221 -0.679351
-0.784670 -1.351686
-0.438321 -0.781993
-1.307456 -1.701726
-1.190483 -1.356275
-1.135340 -0.257663
-0.989081 -0.577913
-0.344591 -0.763566
-1.177528 -1.033732
-0.719675 -0.300297
-0.758156 -1.336358
-1.146264 -0.532625
-1.203804 -0.648611
-1.320856 -0.662940
-1.111076 -0.382001
-1.354835 -1.483361
-1.113171 -1.140253
-1.052325 -0.149663
-0.520876 -0.311135
-0.724776 -1.666948
-1.318434 -2.682417
-0.960125 -2.201383
-0.828820 -0.852387
-0.809527 -1.078832
-1.374472 -1.971367
-1.243006 -0.623268
-0.760051 -0.583897
-0.795279 -1.360927
-1.327704 -2.486994
-0.514542 -1.531645
-1.133560 -2.660074
-0.525186 -1.361274
-0.805857 -0.814981
-1.294311 -1.485546
-0.474716 -1.044391
-1.492927 -2.410527
-0.584502 -1.612070
-0.452424 -1.410172
-0.392092 -0.493907
-1.284911 -1.203624
-1.044545 -1.380772
-1.616464 -2.205347
-0.893024 -0.714794
-0.509614 -0.384516
-1.576126 -1.708643
-1.044058 -2.181811
-1.400694 -2.186332
-0.713361 -1.198746
-0.645988 -0.616850
-1.050010 -0.838064
-1.209732 -1.315226
-1.034092 -0.513490
-0.822535 -0.661263
-0.466707 -0.379292
-0.705690 -1.467037
-0.753850 -1.449442
-1.538985 -2.268633
-1.093233 -0.370998
-1.312469 -1.029256
-0.676590 -1.698116
-0.985583 -0.941007
-1.002999 -1.308463
-0.828486 -0.717757
-0.812603 -1.298285
-1.206619 -0.709488
-1.362256 -0.906026
-0.757482 -0.643365
-0.764448 -0.313388
-1.567845 -1.330740
-0.880256 -2.146047
-1.304754 -2.469959
-1.178020 -2.391996
-1.355891 -2.477144
-1.218074 -0.930552
-1.075796 -0.914985
-1.239553 -1.091318
-1.185338 -0.358986
-1.282300 -2.607854
-1.528052 -1.963308
-0.588944 -0.258761
-0.514453 -1.361481
-1.382905 -2.207235
-0.907964 -0.608412
-1.025534 -0.437784
-0.835040 -0.041403
-0.668089 -1.436909
-1.513534 -2.329685
-0.663140 -0.883250
-1.629733 -2.470159
-1.371523 -1.546391
-1.298063 -1.040731
-0.860927 -0.523662
-1.517324 -1.424397
-1.154795 -1.764825
-0.840878 -0.491610
-1.260830 -2.019365
-0.771927 -1.803514
-0.655225 -0.475967
-0.801161 -0.853645
-1.250981 -0.970464
-0.958024 -1.308561
-0.927355 -1.459792
-0.928889 -0.716434
-0.979812 -1.699308
-0.588127 -0.739481
-1.023634 -1.125445
-0.908443 -0.717345
-1.063687 -1.220845
-1.053077 -0.277707
-0.925172 -1.056095
-1.032528 -1.416829
-1.408689 -1.653764
-1.401148 -2.491127
-1.000181 -0.880707
-0.688068 -1.740045
-0.845289 -0.852750
-1.258514 -2.410185
-1.177533 -2.346066
-1.216334 -0.684152
-1.105909 -1.309028
-1.110682 -1.630929
-0.482444 -0.373922
-0.869079 -0.557035
-0.618845 -1.448904
-0.860977 -0.235539
-0.839194 -1.364853
-0.570007 -0.501174
-0.625019 -0.772579
-1.501728 -1.681434
-0.534154 -1.277966
-1.342745 -2.275040
-1.154877 -0.143297
-0.708512 -1.252471
-1.080074 -0.518554
-0.788787 -0.357170
-1.195455 -1.710016
-0.869734 -2.217299
-0.556136 -0.261742
-1.430737 -1.558497
-0.368992 -1.264562
-0.729521 -1.335496
-1.322041 -1.617126
-1.114454 -0.428497
-0.479566 -1.028510
-1.192185 -0.861957
-0.735374 -1.050813
-1.386376 -1.386656
-1.393342 -0.876834
-1.355878 -0.851355
-0.899794 -1.693499
-1.327334 -1.028210
-1.003021 -0.306200
-0.736366 -1.454261
-0.905220 -1.632185
-1.043925 -0.435969
-1.330149 -1.182999
-1.364555 -2.781989
-1.196514 -0.620631
-0.765862 -1.126673
-0.881460 -1.014871
-1.079813 -1.178223
-1.517577 -1.560797
-0.896533 -1.247494
-1.245471 -0.500163
-0.662764 -0.038553
-0.737840 -1.278382
-0.777865 -1.544467
-0.632588 -1.511696
-1.251029 -2.391220
-1.115977 -1.028627
-1.106156 -0.647606
-1.107303 -2.668092
-1.329813 -0.823647
-1.452838 -1.066106
-0.990415 -0.429946
-0.469533 -1.022249
-0.421873 -0.483847
-0.518337 -0.760380
-0.899457 -1.730509
-0.844663 -1.104707
-1.410989 -3.096752
-0.433302 -0.467617
-0.742511 -1.639409
-1.113351 -2.451413
-1.387885 -2.423516
-1.235262 -0.920317
-1.403957 -1.661630
-0.392902 -0.506889
-0.967380 -0.138991
-1.447385 -1.100734
-1.097441 -0.526724
-1.458815 -2.047455
-0.612540 -0.813550
-1.492875 -1.208155
-1.380790 -0.516682
-0.702644 -1.586781
-1.377102 -2.129096
-0.425421 -0.784067
-0.821736 -0.346135
-1.016602 -0.161391
-0.727789 -0.101938
-0.813581 -1.200197
-1.254124 -0.441805
-1.344471 -0.604536
-0.660877 -1.920794
-0.920267 -2.250472
-0.617914 -0.587997
-0.949300 -0.636850
-0.829535 -1.423124
-0.978718 -1.400882
-1.094374 0.067133
-0.876064 -0.179137
-1.416206 -2.386823
-1.326242 -0.822237
-0.601612 -0.535526
-0.702435 -1.307610
-1.493497 -2.097974
-0.406626 -0.599407
-1.112078 -0.653815
-1.116345 -0.692618
-1.280661 -2.213380
-1.301021 -2.498530
-0.522166 -0.787306
-1.395695 -2.174276
-0.647637 -1.110641
-1.032925 -0.565817
-0.655367 -1.496957
-1.420229 -0.956292
-1.053295 -2.188555
-1.284611 -0.779830
-0.863953 -0.114508
-1.277037 -1.415465
-0.881560 -1.227773
-0.360399 -0.567676
-1.011249 -0.758046
-1.330407 -1.053443
-0.598718 -0.776218
-1.398768 -1.924548
-0.893805 -1.530828
-0.878368 -0.313496
-0.861732 -2.055980
-0.530718 -1.253979
-1.285514 -1.762698
-0.926522 -1.064284
-1.511604 -2.310102
-1.331877 -2.337511
-0.481834 -0.799337
-1.224988 -0.492206
-1.299098 -2.589160
-0.602375 -1.279992
-1.186909 -0.583432
-1.372792 -0.645109
-0.571128 -1.575945
-0.500999 -0.836011
-1.399363 -0.670429
-1.237055 -0.542718
-1.293506 -2.028870
-1.179387 -0.386347
-0.612731 -0.207211
-0.780758 -1.538015
-1.194048 -0.797190
-0.931956 -1.194513
-1.373905 -1.095669
-1.679111 -2.320692
-0.925841 -1.179112
-1.205318 -2.652656
-0.849358 -1.424953
-0.870820 -0.542484
-1.471743 -2.264430
-0.847984 -0.139101
-1.214639 -1.030105
-0.909741 -1.039693
-1.139022 -1.188523
-0.949061 -2.320812
-1.183927 -2.522186
-1.018131 -1.483862
-0.765907 -1.685471
-0.879086 -1.779000
-1.313138 -1.207904
-0.912048 -2.364722
-1.281711 -2.499851
-1.252382 -2.275231
-1.149556 -1.204375
-1.179170 -1.097185
-1.533006 -2.029302
-1.265950 -1.752860
-1.006260 -1.122055
-0.915593 -0.556267
-1.002004 -0.757425
-0.564391 -1.087844
-1.072843 -0.360316
-1.413643 -2.072794
-1.240417 -1.581913
-1.536691 -1.810576
-1.104949 -1.244876
-0.986214 -1.863450
-1.100309 -0.764056
-1.217947 -0.385303
-0.796601 -0.447316
-0.504747 -1.594512
-0.780855 -1.376240
-1.418011 -2.229622
-1.402748 -1.820622
-1.471337 -1.022205
-0.938748 -1.281665
-1.041173 -0.235999
-1.478632 -1.291940
-0.783057 -1.630711
-1.144079 -0.791281
-1.105514 -1.529505
-1.306038 -2.159767
-1.132282 -1.692889
-0.444372 -0.545661
-1.315854 -1.531186
-0.682696 -0.478977
-0.519305 -1.112390
-0.874468 -1.590105
-1.026134 -0.487162
-0.663678 -0.325838
-0.859360 -1.248716
-0.727310 -0.918571
-1.109451 -1.802837
-0.562546 -1.249564
-1.363530 -1.848935
-1.049025 -0.727945
-0.664044 -1.635538
-1.191679 -1.104706
-0.804204 -0.626616
-0.805654 -1.485224
-0.639141 -0.344422
-0.679817 -1.615538
-0.877058 -1.146702
-1.116182 -1.840021
-0.844273 -0.684708
-0.486144 -0.904229
-0.844005 -0.159329
-1.307034 -0.676125
-1.076577 -0.090038
-0.600329 -1.315227
-1.381781 -0.559391
-1.389984 -2.593818
-0.931179 -0.322640
-0.820410 -1.712577
-1.612588 -1.657523
-0.829963 -0.827781
-0.663504 -0.882426
-0.788218 -0.242157
-1.178766 -0.687940
-0.720246 -1.678072
-0.962760 -0.649018
-1.333240 -2.375659
-1.129272 -1.604354
-1.425561 -1.878493
-0.591909 -0.696154
-1.073400 -2.495589
-0.434688 -0.962853
-0.816319 -0.253742
-1.117703 -2.393961
-1.381886 -1.437726
-0.398538 -0.912517
-1.015095 -1.602921
-1.117777 -2.272909
-1.146861 -2.256559
-1.135832 -2.072701
-0.852158 -1.676574
-1.178023 -1.560869
-0.459370 -1.018802
-0.422311 -0.401678
-0.505934 -0.923250
-1.164566 -2.736774
-0.980382 -0.446965
-1.161443 -2.079998
-0.427628 -0.772245
-1.220090 -2.255473
-1.090802 -0.476521
-1.456182 -1.285640
-1.425036 -2.276531
-0.704456 -0.104581
-1.098688 -0.436730
-0.691828 -0.563088
-0.913475 -0.320236
-0.480887 -0.781354
-0.693745 -1.270095
-1.032880 -0.722301
-1.307010 -1.103172
-1.257472 -0.546951
-0.601675 -0.890753
-0.913105 -0.042282
-0.533036 -1.403435
-0.571288 -0.744040
-1.450204 -2.372951
-1.421049 -0.994915
-1.218992 -1.124363
-1.458763 -1.660617
-0.567189 -1.360215
-1.563574 -1.522809
-1.308086 -1.246452
-1.094466 -2.424926
-0.958047 -1.350824
-1.054496 -0.553941
-0.982200 -0.348163
-0.574491 -0.688243
-0.717014 -1.472191
-1.286948 -1.431180
-1.079474 -1.601902
-0.493345 -1.327477
-0.659942 -0.719837
-1.254007 -0.897215
-0.759464 -0.936240
-0.815566 -1.075619
-1.050266 -2.504267
-0.857622 -2.098864
-0.922902 -0.904436
-1.061165 -1.910900
-0.558690 -1.275073
-1.156255 -0.690985
-0.602189 -1.090486
-0.978961 -2.381376
-1.424791 -1.083939
-1.282567 -0.595883
-0.805980 -1.763735
-1.001690 -0.195232
-0.743307 -1.242393
-0.678392 -0.877379
-1.378581 -0.794244
-0.396350 -0.811765
-1.005736 -0.499506
-0.769404 -1.315724
-1.123657 -2.497502
-0.682454 -0.972146
-0.899042 -0.329862
-0.756907 -1.205752
-1.034318 -2.295162
-0.451064 -0.949028
-1.299446 -0.539730
-1.097724 -0.201702
-1.471464 -2.407598
-1.140751 -1.847372
-1.175903 -0.854142
-1.185682 -1.341264
-1.072626 -1.804113
-1.844490 -2.987443
-1.363324 -0.623086
-0.565999 -0.638316
-1.140254 -0.407531
-0.590151 -1.455040
-1.124660 -1.281827
-0.359749 -0.975540
-0.733623 -0.698556
-0.650381 -0.401542
-0.502244 -0.227200
-1.067364 -1.073943
-0.613381 -0.826357
-1.323107 -1.021671
-1.510639 -2.123222
-1.328428 -2.153784
-0.370400 -1.158306
-1.093594 -1.165679
-0.602588 -1.520061
-0.825100 -1.159389
-1.033077 -1.048787
-1.178568 -0.498461
-1.651197 -1.491135
-1.504595 -1.478263
-0.625256 -0.582339
-1.032708 -0.802198
-0.697292 -0.472114
-0.534233 -0.444217
-1.087911 -1.144957
-0.525504 -1.248938
-1.100208 -0.755586
-1.124122 -1.996425
-0.789905 -0.538516
-1.152261 -1.978829
-1.242224 -2.233638
-1.096759 -1.074991
-0.950591 -0.192700
-1.410946 -2.179739
-1.069019 -1.782075
-1.145008 -1.841681
-1.420724 -2.347561
-1.041723 -1.243165
-0.760189 -0.083460
-0.942167 -1.011949
-0.989020 -0.211056
-1.217973 -0.657241
-1.259301 -0.727800
-0.485655 -1.410232
-0.431097 -1.345696
-1.606794 -1.379341
-1.280608 -1.028321
-1.184204 -0.969283
-1.284247 -2.577006
-0.790771 -1.659852
-0.878637 -0.404036
-0.475935 -1.413421
-0.814589 -1.055316
-0.800512 -1.207709
-1.040138 -1.394348
-0.856119 -1.010117
-1.126269 -2.086946
-0.722217 -0.202947
-1.430975 -1.085326
-1.199169 -0.538041
-0.790955 -0.831040
-1.034909 -2.253651
-1.596757 -1.939319
-1.139851 -2.036697
-1.042959 -0.673764
-0.967970 -1.240475
-0.949193 -0.380678
-0.966147 -0.360174
-1.016068 -2.533176
-1.284899 -2.609641
-0.877707 -0.199367
-1.197846 -2.266356
-0.992806 -0.359695
-1.061657 -0.918141
-0.662550 -1.789835
-0.865947 -0.708785
-0.514428 -0.509862
-1.310802 -1.399322
-1.404313 -1.764668
-0.575764 -0.390229
-0.603895 -1.513648
-1.012465 -1.680870
-1.477745 -1.413479
-1.117951 -1.101921
-0.899002 -1.598394
-1.004330 -1.849022
-1.094498 -1.870100
-1.096929 -0.594678
-1.542104 -1.492704
-0.973496 -1.822398
-0.723506 -0.168607
-0.806086 -0.710191
-1.133322 -0.399889
-0.907585 -1.293104
-0.484151 -0.270231
-0.730671 -0.249709
-0.998865 -1.102835
-1.487858 -2.042713
-0.939954 -1.213489
-1.157696 -2.285977
-1.217219 -1.001765
-1.386375 -1.881380
-0.400789 -1.191426
-0.569511 -0.734975
-1.408599 -2.169825
-0.910800 -0.847110
-1.229734 -2.412425
-1.182780 -1.638642
-0.710559 -1.273971
-1.378928 -1.570471
-1.197214 -0.858538
-0.980588 -1.454026
-0.993502 -1.167632
-1.555194 -2.162075
-0.716716 -0.236404
-1.109065 -0.859225
-1.001185 -1.067204
-0.954617 -0.538230
-1.150657 -1.764269
-0.677859 -1.090423
-0.884731 -1.491912
-1.562899 -2.151068
-1.308689 -1.118859
-1.410119 -1.914773
-0.925151 -1.276159
-1.454995 -2.544710
-1.119243 -0.289526
-1.520726 -1.441572
-0.446122 -0.629097
-0.893141 -0.257852
-1.169934 -2.105989
-1.386733 -2.320837
-1.288391 -0.817077
-0.448545 -0.568484
-0.665368 -0.784993
-1.321591 -2.433285
-0.388841 -0.731500
-1.236697 -1.564829
-0.982824 -1.420926
-0.943357 -1.645380
-0.499051 -0.818556
-1.143561 -1.451299
-0.880219 -0.332425
-1.121357 -1.625953
-1.289922 -1.274125
-0.501656 -0.775448
-0.940272 -1.838177
-0.650911 -0.488337
-0.803607 -1.267606
-1.312244 -2.235540
-0.545729 -0.969623
-0.811007 -1.395490
-0.902584 -2.109640
-1.017844 -2.195059
-1.652388 -1.736560
-0.576825 -0.780896
-1.180620 -1.687549
-1.467827 -3.040736
-1.011709 -1.154611
-1.475796 -1.467503
-0.758121 -0.308185
-1.568307 -1.611362
-0.738996 -0.848782
-1.487780 -2.528053
-0.901637 -0.878695
-0.523344 -0.256368
-1.000323 -0.408236
-1.308497 -2.434027
-0.425682 -1.129211
-1.144775 -0.680327
-0.631188 -1.047571
-0.702160 -0.548025
-1.055021 -1.491173
-1.137419 -1.631171
-1.338799 -1.233122
-1.496720 -2.334297
-0.864165 -0.053453
-1.129114 -1.771696
-1.010941 -1.669291
-1.245818 -0.585875
-1.393145 -2.523291
-0.942464 -1.062891
-1.197123 -2.116341
-0.779275 -0.475800
-0.443413 -0.465646
-1.017847 -1.801534
-0.508209 -1.685936
-0.939598 -1.484473
-1.621166 -1.302643
-0.817639 -0.579103
-0.413221 -0.932047
-1.299669 -1.134676
-0.866886 -1.106395
-1.236990 -1.694002
-1.240510 -0.867591
-0.606894 -1.004557
-1.343306 -1.981456
-0.828079 -1.583756
-0.335729 -1.139364
-1.298678 -0.421674
-1.242755 -0.590014
-0.348614 -0.835043
-1.197087 -2.712762
-1.416285 -1.894669
-0.783504 -1.523894
-1.008188 -2.203364
-0.786813 -1.662337
-1.068260 -0.100008
-0.976212 -2.371761
-0.753793 -0.612447
-1.252918 -1.719938
-0.758662 -1.215468
-0.471743 -0.817958
-1.032858 -1.188460
-1.015721 -0.922663
-1.502301 -1.725412
-1.274441 -1.090160
-0.563419 -0.400173
-1.250225 -1.284036
-1.106435 -1.687065
-1.174185 -0.788010
-1.290431 -2.588443
-1.384678 -1.262128
-1.491807 -2.429686
-1.232249 -2.583388
-1.128815 -0.480782
-0.919680 -1.189730
-0.545770 -1.121878
-0.856044 -1.753453
-0.935311 -1.691439
-1.290268 -1.392375
-1.224792 -1.633888
-0.921326 -0.381266
-1.050857 -0.632781
-1.397568 -0.996542
-0.610315 -1.372339
-0.840345 -0.712981
-0.612224 -1.055724
-0.807304 -1.404949
-0.750679 -0.760272
-0.787558 -0.457991
-1.126065 -1.021172
-0.883884 -0.153773
-0.718503 -1.813779
-1.102693 -1.879260
-1.261324 -0.527153
-0.786750 -1.266708
-0.881558 -1.656883
-1.573365 -1.513312
-0.811501 -0.184782
-0.473225 -0.455191
-0.874501 -1.922168
-1.374971 -1.550058
-0.616318 -0.912826
-1.298398 -1.241521
-1.317860 -1.185233
-1.256751 -0.895900
-1.362994 -1.361738
-0.479387 -0.935635
-0.764368 -1.457311
-0.957780 -0.118538
-1.273879 -1.435694
-1.299976 -2.598628
-1.260236 -2.752362
-0.703143 -0.643489
-1.041878 -0.239390
-1.470029 -1.230626
-1.168960 -0.598547
-0.971099 -1.120523
-1.321283 -2.076599
-0.608335 -0.202043
-0.329384 -0.455256
-0.712287 -1.394478
-1.130468 -1.119191
-0.652433 -0.887648
-1.021837 -0.352622
-1.004946 -1.271053
-1.228727 -0.981202
-0.546291 -1.555018
-0.392602 -0.271759
-0.838513 -1.332578
-1.021611 -0.553627
-0.783741 -1.015128
-1.222915 -1.663975
-1.415680 -1.618482
-0.830962 -1.337014
-1.242006 -0.293677
-1.269234 -2.329538
-1.038313 -2.296217
-0.822880 -0.055975
-0.656226 -1.312688
-1.172646 -1.123770
-1.225076 -1.293535
-0.786185 -0.998684
-1.431482 -1.347373
-1.473973 -0.729371
-1.104298 -0.969839
-1.341649 -1.031682
-1.311848 -0.595228
-0.665833 -1.959407
-1.385707 -1.475521
-0.833634 -0.580380
-0.884946 -0.227387
-1.284239 -2.574461
-1.037548 -1.111546
-1.169031 -2.454550
-1.667198 -1.340268
-1.056038 -0.631222
-0.628896 -1.760722
-1.296479 -2.196579
-1.270353 -1.311808
-0.719806 -1.401848
-1.436617 -2.334538
-1.630752 -2.485140
-0.952039 -0.518893
-1.203393 -0.444621
-0.452981 -1.090798
-0.503159 -0.783419
-1.448136 -0.805356
-0.949612 -0.500833
-1.158936 -0.662312
-0.615742 -1.699521
-0.600075 -1.067170
-1.251536 -2.211347
-1.004130 -0.736687
-0.896636 -1.559249
-1.008099 -0.227948
-0.609490 -1.611260
-1.146455 -0.692474
-1.005390 -1.499864
-1.330702 -1.840440
-0.951092 -1.803620
-1.034822 -0.150259
-0.568716 -0.850445
-0.503987 -0.842215
-0.513308 -1.470775
-1.386927 -1.646798
-0.502376 -0.511248
-1.058943 -1.194058
-1.601724 -1.890251
-1.253115 -2.017405
-1.289301 -2.397601
-0.851147 -1.919325
-1.437922 -1.226429
-1.431426 -1.731951
-1.057442 -2.003111
-1.094770 -2.185485
-1.229784 -1.567846
-0.950425 -0.172395
-1.222550 -1.860774
-0.767718 -1.523681
-1.446231 -0.977939
-1.205263 -0.775215
-1.155892 -0.544944
-0.946410 -1.989322
-0.232915 -0.276269
-0.908363 -0.188470
-1.101853 -1.968884
-1.071214 -0.221232
-1.088699 -1.597167
-1.263314 -1.083120
-0.927640 -2.123649
-1.201977 -0.490816
-0.657842 -1.726854
-1.454963 -2.068527
-1.206653 -2.584998
-0.974276 -0.101512
-0.946638 -0.215204
-1.129109 -0.395710
-0.792080 -1.506942
-1.282589 -0.897369
-1.541034 -1.481228
-1.011439 -2.290293
-0.916067 -2.380014
-1.206200 -0.770520
-1.180354 -1.504278
-0.837929 -0.265245
-0.531210 -1.037788
-0.913084 -0.708360
-1.047720 -2.303338
-0.963252 -1.892647
-0.961934 -0.561578
-1.096591 -0.117668
-1.461482 -1.116639
-0.594812 -0.426459
-0.922463 -1.181601
-1.518934 -2.588079
-0.494163 -0.626063
-0.733184 -0.124211
-1.144862 -0.548870
-1.040513 -2.173128
-1.288791 -0.798518
-1.021953 -1.532984
-0.815140 -0.890636
-1.347135 -1.184663
-0.874684 -1.018071
-0.845136 -0.224504
-1.436889 -2.157374
-1.354942 -2.514949
-0.818893 -0.624780
-0.877309 -0.482543
-1.015796 -0.701641
-1.476150 -1.384890
-1.602084 -2.275483
-0.932149 -1.747702
-1.168141 -1.608232
-0.887558 -1.035471
-1.397318 -2.837549
-0.966214 -1.107394
-0.965658 -2.046530
-1.294485 -1.429818
-0.708612 -0.801901
-1.016575 -1.660515
-0.730885 -0.372872
-0.708479 -0.835100
-0.627000 -1.308520
-1.455851 -1.607791
-0.917451 -1.593733
-1.355365 -0.619282
-0.629461 -1.427285
-0.740138 -1.110908
-0.558596 -0.317987
-0.975301 -0.516165
-1.335413 -2.755436
-0.978312 -0.662479
-1.246138 -0.761269
-1.039705 -1.945744
-0.880892 -1.088689
-1.540304 -1.897718
-1.333271 -1.154623
-1.085304 -0.387602
-0.610066 -0.900319
-0.738458 -1.666090
-1.306507 -2.472648
-1.170606 -0.896622
-0.935782 -0.569299
-0.898192 -0.776533
-0.744580 -1.959580
-0.687525 -1.649174
-0.867240 -0.697607
-0.822608 -2.378818
-0.882341 -0.701659
-1.333219 -1.731606
-1.214417 -0.549274
-1.195706 -1.514922
-1.165967 -1.677593
-0.923675 -2.085885
-0.826541 -1.087867
-0.494074 -1.121948
-0.710404 -1.962317
-0.925953 -1.415946
-1.188064 -2.241877
-1.502444 -2.237378
-0.807895 -1.571950
-1.357945 -0.758722
-1.256421 -0.735793
-1.012387 -0.605368
-1.143756 -0.740050
-0.756871 -1.851817
-0.993148 -1.498751
-0.939468 -0.197339
-1.359720 -1.620859
-1.513101 -1.204993
-0.565632 -1.734661
-1.069182 -0.498174
-0.894653 -1.142622
-0.673916 -0.297440
-1.171375 -2.505774
-0.746547 -0.651046
-1.059067 -0.725110
-1.055947 -0.139662
-0.937123 -0.663278
-0.715240 -1.323908
-0.800952 -1.798621
-1.089823 -2.248134
-1.362651 -0.813382
-1.004293 -1.793531
-0.699644 -1.610814
-1.338859 -1.924253
-0.625357 -1.101726
-1.603400 -1.637965
-0.717126 -1.934884
-0.538028 -1.296927
-1.449191 -1.279766
-0.841661 -2.112002
-0.956582 -0.362124
-0.633030 -0.392807
-0.571514 -0.924418
-0.946907 -1.962136
-0.464429 -1.352113
-0.833470 -0.249930
-1.062589 -0.622784
-1.341266 -0.457249
-1.265435 -1.872471
-1.151815 -1.685472
-0.957762 -2.456377
-1.137267 -2.669145
-1.169717 -1.105362
-1.086605 -1.467256
-1.451800 -1.274579
-0.947891 -1.976328
-0.940198 -1.123017
-1.129767 -0.920607
-0.881554 -0.910689
-1.151601 -1.132936
-1.113753 -1.628090
-1.184993 -2.080981
-1.031677 -0.406728
-0.752652 -1.963282
-0.937257 -0.968742
-1.416571 -1.724748
-0.996564 -0.470832
-0.541324 -1.124190
-0.577072 -0.447627
-0.599981 -1.432837
-0.924136 -0.301071
-1.430258 -1.172174
-1.428820 -1.522139
-0.903986 -0.780214
-0.704066 -1.822244
-1.080993 -1.320956
-1.001061 -0.377862
-1.072225 -2.390513
-1.107113 -0.599019
-1.289657 -1.599884
-1.208941 -0.415850
-1.208821 -1.266378
-1.030493 -0.442429
-0.917749 -1.925774
-0.738705 -0.962091
-1.248661 -0.389536
-1.670060 -2.116981
-0.930388 -1.890421
-1.392533 -0.931547
-1.343189 -0.997298
-1.124980 -1.470940
-0.715386 -0.437475
-0.851425 -1.112846
-0.608666 -1.418944
-1.247158 -0.506404
-0.859985 -1.228422
-1.016452 -1.648979
-1.057900 -2.098311
-1.193524 -0.571293
-1.401646 -2.154644
-0.828748 -0.537705
-1.115499 -0.515535
-0.858703 -0.785128
-1.106222 -0.586253
-1.510139 -2.300448
-1.016358 -0.945237
-1.150332 -1.504142
-0.849534 -0.312254
-1.465715 -2.574281
-0.454471 -0.698313
-0.711595 -0.171246
-1.127239 -0.240442
-1.300968 -2.078655
-1.227745 -1.722118
-1.451968 -2.477119
-1.417136 -1.560750
-1.014344 -0.171129
-1.154348 -1.423932
-1.136889 -0.227470
-0.973423 -1.581969
-1.068681 -1.875018
-0.360164 -1.002869
-1.020047 -0.205426
-1.237976 -2.269724
-0.656827 -1.539028
-0.960324 -1.530324
-1.195164 -1.111847
-1.399058 -2.634178
-0.736617 -0.507830
-1.048305 -0.666431
-0.881345 -1.712707
-1.359648 -1.809505
-0.853542 -2.019271
-0.469724 -0.954279
-1.237473 -1.860856
-1.129930 -1.626978
-0.889889 -0.164988
-1.280060 -0.849788
-1.395212 -1.850830
-1.753083 -2.388583
-1.053723 -2.459509
-0.582836 -0.992443
-1.306463 -2.869587
-1.027355 -0.327206
-0.786145 -0.821017
-0.986551 -1.942032
-0.628777 -1.359761
-0.414903 -0.883261
-1.214722 -1.727733
-1.214386 -1.613533
-0.511362 -0.417710
-1.426241 -2.405020
-0.755196 -1.825586
-0.749260 -0.130286
-0.584127 -1.680634
-1.381957 -1.603068
-1.540987 -1.459295
-1.250102 -1.265455
-1.623749 -1.961622
-0.887173 -2.017455
-1.184260 -0.129727
-0.984831 -0.586560
-1.205939 -1.639183
-1.314129 -1.105110
-0.510948 -0.452053
-1.281577 -1.865196
-0.878861 -2.174342
-1.551726 -1.322564
-1.274549 -0.874123
-0.766526 -0.091112
-1.141041 -1.100519
-0.846817 -0.352506
-1.272998 -2.193411
-0.974524 -0.161034
-1.272150 -1.325660
-0.872836 -2.387483
-1.134335 -0.459783
-1.320685 -1.870578
-0.950653 -1.278195
-0.508748 -1.246969
-0.765758 -0.406739
-0.757982 -0.042120
-1.198983 -1.642410
-0.732078 -0.462019
-1.245322 -0.303390
-0.629973 -0.982543
-1.196802 -0.314497
-1.132216 -1.782423
-0.713602 -0.465887
-1.008442 -2.096775
-1.300318 -1.974282
-1.311298 -1.759458
-1.293430 -2.058697
-1.444147 -0.917742
-0.444409 -1.364405
-0.506013 -0.276645
-1.183172 -0.867459
-1.663653 -1.894372
-1.625107 -2.323269
-0.920242 -0.858679
-1.181574 -0.223516
-1.334877 -1.924197
-1.233654 -0.897557
-1.726158 -2.152280
-0.738751 -0.953224
-1.249798 -1.924775
-0.619821 -0.992726
-0.357900 -0.063070
-1.201352 -2.295298
-1.186928 -1.034070
-1.261334 -0.956334
-0.651547 -1.135571
-1.072579 -1.550297
-0.903384 -1.434671
-1.544200 -0.887058
-0.722467 -0.849466
-1.452554 -1.988763
-0.570087 -1.658055
-1.355523 -2.692569
-0.953392 -0.838796
-1.372195 -2.131867
-1.706677 -2.255686
-1.231175 -0.817408
-0.539845 -0.850489
-1.147491 -0.488665
-0.518245 -0.838211
-1.374999 -1.567967
-1.316055 -0.578598
-1.270775 -1.765654
-1.149723 -1.029714
-0.782407 -0.634960
-1.068363 -1.276857
-1.068013 -0.463374
-1.609247 -2.046493
-0.453459 -0.262149
-1.415183 -2.192219
-1.142446 -0.860092
-0.880366 -2.171164
-0.592021 -0.999495
-1.062004 -1.450772
-0.981725 -0.223651
-1.155367 -0.508167
-1.114402 -1.463075
-1.352022 -1.256454
-0.785167 -2.020400
-0.989915 -0.386852
-1.112420 -2.048332
-0.871815 -0.822094
-0.932121 -0.595717
-1.348993 -0.686587
-0.702501 -1.169282
-1.132694 -1.178122
-0.993449 -0.871030
-0.644498 -0.245689
-1.489877 -1.846860
-0.931854 -1.840082
-0.996820 -1.224721
-1.124575 -1.148674
-0.538425 -0.784710
-1.226583 -0.800655
-1.185867 -1.458531
-0.381433 -0.850754
-1.002703 -0.399611
-0.415085 -1.013208
-0.831356 -0.923729
-0.645917 -1.180822
-1.391111 -2.046262
-0.762365 -0.705154
-0.830793 -0.587864
-1.201933 -0.587347
-0.618633 -0.553763
-1.341561 -1.704200
-0.764863 -0.569477
-1.335797 -0.980051
-1.557287 -2.211404
-1.371253 -0.947102
-1.119909 -0.915195
-0.771058 -0.522678
-1.574315 -1.476441
-0.641369 -1.566902
-0.545494 -0.187434
-1.102617 -2.103499
-1.480074 -2.742521
-0.973560 -1.726974
-1.361337 -1.848121
-0.828676 -0.663473
-0.605334 -0.336034
-0.606615 -0.603967
-0.973288 0.055803
-1.171399 -0.838884
-1.229614 -0.483402
-0.916851 -1.694781
-0.677378 -0.918904
-1.027446 -1.146775
-0.681345 -1.148654
-0.506939 -0.837285
-1.149432 -1.592473
-1.049142 -0.728781
-1.134330 -2.131958
-0.733488 -1.395592
-1.339147 -2.670949
-0.820075 -2.328181
-1.587514 -1.867838
-1.229874 -2.756844
-0.929908 -0.890555
-1.116822 -0.944472
-1.055489 -0.928908
-1.472709 -2.003042
-0.540229 -0.946608
-0.843407 -0.196192
-1.524501 -2.058722
-1.444127 -0.787122
-0.715307 -0.173753
-0.646580 -1.197675
-1.461668 -1.200819
-0.583918 -0.215901
-0.996923 -0.032142
-1.008335 -0.392187
-0.558305 -0.389743
-0.816290 -2.062167
-0.794299 -2.182703
-1.024663 -0.675982
-0.901023 -1.584049
-1.382210 -0.512083
-0.816668 -1.203320
-1.219402 -1.587095
-0.775040 -1.150849
-1.075790 -2.293592
-0.563208 -0.972971
-1.500362 -1.769542
-0.314638 -0.883950
-1.214012 -1.407401
-0.497406 -0.768165
-0.522414 -0.890182
-0.505524 -1.203471
-1.112971 -0.219038
-1.108566 -1.148323
-1.390576 -2.604805
-0.550474 -0.560158
-1.289383 -0.979868
-0.986483 -0.304508
-1.272636 -1.198340
-1.439067 -2.110917
-0.643219 -0.134533
-0.916420 -0.681697
-0.725794 -0.426599
-0.942682 -0.442771
-0.817873 -1.339237
-1.225162 -2.386121
-0.874989 -0.565903
-1.240628 -1.584332
-0.821932 -0.445328
-0.894593 -0.365651
-1.258973 -0.871537
-0.721233 -0.935074
-1.060880 -1.226961
-1.235091 -2.582546
-0.913849 -0.923049
-0.594153 -1.023703
-0.949792 -1.627031
-0.705743 -0.351111
-1.306204 -0.601843
-1.223464 -2.250152
-1.584121 -1.978406
-0.670720 -1.412141
-1.065603 -0.549621
-1.061030 -0.083818
-1.097970 -1.351907
-1.170064 -1.389966
-1.229612 -1.705595
-0.413046 -0.756272
-0.817330 -0.687434
-0.382138 -0.776056
-1.207762 -1.696778
-1.189177 -0.622297
-1.598239 -2.238508
-1.342914 -2.149450
-0.989622 -0.319771
-0.785710 -1.810475
-0.463602 -0.245957
-0.953344 -1.219651
-0.637896 -0.474109
-1.085482 -1.464608
-1.211025 -0.509259
-0.351105 -0.930501
-1.228586 -2.365966
-0.343715 -0.936927
-0.729185 -1.605365
-1.050143 -1.514800
-1.214090 -1.823384
-1.050983 -1.283498
-0.845463 -1.015607
-0.691483 -0.862137
-0.569870 -0.529973
-0.950831 -0.267136
-1.244892 -1.110330
-0.749310 -0.418290
-0.810991 -2.130834
-0.582084 -0.740219
-1.102616 -0.189053
-1.054876 -1.474216
-1.319579 -0.670215
-0.760154 -0.175313
-0.448326 -0.466578
-0.518505 -0.391335
-1.454520 -1.844289
-1.302977 -0.171706
-1.035213 -0.293633
-0.900086 -0.226802
-1.350181 -1.015732
-0.893608 -2.229159
-1.088809 -0.271901
-0.866275 -1.051723
-0.884747 -1.408894
-0.842402 -1.152208
-0.896196 -0.262257
-1.263076 -2.069246
-0.881617 -2.339645
-0.646747 -1.207035
-1.282124 -2.243803
-1.313042 -1.699386
-0.990806 -1.059159
-1.054268 -0.492389
-1.010543 -2.421766
-0.820981 -0.524490
-1.527304 -1.079613
-0.803071 -1.890967
-0.762069 -0.930366
-1.725350 -1.442456
-0.701222 -1.084800
-1.201013 -0.802166
-1.529858 -1.890868
-0.872236 -1.066754
-1.206596 -0.648825
-0.677348 -1.528830
-1.163182 -2.692077
-1.230148 -0.689753
-1.286378 -1.247799
-1.039670 -1.989090
-1.016426 -2.512240
-1.360070 -1.827806
-1.534127 -2.516172
-0.714955 -0.434769
-0.703759 -0.865419
-0.858854 -1.787459
-1.195209 -2.097308
-0.831664 -1.076020
-0.711959 -0.354041
-0.394892 -0.835303
-0.833708 -0.713999
-1.016369 -0.688753
-0.908780 -1.468000
-0.722204 -0.938084
-1.050450 -2.362697
-0.773644 -1.172369
-0.690103 -0.795741
-0.737190 -0.158390
-1.140612 -2.557871
-1.069900 -0.285931
-1.018477 -2.217289
-0.591944 -1.273010
-0.851125 -0.171084
-0.959382 -0.459566
-1.354623 -2.032919
-1.315833 -1.305121
-1.485199 -2.349375
-0.522854 -1.373402
-1.166951 -0.164559
-0.954725 -1.767645
-0.655985 -1.293802
-0.819695 -1.891550
-1.387275 -1.977984
-1.555547 -1.885109
-1.245320 -0.605195
-0.826338 -0.918278
-0.957332 -0.124171
-1.048898 -0.890545
-1.296617 -0.846881
-0.661522 -0.902173
-0.606748 -1.620347
-0.654600 -0.190614
-0.712221 -0.325792
-0.960626 -1.939497
-1.453460 -0.864223
-0.921560 -2.062950
-0.953311 -2.397439
-0.959722 -1.046488
-0.941928 -1.198720
-1.035990 -1.499822
-0.946109 -0.710084
-0.949784 -2.354361
-1.134002 -1.632129
-1.095324 -0.641676
-0.691557 -0.268986
-1.170497 -0.637373
-1.143544 -1.185819
-1.089903 -0.122979
-0.608570 -1.140034
-1.584798 -2.323590
-0.929004 -0.797596
-1.002723 -2.225317
-1.009819 -0.907519
-1.199972 -0.599392
-0.604559 -1.646015
-1.297605 -0.704007
-0.454769 -0.962676
-1.386740 -1.181450
-1.151536 -1.508948
-1.012184 -2.377233
-1.098096 -1.876875
-0.677190 -1.225804
-1.612938 -1.448804
-1.342016 -1.463538
-1.006275 -2.448203
-0.713315 -1.773200
-0.701896 -0.665493
-1.006558 -0.626713
-0.458030 -0.781366
-1.367464 -1.693253
-0.741526 -0.684436
-0.981355 -1.581912
-0.838666 -1.657620
-0.779699 -1.390505
-0.769656 -1.606699
-1.365765 -1.473395
-1.205710 -0.522781
-0.554107 -0.966902
-0.884415 -0.753690
-1.278312 -1.572476
-1.156075 -1.893035
-1.353241 -2.375293
-0.958168 -1.663502
-0.815967 -1.098634
-0.443185 -1.343292
-1.499423 -2.268145
-0.634756 -1.539537
-1.120708 -1.950521
-0.464614 -1.167533
-0.669092 -0.783885
-1.271551 -1.978185
-1.539132 -2.072752
-1.424812 -2.001389
-1.238202 -2.356909
-1.159365 -0.732271
-1.234827 -0.894003
-1.211771 -1.339517
-0.657346 -0.183070
-1.223147 -2.084306
-1.424577 -1.364634
-1.092107 -1.754953
-1.256589 -2.326595
-1.479638 -2.605988
-0.759438 -0.410267
-1.632179 -2.387310
-1.233501 -1.375703
-0.824259 -1.912427
-0.952264 -0.306924
-0.490074 -1.587257
-1.301010 -0.887980
-1.155071 -2.016551
-1.279294 -0.747867
-1.122342 -0.204409
-0.815414 -1.556441
-1.204072 -0.793993
-1.498401 -1.154595
-1.199039 -2.779524
-1.017566 -0.303002
-1.330529 -0.674058
-0.790971 -0.650304
-0.590521 -0.909141
-1.323783 -2.017735
-1.267683 -0.409280
-1.330586 -2.528080
-1.357264 -2.181269
-1.000131 -1.785879
-0.693735 -1.757418
-0.860130 -0.413237
-1.100365 -0.599002
-1.144454 -1.315383
-1.099695 -1.666334
-0.614174 -1.025798
-1.215723 -2.312588
-1.281175 -0.994354
-0.744919 -0.461233
-1.395509 -0.690341
-1.015512 -1.056306
-1.189627 -1.054697
-1.245132 -0.575043
-0.428842 -0.748528
-0.437377 -0.920401
-0.293956 -0.653250
-0.887978 -1.669160
-1.341900 -2.075577
-0.518127 -1.176841
-0.630791 -0.476459
-0.761473 -1.345366
-0.745070 -0.391125
-1.131268 -1.837686
-0.671840 -1.315739
-0.755715 -0.604938
-0.965612 -0.466316
-0.462280 -1.019529
-1.146688 -1.559589
-1.238552 -0.847846
-1.256430 -2.001816
-0.956228 -0.914028
-1.046492 -0.570087
-1.498188 -2.046078
-0.604363 -0.878301
-0.518011 -0.442907
-1.099681 -0.536977
-1.026448 0.031221
-1.295291 -2.263028
-1.079283 -0.178184
-0.728923 -1.685453
-0.891315 -1.490638
-0.894258 -2.413511
-0.822783 -1.775807
-0.962961 -0.795538
-0.465964 -1.257217
-1.209700 -0.456580
-0.832944 -0.532751
-1.282646 -0.651397
-0.683685 -0.777195
-0.649933 -1.735313
-0.620254 -0.331190
-0.879143 -1.389819
-1.029783 -0.840956
-1.070312 -0.432411
-0.981371 -1.039606
-0.757896 -0.837425
-0.774496 -0.611699
-0.971116 -1.743717
-0.371154 -0.592132
-1.235967 -0.356569
-1.022071 -0.253713
-0.975426 -1.705021
-0.893135 -0.284633
-0.735330 -1.568929
-0.644630 -0.080252
-1.295341 -1.113771
-1.436476 -2.304993
-0.866859 -1.828647
-1.292365 -2.091859
-0.974651 -0.380604
-0.776610 -1.211672
-1.328719 -0.798024
-0.917149 -1.585344
-0.885528 -0.924042
-1.125203 -1.618322
-0.604659 -0.205591
-1.509657 -2.004591
-0.832675 -1.162874
-0.368897 -0.915163
-1.184012 -0.610177
-1.344348 -2.550165
-0.489088 -0.504184
-0.875505 -1.302409
-1.425115 -2.070465
-1.347114 -1.503753
-1.106438 -0.757281
-1.175941 -1.376663
-0.822909 -1.555251
-0.781999 -2.095770
-0.968329 -2.035672
-1.441164 -1.271875
-1.438727 -1.391230
-1.445899 -2.356164
-1.035575 -1.825908
-0.769865 -0.936192
-0.982068 -1.304420
-1.301212 -1.712774
-0.789875 -0.826621
-0.989528 -1.076356
-0.785742 -0.392872
-0.576360 -1.641937
-0.647706 -1.618795
-0.631329 -0.211359
-0.664619 -1.858850
-0.536767 -0.626987
-1.028707 -0.459368
-0.916978 -1.618953
-1.257041 -1.502806
-0.561601 -0.171822
-0.944350 -1.481405
-1.082290 -0.406911
-0.907527 -1.776432
-1.114595 -2.179497
-1.189076 -1.344571
-0.903992 -0.652424
-0.857826 -0.304858
-0.964170 -0.170058
-1.246722 -1.079584
-1.236967 -2.420708
-0.874850 -0.977885
-1.410105 -2.374196
-0.514748 -1.027010
-1.031551 -1.393845
-0.422683 -1.308409
-1.058139 -0.327370
-0.960406 -0.578801
-0.785185 -0.543488
-0.379131 -1.010933
-1.153641 -2.399427
-0.563821 -1.350705
-1.288487 -2.496788
-0.839656 -0.582004
-1.172660 -2.311023
-1.090249 -0.529392
-1.318521 -1.926543
-1.211079 -1.767551
-1.304936 -0.794632
-1.342831 -1.098416
-1.276221 -0.979217
-0.480444 -1.184897
-0.963993 -1.587071
-0.965258 -2.001687
-0.755443 -0.499879
-0.828007 -0.094139
-0.845500 -1.249064
-0.961312 -1.200038
-0.837367 -0.397708
-1.217493 -0.653383
-1.503321 -1.873888
-1.437135 -1.716058
-0.867706 -0.358368
-1.190597 -1.106813
-0.550816 -0.295729
-0.712553 -0.080084
-0.704751 -0.258619
-1.255292 -0.237830
-0.460673 -1.600926
-0.629264 -1.532723
-0.781046 -1.383284
-0.861954 -2.016091
-0.532323 -0.515017
-1.390837 -0.522433
-0.736051 -1.914088
-0.575190 -1.161697
-1.177682 -2.565995
-0.745523 -0.668291
-0.499905 -0.668341
-1.110160 -0.708773
-1.502698 -1.426596
-1.022092 -1.396401
-1.229813 -1.530426
-1.116373 -1.300111
-0.932925 -1.872919
-0.999587 -0.544984
-1.006175 -0.397349
-0.900659 -1.580388
-0.789915 -1.459566
-1.096562 -0.385849
-1.119268 -0.508446
-1.506088 -1.167995
-1.061473 -2.061173
-1.274173 -2.034125
-0.607001 -0.159556
-0.481901 -0.270877
-0.568584 -0.942772
-0.967072 -0.348169
-0.775695 -1.646094
-0.474512 -0.294485
-0.951401 -2.059392
-0.945856 -0.504838
-0.782095 -0.207223
-0.982486 -2.057959
-0.664387 -0.554133
-0.865817 -2.008864
-0.777663 -0.421453
-0.569008 -1.308074
-1.482064 -2.212222
-1.159728 -0.782519
-0.969321 -1.018310
-1.043130 -0.802379
-0.531384 -0.945085
-0.463806 -1.148477
-1.100855 -1.024299
-0.974238 -0.392006
-1.526843 -0.844701
-0.643362 -0.386865
-0.599280 -1.615700
-1.180617 -1.507662
-0.835787 -0.682074
-0.597461 -1.359136
-1.257702 -0.847318
-0.498354 -0.742230
-1.333142 -1.767868
-0.953374 -1.184910
-1.256448 -2.214613
-0.798418 -1.235836
-1.005622 -0.888692
-1.128669 -1.617821
-0.874504 -1.861040
-0.863707 -0.238822
-1.204749 -1.646684
-0.303733 -1.014691
-0.958637 -1.665505
-1.219977 -0.484475
-0.631095 -0.707027
-0.580876 -0.894690
-1.189052 -1.351289
-0.983886 -0.235249
-0.666026 -1.150593
-0.819520 -0.353705
-1.178361 -0.894329
-1.465607 -1.827479
-1.045551 -1.426661
-0.679176 -0.199078
-0.588754 -0.171611
-1.461026 -2.032481
-1.559144 -1.391847
-0.782785 -1.686276
-1.155354 -2.573884
-1.250369 -1.415105
-1.458015 -1.320366
-0.923753 -0.599614
-1.483954 -2.860460
-1.276690 -1.891324
-1.244969 -1.627788
-1.101291 -2.144215
-1.406035 -1.092358
-1.475007 -2.483798
-1.343365 -1.456831
-1.466397 -1.284853
-0.639237 -1.426772
-0.971155 -0.989418
-1.045328 -0.505600
-0.752420 -0.609772
-1.291006 -1.878191
-0.430792 -0.389698
-1.200321 -1.959051
-1.198370 -1.914804
-0.798170 -0.282430
-1.651717 -1.481317
-1.421446 -1.932423
-1.072811 -0.119205
-1.148577 -2.302128
-0.741444 -0.432231
-1.518733 -2.298253
-1.148297 -2.567303
-0.920969 -1.127178
-0.938317 -0.423370
-0.960342 -1.409449
-0.804407 -1.319230
-0.743168 -1.504079
-1.600717 -2.423317
-0.802318 -0.619049
-1.061761 -2.393530
-0.943049 -0.108711
-1.401565 -1.927586
-1.052955 -0.255089
-0.938053 -0.387694
-0.656618 -1.017066
-1.193997 -0.543388
-1.326299 -1.409170
-0.678659 -1.096401
-1.224230 -0.339219
-1.307169 -0.491058
-0.856373 -0.325960
-1.177040 -2.089730
-1.140628 -2.504076
-1.095697 -0.545439
-0.607592 -1.152695
-1.210216 -1.751673
-0.717093 -1.406404
-1.291791 -0.721941
-1.154305 -1.297982
-1.179368 -0.893266
-1.363050 -2.063895
-1.124334 -2.146191
-0.551543 -1.185575
-0.721722 -0.447559
-1.031178 -2.141202
-1.555760 -1.767495
-1.379569 -1.247848
-1.335039 -1.270969
-1.123029 -1.222584
-1.486668 -1.788897
-0.842626 -1.896506
-0.959247 -0.954566
-1.140173 -1.304548
-1.413154 -0.805338
-1.606240 -2.280689
-0.622838 -1.034863
-0.962076 -0.543732
-1.619293 -1.061386
-0.920708 -2.035590
-1.457260 -2.732914
-1.272384 -0.650032
-0.969328 -1.850365
-1.156919 -0.745513
-0.670272 -0.974721
-1.265051 -0.922355
-0.981038 -2.362986
-1.082822 -0.197986
-1.273223 -1.243299
-0.669966 -0.825174
-0.507589 -0.746634
-1.289984 -1.442474
-1.387666 -2.518616
-0.397621 -0.533668
-1.454735 -2.302012
-1.150309 -0.531304
-0.529081 -0.683625
-1.186978 -1.359663
-0.838183 -0.514024
-0.890229 -0.856124
-0.789114 -0.133871
-0.846483 -0.066279
-1.450236 -2.413526
-0.879847 -2.197182
-1.166505 -2.530557
-0.916712 -1.344781
-1.485278 -1.201542
-1.291333 -2.117934
-1.269656 -0.887159
-1.017460 -1.565397
-1.043777 -0.375858
-1.347186 -2.613789
-1.081444 -0.368174
-1.219523 -1.958587
-1.104159 -2.014477
-1.443408 -1.278602
-0.461275 -1.097700
-0.664688 -1.126021
-1.347285 -2.197907
-1.035586 -1.246987
-0.852254 -1.689096
-0.663127 -1.364167
-1.057209 -0.407593
-0.469418 -0.466861
-1.074367 -1.112751
-1.144094 -2.568429
-1.064028 -1.855313
-0.736093 -0.158929
-0.903181 -0.298355
-1.426163 -2.150440
-1.115864 -2.193053
-0.993825 -0.413550
-1.318068 -2.293224
-0.930485 -2.042182
-0.944456 -1.597294
-1.097980 -1.113084
-1.261536 -2.341687
-1.255793 -2.537119
-1.443419 -2.413946
-1.343294 -2.791817
-0.814932 -0.498304
-0.749314 -1.424419
-0.868621 -0.029710
-0.913666 -0.564199
-1.509780 -1.404525
-1.413135 -1.601936
-1.145246 -1.395606
-1.454562 -1.486928
-1.436211 -1.711518
-1.360958 -1.419218
-1.377576 -1.431522
-1.050463 -0.908224
-0.563573 -0.783915
-0.881413 -1.342596
-0.791118 -1.837120
-1.442606 -2.082281
-0.699941 -1.313327
-1.028589 -1.192287
-1.389622 -0.817688
-0.852410 -1.824355
-1.641515 -2.055707
-1.034505 -1.547685
-1.117741 -1.550962
-1.496127 -1.447395
-1.513081 -2.335778
-1.154417 -0.511117
-1.364960 -2.707875
-0.728107 -1.012326
-0.858104 -1.579041
-0.714493 -0.542062
-0.787634 -1.581125
-0.975337 -0.874981
-1.358565 -1.006117
-0.948946 -2.070265
-0.550023 -1.065711
-1.367258 -1.754276
-0.938426 -0.324359
-0.547959 -0.626400
-1.303135 -2.369505
-1.144535 -0.698687
-0.713784 -0.225525
-0.491991 -1.342920
-1.252812 -0.552408
-0.676182 -1.048105
-0.556967 -0.765930
-0.834765 -1.691817
-0.933026 -0.410850
-1.019096 -2.560838
-1.117810 -1.037804
-1.332937 -2.404339
-0.847946 -1.956073
-1.352069 -1.338349
-0.833184 -0.533045
-1.008038 -1.033036
-1.022795 -0.938933
-0.996164 -1.779512
-0.986530 -1.487805
-1.196482 -2.921405
-1.244764 -0.931095
-1.259450 -0.215968
-1.422305 -1.802049
-1.368241 -2.168463
-1.188649 -1.164085
-0.853090 -0.402712
-0.913409 -2.000743
-0.474812 -0.473868
-1.323750 -0.545482
-1.133135 -1.274591
-1.237100 -2.321954
-0.976755 -0.609116
-0.697644 -1.527143
-1.397421 -2.741367
-0.987154 -1.657593
-1.208166 -2.353856
-1.572255 -1.754869
-0.996079 -0.253023
-1.370671 -1.881027
-1.180894 -0.955627
-0.819827 -1.768116
-1.335277 -1.653399
-1.032782 -0.336123
-1.170933 -2.493068
-0.805433 -0.354625
-1.053837 -2.025211
-1.351750 -2.524356
-1.268996 -1.364371
-1.507168 -2.003043
-1.089598 -0.375663
-1.023272 -2.152997
-1.172464 -2.116997
-1.186928 -0.829434
-0.965914 -1.742137
-1.227455 -0.848103
-0.686205 -0.166549
-1.400252 -2.641116
-1.161084 -1.937367
-0.450337 -0.177761
-1.310706 -0.996641
-0.555639 -1.231271
-0.698525 -0.822840
-0.974775 -0.368554
-0.971291 -1.539267
-0.756539 -1.154530
-1.007422 -0.322994
-0.842098 -0.752530
-0.699494 -0.959414
-0.762653 -1.366125
-0.615440 -1.432257
-1.088404 -0.493027
-0.933448 -2.019918
-0.818500 -1.184181
-1.017253 -0.266200
-0.885505 -0.228396
-1.068052 -0.410215
-0.888470 -1.432875
-1.140323 -0.981186
-0.538415 -0.313909
-1.048685 -2.340397
-0.603010 -1.304777
-1.649466 -1.836012
-1.220975 -1.215526
-0.902326 -1.224571
-0.982859 -0.274808
-1.229290 -0.385549
-0.675731 -0.771894
-1.205361 -1.851908
-0.701595 -0.992486
-0.572332 -0.929372
-1.177539 -2.315344
-0.928670 -0.291021
-1.257842 -1.419206
-1.361920 -2.511711
-1.508748 -1.814619
-1.418424 -2.693060
-1.348916 -0.494188
-0.729909 -1.245396
-0.425613 -1.004075
-1.062941 -1.871335
-1.436495 -2.942100
-0.881938 -1.162632
-0.941412 -1.462641
-1.071335 -1.806959
-1.209862 -2.334317
-0.600069 -0.922595
-1.377586 -1.693845
-1.459588 -2.813321
-1.142671 -0.081522
-0.745061 -1.230893
-0.535844 -0.766748
-1.344905 -1.648452
-1.478362 -2.644996
-1.194802 -1.470615
-1.080756 -0.985746
-1.049025 -0.382654
-1.233657 -2.474616
-0.563198 -0.499522
-0.488083 -1.020819
-1.116722 -0.349338
-0.819039 -0.865079
-0.362755 -0.527859
-1.196413 -2.256213
-0.619403 -1.013652
-1.444706 -1.435817
-0.755177 -1.452945
-1.377889 -1.308965
-0.604985 -1.018636
-1.063748 -2.443969
-1.444671 -1.473648
-1.043608 -0.147552
-1.007372 -0.974019
-1.310028 -2.540909
-1.471155 -2.303380
-1.414297 -1.461765
-0.867247 -0.464478
-1.103301 -2.450957
-0.512561 -1.073080
-0.921878 -1.994228
-1.200371 -1.229192
-1.049389 -0.414499
-1.013671 -2.102752
-0.663886 -0.295981
-0.916243 -0.260800
-0.558283 -0.486967
-0.680011 -1.698772
-1.071705 -0.862769
-1.170964 -1.170506
-1.127274 -0.494838
-1.312715 -1.289192
-1.166147 -0.465272
-0.493647 -0.708618
-0.814458 -0.868107
-0.603246 -1.069590
-1.070399 -2.353547
-0.425977 -0.390688
-1.311274 -2.627138
-1.046256 -0.230593
-0.687364 -0.611935
-1.022681 -2.261594
-0.929663 -0.318788
-1.348856 -1.519621
-0.954952 -1.231005
-0.732733 -1.102474
-0.897486 -0.855937
-0.443234 -0.934626
-0.714147 -1.761689
-0.419369 -0.527765
-1.025272 -2.433908
-0.525975 -0.852718
-0.458116 -0.688681
-1.315518 -1.214660
-0.715663 -1.065406
-0.978172 -0.405639
-0.979890 -1.902692
-0.971379 -1.498296
-1.141569 -0.286494
-1.427472 -1.287044
-0.656244 -1.531676
-0.621905 -0.301796
-0.889589 -0.935382
-0.631380 -0.934548
-1.126296 -0.273331
-0.637164 -0.307930
-1.142668 -1.776902
-1.265683 -0.344362
-0.842755 -1.377380
-1.454614 -1.550173
-1.224318 -2.006162
-0.523785 -0.636604
-1.012466 -2.085929
-1.291772 -1.320828
-0.829802 -1.486813
-0.955930 -2.131167
-1.267713 -0.689174
-0.801207 -0.974138
-0.726177 -1.357207
-1.386473 -0.953466
-0.878447 -1.680024
-1.043360 -2.366868
-0.535935 -1.171765
-1.274253 -1.267354
-0.834956 -1.925096
-1.024653 -1.952649
-1.147062 -2.371034
-0.927082 -1.963713
-0.506893 -0.603214
-1.017586 -0.539254
-0.998203 -0.967830
-0.858204 -1.791688
-0.760946 -1.584809
-1.340409 -1.101538
-0.925344 -0.232087
-0.859233 -0.557852
-0.737116 -1.077871
-0.489896 -1.147981
-0.642936 -0.628043
-0.998874 -0.125008
-0.493149 -0.471437
-1.201969 -0.908305
-0.900371 -1.433538
-1.184832 -1.548332
-0.744460 -1.807852
-1.264514 -1.313016
-0.732180 -0.169868
-0.412086 -1.329498
-1.046640 -2.608309
-1.315111 -2.292428
-0.528540 -0.301782
-1.127142 -1.935833
-0.666458 -1.284254
-0.443339 -0.516090
-0.572273 -0.364831
-0.565066 -1.096052
-0.536328 -1.326541
-1.478120 -2.136432
-0.720015 -1.197172
-0.724350 -1.211590
-1.078893 -1.907214
-1.263415 -1.511566
-1.315851 -0.413250
-0.627465 -0.389686
-0.849024 -1.155054
-0.850008 -0.146985
-1.397853 -2.636030
-1.381812 -1.888300
-0.762952 -1.823291
-1.041425 -1.232403
-1.262057 -1.970688
-1.259523 -0.494586
-1.223624 -0.557392
-1.132186 -0.040158
-1.405385 -1.794577
-0.754476 -0.142617
-0.958208 -2.324841
-0.835662 -0.317142
-0.569735 -1.114991
-0.888321 -1.087120
-0.871736 -0.994035
-0.744876 -1.149587
-0.626580 -1.193993
-0.988089 -1.710644
-1.364112 -0.683070
-1.121633 -0.861369
-1.321210 -0.623927
-0.874601 -1.069944
-0.828034 -1.676610
-1.272391 -0.556545
-0.460485 -1.476801
-0.693156 -0.694227
-1.044485 -1.315941
-1.402252 -2.994555
-0.592623 0.028387
-1.179190 -2.451987
-0.521886 -0.318096
-0.922690 -0.980867
-1.174285 -2.537114
-1.353911 -1.016873
-0.672592 -1.834358
-0.974177 -1.572343
-0.701832 -0.449280
-0.776533 -1.631506
-1.026228 -1.559254
-0.749813 -0.558588
-1.217200 -1.491705
-1.051070 -2.006699
-0.985039 -0.320460
-1.354731 -1.644360
-1.033759 0.041020
0.949311 0.821882
-0.988105 -0.345457
-1.016548 -0.098857
-0.938528 -0.306985
-1.154628 -1.366807
-0.788223 -0.646221
-1.031925 -0.379852
-1.293029 -0.480915
-1.153840 -1.323978
-1.183825 -1.521337
-1.058512 -0.816615
-1.609673 -1.190763
-1.442841 -1.433676
-0.939052 -1.037311
-1.011000 -0.440413
-1.228654 -1.280000
-0.393183 -0.654900
-0.793674 -1.897626
-0.731213 -0.925874
-0.729677 -1.935051
-0.586741 -1.541414
-1.433841 -2.161943
-1.417036 -2.280714
-1.239095 -2.014498
-1.186707 -0.434038
-1.330483 -2.746773
-1.244228 -1.603732
-0.664489 -0.090459
-0.791661 -1.058462
-0.781717 -0.300384
-0.527373 -0.623793
-1.474046 -2.350994
-1.385762 -1.820672
-1.548743 -2.246029
-0.740152 -1.129405
-1.465149 -2.545942
-1.293583 -2.039698
-0.584693 -1.739289
-0.615115 -1.297295
-0.648673 -0.848067
-1.077947 -0.500458
-0.657868 -0.708903
-0.428888 -0.755440
-0.439475 -0.900719
-1.126638 -1.949262
-0.516540 -0.962826
-1.006262 -0.572663
-0.510377 -1.406471
-1.313331 -2.576734
-0.941418 -1.734296
-1.177628 -2.346915
-1.104564 -0.518954
-0.911645 -1.629401
-0.802200 -1.764382
-1.195244 -2.562683
-0.657662 -1.791363
-1.031355 -1.448271
-0.694919 -0.729458
-1.289311 -0.822092
-0.632968 -1.860208
-0.748344 -0.201415
-1.102985 -1.890890
-1.631944 -2.549176
-1.125138 -1.818559
-1.156381 -1.951288
-0.790256 -0.561225
-1.023373 -0.743406
-0.703878 -1.679883
-0.967235 -1.724201
-1.064919 -0.331192
-1.267111 -1.195934
-1.085195 -2.224089
-1.193335 -2.198177
-1.112186 -0.251459
-1.142482 -2.199496
-1.403602 -0.723015
-1.003632 -0.740494
-0.855870 -0.336886
-0.759165 -1.742784
-1.153459 -1.783191
-0.690590 -2.195356
-0.750555 -0.642225
-1.308227 -1.291582
-0.570094 -0.571860
-1.377275 -2.112618
-0.810805 -1.144081
-0.476861 -0.662981
-1.152285 -1.239128
-1.567638 -1.990603
-1.181797 -2.625080
-1.580408 -2.120485
-0.905730 -2.222480
-1.346089 -1.956789
-0.647862 -0.965507
-0.933271 -0.224235
-1.071361 -1.390669
-1.432375 -1.325671
-1.242780 -2.537067
-1.399205 -2.337340
-0.816373 -1.863724
-1.082813 -0.565917
-1.473612 -2.723132
-1.101347 -0.645458
-1.480594 -2.278284
-0.784734 -1.274760
-1.626822 -1.716400
-0.445641 -1.170012
-1.507257 -1.298824
-1.325397 -2.728027
-1.549575 -1.777164
-0.586444 -1.491175
-0.558697 -1.049077
-1.105287 -2.530443
-0.815318 -0.544219
-0.887337 -1.188320
-1.130485 -0.678303
-0.938342 -1.090142
-0.703051 -1.872247
-1.096211 -0.901595
-0.993858 -0.306771
-0.683980 -0.889883
-1.300261 -2.528727
-0.494968 -0.382752
-1.200739 -2.560268
-1.215653 -0.520681
-1.122024 -1.925901
-0.928429 -1.064403
-0.603693 -1.021217
-1.254593 -1.326654
-0.768239 -0.813057
-0.960642 -0.111396
-0.737991 -1.150736
-1.047381 -2.124363
-1.401695 -1.989169
-0.564030 -1.283271
-0.914643 -0.150651
-0.680816 -1.726261
-1.330038 -2.776556
-0.902222 -2.291429
-1.257429 -0.761569
-0.860405 -1.318436
-1.284047 -1.461585
-1.340246 -1.796896
-1.124021 -1.782112
-0.740519 -1.825230
-0.656244 -0.951685
-0.800189 -0.266694
-1.276736 -2.259022
-0.383118 -1.203730
-1.060560 -0.841221
-0.694793 -0.692313
-0.769723 -0.583555
-1.096728 -2.041534
-1.438034 -1.297775
-0.904858 -1.356618
-1.222914 -0.279528
-1.318051 -1.088640
-1.446086 -1.784865
-1.044826 -0.649632
-0.858176 -2.075560
-0.678696 -0.626192
-1.059050 -1.393561
-0.687620 -0.137647
-0.931895 -0.155314
-0.892718 -1.257441
-1.001070 -0.504223
-1.571096 -1.512135
-1.177083 -0.368444
-0.951246 -0.915713
-0.365760 -1.069331
-1.481107 -2.438118
-1.109257 -2.119323
-0.738950 -1.389992
-0.752893 -0.929942
-0.594973 -0.731788
-1.319574 -1.262784
-1.314318 -0.501117
-1.098340 -1.147079
-1.573514 -2.223818
-1.103224 -0.685685
-0.622827 -0.433633
-0.971957 -0.477321
-0.773780 -0.768331
-0.756980 -1.006290
-0.890962 -0.658416
-1.321732 -1.254444
-0.663415 -1.996434
-0.803062 -2.073134
-1.280171 -2.038378
-0.864242 -2.349789
-1.306341 -2.212675
-1.609317 -2.194164
-1.444366 -2.556903
-1.053520 -1.618751
-1.107090 -1.180376
-1.055923 -0.373297
-0.494240 -0.455308
-0.980111 -0.626610
-1.080877 -1.167895
-0.468366 -1.284154
-0.892850 -1.766681
-0.930032 -1.625844
-1.143996 -2.406794
-0.852985 -0.061582
-1.187944 -1.896414
-0.857266 -1.316613
-1.106191 -1.466913
-0.583824 -0.939179
-1.568868 -1.906850
-1.165927 -2.071641
-1.603748 -0.972420
-1.114661 -2.049138
-1.260081 -0.673848
-0.851801 -0.195131
-1.279518 -0.537900
-1.187571 -1.710796
-1.488553 -2.197596
-1.334293 -2.368002
-0.779302 -0.643866
-1.352413 -1.654297
-1.287065 -1.158885
-1.193350 -0.739718
-0.599383 -1.664482
-1.095986 -1.220972
-0.989511 -0.531415
-0.805733 -1.475857
-1.100472 -2.244471
-1.241222 -1.759764
-1.452300 -0.974688
-0.914549 -1.534575
-1.083952 -1.051456
-0.713580 -0.147847
-0.687224 -1.176244
-0.684451 -1.125700
-0.740155 -2.149863
-1.010377 -0.871326
-0.610890 -0.442636
-0.871183 -1.936621
-0.884658 -0.299361
-0.622371 -0.469618
-1.307649 -1.109508
-0.686372 -1.178972
-0.570979 -0.445423
-1.189469 -1.544281
-1.329051 -1.250618
-0.711288 -0.267514
-0.707853 -2.053431
-0.973613 -0.116086
-1.095864 -1.656597
-1.014426 -2.388042
-0.423613 -0.760163
-1.086336 -1.438002
-0.687528 -0.037556
-0.741312 -0.985874
-1.031157 -2.314960
-1.136333 -1.153486
-1.287714 -0.592167
-1.046435 -1.201422
-1.400486 -1.390931
-1.618373 -2.006213
-0.526767 -0.921880
-0.702410 -1.856563
-1.371278 -2.614194
-1.003215 -0.492322
-0.679214 -0.987833
-1.276067 -2.586429
-0.370330 -0.926224
-0.668888 -0.563075
-0.617128 -0.686625
-1.072072 -2.663058
-1.181458 -0.650033
-0.692864 -1.458657
-0.585141 -0.685603
-1.494661 -2.194960
-0.939936 -1.939912
-1.741992 -2.215744
-0.958449 -0.144590
-1.299548 -0.539622
-1.407783 -2.823343
-1.108771 -0.460769
-0.396693 -0.348014
-0.789632 -0.264337
-1.215863 -0.651598
-0.939522 -0.512994
-0.429990 -1.146577
-0.684483 -0.291330
-0.460956 -1.044261
-1.394032 -0.979644
-1.197361 -1.118734
-1.544358 -1.640833
-0.751115 -0.256138
-1.107475 -0.882234
-1.143778 -1.655622
-1.133424 -2.513621
-1.335338 -1.192955
-0.784799 -1.441147
-0.996435 -1.846838
-0.961680 -1.830087
-0.666642 -0.484122
-1.270217 -1.191936
-0.520708 -1.260224
-1.314323 -1.446134
-1.357251 -1.671460
-1.114813 -1.197889
-1.096352 -0.080462
-0.715859 -2.030030
-1.111563 -1.529897
-0.814573 -0.290764
-0.815060 -1.710334
-1.484201 -2.816732
-0.838194 -0.382202
-1.194027 -1.500587
-0.833607 -0.059394
-1.379384 -1.219226
-0.409690 -0.554846
-0.759015 -0.683818
-0.693117 -1.742838
-0.907075 -1.500255
-1.420564 -1.539336
-0.613579 -1.130346
-0.930679 -0.610380
-0.727543 -0.191067
-1.074583 -0.467099
-0.893028 -0.348831
-0.824579 -1.616403
-0.834484 -0.788966
-0.402785 -1.207290
-0.704725 -2.048213
-1.203022 -0.880146
-0.897008 -1.664681
-0.728618 -0.437253
-0.613412 -1.912528
-1.027447 -1.961602
-0.780514 -1.100513
-0.966858 -1.041822
-0.670688 -1.866073
-1.454826 -1.088062
-0.484554 -0.596690
-1.277860 -0.613920
-1.478294 -1.059341
-0.818828 -1.875074
-1.395234 -1.939981
-0.422192 -1.145763
-1.058964 -0.767044
-0.538148 -1.662475
-0.709337 -0.518322
-0.600283 -1.394849
-0.580132 -0.323695
-1.270178 -2.676244
-0.830822 -1.041296
-0.639160 -0.444662
-0.501654 -1.302088
-0.959403 -1.644528
-1.301963 -0.863711
-0.965204 -1.867938
-0.778768 -0.752621
-1.212416 -2.693214
-1.068644 -2.193986
-1.275814 -2.209028
-0.509828 -0.382485
-1.129691 -1.190959
-1.195165 -1.641716
-1.163490 -0.892796
-0.801986 -0.333937
-0.747705 -0.567239
-1.125505 -1.192021
-1.137043 -0.816208
-1.236143 -0.970404
-1.302402 -1.163702
-1.392503 -2.398397
-1.236070 -1.733281
-0.651305 -1.759473
-1.281500 -1.323698
-1.397833 -2.202605
-0.399249 -0.944875
-1.003198 -0.867721
-1.572685 -1.880754
-1.322443 -1.764751
-0.863543 -0.208743
-0.873188 -0.599179
-0.609169 -0.368292
-1.136206 -1.306939
-0.809665 -0.968089
-1.138780 -2.068645
-0.811469 -0.653828
-0.694163 -0.108463
-1.265524 -0.718889
-0.810315 -0.851372
-1.053954 -0.168986
-1.276672 -1.578494
-0.844405 -1.311602
-1.247880 -0.399046
-0.811011 -0.383630
-1.343059 -0.606541
-1.415738 -2.370985
-1.433467 -2.548130
-1.099003 -0.909078
-1.216945 -0.603776
-1.268065 -0.901297
-1.268533 -1.884682
-0.923675 -1.222797
-1.174816 -1.909806
-0.639379 -1.412712
-1.222036 -1.177957
-1.151672 -0.791201
-0.659166 -0.476134
-1.314719 -0.818409
-1.094525 -1.610835
-0.752025 -1.274733
-1.124955 -0.500963
-1.037015 -2.128719
-0.827651 -0.766410
-1.275762 -0.529349
-0.712990 -0.471367
-0.494120 -1.260419
-1.158861 -1.400774
-1.334190 -2.172273
-1.111912 -1.203984
-1.387933 -1.237461
-1.172512 -1.339933
-1.309302 -0.974693
-1.317765 -1.296888
-0.988854 -0.775907
-0.500175 -0.580999
-1.272801 -2.165646
-0.975308 -0.898689
-1.417850 -1.543796
-1.162529 -1.069738
-0.392998 -1.201128
-0.809765 -1.580462
-1.349102 -0.538944
-1.274963 -2.716436
-1.058147 -0.966480
-1.342019 -0.831952
-0.655507 -1.741365
-1.060398 -0.163635
-1.206766 -2.469171
-1.524137 -1.523419
-1.571362 -2.158199
-1.012110 -2.323888
-0.770172 -1.643607
-0.603425 -1.517821
-0.896086 -2.374388
-1.207715 -1.665131
-0.752891 -2.010050
-0.466801 -0.326439
-0.806781 -0.994737
-0.812736 -0.324313
-0.982858 -0.794800
-0.407400 -1.254033
-1.353001 -2.142694
-0.759480 -0.733464
-0.934080 -1.929262
-0.935076 -0.624604
-1.227013 -0.638224
-0.912660 -0.339444
-0.937182 -2.204506
-0.588749 -0.525860
-1.426070 -1.930322
-1.241813 -0.441938
-1.454908 -1.131810
-0.938624 -1.593978
-1.093197 -1.026728
-1.065392 -0.600997
-0.780053 -0.265310
-1.418881 -1.069892
-1.644842 -2.089672
-1.290540 -0.973085
-1.425798 -2.713515
-1.285942 -0.849707
-1.225720 -0.279682
-0.626907 -0.467382
-0.588750 -0.324185
-0.750613 -0.368336
-0.961856 -1.520374
-1.077413 -0.981943
-1.188330 -2.041408
-0.992340 -0.188599
-1.120421 -2.049437
-1.456706 -2.589004
-0.831421 -0.226952
-0.688309 -0.346663
-1.089422 -1.117512
-1.075724 -2.196084
-0.578025 -1.766428
-0.695356 -0.409852
-1.168603 -1.201729
-0.978267 -0.618908
-1.092744 -0.982825
-0.795179 -1.762027
-0.781878 -0.107829
-0.744782 -1.328759
-1.260070 -2.366654
-1.484895 -2.241843
-0.789077 -1.446593
-0.960646 -0.530085
-1.362267 -2.763167
-1.361140 -1.973505
-0.977368 -0.646621
-0.472652 -1.444559
-1.025590 -2.395579
-1.119537 -1.490129
-0.828062 -1.090423
-1.041226 -1.400160
-1.416237 -2.322207
-1.085232 -0.950223
-0.951429 -2.165501
-1.199449 -0.729682
-0.513204 -1.370940
-0.457646 -0.622367
-1.321037 -1.186258
-0.647856 -1.052221
-0.734539 -0.405615
-0.956031 -1.318582
-1.042365 -0.235453
-0.394442 -0.368515
-1.176360 -2.349405
-1.196439 -2.586135
-1.341643 -1.469089
-0.945719 -0.806033
-0.881873 -0.782668
-0.460477 -0.882841
-0.572476 -1.095242
-1.192127 -0.759125
-0.562792 -0.292690
-0.945522 -0.281367
-1.451805 -1.408388
-1.478274 -2.001515
-1.763396 -1.918549
-1.057744 -1.053112
-1.197147 -1.783928
-0.723572 -1.361701
-1.283409 -2.493070
-1.368564 -2.233581
-1.412210 -2.365192
-0.955932 -0.279247
-1.254329 -2.770201
-1.284413 -0.863772
-1.122983 -1.661427
-0.428745 -0.562754
-0.666432 -1.115402
-1.312259 -2.173862
-1.588935 -1.473414
-1.419740 -1.145003
-1.090674 -0.332703
-1.208491 -2.403122
-0.884866 -0.983895
-1.010428 -1.499504
-0.951861 -1.031839
-1.176918 -0.394234
-1.191010 -0.394074
-1.268396 -1.090685
-1.098768 -1.759947
-0.654399 -0.464827
-1.330035 -0.957959
-0.786063 -0.784570
-1.360983 -1.158906
-0.823105 -1.676059
-0.630748 -0.215566
-0.663606 -0.307661
-0.560463 -0.790233
-0.705158 -1.391526
-0.539509 -1.429258
-0.801829 -1.927253
-1.357838 -0.906138
-1.418815 -1.035216
-1.512445 -1.295494
-0.874667 -1.233369
-1.373792 -0.912759
-0.964857 -1.412445
-1.536875 -1.555544
-0.530217 -0.308229
-0.791444 -0.741984
-0.730759 -1.678233
-1.133010 -1.385206
-1.394725 -0.989323
-1.226422 -2.022751
-0.614138 -0.846810
-1.087126 -0.983311
-0.974934 -0.180816
-0.933108 -0.321336
-0.658421 -1.723168
-1.198563 -1.554553
-0.497496 -0.653833
-0.641674 -0.710642
-0.799911 -2.087122
-1.435879 -2.126627
-0.663752 -1.094411
-0.577060 -1.597564
-0.560167 -0.642718
-1.222844 -0.379197
-1.116419 -2.235003
-0.910938 -0.432162
-1.463833 -2.467574
-1.340768 -1.678347
-1.173220 -0.279996
-0.903277 -0.838936
-0.921689 -0.116490
-1.020952 -0.358139
-1.509827 -2.078929
-1.371085 -1.070217
-1.560295 -2.283736
-1.623227 -2.289372
-0.754973 -0.729076
-0.277046 -0.168464
-1.338014 -1.277926
-1.352369 -0.454166
-1.197586 -1.618294
-1.283457 -1.994241
-1.399163 -1.719951
-1.277324 -1.446539
-1.226456 -1.487808
-0.757984 -2.125344
-1.043324 -0.786654
-1.255580 -0.558627
-0.695987 -0.153108
-0.540040 -1.057912
-0.658413 -1.656748
-1.306289 -2.305251
-1.043728 -1.303918
-0.664629 -1.529667
-1.040739 -0.070864
-0.563691 -1.014583
-0.834419 -1.379671
-1.046891 -2.437172
-0.879923 -0.243676
-1.419141 -2.486563
-1.144206 -0.164702
-1.171325 -1.717591
-0.958689 -0.306007
-1.043941 -1.345564
-0.680353 -1.125289
-1.355644 -0.515703
-0.741155 -1.906825
-1.469004 -1.567051
-1.073926 -0.648698
-1.536851 -2.084109
-1.205603 -1.883414
-1.114683 -2.044458
-1.040249 -2.483248
-1.245990 -0.435395
-0.617579 -1.600926
-1.431961 -2.949713
-1.417241 -2.514796
-0.698650 -0.172314
-0.962511 -1.010547
-1.472233 -2.170435
-1.079734 -1.196295
-1.547421 -2.591657
-1.260309 -1.124622
-1.066248 -0.114028
-1.274951 -1.761396
-0.990103 -0.324718
-1.304976 -1.820720
-0.908224 -2.013007
-0.916189 -0.608811
-1.023493 -1.392900
-1.223444 -0.341291
-1.068653 -0.166830
-0.984628 -1.491640
-1.323339 -1.278531
-0.809668 -0.268579
-0.778086 -1.583534
-0.880778 -0.236230
-1.351733 -2.740412
-1.331326 -0.767318
-0.942182 -1.248462
-0.990558 -1.558770
-1.280170 -0.908001
-1.192380 -2.150689
-0.949286 -1.718089
-1.317013 -1.930536
-1.114081 -2.068827
-0.727161 -1.522820
-1.040790 -0.988950
-0.859582 -1.510935
-1.051822 -1.994598
-0.774943 -0.880911
-1.153601 -1.540344
-1.215468 -2.327800
-1.192751 -0.510674
-1.004676 -0.427151
-1.414217 -0.776155
-1.148064 -2.367778
-1.392213 -2.426872
-1.501495 -1.208318
-0.936778 -2.095291
-1.521574 -1.463150
-1.267240 -0.509640
-1.263312 -1.217120
-1.282617 -1.860804
-1.205985 -0.375074
-1.162425 -1.169155
-1.394855 -0.691563
-0.328589 -0.820427
-1.194552 -2.083435
-0.637813 -1.301152
-0.407421 -1.065679
-0.625235 -0.509832
-1.103961 -2.179344
-0.928035 -2.154096
-1.131365 -2.353255
-1.173084 -0.231530
-0.548114 -0.574137
-1.326442 -1.271398
-0.652137 -0.625261
-0.735451 -0.715440
-0.465358 -0.628549
-0.658876 -1.799334
-0.549786 -1.583098
-0.900674 -1.051116
-0.571469 -0.809212
-0.702577 -0.163444
-1.283882 -1.747262
-0.593763 -0.497103
-1.161658 -0.818917
-1.337116 -2.035917
-0.991610 -0.998998
-1.060079 -0.916493
-1.070467 -1.372432
-0.825072 -0.422298
-1.492636 -2.218043
-0.563861 -0.986753
-1.061995 -2.270608
-0.778486 -0.792192
-0.669263 -1.206207
-0.600319 -1.707819
-1.468616 -1.327176
-0.896114 -0.310327
-1.405084 -2.217086
-0.767478 -2.027858
-1.069746 -1.301952
-0.682048 -0.223281
-0.986872 -0.778401
-0.602632 -0.712258
-1.272826 -0.860125
-0.840073 -0.499427
-1.099999 -0.949745
-1.032004 -1.706301
-1.082415 -1.020290
-0.480002 -1.398712
-1.040642 -0.802236
-0.574277 -1.252992
-0.725020 -1.621010
-1.139815 -0.785347
-0.548906 -0.883477
-0.678778 -0.910860
-1.108784 -0.365221
-1.045811 -1.380167
-1.020051 -2.344060
-0.942603 -1.132701
-0.711070 -0.425021
-0.707967 -1.116502
-1.189545 -0.393525
-0.784714 -0.898347
-0.441517 -0.860392
-1.277325 -1.723634
-0.448234 -0.777984
-1.525913 -1.063006
-0.988451 -0.238545
-1.267585 -0.877868
-1.143708 -0.983005
-0.917357 -0.869786
-1.022639 -0.275522
-1.248281 -2.243031
-1.241428 -2.291534
-0.831481 -2.116117
-0.604736 -0.752121
-1.414050 -1.702891
-1.397288 -2.192603
-0.530677 -0.837075
-1.180724 -2.144652
-1.215792 -1.906324
-0.743974 -0.892620
-0.562622 -1.335598
-0.912652 -0.110414
-1.294725 -1.745898
-1.175453 -2.524499
-0.730440 -0.023639
-1.417065 -0.659555
-1.192724 -0.397694
-0.981497 -2.490798
-1.322935 -1.032616
-1.097799 -1.410357
-1.066966 -0.469251
-1.222462 -0.345021
-0.823415 -1.951711
-0.694700 -0.226440
-0.624987 -0.282117
-0.791812 -2.090429
-1.552884 -1.877092
-1.389975 -1.830308
-1.102171 -1.264827
-1.412683 -2.001646
-1.157745 -1.183800
-0.504278 -1.297756
-0.919582 -2.103334
-0.716856 -1.471608
-1.631824 -2.652388
-0.683436 -0.372340
-0.509348 -1.374822
-0.441775 -0.673886
-0.802783 -1.907716
-0.778038 -2.077940
-1.252332 -1.690867
-1.418054 -2.212549
-0.993879 -0.972572
-1.265607 -2.506592
-1.091003 -0.839899
-0.489791 -0.763547
-0.537082 -0.657791
-1.495184 -1.632990
-0.907781 -2.217854
-1.203742 -0.292633
-0.543355 -0.390242
-0.575964 -0.560109
-0.938119 -0.901481
-1.193855 -2.436931
-0.909777 -0.337193
-0.632340 -1.802567
-0.814991 -1.279802
-1.146185 -2.606127
-0.640351 -0.733100
-0.715834 -1.469377
-0.898876 -0.187599
-0.423591 -1.067100
-1.276195 -2.820680
-1.407791 -1.408834
-0.755092 -0.499224
-0.956261 -0.406280
-0.710078 -1.148458
-0.646140 -0.704663
-1.308943 -1.241117
-0.398307 -0.830412
-0.713507 -1.999786
-0.854123 -0.915837
-1.221676 -1.979555
-0.824479 -2.193094
-0.873819 -1.123047
-1.022788 -1.294363
-1.028380 -0.135933
-0.815269 -1.024186
-0.842482 -0.428212
-0.880340 -0.453464
-1.093181 -2.140922
-0.925675 -0.231339
-0.474397 -0.642208
-0.729691 -0.704793
-0.663057 -0.144754
-0.912792 -1.681397
-0.889505 -2.156736
-1.471205 -1.122407
-0.807266 -1.408456
-0.479478 -0.592676
-1.380929 -2.439114
-0.561036 -1.176825
-0.854644 -1.253433
-1.168211 -1.461391
-1.335433 -1.482633
-0.784642 -0.447022
-1.386603 -0.836289
-1.344054 -1.673108
-1.273325 -0.907748
-1.130944 -0.095858
-0.717928 -0.888425
-1.319676 -1.420722
-1.437263 -2.072085
-1.377806 -1.257077
-1.419636 -1.767297
-1.306174 -0.853749
-1.025735 -0.973999
-1.428357 -0.813665
-0.890899 -0.408164
-1.324247 -0.414313
-0.897316 -1.710222
-1.313872 -2.357033
-1.346197 -2.105906
-0.780255 -1.990392
-0.972831 -2.297515
-0.454957 -0.455231
-1.479489 -1.980811
-1.324497 -2.219578
-0.879992 -0.451904
-1.261407 -1.812820
-0.553147 -0.697958
-0.799850 -0.387605
-0.993130 -0.612931
-1.051739 -2.090337
-1.068987 -2.460154
-1.072530 -1.659495
-0.898811 -0.263968
-1.511675 -2.088900
-1.343042 -1.639492
-1.040330 -1.327394
-0.992442 -2.237799
-0.599027 -1.426343
-1.678938 -1.898021
-1.121113 -1.091766
-1.261018 -2.029383
-0.919414 -0.499985
-1.293478 -2.016116
-0.973919 -0.295270
-0.769526 -1.964073
-0.796386 -1.889404
-1.382218 -2.061049
-1.145078 -0.272656
-0.917731 -0.318319
-1.000496 -2.343935
-1.062640 -0.153494
-0.817804 -1.619008
-1.051532 -1.466954
-0.964376 -1.410805
-0.888502 -0.521169
-1.516162 -2.568300
-0.505899 -1.535948
-1.157782 -2.321866
-0.504494 -1.154245
-1.437863 -0.544665
-0.405911 -0.953994
-1.203475 -2.005562
-1.364151 -1.982028
-1.521813 -2.581892
-1.225255 -2.407667
-1.003856 -2.574149
-1.224437 -1.289369
-0.953547 -1.960553
-0.645032 -0.421718
-0.631914 -0.537060
-1.062778 -1.343333
-1.211400 -1.885994
-0.862002 -2.283349
-1.427551 -0.977804
-1.181242 -1.303150
-1.347744 -2.476997
-1.166778 -0.438201
-1.069591 -1.902534
-0.911782 -0.390312
-0.886010 -0.448162
-0.645337 -1.682023
-0.354645 -0.787857
-0.698857 -1.366680
-1.270982 -1.185092
-0.815638 -1.333648
-0.871560 -0.916436
-0.618229 -0.579803
-1.224301 -1.215758
-0.458427 -1.685957
-1.300884 -2.448033
-0.787789 -0.490805
-0.925375 -2.101527
-1.169336 -2.107831
-0.960250 -0.741298
-1.401903 -2.412960
-0.930754 -0.997160
-1.087102 -1.049661
-0.654411 -0.138637
-1.495471 -2.444710
-0.899416 -1.511387
-1.401933 -3.094651
-1.453084 -2.162095
-0.460493 -1.257517
-1.278532 -1.087031
-1.439536 -1.563784
-1.181410 -0.653771
-0.981997 -1.221255
-0.575569 -1.558818
-1.305486 -2.216003
-0.620179 -0.504455
-1.148388 -2.449675
-0.660076 -0.666418
-0.643519 -1.523481
-1.528154 -1.889530
-0.573494 -1.432185
-0.592350 -0.288704
-1.335114 -2.075246
-0.426350 -0.474902
-0.663865 -0.513003
-1.246202 -0.889637
-1.330563 -2.062933
-0.433934 -0.391923
-0.794687 -2.069051
-1.614346 -2.821196
-1.072869 -1.895312
-0.859326 -1.047900
-1.419523 -2.260957
-0.894138 -0.836202
-0.508357 -0.690428
-1.417484 -1.795945
-0.658069 -0.317956
-1.312416 -0.622745
-0.474159 -1.024077
-0.646680 -1.025348
-1.044526 -2.301213
-1.215480 -0.494575
-1.483745 -1.432875
-1.446919 -1.086978
-0.671664 -1.881947
-0.681406 -0.568263
-1.578826 -2.069637
-0.724925 -1.841284
-1.194090 -0.829546
-1.284422 -1.894307
-0.811009 -1.392108
-1.367000 -0.548271
-1.284916 -0.998246
-1.301029 -0.444903
-1.034084 -1.139598
-0.753320 -0.971894
-0.769082 -0.376462
-1.130998 -2.226151
-0.887368 -1.894716
-1.278061 -0.552430
-1.147212 -1.028553
-1.094993 -0.732802
-1.076066 -2.336046
-1.580175 -1.408242
-1.213139 -2.314255
-0.280562 -0.600160
-0.823870 -1.984176
-1.040349 -0.733628
-1.032910 -1.542129
-0.723802 -0.414251
-1.061695 -0.780127
-0.702909 -2.195702
-1.281467 -1.619173
-0.893179 -0.484559
-0.493861 -0.500923
-0.795453 -1.615252
-0.999506 -0.909722
-0.967496 -1.641691
-1.169749 -0.577772
-1.029092 -0.421929
-0.894116 -2.228381
-1.051821 -0.300300
-1.089008 -0.254445
-1.160672 -1.557346
-1.260897 -1.245194
-1.083369 -1.529921
-1.411157 -0.547639
-1.198630 -2.745877
-0.950209 -1.352261
-0.910844 -2.064537
-1.372710 -0.674787
-1.313165 -2.343615
-0.709213 -0.733991
-0.754781 -0.945517
-0.950670 -1.369539
-0.974883 -1.616338
-0.868732 -1.622207
-0.870995 -1.181851
-1.315559 -1.027294
-1.395444 -1.587044
-0.679728 -1.501127
-0.554773 -0.342106
-1.322462 -1.883908
-1.105872 -0.317788
-1.443584 -2.400927
-0.461927 -0.703377
-0.755206 -0.434206
-0.961766 -1.595340
-0.672627 -0.234815
-0.625543 -0.736702
-0.401809 -0.645106
-0.675836 -1.898607
-1.280147 -2.252278
-0.885822 -0.402982
-1.195388 -1.714043
-1.313264 -1.135829
-1.698877 -2.489059
-1.151307 -1.810561
-0.640772 -0.323824
-0.687434 -0.914290
-0.736736 -0.479624
-1.279349 -2.255036
-0.706713 -1.155300
-0.578946 -0.174928
-0.904147 -0.345785
-1.404284 -1.267573
-0.511952 -1.084656
-0.651876 -0.417357
-0.858241 -0.428583
-1.311274 -1.559148
-0.647530 -1.732795
-0.609386 -1.127200
-1.142229 -1.425513
-0.687777 -2.013969
-1.320170 -1.857477
-1.385476 -2.440471
-1.268657 -2.386964
-1.687656 -2.828240
-1.068869 -0.281859
-1.177346 -0.532521
-1.388188 -2.082702
-1.084709 -1.912555
-1.128500 -1.867179
-1.278486 -1.655245
-0.593921 -0.506455
-1.196648 -1.824176
-1.217603 -1.933466
-1.206466 -1.310016
-1.140444 -0.967865
-1.206024 -1.968969
-0.917696 -1.085969
-0.944427 -1.328103
-1.549790 -1.123349
-0.746123 -2.046417
-1.331757 -1.085650
-0.858104 -1.805073
-1.051965 -1.110503
-1.551375 -1.082656
-0.799735 -2.063263
-0.432041 -1.429677
-0.600429 -0.298311
-0.751875 -0.606796
-1.295732 -2.401884
-1.402989 -0.872532
-1.087650 -0.957563
-0.655330 -0.469776
-0.487356 -0.385166
-1.074779 -0.245342
-1.063110 -1.835962
-0.824616 -1.710420
-0.533213 -1.271917
-0.499110 -1.040181
-1.364869 -1.745369
-1.064542 -0.630067
-0.790106 -0.710622
-1.314108 -1.055275
-0.921271 -0.215642
-0.728368 -1.599556
-0.637654 -1.232052
-0.806302 -1.837445
-1.230496 -0.874380
-0.706598 -1.302746
-1.041893 -1.009670
-0.880336 -1.705590
-0.946650 -1.411623
-1.334543 -0.905775
-0.630222 -1.610661
-0.935193 -0.416856
-1.430266 -2.321963
-1.373951 -2.674473
-1.069446 -1.346056
-1.095428 -1.948564
-1.083919 -2.551143
-1.175497 -2.313118
-1.265454 -1.713036
-1.298062 -0.858035
-0.715048 -0.096777
-0.516754 -1.272301
-1.241325 -0.631712
-1.137079 -0.453408
-1.120129 -2.002919
-0.742157 -0.952964
-0.876478 -1.494707
-1.380452 -1.268913
-0.527816 -1.011055
-0.417841 -1.014298
-1.030244 -0.661736
-1.160038 -0.487677
-0.467673 -0.386695
-0.772021 -1.167773
-0.483357 -0.973239
-1.254112 -2.144432
-1.257161 -2.226808
-1.146039 -0.270198
-0.976323 -0.223229
-1.164144 -2.179733
-1.302330 -0.580350
-1.177250 -0.705035
-0.992093 -0.309933
-1.271914 -2.493036
-1.041420 -1.947706
-0.751046 -0.397697
-0.874832 -2.126769
-1.296665 -0.533259
-0.931257 -2.119899
-0.828849 -1.198754
-1.230239 -0.977138
-0.864292 -0.626475
-1.567398 -2.559995
-1.091143 -1.705142
-0.998929 -1.075874
-0.814476 -1.494619
-0.841056 -0.442624
-1.366406 -1.347903
-0.516270 -1.847130
-0.684571 -0.932632
-1.343916 -0.989814
-1.381779 -1.367225
-1.045954 -0.214622
-0.341696 -0.869664
-1.455173 -2.462963
-0.502542 -1.571821
-1.355008 -1.446687
-0.515394 -0.187884
-1.377337 -1.189331
-0.793780 -0.641434
-0.718324 -0.772247
-0.649659 -1.627827
-1.222042 -0.909123
-1.018940 -0.308894
-0.949892 -1.709850
-0.718138 -1.475382
-1.553894 -2.022360
-1.313550 -1.730538
-0.665572 -0.632629
-1.348392 -0.472158
-0.704598 -1.148393
-1.194494 -0.593069
-0.923888 -1.799373
-1.537268 -2.148099
-1.418508 -2.551562
-0.703101 -1.855311
-1.374474 -2.483327
-0.525692 -1.029474
-1.380137 -1.998941
-0.940562 -0.056122
-1.406721 -1.970504
-0.682498 -1.421423
-1.438684 -1.151941
-1.092207 -0.132598
-0.533925 -1.465227
-1.043280 -2.373057
-0.848361 -0.366142
-0.773610 -0.937912
-1.217335 -1.685979
-0.977010 -1.291472
-1.261741 -1.076268
-0.643022 -0.230005
-1.351976 -1.724548
-1.293758 -0.549734
-1.508300 -2.022292
-1.225371 -0.540250
-1.207332 -1.651614
-0.404671 -1.197822
-0.889685 -1.416848
-1.268425 -2.576226
-1.034941 0.033891
-1.414282 -2.324103
-0.909934 -0.347428
-1.289264 -0.380926
-0.936686 -0.455290
-1.443837 -1.317338
-0.726380 -1.217612
-1.286633 -1.143940
-1.344999 -0.565475
-1.291854 -1.571074
-0.853937 -0.861612
-0.606755 -1.535715
-1.218258 -0.806952
-0.907709 -0.150088
-1.347885 -0.752316
-0.518799 -1.033957
-0.710696 -2.059362
-0.966492 -0.954597
-1.368570 -1.270069
-0.518853 -0.768960
-0.864913 -1.280859
-0.629674 -0.380722
-1.168499 -2.347127
-0.496172 -0.561882
-1.313647 -2.040001
-1.448711 -1.926449
-1.437469 -2.733022
-1.456384 -1.050048
-0.617632 -0.365878
-1.357188 -1.527982
-1.014156 -1.132345
-1.294662 -2.575648
-1.081424 -2.317980
-1.205446 -0.503266
-0.434303 -1.052210
-1.250245 -1.121367
-1.010595 -0.380008
-1.212584 -0.457318
-1.265191 -1.914312
-1.248592 -0.569549
-0.506098 -1.215715
-0.759565 -0.315365
-1.379917 -2.471661
-0.660405 -0.472494
-0.669482 -1.711470
-0.755240 -0.565604
-1.562154 -2.195308
-1.214101 -2.156997
-1.009413 -0.133103
-0.549772 -1.221578
-1.220051 -2.561353
-1.385759 -2.656695
-1.009264 -2.458565
-0.775046 -1.274136
-1.483190 -1.545612
-1.392648 -1.106961
-0.882499 -0.769176
-1.103984 -1.886528
-0.895672 -0.454325
-0.658043 -0.464895
-0.641504 -0.870545
-1.033356 -0.925710
-1.269829 -2.214366
-1.394331 -1.192493
-0.868486 -0.317000
-1.338699 -0.695338
-1.112086 -0.463979
-1.074153 -0.864537
-1.508801 -1.645183
-0.862552 -0.613429
-0.998560 -1.815420
-1.555385 -1.471404
-0.698983 -0.377716
-0.622047 -0.986161
-1.464038 -0.897980
-1.532628 -1.731369
-1.194800 -0.530229
-1.140795 -0.586476
-1.442214 -0.675179
-1.043693 -0.418112
-0.865051 -1.008076
-1.431625 -2.184671
-1.058264 -1.857463
-0.786898 -1.221344
-0.758455 -0.345819
-1.150801 -0.202816
-1.076513 -1.872868
-0.980075 -0.081319
-0.791224 -0.337850
-1.356746 -0.542435
-1.012559 -0.971807
-0.865609 -1.315373
-1.200865 -1.829641
-0.543108 -1.506924
-0.880145 -0.465028
-1.023172 -2.588468
-1.094954 -0.900465
-1.022841 -1.754283
-0.836017 -1.007962
-1.030369 -1.597573
-1.248047 -1.786968
-0.584694 -1.530781
-0.667737 -0.706387
-1.302797 -2.552406
-1.266598 -0.723506
-1.099621 -0.600052
-1.002660 -1.112005
-1.117760 -1.851602
-0.759851 -0.865042
-0.627419 -1.792275
-0.967655 -0.954569
-1.139125 -1.114379
-1.355488 -2.038535
-1.521178 -2.478968
-1.179998 -0.458556
-0.871557 -2.202568
-0.507234 -0.718329
-1.116611 -0.112347
-0.604616 -1.117092
-0.405477 -0.446920
-1.014523 -0.838910
-0.775036 -1.332017
-1.240737 -0.687099
-0.856579 -1.741672
-1.554496 -1.420062
-0.737642 -0.421365
-0.827764 -1.116263
-0.990746 -1.025444
-0.457289 -1.220692
-0.971261 -0.875823
-0.767278 -1.774355
-1.555021 -1.322059
-0.567214 -0.833098
-0.756890 -2.010638
-1.205783 -1.768706
-1.414358 -1.037002
-0.699546 -0.840544
-0.504008 -0.588859
-0.887035 -1.418969
-0.877102 -1.109137
-0.678184 -1.189939
-1.037161 -0.165230
-1.561590 -1.585133
-1.021785 -1.031305
-0.536692 -0.864502
-0.575484 -0.728041
-0.882486 -0.267888
-0.816984 -0.892898
-0.492216 -1.023966
-1.121249 -1.511167
-0.482086 -0.840659
-1.342737 -1.665975
-0.722372 -1.749152
-0.733800 -0.214564
-1.421944 -2.201063
-0.642157 -1.571120
-0.771953 -0.754232
-0.941514 -0.368800
-1.234408 -2.812615
-0.716743 -1.735704
-0.704534 -0.402169
-1.400467 -2.420492
-0.565443 -1.033279
-0.446997 -0.459727
-0.636024 -0.437555
-1.053013 -2.556049
-1.508999 -1.874582
-1.158771 -1.201660
-0.960445 -2.159378
-0.861652 -1.632579
-1.022009 -1.837687
-0.984522 -2.336403
-0.604073 -1.269115
-0.545953 -0.808921
-0.735476 -1.908214
-0.615557 -0.763230
-0.858186 -1.962402
-1.281672 -1.186373
-0.814569 -0.349585
-1.246489 -2.639935
-0.907219 -0.560733
-1.287115 -0.481607
-0.463684 -0.410626
-1.124185 -0.161358
-0.781526 -0.135376
-1.355539 -2.305768
-1.077743 -0.296328
-0.418998 -0.539531
-1.190685 -0.538276
-1.398639 -1.671743
-1.264308 -1.076577
-1.058926 -0.393868
-0.906947 -1.160474
-1.292134 -2.205958
-0.977909 -0.078712
-1.367948 -1.495645
-0.734937 -0.575464
-1.051725 -2.380512
-1.044297 -1.606264
-1.415842 -1.526584
-0.845179 -1.901237
-0.455115 -0.871187
-1.419252 -1.633261
-1.397128 -1.976732
-0.871537 -1.070163
-0.771159 -0.384041
-0.886354 -2.738183
-1.041471 -0.508831
-1.293596 -1.503326
-1.059107 -1.513226
-1.136919 -0.679330
-0.568918 -1.184080
-0.518306 -0.914179
-1.418516 -1.291100
-1.189427 -1.093811
-1.246420 -0.608140
-1.327716 -1.477452
-0.983149 -0.650529
-1.051774 -2.006567
-1.355312 -2.309357
-1.060652 -2.497900
-0.459915 -0.280889
-0.894639 -1.455208
-1.257226 -0.712885
-1.059629 -1.520589
-1.219850 -1.232751
-1.227045 -1.822496
-1.128202 -1.371614
-1.197485 -1.440769
-1.228789 -2.633974
-1.192893 -1.296353
-1.365883 -2.430873
-0.687238 -1.741586
-1.306016 -2.548042
-0.667753 -1.377451
-1.421004 -1.153543
-0.740859 -0.256139
-0.763651 -1.527564
-0.529182 -1.200981
-1.136150 -0.203544
-1.278908 -0.443050
-0.658951 -1.318779
-0.974664 -1.632581
-1.384866 -1.332987
-1.422627 -1.092464
-1.190668 -1.632190
-1.231308 -2.688508
-1.427913 -0.595809
-0.572734 -1.439918
-1.492409 -1.384942
-1.218359 -2.086001
-1.504134 -1.445768
-0.680520 -0.300980
-0.904979 -0.413068
-1.434018 -1.519829
-0.998400 -1.206096
-0.930510 -0.706618
-1.340949 -0.749484
-0.789659 -0.890568
-0.897065 -1.399275
-0.975832 -1.318025
-0.800651 -0.697457
-1.122837 -1.417389
-1.306529 -0.665385
-1.327317 -2.103802
-1.025721 -2.001774
-1.459814 -2.559638
-1.244319 -0.656756
-1.298489 -0.925092
-0.784320 -0.538913
-1.264983 -2.585263
-0.608754 -1.149093
-1.478413 -1.687291
-1.466778 -1.377252
-0.535031 -0.968087
-0.688050 -1.143420
-0.721388 -0.519082
-1.471075 -0.826930
-1.056759 -0.060694
-1.317852 -2.667469
-1.575206 -2.455077
-1.053086 -2.268823
-0.922450 -0.846732
-0.831641 -0.654498
-1.353511 -1.672458
-1.321632 -1.535707
-0.899244 -1.011287
-0.969096 -1.372102
-0.999750 -0.261682
-0.724507 -0.597623
-0.835503 -2.348593
-0.572152 -1.043860
-1.504434 -1.893014
-0.847329 -1.683152
-0.894810 -0.466219
-1.229340 -2.003961
-1.011648 -1.753970
-1.453103 -2.529978
-1.166698 -2.723084
-1.117945 -1.132715
-1.324297 -1.351349
-1.402934 -2.121664
-0.964195 -1.443357
-0.780468 -0.174823
-1.037255 -1.603730
-1.158627 -1.373032
-1.060197 -1.537376
-1.371294 -1.987644
-1.064806 -2.112484
-0.793746 -0.993749
-1.083682 -1.720609
-1.169734 -0.775183
-0.796115 -0.198133
-0.492559 -0.463989
-0.684855 -1.273060
-1.022045 -0.959065
-1.431174 -1.841565
-0.898671 -2.037921
-1.330687 -1.921566
-0.469520 -1.095001
-1.212391 -0.879641
-0.608782 -0.319038
-0.459534 -0.785019
-0.508789 -1.685492
-0.951789 -2.345514
-0.370119 -1.194433
-1.196884 -2.522875
-1.182528 -1.756307
-0.527639 -0.835956
-1.335857 -2.618966
-1.509238 -2.268933
-1.374353 -1.108974
-1.072260 -1.889706
-1.355686 -0.869704
-0.622690 -1.395163
-0.580686 -1.025843
-1.247963 -1.827959
-0.622572 -0.284732
-1.022279 -1.500831
-1.119380 -1.193591
-1.351870 -1.924958
-0.785145 -1.360980
-1.403609 -2.200890
-0.887116 -0.065166
-1.442272 -2.143620
-1.425281 -2.295838
-1.194868 -0.455037
-1.308227 -1.505447
-0.945540 -0.301838
-0.959127 -0.451050
-0.963286 -0.844559
-1.163465 -0.292682
-1.328903 -2.124672
-0.797204 -0.399926
-0.604141 -0.229030
-0.766064 -0.130078
-0.547023 -0.738788
-0.853201 -1.835349
-0.967820 -0.815883
-1.161515 -0.980054
-0.555812 -0.697031
-1.167516 -1.053561
-1.421093 -1.395839
-0.851159 -0.179111
-0.733664 -1.375523
-0.916241 -1.497826
-1.289179 -0.533647
-0.885553 -1.787107
-0.910009 -1.507473
-0.773013 -0.518116
-0.484482 -0.712905
-1.064115 -1.666027
-1.394722 -0.744024
-0.782520 -0.125682
-1.071501 -0.243887
-0.602487 -1.268850
-0.952501 -1.769125
-0.649756 -1.018494
-1.419904 -2.726420
-1.662125 -1.502723
-0.548251 -1.483180
-1.419006 -2.248606
-1.073619 -0.219503
-0.446856 -0.927843
-1.504192 -1.971186
-0.786273 -0.625552
-0.675850 -0.743346
-1.006968 -0.405891
-1.640453 -2.261998
-0.656699 -1.005300
-0.484558 -0.862598
-1.097305 -2.500414
-0.540077 -0.851267
-1.492018 -1.058515
-1.205602 -2.394372
-1.268440 -1.345440
-1.312131 -1.072641
-0.897965 -1.138961
-1.378025 -1.350870
-0.997520 -1.110637
-1.251745 -1.268243
-0.997988 -1.985512
-0.890582 -2.285192
-1.428247 -0.939195
-0.522232 -0.732797
-1.260791 -2.056662
-1.088340 -0.579334
-0.461094 -1.169791
-0.657660 -1.097621
-0.987348 -1.385789
-0.451894 -0.835477
-1.251113 -0.918448
-0.642995 -0.240685
-0.968270 -0.599430
-1.280809 -0.355097
-0.373904 -1.043171
-1.209319 -0.866083
-0.452864 -1.115974
-1.109123 -1.548008
-1.202909 -0.959452
-1.225742 -1.407623
-0.753456 -0.155957
-1.601061 -2.054167
-1.108909 -0.059668
-0.425786 -0.912022
-1.094581 -0.228824
-1.489523 -1.627522
-1.352315 -1.173278
-1.150280 -1.959915
-0.626742 -1.542299
-0.628969 -1.236170
-1.045353 -1.706997
-1.093370 -2.401977
-1.093439 -2.142997
-1.105345 -1.066621
-1.085358 -0.677663
-1.245306 -0.927418
-0.951586 -0.306347
-1.295930 -1.717452
-1.112466 -2.103565
-1.068480 -1.670063
-0.817164 -1.704506
-0.726612 -1.052526
-1.352859 -0.506533
-0.630036 -0.787030
-1.494030 -0.930861
-0.804072 -0.752219
-1.013309 -2.428883
-1.083486 -0.594375
-0.955346 -0.287167
-0.590942 -0.414772
-0.742948 -1.987270
-1.255474 -1.447574
-0.995671 -1.621831
-0.781113 -1.497449
-1.373301 -2.435505
-0.898582 -1.538311
-1.410934 -2.061582
-0.714131 -1.627773
-1.097406 -2.103227
-1.217929 -0.136068
-1.431728 -2.182553
-0.711809 -1.662557
-0.653000 -0.777197
-1.373729 -1.938595
-1.108806 -1.187875
-0.508114 -0.885318
-1.077099 -0.349257
-1.359135 -1.310145
-0.775540 -0.824952
-1.426254 -1.030796
-1.065737 -2.172024
-1.460551 -2.154471
-0.980082 -1.593847
-1.084646 -0.778473
-0.681893 -1.058222
-0.875092 -0.202537
-0.770476 -1.154046
-0.409370 -1.262161
-1.249627 -2.643225
-1.258299 -1.234791
-1.544802 -1.207284
-1.551719 -2.303166
-1.596312 -0.839192
-0.689164 -1.941263
-0.938023 -1.792112
-1.436421 -2.555642
-0.849552 -0.908796
-0.518244 -0.382607
-0.530009 -0.816044
-1.550905 -1.936569
-1.434648 -0.958451
-1.279283 -0.595866
-0.643212 -1.629753
-1.107405 -1.283733
-0.895962 -0.540132
-1.388361 -1.288489
-0.611713 -1.492885
-1.079669 -2.071949
-0.977550 -0.385259
-0.696432 -1.119217
-1.024056 -0.225977
-0.525400 -1.361606
-1.414791 -2.000398
-1.233832 -2.646354
-0.381613 -1.006199
-1.486892 -1.893653
-0.521318 -0.313960
-1.445472 -1.639951
-1.144155 -1.006449
-1.573088 -0.786072
-0.639929 -0.580713
-1.111132 -2.055229
-0.745512 -1.768286
-1.112507 -0.998758
-0.824917 -2.328797
-1.208205 -1.459447
-1.558663 -1.226278
-0.931153 -2.035379
-1.235696 -0.398498
-1.045929 -2.039360
-0.793719 -0.326058
-1.059718 -1.730595
-0.992613 -1.521599
-1.129812 -0.849622
-0.297283 -0.474524
-1.019897 -2.321638
-0.793081 -0.224301
-0.442488 -0.792112
-0.840255 -0.110320
-0.944984 -1.171048
-1.251812 -1.013977
-1.638323 -2.782490
-0.431082 -1.153190
-0.980189 -2.433840
-1.139413 -2.104519
-1.315635 -0.941872
-1.208875 -1.366746
-0.864045 -0.354024
-1.403167 -1.242914
-1.433373 -2.182966
-1.661732 -2.558374
-0.980640 -0.779894
-1.462875 -1.450303
-1.410565 -0.812316
-0.548284 -0.231048
-0.840934 -0.709860
-1.198728 -1.859449
-1.364888 -1.367925
-0.442767 -0.427595
-1.194359 -1.399542
-1.359139 -1.742323
-0.570810 -0.876863
-0.943407 -1.328202
-1.487390 -1.162523
-0.944903 -0.849139
-1.044440 -0.857344
-0.969354 -2.409430
-1.405938 -2.393567
-0.399474 -0.998432
-0.629751 -1.350652
-0.805297 -0.440352
-1.045089 -0.659216
-1.241087 -2.666659
-0.995754 -1.002312
-0.584017 -0.955459
-0.957948 -1.067922
-1.246112 -1.387428
-1.259468 -0.923793
-1.022451 -0.760210
-0.981308 -0.640926
-0.882270 -1.844517
-0.917288 -0.353037
-1.266001 -1.379281
-0.909049 -2.056957
-1.512327 -2.117023
-1.628705 -2.473359
-0.777948 -0.840920
-1.058749 -1.417291
-1.313779 -1.982715
-0.708806 -0.264764
-0.897452 -1.945643
-1.087239 -2.560938
-0.687276 -1.529929
-1.122359 -0.832823
-0.784361 -0.222367
-1.109625 -2.265578
-1.173447 -2.347982
-0.874511 -1.157542
-1.022841 -0.301668
-0.881172 -2.416731
-1.407671 -2.657046
-1.097771 -0.430398
-0.910336 -0.546725
-0.520291 -0.650158
-0.867887 -1.890384
-0.447846 -0.680500
-0.837967 -0.682637
-1.220598 -1.285842
-1.148606 -0.282312
-1.378888 -0.819645
-0.777109 -0.814685
-1.177016 -1.983965
-1.033949 -2.199847
-1.355510 -0.952646
-1.267668 -1.474773
-0.662181 -1.492311
-0.580903 -1.471205
-1.036333 -1.371073
-0.887099 -0.071016
-1.204508 -0.742972
-0.765515 -0.866174
-1.083676 -2.676383
-1.226126 -0.641337
-1.345444 -1.249918
-0.957061 -1.759969
-0.957429 -0.439928
-1.290092 -1.347806
-1.338378 -1.424737
-0.663583 -0.852426
-0.962505 -1.041866
-0.703043 -0.282049
-1.491653 -1.491775
-1.160359 -2.683815
-0.750480 -1.186518
-1.412385 -2.642580
-1.434806 -0.906127
-0.900350 -1.247342
-0.852364 -1.466779
-1.516506 -1.331242
-1.087351 -0.402019
-0.643521 -1.256690
-0.936791 -2.109481
-1.140762 -0.812743
-1.065915 -0.664189
-1.012345 -0.164336
-1.318666 -1.983433
-1.376715 -2.285150
-0.882963 -1.927751
-0.972523 -1.330890
-0.552428 -1.218381
-1.461742 -2.192344
-1.211192 -2.543879
-0.498947 -0.339595
-1.043611 -0.373197
-1.082863 -2.291469
-0.951172 -1.354579
-0.870000 -1.196414
-1.153587 -0.446843
-0.900462 -1.035871
-1.292500 -1.747218
-0.759640 -0.468368
-1.083315 -2.376209
-0.895140 -0.986518
-1.499843 -2.227218
-0.609611 -1.165615
-1.200347 -2.554085
-1.160501 -2.066135
-1.041067 -2.299840
-1.428342 -1.977915
-1.262489 -0.840643
-1.053011 -1.706676
-1.598608 -2.433446
-1.211253 -0.578273
-1.275718 -0.901906
-1.304726 -2.469178
-0.724430 -0.377497
-0.648354 -0.320611
-1.555178 -2.386520
-0.785333 -2.050381
-0.444413 -1.071781
-0.906066 -2.088979
-1.054243 -0.905988
-0.764546 -0.690394
-1.170600 -0.276705
-1.098465 -2.470749
-0.447859 -0.617006
-0.381195 -1.105799
-0.862465 -1.252484
-1.019904 -2.007515
-1.486715 -0.886598
-1.031476 -1.637948
-1.233491 -2.273060
-1.051708 -1.464255
-1.060525 -0.634751
-1.092090 -1.451701
-1.276642 -2.168796
-0.866955 -1.275168
-1.164074 -0.771945
-1.304747 -2.370265
-1.473707 -2.614925
-1.048917 -1.220702
-0.956272 -0.814151
-0.668513 -1.459932
-1.254729 -0.450154
-0.990033 -1.665347
-0.842858 -0.602574
-1.239092 -2.080977
-1.140292 -1.808207
-0.599224 -1.696199
-0.719849 -0.814767
-0.743172 -0.302492
-1.455579 -0.893276
-1.005881 -0.303032
-1.061473 -2.501145
-0.508823 -0.566584
-0.617255 -0.833673
-0.784319 -1.212575
-0.925139 -1.130887
-0.464141 -1.689197
-1.270951 -1.709648
-0.519657 -0.809601
-1.228311 -2.444859
-1.541161 -1.877547
-1.245319 -0.653258
-1.165441 -2.576216
-0.813221 -2.039393
-1.276284 -2.487106
-1.269682 -1.650599
-1.542586 -2.591666
-0.717861 -1.435782
-1.601853 -2.057690
-0.669678 -1.263205
-0.594027 -1.269609
-1.134076 -2.126904
-1.112839 -0.432171
-1.072224 -1.324007
-1.201691 -1.431574
-1.244651 -0.176333
-0.920194 -0.196648
-0.830427 -0.178635
-0.939931 -0.467442
-0.900734 -1.275233
-0.984703 -0.432083
-1.311316 -1.547567
-0.404611 -0.863568
-1.347441 -0.507807
-1.214906 -1.991777
-1.053796 -0.146874
-1.356109 -2.238609
-1.022694 -0.462289
-0.440705 -1.239370
-1.262409 -1.774289
-1.019663 -0.419865
-0.622831 -0.220975
-0.679590 -1.736118
-1.191500 -0.751759
-0.822240 -1.412442
-0.826014 -2.270538
-1.513664 -2.135156
-0.967024 -1.138030
-0.540804 -0.963154
-1.546378 -2.141743
-0.559780 -0.775139
-1.195866 -0.443911
-1.092210 -0.249606
-1.542238 -1.494797
-1.390810 -1.321095
-0.673282 -0.255774
-0.812248 -1.993165
-1.360719 -2.545491
-0.499432 -0.868304
-1.276478 -1.899996
-0.562760 -1.346850
-1.235240 -1.593019
-1.196520 -0.956592
-0.955934 -2.300068
-0.993496 -0.527780
-0.538262 -0.912935
-1.273924 -1.753433
-0.488845 -0.539645
-1.309219 -2.009710
-0.519802 -0.125956
-1.587008 -1.095975
-0.717352 -0.146961
-1.231826 -1.304491
-0.665617 -1.404684
-0.869282 -1.976041
-1.032696 -1.602276
-0.931005 -1.037965
-1.658378 -2.230089
-1.191914 -1.310553
-0.886406 -1.574631
-1.200034 -0.944554
-1.001828 -1.305509
-0.532373 -0.964678
-0.780038 -1.105594
-0.654320 -0.787759
-1.033912 -0.344986
-1.216070 -1.614356
-0.538296 -0.960198
-1.310249 -2.256388
-0.499207 -0.408806
-0.706073 -0.471518
-0.861440 -1.708115
-1.123313 -0.146846
-0.405756 -0.406991
-1.259214 -1.212399
-1.337257 -2.558098
-1.256395 -2.416001
-1.252486 -2.764822
-0.805020 -1.985814
-1.640107 -1.437392
-1.231651 -0.589617
-1.360377 -1.715866
-0.984368 -0.362893
-0.708391 -1.612102
-0.479605 -1.194193
-1.402435 -1.071316
-1.332500 -1.817140
-1.269508 -0.595210
-0.725438 -0.707432
-1.294491 -2.320473
-1.271705 -0.574754
-0.836371 -0.293258
-0.893628 -0.445009
-0.720642 -1.480649
-0.665643 -1.111858
-0.935792 -1.662485
-1.386563 -2.545989
-1.273877 -1.228055
-1.162689 -0.638292
-0.756034 -0.597683
-1.371211 -1.986214
-1.050278 -1.411292
-1.122127 -0.210038
-1.624681 -2.773674
-1.219360 -0.770536
-1.326244 -2.491684
-0.877994 -1.029041
-1.494920 -1.825373
-1.280980 -2.120185
-1.487357 -1.921402
-1.288213 -1.714281
-0.796036 -1.332591
-1.103378 -0.065723
-1.343701 -1.488279
-0.913851 -1.703686
-1.425687 -1.321517
-0.892555 -1.772536
-0.917251 -1.527844
-0.496500 -1.273774
-0.714826 -1.175228
-0.728621 -1.237851
-1.031073 -0.146515
-1.103435 -1.520663
-1.445423 -2.599691
-1.135737 -1.093243
-1.061860 -0.276832
-1.354427 -1.032579
-1.155739 -1.721907
-0.600908 -0.206894
-0.643754 -0.340276
-0.940281 -0.277284
-1.242380 -0.912538
-0.950414 -1.973736
-1.309631 -0.700135
-0.898999 -1.793649
-1.522711 -2.201860
-0.505064 -0.803456
-1.518817 -2.223022
-0.895731 -0.590434
-1.262246 -1.244237
-0.645396 -0.263926
-1.164636 -2.397881
-1.360873 -2.365516
-0.468654 -0.508215
-1.069083 -0.227273
-1.184637 -2.613475
-1.076879 -1.410126
-1.193017 -0.360559
-1.377721 -0.738284
-1.074735 -0.607939
-1.574969 -2.732859
-1.371503 -2.556692
-1.204000 -2.481951
-1.231189 -1.751528
-0.753245 -1.746262
-0.744177 -1.741202
-1.301092 -2.746055
-1.431102 -1.629429
-0.758460 -0.548013
-1.262098 -1.680258
-1.059069 -0.719207
-1.249017 -2.406494
-1.312875 -1.171787
-0.494184 -1.128476
-1.359298 -1.947881
-1.356118 -1.700998
-1.205804 -1.954560
-0.567517 -1.124374
-1.170199 -0.356362
-1.280929 -2.510448
-0.737642 -0.689199
-1.014104 -1.622911
-0.814210 -0.070575
-1.522500 -1.749520
-0.553352 -1.104602
-1.198570 -1.051863
-0.354509 -1.051950
-1.057102 -0.663905
-1.101101 -0.073808
-0.588798 -1.382485
-0.756382 -0.200092
-1.103251 -1.063967
-0.743916 -1.904917
-0.469066 -1.058218
-1.159512 -1.900991
-1.325626 -1.193126
-1.180473 -0.992725
-0.743342 -1.025624
-0.838358 -0.295284
-0.903930 -1.358283
-0.759173 -0.269161
-1.122787 -0.584209
-1.349612 -1.827799
-0.986037 -1.307813
-1.243804 -1.737811
-1.316985 -1.424436
-1.654636 -1.521389
-1.426771 -1.837794
-1.032018 -2.151382
-1.076792 -0.085198
-1.066163 -0.683790
-1.120152 -0.275655
-0.984109 -1.324677
-0.620429 -1.521188
-1.278377 -0.614609
-1.042489 -2.373483
-0.774372 -0.426046
-0.533648 -0.556993
-1.202022 -2.694777
-0.817983 -1.817229
-0.614065 -0.757497
-1.549193 -2.151060
-1.247283 -1.393622
-0.802352 -1.138381
-1.099426 -1.508929
-0.961564 -2.181639
-0.666996 -0.610939
-0.881071 -0.114235
-0.868679 -1.980935
-1.520523 -1.376219
-1.184244 -1.459583
-1.095758 -0.996197
-0.827434 -0.673814
-0.858307 -0.358429
-1.143627 -2.163960
-1.067988 -1.052996
-1.159986 -2.087679
-0.956752 -0.813927
-1.205097 -2.156200
-0.800550 -0.784877
-1.254203 -1.494152
-1.254806 -1.428585
-1.086274 -0.871390
-0.513723 -0.272317
-0.763972 -0.390487
-1.062105 -0.161870
-1.037890 -0.557391
-1.479560 -2.156569
-1.179041 -0.271693
-1.072249 -1.966358
-0.595129 -1.393046
-1.253989 -0.138333
-0.765504 -0.156138
-1.212607 -0.968061
-0.711898 -1.440512
-0.900426 -2.235847
-1.402496 -1.181007
-1.073627 -2.148438
-1.286380 -1.450292
-1.368638 -1.491057
-0.841055 -0.810998
-1.225600 -0.850039
-0.734979 -1.451900
-1.064293 -0.211521
-1.528083 -2.479794
-1.161253 -0.894426
-0.378600 -1.061520
-0.334343 -1.087947
-0.804466 -0.161493
-0.886960 -0.687367
-1.099508 -2.205154
-0.815527 -0.361985
-1.205021 -2.025391
-1.020381 -0.296662
-0.515609 -1.489472
-0.945454 -0.561588
-0.600070 -0.562276
-1.388176 -2.049493
-0.815553 -1.848568
-1.166142 -0.907716
-0.450141 -0.906331
-0.983450 -0.713890
-0.491407 -1.019640
-0.762038 -2.004871
-0.809701 -0.464316
-0.396966 -0.847851
-1.091266 -2.394192
-0.941482 -0.042549
-1.322889 -1.599245
-0.813862 -0.085949
-1.014507 -1.009079
-1.246426 -2.099751
-0.868284 -1.713404
-1.264213 -2.260618
-0.951568 -0.116038
-0.471693 -1.089992
-1.454164 -1.744453
-0.789153 -0.435200
-1.110675 -0.721427
-1.214672 -2.336867
-1.609622 -1.825477
-1.021521 -0.604373
-0.908296 -1.611923
-0.654849 -0.812164
-1.194547 -0.318456
-1.254364 -0.663422
-0.785811 -0.966876
-1.057056 -0.569901
-1.362121 -1.036386
-0.836306 -0.541894
-0.791431 -1.161356
-0.961358 -0.223656
-0.638185 -0.255031
-0.667549 -0.363385
-1.275711 -1.537896
-0.769333 -1.833049
-1.010276 -0.366137
-0.350611 -0.722583
-0.527063 -0.833478
-1.248173 -1.066427
-1.203300 -0.974558
-1.181969 -2.079496
-0.734682 -0.965435
-0.777469 -0.128901
-1.195188 -1.890076
-0.951968 -2.132994
-1.333370 -0.949916
-0.990781 -2.355301
-0.702310 -0.379238
-1.242158 -1.411115
-0.445623 -1.163220
-1.215413 -1.575654
-0.969530 -1.630912
-0.809259 -0.158109
-0.998271 -1.460716
-0.874910 -2.309389
-1.143645 -0.617958
-0.762985 -1.946387
-1.317677 -1.253305
-1.265204 -2.168282
-0.815194 -1.666762
-0.764020 -1.756016
-1.314512 -0.803012
-0.390639 -0.758008
-0.669827 -1.653849
-1.164677 -2.071385
-1.026096 -0.285772
-0.910210 -0.665795
-0.838807 -0.317532
-0.673552 -1.918038
-0.553638 -1.295599
-1.419533 -2.401833
-0.641839 -0.678937
-0.508661 -1.415051
-0.657604 -1.104184
-1.169745 -0.473732
-1.188380 -0.443844
-1.354015 -0.819000
-1.206163 -2.166143
-1.099758 -0.469753
-0.589753 -0.477795
-0.971504 -1.555883
-1.316366 -1.409910
-0.820851 -0.205982
-0.805664 -0.746567
-0.657696 -0.505061
-0.956664 -0.392325
-1.001890 -1.304926
-1.376045 -0.613927
-1.567008 -2.070492
-1.280902 -2.490860
-0.525358 -1.504989
-1.082486 -1.169110
-0.885236 -1.218611
-1.120163 -0.790164
-1.075673 -0.608556
-1.333854 -1.322751
-0.985214 -0.475688
-0.763906 -0.151800
-0.509753 -0.770183
-1.474793 -1.425573
-0.981999 -1.066511
-0.455017 -0.552688
-1.060244 -0.275628
-0.609268 -0.148160
-1.073856 -0.955988
-1.169221 -2.578557
-0.846812 -1.503370
-1.051056 -0.844493
-1.270590 -2.264750
-0.724130 -0.434441
-0.847589 -1.285006
-0.671347 -1.124053
-0.956210 -2.001085
-1.334543 -2.079900
-0.695754 -1.121853
-1.094155 -2.581077
-1.126061 -0.882375
-0.982430 -1.438150
-1.133108 -2.786596
-1.161060 -1.963783
-0.674849 -1.523763
-1.490337 -2.478191
-1.380087 -1.868979
-1.431520 -1.763978
-0.850315 -0.315604
-1.513014 -1.132875
-0.810497 -0.816957
-0.838409 -1.039314
-1.242395 -2.799159
-0.746708 -1.465255
-1.308022 -0.559548
-0.908486 -0.224754
-0.871185 -0.520043
-1.512339 -1.810706
-0.383997 -0.610228
-0.647036 -0.432966
-0.476291 -0.546310
-0.517121 -0.345602
-1.102383 -2.014536
-0.720330 -0.899211
-0.433406 -0.645520
-0.712661 -2.101302
-1.128961 -2.419611
-0.972748 -2.335592
-1.264016 -2.235104
-0.767151 -0.307158
-1.460928 -1.585445
-0.509091 -0.910859
-1.196894 -1.084432
-1.398961 -1.509311
-1.266508 -0.809549
-1.351169 -0.773197
-1.523861 -2.564147
-0.720142 -1.167980
-1.022643 -0.310666
-0.751099 -1.085180
-1.316608 -1.561054
-0.518798 -0.739573
-1.440383 -1.444989
-0.569674 -0.500985
-1.300049 -1.166231
-1.499136 -1.964227
-0.509876 -0.521248
-0.981847 -2.253906
-0.817862 -0.776332
-1.340355 -1.005782
-0.865194 -1.402187
-0.993439 -0.320258
-0.936260 -2.330504
-0.880359 -1.241084
-0.795530 -1.988589
-1.204387 -1.476327
-0.481643 -1.062319
-0.510525 -0.609462
-0.821359 -1.273258
-0.609886 -0.079596
-1.091750 -1.895987
-0.797736 -1.746732
-0.569052 -1.736280
-0.989801 -0.462173
-1.327127 -1.791204
-0.672288 -0.372704
-1.287554 -0.515976
-1.249717 -2.454121
-1.232605 -1.290754
-1.277081 -0.453497
-0.531614 -0.466563
-1.390396 -0.938489
-1.361529 -2.145001
-0.800830 -0.070253
-0.813164 -0.117092
-0.978780 -0.155947
-0.830677 -0.347545
-1.672921 -1.390834
-1.089016 -0.696398
-1.058259 -2.216199
-1.232589 -2.585142
-1.015744 -0.205080
-1.110151 -1.387428
-0.962633 -2.329388
-1.393160 -2.613267
-1.386529 -1.965119
-0.788197 -1.789166
-0.986441 0.050471
-0.830333 -1.889712
-1.191113 -2.684507
-0.680633 -1.700313
-1.143975 -1.525551
-1.182390 -0.374311
-1.150525 -0.403372
-0.499405 -1.047730
-1.219324 -1.575249
-0.757889 -1.520412
-1.109516 -0.852764
-1.124083 -0.023096
-0.627871 -0.963573
-1.423091 -2.162734
-0.935263 -1.598799
-1.068615 -0.621071
-1.154157 -2.438318
-0.896459 -2.385813
-0.701261 -1.939682
-0.837521 -1.036268
-0.518775 -0.859806
-0.571710 -1.215217
-1.520097 -1.534120
-0.927388 -0.723498
-1.185017 -0.399100
-1.380733 -0.326062
-1.006994 -0.756315
-1.049239 -0.850549
-0.995477 -1.649853
-1.122183 -0.385338
-1.002252 -0.592298
-0.820360 -1.694058
-1.287905 -2.236272
-1.092786 -1.315264
-0.491183 -0.667421
-1.114239 -2.443323
-1.111664 -2.282728
-1.601427 -2.241564
-1.110838 -0.410946
-0.617982 -0.564425
-0.424581 -0.745029
-1.251245 -2.087607
-0.606868 -1.198203
-1.575770 -1.209006
-1.220764 -0.665642
-0.968159 -0.437013
-0.869913 -1.251922
-0.597246 -0.355888
-0.444413 -0.399556
-0.912270 0.022749
-0.688363 -1.360444
-1.042190 -1.537266
-0.775113 -0.665078
-0.958512 -0.401487
-1.379336 -0.672076
-0.773904 -0.404953
-1.421686 -1.365257
-0.697589 -0.812549
-0.955322 -1.414478
-0.890114 -2.006593
-0.683759 -1.419538
-0.680636 -0.968000
-1.268512 -1.397761
-0.379799 -1.461473
-0.820911 -0.152257
-0.512935 -0.702385
-0.478157 -1.004698
-0.958316 -1.271210
-0.543649 -0.498112
-1.370163 -0.660400
-0.634334 -0.601607
-1.569601 -1.363932
-1.005957 -0.946338
-0.683414 -1.328907
-1.333018 -1.496803
-1.107978 -0.361416
-0.693342 -1.638614
-1.361644 -1.396644
-0.483783 -1.187680
-0.672043 -0.613010
-0.680445 -0.215607
-1.161927 -1.700120
-0.857336 -0.431309
-1.207248 -2.704966
-1.079796 -1.593289
-1.296063 -0.366585
-0.902867 -0.448180
-1.453246 -2.454950
-1.112078 -1.341888
-0.622753 -0.839588
-1.531474 -1.290545
-0.499335 -0.222604
-0.471591 -1.394670
-1.344483 -1.442983
-0.977618 -1.728891
-0.587680 -1.561067
-0.728099 -0.897537
-1.445795 -1.168198
-0.767566 -0.619279
-1.253122 -0.753007
-1.334542 -1.062365
-0.642420 -0.152636
-0.988739 -2.379421
-0.986318 -2.387733
-1.376709 -1.469085
-0.466199 -0.275615
-1.002263 -2.411195
-1.260719 -2.036812
-1.315139 -0.954665
-1.098823 -0.465850
-1.167418 -1.102519
-0.707728 -0.485089
-1.381660 -2.294057
-1.642745 -1.818113
-1.238881 -0.523723
-0.874345 -0.532348
-1.177977 -1.255030
-1.316747 -2.562226
-0.482554 -1.315841
-0.571258 -1.227384
-0.780817 -1.237698
-0.441094 -0.565926
-1.084075 -0.518639
-0.930332 -1.858051
-0.764059 -0.984164
-1.208704 -1.238153
-0.477758 -0.249447
-1.218174 -1.881296
-0.398195 -1.058485
-0.842952 -0.941960
-0.678546 -0.402982
-1.117559 -1.507713
-1.048762 -0.371688
-0.743496 -0.966784
-1.271118 -1.463799
-1.234614 -0.813331
-1.220131 -2.721059
-1.334752 -0.762282
-1.274216 -2.693187
-1.405582 -1.351783
-1.535281 -1.935225
-0.661641 -0.293820
-0.914943 -1.316956
-1.552346 -1.900744
-1.107443 -1.066919
-1.017954 -2.565316
-0.807508 -1.950461
-1.462566 -1.859860
-0.811225 -1.088354
-0.555310 -1.002689
-1.067597 -0.418940
-0.638183 -1.446884
-1.242799 -0.743148
-1.089176 -2.607555
-0.813767 -0.791574
-0.671670 -1.352041
-1.230970 -0.820393
-1.443662 -1.281238
-0.933161 -2.265068
-1.344190 -1.020683
-0.822920 -1.077321
-1.163499 -2.348487
-1.285083 -2.384476
-0.757858 -2.017713
-0.761776 -1.876057
-1.588304 -1.551774
-1.113514 -2.715007
-1.477753 -2.483521
-1.031567 -0.352356
-1.451310 -0.963765
-0.939115 -2.286587
-1.169272 -1.768195
-1.257469 -1.740760
-1.630436 -1.693303
-1.269531 -1.414778
-1.560957 -2.367338
-0.725575 -1.311932
-0.973641 -0.940421
-0.629632 -0.568819
-0.483170 -0.910934
-0.762348 -0.159738
-1.202673 -0.652808
-1.220376 -1.701786
-0.460550 -0.674721
-0.466556 -0.912977
-1.618678 -1.371645
-0.832748 -0.229274
-0.957592 -1.116126
-1.334977 -0.328195
-1.164685 -1.730704
-1.293646 -0.752031
-0.574833 -0.436603
-0.835277 -0.719229
-0.861756 -0.180407
-1.008618 -0.572617
-0.629996 -1.250946
-1.140584 -1.665828
-0.568849 -0.747203
-1.376157 -1.395568
-1.341677 -1.182805
-1.426015 -1.747361
-1.204817 -0.532064
-1.158018 -1.742722
-0.916782 -0.219212
-1.307412 -1.583869
-1.284601 -2.004772
-1.293160 -1.201080
-0.622121 -0.529150
-0.531032 -1.177073
-0.846366 -1.648551
-1.033297 -1.202953
-1.368542 -1.573872
-0.505310 -0.954751
-0.722567 -1.680189
-1.204424 -0.383702
-0.640596 -0.104124
-0.871913 -0.990740
-1.063215 -1.640046
-0.735958 -1.388931
-0.809616 -1.440497
-0.412878 -0.832909
-1.357758 -2.013492
-0.687761 -0.990719
-1.166510 -0.817167
-0.866213 -0.967018
-1.094006 -0.995723
-1.355006 -2.641499
-1.556120 -1.834714
-0.957495 -1.337567
-0.519574 -0.419753
-0.587133 -1.531851
-1.309773 -1.110612
-1.114571 -0.545617
-0.506855 -0.773012
-0.564234 -0.470673
-0.476148 -1.143851
-1.150760 -0.364995
-1.184259 -0.386494
-1.160864 -1.616661
-1.118395 -2.244997
-0.771020 -0.749053
-0.749644 -0.912122
-0.587645 -1.076436
-0.868776 -0.053709
-0.811476 -1.876147
-1.220805 -2.407781
-1.175575 -0.463068
-0.857400 -0.416425
-0.993652 -1.081685
-0.982047 -0.955481
-0.640571 -1.031243
-0.889515 -1.380842
-1.492413 -2.303048
-0.469998 -0.807701
-0.601554 -0.704529
-1.045666 -1.535577
-1.316378 -0.302896
-1.021859 -0.905607
-1.622277 -2.289641
-1.298361 -0.494890
-0.847644 -0.685398
-1.127610 -2.461205
-1.004373 -0.464560
-0.542949 -1.356627
-0.477455 -0.710350
-0.401163 -1.127754
-0.506196 -1.335662
-0.461971 -0.842913
-1.569070 -2.689928
-1.263022 -0.736212
-0.571399 -1.034094
-0.940380 -1.623664
-0.847610 -1.307448
-1.158605 -2.389875
-1.064518 -1.765515
-1.369030 -1.062333
-0.596362 -1.871566
-0.868374 -2.222353
-0.463872 -0.799041
-0.827975 -1.901501
-1.401241 -0.967322
-0.521238 -1.539526
-0.636325 -0.316031
-1.433257 -2.484666
-0.871032 -0.504706
-0.826492 -0.869661
-1.316473 -1.178661
-1.167002 -1.063825
-1.693065 -2.131546
-0.704876 -0.098406
-0.792505 -1.060005
-1.252461 -1.565609
-1.347643 -1.821093
-0.841024 -0.942425
-0.813169 -0.018386
-1.030166 -1.072877
-0.620909 -0.952179
-1.280000 -2.509240
-0.864460 -1.396732
-1.086369 -1.627415
-0.515133 -1.353401
-1.017482 -2.264723
-1.278932 -0.913791
-0.854359 -0.575915
-0.731203 -0.451950
-1.041497 -0.324085
-0.846869 -1.836261
-1.044580 -1.544459
-1.557411 -1.954906
-1.098530 -1.676309
-1.036829 -1.284829
-1.047928 -2.249987
-0.533093 -0.492077
-1.206392 -2.075481
-0.904314 -1.150326
-1.275129 -2.582584
-0.823305 -0.287081
-1.250085 -1.242806
-0.910143 -0.381604
-1.092990 -0.159876
-1.032358 -1.691735
-0.799255 -0.151780
-1.294101 -0.407526
-1.145419 -0.428833
-1.687303 -2.338207
-0.977630 -2.378635
-1.440161 -0.974877
-0.718493 -1.255930
-1.057601 -1.556968
-0.947725 -0.342272
-0.799502 -1.113575
-0.356217 -0.631269
-1.154079 -1.938713
-1.444135 -1.210219
-1.174749 -0.860030
-1.575798 -1.972868
-0.668665 -1.676103
-0.743136 -0.289222
-0.646493 -0.762250
-0.790544 -0.661286
-1.085523 -1.976150
-1.441017 -1.172273
-1.177078 -0.820358
-1.054511 -1.520715
-1.352191 -2.313048
-0.460901 -0.670901
-1.005847 -0.475397
-1.350828 -2.331132
-1.094090 -2.435088
-1.030611 -0.280169
-0.573445 -0.769812
-1.339196 -2.759713
-0.902555 -1.885442
-1.395455 -2.442543
-1.585531 -2.274509
-1.201181 -0.852237
-0.999428 -0.553245
-1.222352 -2.059115
-1.270724 -1.680637
-1.305149 -0.471545
-1.406992 -1.227679
-0.634688 -1.972068
-0.853195 -1.363544
-0.941210 -0.363568
-0.508216 -1.132238
-1.315257 -2.067542
-1.362545 -1.902296
-1.181885 -1.695315
-0.804839 -1.084286
-0.881866 -0.408760
-1.280195 -2.013634
-1.272885 -1.913870
-1.121429 -0.643385
-0.547293 -0.486422
-0.847435 -0.237713
-1.516221 -1.815216
-1.481329 -1.517992
-1.483595 -1.615894
-1.373142 -1.843857
-1.547538 -0.813176
-1.139746 -0.432673
-1.229756 -0.754616
-1.161154 -1.770908
-1.378587 -0.846404
-1.172707 -1.349221
-0.415629 -1.100155
-0.724617 -0.320857
-1.211702 -0.995968
-1.255610 -1.514547
-0.536723 -0.304994
-1.597354 -1.485654
-1.159915 -2.624334
-0.466101 -0.513879
-0.598409 -1.118783
-1.472412 -2.033183
-0.845061 -1.997933
-1.079106 -0.207293
-0.852151 -1.356013
-1.424353 -1.816272
-0.667975 -0.365304
-1.263945 -0.604882
-0.757065 -0.212325
-0.437414 -1.115002
-1.354514 -1.866595
-0.368987 -1.395998
-1.234573 -1.466915
-0.867291 -1.370441
-1.272591 -1.844837
-0.703768 -0.031501
-0.588512 -1.262066
-1.303963 -0.795069
-1.216613 -0.848663
-0.741647 -1.992751
-1.144061 -0.927088
-0.439035 -0.482757
-0.479781 -1.490309
-0.644250 -1.987698
-1.461124 -2.180570
-1.137772 -0.711773
-1.196288 -1.270200
-0.987715 -1.189879
-0.923246 -1.739047
-1.442797 -0.583850
-1.316912 -0.581427
-0.864382 -1.148801
-1.134105 -1.682232
-0.357386 -1.542816
-1.416184 -1.882250
-1.344241 -1.863884
-1.327688 -1.119502
-1.060435 -0.310887
-1.110523 -0.519909
-0.596923 -1.473676
-1.050409 -0.066998
-1.161672 -1.197915
-0.975806 -0.318973
-1.137326 -0.455214
-1.204436 -1.444052
-1.087543 -0.670961
-1.563879 -1.653366
-1.069173 -2.331138
-1.356367 -1.638498
-1.013112 -2.198997
-0.707509 -1.678531
-0.666305 -0.198326
-0.691676 -1.789636
-1.510822 -1.502508
-1.286572 -2.245741
-1.139799 -2.556491
-1.067573 -1.340505
-0.969370 -0.729596
-1.087538 -1.387073
-1.169919 -1.713811
-1.135263 -0.551275
-0.525311 -0.932665
-1.244874 -1.029930
-1.023961 -2.118275
-1.218340 -0.809672
-0.965702 -0.182895
-1.299321 -2.557474
-1.527838 -1.555674
-1.507308 -2.030917
-0.334757 -0.693675
-0.919145 -2.139551
-0.395815 -0.410301
-1.096763 -0.730874
-1.551028 -1.818480
-1.504928 -1.149165
-1.018592 -0.078365
-0.544889 -1.357641
-1.274265 -2.230034
-1.447100 -2.564675
-0.704670 -1.131839
-0.893876 -0.251069
-0.870160 -1.365890
-1.299252 -1.657511
-0.586885 -0.790045
-1.191123 -0.384878
-1.120639 -1.467781
-1.217693 -0.586421
-0.574568 -1.249595
-1.184499 -0.440317
-0.792735 -1.501629
-0.826332 -1.145524
-1.324261 -1.722101
-0.841941 -0.217972
-0.850460 -0.388426
-0.618096 -0.394313
-1.282095 -0.444366
-0.600885 -0.343483
-1.438454 -2.510877
-0.929575 -2.125223
-1.542203 -2.622211
-1.134277 -1.312012
-1.278332 -2.211836
-1.390720 -1.602514
-1.336433 -0.501746
-0.648596 -0.416564
-1.541540 -2.045933
-0.775600 -1.653721
-0.855264 -0.568065
-0.864375 -1.151792
-0.698113 -0.512752
-0.789891 -0.036799
-0.668369 -1.066127
-1.504636 -2.056943
-0.892322 -0.566491
-0.764464 -1.863927
-0.593921 -0.328807
-0.984011 -2.373755
-0.628489 -0.669207
-0.912300 -2.087595
-1.166179 -2.200155
-0.739088 -1.319561
-1.315959 -0.743846
-1.523970 -1.733806
-0.540623 -0.398800
-0.734294 -0.894312
-1.280279 -2.274099
-0.940018 -0.521897
-0.746545 -0.279219
-1.102954 -0.579999
-1.144949 -1.185211
-1.073434 -2.487108
-0.576932 -1.720148
-1.134027 -2.028294
-1.568489 -1.734008
-1.231382 -1.289309
-1.204250 -2.578731
-1.229512 -1.150604
-0.950469 -0.946921
-1.026488 -1.111350
-1.232121 -0.431428
-1.710752 -2.240142
-0.718116 -1.836015
-1.508482 -1.678765
-0.815311 -0.414306
-0.890390 -1.529233
-0.362079 -0.711705
-0.789582 -1.846552
-0.407811 -0.525389
-1.086505 -1.600343
-0.682063 -0.186808
-1.074429 -0.568959
-1.130595 -1.114153
-1.405668 -1.426085
-1.499870 -1.745455
-0.877475 -1.958190
-0.533299 -0.199611
-0.885262 -1.786146
-0.826477 -0.798692
-1.063345 -0.681509
-0.929632 -2.207700
-0.905936 -1.954138
-0.597997 -0.337783
-0.484331 -0.353108
-1.247980 -0.462536
-1.265804 -0.479989
-1.081742 -0.266856
-0.854239 -2.045071
-1.177389 -2.508267
-1.217369 -2.173106
-0.443570 -1.163787
-0.443154 -0.425400
-0.572626 -0.316996
-1.181922 -2.500879
-0.600956 -0.403196
-1.298619 -2.033079
-0.712699 -0.567868
-1.304727 -2.076706
-1.212732 -0.664730
-1.409733 -2.205561
-0.740342 -1.468428
-1.212043 -1.974372
-1.108249 -2.166654
-0.415768 -1.301844
-0.443708 -0.849359
-1.238336 -2.014083
-1.382739 -1.192760
-1.316433 -1.056654
-1.276042 -2.523655
-0.507992 -0.784461
-1.097079 -2.325829
-1.196780 -1.221167
-0.936860 -1.594782
-0.805027 -2.222264
-1.336327 -0.913850
-1.170275 -0.508215
-1.278299 -0.777519
-0.812828 -1.326358
-0.666995 -0.898343
-1.357919 -1.930739
-0.622186 -1.388040
-0.880764 -0.368978
-0.927604 -0.897664
-0.662334 -1.400033
-0.598081 -1.651309
-1.015297 -1.017828
-0.846656 -0.331104
-1.548158 -1.057004
-1.066359 -2.252388
-0.903415 -1.934321
-0.511880 -0.349109
-1.069965 -1.755920
-1.236364 -0.609311
-0.534792 -1.957576
-1.116803 -0.295570
-1.514160 -2.140562
-1.461943 -1.409971
-0.615275 -1.514832
-0.997937 -1.136979
-0.817767 -0.902160
-1.069843 -2.327870
-0.735791 -1.878866
-0.737336 -0.730105
-0.658016 -1.431729
-0.522478 -0.933652
-0.559480 -1.471112
-0.600975 -1.307459
-0.740617 -1.732108
-0.600447 -1.620191
-1.638921 -2.423075
-1.145907 -2.432614
-0.576548 -1.610477
-0.826259 -1.888106
-0.748810 -1.333702
-0.793481 -0.373079
-0.685606 -0.218081
-1.300355 -1.315495
-0.905642 -1.307482
-1.417286 -1.834663
-0.998817 -0.931455
-0.345659 -0.630777
-0.695090 -1.264765
-0.766157 -0.399000
-1.162676 -0.389486
-1.140103 -1.924176
-0.839868 -1.071911
-1.204074 -1.868946
-1.123191 -0.855771
-0.576219 -0.783638
-1.091839 -1.376561
-0.735462 -1.102764
-0.947228 -1.396873
-0.887772 -1.765000
-0.923786 -0.233022
-0.506760 -0.817400
-1.268948 -1.618672
-0.496570 -1.047108
-0.674972 -1.328275
-1.539564 -1.177789
-1.420466 -0.848933
-1.139331 -0.774174
-1.503373 -1.531756
-1.494756 -2.149879
-1.008220 -1.638461
-1.134209 -0.686950
-1.264452 -2.271366
-0.670745 -0.561776
-1.070717 -0.502103
-1.499395 -1.327772
-1.280505 -0.772436
-1.167747 -1.579416
-1.493634 -2.011711
-1.336101 -0.982397
-1.234389 -2.181813
-0.738540 -0.254648
-0.998986 -0.603075
-1.476064 -0.791995
-0.760734 -1.060159
-0.552246 -0.658277
-1.454852 -2.548337
-1.464015 -0.631349
-0.985484 -2.124362
-1.169522 -0.300594
-1.096755 -0.434864
-0.992737 -2.072477
-1.569927 -1.665159
-1.666108 -2.321409
-0.954592 -1.729943
-0.956231 -0.283865
-1.160584 -0.902873
-0.973077 0.104338
-1.170835 -1.483890
-1.114573 -0.758402
-1.112699 -1.401598
-0.840645 -0.332083
-0.989389 -1.122268
-0.519126 -0.265554
-0.482649 -1.353239
-1.324780 -2.595947
-1.101441 -0.499916
-0.955641 -0.180233
-1.254651 -1.219937
-0.845443 -0.518053
-0.536727 -0.957146
-1.230394 -0.867028
-0.647088 -1.482270
-0.458953 -1.202560
-0.888678 -0.007669
-1.238930 -0.282405
-0.437448 -1.546767
-0.840649 -0.404328
-1.368881 -1.875399
-1.035792 -2.378397
-1.253516 -0.541570
-0.929191 -0.078052
-1.562540 -2.502120
-1.286900 -1.161366
-0.850546 -1.382315
-0.903197 -0.745247
-0.500740 -1.172104
-1.211146 -2.391819
-1.023556 -1.158284
-1.236247 -2.029431
-0.854621 -0.958193
-0.634267 -0.612377
-0.694578 -0.268440
-1.566749 -1.249836
-0.878244 -0.786472
-0.989838 -2.156210
-0.845594 -0.200616
-1.390244 -2.598054
-1.230275 -1.708822
-0.892506 -0.637701
-0.276513 -0.421994
-0.844398 -1.535086
-0.640461 -1.963278
-1.306094 -1.585829
-1.198724 -0.217192
-1.101322 -0.633079
-0.933883 -2.019770
-1.448958 -1.636561
-0.924848 -0.969939
-0.791516 -2.131792
-1.232517 -1.485646
-0.999482 -0.257502
-1.103581 -2.268140
-0.600440 -0.688553
-1.392229 -2.494299
-1.150119 -0.858010
-1.034083 -0.636011
-0.922533 -1.579438
-0.750202 -2.218574
-0.911542 -0.222171
-0.494930 -0.816173
-0.444254 -0.369105
-0.728655 -0.746257
-1.104192 -0.644408
-1.078254 -2.122988
-0.410291 -0.209137
-0.964266 -0.595299
-1.506845 -1.199125
-0.989038 -1.063155
-0.826896 -1.037944
-1.260102 -0.862279
-0.958531 -1.139379
-1.282503 -0.542068
-0.991021 -2.066583
-1.344534 -2.033398
-1.022091 -2.029130
-1.466344 -1.260874
-1.088295 -2.042845
-1.103456 -0.969737
-1.016795 -1.046702
-1.306515 -2.015671
-1.202764 -0.782740
-0.817988 -0.874719
-0.914087 -1.497886
-1.052866 -0.566250
-1.415067 -1.890348
-1.144716 -2.367971
-0.987790 -1.630946
-0.649841 -1.743115
-1.194625 -2.527515
-1.588238 -2.013912
-0.878275 -1.155662
-0.623711 -1.547497
-0.588242 -1.099715
-0.898658 -0.152333
-0.970457 -1.047297
-0.613593 -0.246459
-1.387008 -1.735511
-1.558595 -1.696135
-0.504831 -0.612756
-0.492269 -0.921845
-0.850422 -1.970345
-0.761803 -0.266357
-0.604559 -0.868257
-1.372036 -2.484132
-1.421230 -0.928010
-1.580081 -2.507792
-1.436805 -2.351581
-1.013826 -0.664989
-1.484500 -2.050772
-0.894512 -1.735222
-1.043387 -1.093460
-1.251087 -0.199095
-1.000231 -1.745734
-0.585707 -1.743934
-1.387414 -2.377106
-0.480424 -1.273101
-1.612588 -1.392461
-1.145979 -1.701289
-1.105678 -1.366088
-1.119087 -1.620690
-1.352920 -1.483273
-1.160752 -1.437576
-1.262344 -2.331315
-1.039455 -0.748369
-1.086913 -1.693664
-0.712345 -0.289217
-1.433527 -1.170635
-1.104576 -1.224480
-0.975924 -1.972052
-0.692858 -0.616832
-1.222425 -0.998233
-1.316918 -1.042626
-0.626373 -0.562554
-1.112062 -0.626899
-1.305717 -1.236528
-1.168433 -2.539601
-1.360992 -2.546298
-0.691500 -1.234373
-0.488412 -1.150049
-1.247798 -2.037017
-1.053348 -2.062661
-1.395188 -1.593309
-0.812005 -1.158301
-1.287569 -0.966568
-0.598353 -0.433856
-1.302216 -1.038983
-1.358673 -1.335117
-0.484561 -0.572496
-1.282352 -1.254934
-1.211714 -1.933362
-0.912511 -1.316725
-1.029990 -0.724477
-1.238329 -2.217576
-1.455146 -1.898376
-0.954016 -1.023105
-1.129598 -0.385522
-0.690201 -0.615822
-1.369033 -1.768015
-1.106810 -2.485655
-1.229255 -0.902346
-1.198220 -1.531844
-1.182621 -2.534670
-1.149356 -0.520343
-1.027963 -0.348184
-0.833907 -1.740376
-0.750086 -1.877983
-0.371008 -0.524620
-0.668164 -1.508276
-1.296947 -2.396235
-1.226588 -1.558004
-1.182680 -1.027464
-0.987559 -0.448993
-0.832358 -0.085876
-1.276944 -1.399127
-1.009875 -0.558341
-0.405238 -0.751399
-0.462504 -0.768728
-1.101089 -0.603267
-1.109687 -0.811741
-0.447782 -0.531719
-1.001581 -1.887573
-1.497296 -2.622293
-0.662934 -1.552188
-0.960724 -0.845330
-1.132490 -1.085815
-1.015733 -0.158370
-0.733250 -0.437021
-1.115471 -0.533347
-1.142318 -1.859919
-0.857061 -1.498101
-1.097798 -0.364051
-1.391061 -1.991213
-0.974383 -1.956498
-1.107774 -0.988421
-1.495703 -0.938193
-0.822216 -1.229270
-0.781205 -0.838172
-1.322169 -0.895448
-0.461917 -0.780112
-1.179469 -1.349020
-0.488044 -0.605928
-1.258003 -1.411823
-1.057564 -1.340457
-0.532083 -0.444296
-0.364343 -0.864206
-0.591980 -1.210657
-0.919132 -1.327314
-0.546887 -1.649479
-0.799958 -1.651543
-0.735835 -1.009809
-0.845344 -0.991399
-0.764428 -0.588625
-1.320076 -2.062218
-1.072716 -0.848107
-1.434125 -2.809254
-1.050524 -0.464464
-0.652226 -0.348506
-1.311425 -2.092087
-0.448463 -1.282987
-0.650966 -0.886955
-0.686300 -1.710574
-0.757844 -0.873127
-1.079783 -2.488211
-1.344135 -1.331155
-1.268664 -0.562075
-0.541024 -0.836753
-0.790452 -1.830388
-0.709718 -0.195707
-1.523460 -0.730626
-1.568972 -1.207389
-0.960506 -0.476628
-1.041601 -0.917003
-0.990824 -1.942692
-0.764744 -1.163864
-1.038099 -0.399162
-1.026642 -2.352672
-1.511628 -1.906300
-0.776358 -0.456888
-0.828128 -1.717449
-1.450096 -1.084306
-1.087092 -0.828759
-1.288956 -1.160620
-0.667145 -1.787359
-0.526201 -0.517211
-0.933998 -2.218086
-1.273706 -2.744626
-1.292537 -0.787438
-0.430520 -1.262035
-1.102057 -1.240260
-0.855250 -2.364863
-1.029406 -0.716684
-0.466784 -0.992796
-0.691803 -1.635589
-1.133642 -0.605210
-0.999359 -0.891848
-0.967273 -2.206381
-1.294960 -2.235096
-1.204067 -0.461951
-1.001831 -0.074804
-1.373424 -1.045066
-1.102466 -1.372592
-1.123703 -2.136128
-1.060985 -1.406996
-0.624889 -1.612341
-1.347322 -1.140987
-1.103412 -1.368483
-1.209348 -0.495894
-1.232379 -0.984888
-0.521780 -1.355508
-1.053889 -0.429528
-1.538838 -1.968113
-0.671056 -1.758080
-0.521966 -1.172874
-0.719514 -0.892421
-0.733957 -0.792517
-0.768288 -2.100736
-0.578171 -1.720737
-0.701238 -0.250511
-1.274208 -1.581607
-0.598905 -1.740869
-0.672903 -0.263634
-0.965673 -1.830864
-0.712185 -0.399540
-1.539762 -2.536186
-1.332970 -2.008773
-0.416388 -1.366924
-1.182783 -2.048014
-1.230664 -0.938000
-1.181754 -1.340768
-0.515293 -1.568237
-0.945915 -1.967323
-1.418538 -2.011109
-0.665939 -0.311260
-0.606673 -1.068162
-0.779673 -0.347224
-0.873360 -0.287732
-0.616378 -1.334976
-1.124736 -0.141712
-1.290692 -1.473638
-1.065053 -0.518121
-1.352074 -1.492116
-1.168601 -1.727300
-0.626895 -1.363295
-1.074966 -0.393082
-0.731973 -0.709860
-1.298134 -2.301200
-0.409202 -0.743034
-0.756432 -1.110833
-0.563279 -1.171696
-1.002683 -0.092364
-1.251500 -2.335492
-0.483860 -0.655709
-1.401631 -2.472388
-0.461343 -1.011759
-1.340204 -2.560099
-0.602472 -0.447411
-1.205104 -0.673216
-1.149514 -0.457887
-1.415906 -0.865017
-1.515802 -1.963168
-0.893202 -1.478441
-1.269381 -0.701333
-0.942621 -0.700813
-1.098462 -2.149154
-0.506677 -0.484462
-1.422587 -2.611378
-0.769513 -0.952040
-1.485654 -1.576184
-1.341123 -0.567951
-0.466012 -0.463870
-0.979452 -2.230825
-0.761615 -1.732114
-0.842775 -0.480486
-0.804793 -0.127916
-1.355444 -2.477000
-0.353471 -0.842871
-1.087921 -0.137308
-1.235373 -1.827208
-0.672242 -1.147093
-0.847999 -1.928293
-1.434531 -2.293500
-1.466456 -2.354269
-1.117443 -1.212962
-1.364887 -0.917889
-0.639322 -1.201377
-0.681748 -1.371465
-1.139828 -0.368970
-1.196450 -0.479878
-0.797377 -1.941058
-1.653301 -1.901205
-0.748918 -0.391645
-0.853675 -1.275089
-1.413635 -1.796110
-1.545429 -1.515666
-1.068171 -1.522165
-1.146044 -0.856214
-0.612458 -1.354972
-1.151635 -2.657915
-0.515801 -0.480629
-0.764128 -1.175613
-0.975630 -2.060896
-1.248474 -1.276120
-0.437582 -0.716224
-0.619698 -1.700503
-0.946392 -1.440902
-1.266914 -2.736302
-0.905307 -1.031280
-1.023765 -1.887791
-0.308653 -0.958813
-0.803660 -0.378702
-1.190247 -0.896888
-0.711432 -0.397024
-0.648493 -1.273379
-0.999101 -1.182684
-1.551980 -2.315909
-0.563643 -1.115555
-1.505947 -1.813757
-1.418445 -1.011427
-0.803732 -0.377836
-0.597927 -0.213782
-0.986825 -0.456639
-1.355416 -2.342038
-0.588739 -0.707180
-0.945901 -0.914094
-0.465428 -1.304448
-0.587420 -0.270259
-0.434119 -1.151109
-1.332344 -2.963408
-0.552110 -0.463407
-0.863963 -1.726537
-0.765761 -1.332113
-1.104818 -2.034029
-1.054888 -1.472008
-0.439803 -0.802798
-0.477264 -0.353829
-0.720976 -1.290760
-1.168335 -0.887856
-1.497529 -0.966161
-0.767021 -0.547012
-0.381040 -1.140665
-1.152894 -1.819468
-0.465535 -0.997985
-1.099753 -0.288448
-1.308462 -1.748390
-1.576466 -1.750312
-1.320376 -1.028333
-1.240869 -1.549238
-0.403728 -0.411840
-0.892880 -1.721642
-0.676281 -0.826639
-1.159542 -2.688836
-1.230159 -2.011721
-1.359784 -2.053205
-0.730045 -0.401504
-0.966582 -1.524301
-1.268443 -0.582735
-1.291695 -1.129382
-1.127433 -0.323858
-0.874721 -0.522894
-0.623291 -1.371541
-1.155206 -0.679217
-1.410177 -0.888684
-1.221153 -0.356409
-0.717146 -0.094388
-0.966722 -0.898013
-1.100254 -1.392595
-1.110154 -1.387450
-0.763759 -1.725864
-1.054609 -1.666168
-0.998503 -2.091487
-0.695141 -1.454654
-0.819157 -0.424982
-0.836389 -1.704292
-1.082069 -0.292964
-0.378864 -0.724289
-1.200658 -0.945777
-0.776201 -1.279015
-1.450560 -1.983067
-1.557209 -1.562439
-0.943597 -1.815305
-1.276487 -2.350903
-1.285806 -1.422385
-1.393796 -0.694747
-1.189864 -2.598111
-0.397323 -0.547728
-0.906678 -1.657145
-0.690053 -1.585186
-1.400188 -2.194720
-0.985809 -0.348123
-1.005589 -2.100656
-0.698047 -0.984223
-1.201090 -2.104279
-1.171091 -2.545334
-1.613182 -2.424873
-1.420656 -2.654915
-1.006582 -1.387282
-1.550354 -1.576973
-1.473881 -0.709788
-1.653561 -2.248142
-1.272178 -1.386993
-0.952847 -0.193707
-1.462092 -1.290179
-0.931128 -2.088788
-0.697443 -0.434611
-1.409496 -1.137430
-0.843742 -1.442784
-0.961483 -0.234714
-1.341411 -1.879738
-1.458462 -0.650777
-0.548789 -1.061166
-0.586835 -1.466899
-0.924856 -1.187983
-0.820102 -0.831679
-1.067109 -2.215669
-1.500710 -2.152740
-0.477523 -1.009875
-1.263514 -1.186928
-0.648509 -0.583742
-1.174758 -0.502859
-1.347703 -0.490423
-0.738692 -0.446430
-0.341715 -0.479242
-0.374936 -1.430674
-1.216402 -0.279404
-0.913233 -0.112094
-1.405536 -0.998633
-1.011458 -0.414777
-1.373461 -2.377995
-0.372314 -0.751930
-0.897857 -0.221151
-0.516286 -0.604689
-0.761935 -1.047158
-0.664397 -0.257712
-0.787171 -1.300128
-0.690068 -1.067427
-0.439434 -1.175146
-1.209613 -0.733233
-0.813223 -1.332050
-0.892896 -2.011796
-1.193094 -0.380718
-1.700830 -1.729908
-1.083052 -2.584041
-1.007550 -1.908831
-0.799455 -0.359275
-0.975211 -1.177574
-1.379351 -1.145202
-1.218956 -1.480777
-1.318617 -0.258667
-1.151696 -1.722347
-0.737625 -0.927699
-1.058641 -0.280344
-0.796876 -2.119973
-0.654554 -0.909286
-1.343213 -0.958547
-0.786230 -0.062212
-0.810145 -1.060023
-0.870672 -0.110168
-1.336842 -2.129494
-0.587769 -1.234133
-0.773797 -0.500250
-1.199497 -1.414441
-1.563991 -2.123999
-1.283489 -0.977152
-1.254881 -2.596092
-0.471144 -1.212997
-0.764077 -1.979110
-1.666714 -1.482004
-1.287046 -0.433189
-1.138573 -2.231218
-1.353883 -1.081960
-0.856681 0.017214
-0.509808 -0.767886
-0.590976 -0.833806
-0.844681 -1.480983
-0.768928 -1.266223
-1.453483 -0.974146
-1.315305 -1.124587
-1.362944 -2.299816
-0.634599 -0.139871
-0.849204 -0.083832
-0.630706 -1.607921
-0.761390 -1.479145
-0.486374 -1.048223
-1.001145 -1.854384
-0.878196 -1.184369
-0.429239 -0.269311
-1.335900 -0.490877
-0.671075 -1.107111
-0.762098 -1.843129
-0.913947 -0.177956
-0.869482 -2.088106
-0.427867 -1.205096
-0.734326 0.052807
-1.214175 -2.290141
-1.009981 -0.712538
-0.561205 -0.566533
-0.702099 -1.855912
-1.023927 -0.725253
-1.102274 -1.233242
-0.355873 -0.822887
-1.442199 -2.180457
-1.573001 -1.681170
-1.234046 -2.297966
-1.140780 -2.421579
-0.542444 -0.333205
-0.996063 -1.235914
-1.266849 -1.601525
-0.685955 -0.867243
-1.308191 -1.617406
-1.118902 -2.094837
-1.344254 -1.955907
-1.251498 -2.309924
-1.424023 -1.895708
-1.247724 -2.543817
-0.985035 -1.898908
-0.809294 -1.993787
-1.016372 -1.715488
-1.085511 -0.509020
-0.761695 -0.120677
-0.942601 -0.928023
-0.946059 -0.906952
-1.069300 -0.618227
-1.311174 -1.754389
-1.055268 -2.586228
-1.546572 -1.361476
-1.503332 -1.524796
-0.735326 -0.518218
-0.816742 -0.945415
-1.097560 -2.424624
-1.494785 -0.656095
-0.424671 -1.265604
-1.426414 -2.427266
-1.320015 -1.494246
-1.050396 -0.861111
-1.119851 -2.010837
-0.943939 -0.191764
-1.393782 -1.405559
-1.507430 -2.351025
-0.852938 -0.309801
-0.713662 -0.444407
-0.786094 -1.315457
-0.886043 -1.779964
-1.289449 -1.956111
-0.884521 -1.709900
-1.318164 -2.610386
-0.827661 -1.531272
-0.911407 -0.053854
-1.396040 -2.140874
-1.060256 -0.696383
-1.294679 -1.093152
-1.123260 -1.322138
-0.515712 -0.870336
-1.268157 -2.137015
-0.643963 -0.156598
-0.597364 -0.904268
-0.910142 -2.111217
-1.318746 -1.458767
-0.489781 -0.423653
-0.808594 -1.755025
-1.175160 -2.223949
-1.462087 -0.958529
-1.171371 -2.578051
-0.986442 -1.905728
-1.145949 -2.396744
-1.389521 -1.182886
-0.816354 -0.797195
-1.001639 -0.353767
-1.577103 -2.244427
-0.977646 -0.052297
-1.441503 -1.701894
-0.445997 -0.343971
-0.761553 -1.339768
-0.982410 -1.779765
-0.969178 -0.644592
-0.931486 -1.650717
-1.137117 -0.788450
-0.858210 -0.027123
-1.497780 -2.551879
-0.593306 -0.663074
-1.159531 -0.711779
-1.034211 -1.960253
-1.305560 -1.067788
-1.417884 -2.684780
-0.463929 -0.451743
-1.091365 -1.831053
-1.177213 -0.847210
-1.084852 -1.074425
-0.687964 -1.320273
-0.862636 -0.472255
-1.149918 -1.652379
-1.447617 -1.663332
-0.652855 -1.285732
-1.026845 -0.786370
-0.715275 -0.955138
-0.913115 -0.242317
-1.435514 -2.290221
-1.207671 -0.331579
-0.667184 -1.537695
-0.610823 -0.569728
-0.717234 -1.609814
-0.340392 -1.201424
-0.999484 -0.753614
-0.783718 -0.861374
-1.118254 -1.011082
-0.445211 -1.064255
-0.942760 -1.731849
-0.518956 -1.147405
-0.731634 -0.506736
-1.535225 -1.277784
-1.091783 -0.252304
-1.024744 -1.270572
-0.887832 -2.519221
-1.220713 -0.260979
-1.307175 -1.745771
-0.451808 -0.946414
-1.348244 -2.429571
-1.142376 -1.296955
-0.891874 -0.298908
-0.286161 -0.582994
-0.627382 -0.132447
-0.894170 -1.826913
-1.023940 -1.328932
-1.192582 -0.666172
-0.837400 -1.474137
-1.025744 -0.501359
-0.977217 -2.464908
-0.552829 -0.289504
-0.788170 -1.639762
-1.297973 -0.693596
-1.432982 -2.610416
-0.990865 -1.547812
-0.787687 -1.181220
-1.225185 -2.366217
-1.090194 -1.591613
-0.655999 -0.228730
-1.245260 -0.776719
-0.873576 -1.113518
-1.076370 -0.131810
-0.914251 -0.866330
-1.083629 -1.293315
-0.437754 -0.882280
-1.380402 -2.308694
-1.129399 -0.795393
-1.523965 -2.205288
-0.994054 -2.567705
-0.786688 -1.804423
-1.554976 -1.969952
-1.176867 -0.560853
-0.404482 -0.913833
-1.062777 -1.136456
-0.671830 -1.169648
-0.357337 -0.800198
-1.018760 -0.556000
-1.295294 -1.486214
-0.535869 -0.895074
-1.444468 -0.936183
-1.011654 -2.300129
-1.142430 -2.389955
-0.514412 -1.074979
-0.597103 -1.298600
-0.601464 -1.511544
-1.156826 -1.704901
-1.435237 -1.632875
-1.184275 -0.894912
-0.684499 -0.583148
-1.346760 -1.957410
-0.858877 -0.824923
-0.597813 -1.076918
-1.298309 -1.076185
-1.333593 -1.990682
-0.394840 -0.590418
-0.940710 -1.292604
-0.630024 -0.470029
-0.372518 -0.389907
-0.477209 -1.063904
-0.912169 -2.021514
-0.664680 -0.509218
-1.461119 -2.386467
-1.310227 -2.149502
-1.596760 -2.195786
-1.229244 -2.350334
-1.193432 -1.494092
-1.393066 -1.539711
-0.879303 -0.816014
-1.326211 -1.216801
-0.909694 -1.104810
-1.150155 -2.447546
-1.434946 -0.962863
-1.116331 -0.813372
-1.463295 -2.221473
-0.562282 -0.631884
-1.126842 -1.888703
-1.334130 -1.666267
-1.374234 -0.641784
-0.584831 -0.483825
-1.332336 -2.900564
-0.543423 -1.268312
-1.113053 -0.446413
-1.005069 -0.395048
-1.395496 -2.468981
-0.687140 -1.476543
-1.192585 -0.339782
-0.921306 -0.433769
-1.263484 -1.960935
-0.556107 -1.351744
-0.805487 -0.401581
-0.660569 -0.249611
-1.332268 -1.677229
-1.180170 -1.964427
-0.598701 -1.581657
-0.561910 -1.099178
-1.211713 -2.458491
-0.806841 -1.059183
-1.452254 -1.483167
-1.379375 -1.941934
-0.949652 -2.025025
-1.379815 -1.158654
-1.286744 -1.936978
-0.717541 -1.124925
-1.538916 -1.676498
-0.864184 -1.220312
-0.416872 -0.852543
-1.578747 -1.904071
-1.187404 -1.643479
-1.266552 -0.404492
-0.815923 -1.763195
-1.047021 -1.328574
-0.910131 -1.875717
-1.115681 -0.544954
-0.424314 -0.523573
-1.423677 -0.844062
-0.841628 -1.593150
-0.501901 -0.717985
-1.387339 -2.631763
-0.982151 -0.233513
-1.257741 -0.593205
-1.074149 -1.511983
-0.549815 -0.769157
-1.138131 -0.989827
-0.627776 -0.163487
-1.114709 -0.549537
-0.491438 -0.581114
-0.805101 -0.642920
-1.354748 -0.912910
-0.594204 -0.194376
-0.816565 -1.724007
-1.510673 -1.751959
-1.090186 -2.151744
-1.235508 -1.825680
-0.797245 -1.699424
-1.281510 -1.248222
-1.232180 -0.560177
-1.054414 -1.617790
-1.022005 -2.313682
-1.565299 -1.785875
-0.924615 -1.536825
-0.594011 -0.305579
-0.788168 -1.389801
-1.177545 -0.996912
-0.839458 -0.227352
-0.450980 -0.881804
-1.258539 -0.557874
-1.147598 -2.654721
-0.585779 -0.786325
-1.002707 -1.464325
-0.835064 -0.560961
-1.005513 -0.479524
-0.934443 -0.816718
-1.148783 -0.198327
-0.705448 -0.423895
-1.283823 -0.755131
-1.270803 -2.272568
-0.600518 -0.469382
-0.764732 -1.854991
-1.247842 -0.941985
-0.930740 -2.081337
-0.729292 -1.542763
-1.162710 -0.518825
-1.591990 -2.476220
-1.124086 -2.458520
-0.686155 -0.675379
-1.099392 -1.245426
-0.938147 -2.355110
-0.865886 -1.182315
-1.095727 -2.428786
-0.872668 -0.691445
-1.041774 -0.823294
-1.016474 -0.555295
-0.714713 -1.078641
-1.079999 -0.734909
-0.917354 -0.769532
-0.534232 -1.544566
-1.231395 -1.728825
-0.852401 -0.394446
-1.357273 -0.976479
-1.174119 -0.316374
-1.447374 -1.950490
-0.901036 -0.957830
-1.205471 -1.159808
-1.157332 -1.918773
-1.365093 -1.735253
-0.458756 0.018456
-0.424784 -1.828422
-0.762258 -0.302078
-1.152492 -0.776430
-0.611478 -0.065718
-1.134747 -0.477516
-0.529854 -1.118142
-1.180598 -1.854164
-0.482378 -0.641493
-0.689990 -0.634804
-1.024016 -0.541308
-0.897264 -1.147921
-0.776483 -0.658788
-1.515422 -1.213939
-0.603983 -0.383790
-1.000175 -0.414849
-1.102259 -1.648062
-0.954041 -1.413537
-1.018873 -1.507726
-1.258483 -0.864158
-1.063898 -0.851653
-1.228717 -1.968675
-0.687165 -1.337714
-0.969258 -0.968473
-1.499430 -0.951862
-1.255511 -1.947128
-0.923449 -0.867444
-0.421751 -1.056628
-0.511891 -0.845295
-0.983194 -1.165889
-1.009019 -2.244102
-1.301830 -0.616325
-0.748802 -0.724903
-0.922914 -0.947719
-1.409946 -2.204815
-0.755644 -1.602409
-0.852112 -0.407542
-1.263432 -1.210943
-1.208945 -2.767347
-0.687002 -1.873994
-1.277760 -2.417877
-1.087925 -0.840558
-0.982110 -1.530044
-1.166799 -2.644401
-1.016010 -1.845885
-1.198070 -2.626491
-1.199347 -1.761154
-0.837181 -0.262877
-1.363337 -1.341544
-0.977281 -0.739681
-0.834331 -0.403368
-1.425351 -2.484937
-0.707305 -1.663974
-1.074090 -0.386597
-0.551080 -0.592411
-0.863876 -1.193256
-1.597154 -1.926805
-0.820267 -1.284295
-0.453175 -0.566278
-1.144819 -0.974009
-0.969697 -2.471427
-1.351520 -1.756704
-1.113359 -0.588040
-0.664449 -0.790574
-0.568336 -1.527370
-0.998449 -1.600531
-0.834425 -0.387632
-1.035626 -0.182567
-0.755028 -1.848744
-0.966343 -0.697470
-1.112437 -0.557537
-0.875553 -2.323656
-0.582802 -1.071696
-1.688215 -2.318546
-0.823181 -0.018408
-0.397043 -0.712928
-1.441422 -1.164354
-0.611311 -0.262394
-0.415743 -0.753696
-0.914884 -0.871961
-1.132252 -2.542615
-0.490410 -0.514196
-0.838395 -0.761234
-1.349737 -2.223751
-1.138287 -1.973669
-1.138500 -0.176998
-1.439616 -1.852788
-0.963819 -2.031055
-1.015994 -1.621346
-0.987328 -1.043497
-1.007524 -1.844264
-0.482335 -0.722887
-1.059397 -0.170238
-0.986250 -1.531418
-1.464999 -1.937762
-1.544972 -1.802136
-0.867832 -0.816772
-1.539734 -1.106264
-1.181278 -0.859875
-0.583383 -1.319880
-0.848599 -1.798215
-1.426587 -1.069443
-0.373745 -1.012951
-1.083543 -2.211705
-0.771262 -0.645854
-1.088308 -0.232187
-1.046430 -1.707469
-1.284169 -0.567717
-1.445058 -1.385587
-1.407317 -1.471766
-1.142623 -2.806778
-1.019145 -1.416682
-1.055400 -0.083080
-1.009225 -0.052476
-0.610925 -1.137173
-1.202586 -2.670675
-0.637065 -1.178747
-1.066463 -1.641564
-0.836233 -1.785921
-1.255745 -2.098281
-1.378123 -2.359977
-1.234803 -1.360738
-0.641786 -0.613762
-0.526127 -0.642175
-1.103185 -1.580748
-1.434190 -1.273841
-1.317657 -0.657186
-0.773503 -1.869753
-0.866446 -1.107890
-1.222553 -1.361279
-0.944610 -1.543312
-1.404589 -2.275187
-0.385580 -0.368104
-1.079503 -0.308640
-0.828183 -2.211696
-0.520755 -0.986110
-1.148489 -2.007805
-0.710146 -0.243396
-0.934044 -0.235543
-1.638173 -2.345859
-1.022647 -0.524173
-1.067786 -1.008589
-1.128456 -1.255041
-1.309240 -0.783084
-0.935457 -0.532179
-1.566016 -1.355572
-0.623494 -1.343814
-1.467450 -2.648713
-0.880138 -0.095577
-0.702142 -1.712702
-0.464213 -0.884507
-0.753870 -1.511604
-1.005558 -2.062023
-0.544049 -0.727041
-1.178177 -2.114365
-1.449062 -0.977559
-0.735287 -1.084630
-0.885176 0.021617
-0.402145 -0.845177
-1.314973 -2.544293
-0.999384 -0.102114
-0.923011 -0.767552
-1.373545 -1.240257
-1.181663 -0.258943
-1.111444 -1.966078
-0.931561 -0.050036
-0.552097 -0.705253
-1.302117 -1.502741
-1.570586 -2.348680
-1.294209 -1.660048
-1.202756 -1.881315
-1.171516 -0.200923
-1.286433 -2.299409
-1.206155 -1.917414
-0.691910 -0.312297
-0.750448 -1.556040
-1.218414 -1.390541
-1.340736 -0.890450
-1.296146 -1.123388
-1.183996 -2.701955
-1.107208 -0.338930
-1.064300 -2.575032
-1.493569 -2.202877
-1.374281 -0.940391
-0.997384 -0.279805
-0.898805 -2.090744
-1.498648 -1.968976
-0.994886 -1.310035
-1.334436 -2.527248
-0.748264 -1.118034
-1.113326 -1.113393
-0.527813 -0.917614
-0.912709 -0.684954
-1.186878 -0.620538
-1.310263 -1.070385
-1.419985 -0.487925
-1.192437 -2.304323
-0.871346 -1.945406
-1.439293 -1.966869
-1.483370 -1.114977
-1.266126 -0.515085
-0.842324 -0.278864
-0.488306 -1.010319
-1.083918 -0.921900
-0.803457 -2.077310
-0.880207 -0.737264
-1.222363 -1.924351
-1.193096 -0.711616
-0.956948 -0.903910
-0.903655 -1.973793
-1.075439 -1.556560
-0.409394 -1.345873
-0.693181 -1.884516
-0.957992 -1.967911
-1.244311 -0.811236
-1.062187 -1.131991
-1.429710 -2.054376
-1.005937 -2.258240
-1.455960 -1.654877
-1.247090 -2.660609
-1.310055 -1.989436
-1.354612 -2.213819
-0.393084 -0.545533
-0.834866 -2.013667
-0.732205 -0.775480
-0.486772 -0.543761
-1.352235 -1.087154
-0.801920 -1.999314
-0.902552 -0.485589
-1.092572 -1.349968
-1.290401 -2.002608
-1.401605 -1.212629
-0.854945 -0.470628
-1.021380 -1.116675
-1.284854 -0.533026
-1.334719 -2.263275
-1.258831 -0.996360
-0.749125 -0.380047
-1.258142 -0.308785
-0.788621 -1.456871
-0.796634 -0.500609
-1.142704 -1.135865
-0.648480 -0.517907
-0.900576 -0.818433
-1.005279 -2.000883
-1.192179 -1.381198
-0.880141 -1.511846
-1.148286 -1.520402
-0.850508 -1.298555
-1.054869 -0.299545
-0.762049 -1.487466
-0.237465 -0.673772
-0.380287 -0.887350
-0.891309 -0.270018
-0.992970 -2.216749
-1.071048 -0.062212
-0.592712 -1.658221
-0.476877 -0.936823
-0.794947 -0.338681
-1.263704 -0.988605
-0.830871 -0.977242
-1.069448 -1.142903
-1.296833 -0.404128
-0.494327 -0.989009
-0.615540 -0.280333
-1.374509 -2.065456
-0.545928 -0.491280
-1.258934 -2.659501
-0.488158 -0.940118
-0.572976 -0.669677
-0.583525 -0.943904
-0.510378 -1.293364
-0.856523 -0.726586
-0.863265 -1.005675
-0.484455 -0.604194
-0.478931 -1.380250
-0.950912 -0.198134
-0.742744 -1.710833
-0.813449 -1.734057
-0.597528 -1.448319
-1.178547 -1.737415
-0.414159 -0.349808
-0.608856 -1.297256
-0.373360 -0.817001
-0.720816 -1.627626
-0.765018 -1.099338
-0.700390 -0.972912
-1.373449 -0.931430
-1.221972 -1.183218
-0.675928 -0.208980
-1.034727 -2.019310
-1.154970 -1.002765
-1.305172 -1.051501
-1.219635 -0.619494
-1.560516 -2.051189
-1.026579 -2.037277
-0.912576 -1.744403
-1.126921 -2.070826
-1.156920 -0.543751
-1.101088 -0.486209
-1.061042 -1.833802
-1.080382 -2.346428
-1.428092 -2.112947
-0.942005 -0.405560
-0.897423 0.081352
-0.724988 -0.698581
-1.364652 -1.243897
-0.740226 -1.301684
-0.675571 -1.642728
-1.296547 -0.838844
-0.756487 -0.118129
-0.611007 -0.458677
-1.188910 -0.787866
-0.986328 -2.325913
-1.480104 -1.527699
-1.241071 -2.206724
-0.994507 -1.447363
-1.450549 -2.304122
-1.014542 -1.547746
-0.910341 -1.014091
-1.467003 -1.935356
-1.035728 -1.188633
-0.502700 -1.006902
-0.587467 -0.381810
-1.037009 -0.538610
-0.863154 -0.509625
-0.892716 -1.602509
-0.496820 -0.631919
-1.116918 -0.894724
-0.547746 -0.502649
-1.338694 -2.090768
-0.797037 -0.142216
-1.034302 -0.460365
-0.890499 -1.856404
-0.872987 -0.272773
-1.523110 -2.472663
-0.833908 -0.906042
-0.743736 -1.040856
-0.919354 -1.480782
-0.700216 -0.506331
-1.066983 -1.302433
-0.719737 -0.772606
-0.463863 -0.657525
-0.998250 -2.607464
-1.627373 -1.414231
-1.073943 -0.599442
-0.936600 -0.525492
-0.439184 -0.477631
-0.660951 -0.554710
-1.326501 -2.022913
-0.873747 -0.214977
-1.265696 -0.739380
-1.005080 -2.078573
-0.593778 -0.858573
-0.684725 -0.267438
-0.642139 -1.779727
-1.308244 -1.341253
-1.014468 -0.497337
-1.326206 -1.592348
-1.371343 -0.910082
-0.694221 -1.326326
-1.405408 -2.118811
-1.100848 -0.602477
-0.432642 -1.136534
-1.077597 -0.848210
-0.711573 -1.827526
-0.447918 -0.877569
-1.575275 -2.141296
-0.811523 -1.133249
-1.270682 -1.059853
-1.075250 -2.365011
-0.979960 -0.541281
-0.637264 -1.814594
-1.264877 -1.851494
-1.176604 -0.661737
-0.799504 -1.246131
-0.939348 -0.353675
-1.041605 -0.462048
-0.762618 -0.208816
-1.540969 -1.857550
-1.140198 -0.871157
-1.314119 -2.556492
-0.415904 -0.746671
-1.572300 -2.522412
-0.930485 -0.417008
-1.585872 -1.416476
-1.236655 -1.387208
-1.379656 -0.976458
-1.644895 -1.513549
-0.656763 -1.684679
-0.917860 -1.014540
-1.498404 -1.575237
-1.043717 -2.401088
-1.014275 -0.249510
-1.490988 -1.286164
-1.109434 -2.330703
-1.096473 -1.616496
-1.079844 -1.083395
-1.525051 -1.519068
-1.054642 -2.520474
-0.892750 -1.451729
-1.033591 -0.640777
-0.689739 -0.917064
-1.004277 -0.564652
-1.423903 -2.544933
-0.648789 -1.088796
-0.954688 -2.438396
-0.645999 -0.970887
-1.215467 -1.492910
-0.635912 -0.464212
-1.091076 -0.224468
-1.158695 -2.144532
-1.344154 -1.586249
-0.949298 -0.039664
-1.285773 -0.470524
-1.321349 -1.289026
-0.484255 -0.851472
-1.182459 -1.628922
-0.837829 -0.709542
-1.299369 -1.952121
-1.579047 -1.332702
-1.565678 -2.697839
-0.899367 -0.833134
-1.223419 -1.694067
-1.255050 -1.983678
-0.781560 -1.886289
-0.879247 -0.304231
-1.305960 -1.653814
-0.683052 -0.344544
-1.074623 -1.928800
-1.335477 -2.231583
-1.548669 -2.303439
-0.518578 -0.751339
-1.012511 -1.672513
-1.669823 -2.642856
-1.236259 -1.842598
-1.529838 -1.706017
-1.052644 -1.284541
-1.060076 0.064201
-0.734359 -0.845031
-1.272640 -0.685333
-0.485464 -0.377681
-1.117189 -2.256688
-0.814020 -1.897098
-0.375077 -0.563263
-1.019741 -1.431981
-1.015565 -0.146278
-0.813418 -0.586140
-1.267727 -0.580199
-0.480428 -1.320472
-1.412180 -0.760850
-0.844177 -0.846638
-0.981071 -0.310093
-1.411393 -1.701561
-0.982266 -1.099168
-0.504615 -0.263768
-1.291507 -0.454427
-1.081836 -0.677446
-1.594324 -1.652176
-0.703983 -0.333784
-1.066133 -1.300626
-1.198493 -0.641198
-0.824579 -0.716113
-1.220448 -1.829595
-1.225819 -1.033277
-1.254372 -1.284189
-0.690850 -1.765958
-1.117595 -1.750533
-1.169735 -0.614586
-0.959041 -0.112233
-1.479805 -1.013355
-1.228890 -1.279402
-1.403937 -1.617344
-0.972578 -0.113711
-1.131575 -1.775785
-1.350604 -1.912869
-1.387045 -1.797049
-0.772148 -0.786351
-0.898315 -2.171297
-1.217167 -2.071618
-0.961933 -0.902119
-0.693869 -0.564361
-0.499915 -0.863022
-1.317153 -2.109910
-1.147187 -0.242109
-0.412885 -0.623689
-1.133438 -2.073413
-0.338061 -0.810321
-0.608637 -0.548173
-1.204497 -0.479893
-1.203454 -2.486289
-0.431545 -0.321138
-0.681696 -0.332425
-0.617771 -1.374159
-0.627839 -1.512827
-1.014161 -0.093495
-1.640525 -1.615106
-1.389588 -2.172360
-1.232967 -1.181430
-1.112315 -0.632739
-0.999456 -2.395717
-0.572017 -1.827868
-1.079836 -0.265304
-0.915902 -1.278935
-1.225417 -2.275326
-0.757167 -2.096474
-0.992803 -2.074159
-1.396765 -1.300792
-0.323488 -0.651517
-0.974859 -0.244862
-0.517810 -1.669540
-0.347231 -0.845131
-1.016461 -0.851991
-1.073429 -1.019980
-0.388026 -1.380373
-0.422540 -0.776505
-0.727261 -1.544340
-1.430440 -1.446255
-0.906809 -1.736725
-1.409629 -1.305961
-0.459094 -1.165280
-1.182351 -0.690587
-0.884142 -0.154460
-0.648341 -1.822860
-0.630700 -1.521636
-1.177263 -2.570692
-0.904621 -1.397606
-1.495675 -1.988034
-0.744023 -0.941481
-0.809223 -1.165922
-0.533684 -0.525518
-0.631815 -1.001142
-1.359264 -1.899213
-1.072553 -1.346326
-1.432665 -1.301660
-0.501968 -0.658806
-1.129250 -0.654222
-0.715438 -1.787360
-0.531564 -1.226095
-1.370859 -1.031087
-1.340140 -0.482457
-1.264782 -1.102187
-0.986402 -2.051001
-0.962032 -1.770282
-1.419072 -2.323667
-0.757282 -2.078626
-1.317672 -0.799227
-1.026721 -2.078505
-0.502549 -1.036017
-0.830351 -0.548397
-1.602225 -1.047998
-1.260882 -0.882799
-0.501969 -0.354827
-1.052103 -0.815427
-1.249233 -2.096692
-1.437694 -0.868891
-0.809803 -1.760976
-1.296378 -1.454117
-1.114420 -0.958512
-1.372927 -1.238495
-1.476748 -1.101629
-1.327578 -2.498327
-1.487797 -2.033053
-0.658158 -1.549557
-1.518711 -2.629737
-0.814373 -1.487408
-1.374585 -1.058747
-0.646727 -0.850221
-0.618765 -0.443232
-1.222946 -0.611109
-1.024051 -2.236312
-1.521521 -2.023513
-0.579852 -0.748724
-0.396243 -0.575724
-0.419573 -1.207863
-1.292517 -1.865266
-0.793427 -2.056045
-1.477394 -2.465088
-1.086656 -1.678327
-1.263631 -0.855047
-1.017118 -0.772463
-1.155137 -1.420363
-0.643080 -0.806650
-0.740014 -1.175577
-1.257393 -0.529829
-0.680613 -0.137361
-0.620171 -1.188693
-1.331156 -0.805694
-1.260756 -2.507798
-0.540494 -0.426290
-0.988437 -0.051065
-1.033721 -2.175790
-0.747236 -2.141940
-0.488526 -1.017540
-1.141530 -1.725707
-0.675655 -0.908692
-0.765147 -0.539327
-0.520821 -0.537436
-1.497354 -2.409379
-1.199462 -1.032763
-0.725328 -1.555817
-0.526470 -0.703979
-0.801910 -1.595588
-1.175197 -1.904852
-0.929524 -1.927376
-0.688152 -0.686646
-1.510613 -2.480547
-0.575243 -0.706483
-1.346905 -0.514805
-0.793943 -1.052678
-0.757874 -1.404967
-0.421520 -0.610807
-1.474468 -1.838674
-1.129211 -0.930876
-0.834608 -0.150098
-0.761196 -0.209357
-1.595083 -1.615974
-1.018378 -0.106438
-0.866639 -1.462570
-0.898986 -1.727002
-1.561128 -1.824821
-0.957210 -0.373133
-0.664791 -1.378472
-1.611051 -1.710436
-1.226193 -1.530715
-0.632387 -1.621720
-1.281293 -0.735958
-1.262037 -1.394411
-0.767446 -1.369937
-0.764005 -0.256488
-0.440125 -0.487616
-1.141946 -1.938568
-0.780812 -0.647687
-0.896613 -0.923855
-1.497763 -1.495640
-0.609023 -0.536394
-1.237760 -0.628527
-0.738594 -1.082244
-1.392319 -0.540964
-0.958960 -0.837562
-0.653965 -0.302789
-1.069702 -2.459295
-1.316571 -2.495433
-1.030298 -0.833092
-1.568972 -2.103159
-1.345168 -1.402159
-1.098006 -0.887937
-0.888434 -1.648612
-0.886867 -1.905462
-0.824413 -0.028677
-1.305683 -0.685822
-1.099077 -2.690440
-1.271804 -0.909861
-1.370094 -2.410218
-0.857422 -0.543442
-1.180667 -0.494814
-1.040147 -0.232799
-1.382705 -1.158654
-1.365917 -2.363206
-1.061060 -0.406699
-0.944382 -1.167591
-0.532252 -0.514245
-1.145707 -0.758568
-0.524529 -1.062951
-0.659166 -1.734468
-1.111728 -0.445891
-0.378885 -0.905449
-0.908360 -0.195111
-1.329713 -2.366012
-1.302650 -1.987630
-0.882315 -0.297709
-0.783353 -2.072001
-1.321409 -1.386164
-1.225274 -2.249746
-1.357890 -1.098069
-1.114483 -0.912347
-1.126264 -2.361110
-1.430472 -1.447221
-0.915182 -1.538797
-1.059465 -0.616031
-0.949538 -1.507967
-0.997138 -1.689748
-0.589262 -0.949901
-0.737985 -0.422629
-0.809881 -1.843991
-0.621972 -1.091393
-1.293980 -1.906513
-1.099142 -0.917310
-0.575348 -0.176914
-0.612694 -0.335933
-1.066180 -1.398134
-1.081645 -2.348335
-0.884838 -1.050449
-1.284160 -2.302880
-1.589432 -2.073559
-1.192952 -2.685380
-0.651221 -1.678504
-1.170879 -0.157296
-1.360992 -1.256380
-1.076061 -2.536424
-0.893169 -0.999926
-1.380931 -0.718441
-1.463119 -1.877066
-1.481426 -2.257011
-0.756027 -0.194967
-1.302165 -1.097343
-1.011570 -2.485138
-0.438307 -0.774612
-1.003302 -1.620828
-1.148443 -2.023900
-1.306782 -0.849779
-0.427379 -1.012566
-0.588999 -1.341327
-0.878993 -0.110580
-0.505246 -0.901435
-0.564634 -1.008685
-0.702845 -1.614260
-0.608676 -0.661608
-1.241624 -1.165404
-1.551438 -2.204856
-1.348683 -0.991385
-1.113863 -1.353508
-0.993757 -1.881347
-0.744213 -0.139763
-0.993038 -0.159910
-1.390792 -1.201605
-0.893478 -0.111677
-1.317974 -0.571844
-1.004871 -2.191278
-0.894655 -0.902276
-1.479161 -0.910948
-0.829924 -0.479172
-0.554773 -0.899640
-0.629505 -1.297493
-0.802161 -1.903923
-1.199667 -0.923808
-1.013255 -0.680232
-0.973794 -2.213308
-1.456689 -1.500940
-0.545525 -0.650886
-0.422748 -0.354846
-1.122030 -2.639299
-0.979354 -2.443501
-1.530602 -2.932234
-1.110276 -2.104998
-1.262752 -0.986789
-0.925123 -1.184635
-0.614768 -1.511550
-0.452405 -0.527068
-1.191593 -0.796869
-0.745547 -0.293022
-0.950245 -1.502039
-1.612266 -2.230026
-0.516089 -0.495529
-1.123987 -1.949390
-0.519348 -0.473742
-1.452647 -1.381913
-0.930084 -1.711813
-1.035435 -1.313265
-0.571915 -0.955586
-1.359402 -2.230397
-0.493173 -0.496146
-0.844238 -1.304428
-1.113231 -0.426743
-0.704070 -1.765206
-0.786940 -0.574771
-0.902810 -1.540433
-0.932916 -1.829427
-1.262962 -2.664791
-0.916289 -0.781836
-0.907052 -0.438351
-1.267206 -2.334722
-1.244085 -0.956282
-0.722847 -0.703323
-1.016055 -1.772239
-1.295014 -0.747897
-0.912994 -2.122133
-1.324335 -2.620689
-1.131114 -2.471498
-1.072950 -2.143285
-0.921528 -1.256570
-0.691790 -0.399379
-0.645713 -1.298995
-1.102275 -0.848231
-1.096395 -1.863767
-1.233575 -2.048778
-1.381820 -1.141918
-0.642454 -0.844642
-1.387071 -0.987785
-0.550193 -0.271863
-1.617060 -1.642931
-1.221028 -2.188452
-0.947296 -1.170906
-1.409871 -0.772709
-1.307297 -1.413363
-1.090971 -0.632600
-0.565817 -1.699668
-0.975917 -2.393542
-1.154510 -0.962382
-0.879676 -0.977039
-0.776516 -0.960591
-0.883121 -0.449163
-0.495622 -1.530803
-1.289625 -1.694638
-0.955022 -1.261798
-0.786281 -0.798622
-1.138228 -0.231363
-0.766565 -0.647639
-0.670456 -0.535860
-0.944079 -2.169741
-1.390891 -2.460382
-1.432977 -1.686322
-1.011082 -1.064324
-0.562340 -0.714565
-1.118502 -0.728322
-0.646211 -0.595264
-1.292028 -1.632622
-0.727254 -2.111723
-0.925615 -0.724135
-1.173026 -1.522400
-0.950734 -0.497274
-1.287528 -1.698347
-0.675058 -0.466428
-1.038074 -1.965654
-0.633033 -0.849989
-1.197187 -0.884556
-1.310428 -0.696271
-1.243642 -1.131493
-1.219180 -0.823450
-0.800924 -1.181320
-1.074171 -0.750482
-0.521082 -0.621099
-0.589815 -1.261038
-0.928542 -1.761518
-1.077451 -0.731989
-1.295644 -2.560809
-0.970840 -0.613742
-0.578808 -1.355629
-1.535945 -1.395701
-1.070062 -0.279163
-0.575544 -0.315362
-0.808623 -0.082818
-0.486393 -0.743899
-0.404697 -0.747625
-0.898112 -0.152284
-1.466136 -2.305183
-0.507719 -0.313412
-0.907153 -0.503059
-1.213735 -0.747375
-0.817079 -1.685474
-0.805957 -1.374538
-1.477344 -1.390253
-1.506759 -2.021898
-0.844109 -0.424393
-1.409470 -2.406076
-1.119884 -0.460808
-1.328625 -2.294118
-0.506965 -0.798572
-0.807200 -0.904936
-1.252401 -1.203261
-0.603140 -0.909535
-1.099022 -1.509689
-0.478442 -1.743118
-1.174777 -1.478229
-1.694499 -1.809325
-1.483592 -1.840003
-1.272973 -0.461965
-0.641409 -0.411353
-0.891251 -0.315063
-0.516407 -0.923540
-1.165159 -0.535791
-1.316661 -1.016064
-1.163992 -0.330751
-1.389317 -1.136321
-1.169984 -0.386430
-0.375943 -0.921969
-1.533202 -1.669581
-1.026042 -0.863470
-0.612606 -1.700414
-0.745291 -0.516472
-1.525351 -0.779031
-1.316286 -2.583571
-1.041612 -2.043670
-0.664533 -1.042528
-1.073302 -2.436460
-0.674609 -1.550334
-0.793410 -2.184836
-0.914257 -2.011450
-0.407844 -0.925045
-1.539273 -1.410986
-1.003616 -1.127639
-1.621572 -1.528408
-1.298603 -0.717461
-0.821787 -1.432744
-0.764576 -1.983729
-0.844219 -2.217086
-1.152751 -2.505140
-1.311125 -2.366489
-1.401017 -2.674814
-0.924870 -1.948233
-0.806506 -0.361202
-1.042486 -1.045171
-1.136556 -1.472321
-1.326853 -2.574360
-0.824869 -0.408113
-1.676241 -1.996626
-0.893376 -0.885377
-1.263087 -1.217202
-0.895486 -1.162112
-1.487124 -1.193690
-0.770851 -2.302388
-1.232909 -2.664660
-0.913071 -0.809722
-0.683186 -1.243322
-0.533003 -0.610027
-0.551351 -0.933411
-0.727811 -0.296098
-0.804294 -1.203243
-0.618478 -0.262518
-1.339747 -2.479743
-1.349548 -0.588945
-1.210822 -0.732722
-0.735475 -1.680542
-0.432906 -0.829745
-1.039067 -1.467134
-1.259096 -0.697292
-0.766896 -1.656320
-0.870851 -1.145356
-1.201849 -1.629876
-0.878868 -2.160829
-0.765914 -0.118241
-0.917711 -1.651983
-1.612771 -1.601138
-1.282263 -1.850202
-0.377231 -1.226117
-0.848237 -2.315658
-0.959734 -1.139050
-0.671317 -1.822157
-0.918411 -0.957268
-1.197685 -0.608135
-1.030582 -2.573405
-0.932771 -2.097042
-0.991342 -0.907651
-1.167297 -1.549569
-1.410010 -2.978711
-1.329508 -2.972149
-1.221176 -0.681986
-1.517507 -1.707535
-1.241767 -1.368386
-0.913202 -1.556084
-1.405764 -2.384447
-1.222277 -1.498081
-1.407224 -2.388767
-1.408356 -2.319858
-1.512221 -2.537247
-1.094229 -1.702620
-1.366788 -0.653603
-1.198066 -0.869537
-1.019657 -1.736488
-1.041933 -0.304161
-0.982931 -1.819314
-0.615018 -1.374162
-0.833539 -1.232681
-0.917173 -1.599771
-0.840414 -0.963172
-1.372809 -1.782997
-1.097289 -2.414814
-0.965823 -2.486877
-1.176669 -1.883134
-0.847727 -2.003767
-0.856197 -1.602803
-1.011233 -1.249733
-0.823013 -0.202072
-0.688421 -0.743123
-0.798879 -0.425742
-0.816148 -1.292618
-1.190011 -1.393521
-0.720100 -0.130341
-0.872579 -2.082470
-0.687194 -0.683017
-0.463247 -0.984181
-1.055081 -2.176439
-1.075613 -0.414142
-0.759919 -0.494035
-1.159015 -1.302718
-1.040567 -0.302973
-1.407403 -1.815914
-1.272905 -2.126049
-0.677383 -1.336985
-0.634993 -1.593105
-1.112095 -1.096225
-0.723560 -0.253168
-0.972566 -1.540785
-1.108140 -0.669230
-1.370463 -1.777433
-1.146808 -1.940265
-0.931861 -1.107388
-1.346311 -0.919326
-0.713787 -0.957499
-0.828417 -1.092364
-1.199791 -1.727045
-1.338391 -2.651013
-1.378051 -2.578274
-1.168437 -1.624037
-0.468628 -0.813509
-0.864365 -1.364236
-1.316400 -0.797367
-1.587469 -1.995243
-0.781781 -0.673662
-1.307662 -0.624129
-0.618846 -0.640233
-1.346633 -1.121696
-1.077221 -1.714515
-1.023276 -1.065693
-1.324329 -1.639810
-1.065736 -2.546720
-0.619032 -1.122747
-0.554570 -0.223674
-1.288803 -2.581524
-1.359076 -1.353391
-1.194645 -0.815316
-1.366754 -0.480182
-1.329525 -1.297927
-1.348062 -0.729191
-1.113956 -1.623684
-0.788533 -1.479001
-1.294675 -1.201160
-1.337653 -1.069512
-0.579618 -0.468414
-1.428210 -1.903618
-0.836686 -0.295153
-1.417302 -1.313012
-1.425681 -1.249501
-0.630102 -0.413746
-1.326686 -0.842749
-1.094717 -0.469248
-0.940615 -1.074142
-1.369728 -0.627900
-1.704921 -2.156215
-0.836516 -0.667826
-1.281690 -1.249859
-0.628318 -1.670861
-0.529811 -1.000006
-1.049551 -1.668542
-1.061976 -2.559838
-1.037352 -2.482426
-1.501299 -1.859630
-1.023264 -2.499355
-1.184593 -0.814633
-1.152434 -0.495495
-0.752305 -1.873000
-0.908550 -0.744910
-0.893400 -0.196062
-1.199493 -0.632250
-1.378670 -1.945063
-0.640101 -1.508183
-0.778091 -0.731276
-0.841121 -1.887609
-1.035780 -2.331086
-0.769121 -0.126698
-0.893289 -1.596177
-0.663174 -0.876179
-0.434670 -0.690134
-0.416663 -1.076120
-0.898933 -1.203498
-1.340742 -1.535975
-1.391051 -0.808862
-0.700754 -0.627408
-0.980380 -0.586131
-1.057132 -2.364322
-0.741220 -2.191790
-0.686899 -0.302134
-0.702407 -0.726690
-1.381051 -1.400408
-1.169054 -1.388796
-0.738741 -0.949417
-1.223699 -2.301116
-0.753515 -0.399154
-1.324496 -1.067465
-0.634390 -0.696091
-0.770974 -1.141554
-0.407349 -1.037482
-1.124677 -1.128856
-1.034400 -0.488474
-0.554847 -0.778693
-1.410663 -1.710342
-1.684364 -2.240298
-1.069658 -0.821810
-0.821693 -1.505518
-1.378738 -1.638730
-0.907375 -0.655554
-1.413008 -2.473366
-1.257708 -2.353263
-1.323905 -1.356285
-0.662867 -0.403818
-0.704045 -0.579880
-1.394361 -1.960260
-1.074868 -0.404559
-0.966553 -1.174077
-1.450511 -2.665048
-1.341799 -1.000224
-0.449527 -0.551038
-1.375710 -1.509331
-0.874062 -0.518798
-0.634197 -1.102602
-0.925396 -0.465764
-0.669344 -0.560593
-0.828588 -0.682806
-0.956610 -0.398695
-1.346524 -1.013327
-0.531842 -1.512682
-0.928679 -1.844257
-1.419757 -1.375243
-0.437194 -1.105128
-1.215616 -1.930813
-1.222295 -1.285591
-1.323951 -2.633883
-0.521024 -1.752629
-1.031982 -0.507769
-0.990521 -2.004061
-0.560302 -0.553849
-0.538418 -1.203041
-0.786531 -1.057830
-0.583202 -1.546215
-0.564461 -0.362746
-1.276727 -2.505741
-1.490819 -1.594860
-1.654098 -2.571581
-0.832511 -1.532747
-1.208341 -0.466852
-1.034945 -2.398061
-0.415516 -0.363994
-0.646242 -0.667033
-1.291649 -2.087474
-0.973009 -2.012022
-1.459997 -1.109967
-0.849518 -0.988307
-0.751268 -0.906284
-1.263956 -2.696223
-1.178748 -1.676232
-0.711718 -1.360747
-1.077195 -2.342653
-1.742156 -1.445248
-0.821998 -1.741986
-1.115989 -0.081396
-1.330567 -2.023426
-1.225307 -1.963566
-0.877716 -1.639280
-0.573174 -0.837608
-0.726876 -0.918294
-1.232226 -1.766155
-1.104497 -0.546750
-1.162063 -1.780246
-0.849633 -0.676630
-1.140266 -2.036205
-1.224123 -0.933478
-0.660877 -1.937284
-1.143900 -1.133616
-0.924125 -2.188224
-1.081934 -2.109673
-0.607780 -0.873935
-0.661112 -0.742747
-0.901620 -0.568107
-1.061481 -0.348900
-0.461002 -1.058189
0.884818 0.792116
-0.515673 -1.035263
-0.819539 -0.642176
-1.419407 -1.001869
-0.460144 -1.156205
-0.707257 -1.293551
-1.098948 -0.248762
-0.781485 -1.028360
-0.959206 -1.883463
-0.999747 -0.731417
-0.724172 -0.992491
-0.987992 -0.817061
-0.759955 -0.792192
-0.902757 -1.492103
-1.105804 -1.399055
-1.031657 -1.327491
-0.945689 -2.350520
-1.368528 -2.081537
-0.648268 -0.493026
-0.659255 -0.189097
-1.339755 -1.875987
-1.291037 -1.014835
-0.779347 -1.099281
-0.561020 -0.265457
-0.825311 -0.435260
-1.327595 -2.663919
-0.971601 -2.324290
-1.105339 -0.538226
-1.568471 -1.508075
-1.344998 -1.958917
-0.789783 -2.030032
-0.742169 -1.752395
-1.302277 -1.367063
-0.762302 -0.447825
-1.061829 -2.016582
-1.296878 -1.209343
-1.152602 -2.304844
-0.482313 -1.626936
-0.655535 -1.303168
-1.424081 -2.279357
-1.139188 -1.941331
-0.952481 -0.222773
-0.785140 -0.626930
-1.396660 -1.987166
-1.103559 -1.184377
-0.551481 -0.947429
-0.809987 -0.409308
-0.893642 0.130987
-0.680218 -0.601272
-0.887301 -1.004733
-1.133712 -2.368826
-0.659697 -0.359387
-0.958296 -0.460887
-1.027841 -1.004293
-0.870299 -0.461181
-0.489887 -1.060386
-0.471709 -1.294769
-0.610045 -0.877593
-0.632572 -0.293322
-0.475751 -0.745523
-1.344747 -1.407632
-0.616212 -1.273621
-0.853981 -0.451641
-1.362614 -2.378259
-1.111195 -0.496161
-1.477496 -2.510059
-0.741839 -1.045587
-0.587260 -1.133064
-1.350007 -1.844241
-0.467892 -1.143923
-1.388325 -2.464311
-1.290694 -2.567048
-1.296679 -1.075822
-0.603922 -0.582971
-0.512593 -0.857648
-1.321514 -2.275363
-1.244001 -1.041365
-0.900454 -0.015461
-0.981692 -1.635129
-1.423626 -2.258071
-1.109476 -1.352602
-0.626384 -0.520835
-0.660220 -1.273021
-0.693110 -1.498143
-0.961736 -1.382644
-1.278364 -1.474269
-0.741081 -1.545177
-1.411176 -1.330543
-1.199632 -1.452984
-0.903822 -0.430996
-1.121723 -2.398902
-1.490669 -1.711210
-0.914535 -0.817190
-0.733273 -0.657029
-1.327899 -1.113068
-0.746062 -0.288212
-0.592588 -1.755758
-0.464723 -0.575803
-1.049235 -0.308546
-0.900001 -2.183647
-0.738491 -1.330086
-1.211055 -1.565641
-0.703332 -1.442512
-1.238340 -0.445971
-1.139036 -1.241484
-0.498061 -0.821990
-1.259669 -1.318926
-0.823143 -0.872765
-1.520679 -2.323991
-1.098450 -0.400759
-0.369261 -0.921381
-1.069292 -1.687602
-1.153464 -1.366133
-1.457089 -0.899777
-0.499550 -0.941002
-0.808334 -0.709029
-1.153114 -0.391164
-0.758340 -1.051589
-1.180288 -1.421127
-0.939906 -0.085641
-1.151658 -0.318235
-1.267349 -1.127008
-1.182279 -2.293748
-1.289117 -2.837305
-1.522422 -1.755534
-1.245322 -0.752592
-0.680417 -0.331863
-1.057758 -0.300708
-0.403455 -1.144446
-0.569672 -0.319470
-1.237668 -1.194827
-0.539555 -0.617616
-0.742105 -2.059558
-0.338059 -0.657911
-1.473813 -1.723189
-1.168941 -2.637312
-1.430788 -0.937769
-1.420407 -0.638735
-1.280056 -2.389871
-1.287613 -1.650378
-0.975498 -0.955281
-1.438170 -0.918998
-1.425190 -1.645993
-1.140768 -0.544470
-0.982962 -0.151640
-0.930985 -0.490999
-0.700549 -1.806815
-0.657383 -0.573564
-1.047425 -0.379716
-0.532369 -1.022303
-1.399433 -0.904755
-0.821182 -0.696620
-0.760626 -1.373398
-0.676912 -0.417761
-0.921578 -0.994375
-1.361689 -2.630761
-1.224775 -2.611525
-1.026474 -2.087760
-0.437978 -0.632336
-1.379589 -2.355905
-0.777010 -0.385327
-0.858654 -1.139867
-1.435906 -1.457781
-0.799248 -0.493879
-0.648871 -1.252093
-0.872645 -0.529191
-0.963553 -1.243159
-0.918935 -0.167744
-0.840596 -2.030701
-1.055334 -2.205134
-1.091718 -0.169479
-0.532400 -0.239171
-0.435506 -0.566589
-1.007132 -1.955621
-0.902009 -1.345892
-1.460965 -2.055123
-1.443847 -2.576920
-1.025187 -1.492997
-1.051538 -1.244691
-0.918548 -0.061683
-1.122589 -0.401207
-1.125208 -1.311396
-0.791080 -0.296387
-0.944619 -1.467805
-1.016143 -0.143773
-0.657648 -0.513343
-0.545330 -1.681485
-0.922790 -1.558552
-0.831368 -0.762970
-0.675278 -0.783216
-0.970542 0.042150
-0.772681 -0.486482
-1.169030 -1.553463
-0.777341 -1.637446
-1.095581 -0.404879
-1.294036 -0.940685
-0.545673 -1.729358
-1.528253 -1.274281
-1.113508 -0.894634
-1.189072 -0.632092
-0.987995 -2.364168
-0.784297 -0.415847
-1.221359 -2.050390
-0.984940 -2.133681
-1.259568 -1.652154
-0.935435 -1.417546
-0.576575 -0.730430
-1.273115 -2.116617
-1.388423 -2.020580
-1.319969 -1.239936
-0.447602 -1.009259
-1.037762 -0.199931
-0.936251 -0.504783
-0.714534 -0.764573
-1.247395 -0.763124
-1.314411 -2.438697
-1.145485 -0.204400
-1.299977 -2.436452
-0.789515 -1.960504
-0.543101 -0.713743
-0.990215 -1.244544
-0.783211 -1.574192
-1.446729 -1.015076
-0.801988 -2.083697
-0.440002 -0.803611
-0.962741 -0.985387
-1.369711 -1.353231
-0.731505 -0.293619
-0.659899 -0.752786
-1.282768 -1.327999
-1.229674 -1.208144
-0.759415 -0.229032
-1.123609 -2.017244
-1.233863 -0.672547
-0.866968 -1.418630
-1.132133 -1.730415
-1.160630 -1.439364
-1.323603 -0.645973
-1.391595 -2.328002
-0.932229 -1.098135
-1.022562 -1.911139
-0.912146 -0.242154
-1.509604 -1.214890
-0.879739 -1.811507
-1.025823 -1.279220
-0.931078 -0.965300
-1.344737 -0.683927
-1.054332 -1.251036
-0.743490 -1.590361
-1.251671 -2.443589
-1.163519 -1.875132
-1.198927 -0.023216
-0.909912 -0.888747
-1.397127 -2.082222
-0.852090 -0.944735
-1.103470 -2.511496
-1.372252 -2.297802
-1.351424 -2.074895
-1.517194 -1.395572
-1.004041 -2.316833
-0.904188 -1.663711
-0.991238 -0.246283
-1.471519 -1.642449
-0.442361 -0.793760
-0.480614 -1.049807
-0.395931 -1.482023
-1.348161 -0.833365
-1.001049 -0.204032
-1.335450 -0.466058
-1.543502 -1.761118
-1.361090 -1.316321
-0.536544 -1.323435
-1.045605 -0.425213
-1.115062 -1.663180
-1.195989 -1.215624
-0.969357 -0.547766
-1.431240 -2.341297
-0.934794 -0.451144
-1.476458 -1.354388
-1.024720 -0.370214
-0.725954 -1.183391
-0.922069 -0.413641
-1.204483 -1.191716
-1.179581 -2.698961
-0.735411 -1.655727
-0.978611 -1.311389
-0.807233 -0.882701
-0.937088 -2.217711
-0.558253 -1.186996
-1.266303 -2.183047
-0.903610 -1.017007
-1.696826 -1.922276
-1.106472 -2.139177
-0.838524 -1.750870
-1.192705 -0.809426
-0.689653 -0.697583
-1.557128 -2.325300
-0.976188 -1.605949
-0.990391 -1.830967
-1.472511 -1.229447
-0.578402 -0.297767
-0.715889 -1.494274
-0.533373 -0.970050
-0.761122 -1.977372
-0.977749 -1.489999
-1.358898 -1.429010
-1.426798 -2.590566
-0.802432 -0.297324
-0.793275 -0.978600
-1.596788 -1.131244
-1.500012 -1.127036
-1.044534 -2.075563
-1.134713 -0.452047
-0.802557 -1.187495
-0.807066 -0.229291
-1.290917 -2.237435
-1.036740 -1.898211
-1.319689 -0.595549
-0.531064 -1.123863
-1.015187 -0.704967
-0.930402 -1.506497
-0.399057 -0.383023
-1.474201 -2.252747
-0.475503 -0.442163
-1.416282 -1.926455
-0.494788 -1.013843
-0.834194 -1.365347
-1.209633 -2.307116
-1.256116 -1.309402
-1.079786 -0.812420
-1.006905 -2.620401
-0.836873 -0.626205
-1.360254 -0.893983
-0.369432 -0.652444
-0.876793 -0.788855
-1.089289 -0.704594
-0.879874 -1.922961
-1.417781 -1.711943
-1.343246 -0.617440
-1.049894 -0.408321
-1.340143 -2.202040
-1.309872 -0.693773
-1.082289 -0.610836
-1.067158 -0.726144
-1.238596 -2.721959
-0.689468 -1.083057
-0.666966 -0.675637
-1.375429 -2.636055
-1.218377 -1.874500
-1.088035 -2.189075
-1.269350 -0.928086
-1.259279 -1.529782
-0.434363 -0.226275
-1.121943 -1.490546
-0.664554 -1.462784
-0.691975 -1.546287
-0.884474 -0.224873
-1.245414 -1.760196
-1.107599 -0.055133
-1.246517 -0.860199
-0.719573 -0.659874
-1.313711 -1.730744
-1.098162 -0.731115
-1.291764 -2.384955
-0.983165 -2.561851
-1.163029 -0.768762
-1.383794 -0.945828
-1.387312 -2.500619
-1.199376 -0.544333
-0.742380 -0.954091
-0.583549 -0.655511
-0.793880 -0.182778
-0.604494 -1.401926
-1.454720 -1.968605
-1.056440 -1.912010
-0.761073 -0.746324
-0.787860 -1.606804
-1.454025 -1.052299
-1.190154 -1.430306
-0.983825 -1.464353
-0.515316 -0.829393
-1.248633 -1.985824
-1.387226 -2.450004
-1.279601 -0.887984
-1.212791 -1.261100
-0.745636 -1.426548
-1.103229 -1.442837
-0.900764 -0.953872
-0.800764 -1.344183
-0.681053 -0.430258
-0.623291 -0.700568
-1.191184 -2.711633
-0.917196 -0.373274
-1.072584 -2.468242
-0.999930 -2.225146
-0.497854 -1.425136
-0.341509 -1.092187
-0.509496 -1.257884
-1.279632 -0.730042
-0.952179 -0.367909
-0.546370 -0.686791
-0.534041 -0.992452
-0.994191 -2.199440
-0.664201 -1.122595
-0.659943 -1.123107
-1.007822 -0.106737
-0.921716 -1.906804
-1.337131 -1.186045
-0.468044 -0.377118
-1.174883 -1.246788
-0.723933 -1.447598
-0.970447 -0.809915
-1.526099 -1.108685
-1.330334 -2.286513
-1.127389 -0.517026
-0.881614 -1.495621
-0.779737 -0.243860
-0.635309 -1.347979
-1.322808 -0.666859
-1.218974 -0.506411
-1.422992 -1.497433
-0.822102 -1.614236
-1.313598 -0.944202
-0.967729 -0.775926
-0.511318 -1.014795
-1.322438 -2.323027
-0.885344 -0.864746
-1.206482 -2.295849
-1.238783 -2.259444
-0.750688 -1.328367
-0.446335 -1.192641
-1.052148 -1.718655
-0.609567 -1.176389
-0.876433 -0.933371
-1.125263 -0.632552
-0.925450 -0.509189
-0.839575 -1.651969
-0.979179 -2.107451
-1.316741 -2.472239
-1.161932 -1.644922
-1.413470 -1.128208
-1.298963 -1.177695
-1.280216 -1.004132
-1.019910 -1.949075
-0.801664 -2.159895
-1.208578 -0.620414
-0.957758 -2.001074
-0.687357 -1.056648
-0.991905 -0.217307
-1.232088 -2.211462
-1.525829 -1.868839
-0.555725 -1.503848
-0.484311 -1.110154
-1.129825 -0.119147
-1.068180 -1.634993
-0.977264 -0.140799
-1.278752 -0.861888
-0.944599 -0.241069
-0.863439 -0.090894
-0.520939 -0.540731
-0.753890 -1.634807
-0.884785 -0.573164
-0.845127 -0.456370
-0.886722 -0.309236
-1.271173 -1.098363
-0.921661 -2.249166
-1.021419 -1.236784
-1.111376 -0.379094
-0.967299 -1.578570
-0.951205 -1.617049
-0.630974 -0.516937
-1.164574 -1.985179
-0.688815 -1.618121
-0.784127 -0.707696
-0.473526 -0.413579
-1.314987 -1.097365
-1.122865 -2.088288
-0.999729 -0.184951
-1.529914 -1.705362
-1.386054 -0.759552
-0.604479 -1.552421
-1.165002 -0.966980
-1.123540 -0.408016
-0.916332 -2.013247
-0.616270 -1.008538
-0.738202 -0.162985
-0.747057 -1.122483
-0.985897 -0.929620
-0.561501 -0.323214
-0.507246 -0.288489
-0.788738 -0.277489
-0.688798 -0.638100
-1.070098 -0.603242
-0.976122 -0.887431
-1.046190 -1.104362
-1.224660 -2.638218
-1.363950 -0.994420
-0.435223 -1.069135
-1.402764 -2.205590
-1.275721 -1.841810
-1.002959 -1.005751
-0.900661 -0.171549
-0.794563 -2.083700
-1.249582 -1.855991
-1.091982 -1.731421
-0.421237 -0.433030
-1.176191 -0.216673
-1.330253 -0.876583
-0.941465 -1.364729
-1.458526 -1.064115
-1.313969 -0.658216
-0.721229 -0.495494
-0.537922 -1.203653
-0.888676 -1.929286
-0.634877 -1.546229
-0.740034 -0.316620
-1.285709 -2.422725
-1.137987 -1.246493
-1.340772 -1.661540
-1.263185 -1.449895
-1.254215 -0.302100
-1.033602 -2.160772
-0.770541 -1.457309
-1.420640 -1.675656
-0.458539 -0.433904
-1.343484 -1.214390
-1.209078 -0.551591
-1.040506 -1.146064
-0.918164 -0.403560
-0.525027 -1.495644
-0.786414 -1.866583
-0.867176 -0.368332
-1.016845 -0.500530
-1.018485 -2.526882
-0.993763 -0.297763
-1.147864 -0.494270
-0.464199 -0.933190
-0.566176 -1.678579
-0.841353 -0.642398
-1.362606 -0.620546
-0.804058 -1.396331
-1.058206 -1.567836
-1.632539 -1.576274
-1.106348 -0.447617
-0.491590 -0.642091
-0.600281 -0.341775
-0.605389 -0.492107
-1.431726 -2.099890
-0.632366 -1.202310
-1.548986 -1.294346
-0.794493 -1.062789
-1.300802 -0.851125
-0.937964 -0.733502
-1.273374 -0.731636
-1.110881 -1.130714
-0.995405 -0.718170
-1.197252 -2.060743
-1.006283 -1.680192
-1.551405 -1.663906
-0.969796 -0.071922
-1.355844 -1.223687
-1.032811 -1.412578
-0.879181 -2.071394
-1.214426 -2.002352
-1.237638 -0.660915
-0.934406 -1.466303
-1.576613 -1.364755
-0.810825 -1.407350
-0.701758 -1.815921
-1.218412 -0.621219
-1.406884 -1.623291
-1.412056 -1.384228
-1.468573 -0.624602
-1.413277 -1.402796
-0.831065 -1.383709
-1.319155 -2.448885
-0.808130 -0.681563
-1.057679 -1.236291
-1.534557 -2.713802
-1.086254 -1.870977
-0.764592 -1.777661
-0.899989 -0.782757
-0.999876 -0.316541
-1.002272 -1.078169
-1.446091 -1.168553
-1.228519 -1.746285
-1.378776 -1.432009
-1.077331 -0.567054
-0.552649 -0.485466
-0.801069 -1.132382
-1.472669 -1.806966
-1.065338 -1.649034
-1.227275 -0.522071
-0.923754 -2.155211
-1.102991 -0.580531
-0.747874 -0.004370
-1.420382 -0.866394
-0.437053 -1.351858
-1.137576 -1.153051
-0.845678 -2.236294
-0.942357 -0.387312
-1.132048 -1.671397
-1.258258 -0.931387
-0.744437 -1.746741
-1.236311 -0.464450
-1.275761 -1.437121
-1.359108 -1.097547
-0.561882 -1.592280
-1.278726 -2.382182
-1.550163 -1.941297
-0.866912 -1.275745
-0.992467 -1.876573
-0.881284 -0.453017
-1.442728 -2.711709
-1.083883 -0.381220
-1.134212 -2.284386
-0.641215 -1.618281
-1.420997 -1.082141
-0.892724 -1.708375
-1.191238 -0.832435
-1.127808 -0.359402
-0.687735 -0.568597
-0.896883 -1.857334
-1.370674 -2.086290
-1.434248 -2.240869
-0.678643 -1.639060
-1.099506 -1.443699
-0.615119 -1.735067
-0.681561 -1.836112
-1.589936 -1.459299
-0.629982 -1.507521
-1.080218 -1.108738
-1.175134 -2.150061
-1.316197 -0.708152
-1.303580 -1.510372
-1.082963 -1.062879
-1.439127 -1.491908
-1.357280 -2.318640
-0.940427 -1.313400
-0.799082 -1.810278
-1.186895 -2.440492
-0.898827 -0.738952
-1.252804 -1.124856
-1.019358 -2.439387
-0.717221 -1.976707
-0.717421 -1.390880
-1.625694 -1.868272
-0.980824 -0.107517
-0.619909 -0.342225
-0.808590 -0.097738
-1.038944 -1.833310
-1.204515 -2.317163
-1.068934 -1.639524
-1.058293 -0.553821
-1.028557 -1.286996
-0.692175 -0.894663
-0.737278 -1.687058
-1.127704 -0.466603
-1.039435 -1.698956
-1.756099 -2.403126
-0.740385 -0.902305
-1.489446 -2.669474
-0.478834 -0.684457
-1.170007 -0.320336
-1.222475 -0.966440
-0.406863 -0.349679
-1.093096 -1.746451
-1.216355 -1.872345
-1.126581 -0.525491
-0.889296 -0.701296
-1.551850 -1.770374
-1.140469 -1.330420
-1.263154 -1.589933
-0.855532 -1.842506
-1.473419 -1.828736
-1.231170 -2.260883
-1.129860 -1.330129
-0.710541 -1.636060
-0.964901 -0.610437
-0.818236 -1.125116
-1.226168 -2.666118
-1.081666 -1.819211
-1.241689 -2.146371
-0.789665 -0.598792
-1.130320 -0.271717
-0.641488 -0.663867
-0.736473 -0.427019
-1.599387 -1.795174
-0.999211 -1.486029
-0.701159 -1.045470
-0.540171 -0.921067
-1.337408 -1.603786
-1.184942 -2.224704
-1.110331 -1.201337
-1.008616 -0.607581
-0.631276 -0.380271
-1.018233 -1.464513
-1.364035 -2.338548
-1.349278 -1.314320
-1.554744 -2.034870
-0.593542 -0.558008
-1.379964 -2.151129
-1.505897 -2.424103
-1.345449 -1.433575
-1.246106 -0.790390
-0.961900 -0.994962
-1.542664 -1.556964
-0.497853 -0.525694
-1.320147 -0.491347
-0.845156 -1.777987
-1.204996 -0.877084
-1.318782 -0.820050
-1.114606 -1.291043
-0.960014 -1.127174
-0.947317 -0.219167
-1.416902 -0.920907
-1.132229 -0.287278
-0.698778 -1.307640
-1.453521 -1.907937
-1.535867 -1.143844
-0.655228 -0.882014
-1.444867 -2.055162
-0.618854 -1.109118
-1.121563 -1.884364
-0.754886 -0.682502
-0.562548 -0.918366
-0.943978 -1.507049
-0.889794 -1.315348
-0.860867 -1.293573
-0.853248 -0.505562
-1.094100 -0.978912
-0.852463 -0.669351
-0.847101 -0.210125
-0.939990 -1.842593
-1.208994 -1.905100
-0.957946 -1.251080
-1.384628 -2.236793
-0.351906 -1.035487
-0.570338 -0.721198
-0.387310 -0.530307
-0.606138 -0.679766
-1.482242 -1.668259
-1.016387 -1.900010
-1.355848 -1.830598
-0.920070 -0.553478
-1.351817 -1.840852
-1.069595 -1.166071
-1.355716 -1.263154
-1.009621 -2.540349
-0.891352 -1.139393
-1.518655 -2.537113
-0.759687 -0.316135
-1.064204 -1.657793
-0.726231 -0.404010
-0.606285 -0.435802
-0.768432 -0.360432
-1.209401 -0.744441
-0.920571 -1.045719
-0.905093 -1.941064
-0.749269 -1.402122
-0.827574 -1.329478
-0.990260 -0.639302
-0.967248 -1.521793
-1.253545 -1.111054
-0.483242 -1.052079
-0.711316 -1.020106
-1.362838 -1.984723
-0.703174 -0.200551
-0.920066 -1.201232
-1.160343 -1.728437
-0.724630 -1.363743
-0.676404 -0.211654
-0.744476 -1.528769
-1.475056 -1.562634
-0.581562 -0.754982
-1.268352 -1.673154
-0.948870 -1.532984
-0.982894 -0.882660
-0.603469 -0.607330
-0.931464 -0.451574
-0.992345 -1.510378
-1.323557 -0.478465
-1.151257 -2.410300
-0.583460 -0.273363
-0.695141 -0.647843
-0.652916 -0.403154
-0.482057 -0.490562
-0.986643 -1.736296
-1.437140 -1.001785
-0.987067 -1.941408
-1.379863 -2.197189
-1.478488 -2.318030
-0.386886 -0.701206
-1.000283 -2.284047
-1.063293 -2.088637
-1.400398 -0.943488
-0.936557 -0.745095
-0.435349 -0.895395
-0.757130 -0.981785
-0.931501 -1.810959
-1.039928 -2.585365
-0.843242 -1.141605
-1.404528 -0.933988
-1.322455 -2.628719
-0.935597 -0.822920
-1.309973 -1.422590
-1.457668 -1.594421
-1.094551 -0.723513
-1.055966 -1.544144
-1.454656 -0.446487
-0.937231 -0.918240
-1.122029 -1.162019
-1.130577 -2.578451
-1.193582 -0.754703
-1.530155 -1.506308
-0.660905 -0.468563
-1.159673 -2.467476
-0.940132 -0.075503
-0.587175 -1.822299
-0.410249 -0.437926
-1.160588 -1.838145
-0.681106 -0.843969
-1.181827 -0.985697
-0.578446 -0.373910
-0.492661 -0.800691
-0.680304 -1.772888
-0.489834 -1.077400
-1.431714 -0.915644
-0.775576 -2.014190
-1.524410 -1.118689
-1.321497 -1.831498
-1.050307 -0.373441
-0.421365 -1.278404
-1.139743 -0.924289
-0.669197 -1.171785
-1.181740 -0.385200
-1.137833 -1.872453
-1.326023 -1.889018
-0.446200 -0.976416
-0.787264 -0.369005
-0.769529 -1.414702
-1.347919 -0.865835
-1.172320 -1.514454
-0.949671 -0.565086
-1.322198 -1.377018
-1.704284 -2.174102
-0.699988 -0.230012
-0.510245 -0.441399
-1.271683 -0.407135
-1.250799 -1.562379
-0.354451 -0.776136
-0.878424 -2.157706
-1.023908 -0.689652
-0.995300 -0.628976
-1.610340 -1.612234
-0.860554 -0.587927
-1.222915 -0.386901
-0.740468 -1.085134
-0.840237 -0.381362
-1.229499 -2.387676
-0.485156 -0.447368
-1.386010 -1.483206
-0.880608 -0.564624
-0.888484 -0.244063
-0.890364 -1.344940
-0.708172 -0.778276
-1.162410 -0.564546
-0.734065 -1.626174
-1.225894 -2.241586
-0.655899 -0.714297
-0.585268 -1.539493
-0.791089 -1.177137
-0.574897 -0.276221
-1.239098 -1.176264
-1.181615 -0.734553
-1.605242 -1.651504
-1.286604 -2.742138
-1.015547 -0.575580
-1.328489 -1.538399
-0.796217 -1.417601
-0.564961 -0.319672
-0.757629 -1.893648
-1.541100 -1.661394
-0.950103 -0.970968
-0.813186 -0.586381
-0.918718 -1.866641
-0.723716 -1.964196
-0.736286 -0.705032
-0.859807 -1.328196
-0.765784 -0.097888
-1.024316 -0.577594
-0.799238 -0.849015
-0.658959 -0.142716
-1.144776 -0.429462
-1.060833 -0.342301
-1.475536 -1.422606
-0.632461 -0.686579
-1.293685 -1.064381
-1.285110 -2.297512
-1.315983 -1.443394
-1.661158 -2.387189
-1.511798 -1.424846
-0.455376 -0.718255
-1.019476 -1.253525
-0.821028 -0.160306
-0.855467 -0.777528
-1.324975 -1.202213
-0.872787 -2.240909
-1.001554 -1.332580
-1.087520 -0.943727
-0.645118 -1.844246
-0.656868 -1.092256
-0.498619 -0.828531
-0.555263 -0.986383
-1.184519 -2.831954
-1.363603 -0.985693
-1.481052 -1.546759
-0.666976 -0.714933
-0.657677 -0.841733
-0.508838 -0.585992
-1.490664 -1.857675
-0.794308 -0.557908
-0.433013 -1.013216
-0.797787 -1.017374
-1.241242 -1.183281
-1.149718 -0.704445
-0.551883 -1.137773
-1.380988 -2.083109
-1.125214 -2.129195
-0.542186 -1.093853
-1.517376 -2.335969
-1.344715 -1.117704
-1.286068 -2.599002
-0.648439 -1.075679
-1.062390 -0.192116
-1.358209 -1.808826
-0.892982 -1.084251
-0.816062 -0.432790
-0.384580 -0.520759
-0.637817 -0.271371
-1.236199 -0.721470
-0.846663 -1.974619
-1.202395 -2.115454
-1.357541 -0.665318
-0.975874 -1.402728
-0.779697 -1.710202
-0.928521 -0.869457
-0.935203 -0.636281
-0.893460 -0.562299
-1.306606 -2.417701
-1.478576 -1.329430
-1.546118 -1.200744
-0.831988 -1.305682
-0.940930 -1.045247
-0.836265 -0.612557
-1.071834 -1.945917
-1.127176 -2.174347
-0.904642 -0.956687
-1.115515 -1.295292
-0.428067 -0.373493
-1.279176 -1.013752
-0.409492 -0.965116
-1.222670 -1.136737
-1.039687 -1.664586
-0.564748 -0.375884
-0.660050 -1.457488
-1.141842 -1.610937
-0.702390 -1.463776
-0.876128 -1.778258
-0.404611 -0.396915
-0.931713 -0.319793
-0.911795 -0.723570
-1.254068 -2.754277
-1.362537 -0.968864
-1.198971 -2.181803
-0.566768 -1.599574
-0.744283 -1.875493
-1.103815 -1.189795
-0.513784 -1.026988
-0.857559 -0.127703
-0.739470 -1.655088
-0.766869 -1.283646
-1.402728 -1.162448
-1.218985 -0.382234
-1.316639 -1.196817
-0.552758 -0.732205
-1.273773 -2.301599
-1.066527 -0.986085
-0.555309 -0.230480
-1.009189 -0.365860
-1.237524 -0.616831
-1.578999 -2.101123
-0.456371 -1.049520
-0.775555 -1.537068
-1.617763 -1.927764
-1.610597 -2.184533
-0.577811 -0.896915
-0.927065 -1.411415
-1.394786 -2.296913
-1.282024 -2.081063
-0.504830 -1.259754
-0.656901 -0.615448
-0.869127 -0.678160
-0.642402 -0.275473
-0.483681 -0.371549
-1.162516 -0.350315
-1.712835 -1.960462
-1.379823 -2.373816
-1.141628 -1.890851
-1.073158 -0.677252
-1.558771 -1.821696
-0.515993 -0.314487
-0.934322 -1.309460
-0.908194 -1.216556
-0.840686 -1.874491
-1.290293 -2.471665
-1.040753 -0.796911
-1.475823 -2.433282
-1.233613 -1.540434
-0.772063 -1.989105
-1.510468 -1.966454
-1.130463 -1.696666
-1.169320 -2.143999
-0.494166 -0.306951
-0.830780 -0.966750
-0.422401 -0.889849
-0.853472 -1.910603
-1.311205 -2.303403
-1.375850 -1.167273
-1.430775 -1.017586
-0.609925 -0.850026
-1.060588 -1.064070
-0.478056 -1.279514
-0.478493 -0.289044
-0.701768 -0.435012
-1.398773 -2.269252
-1.562996 -1.143004
-1.372741 -2.040771
-0.654617 -0.150153
-0.684742 -1.114287
-1.252181 -1.877607
-1.391199 -1.134249
-0.379634 -0.803005
-1.554487 -1.988037
-0.665650 -0.225935
-1.070266 -1.563354
-1.229021 -1.127550
-1.388556 -0.984861
-0.995493 -0.227986
-1.134894 -1.942944
-1.475642 -2.139076
-0.519623 -1.093256
-0.605226 -0.144548
-1.405386 -2.312613
-0.895325 -1.422322
-1.464340 -1.606973
-1.180746 -0.968420
-1.258441 -0.356660
-0.930076 -0.848537
-1.098590 -2.030412
-1.528066 -2.380533
-1.225056 -1.470901
-1.418192 -1.791208
-1.288884 -1.467647
-1.045950 -2.258050
-1.314335 -2.503671
-0.770506 -0.564668
-1.702251 -2.072438
-0.771442 -1.311011
-1.221961 -2.293760
-1.460856 -0.956757
-0.946056 -0.952645
-1.329466 -1.521228
-0.707639 -0.498260
-1.343000 -0.619695
-1.138403 -2.039613
-1.473020 -1.509747
-1.440956 -2.124073
-0.931656 -0.450145
-1.219257 -2.747382
-0.720266 -0.373483
-1.231417 -2.621211
-0.885603 -1.000409
-0.805497 -1.063515
-0.550504 -1.411270
-0.991360 -2.501689
-1.152199 -0.721134
-0.682747 -1.530073
-1.101684 -1.698766
-0.615054 -0.303035
-1.408873 -1.876958
-1.026288 -1.485715
-1.076291 -1.720328
-1.404289 -2.166867
-0.724374 -0.241059
-1.407199 -1.946861
-1.419393 -2.029847
-0.562358 -0.802824
-0.630696 -1.234491
-1.260420 -2.470018
-0.857092 -1.130699
-1.219913 -1.968619
-0.877114 -1.686214
-1.421200 -0.778954
-0.800601 -0.959864
-1.142829 -0.652997
-1.275679 -1.871062
-0.672422 -1.370637
-0.860799 -0.510281
-0.954958 -0.615259
-0.685355 -1.531062
-1.102231 -2.418755
-1.174630 -2.211685
-1.483550 -2.870370
-1.361671 -2.923191
-1.396626 -0.608383
-0.866420 -0.036091
-0.967803 -0.221286
-1.451421 -2.588950
-0.507872 -0.409044
-0.578851 -0.554330
-0.622517 -1.101101
-1.655303 -2.328950
-1.287036 -1.471287
-0.900114 -0.252963
-1.132711 -0.980560
-0.777760 -1.020245
-0.532079 -0.331439
-1.418790 -1.739846
-0.655021 -1.473698
-0.475911 -0.791354
-1.522319 -2.629079
-0.452126 -1.207305
-0.896532 -0.174746
-1.192088 -2.687632
-1.572688 -1.658751
-1.631000 -2.411038
-1.151900 -1.139125
-1.384732 -1.610417
-1.161534 -2.255167
-1.241074 -0.868955
-0.636141 -0.754866
-0.996918 -0.812947
-0.451490 -0.355319
-0.589611 -1.150580
-1.173183 -1.713291
-1.089607 -1.736512
-0.622671 -1.896263
-1.366781 -0.767360
-1.158505 -0.935780
-0.488336 -0.606690
-1.254974 -1.905975
-1.523588 -1.722702
-0.789222 -0.206553
-0.912826 -0.618836
-0.469295 -0.526759
-0.843518 -1.040766
-1.227377 -2.044253
-0.984891 -2.434486
-1.024458 -2.307057
-0.690976 -1.401847
-1.369935 -1.481437
-1.025990 -0.593507
-0.877547 -1.900990
-0.464733 -0.518111
-1.455238 -2.339802
-1.410281 -2.418537
-0.839861 -0.760741
-1.326827 -1.825523
-1.515587 -2.153070
-0.768008 -0.852849
-0.521329 -0.688846
-0.673810 -0.256999
-0.728450 -1.544491
-0.923161 -0.838907
-0.625750 -0.318905
-0.439669 -0.240701
-1.442656 -1.343001
-0.372704 -0.618285
-1.555378 -2.542614
-1.299906 -2.160368
-1.137272 -0.269071
-1.210028 -2.232868
-1.354174 -2.579072
-1.085360 -0.390003
-0.644104 -0.300493
-1.144971 -2.054767
-1.251133 -2.241575
-0.371534 -0.557720
-1.053203 -0.613298
-0.563315 -0.389710
-0.506227 -0.881997
-1.258069 -2.021319
-1.252840 -0.703779
-1.384928 -0.533492
-1.142575 -1.086175
-1.266286 -0.534396
-1.398799 -1.976188
-1.557485 -2.523404
-0.567460 -0.692143
-1.592765 -2.137792
-0.711205 -0.872136
-0.656778 -0.426858
-0.771542 -0.283699
-1.216814 -0.961141
-1.421362 -1.177979
-1.057461 -1.352105
-0.646200 -1.651071
-0.839189 -0.117541
-1.331613 -1.688974
-1.067829 -2.377794
-0.693830 -0.162920
-0.471159 -0.778093
-0.762442 -1.888572
-1.385413 -1.736433
-1.205329 -0.851609
-1.339421 -1.792257
-0.593526 -0.226117
-0.841452 -0.685337
-0.850663 -2.219505
-1.012523 -0.310797
-1.501655 -2.486107
-1.134669 -0.402976
-1.138714 -0.495453
-1.233919 -2.634247
-0.459359 -0.675701
-0.557136 -0.783120
-0.537006 -0.665970
-0.827493 -2.141129
-1.268525 -0.374095
-1.205865 -1.264943
-0.819533 -0.478305
-1.194211 -2.277934
-1.216740 -0.761369
-0.423358 -0.716499
-1.210064 -1.375174
-1.255525 -0.667879
-1.171525 -0.896418
-1.548289 -2.143959
-1.349245 -1.318213
-0.837889 -1.281475
-1.532784 -0.942262
-0.503414 -0.572406
-1.494031 -1.353482
-1.449147 -0.970700
-1.055013 -0.533713
-1.039811 -0.375043
-1.454427 -1.601243
-0.944631 0.047287
-0.834188 -0.846382
-0.677904 -0.266182
-1.185651 -2.705350
-1.053840 -1.580785
-1.387560 -2.016600
-0.938730 -1.965092
-1.321122 -2.347565
-0.727417 -0.836449
-0.520936 -0.433151
-0.889693 -2.072676
-1.207166 -2.158908
-1.221053 -1.843534
-0.977524 -2.155165
-0.697871 -1.197949
-0.828988 -1.923762
-1.227499 -0.780404
-1.425320 -2.418126
-1.285702 -1.083990
-0.605791 -1.958594
-0.848785 -0.120697
-0.587409 -1.186424
-1.017922 -1.346245
-1.020694 -0.344075
-0.898522 -2.110837
-1.069902 -0.276722
-1.134951 -0.422406
-0.897007 -1.157832
-0.799562 -0.479223
-1.403094 -1.907883
-0.444267 -0.703550
-0.455257 -1.077532
-0.668217 -1.751539
-0.551343 -0.508706
-1.404187 -1.251057
-0.985817 -0.454901
-0.666390 -1.643610
-1.193334 -2.639233
-1.310143 -2.527986
-1.254424 -1.332512
-1.307779 -2.189117
-1.551934 -0.921438
-1.235809 -0.716481
-1.161635 -0.292893
-0.355966 -0.567499
-0.488232 -0.911985
-1.107570 -0.526077
-0.922024 -1.504056
-1.448455 -1.474418
-1.332215 -2.581177
-1.337876 -1.460310
-0.583833 -0.826771
-0.485327 -0.479691
-1.154666 -1.295491
-1.622276 -1.996909
-1.519716 -0.660317
-0.969056 -2.379446
-0.891801 -0.141558
-0.930251 -2.146143
-1.435011 -2.450955
-0.891757 -0.105644
-0.628271 -0.580874
-1.636135 -1.804944
-1.262146 -0.844435
-0.805785 -1.843745
-1.463758 -2.547470
-0.895738 -1.350388
-0.739649 -0.412169
-0.462609 -1.030031
-0.994618 -0.210521
-0.914345 -1.902864
-1.031305 -0.480464
-0.782442 -2.405061
-1.045938 -0.447894
-1.259790 -2.349480
-1.249690 -1.658577
-0.545395 -0.737597
-1.023366 -0.103629
-0.828742 -0.079059
-0.733672 -1.101248
-0.956303 -0.539620
-0.975099 -1.960279
-0.799019 -0.055142
-0.627836 -0.470232
-1.116797 -1.403891
-0.411141 -0.701636
-1.379219 -1.816440
-0.763255 -0.473585
-1.080726 -0.250300
-0.727898 -1.461091
-1.165146 -1.193475
-0.841309 -0.297181
-0.764045 -0.426586
-0.423522 -0.721377
-1.481562 -1.618357
-1.023631 -1.959761
-1.300924 -1.243411
-0.364355 -0.618580
-1.545306 -1.367665
-0.722327 -1.001650
-1.273262 -2.151512
-0.788301 -1.900868
-0.977692 -0.620215
-1.203238 -2.511787
-0.727985 -1.840801
-1.143736 -1.720120
-0.754915 -1.921750
-0.917723 -1.721643
-0.402463 -0.874110
-0.898427 -0.184218
-1.286900 -1.752949
-0.976707 -0.792273
-1.188073 -0.494452
-0.396935 -0.443493
-1.109458 -1.661266
-1.209491 -1.179496
-1.096587 -0.398381
-1.116442 -0.478834
-0.964908 -1.476478
-0.542869 -1.385699
-0.791268 -1.947077
-1.302847 -2.754134
-1.089856 -0.319152
-1.341726 -1.453948
-1.361146 -2.645870
-0.497713 -0.263019
-0.672382 -1.615883
-0.870333 -1.006912
-0.335022 -0.297422
-1.187362 -1.494345
-0.914142 -1.104759
-0.832660 -1.446658
-0.903274 -0.223562
-1.475361 -1.713753
-1.338294 -2.082450
-0.828901 -2.164715
-0.625561 -0.761870
-0.863095 -1.633068
-1.288328 -0.599243
-1.246359 -1.496396
-1.648330 -2.243192
-0.350366 -0.319630
-0.513904 -0.686851
-1.193524 -0.534094
-1.268905 -1.636277
-1.243625 -0.997111
-1.038005 -0.457544
-1.418060 -2.750018
-0.758362 -1.592718
-1.439836 -1.268041
-1.103899 -1.322198
-1.108904 -1.489615
-1.516542 -2.365100
-1.044189 -2.098119
-1.141568 -1.005498
-1.355050 -2.424459
-0.867299 -0.145951
-1.208326 -1.729346
-0.556603 -1.145504
-0.936719 -1.181086
-0.514052 -0.319097
-0.543162 -0.630955
-1.117393 -1.008168
-0.766744 -0.475033
-1.047090 -1.628735
-1.286834 -1.016693
-0.546213 -0.857098
-0.567973 -0.381649
-0.672592 -0.244703
-1.318162 -0.556107
-0.687944 -1.981133
-0.549906 -1.366787
-0.738418 -1.071115
-0.519550 -1.380439
-0.707917 -1.173352
-0.868077 -0.750298
-1.557818 -2.034747
-0.821338 -0.123234
-0.539930 -1.391360
-0.714490 -1.408533
-0.611173 -1.475346
-1.008443 -1.703028
-1.268975 -1.086985
-1.307185 -1.959060
-1.504582 -1.483536
-0.930075 -0.092976
-0.830008 -0.072526
-1.265497 -2.312468
-0.532300 -0.308950
-0.658683 -0.374134
-1.470595 -0.773663
-1.280247 -1.678989
-1.359133 -1.686194
-1.523492 -2.404268
-0.891589 -1.757233
-0.520196 -0.909674
-1.398589 -1.901057
-0.968829 -0.620863
-1.187241 -0.761854
-0.386690 -0.460803
-1.314682 -2.092946
-0.924607 -2.032527
-0.757114 -1.558168
-0.696893 -0.131433
-1.411470 -1.378822
-0.975119 -1.121265
-0.863184 -0.450559
-0.968544 -0.487025
-0.423510 -1.517332
-0.847507 -1.077428
-1.317733 -0.881334
-0.718555 -0.620408
-0.539014 -1.505651
-1.175949 -1.948400
-0.830913 -0.162452
-0.510246 -1.104178
-1.185706 -1.346583
-1.441788 -0.916661
-1.159064 -2.570916
-1.139202 -0.987569
-1.514575 -1.772544
-0.697322 -0.577386
-0.762541 -1.569248
-1.505793 -1.758211
-0.578888 -0.392616
-1.465311 -2.828703
-0.844634 -1.711654
-0.786856 -1.642173
-0.456407 -0.179126
-0.740896 -0.296314
-1.285247 -0.822246
-1.129773 -0.767662
-1.544054 -1.215180
-0.577468 -0.426955
-0.886296 -0.359344
-1.132297 -0.180797
-1.275889 -1.931879
-0.856062 -0.796333
-0.613705 -0.474242
-1.364955 -1.639216
-0.996474 -0.105323
-1.270190 -1.690945
-0.897606 -1.416420
-0.816231 -2.321677
-1.313749 -1.129814
-0.324063 -1.103674
-1.018722 -2.108413
-0.733303 -0.332835
-1.375673 -1.595339
-0.980469 -2.320281
-1.281212 -1.887009
-1.166863 -0.639417
-0.632237 -0.463839
-0.837544 -1.940027
-0.647514 -1.438864
-0.490275 -0.476557
-0.967371 -1.112612
-1.683608 -2.094711
-1.631654 -2.195252
-0.506851 -0.748715
-1.242527 -1.519803
-1.139147 -2.109100
-1.147402 -2.464125
-0.639037 -0.978761
-1.406584 -1.048890
-1.369383 -0.726263
-0.912642 -2.054656
-0.700858 -0.294637
-1.428790 -2.117480
-0.904486 -0.917390
-0.722768 -1.669898
-0.862474 -2.270039
-0.737047 -1.226615
-0.868318 -1.339242
-1.159292 -0.299485
-0.783604 -1.874076
-0.565601 -0.248490
-1.326960 -2.111737
-0.897384 -0.403022
-0.785673 -0.562176
-1.122415 -1.887767
-1.002246 -1.674938
-0.942864 -0.535618
-1.233527 -2.014340
-0.832164 -1.341575
-1.055556 -1.638292
-0.847247 -2.252786
-1.423456 -2.870003
-0.573581 -0.934213
-1.123835 -2.668934
-0.907394 -2.263184
-0.987940 -0.802333
-0.808105 -0.093154
-1.322840 -0.446597
-0.809385 -1.964464
-0.938332 -0.303466
-1.233021 -1.176824
-1.234892 -1.243389
-1.228372 -1.650431
-1.209736 -1.328474
-0.453409 -0.801176
-0.702691 -1.416558
-1.642671 -2.726687
-0.486659 -1.104731
-1.049282 -2.353976
-1.223687 -0.753674
-0.896916 -2.018020
-1.234060 -1.646749
-1.081149 -1.644562
-1.221262 -1.134441
-1.313450 -1.271380
-0.603207 -1.541646
-0.848565 -0.473423
-0.667295 -0.874576
-0.764585 -0.089878
-1.437209 -0.780151
-0.660646 -1.298113
-0.949649 -1.186103
-1.021549 -2.024497
-1.315012 -2.205185
-1.553788 -2.123581
-0.797918 -1.733429
-1.334571 -1.271235
-1.550670 -2.270592
-1.109796 -0.894981
-0.609538 -1.296765
-0.658236 -1.563516
-1.274167 -1.370777
-0.974107 -0.096685
-1.204377 -0.955803
-1.538649 -1.204603
-1.410485 -1.191679
-0.921139 -0.247666
-1.319967 -1.372950
-1.191337 -1.971352
-1.182685 -2.212483
-1.014970 -1.167832
-0.651992 -0.412369
-1.475876 -2.078521
-0.666258 -1.899196
-1.370725 -1.472547
-1.056635 -1.189089
-1.222561 -2.297399
-0.948947 -1.300555
-1.073391 -0.834251
-0.620209 -0.688407
-1.322877 -1.725655
-1.220127 -2.012999
-0.711975 -0.795417
-1.016797 -2.167010
-0.957055 -1.596350
-1.023191 -1.454064
-0.896015 -2.192720
-1.023216 -0.195593
-0.843982 -0.716058
-1.223154 -1.909520
-0.655468 -1.719381
-0.941623 -2.214370
-0.824266 -0.332543
-1.252574 -1.148080
-0.853820 -0.984265
-0.887084 -1.665896
-1.040314 -0.398386
-1.172412 -0.884585
-1.137082 -0.933250
-1.176135 -1.526497
-1.016967 -0.441379
-0.970702 -0.568811
-1.335788 -0.843824
-1.058141 -1.750187
-0.986958 -0.508788
-0.515611 -0.731694
-0.836381 -0.376521
-0.795780 -2.123962
-0.706987 -1.817842
-1.546853 -2.308954
-0.701932 -0.510347
-1.223321 -2.100552
-0.464565 -1.210657
-0.788448 -1.955402
-1.182618 -0.377074
-1.217264 -2.264447
-0.465603 -1.100011
-0.610178 -0.979125
-1.223705 -0.385514
-0.658186 -1.149713
-1.028146 -2.512549
-1.503778 -0.824831
-1.268752 -1.316322
-1.337920 -2.703560
-1.204262 -2.762377
-0.716576 -0.969360
-1.432451 -2.062923
-1.009295 -0.132456
-1.421559 -1.060676
-0.714316 -0.245890
-0.742353 -0.369876
-1.180270 -0.440059
-0.945795 -1.200836
-1.154864 -0.768595
-0.624779 -0.909364
-1.330674 -2.608383
-0.778440 -1.362668
-1.277254 -1.065292
-0.802638 -0.077943
-1.231188 -1.246582
-0.568261 -0.696454
-1.231952 -0.761672
-0.694442 -1.210641
-0.637170 -0.484991
-0.571454 -1.025946
-1.196217 -1.572519
-1.173052 -2.170161
-1.049044 -1.252800
-1.453953 -0.570857
-1.064329 -1.448287
-1.452372 -1.221940
-0.924082 -1.733898
-0.513764 -0.595545
-0.423105 -0.887380
-1.065551 -0.823644
-1.634399 -1.693729
-0.553980 -0.583254
-1.291118 -1.118040
-1.346445 -2.326895
-1.028281 -1.317466
-0.735456 -0.674428
-1.080136 -2.432683
-1.180506 -1.203646
-1.026311 -2.328892
-1.083418 -1.440051
-1.499546 -1.983328
-0.907717 -0.814413
-1.326401 -1.576486
-0.497907 -0.450217
-1.439646 -2.445455
-1.224079 -0.478274
-1.243228 -1.276758
-1.159884 -2.243345
-1.326777 -2.668199
-1.421941 -2.115896
-1.398381 -2.646420
-1.525934 -2.542157
-0.994898 -0.145564
-1.282483 -0.440875
-1.033614 -1.555291
-1.400923 -1.414216
-0.512403 -0.837414
-0.923583 -0.564239
-1.277237 -1.975059
-0.909584 -0.768884
-0.857628 -0.297355
-1.075238 -0.731509
-1.447871 -0.509131
-1.265693 -1.979147
-0.641348 -0.814181
-0.868544 -0.879841
-1.316358 -1.080155
-1.088161 -0.537141
-0.549301 -1.027415
-1.166704 -2.443067
-0.952755 -0.300616
-1.170617 -1.646815
-1.452085 -1.155084
-0.791514 -0.792543
-1.220231 -1.978698
-1.159672 -1.747030
-1.045509 -2.530002
-1.095456 -0.714549
-1.172928 -0.281322
-1.175311 -2.209321
-1.099574 -2.289459
-1.237771 -1.812760
-1.354972 -1.842324
-1.332106 -0.898358
-1.123566 -0.877738
-1.221351 -1.974153
-0.974474 -0.308857
-1.099641 -2.074578
-1.393283 -1.763900
-1.265276 -0.981104
-1.086942 -0.515821
-1.240871 -0.199334
-0.775821 -1.695462
-1.073962 -0.139340
-1.359609 -1.912182
-0.830898 -1.888223
-0.625104 -1.197235
-1.056316 -0.600304
-0.972257 -0.285081
-0.390411 -0.762813
-1.436815 -0.805859
-1.059261 -0.370075
-0.419212 -0.592815
-0.681932 -0.923829
-1.126195 -1.848203
-1.568066 -1.156275
-0.822287 -0.321586
-1.427374 -1.869117
-0.838423 -1.166824
-1.490912 -1.848660
-1.463454 -1.630539
-1.290386 -2.184526
-1.214463 -1.235273
-0.605303 -0.473877
-1.362550 -0.785729
-1.232695 -2.574704
-0.944084 -1.993793
-1.081848 -2.281328
-1.043332 -0.913616
-0.971063 -1.899655
-1.171658 -2.025798
-0.995790 -0.403127
-1.186082 -0.298686
-0.642751 -0.614190
-0.703306 -0.666664
-1.199972 -1.777964
-1.366504 -1.550152
-1.516900 -0.925449
-1.144029 -1.256126
-0.996341 -1.585722
-0.408896 -0.794248
-0.369909 -0.587193
-0.483150 -0.614260
-0.568531 -0.999736
-1.158536 -0.684367
-1.321001 -1.070717
-1.060371 -0.216643
-0.920540 -0.478435
-0.614574 -1.703300
-0.940151 -0.325457
-1.134503 -1.915079
-0.596529 -1.449841
-0.810351 -1.249132
-0.821018 -1.848381
-0.452338 -0.756124
-0.707951 -0.621319
-0.859655 -1.208172
-1.220001 -1.505069
-0.674055 -1.286729
-1.463211 -2.088957
-0.663421 -1.352023
-1.022752 -2.612591
-1.444437 -1.686610
-1.475862 -1.105909
-1.554056 -2.425858
-1.211496 -1.259968
-1.521930 -2.240537
-1.426540 -2.235433
-1.420614 -1.000232
-1.300894 -1.174307
-0.870817 -1.887026
-1.311036 -2.315130
-0.720041 -1.296017
-1.189777 -1.341891
-1.068897 -1.542947
-1.259283 -2.655966
-1.150851 -0.405426
-1.533307 -1.915955
-0.958177 -0.340761
-1.197057 -0.461386
-0.449945 -1.229443
-1.184072 -0.567193
-1.477324 -1.920923
-0.623453 -0.925780
-0.508779 -0.994889
-0.963767 -0.101862
-0.735321 -1.296126
-1.002529 -0.742033
-1.355323 -0.658946
-0.844004 -0.587595
-0.659479 -0.855902
-1.010853 -1.051407
-0.829742 -0.604309
-1.265717 -0.867063
-0.829045 -1.641224
-0.721076 -1.724918
-1.274124 -1.292054
-1.000525 -1.364877
-1.166968 -1.332228
-1.459929 -1.397734
-1.384689 -1.862389
-1.401706 -1.136469
-0.555226 -0.995453
-1.203174 -1.382630
-0.779656 -1.497107
-0.703430 -1.259513
-1.045247 -1.195410
-0.686591 -0.569199
-0.422740 -0.625964
-1.019246 -2.398034
-0.668292 -0.566258
-0.952611 -2.169259
-0.664689 -0.360421
-1.379288 -0.705717
-1.560486 -1.983424
-1.172394 -0.478271
-1.430301 -2.394788
-0.989129 -1.398988
-0.698287 -1.433288
-1.418182 -0.995076
-0.839112 -0.624488
-1.098350 -0.627534
-0.858573 -0.604562
-0.771320 -1.097532
-1.411151 -2.417554
-1.175157 -0.928785
-1.197841 -0.722842
-0.814054 -1.716802
-1.302606 -0.401662
-0.974454 -0.226430
-1.394665 -1.569907
-0.598410 -1.027101
-1.058810 -0.455534
-1.219230 -0.788766
-1.126518 -1.594151
-0.590473 -0.476269
-0.720573 -1.303403
-1.141692 -1.627904
-1.465793 -1.528364
-0.357321 -0.574232
-1.435661 -2.474174
-1.409246 -0.823940
-1.149637 -0.966197
-0.739552 -1.163279
-0.918465 -0.919576
-0.513690 -0.777687
-1.074914 -0.357747
-1.616462 -1.897586
-1.294453 -0.762952
-0.535735 -0.986457
-0.644943 -0.700212
-0.828878 -1.351717
-0.919140 -1.474757
-0.806528 -1.100715
-0.832180 -0.756146
-1.531508 -1.459193
-0.833426 -0.699637
-1.153901 -1.803634
-1.133903 -0.431365
-0.844348 -1.105243
-1.501668 -1.959261
-0.872276 -0.035299
-0.511672 -1.375385
-0.770951 -1.488329
-1.350332 -1.837644
-0.940982 -0.852203
-1.168784 -0.600445
-1.242320 -0.461015
-1.164174 -0.633460
-1.288486 -1.816950
-1.258131 -0.858303
-0.548230 -0.811610
-0.778720 -0.594334
-1.492164 -2.441092
-0.818602 -1.407729
-1.177161 -1.636564
-0.639444 -1.292663
-0.396664 -0.596452
-1.180254 -2.173105
-0.975702 -2.018450
-1.140890 -2.216721
-1.000525 -0.632337
-0.974048 -0.746751
-0.987522 -1.604915
-1.315278 -1.518005
-0.797976 -1.312168
-0.743456 -1.500244
-1.041673 -1.180400
-1.123854 -0.425592
-1.222274 -2.126317
-0.940119 -1.298150
-1.088948 -1.513166
-1.012749 -1.140279
-0.858557 -0.798449
-0.916980 -0.969847
-0.489437 -0.990945
-1.204876 -1.306746
-1.513449 -2.563666
-0.965962 -1.605889
-0.609032 -1.106402
-0.873713 -1.279210
-0.952323 -0.687508
-0.310073 -0.815436
-1.202468 -1.157848
-1.205529 -0.538669
-0.809960 -1.687724
-0.627054 -0.490815
-0.913413 -0.863789
-1.073908 -0.441254
-1.111216 -2.026356
-1.236313 -2.378825
-1.061827 0.091515
-1.106842 -0.824917
-0.585325 -0.099686
-1.495534 -1.703562
-1.553395 -1.716882
-1.156319 -2.461315
-0.571275 -1.535282
-1.309549 -0.663355
-0.889353 -0.935294
-1.444509 -0.670786
-1.044404 -2.052283
-0.996214 -1.620662
-1.186504 -2.604366
-1.157005 -0.460107
-1.471200 -1.518468
-1.335857 -1.215146
-1.146637 -0.391808
-1.314796 -2.215911
-1.204922 -0.496497
-1.466947 -2.471100
-0.954440 -1.588597
-1.378108 -1.305995
-1.281400 -2.568869
-1.021734 -0.566504
-1.336176 -1.941480
-0.769516 -1.493427
-1.237544 -2.295312
-1.251971 -0.608251
-1.113982 -2.831160
-1.389607 -1.146316
-1.044875 -1.408154
-0.760252 -1.558973
-0.481346 -0.206923
-1.254424 -0.919148
-0.980598 -1.467762
-1.278045 -2.319672
-1.326522 -1.580667
-1.251400 -0.637765
-0.833003 -1.541439
-1.397533 -1.285228
-0.964446 -1.308117
-1.611319 -1.571115
-0.647867 -0.269077
-1.267032 -2.550860
-1.217539 -0.844130
-1.352251 -2.229668
-0.720923 -1.508766
-1.399487 -2.766719
-0.498623 -0.724087
-1.289181 -2.547373
-1.120753 -2.535304
-1.321107 -0.628569
-1.220286 -2.241899
-1.592551 -2.104908
-0.736338 -1.367504
-0.812373 -0.791462
-1.365006 -2.072553
-0.547296 -0.995617
-1.030472 -1.619927
-1.160939 -0.214266
-1.362893 -0.577840
-0.915621 -0.805716
-0.588851 -1.074500
-0.960816 -2.215176
-0.709895 -1.872070
-1.032734 -1.869540
-0.986876 -0.254895
-1.265312 -0.556432
-1.122167 -0.183515
-1.462549 -1.925887
-0.380095 -0.660567
-0.450947 -0.629139
-0.536808 -1.020041
-1.340072 -2.534565
-0.885813 -1.504913
-0.907186 -0.879339
-1.355628 -1.022866
-1.025620 -1.947954
-0.860373 -0.766895
-1.167117 -0.635003
-1.609298 -2.289692
-0.833332 -0.541202
-0.485125 -0.235666
-0.736126 -1.981667
-1.424781 -2.063098
-0.725819 -1.278193
-0.948004 -2.030200
-0.897256 -2.109872
-0.781308 -1.147411
-1.030447 -1.139942
-1.173604 -1.212535
-1.139076 -1.395172
-1.288878 -2.377801
-0.999617 -2.417578
-0.743792 -0.252046
-1.167368 -2.182572
-1.150421 -1.282325
-1.295326 -1.840056
-0.668651 -1.219888
-0.909486 -1.018972
-0.624988 -0.782484
-1.362481 -0.776473
-0.925944 -0.774615
-1.022381 -1.139998
-0.808343 -1.171526
-1.162753 -0.443157
-0.537741 -1.366226
0.837697 0.930647
-1.044459 -0.809096
-1.229876 -1.986292
-0.528707 -0.492110
-0.415926 -1.273599
-1.086519 -1.558436
-0.716219 -0.038251
-1.456198 -2.600063
-1.480299 -1.356854
-0.846672 -1.966245
-1.203385 -1.842955
-0.517369 -0.308027
-1.010283 -1.808449
-0.982753 -1.440955
-1.133972 -1.689215
-0.519649 -0.372028
-1.104540 -1.250806
-0.989660 -0.347097
-1.023419 -2.551432
-1.086966 -0.491043
-1.569387 -2.200039
-1.432938 -0.792446
-1.030729 -1.224503
-1.257113 -2.488587
-0.971357 -0.525596
-1.088060 -2.014187
-1.308209 -1.125636
-1.506815 -1.577472
-0.892727 -1.712563
-1.094199 -1.079666
-1.601645 -1.335165
-0.868416 -1.524291
-0.646272 -0.981852
-1.153340 -2.003823
-0.736204 -2.096323
-1.154520 -1.327382
-1.339063 -0.844183
-0.817556 -0.824105
-1.157523 -0.954208
-0.566331 -0.540079
-1.114499 -1.109734
-0.908826 -2.072412
-0.659635 -0.415699
-0.558032 -0.501082
-1.504326 -1.931143
-0.925558 -0.624613
-1.083977 -0.316521
-0.553621 -0.828624
-0.799919 -0.924315
-0.921217 -0.919235
-1.195206 -2.329626
-1.618195 -1.529367
-0.861712 -1.215484
-0.819278 -1.980025
-1.316168 -0.390029
-1.314573 -2.032445
-1.320837 -1.544225
-1.436201 -2.493839
-1.353672 -1.599145
-0.481599 -0.702262
-0.793423 -0.745624
-1.218748 -0.202291
-0.898043 -0.787690
-1.496265 -2.106878
-1.067100 -1.772352
-0.894629 -1.707788
-1.414308 -2.379625
-1.285972 -2.764117
-0.827448 -0.111485
-1.155348 -0.818952
-0.916698 -0.297747
-1.344687 -1.453386
-1.237128 -1.084139
-0.725815 -1.151998
-1.163054 -1.015891
-1.022810 -1.985355
-1.220748 -2.275222
-1.023551 -1.551690
-1.012965 -0.661877
-1.352323 -1.740491
-1.010815 -2.324694
-0.918852 -1.957222
-0.803188 -1.596669
-1.238264 -1.884775
-0.693864 -0.193767
-0.633793 -1.389970
-0.785179 -0.496035
-0.618123 -1.570334
-1.098908 -2.169136
-0.575901 -0.250650
-1.364340 -2.783693
-1.541870 -2.307583
-1.425714 -1.271868
-0.752931 -1.531543
-0.414086 -0.537059
-1.319159 -1.639422
-1.121109 -2.022435
-0.649208 -0.237112
-0.829170 -1.004886
-0.467868 -1.320595
-1.445433 -2.073272
-0.708746 -0.618716
-1.026144 -2.052635
-0.927385 -0.935743
-0.952925 -2.599406
-1.270709 -2.177432
-0.875533 -1.188182
-1.155391 -1.955766
-0.711517 -1.474647
-1.291102 -1.828567
-1.392800 -1.013596
-0.319252 -0.767803
-1.315033 -0.677942
-0.929593 -0.446802
-0.504948 -1.004904
-1.309266 -0.599363
-1.578572 -2.152189
-0.873842 -0.237087
-1.078973 -1.617938
-0.613272 -1.611166
-1.190745 -0.616122
-1.384410 -2.217549
-0.478705 -1.522984
-1.007481 -0.193873
-1.131482 -1.977579
-0.648151 -0.348473
-0.730375 -0.122712
-1.321916 -2.092522
-1.325867 -1.298278
-1.337645 -1.144710
-1.164252 -0.544013
-0.705847 -1.284096
-0.933118 -1.094293
-0.625315 -0.955240
-0.615270 -0.266117
-1.034409 -0.414334
-1.020765 -2.319577
-0.983032 -0.722390
-0.623709 -1.269397
-0.982745 -2.256628
-0.766734 -1.134277
-1.173804 -1.634882
-1.091494 -2.439033
-1.388280 -1.293660
-0.979326 -0.296691
-0.721550 -1.188554
-0.973868 -1.628066
-0.471336 -1.301116
-0.972596 -0.897677
-0.736515 -0.371302
-0.961582 -1.499190
-1.322383 -0.825330
-0.934150 -0.680659
-0.860589 -1.831754
-1.282361 -1.864542
-0.967218 -1.223421
-0.619967 -1.676416
-1.423549 -1.174319
1.066234 0.715181
-0.973340 -1.111822
-0.641037 -0.750362
-0.996150 -1.239561
-1.052234 -1.246797
-0.426384 -0.453706
-1.019179 -0.247920
-1.239172 -1.620044
-0.516204 -0.440672
-1.294427 -0.585267
-1.063737 -0.075451
-1.290923 -0.493513
-1.315114 -1.746789
-1.596727 -2.122336
-1.073142 -1.887406
-0.472026 -0.390011
-1.006265 -1.646409
-0.844057 -1.488991
-1.246417 -0.220525
-1.217511 -1.349755
-0.833791 -0.116522
-0.773369 -0.412777
-0.743555 -0.175326
-1.224010 -0.482486
-1.105190 -0.451359
-1.235538 -1.056163
-1.493891 -1.867012
-1.148883 -1.369395
-0.557239 -1.421281
-0.978851 -2.136096
-0.589113 -0.444838
-0.817057 -1.204896
-1.163386 -1.195052
-0.989338 -0.793514
-1.315509 -0.633424
-0.902980 -1.582492
-0.319755 -0.341357
-0.892176 -2.154235
-0.612571 -0.211369
-0.979697 -1.681608
-0.681967 -0.920389
-0.695581 -1.406241
-0.626136 -0.485619
-1.356099 -1.283373
-1.132634 -0.537416
-1.044975 -1.683401
-0.577493 -1.581623
-1.056854 -2.361676
-0.879149 -1.590657
-0.449381 -0.917476
-1.384655 -2.428462
-0.678408 -1.937412
-1.156334 -1.408766
-0.956468 -2.167299
-0.838621 -0.712765
-0.962766 -1.640827
-0.882514 -0.621465
-0.914832 -1.634954
-1.017639 -2.552921
-1.333065 -1.782306
-0.895451 -1.313296
-0.504806 -1.006417
-0.861616 -0.819058
-1.516590 -1.716808
-0.733142 -1.817041
-0.441536 -0.566100
-0.921082 -1.844628
-0.538711 -1.586386
-1.144767 -0.399711
-1.073569 -0.858450
-1.268229 -0.621889
-0.598986 -0.628955
-0.700435 -1.569840
-0.923963 -1.416183
-0.976755 0.063326
-0.427567 -1.090365
-0.663195 -0.142504
-1.409018 -2.535836
-0.903577 -0.406784
-0.955694 -2.323047
-1.388078 -1.548220
-1.336116 -1.226775
-0.761940 -0.073543
-1.195466 -1.636904
-1.431925 -1.549064
-1.342567 -2.321800
-0.651926 -0.897441
-1.072810 -0.675728
-0.627927 -1.148075
-1.495324 -2.528532
-0.670497 -1.660221
-1.211362 -0.270247
-1.339661 -1.955208
-0.951441 -1.223429
-1.228331 -1.632837
-1.139593 -2.619061
-1.235427 -2.102896
-1.193673 -0.796016
-1.283411 -0.565207
-0.676860 -0.949580
-1.324825 -1.735973
-1.505201 -1.759347
-0.878255 -2.258974
-1.026953 -2.007001
-1.332662 -0.660501
-0.890292 -0.330265
-0.738291 -1.725068
-0.644183 -0.799021
-0.563572 -0.970125
-1.194117 -2.191455
-1.212005 -1.969255
-0.652782 -1.270328
-1.604424 -2.297614
-0.522974 -0.999137
-1.192682 -2.694150
-1.258311 -0.959222
-1.306134 -1.416365
-0.668519 -1.246950
-0.846588 -0.410608
-0.766769 -1.376265
-1.078570 -0.664534
-1.093173 -1.879430
-0.780458 -0.556729
-0.715874 -0.952356
-1.290497 -1.258974
-1.189668 -0.743542
-0.765768 -1.211409
-0.888116 -1.616096
-0.858904 -1.042832
-1.054552 -0.301100
-1.052275 -0.505163
-1.308968 -0.916581
-0.635538 -0.382219
-0.965031 -0.288145
-1.128006 -0.170374
-0.696516 -1.147928
-0.761308 -2.096225
-1.276743 -1.227451
-0.719475 -1.190985
-0.678810 -1.654641
-1.232666 -1.030011
-0.928977 -0.763053
-1.020214 -0.905318
-1.202904 -2.415035
-1.217097 -1.678486
-0.937907 -0.198544
-1.331979 -2.119771
-1.484442 -1.699976
-0.882193 -0.526044
-1.437351 -1.895472
-1.023720 -1.423955
-0.906132 -0.700691
-1.067270 -0.355376
-1.016549 -0.415998
-0.792768 -1.434870
-0.767209 -1.148775
-1.212436 -1.451355
-0.952457 -1.713720
-0.406692 -0.873357
-1.305020 -1.776557
-1.622711 -1.840433
-1.175766 -0.341479
-0.474326 -1.479623
-1.066963 -1.938462
-0.505086 -1.322305
-0.959883 -1.542786
-0.682365 -1.706947
-1.210876 -1.012267
-0.844669 -1.998588
-0.672514 -0.407248
-1.138548 -0.791011
-1.304835 -1.681697
-0.412581 -0.348437
-0.518468 -0.821538
-0.514765 -0.661108
-1.295402 -1.215690
-0.499452 -1.010731
-0.613720 -0.171235
-1.080804 -0.755491
-1.519428 -1.995261
-1.077237 -0.578673
-0.872034 -0.517495
-1.209680 -1.476883
-1.586169 -2.137919
-1.174438 -0.785475
-0.773422 -1.677111
-0.322046 -0.346154
-1.501030 -2.371611
-0.986337 -2.083668
-1.143538 -0.717439
-0.698103 -1.455584
-0.907737 -0.249374
-1.211223 -1.690709
-0.700888 -1.294630
-1.589852 -2.026809
-0.696179 -0.758136
-0.695445 -1.101231
-0.646912 -1.085925
-0.348689 -0.801006
-1.356626 -2.196241
-0.601401 -0.687907
-0.725574 -0.966350
-0.854257 -1.478369
-1.287848 -1.415160
-1.114394 -1.033423
-1.384837 -2.364213
-0.612661 -1.528433
-0.887338 -0.545520
-0.744025 -0.549847
-1.439955 -2.142643
-0.951700 -0.165637
-0.763403 -0.222384
-0.350581 -1.104608
-1.097236 -2.639186
-1.316605 -0.912629
-0.723757 -2.028502
-1.182954 -1.265559
-1.478181 -1.698979
-1.560447 -2.512625
-0.631932 -1.930066
-0.546362 -0.815144
-1.154999 -0.887388
-0.992105 -1.584813
-1.259506 -1.254436
-1.230562 -2.862914
-0.750284 -2.006387
-1.187874 -1.804874
-0.971722 -1.320063
-1.337852 -1.417746
-0.714798 -1.957572
-0.412872 -1.149906
-1.405940 -1.469629
-0.692235 -0.209155
-0.992831 -0.597070
-0.708929 -0.473875
-0.754775 -1.280991
-1.074036 -2.278966
-0.387346 -0.463115
-1.080090 -0.768128
-0.872726 -0.557092
-1.342465 -1.651939
-1.388457 -1.938505
-1.600711 -2.107496
-0.968959 -0.773874
-0.880617 -2.228406
-0.918919 -0.669365
-1.417338 -1.463508
-1.185536 -0.846747
-1.045525 -1.652354
-1.165886 -1.210862
-1.305670 -0.480377
-1.312728 -0.814653
-1.188022 -0.598393
-0.897809 -1.071665
-0.964721 -2.356329
-0.639430 -1.865770
-1.347446 -1.345349
-1.095297 -2.587113
-0.906714 -1.380762
-0.724379 -0.683184
-1.047508 -0.815775
-0.941532 -1.766031
-0.419028 -0.933009
-1.269095 -0.419308
-0.598714 -0.942901
-0.521495 -1.186099
-1.549885 -2.272259
-1.370415 -1.128815
-1.474774 -0.905784
-1.352482 -2.493720
-0.995749 -2.244524
-1.180454 -2.026510
-0.811214 -0.750933
-1.142526 -0.407464
-1.155443 -1.917895
-1.171043 -2.023353
-0.753879 -1.479616
-0.796575 -1.881928
-0.892830 -0.623268
-1.139822 -0.107621
-0.952209 -0.393272
-0.624841 -0.630733
-0.852514 -1.682970
-1.233806 -2.517873
-1.306301 -2.517453
-1.334019 -0.894195
-0.867907 -0.973564
-1.146628 -0.432243
-1.129852 -0.492370
-1.398062 -2.503023
-0.903844 -0.865751
-0.813745 -1.490714
-0.443523 -0.468059
-1.269348 -0.801105
-0.804711 -0.806114
-0.976184 -0.197205
-1.136801 -2.543754
-1.537720 -1.247781
-1.346446 -1.829755
-1.593844 -1.819491
-1.514984 -2.507886
-0.666873 -0.899399
-0.797160 -0.187041
-0.753187 -0.148856
-0.860106 -0.615287
-0.678154 -0.625623
-1.042921 -2.135786
-0.759530 -0.468198
-0.933321 -1.162210
-0.460871 -1.058044
-0.538184 -1.108384
-1.552937 -1.739922
-0.908967 -0.593945
-1.286552 -1.011173
-1.067278 -1.815194
-1.382385 -2.513581
-1.413685 -2.080754
-1.153610 -0.347593
-1.200942 -1.331625
-1.268363 -1.126768
-0.929656 -1.395139
-0.866371 -0.257661
-0.424375 -0.964201
-0.881859 -2.070348
-1.006932 -0.974023
-0.188016 -0.249166
-1.559381 -1.879441
-0.769202 -0.200114
-1.501866 -1.759204
-0.941670 -2.215768
-1.544347 -1.410070
-1.243944 -2.476564
-1.352758 -1.380651
-0.875840 -0.823659
-1.441676 -1.223375
-0.857054 -1.874374
-1.216106 -0.591724
-0.790416 -1.097461
-0.504693 -1.190638
-1.591214 -2.227998
-1.134409 -1.655339
-0.408612 -0.682655
-0.426589 -0.955887
-0.721715 -0.652181
-1.014457 -1.924848
-0.722673 -0.133271
-0.874900 -2.246729
-1.163215 -0.341373
-0.746909 -1.079688
-0.675592 -0.648713
-0.693527 -0.393967
-1.426120 -1.321710
-0.595104 -1.844896
-1.445955 -1.623839
-1.057055 -0.257345
-0.848343 -1.921540
-1.217022 -1.981277
-1.511124 -1.575838
-1.232510 -1.789118
-1.279029 -0.615083
-0.592019 -0.972073
-0.735157 -1.657133
-0.664192 -1.943298
-0.931968 -0.456360
-1.320280 -1.985787
-0.660797 -1.735273
-1.179808 -1.719146
-1.428124 -2.214956
-1.466894 -2.371952
-1.100746 -2.404156
-1.378598 -1.170095
-1.257520 -0.551279
-0.876342 -1.966382
-1.315141 -2.445098
-0.920565 -1.747635
-1.318789 -2.299588
-0.936046 -2.316707
-0.634891 -0.251468
-0.819085 -0.388833
-1.234725 -0.343472
-1.143047 -2.266303
-1.390067 -1.625244
-1.358140 -2.416307
-1.282067 -1.342934
-0.888666 -2.143456
-1.239646 -1.421727
-1.369527 -1.318889
-0.832108 -0.342591
-1.529876 -1.563792
-0.730534 -1.809208
-1.521793 -2.365826
-1.507212 -2.251919
-0.842317 -1.568083
-1.237232 -0.735712
-1.538300 -1.621282
-1.099631 -2.658815
-0.599440 -0.362183
-0.878329 -2.174606
-1.151723 -0.745112
-0.783917 -0.766104
-1.229439 -0.573535
-0.826801 -1.316051
-1.259967 -2.159960
-0.477414 -0.780742
-0.704869 -0.398237
-0.492747 -1.549786
-1.234123 -2.120137
-0.549882 -0.882928
-1.373222 -2.485471
-1.354163 -1.202968
-1.040074 -1.371818
-1.507602 -2.186606
-1.121479 -0.288559
-1.638299 -2.130648
-1.161510 -0.361040
-0.974148 -0.248393
-0.668309 -0.330867
-1.339434 -1.118171
-0.578219 -1.221129
-1.278384 -0.901664
-0.575980 -0.595364
-0.892609 -0.745681
-1.210635 -1.500972
-1.401208 -1.942833
-1.096481 -2.605625
-0.992941 -0.189937
-1.103647 -1.284518
-0.717654 -0.323223
-1.291036 -1.734155
-0.873506 -1.904065
-1.256088 -1.710159
-0.519503 -0.874782
-0.643391 -0.836117
-1.568337 -1.802567
-1.052433 -1.167918
-0.340524 -1.298297
-0.371679 -0.607533
-0.457070 -0.716999
-0.486290 -0.561616
-0.848444 -1.759756
-1.139939 -2.050078
-1.189361 -2.601389
-0.806571 -0.205598
-0.984927 -2.394837
-0.970604 -0.068859
-0.961906 -1.455058
-1.326280 -1.765897
-0.530141 -1.303059
-0.910614 -1.449223
-0.624823 -1.384799
-0.942033 -0.875185
-1.202487 -2.460912
-0.522034 -0.966222
-1.068339 -1.173467
-1.050234 -0.351253
-0.841860 0.015287
-0.639089 -0.700380
-1.477779 -1.992809
-1.324946 -0.524553
-0.668086 -0.815635
-0.449881 -1.063629
-0.925702 -0.974915
-0.583960 -1.006260
-1.679464 -1.869095
-1.105036 -0.290440
-0.662628 -1.330743
-0.585244 -0.341700
-1.010234 -0.892088
-1.589909 -1.461385
-1.198121 -1.337100
-0.730397 -0.645826
-1.175884 -2.383725
-1.388136 -1.893651
-1.258890 -0.677678
-0.879628 -0.236257
-0.507166 -1.345477
-0.674963 -0.307181
-1.223219 -0.394874
-1.025858 -0.877532
-0.910223 -1.539299
-1.290875 -1.737897
-1.125476 -0.671821
-0.636342 -0.244614
-1.240438 -0.423635
-1.074410 -0.879176
-1.154850 -2.435053
-1.266663 -1.138584
-0.906914 -0.159076
-0.442193 -1.429457
-0.391281 -1.229035
-0.723058 -1.213631
-1.073711 -2.061025
-1.466449 -0.589420
-1.592799 -2.205698
-0.984618 -0.303456
-1.361876 -1.864853
-0.546525 -0.329497
-0.624569 -1.205790
-1.061870 -1.251479
-0.487484 -1.266843
-1.197209 -1.782064
-1.266170 -1.596744
-0.850943 -2.245438
-0.599237 -0.218331
-1.178055 -0.885663
-1.110129 -1.257973
-0.842428 -0.841404
-1.176693 -2.675332
-1.331365 -2.097994
-1.239892 -1.993061
-0.802785 -0.382263
-0.608198 -0.699031
-0.624166 -0.666487
-0.743055 -0.506155
-1.055616 -2.052778
-1.172400 -0.904562
-1.293697 -1.920951
-1.096290 -0.250886
-1.236778 -1.404189
-1.228199 -0.794751
-0.662549 -1.166045
-0.908725 -2.211111
-1.532845 -2.176014
-0.734975 -0.627138
-1.266619 -0.418986
-1.276445 -0.714944
-0.586387 -1.300992
-1.247401 -2.239099
-0.492973 -0.611110
-1.445203 -1.182848
-1.263771 -2.544975
-0.783356 -1.654363
-1.378293 -2.643148
-1.301154 -1.331470
-1.113182 -0.315068
-1.305435 -2.500847
-1.304348 -2.535104
-1.269297 -1.316085
-1.140260 -1.692521
-1.652329 -2.245457
-0.690482 -0.151138
-0.870339 -1.012845
-0.670654 -0.217018
-0.459460 -1.075803
-0.830518 -0.939653
-0.583382 -1.100420
-0.613132 -1.698910
-0.917580 -2.233122
-1.314839 -2.230067
-1.007610 -0.840952
-0.706587 -0.161794
-1.089272 -0.478708
-0.646306 -1.397800
-0.539569 -0.501259
-1.190690 -1.514057
-0.894129 -2.021344
-0.718726 -1.570155
-0.848830 -1.640967
-1.223699 -1.810512
-1.044643 -1.385523
-0.954404 -0.842343
-1.456993 -2.243647
-1.304904 -2.441789
-1.398846 -1.084834
-1.004521 -1.363839
-1.248928 -0.770944
-1.297859 -0.372583
-0.570264 -1.021881
-0.861518 -0.085398
-0.918860 -0.864522
-1.469682 -2.110406
-1.322384 -1.142324
-1.445410 -1.894932
-1.370571 -1.064070
-0.871361 -0.247117
-1.165669 -0.261905
-0.445828 -0.761412
-1.290936 -0.492383
-0.809934 -0.385255
-1.204463 -1.665305
-0.751975 -0.262769
-1.597716 -2.495921
-0.848137 -1.885998
-0.717634 -1.628538
-0.555902 -1.494412
-1.278883 -0.568104
-0.455516 -0.950300
-0.885384 -0.503955
-1.383644 -1.966599
-0.875577 -0.257683
-1.067989 -2.346465
-0.808210 -1.361612
-1.042926 -1.317057
-1.160242 -0.127799
-0.834684 -1.617730
-0.397604 -0.512188
-1.274014 -0.833330
-0.470355 -1.210011
-0.951444 -0.296044
-1.029664 -0.190578
-0.667726 -1.247852
-1.233208 -0.664414
-0.600093 -0.377142
-0.860325 -1.329493
-0.758159 -0.238037
-1.433571 -2.059828
-0.980540 -2.208384
-0.426153 -0.843443
-0.798425 -1.087485
-1.519127 -2.275813
-1.466834 -2.551499
-0.373015 -0.475683
-0.820458 -0.949369
-1.591057 -2.205805
-0.454812 -0.668774
-1.139039 -1.990066
-0.992379 -0.658674
-0.580968 -0.884798
-1.138409 -0.707807
-1.455155 -1.724867
-0.595184 -1.887170
-1.234533 -0.379121
-0.586378 -0.520609
-1.196007 -2.417052
-0.736399 -0.827110
-1.399342 -1.616884
-1.128517 -1.210629
-1.110021 -1.818212
-1.526784 -1.803519
-1.219071 -1.091094
-0.855609 -1.259000
-1.230232 -0.495674
-0.613600 -1.616301
-0.852517 -0.445897
-1.198715 -1.597178
-0.850102 -0.241625
-1.062222 -0.655912
-0.955912 -0.382421
-1.314174 -1.162565
-1.430825 -1.941913
-1.295879 -2.078567
-0.815327 -0.672947
-0.992144 -0.800272
-1.427759 -1.005053
-1.261314 -2.606146
-1.242949 -2.223544
-1.557978 -2.409694
-0.656796 -0.834591
-0.909270 -0.439672
-0.426235 -1.615500
-0.793266 -1.324942
-0.925041 -1.936505
-0.417299 -0.858984
-1.113428 -1.073943
-1.214402 -0.543618
-0.640545 -0.576164
-0.419077 -0.933467
-0.787613 -0.585037
-1.305904 -0.633421
-0.880247 -0.361633
-0.791612 -0.617074
-1.050436 -2.096520
-1.246811 -0.417419
-1.474638 -1.695806
-1.144596 -2.460559
-1.144786 -2.141110
-1.157670 -2.592812
-0.875662 -0.196690
-0.892817 -1.449966
-1.041135 -0.830495
-1.536465 -2.143633
-0.878185 -2.288339
-0.915758 -1.344920
-0.519292 -0.909289
-1.389996 -2.228627
-1.226044 -1.266448
-1.221719 -0.645466
-0.802536 -0.370687
-1.137598 -1.162182
-0.950023 -1.164676
-1.265155 -1.013432
-0.526004 -1.480330
-1.184646 -0.176943
-1.201550 -0.834819
-0.403918 -1.236005
-0.612160 -0.191863
-1.119738 -1.196126
-1.456943 -1.244247
-0.477660 -0.571230
-0.716164 -0.284561
-1.158846 -2.705253
-0.901005 -0.491125
-1.518499 -2.219538
-1.179092 -2.265624
-0.773568 -0.283110
-1.041072 -0.875325
-0.671598 -2.001930
-0.968208 -2.087368
-1.205879 -0.730735
-1.112657 -2.498491
-0.379016 -0.872503
-1.166514 -0.550835
-1.139235 -0.453726
-0.873689 -0.436602
-0.795575 -0.370419
-0.803182 -2.103556
-0.833732 -2.249984
-1.304105 -0.716045
-1.035910 -2.351990
-1.039353 -2.189893
-1.380617 -1.353478
-1.180288 -2.395136
-0.501680 0.013058
-1.183654 -1.109313
-0.630635 -1.127459
-1.025357 -0.781899
-1.567667 -2.009925
-0.805713 -2.159345
-1.347322 -0.858483
-1.361017 -1.474560
-0.771705 -1.802297
-1.208386 -1.528881
-1.369693 -1.670864
-1.377462 -0.838915
-0.649264 -1.406836
-1.381869 -2.463008
-1.483689 -1.733191
-0.998510 -1.903265
-0.952690 -0.303260
-0.961627 -0.090126
-1.161569 -0.307443
-1.460223 -2.490759
-1.359850 -1.782414
-1.188802 -0.602071
-0.515147 -0.798017
-1.293138 -2.463916
-1.397970 -2.345772
-1.424312 -1.131327
-1.354328 -0.867148
-1.011659 -1.421484
-0.836408 -0.248347
-1.441837 -2.188809
-0.852865 -1.365400
-0.685798 -0.603068
-1.018395 -0.541452
-1.583543 -1.753006
-1.350117 -1.604899
-1.374086 -1.168749
-0.629808 -0.937224
-0.593171 -2.003188
-0.989748 -1.031088
-1.335942 -1.190070
-0.980217 -0.101698
-0.600301 -0.640316
-1.095301 -0.252402
-0.607122 -0.487146
-1.036531 -0.747800
-1.144711 -2.465876
-1.428364 -1.746458
-0.839352 -0.176777
-0.841962 -0.325018
-1.117113 -0.760395
-0.773851 -0.713946
-0.933749 -0.051202
-1.027182 -1.358618
-0.878223 -1.250767
-0.814677 -1.894602
-0.447890 -0.808080
-1.489362 -1.958716
-1.118680 -0.629717
-1.285234 -1.582729
-0.681195 -1.818425
-0.962509 -1.158115
-1.115829 -2.044164
-0.970589 -0.643140
-0.626314 -0.921110
-1.257650 -2.835753
-1.334626 -2.577821
-1.147085 -1.979717
-0.860505 -0.637734
-1.578895 -2.107429
-1.519305 -1.434758
-1.246879 -1.247942
-0.723054 -0.893975
-1.080932 -0.207039
-1.289077 -0.790558
-1.109141 -1.179679
-1.288464 -1.421453
-0.706404 -0.486527
-0.938101 -0.133513
-1.291891 -1.367861
-1.039100 -0.713426
-0.536112 -1.355290
-0.855469 -0.303496
-0.985220 -0.862770
-1.263065 -1.312585
-1.402238 -0.939290
-0.689592 -0.790671
-0.795183 -1.392846
-1.621313 -2.059591
-0.761882 -1.394222
-1.006773 -2.292347
-1.417418 -0.856808
-0.972518 -0.217633
-1.058562 -0.230894
-1.080664 -1.499926
-1.547188 -1.040207
-1.373073 -1.368971
-0.794440 -1.654198
-1.176379 -0.351326
-0.560140 -0.278039
-1.284155 -2.465950
-1.315821 -1.342249
-1.256137 -0.504560
-0.718941 -1.654657
-1.244517 -1.074740
-0.414908 -0.744064
-1.366392 -1.778032
-0.882641 -1.056041
-0.338926 -0.910650
-0.842370 -1.488487
-1.439988 -1.190888
-1.293854 -0.898361
-1.470043 -2.588464
-0.498269 -0.794267
-1.198675 -0.826690
-1.186718 -1.654669
-0.602951 -0.722518
-0.406808 -0.757064
-0.524219 -1.174371
-0.897110 -0.726138
-1.303906 -2.751443
-1.296340 -2.385894
-0.776106 -1.228119
-1.127627 -0.477430
-0.738062 -0.705954
-1.026965 -0.756675
-0.851503 0.027303
-1.341461 -2.231006
-0.928888 -0.314210
-0.952949 -0.839069
-0.968299 -0.898574
-0.717313 -1.011640
-0.993209 -2.249383
-0.955000 -0.592130
-0.686306 -0.306950
-0.607516 -1.355107
-1.389306 -0.589787
-1.226514 -2.134752
-0.554666 -0.556455
-1.132062 -1.366987
-1.078254 -1.053256
-0.726418 -1.746326
-1.092909 -0.780698
-0.997145 -1.146779
-0.800329 -0.168955
-1.069160 -0.305407
-1.620335 -1.938229
-0.364700 -0.656401
-0.873467 -0.902701
-1.243577 -1.009881
-0.846692 -1.053221
-0.993148 -0.209872
-1.005733 -0.406237
-0.587827 -0.365331
-1.300688 -1.368111
-0.670566 -0.295527
-1.202508 -0.749118
-1.331346 -2.604787
-0.639719 -1.217951
-1.335025 -0.775139
-1.083795 -0.948497
-1.251566 -0.511168
-1.170002 -2.167012
-1.088807 -0.373672
-1.507218 -1.347091
-0.583982 -0.682610
-1.258584 -2.464918
-0.995917 -2.365565
-0.992418 -0.500516
-0.649229 -1.905332
-1.041517 -0.694211
-0.975839 -1.472191
-0.475790 -0.316360
-1.034990 -1.562615
-1.051611 -2.256215
-1.251717 -2.316202
-0.875600 -0.286989
-1.330701 -1.790704
-0.711334 -0.527949
-1.002966 -1.921549
-0.998327 -2.251069
-1.541353 -1.862426
-1.255774 -0.204047
-1.665076 -1.971397
-1.595825 -1.955762
-1.153727 -0.959122
-1.706319 -1.893783
-0.487967 -0.886163
-0.769179 -0.976206
-1.183591 -0.381577
-1.090697 -1.449269
-1.071175 -0.488036
-1.006235 -0.046560
-0.905351 -0.233121
-1.390926 -1.626302
-0.569145 -0.508343
-1.373135 -2.622976
-1.043226 -0.982748
-1.406846 -1.800257
-0.804053 -2.146261
-1.049240 -0.254498
-1.248091 -0.747091
-1.300953 -1.211345
-0.663709 -0.958750
-0.866986 -1.497862
-0.437318 -0.963699
-0.942694 -0.853635
-1.221925 -2.454135
-1.520922 -1.778587
-0.708884 -1.781202
-0.885611 -0.275103
-0.550536 -1.052215
-1.092170 -1.730308
-1.104713 -0.335566
-0.977844 -1.349733
-0.796518 -0.190562
-0.967771 -1.518848
-0.467440 -0.892617
-0.990051 -0.827672
-0.978728 -0.159743
-1.272798 -2.674832
-0.722395 -0.080754
-0.921715 -0.509037
-0.649913 -1.577873
-1.344049 -1.522649
-1.211202 -1.128681
-1.328076 -0.376960
-0.817044 -1.012695
-0.913880 -0.960714
-0.814665 -0.117049
-1.047928 -1.073447
-0.648075 -1.021017
-0.945008 -1.954088
-1.439538 -2.389317
-0.754975 -0.130944
-1.129831 -0.461897
-0.751715 -2.074329
-0.533565 -0.578499
-1.210322 -0.854882
-1.325465 -1.347151
-0.782444 -0.693193
-0.962970 -2.303268
-0.956719 -0.130879
-1.283939 -0.457647
-1.096437 -0.519839
-1.283098 -0.861280
-0.720232 -0.424737
-0.714477 -0.539736
-0.971663 -0.818454
-0.587913 -1.162089
-0.785293 -0.732330
-1.124947 -1.527753
-0.677465 -0.341126
-0.478689 -1.426526
-1.186431 -1.069579
-0.603969 -1.712450
-1.576229 -1.820972
-0.825947 -0.944118
-0.877279 -1.275456
-0.845680 -1.279924
-1.149672 -1.290453
-1.205026 -0.605682
-1.313724 -2.369280
-0.621914 -0.916257
-0.605987 -0.616043
-1.230548 -1.285702
-0.809312 -1.438745
-0.370366 -0.470581
-0.866792 -0.918787
-1.094914 -1.319212
-1.079601 -1.933377
-1.067703 -0.647849
-0.925583 -1.996813
-1.091532 -2.302716
-1.191540 -2.059474
-1.023842 -0.516792
-0.712396 -1.851395
-0.555669 -1.264107
-1.119290 -2.014368
-1.267369 -2.305566
-1.348518 -0.544295
-1.056428 -1.722050
-1.300503 -0.796281
-1.245412 -0.850980
-0.661603 -0.893720
-0.664236 -1.569077
-0.861193 -2.104397
-1.587318 -1.790272
-1.550199 -1.547615
-0.996417 -1.409983
-1.028540 -0.270219
-1.198529 -2.411091
-0.640977 -0.928809
-1.093600 -0.186482
-1.009766 -0.480579
-1.046492 -2.072434
-1.115233 -2.427272
-1.513727 -2.366222
-1.365541 -0.744903
-0.621711 -1.388103
-0.761232 -0.599785
-0.393219 -0.870966
-1.036082 -1.329138
-0.758724 -1.454357
-0.795012 -1.448877
-1.546230 -2.242346
-1.203859 -1.051978
-1.038954 -0.454335
-0.915377 -1.766115
-0.903399 -0.989097
-1.145309 -0.789554
-1.123287 -0.553800
-1.074407 -0.399206
-0.964507 -0.565437
-1.074745 -0.898053
-0.650154 -1.416652
-1.242759 -1.516451
-1.243461 -0.916553
-1.079828 -1.746916
-0.749081 -0.467299
-0.883479 -0.443393
-0.396995 -0.848790
-1.423577 -2.481224
-1.369288 -1.209444
-0.860134 -0.745138
-0.735386 -1.001817
-1.142105 -2.129450
-0.482178 -1.285117
-1.206588 -1.626164
-0.588509 -1.744831
-1.264652 -0.815744
-1.305203 -2.245991
-0.721479 -1.318139
-1.103541 -0.969551
-1.373084 -2.497576
-0.729391 -1.489102
-0.800985 -0.440050
-1.239267 -1.675563
-0.886636 -0.472143
-0.887838 -1.004259
-0.798621 -0.210465
-1.092160 -0.851709
-1.003336 -1.746918
-1.160847 -2.518047
-1.304963 -0.660146
-0.886416 -0.615438
-1.052391 -0.875229
-0.929225 -2.296432
-1.138054 -2.458633
-1.254881 -1.332922
-0.852185 -0.762926
-0.511992 -0.441494
-0.789546 -0.853813
-1.484757 -2.531324
-1.051231 -0.137067
-1.111288 -0.253159
-0.420921 -0.771483
-1.025173 -0.280824
-1.060723 -1.549964
-1.206352 -1.877478
-0.770998 -0.328529
-1.222304 -0.852610
-1.226209 -0.686564
-0.786567 -1.076822
-1.118259 -0.841600
-1.262179 -1.534074
-0.827559 -1.060181
-1.192185 -1.652091
-1.093971 -2.044624
-1.503515 -1.846993
-1.011445 -2.073798
-1.501044 -2.114226
-1.214132 -0.849813
-0.649323 -0.275559
-1.094550 -2.084998
-1.473134 -0.910366
-0.749790 -0.556350
-0.566500 -1.235821
-0.903100 -2.288956
-0.987367 -1.919982
-0.830207 -0.806839
-0.912999 -0.133712
-1.058150 -2.299600
-1.046605 -1.723925
-0.733624 -0.556342
-0.946160 -1.028239
-1.082038 -2.085871
-1.007931 -1.957134
-1.383000 -1.586602
-0.764976 -1.210170
-0.945533 -2.324166
-1.468963 -2.165847
-0.927181 -0.062185
-0.842595 -0.869175
-0.838733 -0.717072
-1.044504 -1.600939
-0.976982 -1.635541
-1.260702 -2.451412
-0.793678 -1.679734
-1.539332 -1.282435
-1.188741 -0.859819
-0.728790 -0.175603
-1.109146 -1.003699
-1.103812 -2.432738
-1.238747 -0.504135
-1.427778 -0.921686
-0.801558 -0.106055
-0.802306 -0.809506
-0.685825 -1.359472
-1.065023 -0.206204
-0.865658 -0.103918
-0.641138 -1.054390
-1.022079 -0.242059
-1.418715 -2.568535
-0.620952 -1.254646
-0.958896 -2.436694
-1.129704 -1.672671
-1.310693 -1.265390
-1.359108 -1.634114
-1.114601 -0.994649
-0.539748 -0.631134
-0.786349 -1.226991
-0.941772 -0.863408
-1.505651 -1.463242
-1.043085 -2.499951
-1.175662 -1.463103
-1.254804 -1.026450
-1.535203 -1.561388
-1.158611 -2.506447
-0.725437 -0.591955
-1.308013 -0.511831
-1.575719 -2.214594
-1.296963 -2.247724
-0.831781 -1.412104
-1.159986 -2.185637
-0.444586 -0.314886
-0.523750 -0.340686
-1.264513 -2.423190
-1.394668 -0.792936
-1.277095 -1.903391
-1.105871 -1.248919
-1.172589 -0.812820
-1.228007 -1.508610
-0.860004 -0.788066
-0.821121 -0.627661
-1.450107 -2.194693
-0.594380 -1.490151
-1.061872 -0.492989
-1.068924 -1.881985
-0.583336 -0.489561
-1.070216 -2.057759
-1.114433 -1.428803
-1.092943 -2.312896
-1.144844 -1.947104
-1.054757 -0.150166
-1.108965 -1.070134
-0.503399 -0.999732
-1.371618 -2.106490
-1.316786 -2.029509
-1.232907 -0.558623
-1.177788 -2.383879
-0.940771 -0.270997
-1.112217 -2.251700
-0.996933 -0.172956
-1.025719 -2.337154
-1.544175 -1.509552
-0.670250 -1.516218
-0.745865 -0.649010
-0.461443 -1.796022
-1.074437 -1.400487
-0.855988 -2.026570
-1.391784 -1.627120
-0.624225 -0.438207
-1.263976 -2.583802
-0.732450 -0.905076
-1.049659 -2.488815
-1.086716 -0.293768
-1.249525 -0.871324
-1.066795 -0.755824
-0.924152 -1.002672
-0.864302 -1.990801
-0.940077 -0.351292
-1.006479 -2.053116
-0.382525 -0.797239
-1.366344 -2.305909
-0.757192 -0.414682
-1.005229 -0.700406
-1.030076 -2.197800
-0.840287 -1.988012
-0.503818 -0.508749
-1.406888 -1.625498
-1.189689 -1.721213
-0.597190 -1.187631
-1.002906 -0.324144
-1.286421 -0.829986
-1.459703 -1.427997
-1.028955 -2.172084
-1.391472 -1.198602
-0.884934 -0.493894
-1.500402 -1.665056
-0.368479 -0.707381
-0.815352 -0.760238
-1.048270 -1.479899
-0.777322 -0.350564
-1.117997 -0.445426
-1.337370 -1.568646
-0.736575 -0.299036
-1.445317 -1.664971
-0.920020 0.015683
-0.985118 -0.636756
-0.387939 -0.785132
-0.427846 -0.360862
-1.390700 -0.969465
-1.276003 -2.649830
-1.485348 -1.763279
-0.970137 -0.447181
-1.342043 -2.170577
-1.072624 -0.905861
-0.899372 -0.407549
-0.704991 -0.880519
-0.702259 -1.431610
-0.974270 -0.827644
-1.116386 -0.891489
-0.591752 -1.340108
-1.162168 -0.655812
-0.803278 -0.210389
-0.983785 -0.357486
-1.011234 -1.234825
-0.794804 -2.127705
-1.561877 -2.011330
-0.800513 -1.263978
-0.438113 -0.388076
-0.943731 -1.465184
-0.907292 -2.440761
-0.950025 -1.075068
-0.633291 -0.168662
-0.865051 -0.330485
-1.357576 -1.641932
-1.040864 -0.405245
-1.456889 -2.619823
-1.536581 -1.100554
-0.463968 -1.478692
-1.154730 -0.682347
-1.183034 -1.258844
-1.001869 -1.909488
-1.315049 -1.236115
-1.353181 -2.131858
-1.511986 -1.502342
-1.140109 -0.166767
-0.590169 -1.677282
-1.028047 -0.206930
-0.720134 -0.286319
-1.091170 -0.953263
-0.973135 -1.352483
-1.036353 -1.864859
-0.587832 -1.275532
-1.421778 -1.427689
-1.375865 -1.976254
-1.251852 -1.715380
-1.017748 -2.034474
-0.395616 -0.915017
-1.038028 -0.510818
-0.973322 -0.555421
-0.832108 -0.361499
-0.591222 -0.811414
-1.255912 -2.421218
-1.152602 -0.335750
-0.862841 -2.478320
-0.875820 -1.618036
-0.687418 -0.623564
-1.045358 -1.464126
-0.662229 -0.435225
-0.839465 -2.221682
-0.841544 -0.718726
-1.067554 -2.655691
-1.130454 -0.560997
-0.449739 -1.227526
-0.816236 -1.457986
-0.676843 -0.764928
-1.108628 -1.728238
-1.299123 -1.737392
-0.844857 -1.173860
-0.429643 -0.930922
-0.919217 -2.378325
-1.442780 -1.572045
-0.505719 -1.170771
-0.752519 -0.746923
-1.517119 -1.875099
-0.342661 -0.921547
-0.743752 -0.960244
-1.351475 -0.839164
-0.957013 -0.484305
-1.160663 -1.867196
-0.845347 -1.562048
-1.349312 -1.682934
-0.572374 -0.668352
-1.404888 -1.320996
-1.583515 -1.888168
-0.942746 -1.559101
-1.235705 -2.669064
-1.234687 -1.939677
-1.385978 -1.293772
-0.728672 -0.410109
-0.917465 -0.121993
-1.074339 -0.312146
-0.468367 -1.173561
-0.730636 -0.332188
-0.728400 -1.163706
-1.549917 -2.559316
-0.867329 -0.763365
-0.696395 -0.876112
-1.195263 -2.386302
-0.636780 -0.515265
-0.611962 -0.657465
-1.320776 -1.319846
-1.469295 -1.946392
-1.163644 -0.711692
-1.099996 -1.582342
-0.878467 -0.808394
-1.027508 -2.080822
-0.361433 -0.808430
-1.705020 -2.239647
-0.890516 -0.346318
-1.067697 -2.251446
-1.451585 -2.294003
-1.076493 -0.828722
-0.972094 -1.480457
-1.125937 -2.449569
-1.198765 -0.097313
-0.369735 -0.899095
-1.056026 -1.741909
-1.388389 -2.073033
-1.241318 -2.048217
-1.263094 -1.249006
-0.824567 -1.530056
-0.592461 -0.565686
-1.037321 -1.003361
-1.018147 -2.307568
-0.720680 -0.838139
-1.161040 -2.629356
-0.695385 -0.351203
-1.268658 -2.233290
-1.034645 -0.416265
-1.250864 -0.826405
-1.330962 -2.275312
-1.185247 -1.435604
-1.636430 -2.057553
-1.573327 -2.340890
-1.099081 -1.162511
-0.621318 -1.464931
-0.952539 -2.450948
-1.498509 -1.442312
-1.264493 -2.168684
-1.191250 -2.395073
-0.993496 -1.920711
-1.353616 -1.787655
-1.369377 -1.528117
-0.750488 -0.951765
-1.197813 -2.121086
-0.984462 -0.100974
-1.285796 -2.569521
-0.820129 -1.036185
-1.093505 -0.310821
-0.905122 -1.697741
-1.418774 -0.767797
-1.400492 -1.724074
-0.494474 -0.577747
-1.131335 -1.411872
-1.282493 -1.174917
-0.802314 -1.722266
-1.314716 -1.230250
-0.725774 -0.280722
-0.874922 -1.294134
-0.844513 -1.827085
-0.863536 -1.206436
-1.269469 -1.127124
-1.339721 -1.943283
-0.623925 -1.801867
-1.409713 -2.866538
-0.700733 -1.208557
-1.032663 -2.323126
-1.092904 0.109005
-0.846279 -0.070576
-1.627614 -1.994152
-1.277941 -1.195016
-1.448950 -1.486508
-0.548434 -0.979452
-1.004079 -1.870812
-0.481382 -0.557818
-0.895364 -0.373283
-0.514578 -0.639845
-1.039090 -0.452039
-1.366177 -0.978929
-0.578476 -0.946068
-0.591261 -1.507122
-1.455788 -1.056559
-0.627358 -0.332615
-0.599588 -0.947746
-1.272098 -2.658062
-0.757117 -0.382049
-0.559450 -1.059660
-1.356565 -1.990824
-0.606427 -1.362979
-1.179594 -2.127865
-0.864928 -0.642039
-1.061031 -0.875800
-0.486267 -0.892881
-1.110522 -0.043043
-0.438101 -0.344923
-0.963585 -1.217171
-0.685527 -0.901839
-1.184956 -2.666003
-1.170314 -1.259869
-1.230393 -2.139161
-0.992024 -1.570050
-1.379782 -2.057389
-0.973998 -0.376472
-1.151843 -0.689208
-0.911426 -1.979611
-1.302732 -1.035166
-0.630852 -0.128627
-1.074513 -2.450487
-0.859869 -2.012352
-0.812460 -2.041370
-1.347160 -2.313242
-1.314548 -2.456882
-1.060325 -0.201356
-0.911347 -0.273785
-0.881600 -0.965519
-1.080988 -0.322766
-0.862450 -0.754292
-0.744329 -1.242131
-1.086918 -2.380712
-0.794652 -0.935777
-0.798925 -0.072159
-0.935273 -0.924944
-1.042036 -1.088589
-0.917051 -1.929531
-0.817798 -1.192642
-1.422691 -2.190136
-1.302796 -1.618788
-0.889659 -0.471981
-0.795362 -0.513501
-0.451754 -0.952254
-0.497238 -1.251061
-0.841583 -0.885117
-0.648163 -0.366980
-1.165822 -1.521932
-1.244018 -1.408702
-1.172478 -0.403451
-0.491661 -1.052550
-0.693636 -1.005675
-1.113469 -2.240192
-0.727573 -1.451846
-0.712852 -1.330544
-0.678676 -1.389608
-0.569206 -1.405846
-1.167935 -0.704017
-0.643256 -0.255566
-0.575441 -1.400786
-0.510848 -0.384547
-1.575862 -1.898415
-0.872270 -1.737372
-1.504415 -2.309974
-1.437564 -0.838861
-1.030980 -1.382729
-0.789886 -0.840372
-1.217889 -0.886896
-1.200147 -0.258174
-1.230028 -1.232163
-0.872824 -1.191626
-0.948707 -1.255996
-0.447990 -0.396841
-1.052057 -0.466446
-0.888057 -0.508387
-1.202272 -1.100317
-1.374140 -1.316045
-0.761847 -1.007765
-1.070311 -1.314203
-0.928244 -1.932645
-0.547130 -1.015205
-1.021074 -0.521883
-1.298595 -2.310724
-1.434743 -1.107083
-0.826602 -0.418854
-0.883140 -1.544006
-1.334324 -2.286740
-1.200228 -2.431566
-1.242983 -0.518400
-1.578267 -1.541032
-1.141269 -1.037418
-1.182192 -0.832138
-0.976578 -1.317371
-0.951254 -1.940267
-1.336327 -2.257632
-1.154553 -0.274697
-1.462278 -2.200561
-0.956680 -2.093520
-1.071148 -1.900532
-0.960928 -0.622786
-0.781257 -1.488130
-0.515915 -1.088782
-1.000222 -0.819744
-0.938843 -2.078794
-1.130451 -2.479355
-0.510568 -0.941007
-1.067175 -0.664836
-0.553490 -0.312901
-0.990768 -1.815801
-0.732800 -1.371873
-0.981191 -1.643224
-1.108139 -2.334556
-1.233663 -0.702962
-1.311350 -2.232316
-1.314892 -0.603653
-0.782485 -1.188175
-0.840367 -1.714089
-0.900084 -0.236798
-0.806151 -0.052774
-1.242582 -2.295628
-0.820257 -1.599687
-0.760173 -1.054837
-1.356086 -2.080359
-0.894021 -0.611548
-1.417861 -1.377541
-0.583265 -1.434211
-0.998070 -1.467462
-1.242364 -1.738529
-0.922438 -1.317091
-1.389483 -2.854617
-1.656484 -1.442674
-0.799196 -0.469095
-0.368070 -0.389899
-1.478277 -1.159565
-0.785167 0.003152
-1.347303 -2.100392
-0.955918 -1.464849
-0.796104 -0.514576
-1.026309 -0.233045
-1.289438 -1.978788
-1.469586 -2.113042
-0.929132 -1.356180
-1.210266 -1.643326
-0.558004 -1.358383
-0.804815 -1.251452
-0.778454 -0.632251
-0.498286 -0.180645
-1.865074 -1.877463
-0.523313 -1.235885
-1.369938 -2.152775
-0.468012 -0.437147
-0.829516 -0.173320
-0.670326 -1.578113
-0.972674 -1.330328
-1.257455 -2.486601
-1.027505 -0.050621
-0.663750 -1.286798
-1.181992 -2.182172
-1.304448 -1.876520
-1.392034 -1.087726
-0.995140 -0.111573
-0.638774 -0.425623
-1.040886 -1.190635
-0.963854 -1.206678
-0.608370 -0.915256
-0.985695 -0.195553
-0.801319 -0.542849
-1.163842 -1.867789
-0.423638 -0.561603
-0.927373 -1.950899
-0.842546 -0.153436
-1.483275 -0.703264
-1.157887 -0.957572
-0.500708 -1.096032
-0.574843 -0.273156
-1.124659 -2.159009
-1.209878 -2.619576
-1.006534 -1.732940
-0.846292 -0.088925
-1.129547 -0.734371
-1.082842 -2.453643
-1.326365 -1.395959
-0.607837 -0.295882
-0.720452 -0.302588
-1.239118 -0.372017
-1.328290 -2.184196
-0.629140 -1.635188
-1.007539 -0.485538
-1.296611 -1.828041
-0.640042 -0.552327
-1.543667 -1.684330
-1.048114 -1.854544
-0.566042 -1.244232
-0.732664 -1.270792
-1.098090 -1.439242
-1.127095 -1.371724
-1.372164 -0.614629
-0.785216 -0.964569
-0.960941 0.192914
-0.457301 -1.360865
-1.357773 -2.602310
-0.539877 -1.109307
-1.570042 -2.247672
-1.263198 -0.688839
-1.323936 -2.156016
-1.253593 -2.799669
-1.552455 -1.979734
-1.064988 -1.725780
-0.617473 -1.740966
-0.731465 -0.911009
-1.287971 -1.385590
-0.486425 -0.447901
-0.926280 -1.811646
-0.850219 -1.880700
-1.177718 -2.116704
-0.880002 -1.448394
-0.568680 -1.269319
-1.015817 -0.490700
-1.353910 -2.770697
-0.477738 -1.311421
-1.038649 -1.591411
-1.277431 -1.755016
-1.458459 -1.547282
-1.337486 -2.254774
-0.661831 -0.551437
-1.263467 -2.245484
-0.724454 -0.252388
-0.883060 -1.821357
-1.296227 -2.268696
-1.375909 -0.545981
-0.870576 -1.381692
-0.873421 -0.714731
-1.300769 -0.853571
-0.884445 -1.532406
-0.985694 -0.961063
-0.465335 -0.945427
-1.508774 -1.787310
-1.113357 -0.983126
-1.433522 -1.909835
-0.760069 -1.343463
-1.368109 -1.729600
-0.587521 -1.543813
-1.455269 -2.577736
-0.672964 -2.039636
-0.445915 -1.018749
-0.457372 -1.358945
-1.092054 -2.329230
-0.806250 -1.430984
-1.247253 -0.383226
-0.988169 -0.758788
-0.585183 -1.169616
-1.061090 -0.352512
-1.032750 -1.273357
-0.887815 -2.226633
-0.647528 -0.604587
-1.132613 -1.687250
-0.441363 -0.994672
-0.521877 -0.254260
-1.174776 -1.676165
-0.887812 -1.810361
-0.951574 -0.691721
-1.674090 -1.680107
-1.098778 -0.918950
-0.838354 -1.588797
-1.131769 -0.987724
-1.226376 -1.291242
-0.799166 -0.534466
-0.931232 -2.084924
-1.293051 -1.260887
-1.341741 -1.297193
-0.668165 -0.821327
-1.256345 -1.584883
-0.640776 -0.290134
-0.683671 -0.141777
-0.805642 -1.964736
-0.572713 -1.111085
-1.151925 -1.640287
-0.799574 -0.482985
-0.576381 -1.454140
-1.025840 -1.396346
-1.597467 -1.965952
-1.161193 -2.679798
-0.795007 -0.509556
-1.063318 -1.104560
-0.978550 -0.427486
-0.998537 -1.869970
-0.599529 -0.360374
-0.743501 -1.822164
-0.596018 -1.577703
-0.687304 -1.084620
-0.697588 -1.005633
-0.713669 -1.593187
-1.037394 -1.372933
-0.719463 -1.895517
-1.176638 -1.219869
-1.187932 -2.285466
-0.805268 -1.932828
-0.546580 -0.454448
-1.325042 -1.474910
-0.615060 -1.136900
-0.942258 -1.504967
-0.977338 -0.398348
-0.362344 -0.454491
-1.480918 -2.602465
-0.907429 -0.719409
-1.318254 -2.322620
-1.198324 -0.615310
-0.348723 -0.776701
-1.142727 -1.709304
-1.195569 -1.178611
-1.104553 -2.301342
-0.507221 -0.443102
-1.640968 -1.784011
-0.926323 -0.544657
-1.126854 -1.395572
-0.560622 -1.003834
-1.400150 -1.546746
-1.039821 -0.964020
-0.723609 -0.243282
-0.809988 -0.170531
-0.772211 -1.125985
-1.144016 -0.323188
-0.881980 -0.368492
-1.134724 -1.121990
-1.368277 -2.076146
-1.403954 -2.230936
-1.280288 -2.511543
-1.208974 -0.583515
-0.804388 -1.474077
-0.882143 -0.463737
-1.081850 -2.628046
-1.512054 -1.830345
-0.588709 -0.867042
-0.759749 -0.460953
-1.290727 -1.929549
-1.359090 -1.921464
-0.903492 -2.037535
-1.392500 -0.572211
0.959089 0.975714
-1.262828 -0.437679
-0.829257 -0.210955
-1.069421 -0.797668
-0.880269 -0.918977
-1.346499 -2.603107
-0.663043 -1.428989
-0.542686 -0.760944
-1.245184 -1.303278
-1.424262 -0.681603
-1.338737 -1.366627
-1.391596 -2.085485
-0.823943 -0.592493
-0.721872 -1.410861
-0.533181 -0.332748
-1.340650 -1.003916
-1.002931 -1.875029
-0.937644 -0.380089
-0.748386 -0.593450
-1.418176 -2.207192
-1.543713 -2.718721
-1.420288 -2.074537
-1.259195 -1.001418
-1.180027 -0.672110
-0.869655 -0.102503
-1.138650 -0.722466
-1.707755 -1.752520
-1.412615 -1.206158
-0.762686 -1.701529
-0.718029 -0.983513
-1.147288 -0.488255
-1.478730 -1.488075
-0.888942 -0.400738
-1.416124 -2.267083
-0.970367 -0.829755
-0.908504 -2.240153
-1.387505 -1.527234
-0.948724 -0.199610
-0.687146 -0.976549
-1.203093 -0.580627
-1.036597 -0.081178
-0.873376 -0.218355
-1.594622 -1.925507
-0.983100 0.117482
-1.233357 -0.750163
-1.340764 -1.695866
-1.025375 -0.970652
-0.719893 -0.648355
-0.784851 -1.472977
-1.114788 -1.421816
-0.944531 -1.211535
-1.248263 -1.758573
-1.268553 -2.256837
-1.302991 -1.049339
-1.546959 -2.050525
-0.745529 -1.928718
-0.590325 -1.320210
-1.124055 -2.212304
-0.880271 -2.078812
-1.090354 -1.295314
-1.275945 -2.559418
-0.846739 -0.243775
-1.314097 -1.192733
-1.478315 -1.236292
-0.982289 -1.463844
-0.843532 -1.379501
-0.961686 -2.102708
-1.403577 -0.766431
-0.982608 -2.378507
-1.723467 -1.630643
-1.345427 -1.857294
-0.859565 -1.445508
-0.850224 -0.424915
-0.579845 -0.363412
-1.223409 -0.488427
-1.136378 -0.713816
-0.924899 -2.082569
-1.173658 -2.455553
-1.531817 -2.141226
-1.072809 -2.431205
-1.573133 -1.704373
-0.987158 -0.177226
-1.443539 -1.949843
-0.888758 -1.001606
-1.097334 -1.208670
-0.727876 -1.371554
-1.378370 -1.497885
-0.626651 -0.298100
-1.222492 -1.066731
-1.272263 -0.721380
-1.134116 -0.739279
-1.264162 -2.508103
-1.384392 -1.718365
-1.376199 -1.814512
-1.058709 -0.190913
-1.306151 -2.235601
-1.010048 -1.261162
-0.964006 -1.592317
-0.824575 -0.511678
-1.290916 -1.266430
-0.595315 -0.694459
-1.029711 -1.071005
-1.317021 -0.887764
-1.419643 -1.256726
-1.109007 -1.565597
-0.617931 -0.641700
-0.756621 -1.757693
-0.952197 -2.139146
-0.948373 -1.020329
-0.951182 -1.294990
-0.633175 -0.610117
-1.185246 -1.617863
-0.491454 -0.420331
-1.022791 -2.310348
-0.954953 -0.329824
-0.774286 -2.216712
-1.353059 -1.618000
-1.223520 -1.884872
-0.941697 -0.801173
-1.309090 -1.220474
-1.041116 -0.227016
-0.908666 -1.004002
-0.752478 -0.096104
-0.980049 -2.514361
-1.426673 -1.033261
-0.910334 -1.100286
-1.311272 -0.600475
-1.227316 -1.073935
-1.002818 -0.286207
-0.969355 -1.489630
-1.003903 -1.020861
-0.926466 -1.707773
-1.179685 -2.626456
-1.114240 -0.883355
-1.465062 -2.414673
-1.263655 -0.646646
-1.269028 -1.320908
-1.111507 -2.541530
-1.425602 -1.483189
-1.146872 -0.452871
-0.573932 -0.464611
-0.515040 -0.776971
-1.199145 -0.555202
-1.106052 -2.510252
-1.272718 -1.699064
-1.426243 -2.275632
-0.909611 -0.649102
-1.141080 -0.390110
-1.273177 -1.039330
-1.084647 -0.552547
-0.994025 -0.251143
-1.041302 -0.432697
-0.693567 -1.547679
-1.414274 -1.455393
-1.111573 -1.770869
-1.023481 -2.197490
-1.088513 -2.855986
-0.806924 -1.483245
-0.983105 -2.141422
-1.326726 -0.561017
-0.776913 -1.044336
-1.255096 -1.613372
-1.427278 -0.793004
-1.569272 -2.171136
-0.859894 -1.743562
-0.705552 -1.081395
-0.780191 -1.063837
-0.764838 -1.753804
-0.902693 -2.116675
-0.810215 -1.634985
-0.914380 -0.020085
-1.060214 -1.125709
-1.514406 -1.968683
-0.543379 -1.234381
-1.199165 -1.853087
-1.431389 -2.252156
-0.490461 -0.398269
-0.977733 -2.322561
-0.788994 -1.254161
-1.250146 -1.994491
-0.872089 -0.302110
-0.674286 -1.303548
-1.080965 -0.321420
-1.305969 -1.095350
-1.130998 -0.308039
-1.040470 -2.057341
-1.088704 -1.451878
-0.811395 -0.301378
-0.478269 -0.924219
-0.832707 -1.904504
-0.613481 -0.341335
-1.170231 -1.694384
-1.201801 -0.876721
-0.623508 -1.233093
-1.470049 -1.781563
-0.749776 -1.112914
-0.716823 -0.685978
-0.965358 -0.230875
-0.951365 -1.808046
-1.353809 -1.074352
-1.032539 -0.955014
-0.923794 -0.330642
-1.410213 -0.750769
-1.394024 -2.182634
-1.174537 -0.471710
-0.968661 -1.600741
-1.222886 -0.764878
-0.516176 -0.749215
-1.544453 -2.176089
-0.857228 -0.435218
-1.350354 -0.863720
-1.082630 -1.467157
-1.338014 -0.718212
-0.701206 -0.533779
-0.571532 -0.401650
-1.424094 -1.559384
-1.263767 -1.847454
-1.276807 -1.068663
-0.497731 -0.431100
-1.113226 -0.636379
-0.989920 -0.885873
-0.448539 -0.704950
-1.129157 -0.288183
-0.403687 -0.750767
-1.287821 -1.902465
-0.416553 -0.517676
-1.475947 -1.059410
-0.853071 -1.180090
-0.808493 -0.125642
-0.602566 -1.361850
-1.134616 -0.396190
-0.817780 -1.570436
-0.430461 -1.128883
-0.821724 -0.545950
-0.660059 -0.287800
-0.988090 -2.071064
-0.611839 -1.794307
-0.789054 -0.585701
-1.118991 -0.465008
-0.766801 -0.943411
-0.720728 -0.829946
-1.031668 -0.981909
-0.910497 -0.244246
-1.327837 -2.316745
-1.346052 -2.007887
-1.289187 -0.489272
-0.984935 0.075006
-1.265673 -1.936707
-0.749652 -0.657916
-1.116654 -0.320513
-1.368678 -0.527192
-0.969356 -0.182597
-0.875035 -0.456277
-1.284124 -0.329258
-0.730789 -1.364498
-0.447641 -0.434952
-0.820272 -1.306567
-0.707417 -0.443576
-1.206152 -1.668018
-0.981625 -0.995893
-1.214843 -2.590150
-0.585968 -1.306323
-0.807196 -2.234019
-0.704916 -0.348012
-0.569679 -1.120734
-0.976917 -2.100349
-0.531314 -0.535420
-0.969137 -1.022871
-0.693563 -0.295485
-0.731417 -1.571058
-0.707038 -1.389188
-0.803847 -0.961587
-1.107574 -0.812909
-1.508259 -1.497705
-0.400002 -0.938079
-0.957976 -1.972156
-1.268413 -1.168953
-1.433756 -2.059373
-0.559517 -0.721723
-0.868450 -1.250087
-1.403018 -1.083804
-0.795021 -1.737228
-1.241950 -1.610957
-1.309725 -1.024405
-1.080484 -0.182395
-0.803381 -1.171523
-0.931337 -2.159637
-1.294747 -0.969577
-0.962343 -2.232434
-1.517799 -2.021150
-1.585423 -1.209053
-1.267528 -2.308167
-0.880015 -0.010532
-1.057619 -1.266688
-0.812512 -0.697365
-1.236270 -0.957468
-1.157122 -0.359924
-1.288734 -1.611496
-1.218403 -0.882601
-1.263917 -0.278522
-1.098509 -1.411196
-0.799289 -0.200721
-0.842923 -2.087167
-0.944541 -0.537774
-1.154688 -1.358135
-1.270154 -1.956750
-0.902997 -1.257456
-0.584632 -1.113435
-0.910561 -0.972871
-1.149409 -0.229553
-0.624376 -1.446373
-0.559772 -0.465200
-1.312369 -1.464005
-0.907481 -1.883469
-0.840066 -0.637265
-0.779638 -1.123356
-0.841174 -0.478345
-1.213573 -0.709177
-1.021858 -0.640084
-1.059278 -1.296154
-1.103468 -0.450157
-0.907900 -1.150394
-0.556474 -1.708361
-0.592911 -0.988583
-1.109814 -2.231506
-1.375482 -1.371604
-1.170603 -0.703956
-1.346973 -0.704952
-1.362118 -1.006598
-0.356359 -1.307460
-1.658209 -1.246157
-1.234251 -1.766731
-1.378829 -0.768579
-0.745685 -1.583804
-0.875054 -0.162215
-0.964305 -0.181327
-1.388194 -2.121214
-0.889009 -0.984512
-0.627141 -0.788307
-0.765800 -1.266306
-0.903745 -0.568527
-1.235347 -1.002255
-1.269414 -1.088376
-0.869067 -0.107925
-0.746161 -0.872750
-0.479837 -1.135754
-0.401007 -0.987799
-0.866983 -1.397699
-0.772466 -1.646455
-1.207917 -0.620957
-0.703001 -0.381334
-1.266362 -0.700625
-1.104556 -2.072582
-0.956230 -1.687792
-1.592131 -2.320510
-0.716354 -1.044076
-0.593375 -0.986902
-0.766895 -0.860453
-1.211203 -2.386012
-1.307162 -1.036733
-0.792579 -0.669674
-0.639741 -0.907991
-1.075209 -2.589779
-1.026610 -1.151370
-1.565572 -2.007521
-1.525779 -2.160047
-0.974251 -0.868388
-0.687331 -0.899273
-1.043404 -2.181328
-1.254080 -0.285477
-1.245391 -0.715524
-1.227029 -0.691972
-1.271995 -1.087306
-1.777675 -2.152175
-1.184694 -2.328914
-1.166520 -1.334529
-1.109236 -0.188395
-1.079976 -1.111288
-1.459403 -1.921050
-1.430058 -0.760901
-0.665862 -1.743816
-1.406796 -1.301585
-1.401217 -1.609453
-0.409943 -1.352179
-1.279964 -2.251802
-1.146748 -2.657132
-1.043264 -2.128066
-1.263790 -1.090127
-1.495191 -2.486716
-0.285233 -0.757506
-0.853824 -0.694010
-0.593178 -1.276636
-1.416746 -1.617093
-1.330521 -1.802174
-1.356640 -0.810376
-0.827192 -1.069203
-1.092614 -0.213980
-1.389022 -1.625012
-0.624441 -0.204809
-0.835412 -0.590030
-0.779994 -0.701451
-0.502730 -1.389372
-0.802005 -0.251064
-1.110103 -0.281015
-0.457712 -1.195302
-0.800017 -2.112940
-1.199659 -0.453788
-0.928199 -0.874982
-0.922339 -1.423440
-1.286052 -1.865726
-1.219682 -2.015774
-0.976654 -1.139010
-0.535544 -1.181859
-0.955410 -0.993455
-0.673982 -1.024528
-0.973957 -0.164272
-0.549246 -0.303112
-1.410822 -1.229289
-0.915000 -0.227438
-1.035495 -1.260723
-1.127775 -1.595990
-1.222229 -1.182047
-1.515092 -2.410345
-1.017807 -0.536044
-0.608071 -1.229978
-0.427338 -0.761733
-0.585191 -0.228176
-1.058509 -0.285421
-1.136933 -0.766327
-1.264137 -0.894292
-0.991827 -1.635835
-1.389736 -0.599072
-0.582379 -0.739956
-1.292091 -1.437473
-0.440540 -0.775300
-1.017966 -0.581280
-0.610152 -1.680844
-1.376948 -2.244188
-1.129636 -1.595676
-0.757097 -0.804508
-1.508669 -2.155417
-1.366349 -1.809940
-1.125378 -2.480596
-1.032854 -0.597519
-1.346205 -1.028247
-0.458368 -1.496864
-1.089269 0.043968
-1.235353 -0.526272
-1.457468 -2.453104
-0.739695 -0.372527
-0.903510 -0.286229
-1.159251 -2.063251
-0.453309 -1.124835
-1.139361 -1.122856
-1.405642 -1.370906
-0.760832 -0.755835
-1.334422 -1.618716
-0.869202 -0.837014
-0.397572 -0.507213
-1.510460 -1.113316
-1.389995 -2.403762
-1.566380 -1.234537
-0.876203 -0.482766
-1.504026 -1.107400
-0.727215 -1.782969
-0.339592 -0.442702
-1.288646 -1.775073
-0.746752 -1.213886
-1.471973 -1.895708
-0.726175 -1.039309
-0.741405 -1.377006
-1.112312 -0.633344
-0.437369 -0.759815
-0.612016 -1.274440
-1.394956 -1.176529
-1.143628 -2.487708
-1.110427 -0.800842
-0.830710 -0.730379
-0.746745 -1.762098
-0.636545 -1.162523
-0.743394 -0.370532
-0.824377 -0.506847
-1.208206 -2.155891
-0.607277 -1.396827
-1.367399 -0.672465
-1.000307 -1.505425
-1.238735 -0.443702
-1.378432 -0.631486
-0.690688 -0.708064
-1.479014 -2.265200
-0.843539 -0.096033
-0.801710 -1.575365
-1.225322 -0.575898
-1.390391 -1.237554
-1.048664 -2.124562
-1.257819 -2.079065
-1.257251 -1.260134
-0.813201 -0.291941
-1.195958 -0.639550
-1.455836 -2.168816
-0.833265 -1.223944
-0.813389 -0.250711
-1.565270 -1.495023
-0.868767 -0.152743
-1.304707 -2.769048
-0.703070 -1.063817
-0.469012 -0.836739
-1.385817 -1.567430
-0.674462 -0.769457
-0.871113 -0.903626
-0.991419 -2.607952
-1.296805 -1.763520
-1.135474 -0.564243
-0.786442 -0.385752
-1.748055 -1.815051
-0.667135 -1.117721
-1.131527 -0.448446
-0.627695 -1.413122
-1.007445 -0.375157
-1.088564 -2.258212
-1.278842 -0.596206
-1.136737 -2.343904
-0.802008 -0.533285
-1.308032 -2.109330
-0.858642 -0.200861
-1.686212 -2.103247
-1.142422 -1.265920
-0.743434 -0.675293
-0.997214 -2.163302
-0.847504 -0.430514
-1.105694 -0.438819
-1.159231 -1.901056
-1.372061 -1.121306
-0.890411 -0.062812
-1.482833 -2.509011
-1.226880 -1.146815
-0.448744 -0.238391
-1.314747 -0.473650
-1.396765 -1.563105
-0.917027 -1.990831
-0.516730 -0.236053
-1.012166 -0.830913
-0.998605 -1.906511
-0.578920 -0.444696
-0.852253 -0.626029
-1.393680 -1.706909
-0.916545 -1.316333
-0.871580 -0.848831
-0.421927 -0.779443
-0.695081 -0.273277
-1.210877 -1.577487
-0.410126 -1.162355
-0.460540 -0.806634
-1.187514 -0.523264
-0.927385 -1.208155
-0.497983 -0.691797
-1.180963 -0.875657
-0.979391 -0.678633
-1.549197 -2.483868
-1.234839 -1.585817
-0.767937 -1.976801
-0.953856 -0.130815
-0.684016 -0.923770
-1.204760 -2.440546
-1.332274 -1.283510
-1.363629 -2.529691
-0.621817 -1.333328
-1.333474 -2.038012
-1.016444 -0.791477
-0.953851 -0.363802
-1.418772 -2.656401
-1.239926 -0.495382
-0.862634 -0.505805
-1.270383 -2.622770
-1.264826 -1.782603
-1.377447 -1.697938
-0.427299 -0.372608
-0.963430 -2.232298
-1.385876 -1.149972
-0.806138 -0.115915
-0.964904 -1.127262
-1.218368 -2.118729
-0.634168 -1.770431
-1.137355 -1.625776
-0.769025 -0.553915
-0.496217 -1.098078
-1.256584 -0.464052
-1.285876 -0.444379
-1.213295 -1.047557
-1.200345 -0.886418
-1.073520 -1.472057
-1.174417 -1.627777
-0.618998 -1.794624
-1.334623 -1.065704
-0.599257 -1.995354
-1.105020 -1.700510
-1.015977 -1.075339
-1.207343 -0.851979
-0.998255 -2.217568
-0.898118 -1.726635
-1.314895 -1.586541
-0.775639 -0.896328
-0.896954 -0.844456
-1.003331 -0.294064
-0.623999 -1.178899
-0.825534 -0.654718
-0.950978 -1.992071
-0.584792 -0.228579
-1.452202 -2.618915
-1.211994 -2.023192
-0.941879 -0.108918
-0.964612 -1.442258
-0.992083 -0.536797
-0.793789 -1.413701
-1.322031 -1.645583
-0.776027 -2.066169
-1.067516 -1.674838
-0.765247 -1.798028
-1.028846 -1.517865
-0.511310 -0.652494
-0.566002 -0.378627
-0.539569 -0.998499
-1.538881 -2.122356
-1.365904 -2.420233
-0.475504 -0.706909
-1.223709 -0.979622
-1.065100 -1.912873
-0.454912 -1.178993
-0.725483 -1.059575
-1.173560 -2.469923
-0.448339 -1.180960
-1.361047 -2.182518
-1.139899 -0.841950
-0.723018 -1.073162
-1.163789 -1.418317
-1.106757 -0.767970
-0.781721 -1.989069
-1.137855 -2.552723
-1.452105 -1.627444
-0.892637 -1.604117
-1.006859 -1.707242
-0.643239 -1.502433
-0.958328 -0.506675
-0.903214 -0.802074
-1.244830 -1.127764
-0.475436 -1.581708
-1.175577 -1.918639
-0.875685 -0.988047
-0.758651 -1.642787
-0.836878 -0.771179
-1.315594 -0.869703
-0.744175 -0.415052
-1.742063 -2.048437
-1.263547 -0.910487
-1.198753 -0.230558
-0.900726 -0.964280
-1.089786 -1.542575
-1.024343 -1.321980
-0.429295 -0.792011
-1.455057 -1.341170
-0.778445 -1.403777
-1.601794 -1.840302
-0.510755 -0.731025
-0.733915 -0.562027
-1.154021 -1.095710
-0.774479 -2.163537
-1.372360 -1.224704
-1.421738 -2.111517
-1.285683 -1.826713
-1.126132 -0.724103
-1.221572 -2.598212
-1.506704 -2.080045
-1.199765 -0.465477
-0.598725 -0.587790
-0.852504 -0.080798
-1.389409 -1.339476
-1.168089 -1.943928
-0.993375 -2.281912
-0.823062 -0.972180
-0.745187 -0.899945
-1.485423 -1.787768
-1.035427 -0.752996
-1.514899 -2.076968
-0.893019 -0.279915
-1.595295 -2.666046
-0.506368 -0.517805
-0.778295 -1.165649
-0.886033 -0.762394
-0.946910 -2.237470
-0.889312 -1.002760
-0.760169 -0.094566
-1.129597 -0.393543
-1.503540 -2.414043
-1.331027 -0.451331
-1.047414 -2.087780
-0.988038 -2.360850
-0.896012 -1.155649
-0.712060 -1.316982
-0.518847 -0.665165
-1.161263 -1.920171
-1.214711 -0.746657
-0.800071 -1.206521
-1.018297 -0.058868
-1.184323 -0.818146
-0.883683 -0.186141
-1.346741 -0.857109
-1.039263 -1.090802
-1.085992 -0.599375
-0.499362 -0.753669
-0.684211 -1.835140
-0.686720 -0.633282
-1.350619 -1.015804
-1.590004 -1.330154
-1.115910 -0.632353
-0.653050 -0.146133
-1.165201 -2.553156
-1.371154 -1.511651
-1.171886 -0.605940
-0.796824 -1.468665
-1.126830 -0.409775
-0.454435 -1.483586
-1.229113 -0.896171
-0.921003 -1.019693
-1.199183 -1.357231
-0.462018 -0.953326
-0.725927 -0.347861
-1.090470 -0.268898
-0.728669 -0.487578
-0.655716 -1.248539
-0.983216 -0.798668
-0.475106 -0.789749
-0.789324 -0.517333
-0.907238 -1.055234
-0.495388 -1.042104
-1.347035 -0.509340
-1.111787 -0.683259
-0.564443 -0.486892
-1.354164 -1.267799
-0.392485 -0.427368
-1.308562 -2.434119
-1.049613 -0.988944
-0.577475 -1.375338
-0.672751 -1.806955
-1.181424 -0.490486
-0.848186 -0.471636
-1.421671 -2.295063
-1.155959 -1.789411
-0.908140 -1.885258
-1.046441 -0.479624
-1.405728 -2.540376
-0.352630 -1.070443
-1.178292 -1.353734
-0.467240 -0.480209
-1.195195 -0.483572
-0.777803 -1.051826
-0.739784 -1.237378
-1.541574 -1.197026
-0.419801 -0.497571
-0.725034 -0.647426
-1.524480 -1.676898
-0.878400 -0.354333
-0.510603 -0.654304
-1.378531 -2.169244
-1.270203 -1.975302
-0.667183 -0.367196
-1.302825 -1.929642
-1.596135 -1.539559
-0.890813 -0.979303
-1.462637 -2.088539
-0.374393 -0.459808
-0.602589 -0.290652
-0.771958 -0.992699
-0.850269 -0.607126
-1.328254 -1.680642
-1.261850 -2.493550
-1.322860 -1.147667
-1.143213 -0.555298
-0.928317 -1.137245
-0.831654 -1.341993
-1.190600 -1.490913
-0.529200 -0.979087
-0.874012 -0.265410
-1.186308 -1.821289
-1.087454 -0.209032
-0.872494 -0.279679
-1.261724 -2.636148
-0.750016 -1.995984
-1.456332 -1.622878
-1.369303 -2.097938
-0.753444 -0.740206
-1.279606 -2.270298
-1.277829 -1.132505
-1.453424 -2.110377
-0.587513 -1.223552
-1.236100 -2.161715
-1.395296 -0.679263
-1.529904 -0.981582
-1.492450 -1.054275
-1.459261 -2.250092
-0.762262 -1.777936
-0.859370 -1.979638
-1.290708 -2.623693
-1.100407 -1.260756
-0.737690 -0.549061
-0.696327 -1.270258
-1.043636 -1.664830
-1.072757 -1.970868
-0.788964 -0.711446
-0.987554 -1.121040
-0.838530 -1.182137
-1.008766 -2.288431
-1.048298 -0.539420
-1.400672 -1.545091
-0.840718 -1.357367
-1.214537 -1.465561
-1.584221 -2.051174
-1.316127 -1.133842
-0.566280 -0.405820
-1.124614 -0.732938
-1.134693 -0.410821
-0.557436 -1.259757
-1.019763 -0.161494
-0.999466 -1.635431
-0.505534 -0.572922
-1.407145 -1.118458
-1.021488 -1.213344
-0.844520 -0.626680
-0.776579 -1.552573
-0.813268 -1.183900
-1.586181 -2.523571
-1.397211 -1.839083
-1.280544 -0.828323
-0.768776 -1.648802
-1.123221 -1.328762
-0.378865 -0.563832
-0.998098 -2.027714
-1.449021 -1.026259
-0.987465 -1.482389
-1.343996 -0.950130
-1.379961 -1.048174
-1.266303 -0.554401
-1.418230 -2.518311
-1.364801 -1.289998
-0.574617 -0.547054
-0.705704 -0.236756
-1.284766 -0.927294
-1.247843 -0.530858
-0.920226 -0.468015
-1.167635 -1.894587
-1.020871 -1.500688
-0.876196 -1.474953
-1.483360 -1.784630
-0.959942 -0.539424
-0.981104 -0.593288
-1.108058 -0.806723
-1.212399 -1.998847
-0.987077 -1.698673
-0.694814 -0.838092
-0.585539 -1.692764
-1.046563 -0.756335
-0.524977 -1.151908
-1.538723 -1.360641
-1.000583 -1.448493
-0.824463 -1.967139
-0.705786 -1.802794
-0.773741 -0.664022
-0.686394 -0.141132
-1.098865 -0.950138
-1.284635 -1.683115
-0.721871 -1.817488
-0.571105 -1.424469
-0.939058 -0.554871
-1.261951 -0.438501
-0.930261 -0.685981
-0.947908 -0.286402
-1.209813 -1.433562
-0.746449 -0.650821
-1.462054 -2.245203
-0.861222 -0.400698
-1.261473 -1.923870
-1.111268 -2.164671
-0.761958 -0.847800
-1.416957 -0.963051
-1.491936 -2.457957
-0.582548 -1.453981
-0.867732 -0.638010
-1.457851 -1.364842
-1.579769 -1.583257
-0.642617 -1.460703
-1.418344 -1.463185
-1.230885 -2.151971
-0.933438 -1.917267
-0.793057 -0.297677
-1.466754 -1.076299
-1.430039 -1.488235
-1.168291 -1.174521
-0.982289 -0.444069
-0.741570 -0.292049
-1.113813 -0.481304
-0.697421 -0.361156
-0.431999 -0.427925
-1.462196 -1.661992
-1.166562 -1.848821
-1.005708 -2.129308
-0.486117 -0.506419
-1.198395 -1.891931
-0.781053 -0.839526
-1.493524 -0.964730
-1.091307 -2.081758
-1.081061 -0.864608
-1.169547 -0.377962
-0.638337 -1.456396
-1.096916 -0.395084
-1.033099 -1.346576
-0.601390 -0.449979
-0.958592 -1.654902
-1.470243 -2.805560
-0.859087 -0.283200
-1.498089 -2.577266
-0.504963 -1.008506
-1.290482 -2.468219
-1.132911 -0.887029
-0.734062 -0.606423
-0.972958 -0.217233
-0.513075 -0.912873
-0.919672 -1.961211
-0.697812 -1.628078
-0.523249 -0.634665
-1.214062 -0.595487
-1.218134 -2.141550
-1.115319 -0.669929
-1.055060 -1.295042
-1.226578 -1.604685
-1.135628 -0.362698
-1.263820 -1.814775
-1.177181 -0.277234
-0.933556 0.036439
-0.783474 -0.729135
-0.911835 -2.286538
-0.617737 -0.660793
-1.307359 -1.307328
-0.679901 -0.750923
-1.057448 -0.247671
-1.390034 -0.671414
-1.107216 -1.417450
-1.554875 -2.665310
-0.885202 -0.873006
-1.135847 -0.325286
-1.424254 -1.756821
-0.574496 -0.332380
-1.412363 -1.187950
-1.005949 -1.094727
-0.579407 -1.105184
-0.771057 -1.773962
-1.568811 -1.128647
-1.475037 -1.933861
-1.250187 -1.087940
-0.491826 -0.593851
-0.624001 -0.737083
-0.426108 -0.542702
-1.005272 -1.747988
-0.534274 -1.065906
-1.518429 -1.544491
-1.249605 -1.236717
-1.307808 -2.643335
-0.778098 -0.561073
-0.992971 -1.998982
-1.339049 -1.837747
-1.095138 -2.310876
-0.531119 -0.597318
-1.077499 -0.325726
-1.235136 -2.405601
-0.852522 -0.684522
-0.442804 -1.090005
-0.950712 -1.648198
-1.374505 -1.905985
-0.670963 -1.433156
-0.910330 -0.757773
-1.461494 -1.090116
-1.118667 -1.255226
-0.943397 -0.535640
-0.685163 -1.642799
-1.044983 -1.067225
-0.798776 -0.891318
-1.025364 -1.852280
-0.536757 -1.234152
-0.642779 -0.349429
-0.639129 -0.277090
-0.596171 -0.440548
-1.021230 -2.202546
-0.705560 -1.332439
-1.323196 -0.918700
-1.292953 -2.580075
-0.835122 -0.499243
-1.301635 -1.889543
-0.692594 -1.722321
-1.051557 -2.200123
-1.237779 -0.355043
-0.522598 -0.238533
-1.205599 -1.325143
-1.398504 -1.411055
-0.937186 -1.544547
-0.867409 -1.387610
-0.887029 -0.230374
-0.634059 -0.239322
-1.169312 -0.226777
-1.064481 -1.018175
-1.356803 -1.072643
-1.081390 -0.067203
-1.388056 -0.460161
-1.047808 -0.568937
-1.454171 -1.331604
-1.017855 -1.138775
-1.151166 -0.701827
-0.807988 -1.818414
-1.441129 -1.636012
-1.097228 -2.249797
-0.633626 -0.205126
-0.841522 -0.615233
-0.802788 -0.346707
-1.452884 -1.769203
-0.948985 -0.764432
-1.136363 -0.961456
-1.033563 -0.418144
-0.707653 -0.345085
-0.855690 -0.831562
-1.291661 -0.984430
-0.973773 -1.829806
-0.901501 -1.369648
-1.111030 -0.450615
-1.060602 -0.253964
-1.136309 -2.480188
-0.436078 -0.673724
-1.071205 -0.466290
-0.992422 -0.214209
-0.614147 -0.349480
-1.064255 -0.260943
-1.239499 -1.351313
-0.865508 -0.427550
-1.149319 -1.416622
-0.672597 -1.819024
-1.157491 -0.787832
-0.828648 -0.465742
-1.157010 -0.429125
-1.237180 -1.966852
-1.430293 -1.580289
-1.553663 -1.420751
-1.342041 -1.259129
-1.242120 -1.523040
-1.243825 -1.785131
-1.069900 -0.794420
-0.514080 -0.944194
-0.655149 -0.565534
-1.173570 -0.194968
-0.983065 -2.608114
-0.864346 -0.156836
-0.478582 -1.143845
-1.045415 -2.404122
-0.718927 -0.077359
-1.345032 -1.144951
-0.711731 -1.245472
-1.032619 -1.226642
-0.546449 -1.131366
-0.934006 -1.028179
-1.362102 -1.451240
-1.172830 -1.117067
-1.194853 -1.492353
-1.464486 -2.527725
-1.274964 -2.217700
-0.791023 -0.075987
-0.975715 -2.210935
-1.263179 -0.424028
-0.652870 -1.258669
-1.276689 -1.101643
-0.584452 -0.234513
-0.922962 -1.035803
-0.418957 -0.508656
-0.334981 -0.919337
-0.986667 -2.568913
-0.794791 -0.875340
-0.589060 -2.021954
-0.363613 -0.884905
-0.352879 -0.842445
-0.620201 -0.765689
-1.028677 -2.246545
-1.381961 -0.948188
-1.384479 -2.854709
-1.143892 -1.155810
-0.688061 -0.563012
-0.861334 -1.741150
-0.903427 -0.586393
-0.918349 -0.484483
-1.409742 -0.773298
-1.480203 -2.803168
-1.208756 -2.469783
-1.668736 -2.361415
-1.568592 -0.998677
-0.395873 -0.785753
-1.027798 -0.197203
-0.651190 -1.139095
-1.485175 -2.562841
-0.616900 -0.940921
-0.655913 -0.440501
-0.937481 -1.357793
-0.930719 -0.493317
-1.104753 -1.720369
-0.778424 -0.838176
-0.839631 -0.091031
-0.816877 -0.238058
-0.901208 -0.601026
-1.231485 -2.467506
-1.207548 -1.772272
-1.442124 -0.912113
-0.915634 -0.355405
-1.416137 -0.740866
-1.399597 -0.898643
-1.180657 -1.805892
-0.752515 -1.869546
-0.538789 -0.138400
-0.766326 -0.891396
-1.251374 -1.592555
-1.359313 -0.482802
-0.857463 -0.044717
-1.257959 -1.665774
-1.025552 -1.364187
-1.070256 -0.666499
-1.585787 -2.465831
-1.042768 -0.220370
-1.125992 -1.419021
-1.298071 -1.635558
-1.379231 -1.142976
-0.722753 -0.869548
-1.499241 -1.795613
-0.682317 -0.373620
-1.009738 -0.341328
-1.213709 -1.167017
-1.354106 -0.944693
-0.922642 -1.689104
-0.470776 -1.263277
-0.684616 -1.041686
-1.237608 -1.920344
-0.687396 -1.448617
-0.620210 -1.241642
-1.367592 -1.588435
-0.694165 -1.835028
-0.833999 -1.207385
-1.303423 -1.704960
-1.167490 -1.815242
-1.318022 -0.908825
-1.227432 -0.571874
-0.591292 -1.380854
-0.657393 -0.253929
-1.305361 -2.153347
-0.717362 -1.499609
-1.169436 -0.880563
-0.591208 -1.102228
-0.912883 -0.425949
-1.212448 -0.934405
-1.323791 -0.979734
-1.416139 -0.941111
-1.266255 -1.705540
-1.133790 -1.509694
-1.002051 -2.229110
-0.861189 -1.587569
-0.994545 -1.857123
-0.378286 -0.587922
-1.191013 -2.320844
-1.502449 -1.629722
-1.073746 -0.296670
-1.152440 -0.792425
-0.631977 -1.147177
-1.486323 -0.598372
-1.289149 -1.046629
-0.905659 -0.501381
-1.181732 -2.916126
-1.481800 -2.082279
-0.719457 -1.518270
-0.991777 -0.185986
-1.026846 -0.872292
-1.391841 -2.512650
-1.206739 -0.985061
-1.520582 -2.287116
-1.172697 -1.350200
-1.056010 -0.343272
-1.072817 -0.287113
-1.478384 -2.632814
-0.461252 -1.087945
-1.248520 -2.118170
-0.759522 -0.533144
-1.312783 -1.201145
-0.872455 -1.721322
-1.137230 -1.520486
-1.432402 -0.981239
-0.815786 -1.061189
-0.727879 -1.341437
-1.051393 -0.555045
-1.184671 -2.681293
-0.482631 -1.198906
-0.823072 -1.268127
-0.851661 -0.230220
-1.003468 -0.207488
-1.292986 -1.892860
-1.315274 -0.670244
-1.420363 -0.607538
-0.885591 -0.900465
-0.542754 -1.579754
-1.109226 -2.223123
-0.543269 -1.356737
-0.642368 -0.176290
-1.308154 -0.877273
-0.809987 -0.637490
-1.219332 -1.045909
-0.829266 -1.977717
-1.096327 -0.530264
-0.964539 -0.981738
-0.794478 -1.759449
-1.276351 -0.911059
-0.695981 -0.871093
-0.703510 -0.930733
-0.413568 -1.046220
-0.960773 -1.506996
-1.285231 -0.818733
-0.922985 -1.383561
-1.523653 -2.664678
-1.039840 -0.227597
-1.357678 -0.669125
-1.060193 -1.800536
-1.189188 -2.279158
-1.421932 -1.795358
-1.475620 -2.218117
-0.613183 -0.360672
-1.034764 -1.039026
-0.942210 -1.064140
-1.346049 -1.234051
-0.894744 -2.432720
-1.031016 -0.292415
-0.927729 -1.795531
-1.087287 -1.018847
-0.767799 -1.722150
-1.125260 -1.663499
-0.803675 -0.211954
-1.074409 -2.141087
-0.598932 -0.380851
-1.193492 -2.106688
-1.554724 -2.149875
-0.984378 -1.140274
-1.179824 -1.435776
-1.287633 -2.112164
-1.223095 -0.570865
-0.905430 -0.423911
-1.510198 -1.431816
-1.160765 -0.313495
-0.869916 -0.263613
-1.494244 -1.205710
-1.097594 -0.795692
-1.584287 -2.000540
-0.920434 -2.098969
-1.495316 -1.443566
-0.561553 -1.799275
-0.465366 -1.370814
-1.112527 -0.614523
-0.852687 -0.739769
-1.257409 -1.363898
-1.461481 -2.287751
-0.961228 -0.275790
-0.773553 -1.350618
-0.541398 -1.002032
-0.813740 -0.276706
-1.046127 -1.546719
-1.559729 -1.888581
-0.601404 -0.578316
-1.159860 -0.236266
-1.350873 -2.388115
-1.208667 -0.507873
-1.127586 -1.894421
-1.417165 -1.172974
-1.374557 -1.325656
-0.606166 -1.472016
-1.414832 -0.930230
-1.350364 -1.304445
-0.551902 -0.216931
-0.825432 -0.540564
-1.147726 -0.772094
-1.167352 -0.940443
-1.066342 -0.700352
-0.927763 -0.872734
-1.313337 -0.562095
-1.172658 -0.737805
-0.558787 -0.559538
-0.908187 -0.040949
-0.638477 -0.255149
-1.574489 -1.882403
-0.652476 -1.011217
-0.786062 -0.379605
-0.669631 -1.642468
-1.293024 -1.057293
-0.978208 -0.556329
-1.225700 -0.738957
-1.308731 -2.016532
-1.335159 -0.311171
-0.914152 -1.558494
-0.893146 -1.139865
-1.277991 -0.717001
-0.887985 -0.874848
-0.492124 -1.177967
-0.882362 -0.101276
-1.342524 -0.586323
-0.644561 -0.015916
-0.828696 -1.773839
-1.080062 -0.321178
-1.037391 -0.677783
-1.312245 -1.421953
-1.179893 -0.620444
-1.050503 -0.215347
-0.979618 -0.832457
-1.156141 -0.819500
-1.542448 -1.299537
-0.429007 -0.875666
-0.859533 -2.143399
-1.017968 -1.787599
-0.701758 -0.334886
-0.584691 -0.796531
-0.610521 -0.816933
-1.264129 -1.987807
-0.536957 -0.624921
-0.571566 -0.131844
-1.507503 -2.230896
-0.670317 -0.803765
-1.001863 -0.259468
-1.052009 -0.734775
-1.390410 -2.409125
-0.632892 -0.749968
-0.500927 -0.702755
-0.608529 -1.174323
-0.699141 -1.910163
-0.644096 -0.873132
-0.681409 -1.135913
-0.846250 -0.627033
-1.233172 -1.355706
-0.501092 -1.231503
-0.565967 -0.820557
-0.931488 -1.343433
-1.468755 -1.535438
-1.005392 0.092100
-0.925809 -1.982069
-0.954824 -1.349568
-0.708369 -0.387105
-1.209479 -2.091957
-1.096572 -1.812479
-1.277151 -1.208795
-1.142769 -0.691135
-1.037626 -1.143880
-1.180781 -1.906488
-0.755997 -0.367753
-0.838717 -0.528358
-1.231413 -1.301759
-1.196642 -1.423470
-0.788750 -1.523251
-0.457359 -1.172127
-1.240575 -1.903696
-1.169300 -0.688303
-1.190785 -2.442956
-0.893962 -0.067841
-0.740551 -0.053580
-0.630299 -0.684076
-1.256925 -1.333819
-0.505555 -0.303024
-0.536058 -0.855953
-1.327326 -2.651973
-0.674727 -0.646462
-0.734491 -1.156954
-1.192071 -0.875759
-0.707219 -0.795252
-1.306194 -0.997077
-0.796214 -1.792114
-0.853060 -0.278710
-0.969666 -0.910064
-1.009936 0.034664
-0.675857 -1.790271
-0.938476 -2.187206
-0.444230 -0.862339
-0.476009 -0.661846
-0.783850 -0.954066
-1.122669 -0.821114
-0.747700 -1.606488
-0.518510 -0.953441
-1.016739 -2.135917
-0.717862 -1.887442
-0.733495 -1.994900
-0.957962 -0.490266
-1.312987 -1.989298
-0.965342 -0.049345
-0.454982 -0.485246
-0.820969 -0.534251
-0.916714 -1.794981
-0.445412 -0.396519
-1.119840 -2.355022
-0.807919 -0.371455
-0.855843 -0.328613
-1.237008 -1.916607
-0.479682 -0.549034
-0.961003 -0.144933
-1.601943 -1.737421
-0.535041 -0.647045
-1.272826 -0.962507
-1.100680 -1.511330
-1.439309 -1.851594
-1.460239 -1.986694
-0.510706 -1.020894
-1.115962 -0.792428
-1.376354 -1.388794
-0.637202 -1.206368
-0.738481 -1.581565
-1.178252 -0.846820
-0.776689 -0.898414
-1.257151 -2.003536
-1.082695 -1.623246
-1.413756 -1.229645
-1.129284 -2.039503
-1.300228 -2.792205
-0.665706 -0.315550
-1.299155 -0.656444
-0.636665 -0.403611
-1.216095 -1.833565
-1.164543 -0.788091
-0.545994 -0.905976
-1.094320 -0.739917
-0.372249 -0.759365
-1.069059 -0.688884
-0.894606 -1.294546
-1.062600 -2.278078
-0.927945 -0.501310
-1.213005 -0.599380
-0.552223 -0.533729
-0.701128 -0.816698
-0.990770 -1.732064
-1.497470 -1.789681
-0.702041 -1.499126
-1.175422 -0.562476
-0.857467 -1.914347
-0.638271 -0.573873
-1.062376 -0.716048
-1.242796 -2.494500
-1.007356 -1.457210
-0.953408 -0.807884
-0.701274 -1.271633
-1.490143 -2.134236
-1.030949 -0.557308
-1.305641 -0.642998
-0.771017 -1.281188
-1.410836 -2.485049
-1.084300 -0.137707
-0.681931 -1.682206
-1.233322 -1.858887
-0.951560 -2.047493
-0.835763 -0.900760
-0.987943 -0.362006
-0.977405 -1.519060
-0.838298 -0.867210
-0.706293 -1.788514
-0.801888 -0.765833
-1.134189 -0.759842
-0.463447 -1.200272
-1.258055 -1.846523
-1.008371 -0.675551
-1.020198 -1.533740
-0.411565 -0.958090
-1.279148 -1.986663
-1.328541 -1.169632
-1.523910 -2.282747
-1.354378 -1.602788
-1.491446 -1.903864
-0.758522 -0.670623
-0.842550 -1.190534
-0.834342 -0.063305
-1.078993 -2.318759
-1.047130 -0.247399
-0.902415 -1.631230
-1.035746 -0.807757
-1.295805 -0.536133
-0.869764 -0.133464
-1.229263 -1.015255
-0.780468 -0.885399
-0.967618 -0.400998
-0.535106 -1.458622
-1.156825 -1.369003
-0.665124 -0.797632
-0.588879 -0.408364
-1.235664 -1.804070
-0.904514 -1.002063
-0.612519 -1.242638
-1.225210 -1.934580
-0.691028 -0.629149
-0.967915 -0.490549
-1.140072 -0.569924
-1.402673 -1.461926
-0.549275 -0.222987
-0.437054 -0.703402
-0.578934 -1.641124
-0.976954 -2.447965
-1.169025 -2.579979
-0.882156 -0.595972
-0.713797 -0.709598
-1.126454 -0.477167
-1.135446 -1.497250
-0.910379 -2.202103
-1.286280 -0.647859
-1.166489 -0.180532
-0.979053 -0.977078
-0.659422 -0.466672
-0.856492 -2.244991
-0.999554 -2.544174
-1.230251 -2.240315
-0.984162 -2.379937
-0.680004 -0.891246
-0.761806 -0.089249
-1.134724 -0.396442
-1.024723 -1.052983
-1.349386 -0.320011
-0.950252 -1.964568
-0.664587 -0.745443
-0.845284 -0.122246
-1.188715 -1.527031
-1.260322 -0.675454
-1.046149 -1.971983
-1.031812 -0.170067
-1.357119 -0.564022
-1.359482 -0.600803
-1.170319 -2.356317
-1.172594 -2.599280
-1.440928 -2.256731
-0.583033 -0.110051
-1.274612 -1.867024
-0.423902 -0.653347
-1.475540 -2.154135
-1.312222 -2.646811
-1.023111 -1.009560
-1.185976 -1.637711
-1.218881 -0.357544
-1.026635 -2.195077
-1.396067 -1.752128
-1.226651 -1.738707
-0.717842 -0.028157
-0.752070 -0.677251
-0.538655 -1.188317
-0.872956 -2.005530
-1.131513 -0.584004
-0.398905 -0.582839
-0.941240 -2.096524
-0.388783 -1.182791
-1.069707 -0.668377
-1.279050 -1.946472
-0.655612 -1.590845
-1.425336 -2.000018
-0.583631 -0.876582
-1.437352 -1.736278
-1.021906 -2.414538
-1.049698 -2.286827
-1.336495 -0.987598
-0.960987 -0.941765
-0.529741 -0.709993
-1.370556 -1.115924
-1.375816 -0.654952
-0.964456 -1.909050
-0.744287 -0.260877
-1.439008 -1.460672
-1.689965 -2.480430
-0.788849 -1.346021
-1.065609 -0.930562
-1.069545 -2.443784
-1.372283 -0.622279
-1.022097 -2.503227
-0.863070 -1.601778
-0.745625 -1.824281
-0.566239 -0.321044
-0.885068 -1.807279
-0.975909 -2.269237
-1.445387 -2.302142
-1.499765 -2.061686
-1.027075 -1.350229
-1.020056 -1.269869
-1.059428 -0.136266
-1.408172 -1.297324
-0.851475 -2.508796
-1.221148 -1.161541
-1.217624 -0.985922
-0.756633 -0.283087
-1.212240 -1.040932
-1.464653 -2.520734
-0.784525 -1.593057
-1.203901 -1.933155
-1.112063 -0.294345
-1.087474 -0.724351
-0.809368 -1.650486
-1.310391 -1.200565
-1.057054 -0.894807
-0.393391 -0.873367
-0.649962 -0.679992
-1.377466 -1.732643
-0.567995 -0.841537
-0.785524 -1.122054
-0.507843 -0.416065
-0.851027 -0.676367
-1.020905 -1.697455
-1.390566 -2.015202
-1.014282 -1.464232
-0.883159 -0.619007
-0.973914 -1.577508
-0.720494 -1.258949
-1.161022 -2.475846
-0.871395 -1.832278
-1.287272 -2.310355
-1.273109 -2.594511
-1.119820 -1.307430
-1.113396 -2.369787
-1.521059 -2.146884
-1.011072 -1.692969
-1.388092 -2.752993
-0.455679 -0.710843
-1.561649 -1.291059
-0.369079 -0.711101
-1.247708 -1.606684
-0.375548 -0.866649
-1.035597 -1.654243
-1.294245 -0.751660
-0.926351 -0.362226
-1.126932 -0.333004
-0.521636 -1.237050
-0.923492 -1.866980
-0.492448 -0.771198
-1.413384 -2.619297
-0.608917 -0.582793
-0.987545 -1.652048
-0.949705 -0.239284
-0.778440 -1.036425
-0.926001 -2.226562
-0.631786 -0.137247
-1.102066 -1.495320
-0.367590 -0.434899
-0.946913 -1.707186
-0.526797 -0.210451
-0.857541 -1.302282
-1.419392 -0.865930
-1.589176 -1.475000
-1.019365 -1.756864
-1.044433 -0.436487
-1.497209 -1.618170
-1.322457 -2.650504
-1.037809 -0.518936
-1.431219 -2.752941
-1.326699 -0.464900
-0.819108 -1.794885
-1.542987 -2.187930
-0.409285 -0.972065
-0.951424 -2.077904
-1.287243 -2.664025
-1.174174 -1.057740
-0.946240 -0.427819
-1.428793 -1.100925
-0.940717 -1.007334
-1.064358 -0.929531
-1.214438 -0.446922
-1.349582 -1.622067
-0.539414 -1.206093
-0.694923 -0.257397
-1.116358 -0.572374
-0.629639 -0.680851
-1.131251 -1.795219
-1.075902 -1.983208
-1.585232 -2.237766
-1.236716 -2.329217
-1.042704 -0.155485
-1.044497 -1.134987
-0.742717 -0.711551
-1.016773 -0.927877
-1.014925 -1.770215
-1.105978 -1.418773
-0.777977 -0.628818
-1.112213 -1.734428
-0.685405 -1.746785
-0.915752 -1.570950
-0.930791 -1.710898
-1.553387 -2.372379
-1.185498 -1.537573
-1.216985 -0.516614
-0.662774 -1.392190
-1.484876 -1.687686
-1.088632 -0.473426
-1.091510 -0.272536
-0.501476 -0.897217
-1.227610 -1.243397
-0.854127 -0.234039
-0.703449 -0.864475
-0.860618 -0.651555
-1.483206 -1.111650
-0.519356 -0.385707
-1.069859 -1.053222
-1.502172 -2.523220
-1.121698 -2.164551
-0.609601 -0.950336
-0.856082 -0.303948
-0.916238 -0.289346
-0.574409 -0.439544
-1.436107 -1.203247
-1.466694 -2.228858
-0.764790 -1.107973
-1.261676 -0.961320
-0.524964 -1.155111
-0.894335 -0.789708
-1.445707 -1.327418
-0.752928 -1.919270
-1.439276 -1.435477
-1.252446 -2.273328
-0.537593 -0.749313
-0.965620 -0.412671
-0.902180 -2.342185
-1.166843 -1.846076
-0.749321 -1.280436
-0.426363 -1.064895
-0.363313 -1.242531
-0.360721 -0.974607
-1.351320 -1.698041
-0.423193 -0.799385
-1.340038 -0.903644
-1.182060 -1.317410
-0.912666 -2.190774
-1.387607 -1.699226
-1.431355 -2.147406
-0.508173 -0.495903
-1.095111 -2.444262
-0.939244 -1.114489
-1.126461 -1.489848
-0.730378 -1.331956
-1.059371 -1.289799
-1.183445 -1.653961
-0.921536 -0.174436
-0.828413 -2.013359
-0.645231 -0.930577
-0.623369 -1.545440
-1.458252 -1.726161
-0.448521 -1.171263
-1.001686 -1.049327
-1.270365 -2.603634
-1.000347 -0.620608
-0.640897 -1.535059
-0.398797 -0.628365
-1.018827 -0.677089
-0.916065 -0.195662
-1.348595 -1.134741
-0.447064 -0.995524
-0.536992 -1.365862
-0.806119 -1.726609
-1.125598 -1.470225
-1.059480 -1.713266
-1.058225 -0.221730
-0.962637 -0.806504
-1.222193 -1.392454
-0.635108 -1.243806
-0.814189 -0.325872
-0.891085 -1.120947
-0.978150 -2.338957
-1.160718 -0.596959
-1.396184 -1.412469
-0.819518 -1.776255
-1.523647 -2.457295
-1.539897 -1.110016
-0.714136 -1.277461
-1.615439 -1.331124
-1.522406 -1.461323
-0.910050 -1.708011
-1.061755 -1.900686
-1.014487 -0.554843
-0.623038 -1.800746
-0.967826 -1.308364
-1.330639 -2.007379
-0.426673 -0.441399
-1.069299 -2.561504
-1.148614 -0.670647
-1.175117 -0.731620
-1.303158 -1.151198
-1.116976 -1.760641
-1.041360 -0.484788
-0.799640 -1.239936
-1.548393 -1.161204
-0.715569 -1.595829
-0.717181 -0.341588
-0.888368 -1.378711
-0.513296 -0.353318
-0.945906 -0.380221
-1.010616 -1.970436
-0.359110 -0.875687
-1.450693 -1.863896
-1.462413 -2.039830
-1.300497 -1.735945
-1.004295 -1.937723
-1.043312 -0.312369
-1.344782 -2.556611
-1.317195 -0.994448
-0.964641 -0.210308
-1.251293 -2.028534
-1.194402 -0.673281
-0.981455 -1.986521
-1.024249 -1.629637
-1.220653 -1.079939
-0.665058 -1.610130
-1.406032 -1.588809
-1.774309 -2.339607
-1.359035 -1.131359
-1.028051 -0.674024
-0.865304 -0.392274
-1.260279 -1.431879
-1.298295 -0.577098
-1.091311 -1.105068
-1.055058 -0.486849
-0.842700 -0.180221
-1.310437 -1.050610
-1.212587 -2.322616
-0.877214 -0.762866
-1.197549 -2.545562
-0.638582 -0.550222
-0.659253 -1.158512
-1.286522 -1.041942
-0.807854 -0.122368
-1.594926 -1.563146
-0.523891 -0.765620
-1.166375 -1.252261
-1.137977 -0.543364
-1.379693 -1.795077
-0.847564 -0.116407
-0.898357 -1.455642
-0.903471 -1.710425
-1.188211 -0.256939
-1.292661 -0.960524
-1.216796 -0.515176
-1.356848 -1.639656
-0.981170 -0.135617
-0.876577 -1.099708
-1.311834 -1.164939
-0.674891 -1.884480
-1.536302 -1.662673
-1.167084 -1.044310
-1.280017 -1.479183
-1.456273 -1.697276
-1.495999 -1.063518
-0.865068 -0.656528
-0.484437 -0.391933
-0.926651 -0.915815
-1.291753 -2.151613
-1.201499 -1.931664
-1.139103 -0.366913
-1.296167 -1.288101
-1.290828 -2.047162
-0.442506 -1.402551
-0.484773 -0.624791
-1.553602 -1.774471
-0.916963 -1.483709
-0.869196 -1.005241
-0.532867 -1.132300
-0.696363 -1.219920
-1.275942 -2.600437
-1.310387 -2.509361
-0.894214 -1.309244
-0.984363 -1.705384
-1.268684 -2.646167
-0.928584 -1.577814
-1.428866 -2.374367
-1.115707 -1.981532
-1.436434 -2.504070
-1.352792 -2.379892
-1.142794 -0.364017
-1.512516 -1.125935
-1.116961 -1.846264
-0.993128 -2.131918
-0.956683 -0.313970
-0.987167 -1.282191
-1.180839 -2.455741
-1.379261 -1.351404
-0.954460 -1.642157
-1.517933 -2.435109
-0.977665 -1.831955
-1.043425 -1.269624
-1.163546 -0.617516
-0.635763 -0.224935
-1.426314 -1.897546
-0.915387 -0.127189
-1.256809 -1.141710
-0.359847 -0.480767
-0.468580 -1.765284
-1.189418 -1.167887
-0.785782 -1.175349
-1.105456 -0.708194
-0.450271 -1.006648
-1.302963 -1.278215
-0.674812 -1.014285
-1.489641 -0.948550
-0.627080 -0.986081
-1.094507 -1.177312
-1.189972 -1.370600
-1.304861 -0.505072
-1.096452 -0.640278
-0.603814 -1.212521
-0.420319 -0.410683
-0.900850 -1.341253
-0.776505 -1.447946
-0.588537 -1.359450
-1.072456 -2.374807
-1.218496 -1.961128
-0.973580 -0.520649
-1.440655 -1.369124
-1.314332 -2.230297
-0.678598 -0.255408
-0.991202 -0.893414
-1.285566 -2.599253
-1.442994 -1.102997
-0.762719 -1.027867
-0.831317 -2.062188
-0.686127 -0.250468
-1.458811 -2.104754
-0.921022 -1.306321
-0.595468 -0.935627
-0.929409 -0.421027
-0.970578 -0.451026
-0.607372 -1.891869
-1.386298 -0.750219
-0.725394 -2.042684
-1.234175 -2.661676
-0.948199 -0.402155
-1.165863 -1.683298
-1.278386 -2.494902
-1.134563 -1.016512
-0.944340 -1.547508
-1.028020 -0.581151
-1.135311 -0.642450
-1.374737 -0.965174
-0.796484 -0.961606
-1.294365 -0.768869
-1.098608 -1.938673
-0.993389 -0.326481
-0.865244 -0.069238
-0.838347 -0.249450
-0.971880 -1.327031
-1.079493 -1.283626
-0.633941 -0.298402
-0.628733 -1.177696
-1.477281 -2.587599
-1.373321 -1.803170
-0.821636 -0.881008
-0.988892 -2.247231
-0.583801 -1.410787
-0.943011 -1.548502
-0.731658 -0.385950
-0.540233 -1.429833
-1.051626 -2.276972
-0.559991 -0.769104
-0.875189 -0.480793
-0.827370 -0.609336
-1.292878 -2.260227
-1.162727 -2.188909
-0.916347 -0.232633
-0.617304 -1.369026
-1.637727 -1.447266
-0.831185 -1.804124
-1.617430 -2.191261
-0.871273 -1.335246
-0.685788 -1.344923
-0.722462 -0.945958
-1.092209 -1.091712
-1.465309 -2.184004
-1.363240 -1.237600
-1.036925 -2.491469
-0.441634 -0.549917
-1.035800 -0.898927
-1.577355 -1.667109
-1.599536 -1.633723
-1.215425 -2.430710
-0.627604 -0.455080
-0.570782 -0.889942
-0.793833 -1.915447
-1.268250 -0.520395
-0.804278 -0.884116
-1.440131 -1.776776
-1.110171 -1.221571
-1.059062 -2.061216
-0.855064 -1.760496
-1.219346 -1.608747
-0.972053 -1.169824
-1.210216 -2.619661
-0.621108 -1.480091
-0.668006 -0.105525
-0.934803 -1.412072
-1.183735 -0.413765
-0.411398 -0.755618
-1.207244 -1.400498
-1.053678 -0.212079
-0.817366 -0.330374
-0.864194 -0.200751
-1.266924 -2.441853
-1.119053 -0.583282
-1.107646 -1.819561
-0.596770 -0.638397
-1.581224 -1.615215
-0.568437 -0.980845
-0.997840 -0.075222
-1.153940 -1.785571
-0.975054 -0.501948
-1.283401 -1.538153
-0.672173 -1.450493
-0.936962 -1.436672
-1.326375 -1.428340
-0.558723 -1.011341
-0.966317 -0.965114
-1.007940 -2.290354
-0.710584 -0.553001
-0.678109 -0.828610
-1.094786 0.101627
-1.130214 -1.302876
-1.198410 -0.784713
-0.975298 -2.394687
-1.038211 -0.038767
-1.538810 -2.345620
-1.087312 -0.603643
-0.596143 -0.676255
-0.898811 -1.420517
-0.832829 -0.543246
-1.309964 -0.282872
-0.544568 -0.168609
-0.947276 -0.672595
-1.224619 -2.599707
-0.680694 -1.397077
-1.187623 -0.735374
-1.100276 -1.229750
-0.877185 -1.316218
-0.579627 -1.413797
-1.180907 -1.376693
-1.141373 -2.250336
-1.270118 -0.498106
-1.234468 -2.066334
-0.585355 -0.724141
-1.342864 -2.108941
-1.099380 -1.507337
-0.549230 -0.845511
-1.333126 -1.451022
-0.904845 -1.125888
-1.091725 -0.726889
-1.634665 -1.799653
-1.210090 -1.003075
-1.011189 -1.177493
-1.295832 -1.586842
-1.552366 -2.067767
-1.105773 -2.521369
-0.639530 -0.729440
-1.183599 -0.359013
-0.788913 0.034301
-0.655140 -1.425214
-0.501673 -0.346804
-0.371678 -0.625776
-1.078604 -0.473248
-0.403174 -0.501513
-1.157020 -2.680267
-1.022314 -0.445267
-0.746591 -1.400305
-0.899024 -1.550251
-1.506807 -1.570873
-1.432590 -2.306142
-1.353908 -1.692966
-0.523403 -1.421402
-0.370636 -0.280896
-0.885513 -0.483854
-0.821469 -0.369135
-1.323757 -1.695705
-0.757205 -1.207911
-0.859189 -0.217206
-0.508785 -0.389495
-1.257234 -1.761151
-1.525549 -1.800415
-0.680644 -1.711987
-1.355364 -0.746945
-0.879151 -0.092318
-1.391376 -2.534822
-1.167217 -1.685280
-1.081303 -1.898327
-1.067396 -0.636994
-1.047794 -0.700121
-0.712217 -0.303153
-1.270559 -2.108249
-0.866087 -1.656533
-0.919710 -1.772196
-0.438338 -1.169848
-1.566854 -2.320416
-1.698397 -2.353975
-1.427587 -2.130274
-0.878184 -2.014868
-1.282538 -0.417752
-0.613311 -1.475619
-1.172813 -1.623732
-1.058213 -1.519743
-1.294783 -1.734368
-1.343962 -1.025484
-1.509556 -1.676768
-1.303351 -1.510477
-1.425191 -0.743152
-0.401716 -0.688223
-0.457894 -0.711312
-1.275228 -0.714630
-1.243774 -1.297310
-1.322866 -2.454587
-0.384548 -1.245825
-1.321700 -0.506201
-0.537603 -1.764948
-0.597876 -0.648678
-1.059687 -0.844566
-0.596362 -1.614579
-0.938173 -0.945967
-1.303135 -0.501251
-1.202519 -2.738307
-1.502310 -2.917301
-1.287953 -1.194187
-1.356887 -2.385341
-1.253416 -0.472517
-1.086543 -0.270222
-1.477432 -1.036789
-0.607223 -1.559923
-0.415755 -0.840965
-1.194918 -0.268758
-1.308271 -0.978244
-1.066331 -0.600300
-1.227196 -0.304354
-0.603605 -1.289353
-1.036492 -1.539898
-1.519256 -1.345643
-0.919272 -0.841847
-0.880226 -0.508907
-0.788936 -0.575276
-0.765833 -1.287787
-0.691695 -1.883728
-0.584001 -0.260012
-0.775143 -0.330970
-0.724528 -0.165910
-1.384636 -1.623213
-1.348513 -1.672786
-1.016799 -0.492693
-1.189950 -1.539326
-1.077360 -2.359200
-0.569397 -1.655897
-1.302187 -1.533826
-1.074522 -1.745293
-1.049224 -0.291613
-0.872411 -1.320193
-0.804979 -0.112503
-1.200899 -1.947690
-0.946127 -2.077036
-1.267061 -2.152582
-0.877319 -0.709138
-0.840593 -0.578684
-1.192482 -0.581130
-0.631068 -1.023601
-0.969257 -1.254604
-0.884904 -1.484163
-0.600590 -1.359242
-1.536069 -2.722312
-1.519845 -1.128750
-0.807537 -0.333939
-1.087212 -1.307917
-0.558012 -0.104133
-0.664659 -0.714137
-1.045598 -0.494721
-1.002839 -1.459164
-0.643849 -1.221644
-1.351171 -1.248960
-1.279871 -0.732015
-1.404247 -0.577746
-1.116867 -0.366470
-0.481529 -0.827487
-0.993240 -2.519693
-0.960714 -0.180465
-1.175797 -1.956913
-0.983918 -0.764210
-1.290861 -0.879851
-1.324732 -1.191250
-1.538208 -1.872759
-0.545648 -0.947394
-0.927033 -2.289719
-1.033940 -1.798559
-1.514199 -2.068253
-1.158284 -2.013362
-1.115201 -2.361608
-0.652895 -0.232647
-1.587568 -1.644595
-0.997600 -0.636293
-0.889962 -0.570983
-0.464738 -0.915807
-1.439354 -0.938769
-1.081174 -0.925023
-0.796456 -0.073372
-0.805242 -1.551181
-1.023773 -0.570230
-1.318825 -1.298743
-0.745568 -1.764544
-1.082773 -2.160332
-0.553944 -1.328960
-0.722053 -0.662123
-1.029478 -2.477389
-1.105726 -2.013593
-1.336696 -0.493469
-0.923322 -0.224914
-0.968941 -1.304495
-0.775304 -1.427951
-1.478370 -1.639878
-1.543177 -1.674122
-0.623269 -1.533249
-0.958258 -1.339622
-1.249759 -1.100813
-1.271483 -0.830755
-0.531004 -0.440031
-1.611928 -1.378368
-1.122792 -0.740551
-0.948809 -1.685166
-1.180948 -2.506131
-1.845389 -2.106087
-1.161966 -1.049515
-0.604268 -1.559094
-1.029810 -0.905692
-1.161223 -1.601145
-0.643689 -0.577871
-1.164521 -2.182342
-0.879948 -1.614162
-1.501973 -1.568746
-1.145131 -1.964800
-1.057954 -2.399061
-1.053774 -0.611322
-1.405066 -0.976631
-1.576361 -1.650743
-1.140615 -2.116882
-0.694699 -1.506006
-0.953550 -0.689755
-1.283599 -1.096422
-0.593576 -0.615738
-1.273037 -0.323328
-1.036127 -1.214689
-0.638419 -0.385157
-0.870807 -0.457849
-0.846392 -1.208909
-0.334357 -0.964522
-1.025320 -0.760414
-0.481671 -1.298336
-0.885409 -2.320257
-1.332382 -0.671155
-1.278711 -0.493656
-1.369676 -1.641929
-1.090990 -2.551570
-1.341147 -1.906622
-1.219347 -1.592183
-0.862920 -0.397199
-0.469212 -0.833790
-1.330408 -0.775081
-0.780596 -1.958006
-1.095356 -1.117290
-1.190399 -2.303784
-1.287248 -2.592331
-1.442065 -0.653713
-0.792640 -1.717881
-1.052340 -1.171809
-0.813706 -1.397423
-0.764296 -0.464683
-1.169059 -1.739281
-0.808005 -0.363555
-0.875121 -2.367336
-1.057780 -1.988344
-0.767971 -1.173700
-1.417796 -2.137857
-1.095035 -2.188704
-0.772061 -0.877938
-1.148652 -0.306190
-1.008085 -2.221498
-1.115280 -0.294919
-0.593698 -1.027139
-1.178381 -2.161405
-0.969272 -0.263174
-0.825882 -1.851775
-1.276623 -2.042193
-0.416077 -0.545719
-1.051229 -0.910977
-1.102913 -1.332780
-0.586864 -0.229837
-0.679120 -0.924024
-1.338420 -2.547895
-1.220400 -1.191277
-1.165681 -0.899989
-0.860881 -0.518036
-1.232999 -1.838816
-0.643843 -0.774569
-1.095757 -0.539925
-0.488703 -0.699242
-1.375337 -1.231950
-1.320080 -1.059988
-0.859120 -0.342651
-0.928770 -1.409569
-0.831433 -1.264077
-1.025117 -1.709445
-1.176643 -1.888961
-0.689381 -1.100639
-0.793630 -0.860622
-1.384755 -2.080338
-1.264202 -0.709662
-0.525255 -1.287846
-1.298752 -1.571554
-0.704012 -1.112328
-1.359235 -1.304838
-1.166598 -0.238560
-0.917038 -2.208892
-0.694919 -1.550067
-0.789986 -0.668254
-1.007874 -0.655439
-0.448173 -0.617966
-1.080222 -0.874685
-1.051319 -1.630617
-0.991948 -0.132930
-1.100862 -2.603180
-1.392919 -0.905285
-1.399071 -2.101115
-1.300481 -1.023697
-1.372691 -1.954053
-1.500265 -2.024706
-1.159338 -0.897433
-1.047631 -1.705884
-0.553965 -0.438338
-1.021616 -0.773392
-0.707518 -0.406539
-1.100563 -1.561405
-0.709695 -0.400978
-1.158655 -0.814239
-1.098165 -2.625684
-0.874467 -0.759101
-0.680680 -0.530601
-1.266937 -2.213902
-1.099132 -2.021767
-0.438871 -0.402689
-1.187522 -1.012215
-0.983465 -0.764465
-1.470034 -2.269158
-0.520887 -0.858096
-0.847118 -1.067354
-0.502666 -1.758032
-1.092738 -0.990047
-0.770945 -0.828742
-1.126265 -0.647012
-0.829399 -0.704972
-0.702079 -0.981900
-0.415035 -1.008415
-1.297427 -2.113709
-1.117893 -1.719519
-0.654945 -1.858138
-0.832815 -1.789111
-1.282602 -1.059782
-1.073906 -1.939126
-0.945439 -0.563699
-1.380749 -0.996017
-0.760273 -0.596486
-1.107061 -1.293604
-0.454900 -0.390144
-1.390780 -1.167876
-0.518640 -0.260003
-1.574868 -1.359622
-0.732089 -2.163351
-0.538159 -0.555424
-0.400069 -1.356662
-0.966098 -1.125806
-1.386121 -1.788760
-0.873414 -1.393673
-0.728688 -0.575877
-1.171689 -0.664683
-0.870732 -0.028891
-0.679373 -0.373144
-1.332595 -0.769281
-0.560407 -0.768406
-1.317089 -1.239909
-0.637867 -0.898475
-1.139714 -1.959314
-0.436626 -0.922335
-1.415802 -2.039455
-0.896252 -2.083773
-1.302079 -2.201285
-0.333295 -0.640816
-1.016660 0.228048
-1.427610 -1.552239
-1.415056 -1.139931
-1.626121 -1.272560
-1.478987 -2.536081
-1.415679 -2.341999
-0.947827 -1.554155
-1.020059 -1.475932
-0.767909 -1.848887
-0.943169 -2.420495
-1.158057 -1.587008
-1.151734 -1.358482
-1.013653 -2.005612
-0.425418 -0.760891
-1.260532 -0.718821
-0.851707 -2.047121
-1.718640 -1.994987
-0.900473 -0.716208
-1.045692 -0.456126
-1.099347 -0.256121
-0.899378 -2.273535
-0.838127 -0.915452
-1.254244 -0.763872
-0.781380 -0.373149
-1.166542 -1.106214
-0.835148 -0.198520
-1.041139 -0.495408
-1.117973 -1.245566
-0.782224 -0.429186
-1.130842 -2.489625
-1.528541 -1.468925
-0.591450 -1.283497
-0.499316 -0.661536
-0.948501 -0.595358
-0.846382 -0.617726
-1.155498 -0.050434
-0.601570 -1.132797
-1.230005 -2.704577
-1.044214 -0.576159
-1.088033 -1.591815
-1.289537 -1.309380
-0.814097 -0.268722
-1.049510 -0.535611
-0.980198 -1.205514
-0.599956 -0.775906
-1.042171 -0.563138
-0.545125 -0.630768
-1.603012 -1.815498
-0.597673 -1.285769
-0.546954 -1.185109
-0.887051 -0.828860
-1.154697 -2.677684
-1.646796 -2.185761
-1.392219 -2.210450
-1.174744 -0.714057
-1.475762 -2.250146
-1.450977 -2.167673
-1.456421 -1.215705
-1.566056 -2.184703
-0.749416 -0.340513
-0.581679 -1.130979
-1.130092 -2.030802
-0.988065 0.025701
-0.982527 -2.406853
-0.991771 -1.750878
-0.410420 -0.830245
-1.011713 -1.377119
-0.997693 -0.404190
-1.168545 -1.578719
-0.552002 -0.305082
-1.496561 -2.449204
-0.629647 -1.704383
-1.479698 -2.414879
-1.188176 -0.199855
-1.109528 -0.456741
-0.989732 -0.111222
-0.956157 -2.426303
-0.812931 -0.094279
-0.997577 -0.303036
-1.034073 -1.647761
-1.154454 -0.462659
-0.992550 -0.240495
-1.531226 -1.761197
-0.968278 -0.761670
-0.861824 -0.745686
-0.888416 -1.364817
-0.984740 -1.222054
-0.591112 -0.421091
-1.233771 -2.597858
-0.648867 -0.255180
-1.049001 -2.362987
-0.667305 -1.138931
-0.543508 -1.134215
-0.415346 -0.830090
-1.154687 -2.114399
-0.985711 -2.453442
-0.916485 -1.988457
-1.412377 -2.210539
-0.998443 -0.101456
-0.821272 -0.676818
-0.895690 -1.167314
-0.947278 -1.337057
-1.074080 -0.636106
-0.376247 -0.917227
-1.460365 -2.446742
-1.019456 -0.155281
-0.672881 -0.697504
-1.490050 -1.243377
-0.797855 -0.726297
-0.782834 -1.672304
-0.896094 -0.332115
-0.685243 -1.381138
-0.661283 -0.632641
-0.830701 -1.693300
-1.020215 -0.515285
-1.173568 -2.569487
-1.240329 -2.296323
-0.560715 -1.001230
-1.071393 -2.209957
-1.006699 -1.207846
-1.568102 -2.426920
-1.232949 -1.466196
-0.865183 -0.282471
-0.677879 -1.647961
-1.510510 -2.529575
-0.729985 -2.038258
-1.208364 -0.736698
-0.458894 -0.550613
-0.416904 -1.029401
-0.796666 -1.731683
-0.576825 -0.626712
-1.160981 -1.565346
-0.758891 -1.696836
-1.196739 -0.683645
-0.543107 -0.475329
-0.869041 -1.604214
-1.066563 -2.081805
-0.613767 -1.286114
-1.193296 -0.517095
-1.584703 -1.048506
-1.285788 -2.733768
-1.101881 -0.449386
-1.119325 -0.583002
-1.171318 -0.492150
-1.432888 -1.157401
-0.714703 -1.156574
-0.885368 -0.763204
-1.336031 -2.590690
-1.443787 -2.163389
-0.512935 -1.239310
-0.779482 -1.866106
-1.480937 -1.872301
-0.618766 -1.167422
-1.454738 -1.724826
-1.389980 -2.592433
-1.427416 -2.136636
-1.129285 -2.419574
-0.840921 -1.118371
-1.006730 -1.617235
-1.070640 -1.819186
-1.374663 -1.071959
-0.742997 -0.496833
-0.623915 -0.303906
-1.310071 -2.172568
-0.797851 -0.824707
-0.643274 -0.459097
-0.731805 -0.347611
-0.422920 -0.545847
-1.066578 -0.512762
-1.111497 -0.327433
-1.014387 -1.477300
-1.372151 -1.617324
-1.108787 -2.583063
-1.044281 -0.377623
-0.782282 -0.981055
-1.126123 -2.113923
-0.801207 -1.473242
-1.337299 -0.601131
-1.089118 -0.878529
-1.132795 -1.377770
-0.727746 -0.713510
-1.427038 -2.128069
-1.245426 -1.112927
-1.163549 -2.305608
-1.056821 -1.961582
-0.522045 -0.676798
-1.375301 -1.512331
-0.809411 -1.733796
-1.028308 -2.305833
-0.983896 -2.382813
-0.864560 -1.936934
-0.695617 -1.743804
-0.455883 -0.483653
-1.093447 -2.615166
-1.131970 -0.863794
-0.992466 -1.016679
-0.695755 -0.879567
-0.700383 -1.099373
-0.437945 -0.549145
-0.591156 -0.585453
-0.727044 -1.835853
-0.530801 -1.117043
-1.363864 -2.043713
-1.280294 -0.610722
-1.255142 -2.529732
-0.977798 -0.643351
-0.964095 -1.199419
-0.901968 -1.769316
-0.745380 -1.778445
-1.496886 -1.420091
-0.520226 -1.254081
-1.619702 -2.015417
-0.994177 -2.385287
-0.546552 -0.581870
-0.891205 -2.498812
-1.576295 -1.296563
-1.144933 -0.341227
-0.934863 -0.513166
-0.899382 -0.746318
-1.412770 -2.040167
-0.479261 -0.442992
-0.674778 -1.667714
-0.638399 -0.922328
-0.535807 -0.925830
-1.185521 -2.236615
-1.237933 -0.654022
-0.611095 -1.397464
-0.830151 -2.129612
-1.471945 -1.676911
-0.591453 -0.932931
-0.883139 -2.066031
-1.109011 -2.657260
-1.204544 -2.081133
-1.202227 -0.223885
-1.131836 -1.082754
-0.537274 -0.344234
-0.881176 -0.976402
-0.588300 -1.002223
-1.123245 -1.239227
-0.450993 -1.198809
-0.551253 -0.910859
-1.245577 -2.583354
-1.035682 -2.282583
-0.831974 -0.565203
-1.224825 -1.161490
-1.163716 -0.199233
-1.093484 -2.241917
-0.972613 -0.187422
-1.330653 -1.021618
-0.682151 -0.752381
-1.188968 -2.597510
-1.293774 -1.235472
-1.185100 -1.124437
-0.767639 -2.107785
-0.944321 -1.785751
-1.350092 -1.283978
-0.529753 -1.420456
-1.430658 -0.741672
-0.492511 -1.512292
-0.997457 -0.596637
-1.537399 -1.216766
-0.494018 -1.007622
-0.544917 -0.271500
-0.833087 -0.214577
-0.596689 -1.020486
-0.514712 -0.330465
-0.915387 -0.311198
-0.964007 -0.602750
-1.524002 -1.583578
-0.654979 -0.269932
-0.404135 -0.638965
-1.501496 -1.788084
-1.040860 -2.088499
-1.155244 -2.556123
-1.136916 -1.494077
-0.923574 -1.814644
-1.612527 -2.039370
-1.406285 -1.417389
-1.271223 -0.650094
-0.838011 -1.362591
-0.907956 -0.369302
-0.927065 -0.619271
-0.453348 -1.311461
-1.077442 -0.286587
-1.077052 -0.839164
-1.175053 -1.243324
-0.890024 -1.141726
-0.568511 -1.462889
-0.567730 -1.308999
-1.152403 -1.282647
-1.177102 -2.463353
-0.654188 -1.367892
-1.315076 -0.993355
-0.757579 -1.627501
-0.699061 -0.608829
-0.732107 -0.652948
-0.618703 -0.664202
-0.833581 -0.871350
-1.423902 -2.704871
-0.858709 -1.464665
-0.780433 -1.655948
-0.999357 -1.282858
-0.764446 -1.860229
-1.042402 -0.804691
-0.706886 -0.192502
-0.697564 -1.622418
-0.799247 -0.722362
-0.841603 -0.537143
-0.464220 -0.839691
-1.241803 -1.742259
-0.895033 -1.093150
-0.922711 -2.225244
-1.039609 -1.172582
-0.785210 -0.645864
-0.633222 -0.172989
-1.400975 -1.022931
-0.422212 -0.783403
-0.620250 -0.217346
-1.191629 -0.695588
-1.258675 -0.983794
-0.542944 -1.219453
-0.593761 -0.606704
-0.914655 -0.767906
-1.037890 -2.150390
-0.444576 -1.050469
-1.177890 -0.424153
-0.723249 -1.814756
-0.914186 -0.117904
-0.748036 -0.896482
-0.792306 -1.845010
-0.833043 -0.327921
-1.162281 -2.525668
-1.065891 -2.151280
-1.328216 -1.574318
-0.934249 -0.876884
-0.900074 -2.233869
-0.764947 -0.664389
-0.973839 -2.196641
-0.472158 -0.926832
-0.825921 -1.510821
-1.332319 -2.662040
-1.335007 -0.999351
-1.245369 -2.151327
-1.228035 -2.526022
-0.835169 -1.700041
-0.992969 -1.877038
-0.767005 -2.049660
-0.818120 -0.879813
-1.003438 -1.490117
-1.347672 -1.160642
-0.802306 -1.533462
-0.727887 -1.875416
-0.614986 -1.482098
-1.275921 -1.404662
-0.894390 -1.995665
-1.387036 -1.083367
-1.118404 -0.303814
-1.178240 -1.648514
-1.487562 -1.165345
-0.742582 -0.290037
-1.317689 -1.067989
-1.138180 -0.627340
-1.368660 -2.557463
-0.792263 -1.568530
-0.798389 -1.432606
-1.196742 -1.918035
-1.019700 -1.994604
-0.955055 -1.038117
-1.566641 -2.310510
-1.479968 -1.659803
-1.073797 -0.882391
-1.251312 -0.518854
-0.401878 -0.499027
-1.165243 -0.377914
-1.154955 -1.034508
-1.130028 -0.670614
-1.370404 -1.673472
-0.774414 -1.748551
-0.651164 -1.551853
-0.806817 -0.612690
-0.713598 -0.464750
-1.540367 -2.111760
-1.222662 -1.760235
-1.585180 -1.520959
-1.446959 -2.420678
-1.603731 -1.724930
-1.578014 -1.125702
-0.873117 -2.278642
-1.096187 -0.531750
-0.554598 -0.184115
-0.522144 -1.261832
-0.558458 -0.452784
-1.574942 -1.555108
-0.469431 -0.645550
-0.921775 -1.678660
-0.442427 -0.710671
-1.417037 -2.341627
-1.430233 -1.806992
-0.563856 -1.244268
-0.783415 -1.302309
-1.509329 -1.185381
-0.338303 -0.831058
-1.071259 -0.355864
-0.857757 -0.240307
-0.620676 -0.291820
-0.614660 -0.663668
-0.849196 -1.123705
-1.366495 -1.237572
-0.598793 -0.691743
-1.348900 -2.526231
-1.388105 -2.197006
-1.010044 -0.348318
-1.273690 -2.263256
-0.983875 -1.822453
-0.603970 -1.521751
-0.977378 -0.172516
-0.769012 -0.635094
-0.588948 -1.147823
-1.172527 -1.749500
-1.336967 -2.669701
-0.941615 -0.364562
-0.506682 -0.961859
-0.902120 -1.586855
-1.360590 -0.897302
-1.343863 -1.511554
-0.477900 -1.292498
-1.243478 -1.857183
-1.210182 -1.384003
-1.292581 -0.685780
-1.081075 -0.685908
-0.529623 -0.877236
-0.552634 -0.772300
-0.650398 -1.531022
-1.294995 -0.602041
-0.495414 -0.651069
-0.550868 -0.280491
-0.524737 -0.504132
-0.467583 -1.286549
-1.053601 -1.165867
-1.012324 -0.102032
-0.508465 -1.599835
-0.462246 -0.304551
-0.673702 -2.022100
-0.687369 -1.939359
-0.962756 -1.410311
-1.000506 -2.571362
-0.842086 -0.738856
-1.094620 -1.274397
-1.390706 -2.426247
-0.939851 -0.187266
-1.225561 -2.577669
-1.157841 -1.719038
-0.551369 -0.221391
-0.921369 -0.191531
-0.715689 -0.036808
-0.857465 -0.233211
-0.431232 -1.066359
-0.878145 -1.113876
-1.458236 -0.901055
-0.649471 -0.392147
-1.511199 -2.585245
-1.224139 -1.234658
-0.560130 -0.592910
-0.701190 -1.501537
-1.122300 -1.081509
-1.039876 -1.345593
-0.632644 -0.173289
-1.168914 -0.552934
-0.712070 -0.642803
-1.193266 -1.274180
-0.965519 -0.406716
-0.909609 -0.774073
-1.200891 -2.015741
-0.683507 -1.190793
-0.591472 -0.401419
-0.734157 -0.477715
-0.517234 -1.169327
-0.884024 -1.756325
-1.068953 -1.928661
-0.484866 -0.493811
-1.311980 -0.434062
-1.223462 -2.073772
-0.712044 -1.693169
-0.859642 -1.213391
-0.759170 -1.351949
-1.080437 -0.287668
-0.955459 -2.346549
-0.972069 -0.328696
-1.220194 -0.771815
-1.034258 -1.957721
-1.311421 -1.390580
-1.190696 -1.482570
-1.595545 -1.933151
-1.504527 -2.452544
-1.328719 -0.934911
-0.965170 -0.485437
-1.310983 -2.111726
-0.696849 -1.717299
-1.200670 -2.121655
-0.938970 -0.006298
-1.179550 -0.472459
-1.641518 -1.995140
-1.148305 -2.250021
-1.019682 -0.480277
-0.802455 -0.308367
-1.330629 -1.458627
-0.694878 -0.779340
-1.314391 -1.382321
-1.503974 -2.073706
-1.431983 -2.345138
-1.475052 -2.025305
-0.931999 -1.402404
-1.151853 -1.047023
-0.645785 -1.553158
-1.166657 -0.804301
-1.064265 -0.513025
-1.055319 -1.632336
-1.148485 -1.770616
-0.762046 -0.732942
-0.969647 -0.911673
-1.518667 -1.436687
-0.584997 -0.261910
-0.892453 -1.994606
-0.848173 -1.503802
-1.179457 -1.083589
-1.451886 -0.990318
-1.479584 -1.967463
-0.479301 -0.811649
-1.109180 -0.523445
-0.722130 -1.347692
-1.495335 -1.458030
-1.653688 -2.898764
-0.682988 -1.684193
-1.462515 -2.074167
-0.713615 -0.133708
-1.259830 -1.628194
-1.058158 -1.287632
-1.227370 -0.733417
-0.334947 -0.839510
-1.283742 -2.338398
-1.210042 -1.537269
-1.413985 -1.638537
-1.204921 -1.335543
-1.086278 -0.520022
-0.511597 -0.934576
-1.189607 -0.491924
-0.982235 -2.039789
-0.742530 -0.480222
-1.174080 -0.961376
-1.528560 -2.724290
-1.056227 -0.806849
-1.327509 -0.826454
-1.127856 -0.610292
-0.648596 -1.763042
-1.095300 -0.902984
1.127848 0.784851
-1.390426 -0.938345
-1.475561 -2.114788
-0.663215 -1.320511
-0.667277 -0.892449
-0.410300 -0.540375
-0.787697 -0.169696
-1.429746 -2.011356
-0.957231 -1.792128
-0.506723 -0.249755
-1.429612 -1.045914
-1.346081 -0.704366
-1.261944 -1.367234
-0.889441 -1.516811
-1.621873 -1.728352
-1.178647 -2.038726
-0.957679 -1.157947
-1.249335 -2.459702
-1.224078 -0.836223
-1.416464 -2.164913
-1.162658 -1.623963
-0.675869 -0.273769
-0.609029 -1.202004
-0.668570 -0.786785
-1.230284 -2.227426
-0.749126 -1.260493
-0.930049 -0.770436
-0.714134 -1.314487
-1.067327 -2.255266
-0.483222 -1.106526
-1.382651 -1.717063
-0.705764 -1.263838
-1.205777 -1.874258
-0.929517 -0.247125
-1.037502 -0.135731
-1.433061 -1.373553
-0.880134 -1.852607
-1.053591 -1.701083
-1.320045 -0.919035
-1.166402 -1.035354
-0.931475 -0.672243
-0.594334 -0.500093
-1.118303 -1.756423
-0.907148 -0.134777
-0.613765 -1.037724
-1.106286 -0.413058
-1.335300 -1.731569
-1.401991 -2.120476
-1.052188 -2.436219
-0.391806 -1.103308
-0.840437 -1.078708
-1.518887 -2.117893
-0.716282 -0.950095
-0.530730 -1.795137
-0.758550 -1.305628
-1.305215 -2.268265
-0.696116 -0.799641
-0.991885 -2.019950
-1.159389 -2.032327
-1.058655 -2.625714
-0.661452 -1.244564
-1.438095 -2.089119
-0.841796 -1.242477
-0.659380 -0.535106
-0.593769 -0.472669
-1.298985 -1.435953
-1.192679 -2.671235
-0.850746 -1.336243
-1.460418 -0.950230
-0.506356 -1.471805
-0.931043 -1.063674
-0.850068 -0.834454
-0.455867 -1.170094
-0.948863 -0.452651
-0.928504 -0.127747
-1.403405 -1.277478
-1.479040 -1.375829
-0.995852 -0.721558
-1.193365 -1.302512
-1.144683 -0.676563
-1.478798 -1.529615
-1.245731 -1.369381
-1.449454 -1.506926
-0.404710 -0.221402
-1.422259 -0.841519
-0.527320 -1.256994
-0.826539 -0.582672
-0.773420 -0.714470
-1.576364 -2.255072
-1.247857 -0.645757
-1.336306 -1.347881
-1.334084 -1.665122
-1.242638 -1.171603
-1.133169 -1.764992
-0.664727 -0.243257
-0.845565 -1.021168
-0.548864 -1.470195
-1.052080 -2.028545
-0.637222 -1.573089
-0.533983 -1.217593
-1.215129 -0.733149
-1.178393 -0.836686
-1.232587 -1.251300
-0.619160 -1.122087
-0.739987 -1.753221
-1.217662 -0.399947
-0.453334 -0.917619
-1.432458 -2.179689
-1.091858 -0.313431
-1.055721 -1.343853
-0.901686 -1.540480
-0.929754 -0.040296
-1.292144 -0.611368
-0.995185 -0.462130
-1.248627 -0.603471
-1.195645 -2.445016
-0.789861 -0.746359
-1.044783 -0.253589
-0.551765 -1.221535
-0.476833 -0.565433
-0.827591 -2.343574
-0.605363 -1.762800
-1.273127 -2.706744
-0.673042 -0.843183
-1.412020 -0.856038
-0.820146 -2.091247
-1.099083 -0.158634
-0.933319 -1.890265
-0.918564 -0.672778
-1.026658 -2.438506
-1.029147 -2.169219
-1.076731 -1.897661
-0.544351 -0.151932
-1.237519 -0.498078
-1.119252 -0.061696
-1.544392 -1.159092
-1.188066 -2.364821
-0.715176 -0.535094
-0.526945 -0.498340
-1.270282 -1.305257
-1.225030 -1.315761
-0.829480 -0.223271
-0.944247 -0.389836
-0.836127 -0.748874
-1.636313 -1.368938
-0.760172 -1.158325
-1.008633 -2.047859
-0.843018 -0.420121
-1.000163 -0.582740
-1.534808 -1.931456
-1.389322 -1.122086
-1.511965 -2.303835
-0.835392 -0.716507
-1.261293 -0.978431
-0.799300 -0.228386
-0.994863 -0.436213
-0.951331 -2.226714
-0.816807 -1.074549
-1.200277 -1.171018
-0.697879 -0.490400
-0.878768 -0.377645
-0.871885 -0.370485
-1.599392 -2.129015
-1.261200 -2.026397
-1.133498 -2.076092
-1.494383 -1.812986
-1.196454 -2.687895
-0.836990 -0.709933
-0.877996 -0.432148
-0.888685 -1.003974
-1.087620 -2.388722
-0.723172 -0.405571
-0.900360 -1.655684
-1.527310 -1.876784
-0.814501 -1.503806
-1.053475 -0.332473
-0.739098 -1.761196
-1.194276 -0.518765
-0.748442 -0.246495
-0.399844 -0.589666
-1.277908 -1.774981
-1.083195 -2.001281
-1.171465 -2.425869
-1.136628 -0.667370
-1.246261 -2.666359
-1.619104 -1.391091
-1.255831 -0.913144
-0.646942 -1.029611
-0.821342 -0.267155
-0.604395 -1.292665
-1.143175 -0.272018
-0.617041 -0.678897
-1.319950 -2.056871
-0.815978 -1.443351
-1.334190 -0.748047
-0.487691 -0.176614
-0.623140 -1.158752
-1.444132 -0.883826
-1.012030 -0.973325
-0.625760 -1.748041
-1.396365 -0.996313
-0.947674 -1.252501
-1.369153 -1.949379
-0.530688 -0.488931
-0.219489 0.034952
-1.077531 -0.672228
-1.329885 -1.837033
-0.858092 -0.016958
-0.884933 -2.261267
-1.374695 -2.499322
-1.198242 -1.976497
-0.846777 -1.127729
-1.038844 -2.789378
-0.953581 -0.398638
-0.696702 -0.953592
-1.132520 -2.410100
-1.064884 -1.181855
-1.508816 -1.051084
-1.469408 -1.358024
-0.668811 -0.303765
-0.712568 -1.003396
-1.352284 -1.210963
-0.608130 -0.312312
-0.500533 -0.817345
-1.309146 -2.578401
-1.411177 -2.144361
-1.013843 -0.477373
-1.341315 -1.568476
-0.943069 -1.306655
-1.239210 -0.623034
-1.619672 -1.392259
-0.678378 -0.719521
-1.295927 -0.510947
-0.943510 -0.969077
-1.492234 -1.035516
-1.145268 -1.161267
-1.051019 -2.148988
-0.534068 -0.711587
-1.313180 -2.659487
-1.394821 -2.456982
-1.005756 -2.614591
-1.377184 -2.775805
-0.812114 -1.942977
-1.057938 -0.200424
-1.498454 -1.723152
-0.774558 -0.373125
-1.175001 -2.624953
-1.041599 -0.513354
-0.999176 -1.157231
-1.333677 -0.814945
-1.620409 -1.436556
-0.637107 -1.074666
-1.193444 -2.259019
-1.340249 -2.428157
-0.652579 -1.322060
-1.520073 -1.209168
-1.202636 -2.085180
-0.360789 -0.338566
-0.958311 -0.216730
-0.423769 -0.671128
-1.488647 -1.557070
-0.620304 -1.021239
-0.451200 -1.305871
-1.037081 -2.114221
-0.998806 -0.175753
-1.066189 -0.267994
-1.006072 -0.443146
-1.330968 -2.531036
-1.126279 -0.534264
-1.310355 -0.725155
-1.334240 -2.232668
-1.075611 -0.410514
-1.095847 -0.303317
-1.464812 -2.611625
-1.096715 -0.635668
-0.718610 -1.854933
-0.546622 -0.555115
-0.631719 -1.510777
-0.833131 -0.872561
-0.616571 -1.399798
-1.364458 -1.532887
-1.242154 -0.678252
-0.801845 -0.973428
-1.119846 -1.691133
-0.890296 -0.672848
-1.158341 -1.614568
-1.194130 -1.164842
-0.647542 -0.157047
-0.513509 -1.138867
-1.212958 -1.880764
-1.150226 -1.466308
-0.583884 -1.660139
-1.022179 -1.181706
-1.228213 -2.307611
-1.218565 -2.557118
-0.963516 -0.594909
-0.887709 -0.451093
-0.997428 -2.226882
-1.181623 -2.417490
-1.189938 -1.240750
-1.457835 -1.065348
-1.332015 -0.322047
-1.202549 -0.895789
-0.646290 -0.571563
-0.830255 -1.538779
-1.142925 -2.363168
-0.928873 -1.666414
-0.636611 -0.588478
-1.321192 -2.699380
-1.060537 -1.929295
-1.206130 -2.592397
-1.144942 -2.301183
-0.960932 -2.404258
-0.940124 -1.717254
-1.454355 -1.431486
-0.817862 -1.623628
-0.414568 -0.675247
-1.149881 -0.282791
-0.933815 -2.359438
-0.515813 -0.432074
-0.519030 -1.387670
-0.734135 -1.139534
-0.844188 -1.599715
-0.698251 -1.377470
-1.439964 -2.718871
-1.263921 -0.885063
-0.859066 -0.414710
-1.407126 -2.439765
-0.624511 -1.082620
-0.988421 -1.778707
-0.448310 -0.432736
-0.878547 -0.646479
-0.727514 -0.727716
-0.592737 -1.712560
-0.913861 -0.066040
-1.215139 -1.282748
-0.675531 -1.141350
-1.450644 -2.074469
-0.966933 -0.344389
-0.879414 -0.619840
-0.581603 -1.526384
-1.413981 -2.093679
-0.513622 -0.460074
-0.948836 -0.392623
-0.646900 -1.270060
-1.172605 -0.340854
-1.548743 -1.865655
-0.921369 -1.885062
-0.973229 -2.330256
-0.533006 -0.551738
-1.484160 -1.704870
-1.225579 -2.374092
-1.056894 -0.824475
-1.667376 -1.832485
-1.042521 -0.324256
-1.217663 -2.141996
-1.268170 -1.219467
-0.737728 -1.488684
-0.997737 -1.151053
-1.159849 -2.265303
-1.107515 -2.382727
-1.078646 -1.895758
-1.312420 -1.508685
-0.815243 -0.960456
-0.769951 -0.979927
-0.933439 -0.387019
-0.477517 -0.398394
-0.821014 -1.187596
-0.694916 -1.508680
-0.869908 -0.743628
-1.298717 -1.179146
-0.594326 -1.189501
-1.056691 -0.740950
-1.052609 -0.292159
-1.376193 -1.090571
-1.033226 -1.029263
-0.580296 -1.264495
-1.359142 -1.097634
-0.754295 -0.994149
-1.164026 -2.250230
-1.605953 -2.156942
-1.314987 -0.381732
-0.647067 -1.755246
-0.797026 -1.900228
-1.646859 -2.321885
-0.822287 -0.172885
-0.634547 -1.480405
-0.690446 -1.799332
-1.433717 -1.516680
-0.890564 -0.453967
-1.283422 -1.410884
-1.491419 -1.278044
-1.128927 -0.292295
-0.944564 -1.243501
-1.194829 -0.274772
-1.061871 -1.747108
-1.054044 -2.529145
-1.399907 -1.141808
-1.110276 -1.863476
-0.901138 -0.263882
-1.042242 -2.132207
-0.416808 -1.003351
-0.563387 -0.515509
-1.435208 -1.583873
-0.564495 -0.811036
-1.245484 -1.183616
-0.892133 -0.568971
-1.103037 -0.445164
-1.221099 -1.417402
-0.653190 -1.239028
-1.112672 -1.951090
-1.473716 -1.479823
-1.687928 -1.830675
-0.723543 -0.739406
-1.019300 -2.247639
-0.976995 -1.346920
-0.663239 -0.477402
-0.628240 -1.393708
-0.916854 -0.259461
-1.056896 -1.110955
-1.382543 -1.371470
-1.017382 -2.282869
-0.492046 -0.809651
-0.369374 -1.110663
-0.399478 -0.694690
-0.686659 -1.491515
-0.958605 -0.838054
-0.656069 -0.434990
-0.997805 -2.196986
-0.980797 -1.057204
-0.997861 -2.171061
-1.453917 -0.918822
-1.303756 -0.404219
-0.693609 -0.998528
-1.026498 -1.000445
-1.113768 -2.545144
-0.374386 -1.296658
-1.490640 -1.849130
-1.102710 -1.332796
-0.717858 -0.341477
-0.913449 -0.266702
-1.174438 -0.984772
-1.529204 -1.238982
-0.827231 -1.135473
-1.407971 -2.193640
-0.713989 -1.500393
-1.079673 -1.658429
-1.592616 -1.837475
-0.983214 -0.719463
-0.795819 -1.916663
-1.296463 -1.721502
-1.284251 -0.632546
-0.677358 -0.419056
-1.197388 -2.511610
-1.641151 -1.966247
-1.454326 -2.183582
-0.705090 -0.826108
-0.383819 -0.791042
-1.151072 -1.978877
-0.559316 -0.658759
-1.138097 -0.326405
-0.994626 -1.597391
-1.067982 -1.109521
-1.019292 -0.820644
-0.996012 -0.117069
-0.878631 -1.302293
-0.846257 -0.362360
-0.880901 -1.681372
-0.962517 -1.281190
-0.711600 -0.281963
-0.694187 -0.341430
-1.087553 -1.191838
-0.861752 -0.263409
-0.581333 -1.245496
-0.985176 -1.526489
-1.220747 -1.720802
-1.260202 -1.890852
-1.240057 -1.480090
-0.351096 -0.483216
-1.371465 -1.652764
-0.403905 -0.535480
-1.634276 -2.254560
-0.743914 -1.572481
-1.421733 -1.319901
-1.107881 -0.539092
-1.246188 -1.541848
-0.861376 -0.437209
-1.261370 -2.743293
-1.001271 -1.792704
-0.632072 -0.635586
-0.853480 -0.208181
-0.870430 -0.247626
-0.963368 -0.633113
-0.797975 -1.667930
-1.129088 -1.928232
-0.813369 -1.046926
-1.058155 -0.159776
-1.037002 -1.802963
-1.370853 -2.572622
-1.466998 -1.032161
-1.164380 -0.624671
-0.858741 -1.500841
-1.157346 -0.484321
-0.726873 -1.308159
-0.959044 -0.136278
-0.960166 -0.435039
-0.835568 -0.393168
-1.378458 -0.918324
-0.931354 -0.457002
-0.776129 -0.190517
-0.847363 -2.171846
-1.402114 -1.117834
-1.113741 -0.682213
-0.951272 -2.002737
-1.009671 -0.917743
-1.299644 -1.035738
-0.689451 -0.066081
-1.475183 -1.395554
-1.369386 -2.451952
-0.941643 -0.130988
-0.701764 -1.123601
-1.374428 -2.325413
-0.624423 -1.074251
-0.786352 -2.227323
-1.321285 -0.603186
-0.390682 -0.846301
-1.416126 -1.074041
-0.932349 -1.394148
-1.046765 -0.371320
-1.011950 -0.412325
-1.069378 -1.055645
-1.475253 -1.755074
-1.527185 -1.670492
-1.119064 -1.114175
-0.556620 -1.279024
-0.401740 -0.459066
-1.354531 -2.497975
-0.633798 -0.291570
-0.984364 -2.141823
-0.673599 -1.222588
-0.876643 -1.886718
-1.255379 -0.826714
-0.823784 -0.480841
-1.052098 -1.616356
-1.231867 -1.382647
-1.204553 -2.357335
-1.186997 -1.646986
-0.626418 -0.337956
-1.641884 -1.959093
-1.452364 -2.768350
-0.991776 -1.573415
-1.073450 -1.965891
-0.728548 -0.383506
-1.412628 -1.860267
-0.667742 -0.966438
-0.832057 -0.967032
-0.611037 -0.352257
-0.545505 -0.333170
-0.876009 -0.532828
-1.382819 -1.139077
-1.344639 -1.366854
-0.728362 -1.564497
-1.297739 -1.048453
-0.967004 -1.956612
-0.981062 -1.639048
-0.954091 -2.297833
-0.910614 -1.745778
-1.203393 -0.818152
-0.445924 -1.019854
-1.495232 -1.915049
-1.500692 -2.624716
-0.991864 -0.289094
-1.301219 -2.004991
-1.014706 -0.216385
-1.436940 -1.726576
-1.461640 -1.034401
-1.030205 -2.363467
-0.872402 -1.545568
-0.679710 -0.741161
-1.502806 -2.130476
-1.152990 -0.928191
-1.512720 -1.854582
-1.107091 -0.643831
-1.107282 -2.139400
-1.088043 -0.229583
-0.729645 -0.421852
-1.014665 -2.597623
-1.131231 -2.164886
-1.190253 -2.650154
-0.795473 -1.902680
-0.553735 -0.403364
-1.124967 -0.491134
-1.032792 -1.623528
-1.154577 -1.470858
-0.587016 -0.749842
-0.778825 -1.781261
-1.241915 -2.748948
-0.940294 -1.507908
-0.650467 -0.228232
-1.284133 -2.606263
-1.547574 -1.598243
-1.372776 -1.043218
-0.897023 -0.466226
-0.913232 -1.334646
-1.224850 -1.456525
-0.894995 -1.281553
-1.356393 -2.124442
-0.608623 -1.369085
-1.036007 -1.921058
-1.050960 -0.680876
-0.737176 -1.056805
-0.504418 -0.338231
-1.174253 -2.076045
-1.529677 -1.595253
-1.390030 -2.448420
-0.640626 -1.472880
-1.442439 -2.277072
-0.912089 -1.604865
-0.448851 -0.736977
-1.290460 -1.241256
-0.870581 -1.216386
-0.754780 -1.913183
-1.287368 -1.818979
-1.399374 -1.111085
-0.815371 -1.459399
-1.425618 -1.935579
-0.767484 -0.656903
-1.192786 -2.041454
-1.336052 -2.006656
-0.737965 -0.987551
-0.420911 -1.165057
-0.958269 -0.342504
-0.762591 -1.552162
-0.390064 -0.343985
-0.530140 -0.606376
-1.404389 -1.166335
-0.825506 -1.740857
-1.002750 -0.842938
-1.331810 -2.625224
-1.264832 -0.593968
-0.751493 -1.070974
-1.283197 -2.023587
-1.304231 -1.629982
-1.284901 -0.678524
-0.819868 -1.467547
-1.474558 -2.530224
-1.073997 -2.383776
-1.113322 -1.404371
-0.925897 -0.719292
-1.290342 -0.966321
-1.259350 -0.434504
-0.829501 -1.161125
-1.487738 -2.493429
-1.219223 -1.007310
-0.867405 -1.455440
-0.658236 -0.491875
-0.611675 -0.273043
-0.886608 -0.781769
-1.299237 -2.616117
-1.217532 -1.395666
-0.808661 -0.887246
-0.965053 -2.227806
-1.134626 -2.419806
-1.511115 -2.422490
-1.498874 -2.587549
-1.412066 -1.434888
-1.320249 -1.061730
-0.794677 -0.947289
-0.609474 -1.397175
-1.339683 -1.806932
-0.980237 -0.733726
-1.014851 -2.592557
-1.280907 -0.365019
-0.510031 -0.347895
-0.838091 -0.671439
-0.631933 -1.743484
-1.164932 -2.631522
-1.306700 -1.547519
-0.442745 -1.152718
-0.789157 -1.859902
-1.267455 -2.630996
-1.186208 -0.896575
-0.619571 -1.590296
-0.928680 -2.017387
-1.489502 -1.192875
-0.720336 -1.622619
-1.291620 -0.955910
-1.038377 -0.381311
-0.839619 -1.987556
-1.402674 -0.756013
-0.443243 -0.676930
-0.886099 -0.714026
-1.368669 -1.397112
-1.053782 -1.193663
-1.534674 -1.955436
-1.335546 -1.055916
-0.903386 -1.908223
-1.221524 -1.725614
-1.013204 -1.166644
-1.126519 -0.998746
-0.631730 -1.024943
-1.325454 -1.817637
-1.297329 -0.349057
-0.564480 -0.844703
-0.612712 -1.085004
-0.510480 -0.319008
-1.238918 -2.514522
-0.588359 -0.728888
-1.232603 -0.609018
-0.714941 -1.060018
-1.126703 -2.405477
-0.790985 -0.145078
-1.273947 -1.746500
-0.795671 -1.759613
-0.470464 -1.273110
-1.542927 -2.286849
-1.300064 -0.820157
-0.921060 -0.874681
-1.030002 -0.886341
-0.618687 -1.680801
-0.926604 -1.854670
-1.002252 -1.926691
-1.206318 -0.663839
-1.326576 -2.384229
-1.279311 -1.512862
-1.377502 -1.392580
-0.564130 -1.675614
-1.406962 -1.099161
-0.452521 -0.525830
-1.302181 -1.991767
-0.519944 -1.159601
-0.962211 -1.820985
-1.024229 -1.312397
-0.998289 -0.083505
-0.790609 -1.403431
-0.547984 -0.309720
-0.905947 -2.080160
-1.556293 -2.196992
-1.399233 -2.007773
-1.028040 -0.204979
-0.697680 -0.206522
-1.178856 -2.580755
-0.814348 -1.889709
-1.395612 -2.495821
-1.378495 -0.296942
-1.455735 -2.219092
-0.746118 -0.380686
-0.566850 -0.626171
-0.547440 -0.823249
-0.685871 -1.074541
-0.426391 -0.546687
-1.019104 -0.007539
-0.686816 -0.322376
-0.588458 -1.431401
-1.296228 -1.195720
-0.904646 -1.637346
-0.579171 -1.406219
-1.163103 -1.228830
-1.222979 -2.548643
-1.181122 -2.653908
-0.481920 -1.326728
-1.184249 -1.613405
-1.455666 -1.232641
-1.084032 -1.606737
-1.413497 -1.220666
-0.899930 -0.119376
-0.945373 -2.613911
-1.306556 -0.465390
-1.091431 -0.788369
-0.369874 -0.993491
-0.703161 -0.165468
-1.364065 -2.398293
-0.841988 -2.021276
-1.197888 -2.149154
-0.625126 -0.708106
-0.483406 -1.084005
-0.894035 -1.792447
-1.103005 -0.886767
-1.070941 -1.506029
-0.872818 -0.747962
-0.871242 -1.540721
-1.180852 -1.505973
-1.003527 -0.486258
-1.286866 -0.749358
-1.215198 -0.342926
-0.537639 -0.169966
-1.135188 -0.303765
-0.694196 -1.004422
-0.544173 -0.199456
-0.596495 -1.220515
-0.925128 -0.575993
-1.017960 -0.823890
-1.119256 -1.642885
-0.877060 -0.896583
-0.415230 -0.790923
-1.476944 -2.228753
-1.041551 -0.813435
-1.126756 -0.492070
-1.390729 -1.210730
-1.207868 -1.048619
-0.666182 -0.829624
-1.532399 -2.096960
-0.798143 -0.084225
-0.770914 -0.645943
-0.707642 -0.785699
-0.946405 -2.260502
-1.516418 -2.377375
-0.728072 -1.327806
-1.208502 -2.292878
-1.407058 -1.087276
-0.745690 -0.362333
-1.188311 -1.039977
-0.898235 -0.585815
-0.808682 -1.274082
-0.751339 -2.106306
-0.443303 -1.184398
-0.927716 -1.933959
-1.117041 -1.670403
-0.888289 -0.421618
-0.600805 -1.245723
-0.350291 -0.294493
-0.392466 -0.648678
-0.995903 -1.647038
-0.554859 -0.289031
-1.154067 -0.283530
-1.033575 -1.883564
-1.113286 -0.872755
-1.147477 -1.802008
-1.389418 -1.299503
-0.647512 -0.883790
-1.184971 -2.103905
-1.234512 -2.644045
-1.286169 -2.447348
-1.087467 -2.357903
-1.258003 -0.250895
-1.208980 -2.547257
-0.655397 -0.679480
-0.734537 -0.369606
-1.374295 -2.181926
-0.817879 -0.451621
-0.544279 -1.260199
-0.654927 -0.735777
-0.814438 -0.133000
-1.239728 -0.524109
-0.455998 -0.599397
-1.202199 -0.305060
-1.405355 -1.339615
-1.288018 -0.857921
-0.533624 -1.463482
-1.312402 -2.627757
-0.830121 -1.170002
-0.657890 -0.454561
-1.044618 -1.857537
-0.730933 -1.837759
-0.807045 -1.424262
-1.534650 -1.246484
-0.603778 -0.188355
-0.628718 -1.570136
-1.149589 -2.609556
-1.607759 -2.047389
-1.066197 -1.558532
-1.264642 -0.852817
-1.071703 -2.217389
-1.218789 -0.359561
-1.230330 -1.700500
-0.794671 -1.211081
-1.318205 -1.781502
-0.726167 -1.487940
-1.220992 -1.288631
-0.559508 -0.467286
-1.303374 -2.329867
-0.634155 -1.773075
-0.490280 -0.454738
-1.043205 -2.168046
-1.014399 -0.458195
-0.744243 -0.283514
-1.037619 -1.631604
-1.078282 -0.280166
-0.550869 -1.722577
-1.390131 -2.469746
-1.456614 -0.671444
-0.854564 -1.459895
-0.779865 -0.123521
-0.740239 -0.671922
-0.555547 -0.644700
-1.560165 -2.102752
-0.911428 -0.570451
-0.534364 -0.267822
-0.797752 -0.351015
-1.383154 -1.011474
-0.985004 -2.296306
-0.925939 -0.782763
-0.364649 -0.780094
-0.987639 -1.849587
-1.172467 -2.251611
-1.163757 -0.467102
-1.206689 -1.699828
-1.269337 -1.629547
-0.548392 -0.604998
-0.675149 -0.749148
-1.348187 -0.703088
-0.696693 -1.893749
-1.567931 -2.214491
-1.166836 -2.024241
-1.008734 -0.199902
-0.966825 -2.434933
-1.288046 -2.472153
-0.781164 -0.277794
-0.907757 -0.931984
-0.477525 -1.354713
-0.766573 -0.543502
-1.053691 -1.218482
-1.286580 -2.872012
-0.748136 -1.735613
-0.632927 -1.800678
-1.277483 -2.112534
-1.379459 -2.488726
-0.960981 -1.796032
-1.043723 -1.791044
-1.240317 -2.433903
-1.345471 -1.349702
-0.678323 -0.307911
-1.193177 -1.901317
-1.103197 -0.453152
-0.991431 -1.364483
-1.456177 -1.871327
-0.880991 -1.770592
-1.339395 -1.876314
-1.416634 -2.419035
-0.904834 -0.379030
-1.424828 -1.867511
-1.043052 -1.759674
-1.384822 -2.631218
-1.502330 -0.932037
-1.265957 -0.449469
-1.253268 -1.853842
-0.926128 -2.051179
-0.979649 -0.239184
-1.378312 -2.261551
-1.180228 -0.628390
-1.280947 -1.366533
-1.323999 -0.832429
-1.106695 -1.192667
-1.076708 -1.267623
-1.397614 -1.406448
-1.047120 -0.055368
-1.054481 -2.377764
-1.504039 -2.200608
-1.144470 -0.699979
-1.440737 -0.867228
-1.299037 -0.973090
-1.295149 -1.445454
-0.847341 -1.823278
-0.605416 -0.834993
-0.799055 -0.533072
-0.499983 -0.459373
-1.289223 -0.830240
-1.427957 -1.138054
-0.859622 -1.692157
-1.394330 -0.286121
-1.259248 -1.202363
-1.286626 -1.246957
-1.412345 -2.025655
-1.195687 -1.442477
-1.223586 -1.674618
-0.988399 -0.171107
-1.408981 -0.973050
-1.033126 -0.724573
-0.957191 -0.524626
-1.346700 -1.109163
-1.583038 -2.504449
-1.312468 -1.660910
-1.121431 -2.003810
-1.320647 -1.100361
-1.081173 -2.367924
-1.085472 -0.498592
-1.418021 -2.487273
-0.458547 -0.478235
-1.375819 -0.966383
-0.636242 -0.478468
-0.875385 -1.333928
-1.135275 -0.841462
-0.820217 -1.668225
-0.519237 -1.184215
-1.199760 -0.739558
-1.133831 -1.783780
-1.045007 -1.746875
-0.806259 -0.189390
-0.869052 -1.479609
-1.573445 -1.191831
-0.901774 -1.865140
-1.397263 -2.523412
-1.282715 -0.566160
-0.601786 -1.575836
-1.105616 -1.156155
-1.180605 -0.318351
-1.375535 -0.856235
-1.410413 -2.528943
-0.727551 -0.417821
-0.701951 -1.926165
-1.297183 -1.438644
-1.195254 -0.480672
-0.572392 -1.034705
-1.269536 -1.191906
-1.343884 -0.910443
-1.218601 -0.782168
-0.995833 -0.748999
-1.057674 -1.546096
-0.626142 -0.340034
-0.369819 -1.384320
-0.947074 -1.145749
-0.838798 -0.713240
-0.636080 -1.925709
-1.421780 -1.185175
-0.430438 -0.729632
-1.441405 -0.983494
-0.997486 -0.614828
-0.821102 -1.866786
-0.673755 -1.413032
-0.812139 -0.460060
-1.135973 -1.312870
-0.993190 -1.111596
-1.086455 -2.213171
-0.670041 -1.124677
-0.677371 -0.240536
-0.547902 -0.309333
-1.277340 -1.147577
-1.229139 -1.144392
-1.389776 -0.757413
-0.618013 -0.214703
-1.420509 -0.769262
-1.417862 -2.148218
-0.733290 -1.247303
-1.385550 -0.607082
-1.337885 -0.937011
-1.433213 -2.044246
-0.744905 -1.060367
-0.637392 -1.681661
-1.234967 -1.739843
-0.596230 -1.387558
-1.244423 -2.264444
-1.026299 -0.725356
-1.207627 -1.755287
-0.636015 -1.178334
-1.487024 -1.232201
-0.786359 -0.619864
-0.769250 -1.391610
-1.351256 -0.935004
-1.049505 -0.470235
-0.649803 -1.457939
-0.469553 -1.321452
-1.057870 -1.332903
-1.151641 -0.372338
-0.922992 -1.050513
-0.790065 -1.896098
-0.823125 -0.252203
-1.055444 -0.455735
-0.628648 -0.309473
-0.632287 -1.376828
-0.983215 -0.679945
-1.426663 -1.129645
-0.940590 -1.132337
-1.501305 -1.302418
-0.830739 -1.436192
-1.062156 -1.058363
-0.718250 -1.337779
-1.261163 -2.141629
-1.359254 -2.595284
-0.605046 -1.130903
-0.720652 -0.642302
-0.646523 -1.606412
-0.681170 -1.858946
-1.533472 -1.395884
-0.786946 -0.230811
-0.967525 -2.147789
-1.461028 -1.693028
-1.448607 -0.967538
-0.490544 -1.168643
-0.910870 -0.376563
-0.744751 -0.479338
-0.905395 -0.156421
-1.558074 -1.847008
-1.546954 -2.005489
-0.671587 -0.943768
-1.168327 -0.955346
-1.495008 -2.038295
-1.328749 -1.753937
-0.584310 -0.430025
-0.449012 -0.456415
-1.412690 -2.260252
-0.667446 -0.621831
-1.214108 -1.410316
-1.124625 -0.276260
-1.118793 -0.822878
-1.038555 -0.651575
-0.875673 -1.533708
-0.979702 -0.510518
-0.927861 -1.248588
-0.922768 -1.039848
-1.180323 -1.685507
-0.615218 -0.304136
-0.747397 -1.334285
-1.344744 -2.310627
-0.848341 -0.649364
-1.348932 -0.933568
-1.281225 -1.103117
-1.115256 -0.824820
-1.352031 -1.013458
-1.435329 -2.093256
-0.754275 -1.872300
-0.987607 -2.113743
-1.416980 -1.091556
-1.024879 -2.114722
-0.820983 -1.845249
-1.199442 -0.984022
-1.024008 -0.867423
-1.259835 -1.851452
-0.930576 -1.292932
-0.472132 -1.094113
-0.973410 -0.259892
-0.982742 -0.790464
-0.684391 -0.088036
-0.752041 -0.335604
-0.852465 -0.708045
-1.334179 -1.656397
-0.604213 -1.117951
-1.274947 -1.702468
-1.197180 -1.813419
-1.167598 -2.539673
-0.853742 -0.314356
-0.639528 -1.049263
-0.755697 -0.020554
-1.059767 -1.497376
-0.859499 -2.116002
-0.899203 -1.191523
-0.844425 -1.882073
-1.310099 -0.756715
-0.806902 -0.843154
-0.914020 -2.377885
-1.426976 -2.109225
-1.039052 -1.394133
-0.941819 -0.627648
-1.205365 -2.085616
-0.983885 -0.296793
-1.385077 -1.843417
-1.275725 -0.849667
-0.880862 -1.900093
-1.046579 -0.212848
-1.262649 -1.348126
-0.715080 -0.688643
-1.226508 -2.273831
-0.841622 -0.549129
-0.417292 -0.654458
-1.058041 -2.183793
-1.198656 -0.853606
-1.269640 -2.666390
-0.553282 -1.325534
-1.275585 -0.862303
-1.310668 -2.563204
-1.140816 -0.545886
-1.009405 -2.582037
-0.529018 -0.958225
-0.615706 -0.931646
-0.857966 -1.410062
-1.106728 -2.354566
-0.896810 -0.758369
-0.704212 -0.981026
-0.738907 -1.829217
-0.565788 -0.519157
-1.170142 -0.578198
-0.986364 -0.346846
-0.947423 -2.099321
-1.423172 -2.750524
-1.223257 -2.456073
-1.336977 -0.729078
-0.929398 -0.942750
-0.987431 -1.076309
-0.783746 -0.246522
-0.506530 -0.827706
-1.324012 -0.661998
-1.467565 -1.270838
-1.531615 -1.553384
-1.417789 -1.529568
-1.373804 -1.717682
-0.723145 -0.680929
-0.974265 -2.034937
-1.431841 -1.708559
-1.067407 -0.299618
-1.154175 -1.059232
-1.366922 -2.466094
-1.000532 -1.036642
-1.182622 -0.350827
-1.424754 -1.074957
-1.303173 -2.753752
-1.224723 -0.403883
-1.285348 -1.814444
-0.783177 -0.739019
-0.617787 -1.353817
-0.927464 -1.867623
-0.632404 -1.635307
-1.282452 -0.611128
-1.125277 -0.153172
-1.177618 -0.391941
-0.906888 -1.586739
-1.080191 -0.508013
-0.564343 -0.191137
-0.598044 -1.146882
-1.192152 -1.622574
-0.408773 -0.659450
-1.136954 -2.094647
-1.177043 -0.764197
-0.883385 -0.246174
-1.396254 -1.845210
-0.978278 -0.227516
-1.307655 -0.912093
-0.721301 -0.817004
-1.458783 -0.783460
-0.526950 -0.486936
-1.098933 -0.970757
-0.701854 -1.673298
-0.872688 -1.880304
-0.707724 -1.483387
-0.474889 -0.674822
-0.625391 -1.902925
-1.164159 -0.486247
-1.288241 -1.997790
-0.951506 -0.438678
-0.703522 -0.357143
-1.526087 -1.064583
-1.326751 -1.031270
-1.179291 -1.182955
-0.671467 -1.657700
-1.548479 -0.847889
-0.473833 -1.105620
-1.339306 -1.649729
-1.050173 -2.422123
-1.127108 -0.327257
-0.920051 -0.037093
-1.155894 -1.535412
-1.299290 -0.660741
-0.872968 -1.198856
-1.415454 -0.955449
-0.507984 -1.184817
-0.927672 -0.289107
-0.847678 -1.877432
-1.012125 -1.526460
-1.252210 -0.729084
-0.940720 -0.445871
-1.017659 -1.928024
-1.478520 -1.563512
-0.372082 -1.181808
-1.096562 -0.102414
-1.109012 -1.058984
-1.162168 -0.207664
-1.055301 -1.838638
-1.471222 -1.296337
-0.937316 -0.434991
-0.996060 -0.161269
-1.104433 -1.309819
-0.482577 -1.127162
-1.404694 -2.254324
-1.120342 -0.388810
-1.169589 -1.832084
-0.817457 -0.901237
-0.903722 -1.545477
-0.824035 -0.221823
-1.030339 -1.623508
-0.487527 -0.963364
-1.291484 -0.874431
-0.530558 -1.001225
-0.961572 -0.936167
-1.236618 -0.338402
-1.103960 -1.959005
-0.946772 -0.156000
-1.461780 -1.587309
-0.888603 -1.368976
-1.213378 -2.085954
-0.955900 -1.947250
-0.857394 -1.376033
-0.804263 -1.760124
-0.894130 -1.068205
-1.265048 -2.868705
-1.242785 -2.397333
-1.410038 -2.490375
-1.370461 -2.307559
-0.505854 -0.747503
-0.621117 -1.848360
-0.459853 -0.950063
-0.749196 -1.135664
-0.801113 -0.915257
-1.191170 -0.950062
-0.902540 -1.253047
-0.770095 -1.253877
-1.055916 -1.322761
-1.106450 -0.169714
-1.059276 -1.667839
-1.345078 -0.426133
-1.525243 -2.496367
-0.560339 -0.818475
-1.328491 -1.129505
-1.399366 -2.337801
-0.639828 -1.367149
-1.206862 -0.672034
-0.970356 -1.420092
-1.176472 -0.769204
-0.519570 -0.406202
-0.494839 -1.343586
-0.963526 -2.316093
-1.142471 -1.783650
-0.680821 -0.127985
-0.648492 -0.619678
-1.288104 -2.262228
-0.478423 -1.547892
-1.108400 -0.056532
-1.595017 -2.237538
-1.385496 -0.946128
-1.255868 -0.687774
-1.045404 -0.989615
-0.823647 -1.543560
-0.888062 -0.601229
-1.380556 -0.665387
-1.488456 -1.172060
-0.855448 -0.157334
-0.526937 -0.501206
-1.273683 -2.430785
-0.647148 -1.589412
-1.191112 -0.775000
-0.499229 -0.619660
-1.305926 -2.000487
-0.674438 -1.785230
-1.168658 -0.397132
-1.097815 -0.380341
-0.823999 -1.489928
-1.619353 -2.091077
-1.453595 -2.555442
-0.797978 -1.007179
-1.094733 -0.463167
-0.551347 -0.511781
-0.781585 -0.402222
-1.060048 -0.218007
-0.716826 -1.856823
-1.665430 -1.869322
-0.774772 -0.184849
-0.759728 -1.545131
-1.286817 -1.873992
-1.261973 -2.493984
-1.198896 -1.042798
-0.819581 -0.272212
-1.218619 -1.564040
-0.807417 -0.853249
-0.978735 -1.319195
-0.759453 -0.208543
-1.014278 -1.411956
-0.794325 -2.165464
-0.641159 -1.448458
-0.805924 -1.641457
-0.859899 -0.248035
-1.063668 -1.873322
-1.470963 -2.378616
-1.471699 -1.830555
-1.065111 -0.230473
-1.097695 -1.828823
-1.104215 -1.549104
-1.228624 -2.057937
-1.669059 -1.709551
-1.164032 -0.443617
-0.571042 -1.550188
-1.053221 -0.558706
-0.990234 -1.647251
-0.624226 -0.120191
-0.504171 -0.811162
-0.845886 -2.158012
-0.686676 -0.502562
-1.705353 -1.598661
-1.349188 -1.875384
-1.103135 -0.851647
-0.617889 -0.708534
-1.065806 -0.271314
-0.958542 -0.164482
-0.611288 -1.348969
-1.515498 -2.076564
-0.742449 -0.085587
-1.368582 -1.199794
-1.166364 -1.741767
-1.310159 -1.199090
-0.683575 -1.100760
-0.329494 -0.875856
-1.098155 -0.225020
-0.470044 -0.926390
-1.360541 -1.678107
-0.879087 -0.341215
-0.970746 -2.559372
-0.668050 -2.018177
-1.367451 -1.313233
-1.185435 -0.972547
-1.068399 -2.002015
-0.862232 -1.795303
-1.113912 -2.449235
-0.812139 -0.442448
-0.605442 -0.905350
-0.771207 -1.633150
-0.746802 -1.803035
-0.921393 -2.054223
-0.897445 -0.418386
-0.748228 -0.954094
-0.852020 -0.594209
-1.115379 -1.700598
-1.409949 -2.420820
-1.020247 -1.543605
-0.928403 -0.940248
-1.376828 -1.326258
-1.144919 -0.861583
-1.307485 -1.169433
-0.981026 -1.356474
-1.493552 -1.436256
-1.112506 -2.115209
-1.280816 -2.122689
-1.140589 -0.251654
-1.442136 -0.703867
-0.838412 -1.498266
-1.003664 -2.305897
-1.274260 -1.184865
-1.481720 -2.300237
-1.033686 -1.063261
-0.746500 -1.090923
-1.178883 -0.626697
-1.032223 -1.351243
-0.746897 -1.798390
-0.724150 -0.852241
-0.711617 -0.710492
-0.720881 -1.638927
-1.204583 -2.058223
-0.866826 -1.527522
-0.556776 -0.896904
-0.819721 -1.708582
-0.683085 -1.196016
-0.720470 -0.983447
-1.047289 -2.066995
-1.197070 -0.310227
-0.857309 -1.944710
-0.928619 -0.293480
-0.714785 -1.959701
-0.998430 -1.400822
-1.121880 -0.527533
-0.940861 -0.351398
-0.910668 -0.311778
-0.590418 -0.586605
-1.054135 -1.442748
-0.686895 -1.024083
-1.104585 -2.788548
-1.031153 -1.361231
-1.544523 -2.117614
-0.969833 -1.833258
-0.995727 -0.352783
-0.728586 -1.755687
-1.025715 -1.360116
-1.440443 -1.479524
-1.371984 -1.224186
-1.243897 -1.885234
-0.364246 -1.126514
-0.714533 -1.541855
-0.496596 -1.105384
-0.849924 -0.119632
-1.164084 -0.210539
-1.042255 -2.479444
-1.538061 -2.364550
-0.892244 -1.070867
-1.496850 -1.252196
-1.304676 -2.604065
-0.344952 -0.445677
-1.316356 -1.129483
-0.697218 -1.619055
-1.013391 -2.288569
-0.662240 -1.172254
-0.468621 -1.578282
-1.454065 -0.827876
-0.921991 -2.342725
-1.246664 -1.756619
-1.326179 -1.906063
-1.111858 -1.396694
-1.310360 -0.624702
-0.764270 -1.400320
-1.335248 -2.005728
-1.248948 -0.702639
-0.957444 -1.948640
-0.950283 -0.087445
-0.616421 -0.239177
-1.230163 -1.305352
-1.095955 -1.753202
-1.237275 -1.536531
-1.165779 -0.774950
-1.471669 -1.535858
-0.469450 -0.364892
-1.321766 -1.955306
-1.385677 -0.659771
-0.781160 -1.469381
-0.832621 -0.310374
-1.251077 -0.496635
-1.250876 -0.546566
-1.203943 -0.567905
-1.014573 -1.102118
-1.042121 -2.520091
-1.484057 -2.690411
-0.907672 -0.451371
-1.387286 -0.674921
-0.893662 -2.078141
-0.708125 -1.430471
-1.585722 -2.043151
-0.675835 -1.269172
-0.676729 -1.277181
-1.070752 -0.599416
-0.547612 -1.030966
-0.811275 -0.093423
-1.298080 -1.621431
-1.086156 -1.363852
-1.035485 -2.085919
-1.298820 -0.730131
-1.318726 -2.159417
-1.517446 -2.047854
-0.849861 -1.067345
-1.445680 -1.221844
-1.503976 -1.132170
-1.093950 -0.534925
-0.723591 -0.410812
-1.089375 -0.631070
-0.764261 -1.445183
-1.316595 -1.300501
-1.395491 -1.833687
-0.842753 -0.230304
-1.254661 -0.857881
-0.505738 -0.524329
-0.758863 -0.784216
-0.598310 -0.866755
-0.716887 -0.516252
-1.116855 -1.092224
-0.552344 -1.696570
-1.301518 -1.099782
-1.056489 -1.309003
-0.858643 -0.960143
-0.585430 -1.195960
-1.199850 -0.260926
-1.478309 -2.266729
-1.322753 -0.688252
-1.073678 -1.910930
-0.606657 -0.457701
-0.764988 -1.166880
-1.283808 -1.162492
-0.785500 -0.873823
-1.257394 -1.608515
-0.655621 -0.392789
-1.235279 -0.980704
-1.243804 -0.466920
-0.458290 -1.175597
-0.627407 -0.895920
-0.666733 -1.088056
-0.733859 -0.945883
-1.271754 -2.502510
-0.999161 -0.383479
-0.735469 -1.231704
-1.200418 -0.490238
-1.085401 -0.291579
-1.186518 -2.768593
-0.865336 -0.686502
-0.844231 -1.593503
-1.314505 -2.729844
-1.172267 -2.458323
-1.167845 -0.442620
-0.651181 -0.962325
-0.762644 -1.559765
-0.704487 -0.357836
-0.931107 -0.420549
-1.525994 -2.148490
-1.296138 -2.734881
-0.847950 -1.492255
-1.234087 -1.321500
-0.648088 -1.399884
-1.345900 -1.899081
-1.465375 -0.751414
-1.096604 -2.119036
-0.774098 -1.715671
-1.039703 -0.989817
-1.154446 -1.308591
-0.574527 -1.447084
-0.710168 -0.878793
-1.379876 -0.814706
-0.783493 -0.570955
-1.064140 -1.816285
-1.099475 -2.353939
-1.314939 -2.098941
-1.447981 -2.061018
-1.040721 -0.810659
-1.463303 -1.718666
-1.367977 -1.256346
-1.194718 -2.188454
-0.978037 -1.394145
-0.727049 -0.248234
-1.428392 -0.866931
-0.691395 -1.584877
-1.150792 -1.560641
-0.448635 -0.930690
-0.720961 -1.369643
-0.475673 -1.456981
-0.548518 -1.012337
-1.106613 -1.677706
-0.646711 -0.833145
-0.649984 -1.055646
-1.242313 -0.394890
-0.765596 -1.619796
-0.784871 -1.187841
-1.025440 -0.815829
-1.357026 -2.624847
-0.802004 -1.560338
-0.980833 -2.345176
-0.832840 -0.174384
-1.437262 -2.415154
-1.255786 -2.840014
-1.212277 -0.413271
-1.051143 0.020960
-1.237534 -2.709443
-0.724215 -0.279966
-1.438585 -1.292776
-1.239455 -1.457148
-0.552217 -1.539276
-0.511110 -1.127534
-0.945855 -0.964268
-1.204721 -0.499462
-1.300603 -1.214011
-1.467936 -2.053761
-0.825435 -0.980552
-0.649629 -0.610364
-1.112864 -0.294731
-0.811225 -0.559244
-0.725469 -0.307341
-0.496815 -0.974017
-1.035302 -0.279471
-0.681660 -0.228180
-0.787747 -0.943250
-1.465032 -1.693544
-1.117377 -0.703671
-1.516986 -2.206998
-1.071622 -0.303392
-1.178864 -1.739550
-1.147182 -0.446551
-0.987711 -2.079735
-0.565028 -1.415785
-0.546691 -1.200790
-0.662367 -1.122978
-1.426346 -1.120550
-1.258128 -2.426783
-1.081675 -1.577787
-0.782981 -0.756259
-1.095241 -2.351448
-0.824302 -0.232650
-1.282846 -1.722007
-1.328755 -0.662376
-1.286699 -1.667794
-1.436632 -2.339671
-0.830926 -0.684102
-1.072889 -0.373493
-1.313061 -0.846360
-1.135773 -1.925266
-1.107606 -2.238700
-1.412670 -2.124195
-0.480955 -0.732724
-1.270608 -1.754692
-0.624769 -0.807696
-1.175095 -0.479519
-1.128217 -1.754362
-0.741920 -1.712874
-0.497162 -0.220158
-1.135849 -1.891706
-1.466309 -1.684781
-1.312462 -1.610772
-0.976406 -2.367607
-0.446322 -0.400768
-0.704856 -0.588039
-1.261780 -0.683743
-0.564434 -1.351366
-1.078214 -2.533186
-0.854544 -0.794681
-1.170557 -2.725504
-0.999708 -0.265726
-1.370452 -1.967328
-1.343615 -1.831886
-1.257592 -0.717875
-1.183459 -1.820904
-0.833512 -0.348697
-0.652956 -1.178044
-0.736118 -1.444220
-0.955926 -1.226114
-1.121852 -0.775768
-1.226275 -1.150417
-1.292417 -2.128530
-1.155254 -2.037403
-1.416606 -1.373536
-1.143641 -1.447354
-0.390721 -1.321694
-1.471499 -2.103945
-1.046645 -0.654540
-1.408521 -1.847418
-0.650935 -0.947068
-0.799333 -0.996494
-1.005055 -0.218362
-0.987791 -2.093544
-0.938826 -0.665608
-1.326719 -0.643998
-0.940086 -0.298282
-1.279629 -0.688091
-0.662903 -1.645315
-1.144666 -2.589695
-0.746711 -1.339676
-0.953385 -1.932902
-0.712262 -0.199299
-1.018352 -2.303199
-1.012000 -0.658353
-0.483405 -0.643715
-1.271257 -1.237212
-0.726031 -0.614534
-1.263555 -0.900698
-0.797393 -1.226066
-1.310271 -0.689683
-0.887213 -1.738773
-1.288168 -0.761085
-1.039201 -1.592693
-0.675236 -1.222097
-0.564464 -0.371554
-1.016347 -1.248666
-0.884793 -0.292909
-1.399923 -1.031474
-0.826772 -0.573701
-1.051969 -2.021807
-1.203568 -2.496498
-1.344246 -2.402330
-1.053827 -0.338719
-0.710854 -1.319066
-0.612795 -1.050720
-1.235197 -0.936806
-1.125587 -2.611469
-1.114040 -1.826370
-1.232877 -1.742028
-0.734020 -0.860873
-0.425172 -0.987719
-0.737658 -1.665834
-1.238338 -0.392128
-1.423455 -1.913039
-0.517763 -0.403820
-0.496145 -0.506148
-0.450890 -0.346930
-1.344137 -1.527558
-1.626007 -1.643721
-0.610190 -0.637511
-0.492530 -0.572004
-0.738939 -1.710659
-0.685344 -0.839466
-0.568874 -0.710973
-1.159815 -1.714199
-1.249392 -0.652784
-0.518277 -0.414399
-0.416032 -0.614580
-0.828249 -1.589244
-1.092150 -2.204884
-0.559202 -0.839706
-0.643564 -0.553608
-1.080623 -2.431366
-0.617498 -1.294160
-0.659831 -1.752982
-1.270183 -1.133168
-1.126274 -1.508812
-0.767402 -0.279173
-0.609803 -0.733926
-1.115697 -0.383250
-0.821805 -0.740306
-1.160858 -0.421026
-1.397781 -2.476576
-0.677465 -0.794847
-1.629669 -1.721957
-0.740121 -2.067901
-0.780200 -0.889623
-1.144018 -0.190271
-1.000623 -0.019867
-0.832838 -0.553833
-1.251696 -2.453861
-0.991887 -0.718049
-0.788053 -0.151995
-1.043903 -0.826714
-1.329989 -2.465708
-1.329395 -2.011064
-0.756934 -1.229899
-0.930991 -0.787527
-1.302652 -1.758242
-0.739852 -0.307703
-1.054733 -1.830224
-1.189023 -2.601177
-0.505869 -0.609181
-0.991899 -1.129424
-1.145961 -2.791988
-1.197457 -1.391944
-0.957329 0.118182
-0.931629 -0.556541
-1.396016 -2.300787
-0.577168 -1.089140
-0.448922 -0.837693
-1.346170 -0.917517
-0.625743 -1.688093
-1.397162 -1.050773
-1.146482 -1.761610
-0.860631 -1.745320
-0.642714 -0.926901
-0.893988 -1.538507
-1.616411 -2.027210
-0.685086 -0.585795
-1.212840 -0.772429
-0.949366 -2.288121
-0.768350 -0.067371
-0.590555 -0.468428
-1.431208 -1.427238
-0.877156 -1.352779
-1.165632 -0.862981
-0.929636 -1.101467
-0.854938 -2.084172
-0.963900 -2.057684
-0.539556 -1.420681
-1.272877 -2.663577
-1.450167 -1.618079
-0.498227 -1.020697
-1.373904 -2.643193
-1.422271 -0.767543
-0.818595 -0.103568
-1.035846 -1.266941
-0.463110 -0.494107
-1.031143 -0.893752
-1.571788 -1.816787
-1.015862 -0.486571
-1.190789 -0.467345
-0.850050 -0.429501
-0.712229 -0.155225
-1.143679 -2.686326
-0.701706 -1.194074
-0.960910 -0.417488
-1.299615 -1.298620
-0.889862 -0.812359
-1.089120 -0.330871
-0.510001 -1.237407
-1.544180 -2.222068
-0.538771 -0.222060
-0.959520 -0.758235
-1.117133 -0.681829
-1.335476 -2.432997
-1.017175 -1.007993
-0.978665 -1.548845
-1.244393 -2.464328
-0.999444 -2.250434
-0.515714 -1.236982
-1.492982 -2.233190
-1.423310 -1.110409
-1.454399 -1.552370
-1.037494 -1.908200
-0.885504 -0.402325
-1.507490 -0.967288
-0.871649 -1.442613
-0.419892 -1.442715
-1.308936 -0.832863
-0.628825 -1.086627
-0.961216 -1.625579
-1.351850 -2.413486
-0.664653 -0.286786
-1.395758 -2.723226
-1.789559 -1.829296
-0.734991 -0.265735
-0.935352 -1.368500
-1.232525 -0.912385
-0.849152 -0.756950
-1.331273 -0.552756
-0.975348 -1.973023
-1.524401 -2.293790
-0.998274 -1.222435
-1.205129 -0.356875
-1.169862 -0.370742
-1.409881 -0.453484
-1.543922 -1.415075
-0.958083 -0.993261
-0.531758 -0.991509
-0.913318 -1.131724
-1.204140 -2.101584
-1.175641 -1.619060
-1.309058 -2.251820
-1.105962 -0.850449
-0.653444 -1.536594
-1.282030 -1.865117
-1.199645 -0.553100
-0.836853 -1.743883
-1.772389 -1.810343
-0.948145 -0.821169
-0.664426 -0.285024
-0.516222 -0.944598
-0.870052 -0.542406
-1.287910 -0.728582
-0.529002 -1.027037
-0.616709 -0.847061
-1.178071 -1.192841
-1.152568 -1.723609
-1.292681 -1.215101
-0.938934 -0.035019
-0.894811 -0.328673
-1.032121 -0.073855
-0.850731 -1.925801
-0.656664 -0.445685
-1.091293 -0.321773
-0.863639 -0.282794
-1.256290 -2.470179
-0.676056 -1.198247
-1.505391 -2.099435
-1.482038 -1.938232
-0.633550 -1.459688
-1.028366 -0.254129
-1.054009 -2.255515
-1.008244 -1.163790
-1.175542 -2.234705
-1.505563 -1.894799
-1.412709 -2.857954
-0.581226 -0.372979
-1.264944 -1.951401
-0.971167 -1.149648
-0.912046 -0.252199
-0.834864 -1.347497
-1.277425 -2.408824
-0.602349 -1.108613
-0.534991 -1.042834
-0.800526 -0.577520
-1.450956 -1.716189
-0.964079 -0.767437
-1.424906 -2.229767
-0.723906 -1.960279
-0.539646 -1.436240
-1.211176 -1.516782
-1.169015 -2.472262
-0.344260 -0.859504
-1.156940 -0.265369
-0.676349 -1.412646
-1.072553 -2.564152
-0.543248 -1.083351
-1.071400 -0.636854
-0.543999 -0.431360
-1.193858 -0.777144
-1.394049 -2.074936
-0.834967 -1.301201
-1.153505 -0.794355
-0.847214 -2.206783
-1.177808 -1.424928
-0.419821 -1.126405
-0.829792 -0.707494
-1.291001 -1.754738
-0.774083 -0.284754
-1.125212 -0.903334
-0.697259 -1.593704
-0.931489 -1.041012
-1.107912 -0.768934
-0.968366 -1.255772
-0.817524 -1.326823
-1.072802 -0.446097
-0.451075 -0.380116
-0.509703 -1.019203
-1.013403 -0.716679
-1.350025 -0.468770
-0.725057 -0.923866
-0.434890 -1.275921
-0.511479 -0.843064
-0.610803 -0.957698
-0.822488 0.062671
-1.218418 -1.511712
-1.128314 -2.274917
-1.125645 -2.321503
-0.691437 -0.531940
-1.150199 -2.049729
-0.574083 -0.947033
-0.581614 -0.371684
-1.145230 -2.602726
-0.765428 -0.842870
-0.983344 -0.237204
-0.659817 -0.931235
-0.751775 -0.088388
-0.737358 -0.923369
-0.810343 -1.826045
-1.027633 -1.095591
-0.950263 -1.366970
-0.704202 -0.328580
-1.185337 -1.892503
-1.311615 -0.488348
-1.157466 -0.472133
-1.003200 -0.827947
-1.368664 -2.053638
-0.609797 -0.536627
-0.769079 -0.673474
-0.996423 -0.736035
-1.154337 -1.084272
-1.499507 -1.901387
-1.126421 -0.359268
-1.496374 -2.376385
-0.663651 -1.651604
-1.138231 -0.855280
-1.182733 -1.170262
-0.481953 -0.945293
-0.808880 -1.111453
-1.463353 -1.319211
-1.155330 -0.596770
-0.751746 -2.037978
-0.421753 -0.888815
-1.484904 -2.039175
-0.571524 -0.860179
-1.193601 -1.110295
-0.698889 -1.047598
-0.964510 -0.347528
-1.066660 -0.658189
-1.223954 -2.303300
-1.077701 -0.621173
-0.600485 -0.772925
-1.002535 -0.075646
-1.278395 -2.128729
-1.490862 -1.762137
-0.992750 -0.772340
-1.272746 -0.904937
-0.750439 -0.840304
-0.539252 -0.954621
-0.474723 -0.645309
-1.049930 -2.049029
-1.148436 -2.138905
-1.093348 -1.938733
-1.333330 -0.559738
-0.681695 -0.501382
-0.888357 -0.250165
-1.453160 -1.133784
-0.807937 -0.682671
-0.725467 -2.033000
-1.574828 -2.350058
-1.506669 -2.511815
-1.236413 -1.861850
-1.082775 -0.324618
-1.017152 -1.456370
-1.310274 -1.098125
-0.735685 -1.804142
-0.550275 -1.284908
-1.483370 -1.571189
-0.856149 -1.199723
-1.315602 -2.591284
-0.657653 -0.200929
-1.421129 -0.811278
-1.377455 -1.002136
-0.838432 -1.235749
-0.924596 -0.711472
-1.482598 -2.270375
-1.311498 -1.783498
-1.286513 -1.280097
-1.261195 -1.743232
-1.353777 -1.112450
-1.203098 -0.755518
-0.529436 -1.125841
-0.858921 -0.799940
-1.620822 -1.952323
-1.208204 -1.101382
-1.405255 -0.991531
-1.429996 -1.549747
-1.442809 -1.805382
-1.090012 -1.516877
-1.008306 -2.044510
-1.405900 -2.153422
-1.165823 -1.818358
-1.167359 -0.506783
-1.313645 -1.462580
-0.636775 -0.526531
-0.943167 -1.652943
-1.169202 -0.680197
-0.928295 -0.348361
-0.889012 -1.952450
-1.339882 -1.078990
-1.523488 -2.425171
-0.545583 -0.850888
-0.815303 -0.304932
-0.537188 -0.819457
-1.224105 -0.520788
-0.816823 -1.441447
-1.076336 -2.300761
-0.927248 -1.797881
-0.648179 -0.937239
-1.206816 -0.540615
-0.838553 -0.314596
-1.296031 -2.083684
-0.447189 -1.015437
-1.279566 -0.515692
-1.173262 -1.110715
-0.842922 -0.813620
-1.307663 -2.158096
-1.128204 -0.261032
-1.303654 -0.376468
-1.074660 -0.435977
-1.524216 -2.193451
-0.755540 -1.269169
-0.818552 -1.183755
-1.126226 -0.350091
-1.136456 -2.663495
-0.781214 -0.711940
-1.189707 -1.968032
-0.803340 -0.766863
-1.332721 -2.106936
-1.325095 -0.844177
-0.931148 -1.501612
-1.332879 -2.747527
-0.541673 -1.014864
-1.457209 -1.676226
-0.533471 -0.780765
-1.338502 -1.088356
-0.710438 -1.066782
-1.418453 -1.351630
-0.591287 -0.420630
-0.911309 -1.813047
-1.203714 -0.509405
-1.010858 -2.309798
-0.539286 -1.311298
-0.791223 -0.138719
-1.004551 -0.467282
-1.301814 -1.783540
-0.982175 -0.141492
-0.806412 -0.755162
-1.691117 -2.023591
-1.302261 -2.259013
-0.764800 -1.588072
-1.041062 -2.401942
-1.003827 -1.374455
-0.686521 -1.424662
-1.279142 -2.109495
-1.096768 -1.273467
-1.032231 -1.360204
-1.338851 -0.658536
-0.777716 -0.787840
-1.135814 -0.680434
-1.165754 -1.101480
-0.972446 -0.868469
-0.649140 -0.396500
-1.141703 -1.215849
-1.131646 -0.639574
-0.585427 -0.816771
-1.390651 -1.178116
-0.999346 -0.691804
-0.596053 -0.304858
-0.864023 -1.553235
-0.997609 -1.678510
-0.514178 -0.397533
-1.279501 -1.558773
-0.611495 -0.895124
-0.837094 -0.519604
-1.102532 -0.725808
-0.947639 -1.382120
-1.343290 -1.087844
-0.962843 -0.256860
-1.002344 -1.879108
-1.142259 -2.310811
-1.191817 -1.944020
-0.994026 -1.874160
-1.448010 -0.872956
-1.500313 -0.918285
-1.210654 -2.043008
-1.163508 -0.255285
-1.023246 -2.035242
-0.403948 -0.784435
-0.731975 -1.359200
-0.547124 -0.388217
-1.081018 -0.537130
-1.134200 -1.668007
-1.291932 -2.492194
-1.426922 -1.524450
-0.801765 -0.930920
-1.199129 -1.021085
-1.179855 -0.515121
-1.478316 -1.003342
-1.255336 -1.104196
-1.239870 -1.734543
-0.514362 -0.974640
-1.217198 -2.474333
-0.657158 -1.809321
-0.538813 -1.080961
-0.571757 -1.510655
-0.771537 -0.434825
-0.826366 -0.412893
-1.339402 -1.272132
-0.520402 -1.044773
-1.010871 -0.097407
-0.936244 -0.279524
-0.808035 -0.184225
-0.561835 -0.909304
-1.169943 -0.525848
-0.848514 -1.069356
-0.904176 -2.049912
-0.918814 -2.256451
-1.327381 -1.815877
-1.355233 -0.674902
-1.532194 -1.339009
-0.665328 -0.963558
-0.582633 -1.308259
-1.087437 -2.218242
-1.141380 -1.697621
-1.260390 -1.134866
-1.239705 -2.515057
-0.944650 -1.768396
-0.364012 -0.787224
-1.139255 -2.546994
-1.433422 -2.140785
-1.028057 -2.366395
-0.786542 -0.314867
-1.357413 -1.093524
-1.212680 -2.337421
-1.325348 -2.612445
-1.266303 -2.787188
-0.711023 -2.093736
-0.795591 -1.905141
-0.560546 -0.838759
-0.985813 -2.141473
-0.905841 -0.845524
-0.978069 -0.989196
-1.215741 -0.784687
-1.175948 -1.041645
-0.674136 -0.662002
-1.000674 -0.174615
-1.374342 -1.874743
-0.909322 -0.630192
-0.559012 -1.130980
-0.886093 -0.113235
-0.978146 0.012497
-0.799150 -0.525523
-0.540971 -1.265520
-0.547079 -1.416177
-0.733811 -1.065297
-1.162282 -1.225330
-0.640888 -1.453404
-1.066926 -1.570689
-0.947651 -0.996965
-0.766404 -0.297909
-0.648450 -1.858750
-1.227273 -1.267063
-0.732418 -1.316777
-0.948878 -2.345485
-0.504829 -1.495123
-0.630420 -0.941113
-1.107165 -0.482343
-0.800777 -0.377673
-1.140055 -0.532889
-0.434415 -0.839403
-1.100974 -0.669051
-1.497905 -2.415844
-1.124412 -0.327688
-1.509193 -1.172584
-1.372445 -1.621928
-0.687112 -0.913911
-1.178610 -0.186206
-0.921114 -0.489400
-0.573364 -0.401091
-1.441726 -2.042224
-0.988241 -1.038545
-1.001775 -1.083573
-0.931801 -0.250199
-1.090648 -1.650888
-1.030182 -1.913483
-0.581258 -0.969074
-0.578092 -0.316364
-0.824220 -0.527299
-1.126404 -0.941249
-0.993676 -0.122823
-0.865808 -0.884681
-1.420397 -0.872870
-1.437809 -2.282293
-0.549298 -1.337146
-1.029013 -0.445300
-0.490087 -1.129969
-1.069036 -1.778175
-0.613515 -1.433044
-0.575858 -1.294601
-1.150901 -1.688685
-1.537657 -1.116547
-1.311539 -0.208443
-0.659778 -1.414716
-0.569664 -1.162732
-1.384967 -0.857519
-0.849898 -0.381962
-0.937007 -1.033602
-1.636019 -1.184042
-0.592842 -1.482266
-0.748350 -0.445411
-1.575111 -1.486305
-1.358197 -1.309440
-0.744133 -0.438882
-0.719936 -0.702035
-1.078125 -0.208511
-0.616740 -0.677564
-1.058864 -0.230166
-0.671405 -1.112683
-1.231071 -1.268724
-0.707414 -1.796644
-0.856841 -1.001718
-0.795591 -1.816770
-1.331328 -2.588271
-0.925903 -0.877541
-1.269699 -2.348532
-0.720422 -0.520757
-0.842244 -0.903395
-0.923562 -0.561455
-1.247155 -2.355248
-1.089590 -2.272461
-0.838362 -1.347903
-1.274479 -0.778534
-0.459724 -0.472843
-1.015007 -1.922445
-0.935078 -0.842410
-0.837122 -0.097261
-0.568756 -1.035487
-1.581030 -2.536859
-0.914890 -0.926497
-0.979784 -1.312428
-0.765125 -0.524767
-1.417577 -2.046186
-1.574200 -2.286695
-0.734536 -0.370485
-0.674784 -1.900452
-0.644171 -1.181842
-0.979554 -1.005933
-1.562673 -1.428488
-0.579890 -1.790352
-1.000066 -1.772602
-0.896642 -1.252561
-0.570987 -0.938852
-0.764364 -1.308044
-0.788767 -1.858463
-1.195004 -1.108548
-0.552326 -0.421701
-1.178759 -1.364638
-1.543523 -2.227184
-1.338414 -1.955523
-0.630268 -0.887689
-1.124125 -0.809057
-1.397962 -1.620374
-1.096804 -1.382688
-0.742699 -1.054601
-1.202030 -2.090800
-0.712139 -0.858282
-0.796203 -0.818544
-0.903357 -1.695686
-1.331362 -0.812893
-0.741528 -1.791294
-1.395482 -2.200916
-1.370099 -1.416387
-1.014891 -1.678306
-0.794244 -1.012972
-0.977913 -0.745475
-1.530471 -1.492490
-1.198406 -0.923852
-0.524391 -0.361558
-1.003407 -2.062043
-1.354705 -0.708981
-0.985079 -1.770114
-0.702265 -0.767860
-1.118239 -0.613777
-0.563265 -0.881614
-0.531163 -1.048140
-0.501730 -0.933719
-1.695720 -2.266362
-1.033446 -0.511212
-0.900012 -1.482670
-1.372728 -2.141667
-0.596774 -0.195002
-1.051526 -0.520583
-0.782783 -1.252332
-0.694607 -1.414078
-1.317734 -1.008404
-0.780669 -1.994940
-1.070982 -1.840180
-0.995236 -1.366372
-0.864511 -0.303038
-1.098800 -0.744258
-1.008957 -2.289252
-1.223887 -2.188530
-1.100965 -0.498356
-1.042396 -0.140199
-1.670257 -1.905683
-0.555917 -0.256412
-1.374344 -2.231402
-1.032120 -1.109106
-1.179465 -1.611935
-0.772717 -1.018699
-1.306660 -2.266954
-1.495574 -1.357537
-0.683464 -0.607697
-1.021329 -0.359293
-0.767533 -1.948064
-1.564545 -2.501606
-0.841988 -0.132503
-1.110585 -0.310733
-0.882154 -2.118824
-0.420270 -1.188860
-1.316396 -2.164287
-0.487780 -1.415638
-1.304400 -0.692493
-0.424024 -0.457108
-0.421995 -0.744685
-0.827588 -0.996991
-1.113630 -0.896708
-0.985684 -1.482623
-0.832527 -0.023800
-0.416976 -0.621451
-1.052497 -0.223559
-1.317237 -0.589952
-1.410593 -1.011942
-0.568224 -0.516215
-0.794300 -0.368285
-0.788282 -0.026305
-0.943942 -2.079039
-0.752233 -0.733545
-0.899533 -0.984432
-0.398752 -1.042668
-0.680282 -0.523469
-0.667462 -1.119648
-1.413270 -2.815724
-1.425183 -2.277393
-1.543140 -1.736315
-1.145407 -0.430825
-0.605445 -1.208668
-1.426070 -2.362619
-1.202227 -1.566031
-0.927341 -1.968525
-0.953386 -1.095116
-0.638352 -1.353551
-0.999184 -2.329641
-0.792846 -0.513240
-1.334347 -1.079471
-1.062442 -0.267193
-0.815577 -1.626759
-0.935483 -0.704068
-1.124247 -1.590950
-1.344081 -1.288161
-1.139979 -0.313486
-1.387337 -1.389838
-0.626434 -1.731004
-0.731130 -2.092784
-0.939379 -1.049633
-1.196979 -2.199562
-1.075651 -0.745546
-1.405764 -1.873952
-1.405159 -1.460699
-1.496615 -2.034821
-0.947152 -0.875276
-1.096954 -2.536460
-1.068140 -1.053290
-1.196104 -0.644294
-1.042731 -1.225355
-0.732727 -0.113535
-1.191727 -2.437253
-1.374755 -1.173644
-0.676227 -0.565403
-1.218139 -1.313870
-0.447488 -1.296049
-1.544765 -1.944869
-1.089323 -0.375348
-1.073907 -0.327662
-1.339563 -0.730320
-0.857384 -1.117021
-0.829813 -0.295212
-0.700760 -1.870571
-0.625138 -0.478936
-1.021219 -1.743530
-1.044933 -2.260592
-1.096786 -0.117193
-0.914738 -1.960839
-1.259408 -0.363927
-1.597654 -1.525658
-1.237779 -2.019758
-1.049106 -0.535244
-0.465261 -0.892844
-1.371080 -1.993939
-0.764313 -2.262054
-1.385485 -0.733920
-1.076116 -1.741127
-0.994674 -1.103687
-1.244732 -1.537779
-1.523210 -1.395550
-0.732956 -1.711677
-1.295278 -1.050184
-1.298850 -2.477282
-1.097452 -0.203235
-0.701409 -1.291347
-1.235189 -2.169588
-0.861841 -1.442710
-1.510102 -1.805784
-1.410793 -1.621373
-0.638456 -1.090278
-0.832581 -1.496692
-1.551011 -1.370493
-1.097282 -1.624646
-0.705862 -1.898130
-0.917951 -0.237629
-0.538053 -0.924378
-0.743216 -0.426429
-1.278404 -1.920687
-0.523332 -0.729114
-1.138277 -0.334928
-1.374637 -2.577594
-0.992465 -0.874339
-1.465716 -2.181327
-0.322193 -0.419844
-1.067012 -0.154117
-0.753093 -0.351291
-1.262626 -1.419160
-1.021944 -1.479022
-1.282303 -1.115118
-1.304739 -0.862383
-0.502115 -1.495420
-1.109745 -1.824007
-0.496973 -1.314814
-0.773012 -2.233596
-0.711469 -1.749921
-0.898935 -2.145465
-0.704835 -1.235381
-0.765157 -0.657601
-0.776520 -0.155573
-1.324220 -0.858965
-1.185474 -1.626267
-1.154496 -0.881957
-0.823390 -0.259944
-0.561764 -0.907208
-1.293263 -1.265969
-1.647537 -2.348132
-1.508081 -1.653355
-1.255002 -1.953110
-1.333832 -1.565431
-1.293357 -1.326360
-0.613134 -1.152748
-0.930343 -1.880846
-1.038933 -2.047842
-0.808799 -0.163703
-0.569231 -1.303063
-1.378761 -1.862527
-1.332250 -1.055243
-1.464833 -1.753940
-0.619799 -1.209077
-1.151972 -0.530478
-0.783884 -1.216823
-1.024120 -1.132710
-0.864619 -2.232323
-0.906357 -0.272159
-0.797365 -1.536049
-1.284690 -1.470328
-1.236374 -2.048317
-1.177991 -0.676947
-1.473816 -2.272650
-0.571719 -1.220732
-1.031372 -1.113669
-1.099373 -0.305891
-0.911984 -0.942483
-1.559088 -1.922076
-0.831491 -0.488926
-1.074362 -2.616316
-1.309804 -1.278551
-1.084473 -2.031571
-0.828745 -1.228495
-0.550057 -1.049876
-0.765985 -0.828091
-1.370147 -2.472130
-0.651119 -1.500062
-0.985989 -1.153044
-0.827889 -0.891308
-1.090850 -2.268738
-1.259196 -1.252344
-1.008552 -1.156459
-0.675063 -0.250774
-1.347125 -0.578723
-0.476219 -1.281329
-1.072843 -0.557784
-0.800607 -1.207052
-0.464985 -0.657112
-1.166551 -0.602054
-1.369061 -1.724403
-1.265218 -1.877696
-0.478261 -1.177367
-1.344041 -1.844233
-1.092131 -0.450986
-1.107910 -1.367036
-1.198120 -0.767197
-1.104776 -2.344351
-1.254870 -1.658995
-1.422596 -2.763303
-0.672214 -0.404981
-1.530884 -2.562321
-1.657042 -1.917049
-0.726013 -0.431042
-0.803023 -0.552256
-1.213069 -2.249647
-1.198429 -2.106854
-1.265114 -0.564704
-1.439433 -2.401590
-1.214733 -0.514064
-1.424415 -1.431326
-0.521428 -0.380247
-1.052119 -2.348071
-0.755890 -0.537689
-0.580713 -1.113148
-0.607821 -1.368386
-0.749962 -0.734487
-1.026067 -1.778784
-1.103582 -1.583593
-0.504111 -0.695350
-1.006238 -2.336603
-1.319721 -0.799552
-0.910408 -0.674287
-1.354215 -2.722141
-0.475178 -0.724570
-0.837163 -2.194316
-1.390121 -1.390799
-1.363273 -2.387004
-0.738991 -0.214964
-0.632975 -1.572607
-0.835242 -0.185408
-0.815608 -1.021913
-0.983414 -1.309755
-0.848805 -0.846628
-0.975700 -1.346658
-1.035114 -2.141597
-0.966192 -0.596373
-1.052660 -0.285754
-1.629656 -1.695626
-0.567563 -0.088559
-0.846543 -0.607240
-1.018292 -0.771702
-0.461294 -0.631679
-1.177586 -1.110073
-1.375756 -2.663999
-0.966844 0.028638
-0.737730 -0.952562
-0.956223 -1.084044
-1.133865 -0.484136
-1.264543 -1.741513
-0.592423 -0.592751
-1.269494 -1.386791
-0.899114 -0.518892
-1.187724 -1.767098
-1.343407 -1.340483
-1.232591 -2.333897
-1.454869 -2.818114
-0.383730 -0.681803
-0.964928 -0.773840
-1.207960 -2.064472
-1.413838 -2.121640
-0.434391 -0.272824
-0.860785 0.081092
-1.151011 -1.195455
-0.532435 -1.580759
-0.592289 -0.609270
-1.112389 -0.391805
-1.312008 -0.471618
-1.018215 -1.554938
-1.271145 -2.433500
-1.342580 -0.538266
-1.051846 -0.483431
-0.932610 -0.677876
-1.025821 -2.399365
-1.353048 -1.552501
-0.962907 -1.508418
-1.302265 -1.119837
-1.076444 -1.543581
-0.828904 -1.558110
-1.090605 -0.467534
-1.176221 -1.359470
-1.151945 -0.634345
-0.742999 -1.392688
-0.771267 -0.258739
-1.468136 -1.165333
-0.588635 -1.543446
-1.410427 -1.361511
-0.881537 -2.185557
-1.294695 -1.094318
-0.401797 -1.290420
-0.715893 -1.564748
-0.887851 -1.006224
-1.010976 -1.898103
-1.031498 -2.156945
-1.178760 -1.702362
-1.223896 -1.208487
-1.117162 -0.171309
-0.635568 -1.794639
-1.029075 -0.992508
-0.615845 -0.640888
-0.818347 -0.382961
-1.117059 -2.615258
-0.739244 -0.922813
-0.915786 -1.947809
-1.381452 -1.539461
-0.830835 -1.846572
-0.841067 -1.007730
-1.273892 -0.759095
-1.044484 -1.335374
-0.729657 -1.707450
-0.440652 -1.263417
-0.696297 -1.155747
-1.246779 -2.832251
-1.329712 -2.437199
-1.030000 -2.331198
-1.044100 -1.555971
-0.629182 -1.631762
-0.695347 -0.416635
-1.202795 -1.790955
-1.602901 -2.583160
-1.108395 -2.526974
-1.037903 -2.209254
-1.288156 -2.409526
-1.215165 -0.762453
-1.270010 -2.496393
-1.031038 -1.481885
-1.207245 -1.760971
-1.157811 -0.317407
-1.440758 -0.871468
-0.677365 -1.591444
-0.573918 -1.032214
-0.595316 -0.980345
-0.663151 -0.311443
-0.642725 -1.496081
-0.868811 -1.894925
-0.424714 -0.603094
-1.176215 -0.588925
-0.496845 -0.473150
-0.999421 -1.598052
-1.299008 -2.118452
-1.509795 -1.694446
-1.067155 -1.744934
-0.459196 -0.828168
-0.986033 -1.789582
-0.953886 -1.848673
-0.651258 -0.317404
-0.473945 -0.376510
-1.082606 -1.405530
-0.709748 -0.078751
-0.894502 -0.826347
-0.521121 -1.637893
-0.537859 -0.391021
-1.313305 -0.716260
-0.634159 -0.656988
-0.678014 -1.410990
-1.186583 -0.965025
-1.487284 -1.272673
-1.130231 -0.356057
-0.675235 -0.810190
-1.095079 -1.584184
-0.978794 -1.399758
-0.615306 -1.061385
-0.608026 -0.928440
-1.206925 -0.375129
-0.872592 -1.095890
-0.840860 -1.359479
-1.157480 -0.750519
-1.204042 -1.036399
-0.776991 -1.373071
-1.425274 -2.210183
-0.820174 -0.837663
-1.460131 -2.357358
-1.118849 -0.364395
-0.791123 -0.587775
-0.954301 -1.173705
-0.805342 -1.650098
-0.899806 -0.584514
-1.630217 -1.881452
-1.526768 -1.305586
-1.229620 -0.393755
-0.600531 -1.426270
-1.198033 -1.286313
-0.941808 -2.248611
-1.010450 -0.599331
-1.426245 -1.146032
-1.420544 -1.852494
-0.992391 -0.956014
-0.779548 -1.595550
-0.823443 -0.895537
-0.369284 -0.787139
-1.495513 -2.249668
-0.722279 -0.667834
-1.434257 -1.081001
-1.072856 -2.560522
-1.355746 -0.862723
-0.937035 -0.775640
-1.419148 -1.115153
-1.380245 -2.353769
-1.187842 -0.262091
-1.290756 -2.546625
-1.278613 -1.018837
-0.857932 -0.825375
-1.127616 -2.283792
-0.875943 -0.463643
-0.911812 -1.624004
-1.108560 -1.029175
-0.915985 -1.169099
-1.425156 -1.274000
-1.423969 -2.645415
-0.781836 -1.625820
-0.697830 -0.235201
-0.439036 -1.094947
-0.584295 -0.839377
-1.171176 -0.940231
-1.049279 -2.553798
-1.226405 -0.777226
-0.790693 -1.241076
-1.593311 -2.582943
-0.655652 -0.960806
-1.116798 -1.151649
-0.722372 -1.238013
-0.742223 -2.052757
-0.994089 -1.076110
-1.271985 -0.606782
-0.503867 -0.555892
-1.116486 -1.406559
-1.296754 -1.666109
-0.764252 -0.627572
-0.566912 -0.280864
-1.324509 -2.595065
-0.981144 -1.376132
-1.242070 -2.661665
-0.644166 -1.574478
-0.511445 -0.262345
-0.615679 -0.816689
-1.407052 -0.725670
-0.876696 -0.631056
-0.367257 -0.932160
-0.712574 -0.163146
-1.310029 -2.135230
-0.936591 -1.398031
-0.883002 -0.626799
-1.018958 -1.811052
-0.682416 -0.932499
-1.140223 -2.187807
-0.820038 -0.213777
-0.917105 -1.996601
-0.892266 -0.341483
-0.683640 -1.039204
-0.693079 -1.213165
-0.921494 -0.305172
-0.735616 0.016595
-0.873604 -0.152412
-1.085176 -2.119873
-1.050489 -1.574892
-0.534832 -1.479420
-1.296375 -1.458039
-0.849790 -1.466103
-1.151024 -0.323153
-1.157349 -0.573001
-0.702584 -0.418185
-1.178859 -0.651127
-0.479851 -0.975586
-0.705902 -0.804880
-0.639395 -0.412642
-0.757243 -0.667303
-0.954730 -1.930660
-0.858366 -0.177499
-1.199012 -0.447277
-0.443688 -0.900267
-1.510819 -1.082248
-0.897886 -1.359361
-0.873780 -0.713557
-1.426446 -1.841891
-0.552102 -0.941633
-1.131148 -2.553257
-1.486973 -2.046279
-0.848896 -1.141000
-1.412806 -0.868062
-0.427054 -0.957977
-1.519235 -2.060222
-0.704640 -1.773661
-0.421904 -0.609252
-1.210844 -1.548209
-0.382784 -1.447805
-0.567211 -1.224477
-0.543148 -1.468489
-0.796302 -0.767413
-1.287515 -0.409302
-0.914182 -0.939590
-0.953821 -0.105380
-0.852981 -0.400065
-1.123892 -1.350731
-1.355299 -2.022653
-1.631649 -1.966159
-1.119080 -0.395554
-1.275468 -2.530949
-1.293142 -1.461558
-0.989603 -1.356876
-1.373874 -2.533660
-0.911421 -0.747011
-1.278165 -1.469008
-0.756089 -0.567877
-0.405677 -0.863115
-0.919429 -1.012821
-1.349210 -1.159547
-1.226555 -0.325584
-0.825745 -0.552882
-0.754730 -1.149041
-1.275045 -2.396164
-0.753851 -0.503135
-1.356816 -1.086242
-1.020829 -2.119489
-0.910615 -1.029518
-0.672722 -1.791821
-1.329596 -2.732264
-1.231325 -0.520856
-0.616870 -0.292793
-1.350812 -2.631401
-1.310722 -1.295301
-1.088640 -2.351183
-1.106492 -0.732986
-1.225151 -1.852716
-0.842964 -0.591053
-1.702964 -1.767095
-0.712793 -1.408836
-1.356306 -2.220148
-1.160034 -1.480480
-1.163873 -0.658822
-1.125770 -0.313997
-0.530010 -1.548491
-1.160062 -1.709426
-1.255855 -1.913652
-0.544879 -0.839426
-1.454478 -2.545960
-1.263340 -2.266882
-1.421045 -1.411494
-0.925807 -0.502977
-1.023233 -2.053388
-0.551394 -0.603700
-0.739587 -0.190104
-0.348139 -0.696257
-1.567067 -1.781619
-0.753347 -0.543779
-1.277726 -2.084183
-1.047969 -0.873358
-1.548508 -2.583845
-1.063667 -1.544470
-1.467644 -1.947368
-1.657262 -2.578482
-0.544810 -1.232781
-0.893395 -0.882081
-0.865364 -1.599696
-1.340338 -0.597449
-1.227762 -2.281995
-1.283141 -1.441338
-1.435001 -0.885787
-0.986018 -0.617433
-1.360695 -2.602193
-0.460425 -1.266614
-1.081983 -1.086648
-1.483582 -1.760055
-0.574994 -0.733954
-1.109650 -0.627260
-1.425193 -1.734175
-0.961302 -1.571600
-1.268108 -1.934412
-1.409259 -1.205610
-0.550076 -0.829784
-1.373535 -1.174916
-1.030120 -1.031650
-0.879439 -1.023032
-1.431698 -0.954883
-0.468608 -1.263085
-1.159062 -1.348190
-1.087519 -1.159068
-0.641092 -1.482145
-0.594944 -0.303257
-1.180055 -2.068443
-1.189647 -2.339364
-0.686832 -1.123909
-1.507814 -1.335935
-0.579557 -0.749704
-1.014923 -0.573372
-0.770808 -0.025819
-1.325586 -0.837116
-0.461009 -0.949499
-1.141852 -0.418296
-0.675822 -1.640391
-1.335395 -0.877697
-1.038823 -2.205421
-1.061323 -2.095158
-1.405488 -1.092509
-0.890814 -0.244091
-0.948396 -0.733744
-0.932998 -0.970681
-0.880100 -0.218321
-0.672782 -0.772021
-0.963259 -1.164807
-1.150737 -1.077183
-1.234533 -0.460481
-1.609450 -1.771155
-1.462809 -2.640203
-0.595766 -0.821287
-0.538502 -0.316921
-0.543930 -0.794069
-0.905301 -1.883144
-1.072640 -0.985581
-1.122033 -1.612269
-0.621020 -0.591160
-0.990340 -1.183042
-0.938898 -0.040646
-0.811015 -1.692702
-0.638367 -1.371305
-0.503937 -0.213598
-0.603001 -0.426513
-1.041883 -0.800244
-1.582958 -1.901148
-1.664234 -2.292179
-1.500706 -2.020893
-1.207369 -2.179632
-1.380110 -2.439179
-0.816599 -1.328546
-1.427342 -0.584666
-0.984820 -1.005031
-1.104674 -0.171145
-1.243941 -0.570966
-0.813593 -0.212408
-1.352481 -1.104464
-1.055714 -0.709558
-1.557235 -1.803163
-1.029946 -2.273624
-0.899223 -0.981173
-1.475677 -2.513985
-1.345440 -0.945408
-0.811606 -0.316939
-1.341471 -2.079511
-0.837905 -1.427366
-1.009106 -0.369629
-0.892528 -0.987641
-0.514857 -1.352113
-1.406847 -1.444831
-0.499260 -1.043640
-0.509495 -0.766766
-1.172520 -1.905749
-0.666840 -0.987888
-1.138978 -1.220840
-1.139684 -0.880532
-0.783106 -1.664252
-1.383638 -1.491866
-1.616116 -1.824971
-1.027717 -1.703724
-1.075629 -1.156883
-1.289711 -2.721812
-1.058495 -0.332233
-1.522579 -2.510933
-0.970681 -1.693016
-1.139455 -0.779540
-0.927720 -1.265096
-1.343101 -2.081716
-0.684291 -0.241325
-0.811269 -0.272041
-0.389251 -1.050694
-0.760771 -0.451316
-1.362519 -2.145274
-1.281420 -0.974750
-0.808780 -0.366324
-1.388815 -1.611288
-0.428337 -1.109113
-1.107372 -0.277362
-0.844574 -0.434630
-0.517974 -0.342947
-0.739777 -0.786309
-1.347873 -2.439815
-1.209647 -0.926346
-0.615225 -0.157023
-1.130777 -1.193386
-1.014748 -1.054138
-0.591634 -1.326717
-1.171763 -0.877506
-0.587245 -0.653208
-1.177906 -0.407250
-1.214315 -2.000479
-0.709163 -1.773308
-0.741490 -1.291633
-1.006240 -0.806902
-1.096573 -1.214331
-1.281709 -0.302172
-0.667443 -0.494770
-0.725809 -1.145568
-1.469140 -1.258047
-1.311813 -1.053130
-0.898612 -0.270021
-1.007947 -1.385949
-0.906415 -1.054697
-1.300843 -1.357659
-0.739301 -1.266998
-1.042397 -1.993314
-1.070149 -1.788859
-1.324099 -1.518341
-0.949878 -0.284814
-1.156546 -0.258350
-1.090585 -2.580855
-1.059786 -1.545392
-1.371333 -0.731555
-0.655642 -0.457897
-1.163893 -0.606567
-0.861525 -1.405618
-0.885228 -0.899005
-0.910811 -0.601102
-1.283078 -0.754410
-1.360544 -1.203722
-1.028552 -1.188789
-1.184312 -0.785143
-1.239315 -1.545696
-1.021840 -0.739723
-0.862039 -1.359793
-1.156417 -2.629127
-0.651382 -1.528401
-1.243920 -0.454208
-0.739804 -1.627011
-1.184930 -0.778054
-0.984002 -2.420382
-0.826410 -0.889674
-0.887636 -1.502048
-0.657563 -1.833569
-0.968793 -2.398890
-1.399007 -1.229852
-0.850252 -1.477852
-1.166128 -0.065161
-1.536138 -2.400581
-1.392463 -2.233155
-0.845863 -1.699393
-0.946516 -0.373936
-0.520629 -0.795434
-0.455227 -0.992354
-1.423663 -2.559633
-0.577858 -1.595743
-1.479401 -0.968773
-1.648976 -1.421571
-1.378850 -1.054110
-0.374917 -0.913823
-1.223748 -1.943962
-0.776555 -0.530359
-0.738189 -1.519994
-0.718207 -0.767833
-1.121665 -2.109699
-0.491055 -1.202235
-0.780241 -1.085938
-1.018905 -0.898679
-0.570116 -0.495205
-1.063170 -0.463319
-1.482741 -1.182700
-0.955306 -0.652020
-1.436594 -1.299637
-0.373691 -0.693376
-0.893063 -1.012971
-1.153067 -0.264747
-1.478436 -0.700373
-1.353322 -0.636174
-1.560311 -1.958024
-1.233109 -0.471264
-0.946529 -2.641301
-0.864964 -1.029136
-1.510505 -1.317033
-1.263470 -0.749083
-1.023589 -0.352352
-1.221618 -1.961609
-1.218945 -0.464323
-0.782048 -1.686285
-1.454324 -1.363353
-1.387050 -0.990861
-1.027384 -0.482866
-1.360968 -1.605667
-0.767282 -0.464887
-0.696782 -1.703922
-1.194712 -0.377980
-1.155623 -2.098993
-0.510839 -0.381755
-0.561234 -1.096403
-1.603265 -1.688187
-0.910264 -1.349703
-0.786591 -1.429426
-0.879678 -1.331421
-0.751883 -1.282807
-1.332524 -1.168811
-1.312527 -0.575632
-0.988023 -0.490409
-1.391898 -1.814129
-1.311798 -0.727581
-0.595006 -0.689933
-1.245669 -1.261935
-0.666425 -1.187845
-0.419297 -0.745154
-0.918186 -0.438425
-1.172026 -0.652099
-0.700255 -1.394459
-1.367929 -0.830609
-1.349338 -1.033330
-1.011078 -0.909422
-1.675206 -2.007271
-1.315207 -1.666038
-1.496115 -1.876463
-1.406732 -1.724204
-0.593538 -0.736789
-0.852007 -2.170531
-0.584576 -1.710984
-1.022369 -1.673885
-1.186679 -1.049312
-1.565242 -3.069673
-1.354064 -1.093396
-0.547150 -0.734226
-1.124969 -2.248020
-1.320515 -2.685123
-0.533333 -1.335110
-1.058779 -0.169211
-1.213872 -2.441330
-0.827910 -2.045096
-0.738754 -0.812851
-0.782449 -2.153730
-0.910447 -1.530635
-1.020947 -0.422820
-1.074833 -2.456101
-0.840194 -0.269638
-0.643536 -0.853867
-1.155574 -2.406348
-1.143150 -0.525625
-1.048330 -1.384671
-0.426667 -0.754407
-1.301520 -1.298643
-0.531764 -0.526886
-0.763898 -1.346332
-1.018706 -1.909746
-1.424510 -1.768727
-1.558490 -1.606675
-0.797262 -1.490779
-0.999844 -2.323656
-1.105772 -2.406260
-0.948944 -1.982554
-1.300861 -2.537371
-0.601030 -0.835615
-1.572386 -2.089415
-0.753017 -0.793580
-1.239057 -1.284038
-1.357250 -1.636009
-1.217806 -0.598195
-1.108340 -0.727736
-1.559548 -2.558214
-0.726261 -1.653497
-0.945589 -0.990350
-1.350552 -1.598909
-0.445736 -0.950387
-1.258303 -0.647807
-1.212068 -1.047076
-0.610927 -0.752663
-1.056102 -1.169736
-1.056341 -1.091857
-1.100157 -1.693260
-0.707958 -0.799885
-1.302924 -0.630098
-0.949479 -1.612181
-0.857992 -1.201106
-0.619817 -0.436165
-1.145477 -0.790386
-0.568998 -0.244395
-0.886046 -0.212382
-0.413014 -1.020237
-1.377690 -1.503241
-0.584194 -1.005357
-1.310381 -1.348020
-0.471886 -1.302639
-0.675032 -1.106932
-1.005139 -0.496854
-1.420703 -1.277367
-1.227286 -1.534181
-0.664113 -1.553953
-0.983187 -0.751757
-0.928506 -1.674555
-0.845662 -0.711326
-1.086843 -0.338458
-1.202194 -0.221638
-1.031828 -1.583328
-1.314041 -2.324331
-0.549513 -0.451554
-1.531489 -2.448790
-1.075771 -0.426823
-1.205074 -1.721210
-0.945674 -1.369230
-1.288626 -0.576733
-0.805644 -1.870058
-0.809551 -2.009930
-0.606600 -0.826141
-0.560390 -0.226420
-0.559018 -0.902461
-1.378618 -2.087961
-1.412358 -0.960057
-0.934736 -0.341523
-0.753229 -1.898312
-0.751657 -0.110162
-0.629521 -0.786746
-0.599568 -1.625193
-0.606439 -1.480514
-1.115934 -2.402812
-0.989393 -0.823467
-1.052878 -1.165801
-1.271828 -2.093846
-1.183471 -2.878680
-1.122800 -1.890244
-1.101780 -2.436265
-1.535874 -2.095847
-1.411381 -1.091052
-0.995820 -1.861397
-0.700505 -1.676986
-1.186441 -1.180046
-1.193915 -0.319156
-0.925041 -1.749692
-1.209030 -0.592316
-1.080824 -1.620437
-0.958613 -1.633761
-0.854331 -0.521934
-0.406978 -0.644726
-0.875626 -0.901671
-0.642529 -1.035551
-0.352162 -0.297615
-1.271352 -1.220707
-0.901573 -2.282313
-1.129048 -1.218763
-1.185364 -0.995398
-1.308688 -1.292924
-1.580685 -2.295465
-1.210994 -2.450451
-0.808182 -1.477967
-1.199191 -1.219596
-1.465055 -1.565884
-1.328956 -1.828226
-0.772194 -1.524235
-1.207606 -2.165564
-1.066300 -2.553579
-1.196353 -1.087332
-0.999834 -2.270125
-0.633551 -1.701354
-0.594484 -0.718938
-0.595239 -0.718142
-0.597884 -0.664343
-1.162727 -1.059627
-1.007912 -0.483280
-1.258329 -0.341874
-1.483777 -1.974459
-0.538385 -1.325513
-0.635644 -1.665027
-1.013942 -1.283249
-1.283884 -1.523881
-0.772241 -1.728663
-0.381730 -0.508321
-1.385781 -2.411705
-1.010223 -1.788983
-1.630643 -1.814271
-1.214887 -0.201045
-1.144373 -2.701730
-0.823767 -1.441623
-1.438123 -1.568979
-0.999444 -1.279096
-0.640991 -0.500272
-1.341428 -1.313864
-0.605471 -1.010868
-1.242236 -2.517720
-0.843396 -1.239419
-1.212964 -2.549310
-0.428604 -1.123005
-1.324534 -0.638742
-0.916198 -0.170417
-0.759355 -1.722042
-1.046908 -0.285942
-1.210362 -0.415195
-1.043980 -0.317171
-0.895194 -1.886445
-0.450998 -1.114469
-1.315836 -1.582679
-1.375038 -2.366914
-1.122039 -2.429701
-0.804504 -0.929981
-0.717138 -1.958318
-1.293987 -0.798229
-1.201031 -0.414337
-1.344426 -0.507224
-0.771722 -2.054165
-0.396762 -0.587514
-0.697096 -1.750070
-1.004198 -1.550309
-0.644721 -1.405185
-0.901563 -1.728253
-0.978131 -0.420282
-0.632871 -0.810263
-0.830936 -0.276701
-0.535945 -0.545628
-0.695244 -1.047785
-0.600368 -0.858609
-1.424158 -2.156151
-1.069083 -0.464693
-1.235053 -0.331531
-1.155733 -1.249426
-0.846675 -1.623243
-0.705678 -0.819603
-0.832899 -0.544710
-0.893606 -1.126711
-0.741875 -0.710288
-0.800473 -1.038050
-1.505159 -1.813903
-1.145990 -1.367946
-0.710430 -0.114272
-0.672793 -0.326785
-1.147590 -1.879462
-0.454924 -0.502730
-0.752742 -0.285012
-1.127811 -0.780121
-0.548176 -0.694728
-1.425396 -1.413213
-0.951488 -0.214454
-1.218794 -0.553161
-0.914904 -2.312835
-0.556416 -0.952678
-1.338080 -2.488878
-0.643661 -1.686237
-1.440627 -1.519395
-1.280270 -2.520957
-0.983752 -2.093146
-1.304902 -1.231717
-1.068780 -0.363308
-0.696734 -0.353596
-1.191790 -0.212639
-0.917098 -1.104176
-0.457748 -0.930378
-0.976420 -0.310073
-0.847852 -1.608417
-0.681664 -1.479051
-0.642145 -0.354993
-1.155187 -1.160806
-1.587012 -1.136400
-0.844030 -0.159071
-0.796558 -0.652312
-0.777075 -1.007866
-0.934859 -1.076803
-1.198958 -1.532833
-0.944830 -0.615789
-1.327104 -0.641260
-1.047511 -0.064218
-1.104235 -0.172044
-1.030501 -0.754414
-0.789794 -1.951721
-0.979949 -1.953193
-1.321871 -1.331373
-0.799841 -1.973982
-1.160741 -1.212165
-1.047345 -1.080306
-1.093655 -1.985104
-1.257161 -1.326189
-1.458470 -2.055709
-0.889325 -0.068673
-0.984258 -0.966614
-0.771889 -1.066236
-0.705811 -1.025261
-1.095093 -0.921580
-0.706031 -0.922494
-0.783959 -2.100168
-0.883590 -0.267891
-1.336944 -1.509693
-1.419227 -1.553360
-0.503257 -0.862628
-1.046227 -0.409375
-0.835447 -0.399050
-0.963752 -0.351944
-1.463381 -1.007762
-1.152361 -1.454608
-0.866943 -1.339536
-0.658800 -0.537599
-0.519641 -1.245926
-1.204034 -0.568142
-1.097896 -2.020056
-0.765528 -0.365334
-0.880362 -0.316649
-0.830248 -1.771947
-1.637398 -1.761764
-1.315170 -2.384308
-1.287198 -0.530620
-1.196049 -0.775894
-1.365044 -1.759512
-1.034035 -1.320746
-1.286275 -1.098752
-1.343926 -1.344926
-1.444581 -1.745246
-0.523900 -0.870250
-0.729064 -0.623658
-0.406879 -0.761932
-1.112135 -1.174741
-1.464586 -2.173146
-0.969010 -2.267724
-0.387952 -1.049113
-1.610886 -2.401488
-1.495896 -1.263216
-1.434839 -1.752791
-1.414876 -2.023274
-1.415601 -1.387772
-1.097246 -1.954489
-1.489408 -1.686503
-1.180522 -0.014395
-1.104479 -2.135312
-0.409966 -0.564344
-1.381536 -1.156256
-1.141814 -1.019915
-1.063576 -2.444377
-1.354845 -0.542748
-1.189079 -1.954370
-1.106353 -1.973282
-1.354459 -2.218998
-1.168719 -2.652629
-1.093752 -0.720234
-1.476478 -0.845712
-0.843507 -0.995435
-1.517778 -2.670169
-1.100946 -0.340443
-1.014590 -2.055026
-1.015586 -0.502166
-0.696393 -0.838403
-1.157496 -1.556088
-0.687708 -0.132658
-1.245967 -0.438925
-0.624436 -1.367530
-0.496731 -1.113022
-0.554695 -0.965556
-1.482952 -1.424556
-0.923362 -0.455371
-0.563447 -1.212535
-0.914775 -0.128846
-1.015533 -1.778299
-0.977232 -0.051459
-0.956882 -0.979598
-1.155555 -0.888607
-0.864925 -0.210067
-0.582533 -1.249771
-0.962993 -2.162551
-1.271327 -2.757824
-0.593394 -0.959190
-1.026136 -0.642966
-0.459644 -0.789229
-1.231349 -1.127766
-0.423747 -0.369249
-1.186637 -1.970629
-0.909881 -0.965485
-0.580085 -0.269709
-0.698291 -0.766292
-1.533272 -1.803697
-0.806438 -1.843144
-0.770607 -1.608676
-0.951003 -1.495400
-1.084421 -0.860001
-0.460616 -0.950791
-0.962968 -0.585309
-0.697550 -1.077464
-0.975324 -2.205109
-0.965065 -0.258664
-0.601318 -0.475534
-0.677456 -0.259696
-1.309106 -0.628249
-0.489397 -0.143386
-0.923272 -0.639551
-0.770552 -0.835932
-0.907078 -0.579834
-0.746298 -0.608261
-1.537507 -2.523909
-0.796120 -0.875696
-1.521683 -1.840317
-1.459650 -2.724446
-1.135677 -0.444103
-1.217288 -1.802963
-0.945290 -0.931928
-0.736470 -0.455758
-1.031512 -0.200104
-1.506683 -1.697542
-1.671025 -1.956411
-0.999789 -0.752148
-1.013882 -0.865504
-1.434936 -1.988293
-0.407824 -0.286499
-1.253560 -2.547485
-0.794503 -1.479144
-0.681444 -0.882475
-1.560815 -1.390001
-0.602673 -0.923369
-0.738982 -0.404186
-0.522690 -1.059291
-0.481505 -0.690633
-0.966500 0.025399
-1.058357 -1.120738
-1.449973 -0.588853
-1.300308 -0.126689
-0.659284 -0.457729
-1.206671 -1.648682
-0.873871 -0.237810
-1.487091 -2.266030
-1.232295 -2.247572
-1.219701 -1.616715
-0.652786 -0.398484
-0.595811 -1.634524
-1.238489 -1.256726
-0.409182 -0.462188
-1.448494 -2.002144
-0.783999 -1.743900
-1.201992 -1.464310
-0.443618 -1.419805
-1.369205 -1.006215
-1.176414 -2.590848
-0.876738 -1.857836
-0.539414 -1.323909
-1.510778 -1.507594
-0.676170 -1.302679
-1.454070 -1.176347
-1.234813 -0.503430
-0.842607 -1.612991
-0.601782 -1.068597
-0.587592 -1.570301
-1.603168 -1.598189
-1.453044 -1.914039
-1.024235 -1.549075
-1.284001 -2.081510
-0.772222 -0.680657
-0.824508 -1.535946
-1.485057 -2.439185
-0.574814 -1.242113
-1.259952 -2.195854
-0.987410 -1.405398
-0.855894 0.011637
-1.103253 -0.675800
-1.346756 -2.219193
-0.957939 -2.494915
-1.111161 -2.655586
-0.750046 -1.268520
-1.223945 -2.355916
-1.024347 -2.165430
-1.036701 -0.534828
-0.751811 -1.054066
-1.327880 -1.076878
-1.252362 -1.732551
-0.953418 -0.297641
-0.959124 -2.439224
-1.267534 -0.400662
-1.208818 -1.080909
-0.742932 -2.097929
-0.671161 -1.003121
-0.864017 -0.725058
-0.668732 -1.038737
-1.240818 -1.220557
-0.955938 -0.722212
-0.696050 -0.998287
-1.134378 -2.243469
-1.032394 -0.673269
-1.286093 -1.580185
-1.027548 -2.689085
-1.555458 -2.957500
-1.274998 -0.414895
-1.510481 -2.579674
-0.735531 -1.500232
-1.527755 -1.389645
-1.357876 -1.225274
-1.438070 -1.923120
-0.938225 -1.759079
-0.803659 -1.792481
-0.735645 -1.976276
-1.179189 -0.767416
-1.434569 -1.659516
-1.167534 -1.262448
-1.172432 -0.747135
-0.644227 -0.625200
-1.270481 -0.871281
-0.420520 -1.009007
-1.457771 -0.677385
-1.007023 -0.534524
-1.350153 -1.298838
-0.800003 -1.865761
-0.740285 -0.590286
-1.310603 -0.691237
-0.591313 -0.857085
-1.045707 -1.394161
-1.306734 -2.286959
-1.208321 -2.090084
-1.223394 -0.824329
-1.097048 -0.062235
-0.566747 -1.120425
-1.032638 -1.603622
-1.260266 -2.688929
-0.919706 -1.342358
-0.857811 -0.884100
-1.004668 -0.108359
-0.975226 -2.054322
-0.957420 -1.189173
-1.236147 -0.372005
-0.979134 -1.143335
-1.047736 -0.398746
-1.205146 -1.187239
-1.358436 -1.646095
-0.518024 -0.842427
-1.294889 -0.839293
-1.152227 -1.502343
-0.662284 -0.789667
-0.987526 -0.460156
-0.678299 -0.398324
-1.009124 -1.210870
-0.825377 -0.315415
-1.584286 -2.422415
-1.229270 -1.329909
-1.089027 -0.828983
-1.551219 -1.627155
-1.234781 -0.981075
-1.093287 -2.025688
-1.425326 -1.394666
-1.452296 -1.328424
-1.007280 -2.372873
-1.150072 -1.443232
-1.105811 -0.413512
-0.963543 -1.773690
-1.031613 -1.471481
-1.483434 -1.309451
-0.848301 -0.396001
-1.543882 -2.598607
-0.962734 -0.569219
-1.487693 -1.797924
-0.791201 -1.242753
-0.929163 -0.288445
-1.243601 -1.409996
-0.676588 -1.562518
-1.341557 -1.544364
-0.999614 -0.951372
-1.403465 -1.947217
-1.138137 -0.247440
-1.038233 -2.303811
-0.803709 -1.444765
-1.009901 -0.368747
-0.962522 -0.735840
-1.134916 -2.204977
-0.966435 -2.090462
-1.135656 -0.359092
-1.009463 -2.731379
-1.453715 -2.035492
-0.574049 -1.585244
-1.305280 -0.553866
-1.093023 -1.901943
-0.796205 -1.874333
-0.949829 -1.785759
-0.516648 -1.242447
-0.469234 -0.652466
-0.739486 -0.397841
-1.617944 -2.453048
-1.497170 -2.099524
-1.404193 -1.920603
-0.499665 -1.065893
-0.567965 -0.981749
-1.258598 -2.376871
-0.876135 -2.114155
-0.786368 -0.098756
-1.098638 -2.490185
-0.580396 -1.262656
-1.267533 -1.867116
-0.782311 -0.611274
-1.043162 -0.548834
-0.488366 -1.208082
-1.393890 -1.034931
-1.092925 -0.753017
-0.779145 -1.059744
-0.838421 -1.736965
-1.135005 -0.245916
-1.290282 -1.675888
-0.809239 -0.159151
-0.586032 -1.115564
-1.632326 -2.879917
-1.520414 -1.102276
-1.359542 -0.929153
-1.420640 -2.415546
-0.833404 -1.850572
-0.414835 -1.143702
-1.463823 -2.006405
-0.719152 -0.408461
-0.936459 -0.956709
-1.279977 -1.118863
-0.610822 -0.410589
-0.816476 -0.257564
-0.892996 -1.597035
-0.824396 -0.673325
-0.753545 -1.441247
-1.614738 -1.398946
-0.634506 -0.684753
-0.664331 -0.700927
-0.833373 -0.351800
-0.981693 -1.799536
-0.961963 -1.891535
-1.296888 -2.309220
-1.136967 -0.871712
-0.998731 -0.264183
-0.453963 -1.445592
-1.109231 -0.738148
-0.679960 -1.445964
-1.329146 -2.571540
-0.649085 -0.910053
-0.903537 -1.118402
-0.776465 -1.178491
-0.900867 -1.764734
-1.510380 -2.600968
-0.719078 -1.810003
-0.576292 -0.520868
-1.351756 -2.537359
-0.901706 -1.232858
-0.750420 -0.421047
-1.412843 -1.927991
-1.292357 -0.557853
-0.965729 -0.599927
-0.584220 -0.868751
-0.714960 -1.510472
-0.975142 -0.183722
-0.993659 -1.286534
-1.245736 -1.622918
-1.192366 -1.978992
-0.737064 -0.814171
-0.732509 -1.827569
-1.497742 -2.908749
-1.121004 -2.095678
-0.595160 -1.552872
-0.968429 -1.220753
-0.695323 -1.093262
-1.547404 -2.084761
-1.441951 -1.712423
-0.789421 -2.091219
-0.856873 -1.617626
-0.509844 -1.116235
-1.183702 -2.595212
-1.215644 -1.904641
-1.173761 -0.813137
-1.477120 -1.740984
-0.892282 -0.402080
-0.977892 -2.443832
-1.399793 -2.166444
-0.958639 -1.565484
-0.907237 -1.393306
-0.394630 -0.699204
-1.308966 -0.624220
-0.648328 -0.954883
-1.086149 -1.203421
-0.585193 -0.240904
-1.511015 -1.926145
-0.752196 -1.333772
-0.764161 -0.212936
-0.401908 -0.708228
-1.051380 -0.205731
-1.256143 -1.573434
-0.768429 -0.914540
-0.978005 -1.820231
-1.174669 -1.743639
-1.424566 -1.691109
-0.589858 -0.907710
-0.683403 -1.183677
-1.276637 -0.292779
-1.225724 -1.196742
-1.121047 -1.663687
-0.926793 -2.020720
-0.876294 0.155863
-0.347337 -0.477170
-0.783920 -0.358436
-0.665585 -1.461265
-1.265865 -1.814276
-1.138180 -0.797845
-0.721758 -0.546806
-1.239697 -1.438707
-0.711748 -0.256544
-0.427387 -1.159576
-1.257375 -1.539219
-1.157091 -2.467566
-1.109758 -2.588644
-1.135502 -1.748617
-1.116192 -2.272953
-1.513216 -2.317842
-1.373263 -1.080332
-0.744264 -1.334817
-0.869638 -0.400944
-0.532391 -1.265897
-0.498260 -0.813271
-0.686454 -1.354673
-1.496587 -1.800482
-0.973123 -1.203065
-0.913615 -1.605808
-1.288476 -1.890256
-1.193019 -2.004456
-1.212130 -2.251585
-1.305898 -2.552188
-0.932966 -0.760384
-1.193541 -0.961738
-1.140211 -1.704561
-1.089733 -1.961023
-1.556182 -1.326795
-1.152905 -1.962491
-1.021458 -0.539346
-0.883371 -0.827649
-0.557934 -0.891757
-1.508556 -2.633774
-0.579705 -1.129875
-1.245828 -1.154195
-0.448792 -0.489793
-1.067179 -1.461253
-0.897385 -2.177468
-0.953461 -0.809855
-0.659320 -1.477523
-0.898358 -1.572614
-0.993501 -1.169890
-1.040552 -0.351609
-1.037205 -1.047692
-1.549194 -2.123958
-1.419759 -0.917758
-1.006284 -0.700538
-1.186446 -0.410095
-1.311257 -1.097823
-0.650736 -1.135949
-1.201839 -2.259950
-0.971074 -1.472623
-1.033924 -1.643291
-0.864868 -0.661374
-1.153910 -2.439131
-1.176600 -1.994685
-0.584449 -1.437319
-1.091832 -0.400786
-1.387397 -0.982375
-1.126268 -1.431713
-1.366601 -2.701503
-0.729501 -0.301493
-1.253948 -1.105766
-1.349186 -0.937434
-0.599627 -0.373370
-0.549817 -0.503330
-1.263851 -2.670557
-1.033805 -1.436506
-1.027273 -1.181640
-0.849129 -0.478986
-1.081922 -2.187166
-0.781051 -0.433735
-0.913670 -0.772867
-0.995815 -0.735681
-0.676514 -0.923871
-0.603519 -0.961313
-1.072472 -1.237167
-0.428868 -0.818844
-1.352303 -0.812360
-0.830634 -1.185268
-1.114466 -0.268962
-1.180467 -0.268364
-1.169185 -2.548750
-0.789642 -2.085538
-1.251573 -2.061445
-1.065618 -0.077163
-1.391519 -0.711311
-1.247601 -1.746327
-0.908737 -0.493791
-1.496417 -1.953315
-1.257714 -0.599196
-0.757484 -0.559663
-0.720547 -0.284520
-1.229496 -1.640665
-0.428019 -1.011287
-1.326822 -1.262362
-1.319714 -0.603917
-0.737578 -1.744218
-0.542289 -0.369192
-1.420073 -1.739884
-1.544406 -1.999194
-1.320438 -1.982236
-0.948019 -1.933177
-0.411590 -1.151243
-1.173112 -0.488835
-0.682946 -1.387247
-0.993990 -0.169739
-1.266497 -0.918466
-1.195059 -1.867050
-1.225270 -1.750412
-0.652605 -1.676636
-1.454357 -2.040919
-0.931679 -0.840437
-0.770015 -2.142442
-1.142227 -2.165243
-0.918105 -1.645311
-1.020391 -0.315461
-1.200673 -2.448286
-0.514059 -1.281717
-1.420197 -0.225556
-0.892453 -0.211867
-1.234411 -1.761415
-0.615686 -0.274327
-0.434779 -0.446286
-1.341129 -2.371545
-0.935639 -0.027061
-0.988586 -0.473977
-0.984204 -1.982022
-0.967694 -0.349912
-0.638791 -0.658744
-0.967703 -0.204236
-1.093067 -0.406548
-1.120393 -0.749750
-0.708295 -0.164438
-0.652728 -0.813926
-1.235915 -1.410734
-1.018155 -1.704714
-0.764051 -1.577214
-1.265327 -2.218936
-1.137809 -1.820439
-1.461303 -1.974746
-1.631820 -1.858116
-0.633697 -1.107927
-0.778951 -1.579959
-0.752509 -1.645141
-1.515190 -1.423107
-0.525374 -0.633721
-1.496597 -1.596040
-0.844520 -0.269657
-1.512576 -1.738137
-1.127446 -0.473883
-1.577840 -2.458278
-0.952813 -1.996485
-0.658216 -0.756744
-1.106078 -1.879490
-1.029629 -2.247972
-1.018227 -0.639328
-0.835040 -0.326192
-0.882358 -1.963537
-0.921180 -0.533373
-0.471100 -0.481986
-1.183897 -1.367243
-0.417712 -1.484092
-1.111175 -0.377898
-0.683732 -1.645220
-1.348308 -1.059701
-0.872858 -0.134521
-0.692585 -1.849688
-0.591808 -1.318148
-1.212952 -0.899869
-0.966190 -0.184332
-0.603533 -1.433447
-1.087284 -0.401588
-1.054533 -2.078829
-1.370323 -2.396748
-1.291660 -1.173272
-1.033381 -1.836510
-0.413705 -1.279134
-0.837852 -1.133076
-0.986364 -0.218562
-0.715988 -1.131608
-1.001672 -0.275863
-1.359422 -2.404022
-0.766637 -0.632401
-1.143435 -2.399943
-1.579389 -1.900170
-1.043765 -2.025340
-1.183697 -1.453590
-0.871703 -0.557202
-1.191631 -0.663406
-0.946588 -0.518857
-1.233590 -1.113753
-1.203950 -2.347150
-1.185005 -0.389567
-0.924134 -0.305076
-1.501197 -1.889446
-1.175500 -0.802344
-1.363863 -2.757394
-0.619205 -0.443925
-1.278927 -1.301775
-1.426093 -2.664345
-1.038244 -1.449857
-1.339059 -0.759745
-1.283406 -1.096292
-0.636363 -1.923500
-0.962959 -0.242385
-1.372761 -1.776616
-1.166408 -0.545643
-1.043632 -1.534864
-1.047410 -0.845970
-0.739396 -0.429043
-0.576914 -1.187606
-0.480432 -1.374594
-1.434806 -1.531379
-1.496833 -2.050942
-0.769097 -1.965330
-1.271108 -0.972856
-0.738990 -1.391005
-1.101286 -1.313764
-0.673050 -0.167741
-0.878069 -0.458223
-0.706097 -0.357744
-1.264483 -0.463100
-0.668618 -0.227900
-1.270946 -2.227657
-0.875843 -2.208169
-1.178760 -2.624225
-0.734358 -0.891997
-1.219023 -1.243757
-0.621759 -1.315838
-0.756658 -1.962355
-0.776842 -1.919055
-1.307293 -1.210786
-0.924918 -0.512515
-0.980867 -1.721118
-0.794431 -0.341435
-0.999216 -1.067670
-1.688727 -2.121881
-1.434318 -1.913954
-1.259368 -1.120693
-0.808364 -1.228027
-0.795850 -1.916743
-1.008264 -2.058611
-1.252694 -1.391739
-0.648222 -1.537594
-0.973789 -1.473572
-0.381679 -0.966028
-1.388495 -2.419991
-0.726473 -1.804856
-0.437069 -1.040120
-1.033157 -1.846006
-0.697055 -1.146456
-1.192151 -2.378566
-1.447924 -2.075109
-1.302831 -2.542840
-1.171329 -0.934929
-0.773215 -0.099993
-1.200075 -1.779409
-0.824731 -2.063123
-1.579046 -2.209992
-1.540266 -2.208775
-1.381779 -1.428423
-0.660641 -1.484202
-0.939355 -2.484092
-1.103501 -0.578362
-0.907824 -1.096935
-1.004138 -0.543083
-1.321587 -1.214987
-1.281163 -0.945322
-0.569358 -1.374351
-0.396507 -1.147606
-1.200416 -0.539369
-0.959904 -0.499782
-1.077355 -1.286269
-1.442510 -1.898827
-1.258981 -0.294332
-1.271877 -2.363110
-0.822673 -0.755327
-1.468970 -1.734959
-1.426967 -0.622782
-1.047098 -1.336865
-0.694006 -0.211440
-1.023303 -0.439996
-1.106612 -1.401710
-1.507675 -1.532208
-0.953411 -1.258880
-0.498414 -1.055239
-0.396240 -0.730924
-0.917755 -0.677393
-1.103899 -1.537655
-0.819427 -0.286622
-0.956930 -0.522700
-0.842111 -1.287342
-1.290347 -0.849569
-0.871744 -0.554415
-1.048612 -0.697370
-0.954310 -1.421740
-0.301239 -0.277406
-1.431316 -1.716807
-0.818709 -0.411192
-0.568844 -1.469931
-0.605882 -0.121459
-1.205737 -2.381465
-0.857916 -0.577366
-1.166768 -0.994051
-1.250886 -2.229031
-1.234729 -0.823669
-1.188311 -2.190015
-0.888101 -0.814305
-0.834298 -1.229287
-0.661024 -1.608240
-0.967482 -1.543702
-0.824942 -0.587127
-0.540274 -1.016922
-0.693226 -2.072327
-0.835712 -1.117223
-0.576884 -1.704386
-1.113127 -0.275491
-1.422137 -2.625481
-1.605101 -1.836288
-1.171458 -0.557327
-1.245873 -0.621025
-1.141320 -2.135217
-1.388614 -0.556420
-0.840885 -1.926090
-1.195740 -2.335746
-1.151511 -1.208150
-1.220891 -1.848773
-0.943342 -1.490834
-1.135800 -1.289704
-1.475377 -2.304986
-1.461957 -2.344362
-0.989609 -0.638749
-1.059128 -0.722627
-1.139432 -2.368958
-1.019881 -1.985667
-0.848673 -0.299162
-1.363427 -0.635064
-0.393156 -0.980146
-0.871537 -0.325786
-0.604894 -1.091798
-1.165253 -1.757693
-0.666969 -0.780213
-0.810464 -2.087734
-0.927025 -1.310022
-0.719590 -1.818370
-0.631041 -0.513653
-0.790181 -1.550723
-0.858396 -0.263929
-1.290255 -1.443503
-1.254837 -1.590230
-0.387176 -0.704776
-0.658892 -0.554312
-1.466771 -1.278556
-1.335026 -1.918458
-1.484278 -1.767720
-1.300090 -0.973589
-1.064027 -2.676350
-0.919943 -0.394667
-1.096867 -0.875886
-0.913025 -1.778553
-0.648084 -0.757966
-1.365590 -1.426780
-1.039312 -1.394108
-1.093142 -1.662500
-0.751657 -1.415858
-1.059903 -1.332263
-0.829706 -1.813045
-0.429139 -0.842678
-0.534572 -0.490062
-1.438871 -1.930313
-0.817421 -1.249972
-1.269636 -2.315065
-1.144538 -0.324255
-0.661084 -1.652197
-1.123715 -2.012451
-1.241250 -1.965558
-0.420632 -0.498769
-0.988046 -2.126853
-1.229665 -0.653150
-1.073228 -2.084152
-0.781600 -0.771049
-1.409459 -1.268940
-1.145619 -2.548929
-1.307334 -2.085381
-1.437757 -0.848146
-1.039127 -1.443276
-0.476860 -0.611818
-0.798587 -2.039649
-1.023480 -1.576818
-1.200558 -1.756217
-1.551685 -1.921195
-1.393098 -0.676374
-0.890288 -1.023972
-1.229697 -2.326637
-1.590815 -1.581461
-1.072970 -0.066040
-0.891767 -0.299165
-1.572737 -0.781770
-0.678367 -0.203655
-0.502096 -0.799187
-0.765447 -1.179973
-1.139843 -1.185896
-1.190296 -1.547915
-1.424800 -0.975916
-0.967888 -0.263020
-1.170565 -0.592097
-1.417548 -1.520772
-1.104587 -1.283713
-1.025848 -0.330370
-0.477209 -0.213398
-0.899745 -1.754575
-1.141919 -1.187492
-1.264731 -1.738844
-1.088212 -0.970170
-1.410547 -0.892015
-0.739047 -1.856417
-1.015476 -0.068631
-1.213008 -2.316197
-0.838721 -1.058442
-1.329397 -1.942248
-1.088553 -0.182582
-1.242431 -0.589756
-0.921894 -0.338139
-0.830792 -1.908082
-0.733572 -1.076572
-1.162022 -2.135652
-0.714876 -1.759809
-1.609620 -2.066527
-1.046109 -1.863028
-0.493405 -0.708835
-0.728938 -0.146816
-1.079846 -0.345078
-0.486534 -0.175018
-0.866413 -0.430204
-0.729585 -0.841364
-1.093037 -0.684213
-1.453928 -2.246311
-0.930257 -0.257174
-1.065741 -1.482441
-1.100871 -2.344087
-1.467237 -1.819626
-0.509670 -1.393776
-0.696363 -1.675990
-1.442533 -2.746208
-0.605358 -0.812761
-1.025458 -1.242912
-1.025101 -1.557410
-0.531780 -1.222468
-1.252522 -1.622269
-0.745948 -1.427413
-0.756015 -2.071282
-1.600768 -2.179471
-1.235064 -0.771503
-1.060466 -0.843887
-0.473699 -0.564563
-1.014482 -1.845277
-0.549595 -0.839324
-1.260272 -0.626096
-0.923496 -0.513094
-0.965385 -0.236937
-1.229273 -1.013712
-0.957481 -1.390330
-1.399897 -0.732772
-0.874950 -1.363212
-0.463707 -0.545123
-1.059708 -0.900470
-1.177547 -0.548571
-1.011315 -1.472209
-1.108732 -0.999322
-1.026693 -1.159659
-0.907494 -0.106487
-0.691602 -1.428827
-1.422860 -2.360249
-1.116804 -1.954514
-1.033284 -0.563051
-1.257613 -0.620233
-1.077548 -0.165860
-1.278703 -2.014607
-1.332687 -1.722030
-1.265498 -1.676992
-1.111750 -2.002467
-1.357014 -1.058301
-0.632368 -0.543859
-1.191740 -1.429774
-1.019233 -1.188282
-1.274100 -0.984113
-0.786966 -1.253296
-1.023639 -1.320362
-1.548192 -1.710620
-0.684776 -0.322479
-1.242663 -0.817737
-1.587297 -1.832255
-1.014564 -2.120666
-1.540382 -1.452282
-0.605582 -0.547155
-1.201086 -1.176797
-1.185495 -1.817414
-0.982155 -1.619747
-0.591005 -1.527637
-1.004620 -1.443324
-0.905198 -1.234383
-1.540652 -2.292890
-0.765333 -0.667734
-1.233342 -1.964831
-0.843283 -1.711447
-1.239836 -2.429281
-1.177344 -0.181377
-1.086608 -1.810298
-0.580029 -0.818658
-0.853583 -2.010467
-0.772885 -1.735033
-1.176457 -1.083646
-1.275331 -0.363121
-1.077629 -2.073267
-1.319536 -1.631235
-1.364622 -1.405756
-0.887534 -0.083684
-0.584233 -0.594694
-0.945624 -2.235349
-0.984951 -1.492524
-0.945176 -1.363258
-1.290803 -1.097515
-1.325506 -1.565006
-1.373190 -2.133819
-1.396397 -1.193619
-0.602106 -0.318647
-0.490458 -0.535278
-1.030719 -0.567712
-1.099150 -1.420989
-0.979879 -0.324943
-1.363879 -1.793221
-1.067844 -0.329046
-0.978489 -0.448765
-0.520880 -0.696308
-1.066438 -0.118690
-1.277449 -2.591766
-0.498441 -1.220109
-1.008328 -2.125456
-0.705921 -1.746537
-0.878883 -1.991261
-1.016816 -1.609462
-0.853069 -0.362129
-0.755794 -0.575458
-1.264343 -1.426001
-0.791638 -0.377558
-0.603700 -1.208912
-1.534896 -2.140549
-1.251633 -0.875598
-1.089265 -0.201927
-1.068286 -1.810832
-1.152566 -1.503205
-1.231631 -2.562230
-0.592803 -0.435045
-1.154189 -2.090900
-1.486034 -1.440117
-1.001629 -2.068143
-1.482260 -1.965315
-0.740246 -2.123804
-0.958741 -0.524603
-0.900170 -1.001080
-1.194666 -0.842017
-0.849959 -1.376636
-0.969326 -1.435546
-1.327946 -1.176192
-1.025121 -0.653437
-0.956421 -0.454324
-1.200563 -0.833420
-1.170724 -0.900529
-1.431313 -0.902137
-1.079023 -1.413817
-1.426044 -1.236592
-0.902046 -1.625248
-1.420569 -0.964788
-0.783684 -1.490327
-0.697138 -1.683001
-1.364082 -2.298321
-0.895473 -2.122140
-1.217952 -0.799429
-1.211276 -1.252500
-0.394031 -0.776974
-0.939448 -0.370375
-0.711480 -1.095642
-1.000194 -1.677134
-0.697353 -0.939456
-1.330765 -1.029428
-1.394678 -2.058638
-0.711979 -1.377111
-0.796604 -1.098304
-1.327030 -0.860936
-0.729463 -0.129016
-0.575483 -0.972728
-1.065335 -1.969969
-0.760416 -1.946329
-0.575304 -0.557055
-1.006418 -2.350461
-0.947702 -0.379020
-1.133388 -1.834767
-1.020716 -0.985893
-0.835590 -1.457400
-0.827715 -0.302097
-1.575706 -1.448560
-1.139954 -0.452292
-1.038767 -1.375530
-0.892862 -0.562260
-0.801286 -0.525588
-1.390020 -2.569274
-1.249517 -1.279835
-0.551325 -0.315935
-0.905838 -1.358824
-1.095476 -0.373591
-0.681391 -1.882277
-0.638854 -0.829335
-0.755797 -0.106338
-0.982147 -1.087099
-0.937542 -0.465478
-0.646698 -0.212538
-0.881637 -1.930044
-1.374811 -1.925140
-0.554991 -0.738380
-0.602210 -0.550139
-0.803352 -0.116231
-0.598453 -1.080507
-0.681851 -1.499652
-1.041994 -2.621930
-1.466097 -0.921130
-1.492731 -1.509837
-1.280825 -1.400784
-1.380380 -0.905590
-0.969004 -0.975133
-0.941469 -0.093766
-0.745277 -1.723003
-1.000924 -0.854373
-1.262234 -0.768281
-1.256788 -0.474708
-0.954859 -2.225271
-0.643615 -0.909832
-0.672535 -1.390676
-1.062381 -2.430379
-0.497796 -0.570873
-0.986456 -1.250536
-1.028175 -1.258311
-1.005998 -0.164315
-1.684269 -1.999058
-1.190986 -1.330234
-1.169245 -2.165949
-0.449631 -0.908108
-1.095091 -0.668546
-1.504839 -2.652880
-1.425876 -2.070959
-1.288828 -1.144732
-1.101840 -2.050270
-1.527523 -1.534375
-1.025662 -0.341482
-1.428146 -1.230315
-0.965790 -0.604216
-1.469096 -2.227418
-1.194980 -0.384886
-1.199584 -1.871453
-1.205042 -0.244820
-0.779662 -1.122171
-1.200372 -1.398134
-0.535814 -0.627441
-1.116012 -2.624147
-0.893412 -1.784169
-0.660283 -0.657870
-0.719881 -0.230030
-1.435947 -1.665658
-0.655252 -1.696840
-1.417930 -1.209803
-0.555951 -0.612853
-0.428986 -0.459401
-1.269321 -1.553190
-0.404453 -0.625933
-0.948481 -1.391608
-0.425848 -0.851632
-0.690499 -0.329238
-1.451032 -1.079413
-1.287907 -1.144656
-0.527003 -1.162944
-1.078821 -0.125918
-1.079861 -1.081893
-1.130790 -1.356167
-0.958408 -2.127849
-0.731919 -0.231177
-0.708295 -0.424894
-1.360374 -1.031113
-0.800470 -0.549208
-0.371926 -0.817480
-0.537592 -0.875235
-1.214285 -1.148799
-1.366001 -2.439541
-0.692460 -1.947843
-0.484180 -0.881742
-1.237342 -1.078619
-0.772836 -1.616994
-1.245816 -2.103758
-1.174722 -2.430702
-1.417966 -0.715736
-1.009988 -1.322095
-0.770503 -1.052303
-0.979171 -2.104730
-0.795410 -2.222467
-1.281825 -2.094607
-1.406077 -2.710015
-1.212693 -1.912848
-0.558375 -0.240688
-1.500565 -1.261133
-1.347287 -1.256359
-1.199654 -1.198327
-1.343111 -0.629019
-1.159797 -0.317069
-1.357490 -2.384298
-0.721355 -0.729954
-0.681270 -0.491917
-0.546143 -1.568328
-0.950146 -2.044226
-1.144411 -2.486669
-0.791208 -0.676051
-1.126269 -1.592137
-0.386847 -0.531869
-1.339637 -0.798024
-1.369435 -1.563809
-0.567246 -1.245682
-0.779509 -0.176814
-0.709815 -1.285639
-1.341829 -0.677740
-0.801524 -2.069361
-1.470242 -0.886722
-1.077194 -1.786131
-1.212616 -2.012083
-1.496713 -2.336807
-0.670703 -1.215939
-1.331562 -0.633076
-1.025942 -0.792964
-1.136869 -0.355314
-0.960092 -1.782282
-1.110304 -1.314989
-1.379101 -0.542788
-1.295698 -1.008573
-0.899944 -2.371632
-0.601035 -0.249744
-1.175154 -1.074071
-0.590834 -1.361658
-1.290305 -1.357208
-1.060687 -1.099041
-1.052768 -1.032619
-0.853502 -1.995982
-0.916931 -1.703168
-0.427162 -0.406447
-0.546717 -0.763569
-1.146939 -0.335619
-1.024059 -0.379539
-0.826768 -0.233387
-0.635034 -0.130057
-0.588950 -0.505834
-1.012594 -0.320935
-1.601289 -1.020038
-1.464440 -2.424870
-0.510935 -1.044831
-1.463224 -1.837531
-1.074065 -0.321589
-1.459420 -1.271414
-0.690685 -1.617035
-1.458554 -2.204458
-0.881543 -1.287686
-0.563750 -1.058285
-0.773096 -1.677331
-0.864014 -1.686404
-1.051305 -0.126560
-0.730388 -0.594461
-0.187519 -0.747768
-1.037031 -1.534952
-0.643378 -0.462467
-0.689782 -0.186587
-1.152452 -1.482999
-0.518704 -0.353917
-1.688116 -2.094568
-1.200340 -1.675255
-1.218199 -1.834547
-1.434445 -1.159625
-1.438481 -2.225719
-1.386524 -1.582388
-1.124553 -1.152326
-0.836715 -0.507246
-0.589135 -1.001615
-0.712252 -1.928009
-1.134050 -1.387937
-1.074224 -2.202338
-1.245852 -2.080440
-0.653156 -1.839975
-0.984728 -1.964916
-0.581209 -1.517431
-1.360491 -2.636093
-0.673576 -1.041795
-0.755464 -0.272585
-1.176883 -2.716382
-1.028179 -0.342401
-0.846573 -0.070486
-1.293876 -0.848454
-1.174151 -2.817331
-1.332320 -2.637918
-1.168497 -0.776707
-0.776747 -0.945558
-1.212986 -0.898736
-1.105829 -1.193235
-0.948824 -1.842936
-1.400430 -1.412448
-1.449608 -1.226557
-0.968172 -1.097726
-0.550552 -0.451485
-1.342429 -1.736305
-1.072005 -1.968250
-0.733661 -0.764890
-1.283087 -0.574632
-1.063308 -0.868061
-1.010131 -1.858175
-1.274967 -0.653196
-0.758909 -0.679550
-1.210912 -0.492270
-1.143341 -0.303088
-0.770634 -0.384244
-0.531978 -0.375518
-1.285740 -0.535765
-1.098659 -0.270448
-1.418787 -1.767477
-0.485116 -0.454645
-1.101470 -1.420645
-1.077562 -0.556850
-1.263296 -0.934029
-1.168351 -2.439339
-1.118195 -1.867907
-1.076282 -1.307924
-0.414600 -0.960418
-0.481676 -0.707629
-1.435704 -2.475053
-1.243448 -1.412586
-0.845938 -0.409093
-1.621384 -1.785161
-1.335657 -0.653472
-0.626377 -0.085821
-1.052773 -0.879135
-1.104878 -2.231314
-0.981827 -1.402795
-0.424638 -1.416584
-0.862852 -1.444127
-0.414402 -0.731177
-1.062662 -0.300936
-0.872682 -0.455984
-0.965740 -0.635513
-1.392947 -1.083326
-1.338934 -1.039224
-0.957829 -1.413222
-1.030966 -1.021326
-1.405621 -1.930262
-0.764640 -0.424325
-0.663077 -1.718918
-1.340558 -2.573502
-0.621907 -1.416401
-1.424419 -0.803059
-0.772278 -0.327931
-0.514442 -1.275243
-1.325848 -0.647548
-1.078274 -1.626329
-1.027267 -1.977469
-0.759926 -1.059990
-0.396915 -0.893140
-0.678141 -0.242516
-0.724523 -1.600860
-0.681723 -0.286797
-0.605101 -0.363791
-0.775029 -2.077234
-0.588548 -1.736910
-0.761889 -0.192174
-1.632965 -2.079363
-0.994274 -0.503961
-1.250686 -1.714778
-1.315481 -1.239505
-0.603845 -0.864787
-0.548937 -0.939890
-1.492228 -0.971647
-1.257701 -2.664434
-0.920955 -0.094340
-1.202866 -1.037133
-0.658863 -0.782840
-0.938852 -0.265936
-0.501442 -0.992289
-0.716826 -0.851709
-0.905120 -1.408887
-1.329786 -1.498580
-1.018717 -2.266220
-1.048285 -1.193502
-1.651988 -2.076980
-1.018015 -0.884502
-0.810909 -0.475070
-0.883452 -1.460903
-1.158471 -1.029243
-1.395208 -1.031872
-1.262918 -2.279558
-1.135012 -2.498565
-1.192885 -2.259114
-1.331712 -1.396633
-0.847638 -2.125885
-0.885152 -1.744729
-1.177073 -2.243957
-1.288166 -2.634451
-1.074220 -0.865735
-1.124699 -1.859792
-1.049276 -0.387625
-0.711226 -0.697338
-1.286271 -1.751705
-1.421705 -1.352160
-1.458995 -1.424356
-0.855444 -1.104929
-1.061983 -1.070908
-1.314330 -1.460265
-1.115795 -0.285063
-1.398934 -2.128374
-0.525716 -0.879832
-0.672778 -1.042353
-1.229698 -1.659873
-1.529965 -2.278327
-1.081068 -0.854841
-0.517221 -0.797992
-0.946754 -1.297376
-1.192263 -1.817402
-0.925521 -0.587242
-1.153181 -0.506008
-0.467358 -0.729512
-0.885085 -1.127303
-1.249655 -2.372627
-1.003365 -0.377503
-1.151494 -0.960520
-0.495778 -1.247323
-1.477457 -2.013148
-1.290507 -0.697818
-1.048152 -2.434744
-1.045101 -0.838460
-0.773126 0.029147
-1.079914 -0.056171
-0.936891 -0.698416
-0.617423 -1.684484
-1.283579 -2.048254
-0.835585 -0.397478
-1.610440 -1.851037
-0.611483 -1.487342
-0.856664 -1.230590
-0.828045 -1.071370
-1.104745 -1.978577
-0.482907 -1.437120
-1.193008 -2.359274
-1.343419 -1.537686
-1.368652 -1.307414
-0.560477 -1.125294
-1.097043 -2.167937
-1.477054 -1.557729
-0.783659 -0.128397
-1.276313 -1.649921
-1.043808 -0.846984
-0.900828 -0.261494
-0.869555 -1.706137
-1.466954 -2.136915
-1.460750 -0.889514
-1.576029 -1.655828
-1.305710 -0.534598
-1.216575 -2.236839
-1.434106 -0.780825
-0.860267 -1.270199
-0.695641 -1.895580
-1.092080 -0.554510
-1.016079 -0.413257
-0.596329 -1.185871
-0.810649 -0.090839
-1.364815 -1.834328
-1.526731 -1.525667
-1.477662 -1.732012
-0.748321 -0.925149
-0.542554 -0.879070
-0.941522 -1.418009
-1.499904 -1.300082
-1.230699 -1.096933
-0.632564 -1.316451
-1.153566 -1.110153
-1.403148 -0.954150
-0.561291 -0.377222
-1.158414 -0.577944
-0.426872 -1.139977
-1.126128 -1.261423
-0.845366 -0.270753
-1.354647 -0.914592
-0.585599 -1.573485
-1.514794 -2.248767
-1.366748 -2.170154
-0.848631 -1.130098
-1.313642 -0.821691
-0.367010 -0.771377
-0.492355 -0.846609
-1.064419 -0.504321
-1.458562 -1.390543
-1.424632 -2.319630
-0.354260 -0.954924
-1.095567 -1.322052
-0.923061 -1.113922
-1.022912 -1.703638
-1.268639 -0.806135
-0.261244 -0.415870
-0.494212 -0.625940
-1.000303 -1.135886
-1.507037 -1.755947
-1.335192 -1.918595
-0.643105 -0.253710
-1.119838 -0.595106
-1.248691 -1.834693
-0.397889 -1.040121
-1.207989 -0.092468
-1.409656 -2.526590
-1.139772 -1.091642
-0.862148 -0.523828
-1.155354 -0.397654
-1.541793 -2.175387
-0.961013 -0.539405
-0.632200 -1.215610
-1.399478 -0.774096
-0.686930 -1.562725
-1.424970 -1.363310
-1.086311 -1.730526
-0.463893 -1.260037
-1.010036 -1.652903
-1.158592 -1.090282
-0.867634 -2.423831
-0.595295 -1.567644
-0.800332 -1.466264
-0.526688 -0.956801
-1.340344 -0.611110
-1.286553 -1.030389
-0.917336 -1.021473
-1.153438 -1.751942
-0.800423 -0.523471
-1.154000 -0.549754
-1.341070 -1.618279
-1.236814 -1.819476
-0.860615 -1.923093
-1.569656 -2.303620
-1.288007 -2.423757
-1.034047 -0.247114
-0.636965 -0.685011
-1.346135 -1.328308
-0.931320 -1.925240
-0.632512 -0.976066
-1.030872 -1.922642
-1.289172 -2.420105
-1.035492 -1.426459
-0.945644 -1.484125
-1.193939 -2.139467
-1.420213 -1.232389
-1.075424 -2.480874
-1.599866 -1.616098
-0.987601 -2.235268
-0.692638 -1.609123
-1.107199 -1.132681
-0.781715 -0.993301
-1.492917 -1.593237
-1.169159 -0.346951
-0.906075 -2.092231
-1.348882 -1.379390
-1.063317 -0.680373
-1.520088 -2.294528
-0.663403 -1.432742
-0.867383 -0.959698
-0.534548 -1.130828
-1.042310 -0.344852
-1.454635 -2.041770
-1.030844 -0.951116
-0.979070 -0.892140
-0.658718 -1.718963
-1.107192 -1.178740
-0.966333 -0.421805
-1.069208 -2.094629
-0.515410 -0.574209
-1.207792 -1.768803
-1.140388 -0.383894
-1.179908 -1.441035
-1.358414 -2.669063
-1.236993 -0.993398
-1.304899 -1.241697
-1.355990 -2.139208
-0.773890 -1.386601
-1.444785 -1.980551
-0.925709 -1.538464
-1.220722 -2.379063
-0.521399 -1.392614
-0.913882 -1.185318
-1.355083 -2.915015
-0.764760 -0.377182
-1.258617 -0.697180
-1.293066 -1.040078
-0.899942 -1.774301
-0.614116 -1.267112
-1.098716 -1.592132
-1.060905 -0.665569
-0.896357 -0.828282
-1.263209 -1.668182
-1.125843 -1.435722
-1.086836 -1.847012
-0.332398 -1.021774
-1.024625 -2.211918
-0.953419 -1.512157
-0.894410 -1.152195
-1.292463 -1.061395
-1.451310 -2.185292
-0.783091 -1.764478
-1.279452 -1.838183
-0.963240 -2.084738
-1.292005 -2.661749
-1.492867 -1.927142
-1.061484 -1.633254
-1.094893 -1.167791
-1.332713 -0.908931
-1.042204 -1.370894
-0.845991 -2.436398
-0.474240 -0.617200
-1.069284 -1.498500
-1.061826 -0.955609
-0.493078 -1.219631
-0.921192 -1.230187
-1.368423 -2.209770
-1.116171 -1.507460
-1.103139 -1.014336
-1.009072 -2.059089
-1.420424 -0.752473
-1.411715 -1.006338
-0.571834 -0.520586
-1.480127 -1.447357
-0.606402 -0.495867
-0.979246 -2.436482
-0.432847 -1.042389
-0.719421 -1.305105
-1.208481 -1.281963
-1.186095 -2.641286
-0.780239 -2.014370
-1.047442 -0.662482
-0.761458 -0.325250
-1.224315 -1.710565
-0.687380 -1.522528
-1.189713 -1.182244
-1.227921 -1.052759
-0.627105 -1.508792
-1.212121 -0.388180
-0.977056 -0.771865
-1.267074 -1.087118
-1.060425 -2.329398
-1.507762 -1.778023
-1.421688 -2.183451
-1.350431 -1.560513
-0.668958 -1.455980
-0.559729 -1.337005
-1.360748 -1.965257
-1.193538 -2.171848
-1.412130 -2.021909
-1.117027 -1.662504
-1.428102 -0.767532
-0.483061 -1.260329
-1.365717 -2.686740
-0.415644 -1.015054
-1.152472 -2.303864
-0.978559 -2.258535
-0.357544 -1.164178
-0.655281 -1.706963
-0.887656 -0.500483
-1.126793 -1.825842
-1.510037 -1.573600
-0.789181 -1.220198
-1.521265 -1.974392
-0.483332 -0.894819
-1.271680 -2.344259
-1.028491 -0.113161
-0.843745 -1.331044
-0.715102 -0.381361
-0.775984 -0.317323
-1.228403 -2.141428
-1.151442 -0.713513
-1.283462 -2.298250
-0.809788 -1.958669
-1.239273 -1.661740
-1.011601 -2.491462
-0.697203 -1.803197
-0.684712 -1.652202
-0.983065 -1.143930
-1.036767 -2.047363
-1.017054 -2.425683
-1.049769 -1.372182
-1.159503 -0.195143
-1.088500 -0.927780
-0.678552 -1.254402
-0.834457 -2.051711
-0.865144 -1.505588
-0.768311 -0.662057
-0.724026 -1.059379
-1.264489 -1.028840
-1.063758 -2.470950
-0.724280 -1.133968
-1.442625 -1.854899
-1.304580 -2.153084
-1.230924 -0.818185
-0.604518 -1.169501
-0.577574 -0.986682
-1.140110 -0.336226
-1.576114 -1.719988
-0.584611 -1.309178
-0.374429 -0.478703
-1.270886 -2.791757
-0.917676 -0.162586
-1.250126 -1.008372
-0.335143 -0.841735
-0.959181 -2.233104
-1.218653 -2.465089
-1.188728 -1.083037
-1.109118 -0.549537
-1.363960 -1.948790
-1.056535 -0.466530
-1.257346 -0.871453
-0.928258 -2.445421
-0.416716 -0.565970
-0.734219 -1.382828
-1.011695 -1.083767
-0.524017 -0.521430
-1.173524 -0.393639
-0.895114 -2.363170
-0.813003 -0.454441
-0.826973 -1.945324
-0.991701 -1.820464
-0.527219 -1.119712
-0.731587 -0.552780
-0.884147 -0.492169
-1.522992 -1.658727
-1.040080 -2.230242
-1.480824 -1.763285
-0.962228 -0.438881
-1.112130 -0.576298
-1.451435 -2.816549
-0.781683 -1.604815
-1.337864 -1.337339
-1.129779 -2.231813
-0.699950 -2.003483
-1.431768 -1.115661
-0.746245 -1.508363
-1.441201 -1.184299
-0.663230 -1.024301
-1.569056 -2.105422
-0.684108 -0.339702
-1.372739 -1.996183
-0.465437 -1.057854
-0.856759 -0.847209
-1.231755 -2.690456
-0.823411 -1.899269
-1.021521 -0.192000
-0.890980 -2.167573
-1.174367 -0.349936
-0.529938 -0.292797
-0.919351 -1.889217
-1.293182 -1.355968
-0.788731 -1.039454
-1.070999 -0.456540
-1.093089 -2.584855
-1.350044 -1.313684
-0.471981 -0.875497
-1.298566 -2.204046
-1.446659 -1.021654
-1.184121 -0.503898
-1.091584 -1.974634
-1.419425 -1.889884
-1.323034 -0.334305
-1.508130 -2.557602
-1.087707 -0.582516
-1.078808 -1.850982
-1.133042 -0.618191
-1.022248 -1.784358
-1.583431 -1.752543
-0.465753 -0.848107
-0.841901 -1.923910
-0.905286 -0.012952
-0.583367 -0.253287
-0.899850 -0.217798
-0.965227 -1.473520
-1.320629 -0.413589
-1.259798 -0.530583
-1.241567 -2.455966
-0.871955 -1.563013
-0.987319 -0.174259
-1.512732 -2.408838
-1.183359 -2.124098
-0.711531 -0.734797
-0.818573 -1.873741
-0.941413 -1.819864
-0.466846 -1.470777
-0.823799 -1.517412
-1.207099 -0.883256
-0.992627 -2.160908
-1.141433 -2.068292
-1.055105 -0.199253
-1.331524 -1.924507
-0.810095 -0.266349
-1.274879 -2.460660
-1.219871 -1.033966
-1.358704 -2.232852
-1.027888 -1.370174
-1.039802 -2.108464
-1.366163 -1.042162
-0.896044 -1.524977
-1.367158 -1.158140
-1.103035 -0.686633
-0.667854 -0.172452
-1.337747 -2.317235
-0.778650 -1.431096
-0.787015 -0.036191
-0.909817 -0.959179
-1.046771 -0.501229
-0.531132 -1.558362
-0.621864 -0.690159
-0.521321 -1.310928
-0.952911 -0.772080
-0.767383 -0.199197
-0.870797 -1.457943
-0.949931 -0.763555
-0.763651 -0.115553
-0.447818 -0.984900
-0.633367 -1.663476
-1.142555 -2.018968
-0.469982 -1.385658
-0.574888 -0.666729
-1.152909 -0.864378
-0.631407 -1.663925
-0.791434 -0.165917
-1.013356 -0.572284
-0.499548 -0.849722
-0.798415 -1.146179
-1.338257 -1.738856
-0.809789 -1.174157
-0.550939 -0.957986
-0.602038 -1.293406
-0.950952 -1.768887
-0.606381 -0.272489
-0.730620 -0.672705
-1.196263 -2.520058
-1.026361 -1.185392
-1.215637 -1.710507
-1.195835 -1.070286
-1.469678 -1.362633
-1.643954 -2.358018
-0.842037 -0.502726
-0.530784 -0.635937
-0.856734 -1.134249
-0.932562 -2.292622
-0.785469 -1.576600
-0.936650 -0.452715
-1.012218 -1.222889
-0.791941 -0.696597
-1.209545 -0.753562
-1.375801 -2.151865
-0.763585 -1.537255
-1.356326 -1.786528
-1.309174 -2.318530
-0.861418 -2.076253
-1.131282 -1.117938
-1.080776 -2.317717
-0.897806 -0.703648
-0.576479 -0.857988
-1.502867 -1.820799
-1.355195 -1.110627
-0.621777 -0.820146
-1.059804 -0.219862
-0.897397 -0.676049
-0.582900 -0.416251
-1.317200 -2.394027
-1.042117 -0.239830
-1.405546 -2.613373
-1.049658 -1.503575
-1.267769 -2.460264
-0.695941 -1.368298
-1.524512 -2.427702
-0.349920 -0.761740
-1.082986 -2.444761
-0.660120 -1.790712
-0.911614 -0.689528
-1.505956 -1.924336
-0.867671 -0.502345
-0.685298 -0.486165
-1.219976 -0.530122
-0.719312 -0.997936
-0.776302 -1.036843
-0.594953 -0.965405
-1.417620 -1.387505
-1.126223 -1.481125
-1.230765 -1.318086
-0.614464 -1.167196
-0.546195 -1.219948
-1.411673 -0.838553
-1.264858 -1.584420
-0.473749 -0.257054
-0.816154 -1.073037
-1.084990 -0.251705
-0.572210 -0.313310
-0.733811 -0.956891
-0.614699 -1.504493
-1.193916 -2.712666
-1.537995 -2.027719
-1.272604 -0.957807
-1.342882 -2.220540
-1.075515 -0.611359
-0.870345 -0.224880
-1.332558 -1.960709
-0.659819 -0.238409
-0.646479 -0.884717
-0.816432 -0.850964
-0.623613 -0.170206
-0.519292 -0.860550
-0.868715 -0.122137
-0.961989 -0.153299
-1.047640 -2.284213
-1.176171 -0.286428
-1.425643 -1.068430
-1.240864 -1.009945
-0.592660 -1.351238
-1.341245 -1.456912
-0.855756 -0.285507
-1.290367 -0.694220
-0.779553 -0.229318
-0.622151 -1.046420
-1.259983 -2.536222
-1.121997 -1.835701
-1.393753 -0.868271
-0.731854 -1.518203
-1.203574 -1.238537
-0.715890 -0.591006
-0.888795 -0.570597
-0.924413 -0.402152
-0.686365 -0.669410
-0.899837 -1.510574
-0.953277 -1.580898
-1.415926 -0.609179
-1.124172 -2.094366
-0.929379 -1.503863
-0.595618 -0.359574
-1.595578 -1.536773
-1.250340 -2.324826
-1.322459 -1.029822
-1.311612 -1.012906
-1.165872 -0.741524
-0.881571 -1.165059
-0.784751 -1.465711
-1.046088 -2.442219
-1.329443 -0.649464
-0.719425 -1.967684
-1.143433 -0.365489
-0.902119 -1.696335
-0.430058 -1.337301
-1.087470 -2.116779
-0.706366 -0.513471
-1.055039 -1.101104
-0.674989 -1.616319
-0.966577 -0.350467
-1.358679 -2.180926
-0.648920 -0.180370
-1.170832 -1.289040
-0.861546 -1.309592
-0.676760 -0.621308
-1.241812 -0.695630
-1.327124 -2.128426
-0.518747 -0.168860
-1.498273 -1.261930
-1.551909 -1.454209
-0.757840 -0.829853
-1.335672 -1.081093
-1.228272 -2.392039
-0.955773 -2.442135
-0.873192 -0.215139
-1.028202 -0.234836
-0.518529 -0.504836
-1.318915 -0.645547
-1.193336 -2.393438
-1.096439 -0.588411
-1.198704 -1.291384
-0.959897 -0.128239
-0.880718 -0.674074
-1.354635 -0.483733
-0.893601 -0.123792
-0.807530 -2.001405
-1.113896 -2.189707
-0.837112 -0.969723
-1.013649 -1.436058
-0.846107 -1.666776
-1.106731 -2.375166
-1.150701 -0.551690
-0.690678 -0.746109
-0.982719 -1.145149
-0.951958 -0.498713
-1.069670 -1.725374
-0.729408 -0.365255
-0.605729 -0.390938
-0.955186 -1.366822
-0.763993 -0.510220
-0.968976 -0.301066
-1.186163 -0.413476
-0.477509 -0.974576
-0.420092 -0.450808
-0.723476 -1.200050
-0.769313 -1.090146
-0.686640 -0.595891
-1.204967 -1.195839
-1.182430 -0.886118
-1.312194 -2.681491
-1.297581 -1.737542
-0.483905 -0.978130
-1.076777 -2.516591
-0.573868 -1.231188
-1.022049 -0.326171
-1.086895 -0.718433
-0.827080 -0.259916
-0.986589 -1.687635
-0.671431 -0.991247
-1.084003 -2.174443
-1.357266 -1.150123
-0.383453 -0.724303
-1.313977 -2.442470
-1.385066 -1.274307
-0.883462 -1.621161
-1.167681 -0.198486
-1.469576 -1.010591
-1.320889 -0.610094
-0.532809 -1.346282
-0.797526 -0.269918
-1.275711 -1.372468
-0.930155 -1.548876
-0.515028 -1.097491
-1.183313 -2.650141
-1.228406 -1.390779
-1.064780 -2.531112
-0.775484 -1.128723
-1.105348 -0.453355
-1.211867 -0.844255
-0.783958 -1.279298
-1.403793 -1.288093
-1.190324 -0.553669
-1.449520 -2.172375
-0.761616 -1.814110
-1.181618 -2.652808
-1.127313 -2.254918
-1.124081 -2.616305
-1.288166 -1.759174
-1.165863 -0.338452
-1.629885 -2.565359
-1.415195 -1.018297
-1.529345 -2.759395
-0.804713 -0.734389
-1.436431 -2.150370
-1.126945 -0.542933
-1.216934 -1.349244
-0.890993 -1.690037
-1.493567 -0.927320
-1.326221 -1.331329
-0.874594 -2.056214
-1.508074 -2.673540
-0.979912 -2.443881
-1.498661 -2.141745
-1.437979 -1.876147
-1.056039 -0.715374
-1.511629 -2.069298
-1.134575 -1.196761
-1.536208 -1.744841
-0.687391 -0.271956
-1.392620 -1.610101
-0.970536 -1.513249
-1.268309 -2.416447
-1.089972 -1.607773
-1.417312 -0.974385
-0.866555 -1.049761
-1.113351 -0.361330
-1.250610 -0.741845
-0.592934 -0.456302
-0.796316 -1.797404
-0.727097 -1.254954
-0.455380 -0.618488
-1.030051 -2.183457
-0.746380 -0.435395
-1.015421 -1.375522
-0.993590 -1.309541
-0.719094 -1.618079
-0.853245 -0.496387
-0.566342 -0.589477
-1.471769 -0.949154
-1.144670 -1.223188
-0.939493 -0.310411
-0.892132 -0.036211
-1.117200 -2.501213
-0.825280 -0.076612
-0.986358 -1.388703
-0.471691 -0.305982
-1.046798 -2.211328
-1.110282 -0.854983
-1.514747 -1.235425
-1.113269 -2.493539
-0.368063 -0.386491
-1.263969 -1.406644
-1.118226 -2.304113
-0.922481 -1.755523
-1.821084 -2.267620
-1.236133 -1.086040
-0.544344 -1.005883
-1.229597 -1.432447
-0.674668 -0.402510
-1.300947 -0.914770
-1.370837 -2.528120
-1.207540 -2.114520
-0.925447 -0.572330
-1.072604 -1.723053
-1.249381 -1.775009
-0.808704 -0.253117
-1.043973 -0.592463
-0.740629 -0.073424
-0.386171 -0.520587
-0.480763 -0.544638
-0.779053 -0.741465
-0.691724 -0.326704
-1.492311 -1.862682
-0.694806 -0.936715
-0.634858 -0.377721
-1.177243 -0.914622
-0.534709 -0.581958
-0.838929 -0.629027
-1.147813 -1.833522
-0.950447 -0.835555
-1.405709 -0.713036
-0.877063 -0.463283
-0.608197 -0.914786
-0.914325 -0.513998
-1.618281 -2.484257
-0.677155 -1.159198
-0.555250 -0.315769
-0.830091 -0.763446
-1.340183 -0.785804
-1.368265 -1.128085
-1.359815 -0.961695
-0.653942 -1.135780
-0.434150 -0.456095
-1.360995 -1.698853
-0.939801 -0.169433
-1.104070 -0.974386
-0.799533 -0.829127
-0.804875 -1.186311
-0.806904 -0.428168
-1.351685 -0.937574
-1.018173 -0.465123
-1.047274 -0.920617
-1.365176 -2.154588
-1.070915 -0.501658
-1.487424 -1.667675
-1.218334 -0.745571
-1.338317 -1.242357
-1.500142 -1.508442
-1.021720 -0.254418
-0.927787 -0.731413
-1.003028 -1.790354
-1.179594 -0.356956
-1.127497 -1.712404
-1.231437 -2.354222
-0.911272 -1.934204
-1.136824 -2.677968
-0.639660 -0.208080
-0.682490 -1.735214
-0.785488 -1.363240
-0.360942 -0.609095
-0.695345 -1.521578
-0.751303 -0.165209
-1.270193 -0.549521
-1.536996 -1.962113
-1.284395 -2.326782
-0.811196 -2.054627
-1.235769 -2.613870
-0.991322 -1.948307
-1.306539 -1.436255
-1.366856 -2.635789
-1.124982 -1.045361
-1.340831 -1.599328
-0.877503 -1.594097
-0.763170 -0.927729
-1.105916 -2.534090
-0.640609 -1.272053
-0.535073 -0.409275
-1.025972 -0.710094
-1.254236 -1.077633
-1.392981 -1.175200
-1.062142 -1.155117
-1.125406 -0.400407
-1.280367 -0.795739
-0.787828 -0.471998
-1.119391 -1.205572
-1.069399 -1.628247
-1.027313 -0.288109
-1.112173 -2.215970
-0.889107 -0.776506
-0.791898 -0.884922
-1.088950 -1.447625
-1.300082 -1.965547
-1.016105 -0.010444
-0.534781 -0.506441
-0.892655 -2.117885
-0.907996 -1.401686
-0.931217 -1.722621
-1.375994 -1.236927
-0.712254 -0.328690
-1.106709 -0.422162
-0.943372 -2.139678
-1.134021 -0.309089
-1.322891 -1.728010
-1.389943 -1.072733
-0.553012 -1.035338
-0.654765 -0.081610
-1.278767 -1.550280
-1.028920 -1.079723
-1.119685 -1.187163
-1.107293 -0.259468
-1.010416 -2.098033
-1.452984 -1.065932
-1.314756 -0.537830
-1.112312 -2.418818
-0.926567 -1.575999
-0.886338 -0.624925
-1.307739 -1.022750
-0.780187 -0.796183
-0.597273 -0.344333
-1.051397 -1.656619
-1.024743 -0.219672
-0.998164 -1.836516
-1.034634 -1.009379
-1.096273 -1.314088
-0.444632 -1.236347
-0.907114 -0.527137
-1.132899 -0.181596
-0.955237 -2.124709
-0.420530 -0.881179
-1.627679 -1.277323
-1.610392 -2.218983
-0.934579 -2.433687
-0.703766 -0.435039
-0.567637 -0.300538
-0.870008 -0.067577
-0.814716 -1.074551
-1.307329 -1.354801
-1.005551 -0.267530
-1.022912 -1.960904
-1.259372 -2.479714
-0.535274 -1.180613
-0.609342 -1.799589
-0.798062 -0.456960
-0.549474 -0.584318
-0.618650 -0.506681
-0.973216 -2.188209
-0.469752 -0.853486
-0.922513 -1.418997
-1.280601 -2.068462
-0.869204 -0.521713
-1.362764 -1.452746
-1.228462 -1.659659
-1.413251 -0.804116
-0.985351 -1.446759
-1.159768 -1.378124
-1.030474 -0.262253
-0.308942 -0.732994
-1.416453 -1.361920
-1.107451 -0.469603
-0.970336 -0.692649
-1.251192 -1.182596
-0.681900 -1.735571
-1.196672 -2.004661
-0.932480 -1.300391
-1.095701 -2.167289
-0.692476 -1.378536
-1.144064 -2.566288
-1.354868 -0.607251
-1.446516 -1.513694
-1.097074 -2.102269
-0.842691 -1.578284
-0.583588 -1.004655
-1.446140 -1.994502
-1.006057 -0.566078
-1.497417 -1.737846
-1.047079 -0.448542
-0.681674 -0.364679
-0.578833 -1.384582
-0.620367 -0.319690
-1.508517 -1.935651
-0.953315 -0.400560
-0.699331 -1.406845
-1.194375 -0.474276
-0.797050 -0.378220
-0.500332 -0.474108
-0.870117 -0.840002
-0.882108 -0.333812
-1.211592 -0.765958
-1.009129 -0.131374
-0.728094 -1.790022
-0.898524 -2.052066
-1.170240 -1.247325
-0.662178 -1.353204
-1.346944 -1.804733
-1.423298 -2.210772
-0.468793 -0.561605
-1.111642 -0.844475
-1.133401 -0.572405
-1.436715 -1.369174
-0.848372 -1.227030
-1.205380 -2.554657
-1.176543 -2.335091
-1.376681 -1.928864
-0.485010 -0.754071
-0.669307 -1.711081
-0.771219 -0.752384
-1.161192 -0.224230
-1.552033 -2.102573
-0.555737 -0.876277
-0.811237 -0.434190
-0.461587 -0.499040
-0.662113 -0.453591
-1.182087 -1.375229
-0.607027 -0.660604
-0.510947 -1.500778
-0.590986 -0.807477
-1.459211 -2.303618
-1.258761 -1.187936
-1.047671 -0.305053
-0.749258 -0.621037
-1.089223 -0.401776
-1.146602 -1.318339
-1.474680 -1.571509
-0.696088 -0.936148
-1.139433 -1.681875
-1.003374 -0.657606
-1.240375 -1.059934
-1.081535 -2.565262
-1.233021 -0.790956
-0.708791 -0.183333
-1.417736 -1.191848
-0.821411 -0.626524
-0.620643 -0.227971
-0.988137 -0.429557
-1.308439 -1.137612
-1.402230 -2.670863
-1.415134 -3.146141
-1.079355 -1.398121
-0.935995 -0.232152
-1.420378 -1.554371
-1.141847 -1.605862
-1.336613 -2.483275
-0.705125 -1.312538
-0.977680 -1.577158
-1.254430 -0.966382
-1.460738 -2.591624
-1.395356 -1.610462
-1.309251 -0.906715
-0.982689 -2.074559
-0.746774 -0.553075
-0.988355 -1.156191
-1.221304 -0.494476
-0.538357 -0.315118
-0.409490 -0.777433
-1.007613 -1.180182
-1.274883 -2.110465
-1.102062 -1.871382
-1.063148 -2.532513
-1.460586 -2.054482
-1.209286 -2.441336
-1.544049 -1.919242
-0.976261 -0.840339
-0.763289 -1.693245
-0.601192 -0.903273
-1.214903 -2.237140
-1.275185 -2.345217
-0.930707 -0.557880
-1.292886 -2.484656
-1.148308 -2.041168
-0.958016 -0.992755
-0.522857 -1.202329
-0.874055 -2.024174
-0.966333 -0.100311
-0.786343 -0.541527
-0.698712 -0.437954
-1.605278 -1.069116
-1.409268 -1.391924
-1.474067 -2.101712
-0.875354 -0.233282
-1.022627 -1.751732
-1.083071 -1.689732
-0.761141 -1.420413
-1.092561 -1.347557
-1.108374 -0.780694
-1.471844 -0.705300
-1.322753 -2.581385
-0.761797 -0.684098
-1.051453 -1.772121
-1.398049 -1.042417
-1.092360 -0.347975
-1.446466 -2.298141
-0.884057 -1.989451
-0.822969 -1.712372
-1.249997 -0.664919
-0.810339 -1.099531
-1.131540 -2.583715
-0.588419 -0.747975
-1.250824 -0.432441
-1.437912 -1.103186
-1.562315 -2.106261
-0.475534 -1.413745
-0.746417 -0.413341
-1.197125 -0.331449
-1.060754 -2.422307
-0.999072 -1.169882
-0.430089 -0.789013
-1.065494 -1.001799
-0.900264 -0.831300
-0.668352 -0.221718
-1.433842 -1.009450
-0.900365 -0.337679
-0.530442 -1.330616
-1.653561 -1.953112
-1.584777 -1.872309
-1.144993 -2.169142
-1.056398 -2.471942
-0.993349 -0.794910
-1.392882 -1.161417
-0.834025 -0.849316
-1.323364 -2.502095
-1.273350 -1.115901
-1.302437 -1.273225
-1.508896 -1.567857
-0.903882 -2.195068
-0.779091 -1.110489
-0.756783 -1.393783
-0.634569 -1.076036
-1.224391 -0.587414
-1.471657 -1.549582
-0.855870 -2.217032
-0.643172 -1.067324
-0.974786 -2.132416
-0.873371 -1.606789
-1.393657 -1.016383
-0.659652 -1.074195
-1.037135 -1.430472
-0.695938 -0.944957
-1.164826 -0.815887
-0.800992 -0.666163
-0.744099 -2.109765
-1.541511 -1.474841
-1.014640 -2.100061
-1.562340 -2.010866
-1.193661 -1.590028
-0.758376 -0.162310
-1.230719 -2.186004
-1.016383 -0.718100
-1.441993 -2.235675
-0.862513 -1.432415
-0.655353 -1.038418
-0.689257 -0.422443
-1.410215 -1.269715
-1.222835 -2.221987
-1.092582 -0.928712
-1.545033 -1.465484
-0.563257 -1.013093
-1.259043 -1.565514
-0.849200 -2.090894
-0.576633 -0.799997
-0.929116 -0.336200
-1.339844 -0.898681
-1.344833 -1.483332
-1.062441 -1.857904
-1.243993 -1.143883
-1.267105 -0.905410
-0.850993 -1.040259
-0.944858 -1.906646
-1.460803 -1.235318
-1.006747 -0.332818
-1.326858 -1.967149
-0.901207 -0.774050
-0.453021 -1.167712
-0.671369 -1.053423
-1.496874 -0.750810
-0.855424 -0.343275
-0.909205 -1.895126
-0.489457 -0.961889
-1.296873 -0.866832
-0.985276 -1.050189
-0.465387 -0.526345
-0.423906 -0.456255
-0.559353 -1.109396
-1.039276 -1.495531
-1.059770 -0.468569
-1.264183 -2.481873
-1.040819 -0.328617
-0.970602 -1.423494
-0.521062 -1.308093
-0.524894 -1.699496
-1.568103 -2.372909
-0.593598 -0.327898
-1.037187 -0.873060
-0.904467 -2.158456
-0.813776 -1.736799
-1.370770 -2.068845
-0.318456 -0.599300
-0.767141 -1.230142
-1.163328 -0.295453
-1.211725 -0.340399
-0.794325 -0.271373
-1.301536 -0.976739
-0.659925 -1.602165
-1.282487 -1.539961
-0.744330 -0.311838
-1.375588 -1.075558
-0.848096 -2.162208
-0.732183 -0.672165
-0.519214 -1.161047
-0.934550 -1.297721
-0.777951 -0.713798
-1.140171 -0.817356
-1.472568 -1.280775
-0.600824 -0.344435
-0.891047 -0.803127
-1.404198 -0.881314
-1.065445 -2.388294
-1.125964 -1.581418
-0.993015 -0.307165
-1.190498 -2.331947
-0.795996 -0.147654
-1.077550 -1.210836
-1.066596 -1.172334
-0.773175 -0.948364
-1.330464 -2.183624
-1.200906 -2.629701
-1.147836 -2.277359
-1.151307 -1.948594
-0.718582 -2.028912
-0.447202 -1.171964
-1.104051 -0.148840
-0.978645 -1.514696
-1.110357 -2.207636
-1.305549 -2.491907
-1.244142 -0.570233
-1.344453 -1.796812
-1.330298 -1.165811
-0.895627 -1.912150
-0.523461 -1.268119
-0.523898 -1.271139
-0.449478 -0.991008
-1.519017 -1.018335
-1.143155 -2.439357
-0.819292 -0.884471
-1.014057 -0.809502
-1.432611 -1.034211
-1.063820 -1.928600
-0.986374 -2.072501
-0.944877 -0.192123
-1.225697 -1.101898
-1.003173 -1.001056
-1.321319 -2.122086
-0.662846 -0.723456
-1.134845 -0.717378
-1.005516 -1.489365
-0.838302 -0.592359
-0.630327 -0.585616
-1.389526 -2.057079
-0.525994 -1.209239
-1.099814 -1.657659
-0.729688 -1.197463
-1.058688 -2.542293
-1.640548 -1.313310
-1.441700 -2.110079
-0.524633 -0.702162
-1.584278 -1.848113
-1.006881 -0.331931
-1.093030 -1.500354
-0.867495 -1.566250
-1.002940 -1.204226
-0.920354 -0.610915
-1.405531 -0.706089
-1.470592 -1.949584
-0.559016 -1.479324
-0.919024 -0.943489
-0.549037 -1.304385
-0.894596 -0.594220
-1.421826 -2.264890
-1.026769 -1.890611
-0.610119 -0.952629
-1.074738 -1.173710
-1.089404 -2.040189
-0.785614 -0.424444
-0.451293 -1.211009
-0.474505 -0.288469
-0.949539 -0.961014
-0.994004 -1.259943
-1.465420 -1.764714
-0.392769 -0.574817
-0.993798 -0.562602
-0.774158 -1.820651
-0.929327 -0.380832
-0.813323 -0.237680
-1.190934 -2.527605
-0.606236 -1.669399
-1.250621 -1.555169
-1.559216 -2.086671
-1.083019 -0.144392
-0.902286 -0.737222
-1.240972 -0.614030
-0.538747 -1.227325
-0.802010 -1.354795
-0.923055 -0.849455
-0.896741 -0.129571
-1.458293 -1.165843
-0.785040 -0.980349
-1.074949 -2.078389
-1.403846 -1.840367
-1.511735 -2.302048
-1.307170 -2.456767
-0.784201 -1.199937
-1.336767 -1.384008
-1.060978 -1.147434
-0.852913 -1.083374
-0.701047 -1.672801
-1.077112 -1.719532
-1.416508 -1.214310
-1.008776 -1.480863
-1.538518 -2.186457
-1.128224 -2.035582
-1.014391 -0.322174
-0.710042 -1.007090
-1.169171 -2.087730
-0.945101 -0.943745
-0.826023 -2.129008
-1.031336 -1.016505
-1.455459 -1.837871
-1.228226 -0.756101
-0.611208 -1.006497
-0.916199 -0.761759
-0.923480 -1.956965
-1.330230 -2.539437
-1.246612 -1.616164
-0.734544 -1.331522
-1.176938 -0.843435
-0.819921 -1.746733
-1.284624 -2.507241
-1.462409 -1.681721
-1.174899 -1.201035
-0.800966 -1.279731
-1.113297 -2.361968
-0.724972 -1.249133
-1.090998 -1.003401
-1.495657 -2.124950
-1.081515 -0.994305
-1.036423 -1.721184
-0.533735 -1.452095
-1.281530 -1.291451
-0.710315 -0.505332
-1.213565 -1.399653
-0.998311 -0.220132
-1.378055 -2.597496
-0.784953 -0.559538
-1.070921 -2.457850
-1.089558 -2.006415
-1.149066 -1.545860
-1.086675 -0.015774
-0.900259 -1.192155
-1.640413 -2.400439
-0.922376 -1.238130
-1.181000 -2.370502
-1.231695 -2.094427
-0.588853 -1.582719
-0.819509 -0.844124
-1.148304 -1.874236
-1.033421 -1.214443
-0.597356 -1.295465
-1.294982 -0.877420
-0.605907 -0.950385
-1.192129 -2.197243
-0.792930 -2.127517
-1.035372 -1.055878
-0.928452 -1.218397
-1.315338 -0.964700
-1.104749 -1.082005
-1.425669 -0.605281
-0.698508 -0.634808
-1.190518 -1.352979
-0.647552 -0.303928
-1.307517 -2.224780
-1.170043 -0.725936
-0.619796 -1.562376
-0.830677 -1.889728
-0.897381 -0.490386
-0.594449 -0.874937
-0.875036 -0.555930
-0.579704 -0.449155
-0.591201 -0.736081
-1.104372 -0.539586
-1.074143 -2.122563
-1.141099 -2.263081
-1.257492 -2.347977
-0.826104 -0.402510
-1.098810 -0.202907
-1.084911 -0.203205
-1.165900 -2.513718
-1.110817 -2.073102
-1.546504 -2.116188
-0.874207 -2.282940
-0.956926 -1.926399
-0.501707 -1.474903
-1.456792 -2.016246
-0.536797 -1.292166
-0.467922 -1.166289
-0.477108 -0.414015
-0.965680 -1.210517
-1.449075 -0.957918
-1.224509 -0.454737
-0.616228 -0.726113
-1.361378 -1.798948
-0.758585 -0.383539
-0.603616 -0.893236
-1.089529 -1.343887
-0.432517 -0.718822
-1.181612 -2.227734
-1.506128 -2.727251
-1.026023 -1.781085
-1.495621 -1.125729
-1.461575 -1.353697
-0.537996 -0.592943
-0.676960 -1.199978
-0.974776 -0.161635
-1.047947 -0.333060
-1.305872 -2.671750
-1.066530 -2.548058
-0.905935 -1.299767
-1.598269 -2.393034
-1.344975 -1.614913
-1.379262 -2.158020
-0.792974 -0.939831
-0.384058 -0.802387
-1.536905 -1.419813
-0.867177 -0.455004
-1.042174 -0.275938
-0.539405 -0.942363
-1.071258 -2.338590
-0.471013 -1.359719
-1.452510 -1.549281
-1.128370 -0.497359
-0.724244 -1.524893
-1.047387 -0.897798
-1.439750 -2.057483
-1.206158 -2.139384
-1.310063 -2.236206
-1.625125 -2.450388
-0.728297 -0.428094
-1.321630 -2.104418
-0.588497 -1.398322
-0.763244 -1.499993
-1.177041 -0.684992
-0.893253 -1.538694
-0.909463 -0.500627
-0.813390 -1.108377
-1.421244 -1.082944
-0.937570 -0.123688
-0.874887 -1.526981
-0.838576 -0.335917
-0.833179 -1.095229
-1.103050 -2.081194
-0.434325 -0.900070
-0.869650 -1.682756
-0.434008 -1.092796
-1.089071 -1.107735
-0.832744 -0.336599
-1.323174 -0.697134
-1.325734 -2.376406
-1.166964 -0.597563
-0.688115 -1.792840
-1.570152 -1.703613
-1.082602 -1.783975
-1.302165 -1.073221
-0.861998 -0.722693
-1.406020 -1.221806
-0.767165 -0.155217
-0.645180 -1.593081
-1.301770 -2.535718
-1.389180 -1.453233
-0.570858 -0.830595
-0.727228 -1.342183
-0.338007 -0.334299
-1.255016 -2.401866
-1.503215 -1.396086
-0.686173 -0.743235
-0.809918 -1.926262
-1.114717 -0.362591
-1.107567 -2.359570
-1.363612 -2.572458
-1.210762 -0.700552
-1.607918 -2.388131
-1.556490 -1.261668
-1.114529 -0.950766
-0.424987 -1.036011
-1.190651 -0.351907
-1.202944 -0.356257
-1.307673 -0.993846
-1.292879 -0.578993
-1.157756 -0.614795
-1.279908 -0.790939
-0.969276 -1.108658
-1.146130 -0.229451
-0.998692 -2.305931
-1.040791 -0.102008
-0.997972 -2.155901
-1.326165 -1.913324
-0.762454 -1.981179
-1.048226 -2.119188
-0.609299 -1.601062
-1.618477 -1.978111
-1.213408 -1.438375
-0.892261 -0.165966
-0.504688 -1.241964
-1.010671 -0.473709
-1.239413 -1.404731
-1.041210 -2.298427
-1.334898 -1.816396
-1.204618 -1.289554
-1.077988 -1.064433
-0.726248 -0.537726
-1.117326 -0.348448
-1.081154 -1.439814
-1.084674 -1.244101
-0.716449 -1.298295
-0.413613 -0.889049
-1.107732 -0.953897
-1.196694 -2.615521
-0.849963 -2.089379
-0.869420 -0.871394
-0.429425 -1.452801
-1.585389 -2.165420
-1.038328 -1.778673
-1.269709 -1.210788
-1.170363 -2.315997
-1.630204 -1.142882
-1.448410 -1.726086
-1.274658 -1.666188
-1.264213 -0.941333
-1.279622 -1.130938
-1.031149 -1.640696
-1.221996 -1.822880
-0.855812 -1.361934
-1.066608 -1.958377
-0.459136 -1.304445
-1.303140 -1.141732
-0.419751 -0.442989
-0.793365 -0.546024
-0.789053 -1.487204
-1.505125 -2.420772
-0.991303 -1.580350
-0.864659 -1.248085
-0.292809 -0.796114
-1.481918 -1.820520
-1.002876 -2.047114
-0.956304 -2.110851
-0.712604 -0.731893
-1.550945 -1.732950
-0.613527 -1.589105
-0.887393 -1.227439
-1.020392 -1.731107
-0.591596 -0.444099
-1.257073 -1.139827
-0.955225 -0.603304
-1.058957 -1.712741
-0.635791 -0.166691
-1.128100 -0.797315
-1.398174 -2.268990
-0.401977 -0.482596
-0.904081 -2.285614
-1.002074 -0.324561
-1.309513 -1.022460
-1.114423 -1.601709
-0.874796 -0.293948
-1.335761 -1.324735
-1.353370 -2.543708
-1.085366 -0.138805
-0.921641 -1.135376
-1.352032 -2.573225
-1.235923 -2.808089
-1.165759 -1.926645
-1.382624 -2.080104
-0.688887 -0.156360
-1.475480 -2.132633
-1.561934 -1.770969
-0.629404 -0.449953
-1.498771 -2.381548
-0.341577 -0.944195
-1.449291 -1.283774
-1.198724 -1.274721
-0.713635 -1.947835
-1.122507 -2.446212
-1.126773 -0.884598
-1.134163 -0.889814
-0.622974 -1.181404
-1.298688 -1.455733
-1.073601 -0.283949
-0.689076 -0.397781
-0.788884 -0.289641
-0.604688 -1.358441
-1.099424 -1.897521
-1.302707 -1.910514
-0.518132 -1.285208
-1.469774 -2.766039
-0.862336 -0.909483
-0.959125 -1.317156
-0.890999 -0.710707
-1.231858 -1.141899
-0.850287 -1.006408
-0.445523 -0.679196
-0.616207 -1.689460
-1.503219 -2.567914
-1.094418 -0.847032
-1.264716 -2.012570
-0.893371 -0.980944
-0.938747 -0.559673
-1.062872 -1.229212
-0.644894 -1.568828
-0.917374 -1.821765
-1.431689 -2.305184
-0.749853 -1.875223
-0.954070 -1.025199
-1.141109 -1.822336
-0.953727 -2.236039
-1.366008 -1.764798
-1.282331 -1.236399
-0.620832 -0.175584
-1.331529 -2.370579
-1.371005 -2.674250
-1.256313 -2.415572
-1.533798 -1.489437
-1.152753 -1.288654
-1.564271 -2.352570
-0.857488 -0.511922
-0.445771 -0.585845
-1.087780 -2.341257
-1.440003 -1.259925
-1.468541 -1.062077
-1.080633 -1.627779
-1.368024 -2.658019
-0.881688 -0.625762
-1.122029 -2.021060
-1.164546 -2.407987
-0.865333 -0.747244
-0.560679 -0.305015
-1.097861 -1.369164
-0.604001 -1.360921
-0.394401 -1.119340
-1.162773 -0.609839
-1.283185 -0.680022
-1.334381 -0.858992
-1.112544 -2.325803
-1.207392 -0.609406
-1.415374 -1.076673
-1.406239 -2.069935
-1.108516 -1.608731
-1.114565 -1.149252
-0.595089 -0.804129
-0.918287 -1.562377
-0.534839 -0.812813
-0.790712 -0.690101
-1.176498 -1.470728
-1.268789 -1.943086
-1.052086 -0.912617
-0.855438 -1.234477
-1.507238 -2.587616
-0.966648 -1.353576
-0.665340 -0.953665
-0.777128 -0.308089
-1.532965 -2.300874
-0.933190 -1.945564
-0.953391 -1.127939
-0.672749 -1.305562
-0.986887 -1.856547
-1.293265 -1.864151
-1.170715 -2.294207
-1.245292 -0.903014
-1.523548 -2.539184
-0.559420 -1.396480
-1.000911 -1.134629
-1.539784 -1.322177
-0.895320 -0.092118
-1.396644 -0.870271
-0.947126 -1.934786
-0.602624 -0.176557
-0.997280 -1.011234
-1.364091 -1.450067
-1.355891 -0.890887
-0.736962 -1.192500
-0.866640 -0.827135
-1.457462 -1.282302
-1.225055 -0.558537
-1.019309 -1.575913
-1.590572 -1.698160
-1.352636 -1.495635
-1.094993 -2.202498
-0.573500 -0.568956
-0.694796 -1.861574
-0.947656 -0.937015
-0.780233 -0.444622
-1.375616 -1.286021
-0.984200 -0.068224
-1.370214 -1.846466
-0.643810 -0.551292
-1.249484 -1.081264
-0.874277 -0.574296
-0.947175 -1.589460
-1.355685 -1.737360
-0.535846 -0.326711
-1.311119 -1.163568
-1.047053 -0.502665
-0.689823 -1.803517
-0.622328 -0.459852
-1.462074 -1.028998
-1.022071 -0.213875
-0.359057 -0.905906
-1.143168 -1.345437
-1.017917 -2.025563
-0.644729 -1.201705
-0.780285 -0.764000
-1.510483 -1.376770
-0.574836 -0.940909
-0.991332 -1.781051
-0.633156 -1.171126
-0.923258 -0.897227
-1.406132 -1.932622
-1.518901 -2.198112
-1.036725 -0.262647
-0.508037 -1.093374
-0.912523 -0.054132
-1.611955 -2.066404
-0.722481 -1.310782
-0.407895 -1.013086
-1.127265 -2.360369
-1.078768 -0.443673
-1.040454 -2.117048
-0.990363 -1.950582
-0.848618 -1.387715
-0.745009 -0.256951
-1.415525 -1.971964
-1.428595 -1.953330
-1.047899 -1.928122
-1.368275 -1.375725
-1.171659 -0.629040
-1.299078 -2.791105
-1.389901 -1.930944
-0.936861 -1.427199
-1.259854 -0.579916
-0.432031 -1.120900
-1.282012 -2.664883
-0.453410 -0.905777
-0.485110 -1.389515
-1.313237 -1.232091
-0.824924 -1.677785
-0.736464 -0.732494
-1.182163 -1.729666
-0.958996 -2.080304
-1.024158 -2.086203
-0.841797 -0.485891
-1.038804 -1.763681
-0.973711 -0.337702
-0.853221 -0.944350
-1.252312 -1.786852
-0.806886 -0.365266
-0.791102 -0.141437
-1.380077 -1.449856
-1.068348 -1.191887
-0.256474 -0.494806
-1.053804 -0.396829
-1.331411 -2.512160
-0.601277 -0.375961
-1.372281 -1.043637
-1.556192 -2.771121
-0.844205 -0.340234
-1.145164 -1.270701
-0.963470 -0.445461
-1.405314 -1.346381
-1.143374 -2.480543
-1.105305 -0.622867
-1.151571 -0.471184
-0.609052 -0.853231
-1.404307 -1.946267
-1.249093 -0.507023
-0.768127 -1.929748
-1.401309 -1.828576
-1.361722 -1.891723
-0.795779 -0.921157
-1.165628 -0.265962
-0.912789 -1.194964
-1.528848 -1.065523
-1.394485 -0.949732
-1.128573 -0.598968
-1.039774 -2.610312
-0.654073 -0.982346
-0.703234 -0.770158
-1.541697 -1.455155
-0.745529 -0.303481
-1.133854 -0.522438
-0.784022 -1.049073
-0.577045 -0.623983
-1.615032 -2.331659
-0.756732 -1.777530
-0.847176 -0.146277
-1.271373 -1.969211
-0.528438 -1.355635
-1.059293 -0.683885
-0.626656 -1.315848
-1.405472 -1.312574
-0.973276 -0.648589
-0.851984 -0.337077
-0.405481 -1.024363
-1.144499 -1.719614
-1.223667 -1.216906
-0.538820 -1.082265
-0.991807 -2.075220
-0.767941 -0.200048
-1.182740 -2.683699
-0.919559 -0.129989
-0.699695 -1.463634
-1.211909 -1.542695
-0.899891 -0.357818
-0.689060 -0.167980
-1.004452 -0.559295
-1.295169 -0.905474
-0.748927 -1.737283
-1.008396 -2.302169
-0.325285 -0.754087
-0.781173 -0.743764
-1.015854 -0.758673
-0.600673 -1.165863
-0.819437 -0.146950
-1.340238 -0.984948
-1.255555 -2.242257
-0.735648 -1.295251
-0.789201 -0.461899
-1.443743 -1.627603
-0.634082 -1.442025
-0.797033 -1.092065
-0.925096 -2.372406
-1.296014 -1.630086
-0.943276 -2.109977
-0.527342 -0.454866
-1.201664 -0.402489
-0.556023 -0.892826
-1.290292 -2.339925
-1.286036 -1.763633
-1.265089 -0.792859
-0.989851 -0.612002
-1.152930 -0.626745
-0.888484 -0.027289
-1.221528 -2.297208
-1.184379 -2.538540
-1.582950 -2.092072
-0.970643 -1.285342
-0.863182 -0.480274
-0.757597 -0.121569
-1.381695 -0.552531
-0.958529 -1.011246
-0.644167 -0.276787
-1.285868 -0.484753
-0.786797 -1.465992
-0.874526 -1.338841
-1.493543 -2.048163
-1.480805 -0.987347
-0.721033 -0.904525
-1.158818 -1.068703
-0.771568 -1.540122
-0.533870 -1.473085
-0.568446 -1.616121
-1.261081 -1.357816
-0.903317 -0.538556
-0.624170 -1.463800
-0.836480 -2.283053
-1.414160 -2.339374
-0.951652 -1.221366
-0.847631 -1.833660
-0.799774 -0.760252
-0.542364 -1.001988
-1.250578 -1.495252
-0.965288 -2.206619
-1.238369 -0.656746
-0.953774 -0.847289
-0.965876 -0.654078
-0.723395 -1.140620
-0.977959 -1.277621
-0.742916 -0.270917
-1.146019 -0.445504
-1.344596 -1.343074
-1.229509 -1.262612
-0.751584 -1.799326
-0.586601 -0.833115
-0.620462 -1.381032
-0.398625 -0.460426
-1.121982 -0.518830
-1.090042 -2.566717
-0.926330 -1.476266
-1.385982 -1.819396
-1.018487 -0.472728
-0.675337 -0.421859
-1.319458 -2.216595
-0.693463 -0.339238
-1.198841 -0.659450
-1.060500 -0.484925
-0.715141 -1.875288
-1.007434 -2.136348
-1.328474 -1.210582
-1.306143 -1.025354
-1.018456 -0.325158
-1.056425 -0.516126
-1.335503 -1.703975
-1.343585 -2.635462
-1.027536 -2.125360
-1.344018 -2.787017
-1.305550 -0.940900
-1.015882 -0.090089
-0.503789 -1.183356
-1.155510 -1.851858
-0.596928 -1.405538
-1.161813 -1.578616
-1.045587 -0.510438
-0.827069 -1.678705
-0.655559 -0.241658
-0.535120 -0.701062
-0.811532 -0.948988
-0.651515 -0.580996
-0.938664 -1.994232
-1.434191 -2.468278
-0.866390 -1.410313
-1.190124 -1.321927
-1.176946 -0.930337
-0.705074 -1.605161
-0.782313 -0.264482
-0.929213 -0.935975
-0.667808 -0.392529
-1.208177 -0.629104
-1.782723 -2.342875
-0.945053 -0.278897
-0.717274 -1.819849
-0.525966 -0.667416
-1.011932 -1.146574
-1.355649 -1.357077
-0.890777 -0.575502
-1.308928 -2.292177
-0.781890 -0.713905
-1.674509 -2.184759
-0.919992 -0.568822
-0.358010 -0.902383
-1.223381 -1.636667
-1.010285 -0.615497
-1.048818 -0.352301
-0.691820 -0.094781
-0.553449 -0.518319
-0.900503 -0.763222
-1.520483 -0.859159
-1.584028 -1.600805
-0.401899 -0.132719
-0.989799 -0.486024
-0.722635 -0.468041
-1.146726 -2.712970
-0.948978 -1.300721
-0.896218 -0.201212
-0.657692 -0.657380
-0.688907 -0.388498
-0.554343 -0.549062
-0.756206 -1.355560
-1.470814 -1.852932
-1.212989 -1.982582
-1.212739 -0.293577
-1.019695 -0.053185
-0.728204 -0.340593
-0.482883 -0.716023
-0.504814 -1.198135
-1.275052 -0.885452
-1.135126 -1.090700
-0.815030 -0.682793
-1.291948 -1.490705
-0.922145 -0.486875
-1.079232 -1.199744
-0.746621 -1.973074
-0.927460 -1.752763
-1.185079 -2.520843
-1.473530 -1.806819
-1.290563 -2.248912
-0.794026 -0.182285
-1.019757 -1.121628
-1.083647 -0.180178
-1.175963 -0.426333
-0.819715 -1.886475
-0.480100 -0.751767
-0.945028 -0.750030
-0.714677 -0.239418
-0.960073 -0.262273
-0.683180 -0.354994
-0.941148 -0.596081
-0.832681 -1.451980
-1.074536 -0.591118
-0.994951 -1.576106
-0.623151 -0.983360
-1.376242 -2.532369
-1.015716 -0.155375
-1.358786 -1.916601
-0.494030 -0.744296
-1.064407 -0.847131
-0.667157 -1.740585
-0.793871 -0.625920
-0.969103 -0.688785
-1.466572 -2.087120
-1.073832 -0.485957
-0.848531 -0.487344
-1.250085 -0.454813
-0.440205 -1.060611
-0.916948 -0.403100
-0.522114 -1.397659
-1.317931 -2.415461
-1.239593 -2.613683
-0.660043 -0.585908
-1.417188 -1.172324
-0.890693 -0.375720
-1.146284 -2.486128
-0.525688 -1.678681
-1.067863 -0.366594
-0.847316 -1.033221
-0.812538 -2.055891
-0.582830 -0.583263
-1.176624 -2.465619
-1.108674 -0.390344
-1.096395 -1.938030
-0.902735 -0.130578
-0.641245 -0.218378
-1.279894 -1.812197
-0.701344 -0.145080
-0.673782 -0.977435
-0.876600 -1.991410
-1.445680 -1.978487
-1.502421 -1.237535
-1.035083 -0.555637
-0.838304 -0.873128
-1.365565 -1.493561
-1.117207 -1.524113
-1.373739 -2.507324
-1.013922 -0.266576
-0.807202 -1.160164
-0.710289 -0.724597
-1.092435 -1.966127
-1.414594 -1.969614
-1.306841 -1.859277
-1.082618 -1.726910
-0.702492 -1.696200
-1.015312 -1.920450
-0.751961 -0.741256
-1.003953 -0.566929
-0.771401 -1.933208
-1.209171 -0.938256
-0.376482 -0.402848
-0.568662 -0.462618
-1.092394 -0.476954
-0.392336 -0.581368
-1.095726 -1.595593
-1.473016 -0.798397
-1.399956 -2.658559
-1.554368 -2.338824
-0.675925 -1.355439
-0.909713 -1.135567
-1.439756 -2.265462
-1.253708 -2.219879
-0.805376 -0.502753
-0.603920 -1.443593
-1.152625 -1.069133
-1.323536 -0.403709
-0.820190 -1.145887
-1.462320 -2.395473
-1.086832 -0.782521
-0.506998 -1.306538
-1.519758 -1.789995
-0.766734 -0.123365
-0.778454 -1.039802
-0.934868 -1.633413
-0.812615 -0.638936
-0.804908 -0.431057
-1.499726 -1.642424
-0.807337 -1.745375
-0.948042 -0.189309
-1.444186 -1.591645
-1.194658 -2.550124
-0.806297 -1.523267
-0.591126 -0.414638
-1.173990 -0.855211
-1.080154 -2.394336
-0.473080 -0.652093
-1.645418 -2.120165
-1.002620 -0.095912
-0.725956 -1.258079
-1.317159 -1.099675
-0.629524 -1.723910
-0.999245 -0.741864
-1.081834 -0.503655
-0.579195 -1.266249
-0.523385 -1.097696
-1.339246 -1.958494
-0.963643 -0.842844
-0.470972 -1.581258
-0.806205 -1.290496
-1.464356 -1.157374
-0.793869 -0.451374
-0.877953 -1.277902
-0.448197 -0.630593
-1.169611 -1.693629
-1.155172 -2.255453
-1.350504 -1.825950
-1.081976 -2.432574
-1.592581 -2.126205
-1.211789 -2.274379
-0.879109 -1.776593
-1.404804 -0.665666
-1.229994 -1.373060
-0.880003 -1.444913
-1.648975 -2.188167
-0.869461 -0.634054
-1.258374 -2.191844
-0.653783 -1.425804
-0.930802 -1.301153
-1.019301 -0.907594
-0.831382 -1.034966
-0.892068 -1.341781
-0.902851 -1.299492
-1.653609 -1.686734
-0.952806 -2.089562
-1.368411 -1.777071
-0.379537 -0.730337
-1.317982 -0.559889
-1.366521 -1.054016
-1.065005 -1.008935
-0.388259 -0.615624
-1.429491 -2.700712
-0.785837 -1.092988
-0.950337 -2.044304
-1.184009 -0.832749
-1.442728 -0.688242
-0.954978 -0.114352
-0.617260 -1.490430
-0.556867 -0.981335
-0.645836 -1.107788
-1.030992 -1.709730
-0.813587 -0.475436
-1.456313 -0.694552
-1.280303 -2.532741
-1.040887 -1.865026
-1.357065 -0.890954
-0.932505 -1.849596
-1.254350 -0.613326
-0.906346 -2.381371
-0.767638 -1.052410
-1.522350 -1.104227
-0.846841 -2.303343
-0.479019 -1.060932
-0.864432 -2.018172
-1.290827 -0.875235
-1.480467 -2.489109
-0.774247 -0.760049
-0.471945 -1.320174
-0.955926 -0.422353
-1.092806 -0.811553
-1.010532 -1.604917
-1.096050 -2.188859
-0.357429 -0.893904
-0.521298 -1.307275
-1.324993 -1.227929
-0.887246 -1.750312
-1.147687 -1.908946
-0.803939 -1.881189
-0.929782 -1.773608
-0.807948 -1.057727
-1.441026 -2.307143
-0.779073 -0.607565
-1.332715 -1.108912
-1.356417 -2.450740
-0.787250 -1.836200
-1.009929 -1.873216
-1.461491 -2.391639
-1.098210 -0.137532
-1.290531 -1.143380
-1.121189 -2.017930
-1.125525 -1.953688
-0.913374 -2.256396
-1.462473 -1.954097
-0.751150 -1.572905
-1.347287 -0.678386
-0.662207 -0.598162
-0.811267 -1.175676
-1.455218 -1.801435
-0.901883 -1.135158
-1.023032 -2.257768
-1.178843 -1.969390
-0.438496 -0.368621
-1.200842 -2.278482
-1.231938 -0.780139
-0.464420 -0.558837
-1.632926 -2.607467
-0.915376 -0.302050
-1.378075 -0.685863
-1.214065 -1.125258
-0.701799 -0.773825
-1.234942 -1.316167
-1.379983 -1.472265
-0.712134 -1.781579
-1.189017 -0.684578
-1.046626 -1.755831
-1.306298 -1.378968
-0.595394 -0.249738
-1.570576 -1.532663
-1.276706 -2.286335
-1.292573 -1.192845
-1.424132 -2.085741
-0.574850 -1.069006
-0.553292 -1.259785
-0.748720 -1.412111
-0.537690 -1.517005
-1.437384 -2.665432
-0.621797 -1.260516
-1.312973 -2.028815
-1.171262 -0.444515
-1.028525 -2.062656
-0.917884 -0.853328
-0.935975 -0.817003
-1.277711 -2.761291
-1.569567 -2.219855
-0.480979 -0.638794
-0.716029 -0.704008
-1.229175 -2.508186
-1.341005 -1.718278
-0.938684 -1.497463
-0.894188 -0.784476
-1.030549 -1.776695
-1.082907 -1.182225
-0.503622 -1.165038
-1.211674 -0.615719
-0.671284 -1.607624
-0.997328 -0.266968
-1.083821 -2.546511
-0.442141 -0.995079
-0.949454 -1.959425
-1.028175 -1.284144
-0.489889 -1.138053
-0.862482 -0.066825
-0.413423 -0.517677
-1.022092 -0.306200
-1.044037 -1.469704
-1.413705 -1.215338
-1.266953 -0.313564
-1.271300 -0.769087
-1.609269 -1.896953
-1.119589 -1.797352
-1.639199 -1.659365
-1.455616 -2.720576
-1.400545 -1.871500
-1.079503 -0.729878
-1.128408 -2.533887
-1.454852 -1.361708
-0.870409 -1.542593
-0.858563 -2.068567
-0.995955 -0.470254
-0.534783 -1.703374
-1.064802 -0.866598
-1.194881 -0.613860
-0.942787 -2.120525
-0.607370 -0.970960
-0.989850 -1.065741
-0.764623 -0.378406
-1.357065 -2.730002
-1.005357 -0.635385
-0.656927 -2.135487
-0.987875 -0.198203
-1.199694 -0.707613
-0.608735 -1.828882
-1.418581 -1.460568
-1.382347 -2.743297
-0.730850 -1.746105
-1.047571 -0.873124
-1.338054 -1.679101
-0.975730 -0.306559
-0.554245 -0.561397
-0.697671 -1.703677
-1.292121 -0.611618
-1.345688 -0.623703
-0.509391 -1.478434
-0.751209 -1.608113
-1.409258 -2.332017
-0.769157 -0.829208
-0.731659 -0.796590
-0.636449 -0.292382
-1.307329 -2.623940
-1.315081 -2.355382
-0.581923 -0.237558
-1.341730 -1.087491
-0.885253 -1.589710
-0.633538 -0.562166
-1.371580 -1.671050
-1.464728 -2.740654
-1.376369 -1.370533
-1.044090 -1.553723
-0.700289 -0.642865
-0.611063 -0.737455
-0.970088 -0.191873
-1.136276 -1.699727
-1.566010 -2.862345
-0.813110 -0.218702
-0.831108 -1.266590
-1.296432 -0.676237
-0.983136 -1.597911
-0.626002 -0.420156
-0.843200 -0.523147
-1.230760 -2.587980
-0.581475 -0.852526
-1.289414 -0.569998
-0.724262 -0.028834
-1.384219 -0.660316
-0.625156 -0.194034
-1.286050 -2.006375
-0.861091 -0.581833
-1.104637 -0.756689
-0.866594 -1.026599
-0.681254 -0.677865
-1.715981 -2.036372
-0.918326 -0.422028
-0.502895 -0.762906
-0.709888 -0.396163
-1.330210 -2.496863
-0.824672 -0.602841
-0.590103 -0.537247
-0.616721 -0.581394
-0.644463 -0.411742
-1.572472 -1.712916
-0.674755 -0.649711
-1.007676 -1.891536
-0.606312 -1.443352
-1.438060 -1.472040
-1.211590 -0.479375
-1.243462 -1.113845
-0.568067 -1.584178
-0.340120 -0.999358
-0.978937 -0.292964
-1.120350 -0.370501
-1.424710 -3.040704
-1.259968 -1.546351
-1.037541 -2.256678
-1.167454 -2.009471
-1.215067 -0.661934
-0.561815 -0.137429
-0.636219 -0.749682
-1.237610 -2.448569
-1.017020 -0.300803
-1.374704 -2.342970
-1.151990 -1.643535
-1.200192 -1.678492
-0.863167 -1.917722
-1.312546 -1.232951
-1.088003 -0.831483
-0.934854 -0.495008
-0.647920 -0.392169
-1.272005 -2.283664
-1.081882 -2.364724
-0.559960 -0.412042
-1.713399 -2.073479
-1.435303 -2.036604
-0.848713 -1.024832
-1.271605 -1.232794
-0.497634 -0.343624
-1.156272 -1.428027
-1.032846 -2.196169
-0.427228 -0.816179
-1.126656 -1.759082
-0.908420 -0.120795
-1.193401 -0.338682
-1.350400 -0.629966
-1.348062 -0.963457
-1.298252 -0.556974
-1.359431 -0.045816
-0.703727 -1.807181
-1.199193 -1.662698
-0.557305 -0.259290
-1.117643 -1.681108
-0.924601 -0.149602
-0.659894 -0.918657
-1.481051 -1.219678
-0.925537 -2.271189
-1.342326 -2.175581
-1.338299 -1.179263
-1.042586 -0.733146
-1.223070 -1.680785
-0.541872 -1.087111
-1.444285 -1.592137
-1.090977 -0.890039
-0.523408 -1.066202
-1.167468 -2.296714
-1.122243 -2.515573
-1.505920 -2.180518
-1.021975 -0.369143
-1.025343 -1.222137
-1.278018 -1.162033
-1.037386 -0.230811
-0.731214 -0.673493
-1.303859 -2.070992
-1.139944 -1.157982
-0.833254 -0.151100
-0.465550 -0.983218
-1.260531 -1.181780
-0.903285 -1.071017
-0.500898 -0.026687
-1.172608 -2.613840
-1.084889 -0.449729
-1.558193 -2.724601
-0.930030 -0.173107
-1.279640 -1.747929
-1.210875 -1.677423
-0.342584 -0.892634
-0.906875 -0.994117
-1.281120 -0.910635
-0.894845 -0.900413
-0.784057 -1.762649
-1.042742 -2.450330
-0.990427 -0.900084
-1.035297 -1.670495
-1.009745 -2.380870
-1.461507 -1.458295
-1.171510 -1.144306
-1.127131 -0.421225
-1.311827 -1.693635
-1.173958 -0.386385
-1.383817 -0.869114
-0.693877 -1.304727
-0.938091 -0.905406
-0.593412 -0.557159
-0.920671 -0.111411
-0.757139 -0.512902
-0.766823 -0.662698
-1.198680 -0.477673
-1.270814 -1.363060
-0.721444 -2.217279
-1.034170 -1.117895
-1.047197 -2.158845
-0.985639 -2.215437
-1.037121 -1.749269
-1.037108 -0.506949
-1.508734 -2.101863
-1.230858 -0.605481
-0.863103 -1.682008
-0.864490 -0.701262
-1.318880 -2.338754
-1.501175 -1.846716
-0.714580 -1.066842
-0.524642 -1.061618
-1.380334 -1.284550
-0.847367 -1.460857
-1.536512 -1.135417
-0.548729 -1.492296
-0.672286 -1.672308
-0.883793 -0.565709
-1.378731 -1.614421
-0.486947 -0.553819
-0.845258 -1.775882
-1.232290 -1.061465
-1.166077 -2.676159
-0.896844 -1.960931
-1.536032 -1.271285
-1.024244 -1.448998
-0.694368 -0.396805
-1.402691 -2.073148
-1.236864 -1.389651
-1.106757 -0.251815
-1.399063 -0.839814
-0.626546 -1.536636
-0.477047 -0.385950
-1.218630 -0.388113
-1.037705 -0.317165
-1.151852 -1.165352
-0.971772 -1.110656
-1.249607 -1.857062
-0.566420 -1.013628
-1.249914 -1.207066
-1.292602 -1.442695
-0.883048 -1.525437
-0.584554 -1.315514
-0.430075 -0.748169
-0.754534 -1.543306
-1.254218 -0.663659
-0.958023 -0.515397
-0.781583 -1.568544
-1.335580 -1.993335
-1.013028 -0.522722
-0.639539 -0.493029
-1.111422 -0.792891
-0.904403 -0.356104
-0.437580 -0.594149
-1.116584 -0.385043
-1.468131 -2.198176
-0.609889 -0.871692
-0.573618 -0.247944
-0.915965 -1.079321
-0.627289 -0.500247
-0.608868 -1.524801
-0.409675 -0.619776
-0.867258 -1.155481
-0.967392 -0.041004
-1.213158 -0.662538
-0.700242 -0.845604
-1.125811 -1.799168
-1.244381 -1.198940
-1.143300 -0.577489
-0.486106 -0.418509
-1.337328 -0.505432
-0.824289 -1.451402
-1.066041 -0.653938
-0.983712 -0.932172
-0.894515 -1.265074
-0.985685 -1.464865
-0.646505 -1.513758
-1.357338 -0.894609
-0.883711 -1.243824
-0.529701 -0.881529
-0.634320 -0.798462
-0.960749 -0.252303
-1.265200 -0.693816
-1.195191 -0.419764
-0.769977 -1.757730
-1.514423 -2.096306
-1.432730 -1.365132
-0.684055 -1.033888
-0.659820 -0.386531
-0.983528 -1.188326
-0.941276 -2.208660
-1.044929 -0.703680
-0.876308 -1.038187
-0.543696 -0.801505
-1.110586 -0.588345
-1.201171 -1.367329
-1.024858 -0.960194
-1.469075 -2.616634
-1.184873 -2.450020
-1.309800 -2.626225
-1.313057 -1.475745
-1.171483 -2.038487
-0.854183 -1.371325
-1.302902 -2.240834
-0.687889 -1.365448
-1.178980 -0.688636
-1.326558 -1.843194
-0.927339 -0.061997
-1.109570 -1.599420
-1.052116 -1.342476
-0.656935 -0.674723
-0.646897 -0.800699
-1.316772 -2.408525
-1.129746 -0.211359
-0.740127 -0.980031
-0.627614 -1.162200
-1.072703 -0.830325
-0.624330 -1.077448
-1.019251 -1.642700
-0.503041 -1.127257
-1.473667 -2.390383
-0.664924 -1.326604
-0.934487 -0.330023
-1.280012 -0.570395
-0.577468 -1.153170
-0.817366 -2.141366
-1.033635 -2.411348
-1.322138 -0.509766
-1.259515 -1.581337
-0.744909 -1.648514
-0.643616 -0.705098
-0.883878 -1.081240
-0.943368 -2.023874
-0.794022 -1.822130
-0.424053 -1.048245
-1.041600 -0.139270
-0.916654 -1.515517
-1.051510 -1.474081
-0.912187 -0.146863
-1.546010 -2.017841
-1.274059 -1.622344
-0.302965 -1.005618
-0.639809 -1.293717
-0.666698 -1.215436
-0.699659 -1.344708
-0.937125 -1.981729
-0.861795 -1.036734
-1.357900 -1.662889
-0.971467 -2.113596
-1.226580 -1.346897
-0.993855 -0.933520
-0.867181 -0.280110
-1.074716 -2.353518
-0.860609 -1.815527
-0.839067 -0.623206
-0.981746 -0.981409
-0.993286 -1.155094
-0.662190 -1.681665
-0.885404 -0.969873
-0.436072 -1.041124
-0.599568 -0.860652
-1.365564 -1.815383
-0.632905 -1.588570
-1.380193 -2.476715
-1.428219 -1.754894
-0.939632 -1.251213
-0.969943 -0.911777
-1.283404 -0.423618
-1.072202 -0.847721
-1.491984 -1.279435
-0.870003 -1.099051
-0.603952 -0.585450
-0.846635 -0.622799
-0.978329 -1.229373
-0.945907 -2.109615
-0.881409 -0.898969
-1.413800 -1.299349
-1.263685 -2.752999
-1.398211 -1.451052
-0.679851 -1.789990
-1.434511 -1.234233
-0.966165 -0.255102
-1.226168 -2.364510
-0.818301 -2.268319
-1.284858 -2.303535
-1.145960 -1.221550
-0.866848 -1.949887
-0.980328 -0.799524
-0.469237 -0.991369
-1.192301 -0.203360
-0.907185 -1.295898
-0.855874 -1.150972
-1.502493 -1.254311
-0.765451 -1.050296
-1.107872 -0.837955
-0.429720 -0.271869
-0.872372 -0.602325
-0.761115 -0.638424
-1.209264 -0.507312
-1.504563 -2.226394
-0.857131 -0.593211
-1.208332 -2.560364
-1.068398 -2.354372
-1.223054 -1.197700
-0.919597 -0.204643
-0.802161 -0.774093
-0.650800 -1.799515
-1.110500 -2.258049
-1.028443 -2.083022
-1.220834 -2.164174
-0.870523 -1.850260
-1.043827 -0.416713
-1.088307 -1.859978
-0.643339 -1.739699
-0.984961 -1.323382
-1.253411 -1.608428
-1.092255 -1.469102
-0.981491 -1.320944
-1.554658 -1.317606
-1.313233 -2.103552
-1.121889 -1.282738
-1.523916 -2.583099
-0.533300 -0.534260
-0.744427 -1.701405
-1.294393 -0.651499
-0.571268 -1.679853
-0.917631 -0.063544
-0.805498 -0.734288
-1.227680 -0.840901
-0.788155 -1.949476
-1.497443 -1.652781
-0.640193 -1.844840
-0.924743 -0.952009
-1.239812 -2.366184
-1.225884 -2.498610
-0.935208 -1.691530
-0.743815 -0.820520
-1.197397 -0.715747
-1.105715 -0.437319
-1.342804 -2.654486
-1.114525 -2.175009
-0.877326 -1.464834
-0.636358 -1.333123
-1.178816 -0.976044
-1.101984 -0.202622
-1.238887 -1.401073
-0.942726 -1.449960
-1.252471 -1.392974
-1.329080 -2.000505
-1.323674 -0.654893
-1.246914 -2.703274
-1.115673 -0.251976
-1.185590 -0.681626
-0.707319 -1.341878
-1.326063 -1.707296
-0.955865 -0.350820
-0.821338 -0.716263
-0.891542 -1.015621
-0.365559 -1.038821
-0.866589 -1.123105
-1.498481 -2.506104
-1.212983 -0.767593
-0.648425 -1.358181
-1.138751 -1.569771
-1.381373 -2.306588
-1.395952 -2.002371
-1.104974 -0.342159
-1.309123 -1.129943
-0.689144 -1.106903
-0.997504 -0.249944
-0.475504 -0.423061
-0.353393 -0.873202
-0.545118 -0.811067
-0.901018 -1.221246
-1.391337 -2.454260
-0.578946 -1.437079
-1.261985 -0.743777
-1.469538 -2.559739
-0.763575 -0.570584
-0.981569 -0.808503
-1.206120 -2.471518
-1.216207 -1.948023
-1.648060 -2.216151
-0.892706 -1.653995
-0.894212 -0.876005
-1.081336 -0.933915
-1.414604 -0.766195
-0.526899 -1.270919
-1.070587 -0.159118
-1.260265 -2.556396
-1.205566 -0.903125
-0.929710 -2.268937
-0.774691 -0.903671
-0.821236 -1.579834
-0.885500 -0.306380
-1.182410 -1.650872
-0.863101 -1.773530
-0.977929 -1.628561
-0.855911 -2.377862
-1.139213 -0.623918
-0.428148 -0.355854
-1.156750 -1.612490
-1.275718 -2.488013
-1.333065 -0.821730
-1.023211 -2.031950
-0.778439 -1.346134
-1.022891 -2.134858
-0.780083 -0.061807
-1.058552 -1.653792
-1.013697 -1.457836
-0.384989 -0.892641
-1.271521 -1.180225
-1.080771 -2.539132
-1.330147 -1.396879
-0.461475 -0.583673
-1.438520 -0.816867
-0.758523 -0.142332
-0.658725 -1.694129
-0.756376 -0.194985
-0.852622 -1.409505
-1.217783 -1.985944
-1.096390 -0.601797
-1.447847 -2.346334
-0.777600 -0.503177
-0.494675 -1.052305
-1.507714 -2.272621
-1.293462 -2.392258
-0.931056 -0.107543
-0.905734 -1.491731
-1.017172 -1.679655
-1.376935 -2.144035
-1.146443 -2.546377
-0.920475 -0.706341
-0.960475 -1.363782
-1.271626 -2.499583
-0.990503 -2.024279
-1.233451 -1.942398
-0.711194 -1.340775
-0.786377 -0.460658
-0.804601 -0.136140
-1.067509 -2.118777
-0.806693 -1.307889
-1.208688 -1.055134
-0.773476 -0.232555
-0.903887 -0.294805
-0.676605 -0.643981
-0.471932 -0.632392
-0.859126 -1.328864
-0.965170 -0.243718
-0.854926 -1.080134
-0.514925 -1.417260
-0.851307 -0.219423
-0.910479 -1.007260
-0.897498 -0.541420
-1.355867 -0.666943
-1.043398 -0.800754
-0.745915 -1.849101
-0.504083 -1.480370
-1.107109 -0.414459
-0.747266 -1.850284
-1.051368 -2.020089
-1.435331 -1.677763
-0.751169 -1.040583
-0.874410 -0.362633
-1.060367 -1.259696
-0.926799 -2.331491
-1.086049 -2.288581
-1.338878 -1.114235
-0.452477 -0.343906
-1.037999 -1.578150
-0.843986 -0.073982
-1.322868 -1.493116
-0.550647 -0.947795
-1.183199 -1.993323
-1.219972 -0.329775
-1.306159 -1.452764
-1.271740 -1.915295
-0.636266 -1.390593
-0.846532 -0.668726
-1.178228 -1.259517
-1.247037 -0.751761
-0.962320 -1.631686
-0.624977 -1.190847
-1.468801 -1.112451
-0.881744 -1.602560
-1.033849 -0.095556
-0.883920 -0.227865
-1.176389 -1.485802
-0.546121 -1.398890
-1.484757 -1.547669
-0.627886 -1.564465
-0.986367 -1.312405
-1.387135 -0.768510
-1.222961 -0.908065
-1.203111 -2.781305
-0.577232 -1.328705
-1.020369 -1.880485
-1.356678 -2.473826
-0.678771 -0.442691
-0.508299 -1.133901
-1.259799 -1.694291
-0.987731 -0.244662
-0.442104 -0.894535
-1.240401 -1.893579
-1.210037 -1.225272
-1.389314 -1.867247
-0.712111 -0.509650
-0.629170 -1.667027
-1.562185 -1.433070
-1.015200 -0.226349
-1.083968 -1.835380
-0.745251 -1.959363
-1.176739 -1.357097
-0.893335 -0.557168
-0.752904 -0.092931
-1.143818 -2.018146
-1.627700 -1.788872
-1.092069 -2.503814
-1.006006 -1.995992
-1.402129 -2.566998
-0.428083 -0.925714
-0.919646 -1.767286
-1.470583 -1.583490
-0.976712 -0.264163
-1.294303 -0.279285
-0.908408 -1.298846
-1.078649 -0.309142
-1.432128 -1.920028
-1.030782 -1.341187
-1.126659 -1.633748
-1.282553 -0.485969
-0.452372 -0.831673
-0.673917 -1.384745
-1.485892 -1.799003
-0.917327 -0.668649
-0.999987 -1.648810
-1.399429 -0.675466
-1.086235 -0.620719
-0.910823 -1.041327
-1.147901 -0.277740
-1.518940 -1.520687
-1.401635 -1.190752
-1.546688 -1.054424
-1.000778 -0.329285
-0.857452 -1.787599
-1.076304 -1.867483
-1.149655 -1.206148
-1.197726 -1.401219
-1.373226 -1.965144
-1.415970 -2.015826
-1.395293 -1.430795
-0.953116 -2.184116
-0.762161 -0.139234
-0.466827 -1.285695
-0.895630 -0.197890
-1.233768 -2.451002
-1.074416 -0.489292
-1.245453 -0.602360
-0.464729 -0.889997
-1.160632 -0.373595
-0.621989 -1.677301
-0.939246 -1.533107
-0.388872 -1.022628
-0.564487 -0.585104
-0.839008 -0.072750
-0.918818 -0.090310
-0.523842 -1.315004
-1.036660 -2.075425
-1.127470 -2.370111
-1.366868 -0.989452
-1.209326 -0.292023
-1.263789 -1.382375
-0.496249 -1.842420
-1.172687 -1.533955
-0.739819 -1.395471
-0.651161 -0.430161
-0.500479 -0.756517
-1.293415 -1.828250
-1.193663 -1.663295
-0.791864 -1.558731
-1.006651 -0.400247
-0.884516 -1.627701
-0.912041 -0.052166
-0.956337 -0.318782
-1.021522 -0.833178
-0.924209 -1.642121
-0.642442 -1.686675
-0.750506 -1.904764
-0.775704 -0.757703
-0.694365 -1.927740
-0.839502 -1.350915
-0.793442 -0.928589
-1.164186 -0.398967
-0.934675 -1.975512
-1.426073 -2.773783
-0.904194 -2.291507
-0.626955 -0.235661
-0.466778 -0.762662
-0.963012 -0.679727
-1.104870 -1.599576
-0.508368 -0.760511
-0.559272 -0.469067
-1.354483 -1.456119
-1.104268 -1.824693
-0.784096 -0.493058
-0.914832 -2.392648
-0.643418 -0.470467
-1.218457 -0.939740
-0.951291 -1.896177
-0.543945 -1.059048
-1.359154 -0.684873
-0.770456 -1.352743
-0.450914 -0.774466
-0.947650 -0.955062
-0.578940 -0.300529
-0.495594 -0.847058
-1.336102 -1.474517
-0.841214 -1.554557
-1.067979 -0.257968
-0.736721 -1.824326
-1.327284 -1.888333
-0.862518 -2.154168
-1.383790 -0.483489
-0.507454 -1.197360
-0.538774 -0.635592
-0.837805 -1.778363
-0.399745 -0.819118
-0.823891 -0.570838
-0.596543 -1.390069
-1.011472 -0.276786
-1.650866 -2.114396
-0.909823 -2.036301
-0.753872 -0.988898
-0.968505 -1.536225
-0.581398 -1.213487
-1.069406 -0.322743
-1.545136 -1.863623
-1.523831 -1.559766
-1.197343 -1.905927
-1.204146 -2.498870
-0.705839 -1.650054
-1.356208 -0.494441
-0.845680 -2.201316
-0.495412 -0.312010
-1.201634 -1.232339
-1.187413 -1.317840
-0.486051 -1.023450
-0.999880 -0.539925
-1.016833 -2.391374
-1.190228 -2.047910
-1.181332 -0.543446
-0.338546 -0.886337
-0.488264 -1.090464
-1.339073 -1.282127
-0.674057 -0.979549
-0.854316 -1.248452
-0.656800 -1.159811
-1.154602 -1.366945
-0.724696 -0.105511
-1.140679 -0.359549
-1.112296 -1.129169
-1.069992 -1.422690
-1.021252 -1.474157
-0.566217 -0.273830
-1.141794 -1.904084
-1.030386 -2.120932
-1.272492 -1.499230
-1.490084 -2.267898
-1.373827 -2.348489
-1.313705 -0.938122
-1.133445 -1.314300
-1.263287 -1.824567
-1.240413 -1.851107
-0.823032 -0.277602
-0.897449 -0.774162
-0.770701 -0.345213
-1.138760 -0.653189
-0.433285 -1.411306
-1.026474 -1.484652
-0.802723 -1.836272
-1.360711 -1.433731
-0.938698 -1.972512
-1.042931 -0.251014
-1.141357 -2.617206
-0.740560 -1.007124
-1.416640 -1.587449
-1.455243 -2.225804
-0.706425 -0.413017
-0.880973 -1.863074
-0.921790 -0.892434
-1.146818 -0.215549
-1.839070 -2.058598
-1.090024 -0.585978
-0.712300 -1.031334
-0.887745 -2.235445
-1.654101 -1.948519
-0.790486 -1.355384
-1.050394 -0.588311
-0.937739 -1.199573
-0.697607 -0.387130
-1.025824 -0.322660
-0.821806 -0.464300
-0.886728 -1.623620
-0.860766 -2.226578
-1.463060 -1.812667
-1.267324 -2.344226
-0.524918 -1.432123
-1.608831 -1.304051
-1.500063 -0.866715
-0.533994 -0.794169
-0.764605 -1.239988
-1.242544 -1.503964
-0.843906 0.007622
-1.541113 -1.947516
-0.931653 -2.235375
-1.414253 -2.164114
-1.182654 -1.492160
-1.140955 -2.411438
-0.767585 -1.410818
-1.108345 -1.222680
-1.063480 -0.632752
-0.743128 -0.511264
-0.718030 -1.920648
-1.027070 -0.215674
-1.125273 -1.442906
-1.643821 -1.216366
-1.560683 -0.734305
-1.084328 -2.168372
-1.318215 -2.690726
-0.785436 -0.684409
-0.954333 -0.279084
-1.006874 -2.359870
-0.527535 -0.659903
-0.963135 -1.750365
-0.528450 -0.845580
-0.931763 -0.127933
-1.097671 -1.237166
-0.996082 -2.282109
-1.079015 -0.218321
-1.421648 -3.060303
-1.108058 -2.395960
-1.073889 -2.161385
-0.901396 -0.951178
-0.636467 -1.058395
-0.996365 -1.855004
-0.270710 -0.500735
-0.825918 -0.210336
-1.038682 -1.951759
-1.247892 -2.077371
-1.290270 -1.986786
-0.392347 -1.123981
-0.869370 -1.937090
-1.204875 -1.175529
-1.549017 -1.540895
-1.265231 -1.821988
-1.347676 -1.466306
-0.568928 -1.385509
-1.160445 -0.243347
-1.342549 -2.378606
-0.880983 -1.808547
-0.798561 -0.194824
-1.621647 -1.835934
-0.448839 -1.124978
-0.710816 -1.338037
-0.657634 -1.620732
-1.241434 -0.708327
-1.040143 -1.104001
-1.221416 -0.496949
-0.877422 -1.079683
-1.172861 -2.469230
-0.937535 -1.936092
-1.263347 -0.745318
-0.908041 -0.779158
-0.952757 -0.647546
-1.645504 -1.843944
-0.518011 -1.106239
-0.995825 -1.114027
-1.178025 -0.761303
-0.576535 -1.412643
-0.655353 -1.524943
-1.124345 -1.394528
-1.501993 -2.683885
-0.655259 -1.035748
-0.561511 -0.311013
-1.364165 -1.617914
-1.091993 -2.158415
-0.715484 -1.028433
-1.027762 -1.560060
-1.429720 -2.606967
-1.141407 -1.634605
-1.242111 -0.444806
-0.421533 -1.490900
-1.153375 -1.090557
-1.313006 -1.093992
-0.946893 -1.233762
-0.473860 -0.891795
-0.890108 -0.278830
-0.983392 -1.361177
-0.893342 -1.029520
-1.113722 -2.348734
-0.487790 -0.483200
-1.045830 -0.253704
-1.465854 -1.356005
-0.979922 -1.065385
-0.501870 -0.407476
-1.015409 -2.354110
-0.448013 -1.172562
-1.203562 -0.290560
-1.039419 -1.025414
-0.625426 -1.004383
-0.680950 -1.604823
-0.843337 -0.480837
-0.573325 -1.644112
-0.641489 -1.133441
-0.462396 -0.616310
-1.088265 -2.314595
-1.284203 -2.692066
-0.977407 -0.373176
-0.667574 -0.104152
-1.225636 -1.940313
-1.186565 -0.609095
-1.141897 -2.367748
-0.594892 -1.410425
-0.729807 -0.169865
-0.979262 -1.137699
-1.265303 -2.520641
-1.458628 -2.573025
-1.108705 -2.480056
-1.218673 -2.372595
-0.982250 -0.118498
-1.056928 -0.848784
-0.324671 -0.940747
-0.609675 -1.496652
-0.762630 -0.822005
-0.555703 -0.296278
-1.225290 -2.676821
-0.975912 -1.840368
-1.591807 -2.727705
-1.337970 -1.460557
-1.504061 -1.721020
-0.852369 -0.624601
-0.700268 -1.858141
-0.979966 -1.970276
-0.393347 -0.848814
-1.335158 -1.890326
-1.031448 -0.803076
-0.927134 -1.546054
-0.639727 -1.564097
-1.525578 -1.867447
-0.691194 -0.808339
-1.138261 -2.544349
-0.640231 -1.587023
-0.964208 -1.467278
-0.530854 -1.573546
-1.016837 -2.445749
-1.212607 -0.576450
-0.338902 -0.936284
-1.175064 -0.257755
-0.924133 -0.295891
-1.661075 -2.024393
-1.321887 -1.094806
-1.075013 -1.919209
-0.545480 -0.616251
-1.678495 -2.589698
-0.735311 -0.260527
-1.283392 -2.855532
-0.481980 -0.286449
-1.017849 -1.158586
-0.852130 -2.067457
-0.378723 -0.975281
-0.422863 -1.069143
-1.113416 -0.410039
-0.469954 -0.434700
-1.323447 -2.150940
-0.838540 -1.871897
-0.923552 -1.028833
-0.519308 -0.667179
-1.062281 -2.115744
-0.981781 -0.375379
-0.749852 -1.204017
-1.214876 -1.546113
-0.534145 -0.594461
-1.028658 -1.993467
-1.254698 -1.094431
-0.538176 -1.072915
-0.726741 -0.585524
-1.274703 -2.322313
-1.275569 -2.648457
-0.641900 -1.325338
-1.213761 -0.937637
-0.991621 -1.471680
-0.989635 -2.170146
-0.889107 -1.875534
-0.915021 -0.853055
-1.252204 -0.501764
-1.072733 -0.376690
-1.166003 -2.476494
-1.401232 -1.788003
-0.678589 -1.175303
-0.799829 -0.982750
-0.761802 -1.313639
-1.347420 -0.694194
-1.122819 -1.004847
-1.275944 -1.628049
-1.203002 -2.393070
-1.158348 -2.155842
-1.275336 -2.190759
-1.518003 -0.873921
-1.083228 -0.949104
-1.094258 -0.718741
-1.419357 -2.630708
-0.882555 -1.554311
-0.847003 -0.920552
-0.894802 -1.510807
-1.117329 -1.978683
-1.183902 -1.908974
-1.046825 -1.468087
-1.072202 -1.529047
-0.534725 -0.813042
-1.396810 -1.498361
-0.825832 -0.613682
-0.704192 -0.313460
-1.285874 -1.110229
-1.068729 -0.973194
-0.801742 -1.929068
-1.182247 -0.627986
-0.677205 -0.643830
-1.452919 -0.742470
-1.014136 -2.095332
-0.986555 -0.926566
-0.381895 -0.418176
-0.900834 -0.803066
-0.984239 -2.162086
-1.474663 -2.194927
-1.072448 -1.121392
-0.955947 -0.275529
-1.073154 -1.267318
-1.300789 -1.713872
-1.172727 -0.540842
-0.690432 -1.163981
-1.240430 -1.746529
-1.335180 -2.496646
-1.585190 -0.887592
-1.157457 -0.374133
-1.153689 -0.394326
-0.879164 -0.462182
-1.171776 -0.709318
-1.433790 -1.989680
-0.955649 -0.004860
-1.132333 -1.066693
-1.442078 -1.358506
-0.890224 -1.186814
-1.093788 -1.262330
-0.765900 -1.424662
-0.476640 -1.390661
-0.989166 -1.917396
-1.541247 -2.069040
-1.080017 -2.005276
-0.795118 -1.017096
-1.083144 -0.828583
-0.655310 -0.781631
-0.416482 -1.250330
-1.404983 -1.477110
-0.972787 -1.185482
-1.452195 -0.701392
-0.502434 -1.097455
-0.470161 -1.376226
-1.370435 -1.271628
-1.437397 -1.805215
-1.020857 -0.351157
-0.712543 -1.610433
-0.720926 -0.231275
-1.052953 -1.777340
-1.344250 -1.584569
-0.509238 -0.327231
-1.255621 -1.858479
-1.301612 -0.898229
-1.109327 -0.687005
-0.546000 -0.840467
-0.661689 -0.869463
-1.209040 -0.275619
-1.325130 -1.352971
-1.062151 -0.584629
-1.306129 -1.193387
-0.878641 -0.725347
-1.008628 -1.100431
-1.213512 -1.804020
-0.916638 -0.332880
-1.185865 -0.413056
-1.034634 -0.825174
-0.835288 -0.350249
-1.387150 -0.959555
-1.077287 -0.696288
-0.774712 -1.547700
-0.937020 -1.461092
-1.289291 -1.638103
-0.620333 -1.270665
-1.312439 -1.588661
-0.675536 -0.302132
-0.389515 -0.494214
-0.705817 -0.766069
-0.873839 -1.076129
-1.368223 -1.104984
-0.540451 -1.914884
-1.156600 -2.690365
-0.491718 -1.251620
-0.543748 -1.210672
-1.108881 -1.296289
-0.716353 -1.920592
-0.997960 -1.155411
-0.844257 -0.326976
-1.047721 -1.549272
-0.808670 -1.590854
-0.914983 -0.575431
-1.000071 -0.026463
-0.962263 -1.985021
-1.484128 -1.106132
-1.292987 -1.658821
-0.839934 -1.361935
-1.347316 -1.245428
-1.068880 -0.321657
-1.529742 -1.178796
-0.589313 -0.646249
-1.139607 -0.427128
-0.909539 -0.633249
-0.763743 -1.792304
-0.536011 -1.092673
-1.241167 -1.574703
-1.292442 -2.418763
-1.083304 -2.495552
-1.324451 -2.307800
-1.401795 -0.638599
-1.504462 -1.986499
-1.507251 -1.924955
-1.561505 -2.929847
-1.255698 -0.161688
-0.586188 -0.396459
-1.315102 -0.475033
-0.828468 -0.371284
-0.603804 -1.467554
-1.381356 -2.024112
-0.966106 -1.252179
-1.262963 -1.548622
-1.085375 -0.594407
-0.817171 -2.004196
-0.962644 -1.151819
-0.822390 -1.733868
-0.550130 -0.770822
-1.290409 -0.795240
-1.411567 -1.371592
-1.308842 -0.910409
-0.767805 -1.056083
-0.648481 -0.960442
-1.162467 -1.853779
-0.969143 -1.978007
-1.424594 -1.102867
-0.509647 -0.831153
-0.892838 -1.850116
-1.037799 -1.622607
-1.080563 -1.438170
-0.904967 -1.645119
-0.460785 -0.788842
-0.484935 -1.209087
-0.574937 -1.553543
-0.787796 -0.219775
-0.702342 -0.557875
-0.620548 -1.447925
-1.450865 -2.586891
-1.444975 -0.835795
-0.879802 -1.835231
-1.325935 -1.496448
-0.885853 -0.399694
-0.801509 -1.224911
-0.562339 -1.202481
-1.095296 -1.699728
-0.440101 -1.244400
-1.407282 -1.744604
-1.342706 -0.743031
-1.230742 -2.229320
-1.417439 -1.132640
-0.818613 -1.693935
-0.764552 -0.283980
-0.668942 -1.112723
-0.924458 -0.003464
-1.318019 -2.595681
-0.793487 -1.993741
-0.657660 -0.439925
-1.437691 -2.495477
-0.758559 -1.573205
-0.550754 -1.308083
-0.893857 -1.492428
-1.478065 -1.968608
-1.267251 -0.963992
-1.622772 -1.824288
-1.295072 -1.532323
-1.567266 -2.120704
-1.069361 -0.085328
-0.749904 -2.248230
-1.410981 -2.003966
-1.186348 -0.878401
-0.802792 -1.504999
-0.824517 -0.236368
-1.433353 -0.759526
-1.147940 -1.367736
-1.063583 -1.593881
-1.097488 -1.666825
-1.375313 -2.178177
-1.524885 -2.616190
-0.931243 -1.799068
-0.967311 -0.292045
-1.362044 -1.719234
-1.109884 -2.385990
-0.887333 -0.216396
-0.820822 -0.881464
-0.469546 -1.210515
-0.819781 -1.129432
-0.566928 -0.374944
-1.369096 -1.556849
-1.198964 -1.676322
-1.449584 -0.947224
-1.433430 -1.112487
-0.847227 -1.816959
-0.904920 -1.295188
-0.807057 -1.583218
-1.040902 -1.849751
-1.179225 -0.979802
-0.885469 -0.606540
-0.777005 -0.979596
-1.258520 -0.692590
-1.034253 -2.494550
-1.544320 -1.789387
-1.073675 -0.530903
-0.983472 -2.157171
-1.160179 -1.526479
-1.001722 -1.968688
-1.208924 -0.368119
-1.253077 -1.473760
-1.499402 -1.222160
-1.612494 -1.208959
-0.507116 -0.685236
-1.099523 -0.632470
-0.840808 -1.211727
-1.058041 -0.963624
-0.838351 -1.020813
-1.520969 -2.251156
-0.390769 -1.154702
-1.118762 -1.633599
-0.508599 -0.597158
-1.329823 -0.663280
-0.645081 -1.338222
-0.710105 -0.765087
-0.368623 -0.655883
-1.526310 -1.739444
-0.878271 -1.992715
-1.116949 -1.903147
-1.197671 -1.377692
-1.416676 -1.616718
-1.261216 -2.632020
-0.661858 -0.480588
-1.442428 -1.637667
-0.941892 -0.225561
-1.271119 -2.274054
-1.414450 -1.116590
-1.387028 -1.094701
-1.233954 -0.340376
-0.539158 -1.423747
-0.881921 -0.876355
-1.247999 -1.551971
-0.469843 -1.386066
-0.835003 -1.379677
-1.387556 -1.707630
-1.506779 -2.657650
-0.862306 -1.655721
-1.084852 -0.444881
-0.877702 -0.697990
-0.961897 -0.358902
-1.472953 -1.827131
-0.719293 -0.366216
-0.779222 -0.563498
-1.405373 -0.861342
-0.944305 -0.136063
-0.583108 -1.536063
-1.242245 -2.440104
-1.189608 -0.425389
-0.817979 -0.107277
-0.504277 -0.190440
-1.194531 -2.432889
-0.579049 -0.508450
-0.447352 -0.832287
-1.092090 -1.334092
-1.340264 -0.841976
-0.880304 -1.033917
-1.090575 -0.054605
-1.129315 -1.138315
-1.122645 -1.723034
-1.330909 -2.182890
-0.836301 -0.911862
-1.374749 -2.433702
-0.423242 -0.754086
-1.194084 -1.076962
-0.368204 -0.721666
-0.831038 -1.606431
-0.508551 -1.355179
-1.353944 -1.778395
-0.818266 -1.482513
-0.404455 -1.304810
-1.057547 -0.469584
-0.641432 -1.642431
-0.798902 -1.714311
-0.940199 -1.383295
-0.981847 -1.512689
-1.115780 -2.120933
-1.409279 -2.479289
-0.374826 -0.588375
-0.678881 -1.772538
-0.431270 -1.084553
-0.638579 -0.577809
-1.261495 -2.207006
-0.499273 -0.957989
-1.017182 -0.646137
-1.653649 -1.862657
-0.780120 -0.671035
-1.071262 -0.924348
-0.824755 -1.830203
-1.005958 -0.402442
-1.283696 -2.075919
-0.745968 -1.848353
-1.471098 -0.949813
-1.212540 -0.897452
-0.795258 -1.573961
-1.400858 -0.791075
-0.944781 -1.592857
-1.240697 -0.690967
-1.030140 -2.696901
-0.771803 -0.533345
-1.065156 -0.547161
-1.168554 -1.511101
-0.918946 -2.003009
-1.145935 -2.060377
-1.163336 -1.214528
-0.717668 -0.854921
-1.095121 -1.215831
-0.829203 -1.755726
-0.803200 -2.083771
-0.750076 -0.163367
-0.946912 -0.501759
-1.097445 -0.238124
-0.646035 -0.756017
-1.134919 -1.507076
-0.924236 -2.052693
-1.407667 -2.467859
-1.296906 -0.870799
-0.689746 -0.564467
-0.439506 -0.626629
-0.550681 -1.259430
-1.190943 -0.932836
-1.066823 -0.437339
-0.552630 -1.344516
-1.029961 -2.548330
-1.006197 -1.168703
-1.140549 -0.562442
-0.645286 -1.023838
-0.886262 -0.378067
-0.958329 -1.385759
-1.333075 -1.493492
-1.031882 -1.391549
-1.032842 -1.946746
-0.992655 -0.744725
-0.668447 -0.738147
-1.520853 -1.760680
-0.529767 -1.017222
-0.373322 -0.685760
-1.024259 -1.485759
-1.301021 -0.651259
-1.293164 -2.051814
-0.586548 -1.311768
-1.067475 -1.068730
-0.634401 -1.098320
-0.904549 -2.148484
-0.569467 -1.028613
-0.558602 -0.536405
-0.561168 -0.395667
-0.864155 -0.916741
-0.404463 -0.657354
-1.438992 -1.452531
-1.589730 -1.302047
-0.709257 -1.516416
-1.272804 -1.104281
-1.161529 -2.206845
-0.917796 -2.203488
-0.881219 -0.837389
-1.310865 -1.608079
-0.987520 -0.426748
-0.929166 -2.196826
-1.267995 -1.091027
-1.096574 -2.364312
-1.273230 -0.854477
-1.218346 -2.507125
-0.870961 -0.266264
-1.052519 -0.651589
-1.284989 -2.418621
-0.717403 -1.029482
-1.317350 -1.532972
-0.927521 -1.813045
-0.931733 -1.726668
-1.472126 -1.112158
-1.391600 -2.257518
-0.963461 -0.276942
-1.352121 -2.626736
-1.180110 -1.914765
-0.999816 -1.961602
-1.370276 -0.771667
-1.465918 -1.116462
-0.358521 -1.354952
-0.702814 -1.396188
-0.657936 -0.674361
-1.318805 -2.039653
-1.387755 -2.140044
-0.919346 -0.888580
-0.677041 -0.094218
-0.520959 -0.527750
-0.794281 -1.370625
-0.602821 -0.541874
-1.129995 -2.207911
-0.811506 -0.443625
-1.713513 -1.752878
-1.337730 -1.821302
-1.264906 -1.088197
-1.464181 -1.088841
-1.013242 -2.192413
-1.398327 -2.448756
-1.480157 -2.143626
-0.730300 -0.781264
-1.152126 -1.557840
-1.107888 -0.490168
-1.144430 -1.576166
-0.439386 -0.944136
-0.588724 -1.860810
-0.667949 -1.673335
-0.986260 -1.812327
-1.296778 -2.067395
-1.351287 -2.726974
-1.091667 -1.603269
-1.022055 -0.073602
-0.993615 -0.359247
-1.337742 -0.715888
-0.941964 -1.638326
-1.517937 -2.707662
-1.472907 -1.931319
-0.637898 -0.208604
-0.859200 -1.297920
-0.976125 -1.851440
-0.425626 -0.254901
-1.095069 -2.052392
-0.896903 -0.418868
-0.890655 -1.075085
-1.176998 -1.190351
-1.549647 -1.828992
-0.662264 -1.569772
-0.964408 -0.565865
-0.603339 -1.526026
-1.250457 -2.241206
-1.416573 -2.080819
-0.757428 -0.875095
-1.362421 -1.378326
-1.007749 -2.186770
-0.996114 -0.937550
-0.392284 -0.823288
-1.414531 -1.717332
-1.237105 -0.829218
-1.269393 -0.570418
-0.839807 -0.999863
-1.098933 -0.584044
-1.478077 -2.034838
-0.552413 -1.292652
-0.812792 -0.831231
-0.749594 -0.434252
-1.211765 -0.866534
-1.014159 -0.471214
-0.631812 -1.539444
-0.686080 -0.922094
-1.300133 -1.597062
-0.868486 -0.316709
-0.999427 -1.240292
-1.403655 -0.833314
-0.617185 -1.213635
-1.425542 -1.198464
-0.494085 -1.558152
-1.252159 -1.854202
-1.003499 -0.466364
-1.354026 -0.621229
-1.039090 -0.255939
-1.019983 -1.519932
-1.261359 -0.695291
-0.879206 -2.095028
-0.555347 -0.687991
-1.161370 -0.526774
-1.037806 -0.540437
-1.433813 -1.703225
-0.801226 -0.920180
-1.435755 -0.982925
-1.381623 -1.586851
-1.102850 -0.764371
-0.707555 -1.462218
-1.001416 -2.227114
-0.713766 -0.085090
-0.762174 -0.380475
-1.161921 -2.081895
-0.803260 -0.194958
-1.098055 -1.742225
-1.375798 -1.948401
-1.241776 -1.773058
-1.289926 -2.310515
-0.854501 -0.476952
-0.920350 -0.505937
-0.916466 -2.259840
-1.252376 -1.727432
-0.477611 -0.888996
-1.175034 -0.530177
-0.723136 -0.820668
-0.819405 -0.228875
-0.790264 -2.273944
-0.431138 -0.508355
-0.940846 -1.690984
-1.378981 -0.667327
-0.921892 -1.094578
-1.051109 -0.415402
-0.541938 -0.855549
-0.948460 -0.194010
-1.273597 -1.487530
-1.163983 -2.366250
-1.141169 -2.353815
-0.471975 -0.319810
-0.581693 -0.962157
-1.298674 -1.362857
-1.396269 -1.576606
-1.501774 -1.956809
-1.176782 -1.411494
-1.226162 -0.723561
-1.609496 -1.666137
-0.770396 -0.832756
-0.969966 -0.602082
-0.613641 -1.183382
-0.446924 -1.322927
-0.807738 -0.529376
-1.152423 -2.677419
-1.022250 -1.243312
-1.063213 -0.146046
-0.973987 -1.541546
-0.977116 -0.738113
-0.708824 -0.691383
-1.176805 -2.008982
-0.659285 -1.443881
-0.539407 -1.228758
-0.714733 -1.794625
-1.261722 -1.426329
-1.298138 -2.690714
-0.655309 -0.430950
-1.505364 -1.237810
-1.325503 -0.692980
-1.467243 -2.383416
-0.891558 -1.079842
-1.459041 -1.822210
-0.548786 -0.868552
-0.651463 -0.972460
-0.592349 -0.881750
-0.549039 -1.564152
-1.386596 -1.012415
-1.047017 -0.353970
-0.679169 -0.732248
-1.307095 -1.244772
-1.443490 -2.299930
-0.564054 -0.923755
-1.141021 -0.962780
-0.607132 -0.975032
-0.941130 -1.954433
-0.666718 -0.319657
-1.031515 -1.113834
-1.400345 -2.454572
-1.232455 -2.699662
-1.076950 -1.796864
-0.937480 -0.492107
-0.874543 -0.531413
-0.565150 -0.403339
-0.862900 -1.716802
-0.973836 -1.371525
-0.468221 -1.409419
-0.582062 -0.918673
-1.061365 -1.758921
-0.385798 -0.397569
-0.803219 -1.699551
-1.329631 -1.961013
-0.643378 -1.634860
-0.501126 -0.757691
-1.368889 -0.340591
-0.843944 -1.162730
-1.018470 -0.800350
-1.174158 -0.800677
-1.083326 -1.123896
-1.041466 -1.351923
-1.106818 -0.635170
-1.336275 -1.881480
-0.921803 -0.416090
-0.785685 -0.077903
-1.188431 -0.518096
-0.755915 -0.641833
-0.543921 -0.702071
-0.850034 -1.032966
-0.629690 -0.260661
-0.589868 -1.380137
-1.406570 -1.629591
-0.906429 -2.308599
-1.313985 -2.161277
-0.740952 -1.443116
-0.798315 -2.126058
-0.720635 -0.556660
-1.338621 -1.696682
-0.526735 -0.679456
-1.595311 -2.005784
-0.722482 -0.298757
-1.079475 -2.348737
-1.398327 -1.910640
-0.852414 -0.540506
-0.564333 -0.816533
-0.768449 -1.910770
-1.098973 -1.960856
-1.144694 -2.704656
-0.757917 -0.806334
-0.402850 -0.364347
-0.381992 -0.567287
-0.905732 -0.512399
-1.299952 -0.936639
-1.236189 -0.755474
-1.074116 -0.142984
-0.711539 -0.411446
-0.977756 -0.045650
-1.386174 -0.883504
-1.020848 -0.097494
-1.002867 -2.278683
-0.806666 -2.077060
-1.315413 -1.199690
-1.245854 -1.998600
-0.606885 -0.320435
-1.451855 -1.795787
-1.427220 -1.218023
-0.778628 -0.508092
-1.585260 -1.840429
-0.516339 -0.704444
-1.357590 -1.387521
-1.077596 -1.569846
-1.096802 -1.636846
-0.774123 -0.400358
-1.354995 -1.937638
-1.384234 -1.317815
-0.484798 -0.640383
-0.783442 -1.455998
-1.553832 -1.760457
-1.242241 -2.322298
-1.134667 -0.215040
-0.723849 -0.716757
-0.981856 -0.750481
-1.023748 -2.253585
-0.848369 -1.622407
-1.456833 -1.614064
-0.630676 -1.750155
-0.559083 -0.515477
-1.103985 -1.043773
-0.916502 -0.625065
-1.446097 -2.500571
-0.902886 -0.236177
-0.923228 -0.796133
-0.930078 -1.679513
-1.148898 -0.488853
-0.645187 -1.187101
-0.747468 -1.837397
-1.507425 -1.077048
-0.761397 -0.360213
-1.582310 -1.968138
-0.566666 -0.338042
-0.727748 -0.852244
-1.492595 -2.403260
-0.457520 -1.402896
-1.373510 -0.865842
-1.554152 -2.236588
-1.013173 -2.053474
-0.910627 -1.837565
-1.006123 -1.030549
-0.985930 -0.492833
-1.382703 -2.338630
-1.049009 -0.969729
-1.253834 -1.440712
-0.899067 -1.444674
-0.685972 -0.157998
-1.268479 -1.555390
-0.881432 -2.091518
-1.436789 -0.959737
-0.843884 -1.207587
-1.581678 -1.776579
-1.120543 -1.745770
-1.151393 -0.563599
-0.554534 -0.184001
-0.753293 -0.772975
-0.869913 -0.173784
-0.937190 -1.758148
-0.991095 -2.306451
-0.661167 -1.334560
-0.992846 -0.815157
-0.993078 -1.167191
-1.141747 -2.569405
-0.768464 -1.382965
-1.189703 -2.736004
-1.246187 -0.518426
-0.602181 -1.129935
-1.052864 -0.682592
-1.267166 -2.353945
-0.869618 -0.223134
-0.536011 -0.787317
-0.347585 -0.946885
-0.960716 -0.871071
-0.847544 -0.637791
-0.672844 -0.667371
-1.076115 -0.341477
-1.365719 -0.841383
-1.555359 -1.109367
-0.681260 -1.599527
-1.111920 -0.324990
-1.013405 -1.786356
-0.797381 -1.610582
-0.760989 -0.500598
-0.414098 -0.758587
-0.581811 -0.181636
-0.823506 -0.633367
-1.348188 -2.707330
-0.972501 -1.632893
-1.394066 -2.551434
-0.801435 -0.218214
-0.953450 -0.856790
-0.645484 -0.218931
-1.261789 -1.925690
-1.053918 -1.490917
-1.163958 -2.316546
-0.463321 -1.024200
-0.940748 -1.266095
-1.251880 -0.808897
-1.580724 -1.747474
-1.576988 -0.982260
-1.007484 -2.065457
-1.408372 -0.713710
-0.316803 -0.783525
-0.742787 -1.952729
-0.751412 -0.693292
-0.564793 -0.572109
-1.204928 -1.778052
-1.000916 -0.159856
-1.491936 -1.199434
-1.019447 -0.272501
-1.223926 -0.422077
-0.764389 -0.965857
-0.807863 -1.571433
-1.313829 -1.222201
-1.033265 -0.566016
-1.156151 -0.775885
-0.502611 -0.357853
-0.446091 -0.446344
-0.993597 -1.127713
-0.508767 -0.315351
-1.239278 -1.117842
-1.286786 -1.111310
-0.940372 -2.290016
-0.817400 -0.924969
-0.736181 -0.039546
-0.523529 -0.671048
-0.903889 -0.290162
-0.902466 -0.627135
-0.689552 -0.476861
-1.014657 -2.081792
-1.051166 -1.103788
-1.447321 -2.500669
-0.921541 -1.764490
-1.057785 -0.319454
-0.621940 -1.393024
-1.061531 -0.153543
-1.314836 -1.345120
-1.370698 -1.599169
-1.207339 -0.353934
-0.476204 -0.149484
-0.639006 -0.534093
-1.528556 -1.704568
-1.084041 -2.239190
-1.246018 -0.777640
-1.188499 -2.249054
-0.637559 -0.646627
-0.803943 -0.196379
-0.587921 -1.167985
-1.192127 -1.039340
-1.317158 -1.531482
-0.865552 -0.299512
-0.933599 -1.249311
-0.758336 -0.112515
-0.675138 -1.566742
-0.894964 -2.058956
-1.165226 -1.096815
-0.632910 -1.314488
-0.500162 -0.960678
-0.598172 -1.188061
-0.781045 -1.791058
-0.621380 -0.703252
-0.866527 -1.880616
-0.780438 -0.635922
-0.943261 -0.455337
-1.219362 -1.420065
-0.654154 -1.603972
-1.001558 -1.068110
-1.202494 -2.070297
-1.361394 -1.275725
-1.223297 -1.137975
-1.347788 -2.518338
-1.088893 -1.610116
-0.733507 -0.180661
-1.611372 -1.911240
-0.565908 -0.433397
-0.995359 -0.661193
-0.487940 -0.981473
-0.962012 -0.640948
-1.174230 -0.445091
-1.301777 -0.306533
-0.559326 -0.976738
-1.572141 -1.549618
-0.482240 -0.649374
-0.580447 -1.059622
-0.630859 -0.698650
-0.560981 -0.272929
-0.573276 -0.902294
-0.815320 -1.389951
-0.954340 -0.741373
-1.495330 -1.439355
-0.949293 -2.149189
-1.434492 -0.541255
-0.917789 -1.704508
-1.159570 -0.453079
-0.811140 -0.580669
-1.058612 -1.729955
-1.325815 -1.569772
-0.986067 -0.773302
-0.803472 -0.185063
-0.870080 -0.405727
-0.860557 -0.619221
-1.354754 -0.798677
-0.627248 -0.259112
-1.421000 -2.228184
-1.348589 -1.011832
-1.182901 -0.795888
-1.011192 -2.161594
0.924060 0.738175
-1.176456 -2.409963
-0.541961 -0.969577
-0.698297 -1.491556
-1.539115 -2.329886
-1.259145 -1.155986
-0.514375 -0.488904
-1.121161 -1.452690
-0.631890 -0.612224
-1.115432 -2.346203
-1.058049 -0.695550
-1.312846 -0.948992
-1.332116 -1.039088
-1.404380 -1.385539
-1.049495 -1.325051
-1.045022 -0.210677
-0.872133 -0.894109
-1.057901 -0.326612
-1.221589 -0.693641
-0.658616 -1.406623
-1.305809 -1.058846
-0.896104 -0.382054
-0.822753 -0.156212
-1.084229 -0.414420
-1.109380 -0.203314
-1.028765 -2.002466
-1.118203 -2.307085
-0.743979 -1.660078
-0.998053 -1.609103
-0.859546 -0.453851
-0.570431 -0.853200
-1.410245 -2.416668
-1.494070 -1.962727
-1.329991 -0.980951
-1.265771 -0.823075
-1.347638 -1.717305
-1.094044 -1.433092
-0.889232 -1.564092
-1.496592 -2.224608
-1.569105 -2.013241
-0.778612 -1.384854
-1.382534 -1.694619
-0.507134 -0.560747
-0.411875 -0.500755
-0.868037 -0.267181
-1.373892 -1.247537
-1.244320 -2.803617
-1.199324 -0.520776
-0.899839 -0.748646
-0.806813 -0.483013
-1.187317 -0.868642
-1.265263 -0.342173
-0.543820 -0.368449
-0.748410 -0.856280
-0.652387 -1.442391
-1.092062 -1.286753
-1.112814 -2.356661
-0.773681 -1.047083
-1.231960 -1.772577
-1.236394 -0.764980
-1.272152 -1.477126
-1.168165 -0.740649
-1.394888 -2.450001
-1.160208 -1.417041
-1.156652 -2.273874
-0.888967 -0.915087
-1.133691 -0.262973
-0.538895 -0.880060
-0.976091 -0.760950
-0.689056 -0.390156
-1.150979 -0.533206
-1.258638 -2.245928
-0.938804 -1.380818
-1.151943 -0.491859
-0.751129 -1.605150
-0.969065 -0.803170
-1.187396 -0.752968
-0.523083 -0.666391
-0.762786 -1.784513
-1.379407 -1.131524
-0.633603 -0.113873
-1.312499 -0.829057
-0.965783 -0.447583
-0.934465 -1.985236
-1.476691 -1.783935
-1.259586 -1.880555
-0.946213 -1.943120
-1.241729 -1.857329
-1.530433 -2.614894
-0.985038 -2.370833
-0.702211 -0.977636
-0.672848 -1.508872
-0.951934 -0.935465
-0.975965 -0.206043
-1.317955 -2.122558
-1.120515 -0.937315
-1.278865 -1.417730
-0.836329 -0.896357
-1.289420 -0.554147
-0.947721 -1.375251
-0.900869 -0.398955
-1.221164 -2.899458
-0.915688 -1.754537
-1.277308 -1.457561
-0.826687 -0.303590
-1.237843 -0.559428
-1.330927 -0.534777
-0.914657 -0.455939
-0.546505 -0.815622
-1.357514 -1.737238
-0.678197 -1.783994
-0.399732 -0.359830
-0.829221 -2.102916
-0.615676 -0.454819
-1.143958 -2.771109
-1.155452 -0.541607
-1.048360 -1.117683
-0.950482 -1.864072
-0.833884 -0.185712
-1.432693 -2.077043
-1.449090 -2.071917
-1.037223 -1.289637
-0.368910 -0.655027
-1.274908 -2.336163
-0.511188 -0.478825
-0.792654 -1.615518
-1.268927 -2.225387
-1.392028 -2.417323
-1.624899 -1.639398
-0.422840 -0.361454
-1.623458 -2.443779
-0.728782 -1.920638
-1.146038 -1.149324
-1.441995 -2.762283
-0.836564 -1.126358
-0.900694 -1.471654
-1.209308 -1.186454
-1.117778 -1.639724
-1.134640 -0.446513
-1.050110 -2.554443
-0.769264 -1.446692
-0.536284 -1.385886
-1.081518 -0.762147
-0.989606 -1.411850
-0.622928 -0.889030
-1.332390 -1.225130
-1.089349 -2.189044
-0.869586 -0.980452
-1.359038 -2.305799
-1.020638 -1.819591
-1.021512 -0.377914
-0.990149 -2.328478
-0.897977 -0.689267
-1.320968 -2.556215
-0.663013 -0.980529
-0.579843 -0.978417
-1.061579 -0.442834
-0.894517 -1.645433
-1.575130 -1.660052
-1.136938 -2.265293
-0.496282 -0.234417
-1.455751 -1.805769
-1.369524 -1.854655
-1.036330 -0.945269
-0.902702 -0.523950
-1.211836 -2.496461
-0.784366 -0.262257
-1.452439 -1.724697
-0.953998 -0.390303
-1.386721 -2.123358
-1.090786 -0.541912
-1.249297 -1.117230
-0.993500 -0.428973
-1.018086 -0.536486
-0.878135 -0.268311
-0.957684 -2.484926
-1.263697 -2.695545
-0.459634 -0.988192
-1.338482 -2.350583
-0.932571 -1.085275
-0.599481 -1.531263
-0.889528 -0.573137
-1.665273 -2.071307
-0.869404 -0.519097
-1.444748 -2.179681
-1.025569 -1.285222
-0.701982 -1.079183
-1.606856 -2.435861
-0.798184 -1.640627
-0.722000 -0.505896
-1.078547 -0.337868
-1.485146 -1.446728
-0.832965 -0.558325
-1.014108 -0.239472
-0.573472 -0.816483
-1.049790 -2.105393
-1.081767 -2.248903
-0.895450 -0.601551
-1.348342 -1.049541
-0.799141 -1.814734
-1.425057 -1.827140
-1.320416 -2.531899
-0.878842 -0.217987
-0.799170 -0.272684
-0.918758 -0.322339
-1.070898 -1.394765
-0.705036 -1.054394
-0.577589 -0.406181
-1.172590 -1.850343
-1.033871 -1.771933
-1.584901 -1.953704
-0.775969 -1.419287
-1.288517 -0.623585
-1.435078 -2.972349
-0.337013 -0.568510
-0.549704 -1.364860
-0.631260 -0.915708
-1.094316 -1.500086
-1.355631 -2.056387
-1.311442 -1.547271
-1.345403 -1.196593
-1.391414 -1.543491
-0.455904 -0.458463
-1.482755 -2.353996
-0.609094 -0.757208
-0.490147 -0.546262
-0.660965 -0.377027
-1.388982 -1.651709
-1.261475 -1.231248
-1.568397 -2.097356
-1.429288 -1.441348
-1.107640 -2.178212
-0.989697 -2.354558
-0.662993 -2.135900
-1.014379 -0.920497
-0.889000 -0.757681
-0.916216 -1.310118
-1.220058 -1.229311
-1.339267 -2.493740
-0.790758 -0.254475
-1.202079 -0.746437
-0.633419 -0.372111
-0.698602 -1.491524
-1.065114 -0.272636
-1.361997 -1.874394
-1.423239 -1.845687
-0.912649 -0.460952
-0.433597 -0.607510
-1.121838 -0.677541
-0.866250 -2.122870
-1.171028 -0.433523
-0.747319 -1.668652
-1.256696 -2.368086
-0.388301 -0.884158
-0.490680 -0.454984
-0.690499 -0.206447
-1.434116 -2.244656
-0.805542 -1.863616
-1.139261 -0.264083
-1.321514 -1.000223
-1.124346 -1.586838
-1.217946 -0.212251
-0.681567 -0.597158
-1.382958 -2.224264
-1.282307 -1.138321
-1.151444 -2.502854
-0.912889 -1.994303
-0.635580 -1.053283
-0.995841 -2.077811
-1.224001 -1.428121
-1.288997 -1.599418
-1.274671 -0.585721
-1.397361 -1.093879
-0.673756 -1.809074
-1.035658 -2.113655
-0.739818 -1.296530
-1.057154 -0.286502
-0.749664 -1.808781
-1.331127 -1.619894
-1.061951 -1.778433
-1.145436 -0.434007
-0.838705 -1.093117
-0.721469 -1.687847
-1.316041 -2.159709
-0.484170 -0.269839
-0.669969 -0.392478
-1.023394 -1.692227
-1.226636 -1.587942
-0.392302 -0.397489
-1.008544 -1.515057
-1.502730 -2.236133
-0.914616 -0.602909
-1.466414 -1.104283
-0.919419 -0.910957
-1.415748 -1.100959
-0.848076 -0.302616
-1.550466 -1.164688
-0.553513 -0.722534
-1.339903 -1.149828
-0.726036 -0.151420
-0.763689 -0.365956
-0.621531 -1.035288
-1.281313 -1.336699
-1.292407 -1.493265
-1.039851 -1.222526
-1.076612 -2.072853
-0.782399 -2.068138
-1.230114 -2.208254
-1.470524 -1.158929
-0.959037 -2.187584
-0.993763 -0.395484
-1.175916 -2.595278
-0.951507 -1.339072
-0.985028 -2.477914
-0.991961 -0.259616
-0.733070 -1.629104
-1.365783 -2.572102
-1.247140 -0.633846
-1.464063 -2.855865
-0.886816 -0.057644
-1.035998 -0.283379
-1.346784 -0.917287
-0.920513 -1.588804
-1.111738 -2.201311
-1.014755 -0.964468
-1.069114 -0.633224
-1.370762 -2.108812
-1.035426 -1.176840
-1.202793 -0.216456
-0.831634 -1.667321
-1.241016 -0.428712
-0.994187 -2.214041
-0.906840 -2.063044
-1.103003 -2.540121
-0.972475 -0.441095
-1.454244 -1.223115
-0.724297 -1.743395
-0.731386 -1.360602
-0.844230 -0.908595
-0.381366 -0.659026
-1.060143 -0.698746
-1.086252 -2.001625
-0.806013 -1.192853
-0.633564 -1.296864
-0.534941 -0.439486
-1.095043 -1.918200
-1.381596 -1.878832
-0.664323 -0.289537
-1.182273 -1.268324
-1.131207 -0.705175
-1.485436 -1.457910
-0.806268 -0.256907
-1.557011 -2.476228
-0.722043 -0.554321
-0.438293 -1.043375
-0.998532 -0.586230
-1.488543 -2.551095
-0.633264 -0.946299
-0.938677 -2.230261
-1.018144 -1.553892
-1.303659 -1.724059
-1.056700 -2.375994
-0.782238 -1.370746
-1.371457 -1.207048
-1.494339 -2.531165
-0.796211 -0.094410
-1.179689 -2.385788
-1.028885 -0.702217
-1.072990 -2.612056
-1.420218 -1.937020
-1.160008 -1.751495
-0.935976 -0.369882
-1.183859 -1.819617
-1.350469 -0.734404
-0.916015 -0.357242
-0.502091 -1.409888
-1.160886 -1.032606
-1.355248 -2.360241
-1.180717 -2.241388
-0.589979 -0.206402
-1.064218 -1.379719
-0.758624 -1.134056
-1.287770 -2.121681
-1.197410 -0.312396
-0.631988 -1.085907
-0.639346 -0.876617
1.002986 0.791315
-1.025302 -0.161884
-0.480773 -0.681381
-0.848775 -1.793488
-1.486649 -1.228097
-1.460209 -1.239751
-1.036056 -0.083448
-1.316867 -0.826243
-1.179757 -1.968080
-1.044145 -0.210683
-0.902100 -0.473339
-0.961305 -0.532200
-0.603721 -1.060182
-0.525070 -1.390053
-0.957695 -1.194023
-1.177945 -0.547174
-1.005718 -1.452784
-0.948057 -2.254501
-0.739932 -1.748595
-0.770829 -2.104074
-0.845420 -1.753206
-0.593624 -0.438123
-0.698535 -0.757097
-0.998696 -0.536968
-0.742635 -1.034736
-0.722255 -0.385866
-0.888472 -1.447537
-1.203802 -0.210634
-1.297430 -0.780697
-1.003652 -1.023970
-1.382644 -1.508420
-1.486284 -2.674462
-0.733527 -1.638299
-0.676243 -1.021385
-0.944865 -1.918678
-1.498022 -2.228091
-1.079950 -0.530462
-1.196008 -1.881657
-0.631076 -1.432917
-0.843792 -0.919161
-1.222908 -0.980224
-1.585011 -1.822394
-0.546171 -0.859909
-0.837864 -0.780449
-1.351652 -1.006962
-0.998940 -0.482951
-1.191771 -1.282560
-0.821477 -1.240523
-1.066787 -2.309770
-0.952397 -2.308328
-0.760366 -1.358357
-1.043087 -1.173473
-1.241730 -2.204778
-1.378165 -0.801192
-1.469893 -2.169811
-0.391490 -0.736496
-1.094969 -0.690913
-1.376484 -2.467544
-1.040148 -0.544038
-1.253124 -0.688544
-0.997548 -0.369603
-0.925305 -1.212885
-0.888148 -1.927256
-1.019648 -0.177955
-1.061367 -1.116172
-0.769185 -1.445460
-1.282506 -0.752191
-1.056347 -0.307623
-1.433961 -1.191991
-1.414626 -0.707324
-1.347024 -0.253518
-0.938960 -1.736752
-1.239622 -0.405708
-0.921278 -0.711280
-0.809531 -1.283270
-1.135830 -1.935531
-1.202067 -2.457777
-0.825511 -0.371612
-0.669395 -1.409649
-1.100722 -0.354395
-0.403439 -0.865992
-0.638132 -0.940875
-1.271002 -0.508133
-0.934027 -0.695699
-1.218238 -0.281129
-0.798884 -1.332680
-1.278213 -1.566570
-0.753847 -1.285177
-1.458677 -1.225182
-1.040881 -2.188958
-1.023548 -1.982498
-1.006173 -1.609041
-0.830413 -1.376295
-0.730963 -0.199583
-1.263209 -1.659126
-1.126950 -1.518417
-0.872563 -1.750630
-1.276233 -0.994758
-0.917912 -1.352250
-1.463478 -2.402004
-0.684071 -1.440591
-1.604835 -2.331148
-1.172643 -2.293269
-1.096047 -1.889958
-1.665895 -1.631128
-1.168867 -0.824833
-1.350961 -1.989038
-0.632906 -1.001338
-0.664049 -0.936130
-1.317556 -1.348176
-1.104744 -0.131521
-1.266961 -1.724650
-1.299995 -2.292194
-1.243146 -1.551914
-0.901107 -2.345659
-0.838206 -1.484042
-0.885226 -1.409570
-0.557215 -1.125138
-0.688419 -0.723192
-1.292799 -0.568021
-1.261920 -0.658238
-1.199902 -0.677006
-1.412102 -1.032346
-1.347709 -0.871684
-1.457495 -1.729832
-0.705352 -0.537295
-0.783984 -0.567063
-0.419660 -1.318340
-0.832056 -0.729679
-1.363162 -2.353948
-0.525865 -0.486435
-0.549572 -1.510195
-1.150811 -2.266797
-1.140924 -1.562598
-0.503980 -1.154276
-1.354797 -1.690150
-0.891273 -0.780005
-1.201455 -2.550812
-1.361725 -1.108765
-0.489171 -1.252776
-0.909042 -0.814113
-0.988370 -1.577157
-1.420150 -1.199428
-1.071743 -2.351938
-0.857295 -1.162070
-1.406412 -1.445942
-1.056374 -1.990864
-0.448458 -1.126031
-0.544127 -0.295189
-0.683181 -0.575364
-1.449261 -2.228061
-1.324083 -1.010628
-1.140424 -2.333100
-0.924499 -0.066401
-1.252171 -0.660120
-0.998668 -1.481426
-0.638306 -1.360558
-0.571889 -0.296188
-1.147443 -2.197004
-0.672687 -0.696304
-0.596942 -1.390902
-0.896000 -1.285906
-0.747641 -1.485188
-0.582705 -1.546048
-0.356670 -0.964855
-1.062636 -0.235765
-0.614538 -1.673380
-0.983749 -1.792673
-0.943750 -0.534230
-0.736154 -0.176866
-1.254752 -1.702579
-0.799838 -0.852206
-0.464652 -0.953631
-1.342934 -0.471186
-0.884269 -0.866616
-0.571569 -0.350248
-1.300921 -1.850759
-1.039511 -0.282059
-1.729287 -1.760896
-0.985974 -0.433177
-1.059299 -0.343900
-1.274562 -1.654618
-1.110217 -1.096797
-1.104507 -1.684814
-0.402886 -1.249301
-1.056123 -1.973184
-0.953027 -0.180822
-1.335887 -0.899983
-0.499129 -0.360993
-0.612658 -1.140464
-0.638309 -1.134170
-1.491370 -1.730634
-1.131989 -0.016710
-0.657825 -0.953323
-1.411948 -1.145889
-1.255143 -1.633871
-0.541240 -1.251365
-0.994182 -2.027985
-1.202026 -1.872681
-1.325961 -1.879151
-0.515445 -0.955899
-0.611448 -1.469948
-1.130707 -1.096201
-0.677561 -0.547857
-1.241108 -0.742912
-0.870621 -2.219421
-1.074423 -0.776210
-1.164584 -1.601889
-0.728040 -0.493491
-1.122004 -0.192072
-1.170105 -0.771724
-0.824832 -1.175051
-1.051257 -1.302941
-0.655291 -0.876987
-0.503763 -0.514130
-1.268013 -1.387200
-0.470260 -0.820693
-0.921387 -1.077181
-0.556855 -0.469072
-1.510369 -2.610792
-1.095089 -1.377220
-0.959748 -1.378142
-0.572546 -1.355118
-1.229953 -0.544490
-1.306905 -2.065306
-0.950400 -0.467199
-0.957017 -2.085920
-0.643339 -0.686442
-0.752235 -2.056577
-1.263059 -1.120948
-1.290338 -0.533330
-1.223946 -2.633853
-0.977159 -0.070810
-0.772753 -0.538419
-1.019342 -0.917483
-0.977174 -2.329148
-1.392449 -2.011630
-1.269089 -2.545007
-1.029225 -2.236072
-1.071176 -0.280559
-0.669183 -0.973419
-1.039023 -1.002048
-1.331226 -1.551442
-1.019017 -2.079987
-0.882622 -0.579006
-0.874960 -0.606682
-0.460215 -1.062662
-1.143908 -0.942388
-1.118897 -0.353567
-1.488461 -1.271870
-1.071620 -0.372403
-0.528354 -1.515910
-1.046749 -0.258158
-1.374191 -1.929734
-0.994184 -1.904738
-1.307179 -2.322937
-0.667479 -0.330864
-1.115498 -2.074135
-0.971112 -0.317075
-1.236090 -1.852919
-0.722887 -0.470175
-1.200233 -2.186812
-1.154837 -0.241664
-0.532510 -0.345393
-0.721128 -0.671717
-0.913204 -0.301821
-1.296814 -1.027034
-1.144406 -1.225971
-1.520841 -1.175493
-1.403480 -1.592627
-1.342556 -2.432918
-0.670136 -1.535935
-1.194796 -1.209634
-1.490674 -2.370716
-1.374030 -2.297470
-0.927480 -1.402232
-1.478727 -1.064454
-1.336744 -1.259041
-1.379425 -1.389875
-0.646736 -0.555622
-0.702365 -0.673051
-1.079220 -2.029152
-0.695914 -0.561638
-1.167742 -2.438700
-1.293838 -1.501891
-1.312252 -2.287226
-1.425464 -1.430850
-0.767290 -1.067203
-0.960130 -0.312683
-0.681727 -1.341609
-1.144356 -1.430871
-1.502397 -2.708587
-1.299963 -1.326738
-1.027269 -2.001525
-1.157750 -2.465760
-1.300592 -2.697560
-0.947244 -1.010144
-0.731326 -0.915495
-0.454369 -0.681622
-0.650231 -1.037539
-0.881019 -1.687499
-1.348808 -0.833588
-1.487588 -1.517904
-1.483031 -2.133245
-1.562350 -1.501547
-1.599856 -2.062843
-1.371439 -0.824191
-0.887348 -0.047242
-0.525427 -0.976814
-0.783601 -0.310895
-1.156747 -2.239482
-0.891573 -0.736664
-0.845373 -1.189680
-0.932337 -2.090098
-0.624804 -0.203502
-1.253851 -2.069540
-1.299179 -1.521314
-0.779348 -1.477210
-0.990540 -1.960858
-0.361626 -0.564913
-0.927466 -1.957113
-1.602306 -1.393930
-0.604072 -0.387616
-0.628897 -0.969089
-0.736486 -0.581912
-0.737550 -1.457500
-1.380760 -2.396131
-1.316480 -2.218332
-0.714733 -0.525234
-0.979512 -0.675187
-0.694322 -1.645839
-0.852644 -0.553103
-1.014970 -1.078785
-0.466957 -0.743377
-1.320869 -1.641076
-1.328876 -2.221983
-0.618401 -1.753045
-0.964040 -0.357971
-1.346328 -1.195755
-0.736206 -1.035940
-1.471268 -1.880155
-1.162945 -0.656188
-1.365385 -0.942810
-1.419030 -2.473869
-0.889112 -1.668193
-0.716972 -0.455839
-0.837611 -1.614687
-1.133405 -0.464884
-0.995397 -0.756777
-1.036666 -0.225231
-1.039997 -1.743487
-0.884321 -1.642022
-1.191225 -1.795825
-1.123295 -2.191054
-0.776958 -2.269917
-0.632945 -0.331132
-0.523948 -1.090497
-1.499020 -1.670091
-1.006149 -1.251744
-1.329128 -1.321535
-1.325760 -1.596895
-1.104613 -0.489775
-0.509802 -0.461391
-1.519473 -2.259980
-1.103053 -0.219054
-1.454958 -1.573400
-1.470279 -2.804617
-1.313377 -1.851355
-0.504671 -1.189528
-0.912264 -0.940934
-0.756918 -0.180193
-0.864371 -0.649459
-0.597502 -1.223948
-1.012394 -0.114033
-1.338758 -2.480471
-0.923393 -1.805837
-1.059813 -1.843928
-1.061778 -1.410467
-0.335075 -0.511765
-0.333866 -0.658372
-0.530643 -1.488540
-1.192157 -1.652522
-1.078798 -1.741669
-0.378888 -0.798877
-0.999577 -0.372887
-0.934051 -0.274749
-0.911877 -0.832882
-0.944846 -1.765612
-1.027343 -0.693558
-1.189414 -0.769629
-0.787506 -0.072769
-0.701103 -1.857352
-0.926861 -0.976998
-1.213394 -0.429560
-0.684071 -0.716117
-1.153372 -0.641606
-0.766112 -0.175662
-0.518180 -1.575107
-0.548906 -0.948922
-0.938108 -2.401550
-1.140199 -2.332143
-0.777998 -0.544891
-1.449783 -1.853093
-1.081561 -2.443077
-1.112965 -2.357339
-0.693935 -1.211525
-1.094062 -0.428863
-1.061207 -0.983436
-0.648989 -0.297955
-0.686359 -1.910851
-0.595161 -1.191965
-0.958025 -0.187853
-0.720790 -0.400506
-1.579337 -2.033080
-0.453090 -0.776554
-0.924255 -0.633703
-0.981830 -1.415362
-1.473210 -2.533456
-0.897300 -1.897527
-1.224795 -1.874647
-1.012417 -0.827906
-1.172278 -2.165097
-1.627808 -2.033990
-1.417217 -1.010445
-0.841368 -0.116570
-1.138440 -0.621905
-0.849469 -1.356420
-0.866958 -2.173514
-1.560409 -1.933389
-1.151540 -1.355019
-1.250022 -1.380716
-1.387616 -1.240559
-0.996381 -0.543802
-1.480676 -1.719520
-0.639775 -1.587340
-1.377685 -2.176843
-1.385106 -1.807729
-0.443938 -1.225526
-0.996187 -0.994685
-0.968238 -0.370826
-1.260609 -0.460124
-0.879826 -0.810284
-0.484600 -0.815198
-0.851223 -0.422310
-1.503142 -1.322386
-1.388847 -1.160287
-1.283634 -1.311547
-1.248710 -2.592812
-0.733074 -1.190868
-0.623847 -0.931287
-0.770230 -0.240079
-1.358806 -1.090605
-0.483298 -1.117460
-0.583012 -1.399905
-1.309820 -1.072088
-1.345087 -1.573522
-1.026216 -0.324682
-1.130937 -0.580992
-0.756542 -0.437281
-0.349140 -0.969218
-0.643045 -1.237554
-1.060572 -0.535086
-0.966676 -1.808305
-0.843558 -0.099442
-0.643360 -0.737828
-0.512213 -0.957548
-0.752739 -2.071776
-0.653209 -1.718824
-0.723097 -0.324655
-0.643977 -1.479681
-0.896662 -0.362292
-0.551463 -1.322595
-1.404258 -2.542028
-0.726461 -0.194757
-0.526767 -0.873627
-0.819063 -0.368378
-1.348928 -1.577146
-0.914529 -0.790459
-0.502735 -1.474922
-1.289958 -1.852974
-1.034103 -0.661663
-1.003856 -0.885855
-0.509054 -0.268398
-1.156932 -2.097636
-0.702788 -0.251344
-1.378174 -1.204052
-0.873861 -0.401661
-0.411214 -0.286330
-1.230497 -0.929262
-1.387124 -0.567921
-0.638160 -0.692547
-0.621781 -0.192342
-0.830271 -1.315999
-0.611658 -0.569195
-0.861159 -0.370788
-0.898677 -2.059216
-0.556956 -0.356030
-1.184371 -1.625060
-0.647741 -0.331346
-1.270453 -1.215504
-0.491199 -1.138968
-1.458579 -2.105752
-1.213317 -0.569932
-0.783091 -0.727333
-0.771248 -1.295837
-1.134757 -2.386230
-1.118109 -0.509466
-1.068038 -1.631832
-1.371947 -1.757207
-1.164997 -2.613628
-0.473146 -1.042044
-0.935805 -2.434514
-1.346339 -2.178742
-1.658694 -2.000029
-0.631804 -0.920047
-0.991908 -0.231929
-0.742192 -0.851782
-0.934263 -0.454375
-0.704240 -1.555897
-1.186564 -0.655497
-0.564353 -0.851645
-0.547554 -1.355344
-0.822303 -2.324014
-1.400479 -2.717302
-0.627423 -1.608467
-1.329873 -2.637811
-0.718179 -0.733276
-1.485787 -1.910676
-0.837060 -0.431685
-1.183585 -1.626210
-1.542980 -2.740959
-1.083902 -0.637034
-0.773675 -0.550299
-1.578581 -2.332930
-1.394052 -1.150446
-0.516182 -0.792347
-1.206316 -1.592757
-0.681729 -0.413434
-0.843125 -1.909446
-1.033594 -0.775576
-0.698433 -1.099753
-1.474967 -1.432432
-0.823302 -1.161557
-1.284744 -1.191610
-0.779007 -0.468676
-1.203196 -2.732985
-0.882621 -1.517404
-0.564610 -0.752538
-1.241498 -0.736074
-1.030005 -2.614659
-1.236312 -0.360208
-0.818503 -0.830951
-0.922891 -0.147977
-0.866512 -0.321653
-1.071284 -0.772126
-1.363347 -1.538580
-1.097115 -1.197714
-0.520627 -1.159464
-0.961344 -0.543955
-0.824730 -0.885245
-0.661531 -0.609021
-0.635569 -0.073856
-0.944131 -0.086894
-0.710957 -0.514399
-0.680026 -1.724902
-1.056509 -1.402920
-1.121852 -0.948089
-0.743962 -0.244323
-1.244760 -0.944825
-1.173777 -0.186686
-0.674518 -0.888761
-0.819013 -1.941906
-0.987089 -0.773070
-0.944067 0.005967
-1.360043 -0.634066
-0.691237 -0.617999
-0.988120 -1.883539
-0.881982 -1.576244
-1.178159 -1.445855
-0.732619 -1.520525
-1.300502 -1.152056
-0.675405 -0.641526
-1.203639 -0.545711
-1.230217 -0.588767
-1.236695 -0.385652
-1.501216 -1.603929
-1.132059 -1.730107
-0.980657 -1.258360
-0.841651 -0.940551
-1.111516 -1.930390
-1.271781 -0.498127
-1.327383 -0.928177
-0.975147 -0.846164
-1.560441 -1.529795
-1.084676 -2.502062
-1.452028 -1.443403
-0.798552 -0.701204
-1.442931 -1.080866
-1.033128 -0.275189
-0.876523 -0.326689
-1.445443 -1.012961
-1.139477 -0.624736
-1.369832 -0.572954
-0.649708 -1.267006
-0.586860 -0.885615
-1.291487 -2.083659
-0.823677 -1.210841
-0.618302 -1.693427
-0.842968 -0.914535
-1.281657 -0.807926
-1.121199 -1.183014
-1.553425 -2.183310
-0.760491 -0.329881
-0.927540 -0.025561
-0.818277 -0.657930
-0.882264 -1.645737
-0.665594 -0.965042
-1.257607 -0.229588
-0.426725 -0.592106
-1.212467 -2.048424
-0.556996 -0.697152
-0.593970 -0.654309
-1.392212 -2.547949
-0.382938 -0.562813
-1.269389 -1.534245
-0.935708 -2.317396
-1.116084 -2.219051
-0.909278 -1.529157
-0.781913 -1.192864
-1.295925 -0.862439
-0.455075 -0.309238
-1.436776 -1.358888
-0.981294 -1.499024
-1.081537 -1.554145
-1.414320 -2.115453
-0.759423 -0.575473
-1.033941 -2.471139
-1.410524 -0.793326
-1.166248 -1.492995
-0.639404 -0.275440
-1.623502 -2.123089
-1.444984 -2.250790
-1.056073 -1.720635
-1.078472 -0.464567
-1.050224 -1.999337
-0.667978 -0.353494
-1.380488 -0.978580
-0.820494 -1.185016
-1.010159 -0.977097
-1.333141 -0.931252
-0.655813 -0.456692
-1.280878 -2.348147
-1.045159 -0.265797
-1.303507 -2.021606
-1.122659 -1.981347
-1.562533 -1.630923
-0.993446 -1.558527
-1.015260 -1.980892
-1.153787 -2.014797
-1.170782 -0.657672
-0.950922 -1.280173
-1.080143 -1.995489
-1.103592 -1.204949
-1.087241 -1.274132
-0.577949 -0.318386
-0.788577 -0.485506
-0.805816 -0.394797
-0.839387 -2.298453
-1.065801 -1.377883
-1.383373 -0.838793
-1.036034 -0.291706
-1.045643 -1.903448
-0.588978 -0.181841
-1.243181 -0.532641
-0.861566 -0.780906
-0.952045 -0.938322
-1.223920 -0.248622
-1.201283 -0.576340
-0.706784 -2.003422
-0.506957 -0.665308
-1.516587 -0.959818
-1.085586 -1.050443
-0.461358 -0.171872
-0.544467 -0.821232
-0.899018 -1.005360
-1.646515 -1.685549
-0.589141 -0.453782
-0.949634 -1.746407
-1.067982 -1.967515
-1.573033 -1.727638
-1.131526 -1.341546
-0.935812 -2.241511
-1.400645 -2.137476
-1.172385 -2.457174
-1.226993 -1.770710
-0.859997 -0.857507
-1.172900 -1.542923
-0.845222 -0.762610
-1.049921 -2.457127
-1.137361 -1.292843
-1.304896 -0.756035
-0.931084 -0.292465
-1.005294 -0.780579
-1.615719 -2.349761
-0.738778 -0.911918
-0.653953 -0.319319
-0.720037 -1.508366
-1.555445 -2.418396
-0.559270 -0.992636
-1.233238 -1.869261
-0.778419 -0.386808
-1.274783 -0.579718
-0.591577 -1.245560
-1.303764 -2.775001
-1.110105 -0.668155
-0.347873 -0.440366
-0.532819 -1.284056
-0.911814 -2.142509
-1.316539 -1.552606
-0.562628 -1.355402
-0.947492 -0.996411
-1.306883 -1.777511
-0.894633 -1.765583
-0.398311 -0.701278
-1.043695 -2.504728
-0.932290 -1.494877
-0.629114 -0.558374
-1.616570 -2.608298
-0.804196 -0.170590
-1.341506 -2.066618
-0.663108 -1.996580
-1.314088 -2.065262
-0.855025 -0.170951
-1.219687 -0.461153
-0.739542 -1.605597
-0.928105 -1.882038
-1.417672 -2.487486
-1.114093 -1.747828
-1.221481 -0.871208
-0.917211 -1.651114
-0.948640 -0.818482
-0.557671 -0.784241
-0.797954 -0.490175
-0.926380 -0.220174
-0.603099 -1.066633
-0.780993 -1.364212
-0.559350 -0.516084
-0.637194 -0.835960
-0.830467 -1.926829
-1.097929 -2.256204
-0.896711 -2.066800
-0.707001 -1.461879
-1.188234 -1.205747
-0.542926 -0.403425
-0.826927 0.083926
-0.607603 -0.338994
-0.462053 -0.875187
-1.248514 -2.619445
-0.876245 -0.701004
-1.345406 -1.426683
-1.030126 -1.757974
-0.805450 -0.225130
-0.912675 -1.223203
-1.440987 -2.009343
-1.153852 -1.216998
-1.455870 -1.174415
-1.290015 -0.637672
-1.056253 -0.753135
-0.837697 -0.761299
-1.017370 -1.165706
-1.102437 -2.315773
-0.513279 -0.197341
-1.468792 -1.783726
-0.493295 -1.449736
-1.012172 -0.369937
-0.556982 -1.386996
-1.005721 -0.359831
-1.240929 -2.014991
-1.508448 -1.538340
-1.040579 -0.326935
-0.601746 -1.130501
-1.583069 -2.249765
-0.974507 -0.132229
-1.182897 -0.602137
-1.357505 -1.016759
-0.698630 -0.957680
-1.497472 -2.418236
-1.271287 -1.766043
-0.875043 -2.058572
-0.913453 -0.979606
-1.509279 -1.430273
-1.472720 -0.891305
-0.890900 -0.196512
-1.060062 -1.493848
-0.983663 -1.154035
-1.045109 -0.271875
-1.162644 -0.322705
-0.492452 -1.320068
-0.676966 -0.600618
-0.520935 -1.265289
-1.115306 -2.389307
-1.475705 -1.470091
-1.170800 -0.484573
-1.520364 -1.717954
-1.184655 -1.569736
-0.746331 -1.506521
-0.823037 -1.245223
-1.308470 -2.038847
-1.228991 -0.868939
-0.562796 -1.209986
-0.525630 -1.230976
-0.927763 -1.371334
-1.221301 -2.237968
-0.155258 -0.051903
-0.488533 -1.127241
-1.464000 -1.861055
-1.443443 -2.661487
-0.948334 -1.868821
-1.099513 -0.226795
-0.706175 -1.066267
-1.529199 -1.217775
-1.174408 -0.365208
-1.097568 -0.328310
-0.547064 -1.030292
-0.719295 -0.803320
-0.768494 -0.552711
-1.052954 -2.288648
-0.737346 -1.348739
-1.153527 -2.081323
-0.959910 -1.122118
-0.512728 -0.676881
-0.993526 -0.512780
-1.186448 -1.943935
-1.096056 -0.763905
-0.893532 -1.781095
-1.139158 -0.126243
-1.208331 -1.912351
-1.273577 -0.772911
-0.658502 -0.369488
-0.777404 -1.322584
-0.841036 -1.917692
-0.726856 -1.726139
-1.428281 -2.203221
-0.643777 -0.383173
-1.225142 -0.896247
-0.442264 -0.396313
-0.470948 -0.878716
-1.029709 -2.635962
-1.731252 -2.067133
-1.297469 -0.277406
-1.443833 -2.191096
-0.727676 -1.262030
-0.930159 -0.225429
-0.709395 -1.112261
-0.511346 -0.711453
-1.470838 -1.783746
-1.071128 -0.184780
-0.982271 -0.287078
-0.946265 -0.660384
-0.488657 -0.931999
-1.305397 -2.514655
-0.730744 -1.220531
-1.114649 -0.439716
-0.448053 -0.481811
-0.993024 -1.417461
-1.395566 -1.903586
-1.513191 -2.249997
-0.993767 -1.536197
-1.032607 -0.180428
-1.268371 -2.233216
-1.355873 -2.051705
-0.952357 -0.767767
-0.330394 -0.495767
-0.435836 -0.896399
-1.030934 -2.129925
-1.009814 -0.115942
-1.149090 -1.140518
-0.838115 -1.436088
-0.972536 -0.260473
-1.068460 -1.024123
-1.183949 -0.516400
-0.981451 -0.361822
-1.060719 -0.294007
-1.025734 -1.136026
-1.345944 -1.873508
-0.851736 -0.638094
-1.394588 -0.878821
-1.297503 -1.898288
-0.902091 -0.716795
-1.161212 -1.971317
-1.384587 -1.041413
-0.790913 -1.038006
-1.256311 -1.671573
-1.391195 -1.995837
-1.023628 -2.581992
-1.091340 -1.138030
-1.346620 -1.960417
-0.968160 -1.573172
-1.062234 -1.286248
-0.888305 -2.297694
-1.137749 -0.583897
-1.244240 -0.710052
-1.040330 -0.281712
-0.508634 -1.178641
-0.806881 -0.825098
-1.434605 -1.906194
-1.012824 -1.060618
-1.152071 -2.151772
-1.216386 -0.284534
-1.108011 -0.395391
-1.354900 -2.385917
-0.909383 -0.708165
-1.038823 -2.118491
-1.204616 -0.633014
-1.236651 -1.750558
-1.024880 -1.681056
-1.028020 -2.770468
-0.869195 -0.508762
-0.455141 -0.396520
-0.941000 -0.561764
-0.493587 -0.324372
-0.995279 -1.523697
-1.073340 -0.556573
-0.914923 -1.578870
-1.245400 -1.530489
-1.785427 -1.891781
-0.564012 -0.681401
-1.295402 -0.860563
-1.086342 -1.660235
-1.210038 -0.573884
-0.842549 -1.748621
-0.486972 -1.146724
-1.372286 -0.818044
-1.242605 -0.610576
-0.941158 -2.286361
-0.877909 -1.844604
-1.333870 -0.705260
-1.390185 -2.135901
-0.830404 -0.293119
-0.629693 -1.775629
-1.273595 -1.060072
-0.787178 -1.455341
-0.907100 -0.042482
-0.503310 -0.472012
-0.494729 -0.551238
-0.564373 -0.851486
-0.808879 -1.915888
-0.733488 -0.206997
-0.700657 -0.522136
-0.811619 -1.415442
-1.012661 -0.143285
-1.079742 -2.011446
-0.511405 -0.416364
-1.007054 -0.530497
-1.144161 -2.538710
-0.281462 -0.926445
-1.013662 -0.071925
-1.371662 -2.149238
-1.327131 -1.993888
-0.597009 -0.218830
-1.571075 -1.411565
-0.861784 -1.743479
-0.998767 -1.092599
-1.498717 -2.141794
-1.402355 -1.592131
-1.275907 -2.426385
-0.444538 -0.864826
-1.072179 -0.541228
-1.026896 -2.129201
-1.291961 -1.110910
-1.398270 -2.092167
-1.062218 -2.107662
-1.134038 -1.819273
-1.321514 -2.649951
-1.359423 -2.525679
-1.069422 -1.690555
-0.508443 -0.357123
-1.318484 -2.405116
-1.216350 -2.637913
-0.893960 -0.334640
-0.716088 -0.452693
-0.598383 -0.855650
-1.540113 -1.717542
-0.774030 -0.090282
-0.635714 -1.789289
-1.597134 -1.695486
-1.372413 -1.198313
-1.199007 -0.206001
-0.941906 -0.147529
-1.385809 -0.673341
-0.567986 -1.489881
-0.924036 -0.222368
-1.255777 -1.574313
-0.794455 -0.611848
-0.772316 -0.592977
-0.849254 -2.394704
-1.197716 -0.629176
-0.736657 -1.919896
-1.260102 -0.563317
-0.966189 -0.877247
-1.143799 -2.234304
-0.795564 -1.539160
-0.977456 -2.505827
-0.804370 -0.625651
-0.515899 -0.309328
-0.853004 -1.100836
-1.398296 -1.241008
-1.462199 -1.470701
-0.935850 -2.262065
-0.956874 -1.653225
-0.770310 -1.457276
-0.896865 -0.965248
-1.344734 -2.180701
-0.971656 -1.356743
-0.760468 -0.118311
-1.129210 -0.819777
-1.077828 -1.786978
-0.466315 -1.058400
-1.061146 -2.169936
-1.298429 -0.659213
-1.035990 -1.490858
-1.507036 -2.866278
-0.550152 -0.356255
-1.102620 -0.654851
-0.508698 -0.757598
-1.499601 -0.733436
-0.662326 -1.361236
-0.756002 -0.630624
-1.610006 -1.552158
-1.320122 -0.697599
-1.126459 -0.393525
-1.194889 -0.816728
-1.423903 -1.250208
-1.606913 -1.894204
-1.228786 -1.617958
-1.220810 -0.389897
-1.350906 -2.332383
-0.920442 -1.715816
-0.558934 -0.607545
-1.007207 -2.045541
-1.082846 -0.260679
-0.869723 -1.081822
-0.876459 -2.058090
-1.143408 -2.825792
-0.680153 -0.856180
-0.973209 -0.842025
-0.966054 -1.033695
-1.559570 -2.222860
-1.061107 -0.122907
-0.809212 -0.820735
-1.031578 -0.322131
-0.560145 -0.509422
-0.460247 -0.633037
-1.032396 -0.268438
-1.084980 -0.171161
-1.129282 -0.632428
-0.602971 -0.297468
-1.164768 -0.732424
-0.322350 -0.699177
-1.319286 -0.744911
-1.553177 -2.432211
-1.166048 -1.022636
-1.210611 -2.653774
-0.504533 -1.243681
-0.863959 -0.437324
-0.418176 -1.014676
-0.642140 -0.344852
-1.490606 -2.547189
-0.435203 -0.850555
-0.990976 -0.282698
-0.881794 -1.393341
-1.221288 -0.567826
-0.928000 -1.219390
-1.269957 -2.473810
-0.975586 -1.676265
-0.825551 -0.994301
-0.891914 -1.553755
-0.468705 -0.438009
-1.614923 -2.309439
-1.444197 -1.526382
-0.931537 -1.412915
-0.970634 -1.850119
-0.428483 -0.795993
-1.385223 -1.665512
-0.691438 -0.384546
-1.301059 -0.650730
-0.741140 -1.568588
-1.255525 -0.189262
-0.801161 -1.951847
-0.457691 -1.223588
-0.838037 -1.714435
-0.966185 -2.167216
-1.293675 -0.659014
-1.366045 -1.927023
-0.778138 -1.817422
-1.180601 -2.480127
-1.006998 -1.900914
-1.111459 -0.250927
-0.778195 -0.933071
-0.689039 -0.269808
-0.467619 -1.183591
-1.094862 -0.726945
-1.052920 -1.047737
-0.829106 -0.674536
-0.439037 -0.657932
-0.437623 -0.682822
-1.306496 -0.879815
-1.028409 -0.625609
-0.796818 -1.072032
-1.346488 -1.115816
-1.385051 -1.073931
-1.045154 -0.928372
-0.387116 -1.367408
-0.389309 -0.672227
-1.503297 -0.924610
-1.420406 -1.779230
-0.553816 -1.150878
-1.544863 -1.099384
-1.700642 -2.179905
-0.510929 -0.412144
-0.888327 -1.119001
-1.002615 -2.543633
-0.951954 -0.747775
-0.783688 -0.065690
-1.046026 -1.444566
-0.955485 -1.359612
-1.235898 -2.043156
-0.654643 -0.239829
-0.694013 -0.112712
-0.669356 -1.977993
-1.394738 -1.781773
-0.539605 -0.847757
-0.569275 -0.367218
-1.185933 -2.024515
-1.243052 -0.474570
-1.574634 -0.864946
-1.000487 -0.559560
-0.580379 -0.377306
-0.953421 -0.274714
-1.022639 -2.633299
-1.043208 -0.970985
-0.543105 -0.447623
-1.377461 -1.249118
-1.251887 -0.566218
-1.239254 -2.609144
-0.719580 -0.582847
-1.090904 -2.458279
-0.640572 -0.145402
-0.329258 -0.907071
-0.515760 -0.897656
-0.935850 -2.117268
-1.157766 -1.748151
-1.359011 -2.468121
-1.081822 -1.951288
-0.807506 -0.983407
-0.889178 -0.020654
-0.805305 -1.584867
-1.281575 -0.701030
-1.240700 -1.458663
-0.623218 -1.251219
-0.539426 -1.231820
-0.605474 -0.654356
-0.850560 -0.924009
-0.704265 -0.819571
-0.683259 -0.611564
-0.955924 -1.970862
-0.926719 -0.634126
-1.198665 -0.984909
-1.165385 -0.699681
-0.836728 -0.733166
-1.156070 -1.695634
-0.437852 -1.542428
-1.500392 -1.742665
-0.478050 -0.317818
-0.603053 -0.329083
-0.451835 -1.213351
-1.356419 -0.882218
-0.776586 -2.074564
-0.846051 -1.617510
-0.987988 -1.178292
-0.967012 -2.256637
-1.071664 -2.302451
-0.880756 -1.406882
-0.943563 -0.365235
-0.554888 -0.528294
-1.184413 -1.213634
-1.174263 -2.230826
-0.382321 -0.841807
-0.412891 -0.436780
-1.198711 -1.721041
-0.540013 -0.635177
-0.376963 -0.940435
-1.347876 -1.989952
-1.420165 -1.779725
-0.779232 -1.083246
-0.997434 -2.113779
-1.032893 -0.343391
-0.298499 -0.513348
-0.632148 -1.115421
-0.951624 -0.675094
-1.630376 -1.644779
-1.052477 -1.369416
-1.213708 -2.615558
-1.015492 -2.062136
-1.236901 -0.913065
-0.665050 -0.328486
-1.521899 -2.271075
-1.372582 -2.090492
-1.175967 -0.766590
-0.828062 -0.205131
-1.343676 -0.799601
-1.003529 -1.410660
-0.698900 -0.072287
-0.410124 -1.195526
-0.835865 -0.909326
-0.933661 -0.607097
-1.150955 -0.244607
-0.772449 -1.631645
-1.104861 -0.991252
-1.319404 -1.297534
-1.010158 -1.615286
-0.577297 -0.293615
-0.983415 -1.452868
-1.135826 -1.877040
-1.323724 -2.614482
-0.695011 -1.620618
-0.897244 -1.146475
-1.308806 -1.344584
-1.200992 -2.309774
-1.102805 -1.812199
-1.099507 -0.283513
-0.606153 -1.213060
-1.123176 -0.042165
-1.069961 -1.936820
-0.693336 -0.458601
-1.008194 -0.397880
-1.453505 -1.477334
-0.666687 -0.609013
-1.176528 -1.746875
-0.754540 -1.045871
-0.883777 -1.979091
-0.642884 -1.867029
-0.674102 -1.508919
-1.017156 -2.316400
-1.168858 -2.508041
-1.141013 -1.216097
-0.477915 -1.186920
-1.221236 -2.396292
-1.156334 -0.907905
-1.343084 -0.984276
-0.719221 -1.945615
-0.934033 -0.660734
-0.937547 -1.108510
-0.829195 -2.009793
-0.609318 -0.889313
-1.182982 -0.865997
-1.070775 -0.396899
-1.612015 -2.322675
-0.491116 -0.384808
-0.388224 -0.329592
-0.758234 -1.811654
-1.317042 -0.708890
-1.567453 -1.753420
-1.403022 -2.140790
-0.728731 -1.090599
-0.495354 -1.344968
-0.900692 -0.171455
-1.052061 -2.496220
-1.699726 -2.132624
-1.296006 -0.592796
-1.367948 -2.655113
-1.030210 -2.036589
-0.908741 -2.086116
-1.145472 -0.592285
-0.658673 -1.666160
-0.570232 -1.099825
-0.551815 -1.329652
-0.738019 -1.001650
-1.091117 -0.667313
-1.264116 -1.403500
-1.389800 -0.672855
-1.466623 -2.197267
-0.555087 -0.835551
-0.565000 -1.122213
-1.209327 -1.180433
-0.923198 -1.463001
-1.059379 -0.637710
-0.482738 -0.975881
-1.072553 -0.236881
-1.395356 -0.876843
-1.203949 -0.895002
-0.965157 -1.949674
-0.504678 -1.122690
-0.690181 -0.108773
-0.598107 -1.024723
-0.953155 -1.631169
-0.780947 -1.107954
-1.246409 -0.969584
-0.977730 -0.712092
-0.752772 -0.298993
-1.136259 -1.016158
-1.473624 -2.229352
-1.440068 -1.919634
-0.680313 -0.263081
-1.087915 -2.328456
-1.119487 -1.535365
-1.439361 -1.236506
-0.708407 -0.366369
-0.494545 -0.597076
-1.257972 -2.363036
-1.149656 -2.417348
-1.205912 -2.581940
-0.928931 -1.928763
-0.799938 -0.907476
-1.272776 -0.580989
-1.190782 -2.380663
-0.987552 -0.281021
-0.542628 -0.700046
-0.942660 -1.363207
-1.061939 -0.928754
-0.973909 -2.019749
-1.002673 -0.292469
-1.243309 -0.344885
-0.589010 -1.297295
-1.244632 -1.332350
-0.906025 -0.621727
-1.149909 -2.593893
-1.171538 -2.446329
-1.458034 -1.720153
-1.070465 -0.898286
-0.700957 -0.680660
-1.440939 -2.412935
-1.354057 -0.644117
-1.199926 -1.627928
-0.957177 -1.360723
-1.331408 -1.409432
-1.213527 -1.484199
-1.396286 -1.704420
-1.325890 -1.843062
-1.324272 -1.880047
-0.885513 -0.883767
-1.093243 -0.745238
-1.012314 -2.154931
-1.189543 -2.141948
-0.910885 -1.922916
-1.235122 -1.046843
-0.938599 -2.239048
-1.038995 -1.605504
-0.552671 -0.644637
-1.108544 -0.318045
-1.336896 -0.965045
-0.408957 -0.815219
-0.925359 -1.943003
-1.158870 -1.484860
-0.809437 -0.211467
-0.916334 -0.003314
-1.496418 -1.290723
-1.391351 -2.059742
-0.477267 -1.148446
-0.426260 -0.856302
-0.699906 -0.892394
-0.801084 -1.050149
-1.140538 -0.619738
-1.266506 -2.377789
-1.482994 -1.101487
-0.706465 -0.879924
-0.712134 -1.673594
-0.914847 -0.287672
-0.606939 -1.366374
-0.623818 -0.963501
-0.603281 -1.653811
-1.215589 -0.615949
-0.718709 -0.767547
-0.891173 -1.676648
-1.001874 -0.114093
-1.549454 -1.997575
-1.011783 -1.200756
-0.435403 -0.617065
-1.105123 -1.001793
-1.104838 -2.343953
-1.449911 -1.294430
-0.757863 -0.097967
-1.294358 -1.811515
-0.987601 -1.839470
-1.214625 -1.621414
-1.004814 -1.857968
-1.492347 -1.137764
-0.983354 -0.297184
-1.193958 -1.946211
-1.197553 -0.403546
-0.906978 -0.237775
-0.852671 -0.617074
-0.841572 -0.983881
-1.414578 -2.446200
-0.859322 -0.575450
-0.815328 -1.601335
-1.073692 -2.158706
-1.111659 -0.463944
-1.032764 -0.963440
-1.156890 -1.079187
-1.256257 -1.171215
-0.588731 -0.325056
-0.941099 -2.343415
-1.153971 -2.494443
-0.964843 -0.247768
-0.369275 -0.798942
-1.065120 -1.119062
-1.316704 -1.709243
-0.386845 -0.739999
-0.843478 -0.869300
-0.758658 -1.632391
-1.464560 -2.131580
-0.829236 -1.629882
-0.838216 -0.532396
-1.008236 -0.743617
-0.377789 -0.175572
-1.078286 -0.991355
-0.801030 -1.511557
-0.738373 -0.698291
-0.375270 -0.712851
-0.728314 -1.565630
-0.755589 -2.006700
-1.019898 -0.130417
-1.044279 -2.085649
-0.821408 -2.010556
-1.290336 -1.204602
-0.842715 -1.448090
-1.339699 -2.483652
-0.689571 -0.806747
-1.141980 -1.134817
-1.037316 -0.456361
-0.530593 -0.681106
-0.955019 -0.413858
-1.313244 -1.837224
-1.199106 -0.979670
-1.081684 -2.282663
-1.391294 -2.609725
-1.432607 -1.626778
-1.044411 -0.741140
-1.154103 -2.327733
-1.217415 -1.621028
-1.201140 -1.545045
-0.964074 -0.365862
-0.547156 -0.831843
-0.622268 -0.717537
-1.290415 -1.297047
-1.180494 -0.716760
-0.773304 -2.059196
-1.036514 -1.239602
-1.044647 -0.170983
-1.378866 -1.133598
-1.271917 -2.395618
-1.091836 -1.880204
-1.185631 -1.870626
-1.391181 -1.040580
-1.234006 -0.442290
-0.967225 -0.328733
-0.591527 -0.334523
-0.410515 -1.169467
-0.694020 -1.525645
-1.173928 -2.568151
-1.108984 -0.423392
-0.979518 -0.510443
-0.766616 -1.499911
-1.213630 -1.916894
-0.719005 -0.563150
-1.012164 -0.646631
-0.663747 -0.750711
-1.421246 -0.928303
-0.457599 -0.963195
-0.560436 -0.516639
-1.375266 -0.547258
-0.918262 -1.824384
-0.725105 -0.118727
-1.308783 -1.229092
-0.537816 -1.436258
-1.095096 -2.146446
-0.918853 -1.141808
-0.605366 -0.383003
-1.393833 -0.948909
-1.421123 -2.478404
-0.971969 -1.799670
-1.087414 -0.634007
-1.026323 -2.325871
-0.809564 -0.977807
-0.601954 -1.422377
-0.395735 -0.844022
-1.347180 -1.417582
-0.492399 -0.992799
-1.000376 -0.239261
-1.039470 -0.563891
-0.874282 -2.018270
-0.907211 -1.969009
-1.320057 -1.213925
-0.706202 -0.641646
-0.289420 -0.806558
-0.767178 -2.261759
-1.149366 -0.674890
-0.459796 -0.401294
-1.125585 -0.373713
-1.322366 -1.707405
-0.595711 -0.250721
-0.487266 -1.650897
-1.055889 -1.940925
-0.735054 -0.843483
-1.272525 -1.768415
-1.047990 -0.150678
-0.747718 -1.375980
-0.864318 -0.849980
-0.843425 -1.981380
-0.758916 -1.172612
-1.274560 -1.781132
-1.140609 -1.885132
-0.927149 -0.649810
-0.682453 -0.117332
-0.565042 -0.541090
-0.572597 -1.552704
-1.443694 -0.799175
-1.188257 -1.729147
-1.471432 -1.818694
-0.895190 -1.802639
-0.649629 -1.732610
-0.740652 -1.970813
-0.930997 -0.833929
-1.267659 -2.519418
-1.202743 -0.539561
-1.018890 0.012897
-1.377327 -1.788204
-1.103526 -1.179842
-1.569458 -2.809423
-1.175073 -0.693598
-1.198129 -1.481284
-0.591697 -0.496419
-0.368746 -0.961770
-1.030317 -0.331486
-1.085950 -1.561466
-1.064356 -2.592566
-1.118689 -1.138873
-1.340268 -1.225233
-0.780651 -0.191197
-0.501218 -0.290549
-0.864518 -0.185976
-1.334260 -1.454611
-0.535480 -1.076055
-0.941167 -1.581841
-1.127657 -2.136001
-1.480499 -1.449870
-0.626924 -1.416278
-1.261864 -1.014730
-0.825234 -1.148115
-1.178380 -0.360902
-1.369493 -1.889192
-0.635358 -0.591011
-0.597693 -0.781364
-0.996345 -1.562901
-1.187000 -1.563696
-1.236099 -1.712793
-1.116859 -2.704385
-0.987152 -2.353715
-0.697306 -0.482909
-1.143002 -0.256279
-1.021099 -1.346761
-1.436271 -2.276858
-0.979915 -0.459013
-0.588196 -0.921112
-1.108744 -1.932418
-1.028160 -0.852812
-1.405129 -0.815655
-1.143426 -2.204876
-1.148244 -1.999443
-1.024558 -0.596242
-1.142829 -2.853548
-0.864824 -0.206698
-1.009813 -1.633060
-0.967552 -1.629590
-1.503221 -1.506291
-1.582701 -1.824885
-1.404453 -1.029057
-1.321427 -1.989710
-1.531325 -1.659550
-0.857989 -1.256914
-1.103893 -0.295241
-1.085684 -0.401579
-0.651034 -0.477121
-1.021929 -1.728759
-1.014103 -1.707247
-1.075991 -0.209407
-1.118019 -2.070795
-0.520918 -1.034075
-0.912811 -2.150752
-1.649318 -2.107718
-1.004685 -2.018079
-0.595707 -0.562137
-1.274736 -1.968682
-1.399478 -1.088133
-1.034351 -0.978811
-1.082829 -0.905379
-0.977556 -0.406298
-1.435323 -1.545515
-1.411049 -0.670654
-0.511926 -0.339623
-0.973753 -1.967705
-0.630473 -0.628988
-0.534589 -0.799111
-1.251575 -0.881109
-0.767969 -1.969788
-0.753151 -1.203083
-1.052467 -0.497812
-1.085351 -1.214038
-1.127001 -1.329844
-1.332801 -1.014876
-0.990561 -2.132963
-0.736919 -1.514644
-1.098408 -2.579575
-1.611904 -2.182238
-0.501703 -0.395893
-0.488049 -0.314076
-1.210821 -2.614665
-0.643007 -0.779945
-1.176861 -0.455435
-0.771380 -0.147012
-0.393177 -0.666348
-1.602904 -1.274931
-0.704410 -0.167882
-0.603737 -0.846067
-0.587291 -0.710994
-0.789742 -1.445644
-0.906301 -1.240191
-0.812242 -0.183712
-1.193779 -2.051080
-0.644423 -0.205284
-1.202047 -0.445480
-1.181409 -1.466631
-0.461507 -0.515093
-0.981434 -0.317140
-1.240336 -0.602962
-1.005877 -2.254708
-1.453818 -1.995080
-0.870802 -0.279754
-1.092986 -0.532904
-1.405046 -2.249243
-0.808658 -1.287049
-1.370232 -0.800045
-0.896423 -1.598670
-1.429056 -2.557038
-0.724137 -0.903735
-0.887449 -2.145341
-0.698758 -0.750375
-1.249412 -1.667025
-1.217476 -0.984620
-1.206992 -0.939695
-1.144714 -2.170982
-0.849686 -1.535258
-1.417621 -2.214233
-1.320337 -0.671256
-1.082328 -1.333531
-0.750280 -1.578973
-1.462877 -1.229625
-0.566865 -1.287097
-1.168063 -2.319159
-1.293821 -0.684365
-1.190548 -0.514450
-0.978150 -0.086255
-0.682709 -0.715229
-0.913129 -0.154081
-0.612367 -1.878168
-0.748737 -1.868884
-1.430911 -0.788440
-1.311557 -0.975380
-0.828052 -1.457529
-0.762026 -1.830089
-0.597584 -1.146469
-0.711035 -0.361301
-1.025528 -1.520349
-0.631529 -0.327096
-0.819152 -0.332926
-1.091159 -1.595723
-1.074624 -1.044646
-1.447344 -1.360239
-1.099770 -0.739835
-0.515172 -0.562449
-1.396579 -1.605847
-0.946500 -0.630404
-1.062271 -0.290625
-1.316705 -0.693792
-1.140134 -0.307030
-0.678214 -0.241665
-0.322553 -1.004228
-0.738796 -1.036321
-1.129532 -1.256836
-0.926425 -0.718712
-0.945111 -1.686612
-0.824505 -0.099417
-0.736338 -1.861529
-1.246090 -1.615542
-1.185727 -0.529685
-1.208346 -1.049935
-1.438188 -2.040161
-1.131794 -1.773233
-1.258126 -0.750539
-1.307351 -0.646676
-1.068882 -0.267353
-1.390553 -1.697268
-1.516255 -1.897562
-1.552786 -1.538209
-0.514468 -1.156476
-1.247063 -2.452282
-1.260739 -1.886419
-0.653206 -0.924579
-1.224351 -1.336498
-0.931530 -1.796316
-0.821843 -2.028888
-0.880470 -1.710353
-0.567001 -0.833607
-1.369682 -1.470171
-0.652961 -1.093732
-0.871391 -0.444808
-0.692313 -1.814225
-1.254876 -2.839057
-1.194267 -1.984337
-0.609378 -0.431480
-1.219069 -1.145328
-0.775677 -1.066398
-1.098215 -1.127383
-1.270332 -2.238006
-1.391335 -0.881782
-1.102156 -0.852602
-1.210950 -1.081484
-0.903014 -0.089843
-0.503892 -0.259274
-0.835101 -0.311790
-0.919673 -1.590500
-1.333832 -2.168081
-0.503649 -1.156883
-1.186264 -0.565723
-0.897928 -1.324765
-1.501246 -2.123080
-0.754550 -1.585040
-1.195533 -1.548692
-0.530935 -1.475584
-0.655879 -0.881175
-0.787624 -0.238732
-1.502156 -1.895460
-0.789261 -1.810363
-0.760884 -0.932813
-0.839774 -1.075020
-0.578503 -0.271098
-1.195890 -1.740305
-1.325384 -0.710900
-0.738414 -0.909963
-0.491586 -1.273497
-0.931203 -0.187477
-1.008213 -0.521402
-0.879786 -0.438444
-1.168648 -1.067863
-1.395244 -2.921440
-1.209013 -1.678250
-0.426951 -1.203837
-1.585447 -1.376233
-1.481749 -1.553071
-0.721381 -1.202205
-0.687277 -1.574072
-1.065557 -1.170411
-1.150900 -0.697554
-0.793733 -0.171840
-0.907971 -2.112307
-0.772183 -1.712405
-0.714683 -0.092694
-1.396090 -2.360430
-0.600752 -0.416302
-1.059633 -1.450700
-1.102854 -0.399698
-1.421375 -1.457994
-0.901453 -0.841037
-0.726420 -0.799706
-1.266976 -0.782142
-1.173200 -0.991098
-1.161977 -1.265170
-0.880772 -1.806040
-1.337345 -1.573798
-0.436949 -0.571071
-0.904218 -1.895600
-0.640494 -1.520492
-1.065153 -0.186954
-1.424507 -2.496826
-1.426039 -0.989009
-1.509502 -1.975863
-1.030306 -1.415555
-1.520448 -2.018958
-1.458843 -0.622041
-0.382487 -0.367870
-0.480481 -1.024784
-1.200852 -0.758378
-0.654972 -0.654183
-1.134833 -0.659593
-1.209098 -1.732187
-1.436370 -2.308136
-1.051578 -1.439110
-0.998590 -1.476503
-1.395969 -1.386280
-1.246337 -1.077106
-0.721831 -0.235632
-1.354467 -1.288061
-0.969148 -2.294967
-1.104653 -0.524507
-1.571172 -1.927405
-1.496133 -2.380585
-0.686859 -1.124451
-1.358648 -2.534817
-0.920481 -0.165606
-0.776961 -0.626382
-0.405059 -1.051986
-1.653385 -2.687856
-1.217120 -2.411422
-1.488566 -1.914187
-1.390938 -1.466418
-1.406880 -2.114941
-1.603361 -0.597845
-1.387092 -1.523726
-1.271170 -1.408067
-1.093437 -0.716340
-0.638120 -0.749692
-0.979772 -1.976488
-0.629267 -2.070590
-1.382930 -1.116266
-1.317781 -1.530019
-1.275907 -1.838670
-1.042332 -2.386719
-0.660275 -0.099448
-1.325439 -2.470233
-0.734998 -0.283977
-1.054749 -0.720100
-0.734091 -2.137143
-1.190955 -1.861130
-0.830887 -1.285143
-0.505800 -1.255533
-1.023419 -0.334359
-1.526989 -2.653863
-0.554184 -1.574690
-1.146307 -0.495822
-0.688479 -1.513990
-0.683193 -0.180091
-0.700912 -1.640415
-1.480138 -1.743929
-1.123741 -0.104850
-0.853143 -0.408729
-0.634490 -0.906870
-0.848265 -2.006772
-1.033323 -2.181780
-0.712469 -0.169091
-0.838742 -1.745887
-1.467694 -1.073024
-1.036360 -1.184382
-0.574999 -1.024711
-1.469976 -0.928124
-0.381222 -1.153089
-0.735847 -1.986538
-0.644996 -0.814283
-1.005044 -1.502935
-0.708463 -1.585658
-0.597646 -0.901074
-1.358986 -1.319970
-0.561209 -0.396174
-0.469906 -1.380698
-1.108149 -2.325504
-1.470623 -1.471521
-1.370787 -0.728414
-0.566650 -0.896591
-0.904665 -1.979093
-1.335951 -0.893597
-1.210181 -1.348278
-0.763442 -1.947296
-0.790069 -0.681934
-1.222509 -1.435943
-1.041911 -1.551370
-0.523020 -1.077759
-1.296128 -1.617554
-1.387192 -2.557499
-1.373278 -1.703480
-0.864336 -0.919772
-1.255418 -2.460865
-1.628446 -2.156530
-1.237856 -0.611693
-0.813415 -0.316025
-0.874745 -2.015848
-1.088982 -0.626922
-1.325564 -1.384264
-0.757347 -0.938772
-0.577361 -0.848617
-1.298059 -2.170001
-1.185534 -0.376438
-0.658135 -1.077670
-0.944260 -1.991589
-1.302858 -1.181090
-0.993726 -0.405142
-1.326256 -0.835092
-0.700213 -0.930647
-1.125061 -1.313462
-1.435125 -1.167345
-0.524598 -1.116147
-1.306440 -2.318390
-1.280176 -0.808665
-0.371845 -1.486170
-0.810323 -1.012962
-1.311617 -0.858300
-0.965192 -1.131388
-0.778398 -1.809370
-0.945349 -2.167875
-1.410660 -2.295206
-1.239455 -0.513581
-1.201923 -0.722880
-1.304608 -2.335421
-0.614842 -1.600490
-1.398134 -0.903284
-0.842356 -1.083154
-0.871322 -2.398089
-0.502856 -1.076454
-1.472475 -1.416332
-0.983468 -1.621108
-0.615546 -1.486756
-0.690265 -0.976616
-1.066513 -0.156546
-0.726123 -0.634293
-1.143875 -2.422436
-1.388523 -0.993772
-0.972933 -0.117798
-1.007759 -1.653429
-0.637553 -0.311292
-1.286736 -1.851984
-1.382010 -2.393919
-1.533103 -1.707372
-1.118986 -0.591613
-0.927825 -1.279564
-0.691232 -1.044418
-0.778101 -1.845542
-0.773903 -0.344799
-1.088677 -0.595992
-0.974898 -0.198991
-0.895103 -0.009481
-0.618666 -0.156352
-0.891096 -1.863630
-1.542400 -2.058423
-1.383373 -2.495462
-1.605729 -2.249022
-0.816722 -0.609988
-0.855375 -1.681428
-1.351795 -2.010537
-1.206990 -1.151130
-0.512179 -0.565850
-1.017339 -1.714307
-0.956110 -0.535631
-1.203038 -2.281710
-0.804389 -0.567752
-1.206265 -2.212753
-1.218364 -1.222293
-1.490533 -2.071360
-1.227774 -1.275866
-0.763701 -0.371294
-1.015425 -1.828418
-0.388627 -1.451661
-0.976854 -1.734775
-1.484090 -1.916896
-1.417036 -1.467457
-1.302102 -2.122563
-0.866008 -2.424014
-1.151944 -0.984600
-1.586960 -2.021358
-1.258112 -2.087317
-1.124152 -0.744642
-0.841294 -1.233678
-0.643238 -0.449934
-0.812188 -1.161916
-1.482417 -1.627053
-1.432071 -1.029188
-0.722374 -0.497635
-1.022489 -2.342301
-1.467729 -2.532680
-0.806296 -0.389530
-0.377106 -0.876760
-1.193483 -0.409344
-0.922905 -2.277136
-0.566375 -1.037802
-0.419685 -1.153281
-1.342620 -0.975686
-1.025265 -1.578810
-1.233277 -1.348858
-0.349714 -0.308731
-0.582620 -1.178432
-0.757580 -0.828673
-1.261036 -0.406361
-1.594834 -1.093278
-0.865170 -1.851528
-0.721363 -0.725302
-1.121733 -0.581808
-1.539416 -0.569364
-1.255649 -0.999255
-0.672927 -1.208469
-1.255730 -2.265327
-0.527669 -0.383725
-1.298201 -0.646886
-0.779916 -1.343249
-0.576461 -0.583869
-0.647251 -1.075686
-1.393461 -1.542727
-1.158428 -1.050884
-1.333617 -1.218470
-1.478519 -1.865063
-1.201866 -1.584835
-1.488311 -1.604080
-1.084363 -0.998930
-0.608421 -1.382413
-0.956546 -1.936796
-0.800705 -1.718846
-0.789560 -1.119883
-0.758711 -1.438053
-1.100380 -1.809276
-0.531018 -1.491916
-1.203524 -2.410702
-0.839232 -0.160960
-1.256507 -0.956113
-0.945226 -0.199934
-0.923659 -2.117084
-1.273164 -2.802314
-1.082754 -0.818184
-0.993084 -1.582585
-0.521542 -0.236716
-1.200685 -2.333955
-0.705965 -1.521276
-0.738851 -1.731854
-0.925086 -0.424473
-1.074169 -1.337158
-1.509737 -0.899173
-0.854516 -1.776067
-0.828536 -1.536164
-1.389253 -0.699663
-0.944862 -1.330907
-1.266031 -2.538610
-1.342813 -2.580940
-0.723364 -1.428262
-0.988540 -1.643282
-1.412226 -1.806563
-0.956708 -2.408182
-0.987418 -1.332981
-1.196498 -2.414893
-1.227499 -1.122475
-0.805214 -0.782956
-1.566960 -2.010870
-1.345479 -0.968682
-1.136765 -2.237483
-1.083188 -1.635563
-1.161128 -1.914509
-1.167179 -2.255827
1.322246 1.344443
-1.309439 -1.073871
-0.846649 -0.669347
-0.705451 -0.245292
-1.193646 -0.488095
-0.912410 -1.082889
-1.152941 -1.416780
-1.119549 -2.241937
-0.780138 -0.910700
-1.015772 -1.817404
-1.199300 -1.180443
-1.532795 -1.113333
-1.560476 -1.761560
-0.933435 -0.692169
-1.323022 -2.431158
-1.470107 -1.020199
-1.134853 -1.049515
-0.907790 -1.228214
-1.124889 -0.827121
-0.437527 -1.572155
-0.995150 -1.547503
-0.846763 -1.861598
-0.771056 -1.755547
-1.320620 -2.379949
-1.456673 -1.652445
-1.330812 -2.292703
-1.224337 -1.521991
-1.260135 -2.207831
-1.220269 -0.557438
-0.671175 -1.244975
-1.246768 -1.237798
-1.441482 -1.179442
-1.213823 -0.319292
-0.695823 -0.230924
-0.890530 -0.089520
-0.848383 -0.536702
-1.079083 -0.490753
-0.934406 -0.181115
-0.876210 -1.097562
-0.805048 -1.572375
-1.289448 -0.649597
-1.322254 -0.894207
-1.100074 -0.003477
-0.799263 -0.827662
-1.011412 -1.164776
-1.347172 -2.052294
-0.752261 -0.236716
-0.613395 -0.278432
-1.052752 -1.006559
-1.454392 -1.901607
-1.054087 -2.009018
-1.068068 -1.196645
-1.208420 -2.735749
-0.730097 -0.226486
-1.348191 -2.445645
-1.207189 -2.010276
-1.054292 -0.424783
-1.072501 -0.119437
-1.000320 -2.268764
-0.602774 -0.502850
-0.784881 -0.927779
-1.352056 -1.867260
-1.203917 -0.417986
-0.986018 -1.418764
-1.099991 -2.167053
-0.530664 -1.448423
-1.174637 -0.435336
-0.898250 -1.263316
-1.072850 -2.012653
-1.084536 -0.209017
-0.803654 -0.691343
-1.198668 -0.271741
-1.043330 -1.087837
-0.693058 -1.435136
-0.701194 -1.616003
-0.586518 -0.364037
-1.043282 -1.831920
-1.569568 -1.386795
-0.412589 -1.387765
-0.752350 -0.773282
-1.343979 -1.384810
-0.574689 -1.113207
-0.659159 -0.782756
-0.895221 -1.967526
-1.325261 -0.787160
-1.550027 -2.557051
-0.918137 -1.903536
-1.306420 -0.980330
-0.796866 -0.803195
-0.701328 -0.618306
-0.970223 -0.277741
-1.611580 -2.381041
-1.269259 -2.221907
-1.234018 -0.797371
-0.838582 -1.690755
-1.275703 -0.818401
-0.942468 -1.569331
-1.565700 -1.583267
-0.587132 -1.499765
-1.345139 -1.867879
-0.779900 -0.216581
-1.425279 -2.572787
-1.224268 -1.080174
-1.110751 -0.502844
-1.137526 -0.272845
-1.458906 -2.370098
-0.591271 -1.766832
-0.927032 -2.304609
-1.412623 -1.994450
-1.328187 -2.262932
-1.159017 -2.337466
-1.340369 -2.429322
-1.146231 -1.610821
-0.872786 -1.136528
-0.972387 -2.400980
-1.322844 -2.064225
-0.719882 -0.723014
-0.600998 -1.585129
-1.259301 -0.423140
-1.041324 -1.851136
-0.634144 -0.486211
-0.649214 -0.485013
-0.738358 -0.177525
-1.145791 -1.028247
-1.439335 -2.072548
-1.842173 -2.080629
-0.954258 -0.644211
-0.801096 -0.643531
-0.699612 -1.251917
-0.494104 -0.800119
-1.470048 -0.815923
-0.950233 -1.099652
-1.113604 -1.091884
-1.265767 -0.868894
-0.829759 -1.246762
-1.277241 -0.520310
-1.354973 -1.073578
-1.087578 -0.605975
-0.508389 -0.533591
-0.686715 -1.983515
-1.431628 -1.296598
-1.411314 -1.754403
-1.015050 -0.307224
-1.147188 -1.670632
-1.298922 -1.260713
-1.530769 -1.356946
-0.536782 -1.089888
-1.096824 -1.541668
-1.060758 -0.981307
-0.811269 -0.530378
-0.513625 -1.009191
-1.042071 -0.231815
-1.278595 -2.511333
-1.154927 -0.841384
-0.472222 -0.713624
-0.714634 -1.252019
-1.530956 -1.023957
-1.389994 -1.349810
-1.119572 -1.304815
-1.004719 -1.461652
-1.027742 -0.891134
-0.417480 -0.672867
-0.905583 -2.218116
-1.285304 -2.866457
-1.009965 -0.902485
-0.710484 -1.390370
-0.751596 -1.318089
-1.201840 -2.359929
-0.714882 -0.205184
-1.024290 -0.080856
-0.964559 -1.447488
-0.613562 -1.191483
-1.246373 -0.674474
-0.958080 -1.286165
-1.431016 -2.000349
-0.690029 -0.352779
-0.590740 -1.580024
-1.056314 0.130141
-0.801486 -0.318357
-1.310257 -0.501914
-0.635982 -0.848718
-0.761064 -1.394183
-1.295030 -2.250062
-0.984982 -2.341842
-0.614574 -0.295333
-1.392295 -0.794718
-0.683924 -1.028880
-0.863326 -0.664282
-1.049345 -1.455450
-1.146404 -0.331911
-1.059487 -1.493667
-1.419074 -1.587234
-1.028881 -0.870732
-1.248876 -2.240329
-0.499531 -0.499895
-0.998740 -2.099417
-1.106875 -2.058810
-0.860992 -0.393455
-1.480651 -1.732621
-0.487339 -1.499428
-1.514085 -1.212253
-1.374234 -0.723948
-0.825687 -2.077614
-1.315359 -2.330208
-1.051274 -0.414987
-0.907647 0.011278
-1.032515 -0.949803
-1.062480 -0.364146
-1.352233 -2.018967
-1.312877 -1.412582
-1.682904 -2.002572
-1.466030 -2.277039
-1.498988 -2.505181
-0.793768 -0.828529
-0.446292 -1.250638
-0.982259 -1.101514
-1.340380 -1.315092
-0.756926 -0.246357
-1.394420 -1.714783
-1.161150 -1.371562
-0.452138 -1.375877
-0.728128 -0.955096
-0.668743 -1.147427
-0.918848 -1.879480
-1.090317 -0.356738
-0.708077 -1.139828
-0.666218 -0.696965
-1.405341 -1.637759
-0.529206 -0.254481
-0.452742 -0.726970
-1.169453 -1.935006
-1.293483 -1.361449
-0.955399 -0.170848
-1.432644 -0.734267
-0.863073 -1.675639
-0.827345 -0.526375
-1.224725 -0.612185
-0.718247 -0.443957
-1.036697 -1.424929
-0.656197 -0.336340
-0.648548 -0.779618
-1.282386 -1.269989
-1.222884 -0.932321
-1.273360 -2.352485
-0.898284 -1.332155
-0.762856 -0.691395
-0.849573 -0.475499
-0.888603 -1.261100
-1.307542 -2.215177
-0.630271 -0.080299
-1.274523 -1.578665
-0.839745 -2.001126
-1.311178 -1.356892
-0.490673 -0.634113
-1.283848 -1.149346
-0.497892 -0.902951
-1.355648 -1.496657
-1.110495 -0.882313
-0.531064 -0.460715
-1.022566 -0.543617
-1.278925 -1.299653
-1.262481 -2.234113
-1.069532 -1.671365
-1.367797 -0.661804
-1.314458 -1.693447
-0.895662 -0.679684
-1.013710 -0.511674
-1.012547 -2.226599
-1.279361 -1.457947
-1.004219 -1.552144
-0.569304 -1.556154
-0.782512 -1.542325
-1.309317 -1.011940
-1.444227 -2.407634
-0.851626 -1.892358
-1.199683 -1.897525
-1.044199 -0.609219
-0.979072 -1.508711
-0.967403 -0.226495
-1.083878 -1.745845
-1.290997 -2.028554
-0.787530 -0.188881
-1.071670 -1.942990
-1.136245 -1.960744
-0.523859 -1.022824
-1.340765 -2.494664
-0.888886 -1.634846
-0.946003 -0.808683
-1.268959 -2.292035
-0.822959 -1.488811
-1.364184 -1.234035
-0.876449 -0.328501
-1.020038 -0.644133
-0.783444 -0.686877
-0.499000 -0.607161
-0.832074 -0.265703
-1.462629 -0.815162
-1.576173 -1.442778
-1.190846 -1.029749
-1.396186 -1.988799
-0.455976 -1.143418
-0.611366 -1.579132
-0.648662 -1.541800
-0.950243 -1.837033
-0.695788 -0.153409
-1.016437 -0.717376
-1.335549 -0.565901
-0.616044 -1.065124
-1.310873 -0.563436
-1.022366 -2.028898
-0.650555 -1.164631
-1.249311 -1.920470
-1.415112 -2.322978
-0.972508 -1.318588
-0.861754 -1.522136
-1.110650 -1.581443
-1.257843 -0.775913
-0.541451 -1.215963
-0.571032 -0.430451
-0.895307 -1.330980
-0.845266 -0.659491
-1.466001 -2.611855
-0.472512 -0.576186
-0.980832 -2.336084
-0.507885 -0.560413
-0.903507 -1.598851
-0.996790 -1.114108
-0.556590 -0.162705
-0.674900 -1.097680
-1.263725 -1.494509
-0.547864 -0.897829
-0.860718 -0.343679
-1.216196 -2.340619
-0.734331 -0.510081
-0.390461 -1.025495
-0.626211 -0.355844
-0.717819 -0.419321
-1.173720 -2.338157
-0.857826 -0.408804
-1.071626 -1.723440
-0.986277 -1.700891
-0.879077 -1.274321
-0.451733 -0.816364
-0.941006 -2.074098
-0.724173 -0.368572
-1.395119 -1.924454
-0.799340 -1.085428
-1.003501 -0.614136
-1.038763 -0.706165
-1.199875 -1.841593
-0.486600 -0.869959
-1.186986 -0.533137
-0.959739 -0.679111
-0.807116 -0.594058
-1.395175 -1.797860
-1.488286 -2.463706
-0.450657 -1.103428
-0.909249 -2.266963
-0.748868 -0.244750
-1.385683 -2.408848
-0.774810 -0.672358
-0.850870 -0.286597
-1.501259 -1.626623
-1.113525 -1.677475
-1.249269 -0.923749
-0.760808 -0.356160
-0.507378 -0.737533
-0.823884 -1.562633
-0.726798 -0.985575
-1.164384 -2.175841
-1.010957 -0.717013
-1.043725 -2.230297
-1.221420 -0.502901
-1.201105 -1.969635
-1.052028 -0.074130
-0.764417 -0.347678
-1.208600 -2.028115
-1.190067 -2.304639
-0.805509 -1.369310
-0.464933 -1.609427
-0.464016 -0.475338
-1.395954 -1.202506
-0.675377 -1.540376
-0.715237 -1.609559
-0.948627 -0.338407
-0.731727 -1.673095
-1.157524 -2.265785
-1.371409 -1.264552
-0.917976 -1.308875
-1.644454 -2.437667
-0.976152 -1.730834
-1.237385 -2.029655
-1.114745 -0.390222
-0.929511 -2.066804
-0.708387 -1.738015
-1.066539 -0.189884
-0.912370 -0.505220
-0.608827 -1.616400
-1.232934 -0.505972
-0.837462 -1.403076
-1.118780 -1.818310
-0.547148 -0.309518
-0.941983 -1.785344
-1.076042 -0.484223
-1.299714 -2.297623
-0.706472 -0.607360
-1.101424 -1.022903
-1.261676 -1.351637
-1.504650 -1.991072
-1.128398 -1.151874
-1.134583 -2.369604
-0.464398 -1.127627
-1.229313 -2.553403
-1.339269 -0.823101
-0.599573 -1.041011
-0.567501 -0.958543
-1.435843 -2.230728
-0.828460 -0.464722
-0.962177 -0.100732
-1.411181 -1.258202
-1.073747 -1.124217
-1.255082 -0.318010
-0.509594 -0.829324
-0.779512 -0.680039
-0.710528 -2.182473
-1.359810 -1.961234
-1.520129 -2.476713
-0.494055 -0.698691
-0.659491 -1.595707
-0.955169 -1.297927
-1.334285 -0.500073
-0.984224 -0.196530
-1.044850 -0.675961
-0.693609 -1.053812
-1.039489 -0.226964
-1.220568 -2.566607
-1.622347 -1.768199
-0.912659 -0.267408
-1.213266 -2.160153
-1.324929 -0.891454
-1.325853 -2.109464
-1.488578 -0.818348
-1.208362 -0.637743
-0.933681 -1.115812
-0.746902 -0.809773
-1.183251 -2.340056
-1.018969 -1.797951
-0.947681 -0.136240
-1.034035 -2.235437
-1.088935 -0.832653
-1.261553 -1.769905
-0.582185 -0.602992
-1.360119 -2.889861
-1.079641 -0.608737
-1.527754 -2.566554
-1.003344 -0.219753
-1.569764 -1.843585
-1.206017 -0.381461
-0.387000 -0.380273
-0.965795 -1.325108
-1.116406 -2.374606
-1.198090 -1.184661
-1.210050 -1.155771
-1.371435 -2.677508
-1.100159 -0.268474
-0.837753 -2.052293
-0.785043 -2.097539
-1.014786 -0.883740
-0.843197 -0.300888
-0.685926 -1.685611
-1.117719 -0.292185
-0.845722 -1.682934
-0.682922 -1.531144
-0.668412 -0.616256
-1.347758 -2.570495
-0.746494 -0.747617
-1.458158 -1.735798
-1.378032 -2.244352
-0.790589 -1.727494
-1.202264 -1.844443
-0.914291 -1.841905
-1.344314 -2.894504
-0.519474 -1.374389
-1.012059 -0.977224
-0.786597 -1.764675
-0.877367 -0.069903
-1.192729 -2.337406
-0.851277 -1.339657
-1.387884 -2.425154
-0.848759 -0.139175
-0.754686 -0.513706
-1.309874 -0.721175
-0.964630 -1.147337
-1.239914 -2.792714
-0.978665 -0.108903
-0.538582 -0.632535
-1.250277 -2.614209
-1.387269 -1.343930
-0.859098 -1.677009
-1.506548 -1.045903
-0.567643 -0.746387
-1.352984 -1.935622
-1.366799 -2.451413
-1.384394 -2.027229
-0.999019 -1.539364
-0.993433 -0.801962
-0.599313 -0.423634
-0.722316 -0.573788
-1.546710 -1.680545
-1.240592 -2.392087
-0.787583 -1.823835
-1.131111 -0.894348
-0.594583 -0.973655
-1.215654 -1.656122
-1.078872 -1.735823
-1.291192 -1.694307
-0.924871 -2.314849
-0.842522 -0.413401
-0.930554 -0.417804
-0.452440 -0.598031
-0.712720 -1.812410
-0.763032 -1.403991
-0.520966 -0.373443
-1.071628 -1.871943
-0.526830 -0.935488
-0.876917 -0.766233
-1.350646 -1.098625
-1.047673 -1.479625
-0.743251 -1.683895
-0.554528 -0.887181
-1.060594 -0.958212
-1.045641 -0.988265
-0.743859 -0.119153
-0.971272 -0.831702
-1.197226 -0.555635
-0.757920 -0.475686
-0.570805 -0.981519
-0.963808 -1.286108
-1.478372 -1.361560
-0.615701 -1.513991
-0.348822 -0.784350
-1.600299 -2.198136
-0.690257 -2.080137
-1.007098 -1.133563
-0.621525 -1.360235
-1.137723 -1.186538
-0.487286 -1.309696
-0.697721 -0.712806
-0.962727 -1.778861
-0.620909 -0.740799
-1.224198 -2.078326
-0.858609 -0.158131
-1.465877 -1.690545
-1.049225 -1.868652
-0.634589 -0.600803
-0.740682 -0.844062
-1.354041 -1.229787
-0.796074 -0.569147
-1.577355 -2.246781
-1.262905 -1.346098
-1.261563 -0.892281
-1.199854 -1.794345
-1.047625 -0.448897
-1.245432 -2.467261
-0.879811 -0.964762
-0.753166 -2.307528
-0.483062 -0.652287
-1.322279 -1.493371
-0.725374 -2.192305
-0.399051 -0.999181
-1.516649 -1.163329
-1.255769 -0.365822
-1.282587 -2.566841
-0.933319 -0.933239
-0.977330 -0.012000
-1.293146 -0.643273
-0.608078 -1.211511
-1.128891 -2.057777
-1.439624 -1.948286
-0.739654 -1.095506
-0.542136 -0.432507
-0.398227 -1.180565
-1.193327 -1.805192
-1.469138 -2.345792
-1.175029 -0.470113
-1.024626 -1.984125
-1.355965 -2.229400
-1.327278 -2.413525
-0.993090 -1.613688
-0.785746 -0.165312
-1.187242 -2.384866
-1.283911 -2.199295
-1.463022 -2.100956
-1.033177 -0.231194
-1.036108 -2.413820
-1.216412 -0.912652
-1.092526 -0.711294
-0.672249 -1.638155
-0.590689 -1.050444
-1.357577 -1.218156
-1.157182 -1.458853
-1.243779 -1.396705
-1.088644 -1.044705
-1.276057 -0.718085
-1.261686 -1.078904
-1.564407 -1.722453
-0.913194 -0.373109
-1.311258 -0.914093
-0.573819 -0.445176
-0.441648 -0.558584
-1.477365 -1.044219
-1.182415 -0.427692
-0.845912 -0.339586
-1.013749 -0.496988
-0.747391 -0.915616
-0.883861 -1.282005
-0.419534 -1.116187
-1.390227 -1.060679
-1.180900 -1.315944
-0.409533 -1.241547
-1.264069 -2.550350
-1.269128 -1.328573
-0.635189 -0.164548
-1.174715 -0.735213
-0.480962 -0.533082
-1.081603 -0.412021
-1.240646 -1.912406
-1.403560 -2.649316
-1.132436 -2.566621
-1.285139 -2.333996
-0.661619 -0.509915
1.068512 0.636824
-1.422725 -0.606585
-0.859228 -1.076349
-0.582352 -1.317412
-1.218299 -1.898804
-1.031457 -0.335714
-0.658201 -0.569735
-0.618800 -0.563988
-1.270838 -0.849365
-1.272525 -1.279383
-1.225032 -1.728318
-0.594591 -1.209884
-0.770839 -0.414985
-0.426979 -1.105637
-0.862279 -1.936255
-1.322942 -2.205373
-0.680820 -1.146514
-1.097097 -1.629851
-1.093453 -0.460967
-0.852615 -0.866469
-1.391845 -0.865348
-1.173208 -2.509575
-1.598631 -2.195121
-1.317896 -1.322555
-0.373926 -0.866028
-1.134516 -1.287271
-0.432524 -0.550887
-1.064689 -0.978396
-1.336953 -1.076976
-0.549382 -0.727050
-0.815015 -0.183128
-1.578794 -2.798511
-1.357292 -1.009296
-1.323056 -0.510428
-0.962992 -1.027339
-0.785749 -0.328841
-0.764638 -0.907856
-1.072644 -0.268507
-1.136312 -2.042156
-0.747046 -0.221629
-1.117915 -1.727720
-0.934047 -1.400567
-0.876063 -2.099892
-0.843028 -0.526746
-0.891821 -0.484203
-0.439111 -0.717052
-0.656196 -0.464343
-1.125649 -1.261968
-0.700326 -0.121048
-1.008348 -2.481277
-1.104688 -1.375333
-0.814893 -0.312206
-0.478586 -0.839686
-0.706859 -0.174068
-0.642739 -1.185039
-1.253851 -1.681953
-0.954180 -0.578413
-1.336502 -1.794234
-1.493223 -1.383492
-1.565716 -2.594535
-0.816375 -1.217647
-1.450297 -1.933992
-1.277742 -1.540367
-1.152699 -1.446002
-1.034486 -2.193734
-0.999840 -2.216753
-1.361324 -2.435607
-1.667230 -2.020095
-0.585018 -0.639626
-1.098251 -1.823994
-0.794999 -2.019341
-1.159162 -1.744961
-1.179870 -0.183839
-0.622469 -0.258162
-0.517524 -0.590525
-1.077767 0.006543
-0.429060 -0.800215
-0.702744 -0.994395
-1.275014 -0.632221
-0.885917 -0.851947
-1.245456 -2.198394
-0.696767 -1.386895
-0.989277 -2.338554
-1.101099 -2.445736
-0.759815 -0.370180
-0.750358 -1.571947
-0.372991 -1.090308
-0.911711 -1.487143
-1.145632 -0.769093
-1.280736 -0.991293
-1.299313 -0.795491
-0.521486 -0.571433
-1.305344 -1.682957
-1.469022 -1.258014
-0.632068 -0.841012
-0.526824 -1.380852
-1.148372 -0.714753
-1.191719 -0.851487
-1.212130 -1.166811
-1.059045 -0.694323
-1.021903 -2.310268
-0.716447 -0.212268
-0.899536 -2.028300
-0.769654 -1.089769
-0.707286 -0.680608
-0.526599 -0.478813
-1.188270 -2.119612
-1.184900 -1.427482
-0.876254 -1.426269
-0.775978 -0.693463
-1.314722 -1.836776
-1.051138 -0.867003
-1.231227 -2.423810
-1.005938 -2.298909
-1.411025 -1.213538
-1.089055 -0.140642
-0.702002 -1.928240
-1.393122 -1.482798
-1.237898 -0.708384
-0.481975 -0.431799
-0.573176 -1.016999
-1.212538 -2.030150
-0.855548 -1.561003
-0.924455 -0.999438
-0.587606 -0.899691
-0.784676 -1.882045
-0.909121 -1.085675
-0.800943 -1.061518
-0.657598 -0.602606
-1.463867 -2.383017
-0.381764 -1.250853
-0.958421 -0.972484
-1.046386 -1.444005
-1.269750 -1.463689
-0.609637 -0.318297
-0.581575 -1.330615
-0.928217 -0.708966
-1.012361 -1.715483
-0.403906 -1.241243
-0.641169 -0.611190
-0.727803 -1.543199
-0.963647 -2.234546
-0.792969 -0.394824
-0.965768 -0.524360
-1.022840 -0.433610
-1.011752 -2.041500
-1.211236 -1.355071
-0.890487 -0.489195
-0.900744 -0.768870
-1.032993 -0.189074
-1.415654 -2.152376
-1.070619 -1.850262
-1.036672 -1.419567
-1.148017 -1.839081
-1.458413 -1.689483
-1.148885 -2.199761
-0.668067 -0.747344
-1.112585 -0.567149
-0.582073 -1.599529
-0.743559 -0.375586
-1.376298 -1.210777
-1.567683 -1.327559
-0.646627 -1.076407
-0.937357 -0.175751
-1.166512 -0.303791
-0.549925 -0.686689
-1.022285 -0.212925
-1.331094 -1.872317
-1.108714 -1.506526
-0.687218 -0.917971
-0.760065 -0.340497
-1.624450 -2.116929
-1.433166 -1.329120
-0.986696 -1.469961
-1.114050 -2.072036
-0.472930 -0.734497
-1.307196 -1.625029
-1.303087 -1.615815
-0.865006 -0.480651
-1.077127 -1.726005
-0.559778 -0.270024
-0.938943 -1.743404
-0.585972 -0.840564
-1.179768 -2.491837
-1.087415 -1.284105
-1.185957 -2.451737
-1.367532 -0.779472
-1.164604 -0.680441
-0.615809 -1.015540
-0.604900 -1.781023
-0.549404 -1.427530
-1.439886 -2.026827
-1.200835 -0.824431
-0.899998 -1.008881
-1.350423 -1.015091
-1.031104 -0.926385
-0.996293 -1.220053
-1.047999 -1.342114
-1.078050 -1.743836
-1.086026 -2.189009
-1.173665 -0.842283
-0.454858 -0.756853
-0.896871 -0.733461
-0.457973 -0.449994
-1.015421 -0.346314
-0.708786 -1.261321
-1.138911 -1.752255
-1.114939 -1.253972
-0.954230 -1.847205
-1.456247 -1.476408
-1.310215 -2.790560
-1.444574 -2.378561
-0.977092 -0.228976
-1.145968 -1.796683
-1.092317 -1.150100
-1.129703 -1.012996
-0.652801 -0.365059
-1.236890 -2.325214
-1.487876 -1.614521
-0.971729 -1.428303
-0.827097 -0.521931
-0.781532 -0.997931
-1.147546 -0.416036
-0.964276 -0.632743
-1.129444 -0.305632
-0.623269 -1.220258
-1.470252 -2.242133
-0.421358 -1.148587
-0.519436 -0.634245
-1.214632 -1.942505
-0.419554 -0.837798
-0.417827 -1.038222
-0.837969 -0.891507
-0.734359 -1.076289
-0.599096 -0.854019
-0.703819 -0.465153
-0.786438 -2.104045
-0.922870 -0.349106
-1.169598 -1.457763
-0.834572 -1.360726
-0.814928 -1.497882
-0.907613 -1.213956
-1.367326 -2.543754
-1.132903 -0.695449
-0.849302 -0.518793
-0.770906 -1.334738
-1.251072 -2.528982
-0.768068 -0.324167
-0.942477 -0.482253
-0.755620 -0.226961
-0.999548 -1.828587
-0.859139 -0.377490
-0.959265 -0.863423
-0.975096 -0.048266
-1.448250 -2.640996
-1.287666 -0.693751
-0.709238 -0.374267
-1.325837 -0.850493
-0.536078 -0.423136
-0.544437 -0.574389
-0.584142 -0.464235
-1.096712 -2.277561
-1.169259 -0.552964
-0.941307 -0.371939
-1.468692 -1.696444
-0.390111 -1.096476
-1.045670 -0.636897
-1.339536 -1.615785
-1.279839 -1.456773
-1.360241 -2.619774
-1.427650 -1.056907
-0.995834 -0.516246
-1.361990 -0.850538
-1.118136 -0.344263
-0.674934 -0.760352
-0.806501 -0.427162
-0.857840 -0.516707
-0.681331 -1.803107
-1.084804 -2.415192
-0.806786 -0.771096
-0.920259 -0.843499
-0.639271 -1.085402
-1.346425 -0.955901
-1.620696 -2.369233
-1.728305 -1.286482
-1.387251 -0.543061
-0.582432 -0.861510
-1.272661 -1.914758
-0.781999 -1.572319
-0.776865 -0.338796
-1.277997 -2.157843
-0.902552 -1.390999
-1.101565 -0.302733
-0.657455 -1.671057
-0.414211 -0.720666
-1.626335 -1.684182
-0.716595 -0.612905
-0.874647 -0.171352
-1.176355 -0.667281
-1.287160 -0.994992
-1.137790 -0.442968
-0.472064 -0.301118
-0.947673 -1.879668
-0.992769 -0.887972
-0.463052 -1.251541
-1.158362 -2.629559
-0.958568 -1.726741
-0.674376 -0.322908
-1.600079 -2.050418
-0.641647 -0.093655
-0.548563 -0.856029
-1.547394 -1.417465
-1.218768 -1.387784
-0.414351 -0.915239
-1.589242 -1.959567
-0.827469 -1.480705
-0.411086 -0.875424
-1.489967 -0.914076
-1.364487 -2.473610
-0.844084 -0.328706
-0.775354 -0.269272
-1.141945 -2.416241
-1.005371 -0.494912
-1.530280 -1.627554
-1.415924 -2.829450
-1.520205 -1.255664
-0.459837 -1.540437
-1.162682 -2.299087
-1.370553 -1.789646
-1.541341 -2.425394
-0.998802 -1.238223
-0.893543 -0.196644
-1.660125 -2.449755
-0.498781 -0.802750
-1.222932 -1.626004
-0.904868 -1.373080
-1.106439 -2.463330
-1.477622 -2.396392
-0.435609 -1.078665
-0.503591 -1.581565
-0.504800 -0.957957
-0.814808 -0.739736
-1.084374 -1.200025
-0.866762 -1.728597
-0.783012 -1.854771
-1.101192 -2.376677
-0.705848 -1.111349
-1.002100 -0.991761
-0.748278 -0.851032
-1.211420 -2.620889
-0.430042 -0.578576
-0.537483 -0.419247
-1.118673 -0.168165
-1.640941 -2.019268
-0.674676 -0.205489
-0.915781 -0.602271
-0.441595 -0.643291
-0.824219 -1.882700
-0.546997 -1.525561
-0.927240 -1.288841
-0.673515 -0.570496
-1.052143 -1.114396
-1.342077 -0.986569
-1.135133 -0.729676
-0.512900 -1.441717
-1.221570 -1.360180
-1.378294 -1.780305
-0.806784 -2.008872
-1.113588 -1.049261
-1.140353 -1.974846
-0.907159 -2.196927
-0.456529 -1.433249
-0.467645 -0.626637
-0.532080 -0.686113
-1.144597 -1.682918
-1.033011 -1.612848
-1.232416 -2.465347
-1.262268 -1.310892
-0.928327 -0.223969
-1.530135 -2.427844
-1.347695 -1.101200
-1.010298 -0.401321
-1.374668 -0.969113
-0.899064 -1.010759
-0.572417 -0.870310
-1.306943 -2.146663
-0.516028 -1.135239
-1.067839 -0.979540
-1.366935 -0.413661
-1.184606 -0.942921
-1.151317 -1.861729
-1.289537 -0.642901
-1.348927 -0.335057
-1.081265 -2.151417
-1.147701 -1.657264
-0.873540 -0.532919
-0.754539 -0.368232
-1.411468 -2.024962
-1.490477 -1.627086
-1.066269 -0.357469
-0.876559 -0.885978
-1.232983 -2.667300
-0.793937 -1.393242
-1.202836 -1.792529
-0.796094 -0.317765
-0.538665 -0.939242
-0.531830 -1.710704
-1.040775 -0.838085
-1.017917 -1.755415
-1.226231 -1.154364
-1.182045 -1.406332
-1.290456 -0.795365
-1.163357 -0.429832
-0.980273 -2.001034
-0.400135 -0.866825
-1.239981 -1.095883
-1.380607 -1.342841
-1.386166 -1.549378
-0.909591 -1.815547
-1.068619 -0.206942
-0.790478 -0.788571
-0.489858 -1.324141
-0.811239 -0.266208
-1.262918 -0.540256
-1.057760 -0.587639
-1.215282 -0.652918
-0.571832 -1.085575
-1.513322 -2.277226
-1.139521 -1.464399
-0.647119 -0.161998
-0.705370 -0.667812
-1.674462 -2.168599
-0.797660 -1.274657
-1.400066 -0.833217
-1.337748 -2.253363
-1.083497 -1.401846
-1.743870 -2.442271
-1.258560 -2.465621
-0.666846 -1.259780
-0.526769 -0.626207
-1.319803 -2.027075
-1.190694 -2.124067
-0.990251 -0.631173
-1.465346 -1.503425
-1.218889 -1.424508
-0.680736 -0.906785
-1.290908 -0.719422
-0.574540 -0.981401
-0.626058 -1.368343
-1.202471 -1.959698
-1.212041 -1.258553
-0.883960 -1.166172
-0.915116 -2.089403
-0.463128 -0.838206
-0.521421 -0.768750
-0.629649 -1.226006
-1.480759 -1.821435
-0.406419 -0.352366
-1.210134 -2.397651
-1.016866 -2.004689
-1.112136 -1.083870
-1.141883 -1.403477
-1.175569 -0.373791
-1.217098 -0.981397
-1.566101 -1.851653
-1.022878 -2.237844
-1.122013 -1.982947
-1.386681 -1.583580
-1.319084 -0.894301
-1.052792 -0.023973
-0.965789 -0.337938
-1.086696 -1.638615
-0.876807 -2.106634
-0.695506 -0.216485
-1.281623 -0.896659
-0.818175 -0.946791
-1.272129 -1.229904
-0.734100 -0.345584
-1.433841 -2.324062
-0.938313 -1.693685
-0.432622 -0.261709
-1.148676 -2.029131
-0.902963 -1.688837
-1.714244 -1.473809
-1.182102 -0.790634
-0.549130 -0.641299
-1.239938 -2.272130
-0.941402 -0.241357
-1.128898 -1.751916
-0.921298 -1.114945
-1.099748 -1.218770
-1.316201 -2.109335
-1.299076 -2.433382
-1.213025 -1.332474
-0.936681 -0.286723
-1.308376 -2.241970
-0.345599 -1.221111
-1.243051 -0.862230
-1.524382 -2.063845
-0.736571 -0.190288
-0.522296 -1.424956
-1.562848 -1.775179
-1.259792 -0.761808
-0.442297 -0.740163
-0.604035 -1.310044
-0.916353 -0.144402
-1.512869 -1.458107
-1.261148 -2.447160
-1.290493 -1.758011
-0.717312 -1.393373
-0.816208 -0.775583
-0.968964 -1.795441
-1.313298 -0.598789
-0.852707 -1.904369
-0.929230 -1.042686
-0.660582 -1.629514
-1.416681 -2.354784
-0.332668 -0.799943
-0.766759 -1.156570
-1.003832 -1.984040
-0.646634 -1.898822
-1.314959 -0.706244
-0.873657 -1.093578
-0.829118 -0.501176
-1.246358 -0.697563
-1.495791 -1.455574
-1.126594 -0.328342
-1.261985 -1.218578
-1.600206 -2.388490
-1.277791 -1.227810
-1.502941 -1.337067
-1.140142 -2.763326
-0.805265 -0.636185
-1.364669 -0.565665
-1.336910 -0.958012
-1.286247 -0.848045
-1.297083 -0.350133
-1.018017 -1.286559
-0.749119 -1.303789
-0.810139 -0.317961
-0.427010 -1.286344
-1.008932 -1.257944
-1.186790 -1.889526
-1.168701 -0.643751
-1.312757 -1.813287
-0.892414 -0.217347
-0.842364 -1.826269
-1.278279 -2.114411
-1.056566 -2.364660
-0.773682 -1.810802
-1.165689 -0.039863
-0.646465 -0.637233
-1.376481 -2.599670
-0.946781 0.020633
-0.693422 -0.105608
-0.814722 -0.988819
-0.577797 -0.592748
-1.114869 -1.867435
-1.386282 -2.822067
-1.544770 -2.018757
-0.922800 -2.092047
-1.302148 -1.437598
-1.012980 -0.347305
-1.019394 -1.283103
-0.990011 -0.905372
-1.012000 -2.222799
-1.432126 -2.474836
-1.003770 -0.530960
-1.404436 -2.232893
-0.682138 -1.610767
-0.823328 -0.598826
-1.092192 -1.786788
-0.989102 -1.434583
-0.790483 -1.990098
-0.852600 -0.739223
-0.826149 -1.073865
-0.834722 -0.132606
-1.283672 -2.753634
-0.800234 -0.680739
-0.861663 -0.638790
-1.283069 -2.534721
-0.986206 -0.779297
-0.613504 -0.379384
-1.260083 -2.455780
-1.099992 -1.060122
-0.631062 -0.404396
-0.759391 -1.227021
-1.497180 -0.832027
-1.468395 -1.653688
-1.360585 -1.626898
-1.207636 -1.428067
-0.894659 -1.261281
-1.184166 -2.682693
-1.211091 -0.941166
-1.068761 -2.178644
-1.257297 -0.615764
-0.800256 -1.281230
-1.292401 -0.870728
-0.572893 -1.642569
-1.032709 -0.690630
-1.369162 -0.911368
-0.828114 -2.009297
-0.943300 -0.605459
-1.095787 -0.936395
-1.481000 -2.717953
-0.808868 -0.269791
-0.832943 -0.711585
-0.666045 -0.096704
-0.782988 -2.273399
-1.180555 -1.188574
-0.829144 -0.662760
-1.273478 -0.572534
-1.483490 -1.116076
-1.057639 -2.471438
-0.875328 -1.293807
-0.990960 -2.130504
-0.684131 -1.820908
-0.676817 -0.367531
-1.233973 -0.410923
-1.151182 -0.167358
-1.266224 -1.294592
-1.605652 -1.903784
-0.433854 -0.708134
-0.262058 -0.701151
-0.810918 -1.241178
-1.408668 -1.012242
-1.530623 -1.396197
-1.199841 -2.450926
-1.290416 -0.513578
-1.225792 -0.383616
-1.238250 -2.528627
-0.748086 -0.301549
-0.578716 -1.356073
-0.752239 -1.170270
-0.446560 -1.415034
-0.770994 -0.438042
-0.443599 -0.563547
-0.522248 -0.119736
-0.639636 -0.748021
-1.132108 -0.931497
-1.596284 -2.331461
-0.932615 -0.474316
-1.236275 -0.665049
-1.617904 -2.545001
-1.246889 -1.857431
-0.467618 -0.504898
-0.929626 -1.027443
-0.636309 -0.377210
-0.352275 -0.463042
-0.913035 -1.883842
-0.592511 -0.167176
-1.071242 -2.313512
-0.963548 -2.237965
-1.525421 -1.327785
-0.396922 -1.297203
-0.711479 -0.107383
-1.259418 -0.856308
-0.537789 -0.804679
-1.300915 -2.095147
-0.620809 -1.389170
-0.438132 -0.605715
-1.117492 -1.350456
-0.595669 -0.754934
-0.902193 -2.055949
-1.119837 -1.109528
-0.393160 -0.313106
-1.228257 -0.522889
-1.207924 -1.720263
-1.423081 -1.199220
-1.240413 -0.599675
-0.841115 -0.940399
-1.084828 -1.832196
-0.692928 -0.347486
-1.028118 -0.642550
-0.799889 -1.224275
-0.396632 -1.125958
-1.561746 -1.472792
-0.877084 -0.793963
-1.141659 -1.327447
-0.714702 -0.169352
-0.645590 -1.439656
-0.510449 -1.133613
-0.798064 -1.130000
-1.096314 -0.328315
-0.585784 -0.378586
-0.537217 -0.668451
-0.625790 -0.968923
-1.361388 -1.601034
-1.379270 -2.040547
-0.691641 -0.703845
-0.877334 -0.072664
-0.715137 -1.587716
-1.441001 -2.085852
-1.062870 -1.216557
-0.678715 -0.678912
-0.870401 -1.974078
-1.266508 -0.681336
-1.191306 -2.454372
-0.999995 -2.307258
-0.609598 -0.845529
-1.115294 -2.340823
-1.251128 -0.860981
-0.594573 -0.991574
-0.437760 -0.654861
-1.501894 -1.692472
-1.459853 -2.154388
-1.070338 -0.707389
-1.210754 -2.214904
-0.680042 -1.062440
-1.402913 -1.423302
-0.829084 -0.608822
-1.049176 -0.449121
-0.960039 -0.690444
-1.086010 -0.477652
-1.454735 -2.233463
-1.187403 -2.612324
-0.810347 -0.175297
-0.518712 -1.056673
-0.870677 -2.323204
-0.587683 -0.640214
-1.024576 -2.280329
-1.080589 -0.309734
-1.565721 -2.077423
-1.329435 -2.833911
-0.580933 -0.250970
-0.991735 -1.153547
-1.205665 -0.685749
-1.097856 -0.436212
-0.610105 -0.808148
-0.812941 -1.784474
-0.582119 -0.402796
-0.892557 -0.103199
-1.340609 -1.040179
-1.382951 -1.864037
-1.268160 -2.270130
-1.114446 -1.694459
-0.850848 -0.942227
-1.132216 -0.211639
-0.880632 -1.423285
-1.284322 -0.752697
-1.221912 -1.830550
-1.046678 -0.244552
-0.951865 -1.731444
-1.649831 -1.795138
-1.034489 -1.157473
-0.733669 -1.187027
-0.948426 -1.400564
-1.205696 -1.571797
-1.620213 -2.176320
-1.200813 -0.593431
-1.392809 -1.122176
-1.197544 -0.788053
-0.541625 -1.555247
-0.377077 -0.735676
-0.950998 -0.549015
-1.010698 -1.258959
-1.054776 -2.014372
-1.104507 -1.778334
-1.030132 -0.201047
-0.772825 -0.110112
-0.645335 -1.866388
-0.641111 -1.155971
-0.491719 -0.803289
-0.931570 -0.416887
-1.313243 -1.685605
-1.240474 -0.496692
-1.189034 -0.670643
-0.669226 -1.193945
-1.096194 -1.344616
-1.167835 -0.549627
-1.401548 -1.919656
-0.906704 -0.295937
-1.479680 -1.441440
-1.432369 -1.011310
-1.032860 -1.285743
-1.440288 -2.097064
-1.388272 -1.961897
-1.176860 -2.257668
-1.265951 -1.977100
-1.313354 -1.262522
-1.050796 -0.192100
-1.431348 -1.553168
-1.267984 -1.933510
-0.768595 -1.030052
-1.353324 -0.807842
-1.384046 -2.661772
-1.368334 -2.882369
-1.619754 -1.814586
-0.918246 -0.683102
-0.623687 -1.543630
-1.214216 -0.445422
-1.615584 -1.475751
-1.240671 -2.324290
-0.714692 -0.831986
-1.108971 -1.530000
-1.079129 -1.308029
-0.667585 -0.388947
-0.905140 -1.960501
-1.224892 -0.387195
-0.497902 -0.396701
-1.316604 -2.736477
-0.912847 -0.443725
-1.436750 -2.317286
-0.969864 -0.532443
-1.321824 -1.490566
-1.278139 -0.970871
-1.436397 -0.953229
-0.986830 -1.603088
-0.929387 -1.853313
-0.788404 -0.266040
-1.443058 -2.779380
-1.283625 -1.928478
-1.430696 -1.591973
-1.249197 -0.236476
-1.060241 -1.502370
-1.221193 -1.036221
-0.515333 -1.264845
-0.770772 -0.326045
-1.095730 -1.447436
-0.581327 -1.624855
-0.906400 -1.993739
-1.234190 -1.646823
-1.430874 -1.121453
-1.606067 -1.619943
-0.651723 -1.742083
-0.708542 -0.847807
-1.116360 -1.753451
-0.862437 -2.185488
-1.252360 -1.009964
-1.263745 -0.913269
-0.310192 -0.846372
-1.355467 -0.945306
-0.956611 -2.063884
-0.895034 -0.400335
-1.394775 -0.939071
-1.350918 -0.783001
-1.427784 -1.105357
-0.601737 -1.300282
-0.983016 -1.969433
-0.905600 -0.187220
-0.377640 -0.739467
-0.997868 -0.965582
-1.131675 -0.213545
-0.412031 -1.353653
-0.944351 -2.185387
-1.517993 -1.346003
-1.181080 -1.282248
-1.275771 -1.149212
-0.912589 -1.652283
-0.700933 -1.898814
-1.224245 -1.979444
-1.542485 -1.450416
-1.597711 -1.623440
-0.929085 -2.409964
-1.438494 -1.584509
-1.572226 -2.378157
-0.669502 -0.732605
-1.447554 -2.626837
-1.081681 -0.299123
-1.196479 -1.623668
-0.934606 -0.632326
-1.475489 -1.508605
-1.081546 -0.584017
-0.856225 -1.167988
-1.311584 -1.094267
-1.212206 -0.641704
-0.674278 -1.483300
-1.114462 -1.033290
-1.059121 -1.729556
-0.625676 -0.329183
-1.056631 -0.346000
-1.488431 -1.570441
-0.442306 -1.262370
-0.789874 -1.379848
-1.501863 -1.361616
-0.660124 -1.950918
-1.239675 -1.968469
-0.549066 -0.872856
-1.220273 -0.888863
-0.536233 -0.410298
-0.591315 -0.971429
-0.610764 -1.366944
-0.955465 -1.783254
-0.937727 -0.282736
-0.674871 -1.273920
-1.665710 -1.140589
-1.555587 -1.466854
-1.112580 -2.393608
-1.284142 -2.347441
-0.419005 -0.351350
-1.142672 -2.191040
-0.689958 -1.962251
-1.182861 -0.225034
-1.311908 -1.001860
-1.387712 -2.490941
-0.424157 -0.360816
-1.646032 -1.705494
-1.394407 -2.286691
-0.644920 -1.429707
-1.060643 -1.310581
-0.689793 -1.616236
-0.722615 -1.260442
-1.101857 -0.267849
-1.335270 -2.485955
-1.378455 -2.412020
-1.202034 -0.470607
-1.422105 -1.549363
-1.028693 -0.980069
-0.904556 -0.424528
-0.700841 -1.750991
-0.583131 -0.136790
-0.606832 -1.158754
-1.427644 -1.524704
-1.051525 -0.843049
-1.069902 -0.399308
-1.181459 -2.700456
-0.977727 -1.511954
-0.993576 -0.140322
-1.358490 -3.050278
-1.362952 -2.499618
-1.576362 -1.290952
-0.644954 -1.406673
-0.517794 -0.639529
-0.891859 -1.944605
-1.493146 -2.145822
-1.153481 -1.596566
-0.921677 -0.145527
-1.205743 -2.483793
-0.929417 -1.769088
-0.725781 -0.657653
-0.798659 -1.978617
-1.325639 -1.397542
-0.726798 -0.671082
-1.061876 -2.147613
-0.694329 -1.133974
-0.469054 -1.285091
-0.753859 -0.241848
-1.224552 -2.463984
-1.253942 -0.795345
-1.557399 -2.116073
-1.094813 -2.309689
-1.282807 -2.550685
-1.234001 -1.086460
-0.845588 -1.509069
-0.577816 -0.585480
-0.731277 -1.793330
-1.195615 -1.006412
-1.472476 -1.601784
-0.642975 -0.385472
-1.276808 -0.457887
-1.038312 -0.608971
-0.260390 -0.649071
-1.161699 -1.553759
-1.367332 -0.686173
-0.707540 -1.847625
-1.371042 -1.961445
-0.621957 -0.295495
-1.271942 -2.109039
-0.925456 -2.266304
-1.392910 -2.526159
-0.651465 -1.299319
-0.867546 -0.033455
-0.900650 -1.833693
-1.393110 -2.362228
-0.659300 -0.228864
-1.172196 -0.460732
-1.325525 -0.714905
-1.322518 -2.001490
-0.872453 -1.974122
-1.078053 -1.524741
-0.621148 -1.246835
-1.057753 -0.489461
-1.513854 -0.907029
-1.195073 -1.236658
-0.736254 -0.617972
-0.915347 -0.763233
-0.643568 -1.756643
-1.435190 -0.785448
-1.315253 -1.840844
-1.033598 -0.360828
-1.070162 -0.757205
-1.196193 -0.999760
-0.902853 -1.290809
-0.472137 -0.752084
-0.516420 -0.904188
-1.485976 -1.928125
-0.977702 -1.682032
-1.318648 -0.786392
-0.914076 -1.777192
-0.628210 -0.047351
-1.268474 -2.728282
-1.346418 -2.222246
-0.832275 -0.150117
-0.916345 -1.694275
-1.320354 -0.928249
-1.050618 -0.951724
-1.177904 -1.709017
-0.851752 -1.025533
-0.855426 -0.288089
-0.980173 -1.361961
-1.282582 -1.344303
-0.946162 -1.626592
-1.076986 -0.123159
-1.431847 -1.723149
-0.894149 -0.621864
-1.288405 -2.260764
-0.706871 -1.387622
-1.180985 -0.680115
-1.308864 -0.488545
-1.462286 -1.509166
-1.166392 -0.498322
-1.513847 -2.454858
-1.219376 -1.349421
-0.640539 -1.415639
-1.069598 -1.985835
-0.852213 -0.666028
-0.834848 -0.168741
-1.443296 -2.171836
-0.784661 -1.984729
-1.243679 -1.976718
-0.430671 -0.805545
-1.525936 -1.197422
-1.235984 -1.298791
-1.212104 -0.284623
-0.501435 -1.242518
-0.523883 -0.945353
-1.060692 -2.080060
-1.048913 -1.768993
-0.808263 -0.145282
-0.482872 -0.473142
-1.414295 -1.990809
-1.042835 -1.608168
-1.151874 -0.724103
-1.433081 -1.144612
-0.747524 -0.943308
-1.401402 -1.678193
-1.211615 -1.141436
-0.456020 -0.701313
-0.834893 -0.146349
-1.544476 -1.173490
-1.440740 -1.821788
-0.864574 -0.626010
-0.864214 -2.059924
-0.618667 -0.369957
-1.389227 -1.780236
-1.123177 -0.510802
-1.213185 -2.759189
-1.414685 -1.779733
-0.831712 -1.128759
-0.799850 -2.102486
-0.808358 -0.981617
-1.174212 -0.354561
-0.969240 -0.946792
-1.253563 -0.498507
-0.479865 -1.498219
-0.591560 -1.615206
-0.642101 -1.679931
-1.353850 -1.883119
-1.006279 -0.588555
-1.505585 -1.041975
-1.431378 -2.329661
-1.122311 -0.193166
-1.121695 -2.572486
-0.887459 -0.625950
-0.538803 -0.562424
-1.676248 -2.592931
-1.190395 -2.313242
-1.026415 -2.486781
-1.523289 -2.759122
-0.835317 -0.618118
-1.438301 -1.739728
-1.448583 -1.050931
-0.784577 -1.056284
-1.008698 -0.251875
-1.317476 -1.182868
-1.244818 -1.595765
-0.467427 -1.214533
-1.138867 -1.425177
-0.869097 -0.190150
-0.887306 -0.203623
-1.089460 -1.252928
-1.155002 -0.985545
-0.604003 -0.346519
-0.666787 -0.206958
-1.183517 -1.600369
-0.853643 -1.248976
-0.932716 -0.120234
-0.834133 -1.348162
-0.882429 -0.911445
-1.177065 -2.211138
-0.764199 -1.970286
-1.157519 -0.943071
-0.681144 -0.655801
-0.544489 -1.687100
-0.777319 -1.525917
-0.973654 -2.131683
-1.333710 -1.671595
-1.333366 -2.216419
-0.948803 -1.691109
-1.144488 -0.265551
-0.996987 -0.921905
-1.044142 -0.602459
-1.338198 -2.208256
-1.155272 -2.337749
-1.331144 -0.960266
-1.439314 -2.435760
-0.808197 -1.309349
-0.376729 -0.379325
-0.728923 -0.358002
-1.189934 -1.214240
-0.702239 -0.849252
-0.583496 -1.212885
-1.498693 -0.993014
-0.790867 -0.285549
-1.599363 -1.261807
-1.039431 -1.317999
-0.742215 -1.833099
-0.623377 -1.412936
-1.056297 -1.315017
-1.457961 -2.647134
-1.365415 -1.054304
-0.718274 -1.815805
-1.318048 -0.891479
-1.136363 -1.470060
-1.298643 -0.606588
-1.266435 -0.781417
-0.717806 -1.012339
-0.612587 -0.224415
-0.442179 -0.674839
-1.251069 -1.264501
-1.511514 -1.580637
-0.978904 -0.921333
-1.122841 -1.061950
-0.652216 -0.583542
-1.127523 -1.150799
-1.491742 -2.208693
-0.821266 -0.970642
-0.508060 -1.005790
-1.181077 -2.257875
-1.278223 -1.003039
-1.594837 -2.444912
-0.644863 -1.608200
-0.897485 -0.619433
-1.175603 -1.624205
-1.061171 -1.284739
-1.154110 -1.460369
-1.200723 -2.794797
-0.732327 -0.936043
-1.191594 -1.786737
-0.912217 -2.040673
-1.296003 -0.593229
-0.681378 -0.504851
-1.007287 -0.128998
-1.070788 -1.512412
-1.220586 -1.250865
-0.730504 -0.150012
-0.729641 -1.443331
-0.503692 -1.076566
-1.109503 -1.627321
-0.531392 -0.872203
-0.942702 -0.693435
-1.211629 -2.329197
-0.690595 -0.367168
-0.490304 -0.943376
-0.948311 -1.269461
-0.939723 -0.360425
-0.939021 -1.160856
-0.928128 -0.374497
-1.074502 -0.216897
-0.911732 -0.753006
-0.751655 -1.855749
-0.761048 -1.196187
-1.078223 -0.587358
-1.075175 -0.540809
-1.477622 -1.188563
-1.310711 -2.189712
-1.390121 -1.020464
-0.883448 -1.208068
-0.910048 -1.158784
-1.511996 -1.832859
-1.189263 -2.236836
-0.557826 -1.725692
-1.221636 -2.164522
-1.037210 -2.230307
-1.046051 -1.684721
-0.629492 -0.244714
-0.535865 -0.315688
-0.777934 -1.491892
-1.350684 -1.532946
-0.603315 -0.947491
-0.718096 -0.436455
-1.310047 -2.126591
-0.458176 -0.643732
-1.484253 -1.971845
-1.048546 -0.379801
-0.627292 -0.426357
-1.135372 -2.422318
-0.560356 -0.710112
-1.313845 -1.545012
-0.988492 -1.508599
-1.551736 -0.900480
-1.431865 -2.850606
-0.847327 -1.306558
-0.600900 -0.491914
-1.186303 -1.291956
-0.772327 -0.745030
-0.543572 -0.506656
-0.960773 -0.830733
-0.567401 -1.283040
-0.884724 -0.989494
-1.149893 -1.745705
-0.738059 -1.372170
-0.869738 -0.893184
-0.668459 -1.657038
-1.212568 -1.553316
-1.210201 -0.536827
-0.918452 -0.639767
-1.074858 -1.377440
-1.288311 -2.110110
-1.081312 -0.128285
-0.816533 -1.628854
-1.332531 -2.652400
-1.305071 -1.140796
-0.557396 -0.388773
-0.954011 -2.028702
-0.723127 -0.224584
-1.342229 -0.695624
-0.995804 -1.833459
-1.054458 -0.441759
-1.121625 -0.727809
-1.076324 -2.428562
-1.414392 -0.956622
-1.156447 -2.171676
-1.147732 -0.420706
-1.363901 -0.708230
-0.858035 -2.233642
-1.374662 -2.638923
-0.725136 -1.213767
-0.857915 -0.278222
-1.275840 -2.765839
-0.934064 -0.199120
-1.612420 -1.818657
-1.345667 -2.428838
-1.168302 -1.753546
-0.759862 -0.500824
-0.616690 -0.903576
-0.620287 -0.061457
-1.641906 -1.866500
-1.419556 -2.296369
-1.173036 -2.725495
-1.030003 -0.922834
-1.452087 -2.328358
-1.149966 -0.639090
-0.680599 -0.494380
-0.881838 -2.308490
-0.790220 -0.303487
-1.034477 -1.349914
-1.221502 -2.588981
-0.911325 -0.602527
-1.117869 -0.800008
-0.544068 -1.487541
-1.138050 -1.180931
-1.475684 -1.371325
-0.720389 -1.171765
-0.511519 -0.661973
-0.834697 -0.803663
-0.701661 -0.880863
-1.413833 -2.294408
-1.765342 -1.776081
-0.953928 -2.424982
-1.028713 -0.085676
-1.230109 -0.897375
-0.617911 -0.320996
-1.195625 -1.194695
-0.381314 -0.654576
-0.654532 -1.385071
-1.452194 -0.816225
-1.439947 -1.096253
-0.769345 -1.633631
-1.426752 -1.159179
-0.910040 -1.097915
-1.061143 -0.405691
-0.867516 -1.232709
-1.054488 -1.544103
-1.169492 -1.567958
-0.733755 -1.429232
-1.536834 -1.649684
-1.008557 -0.435243
-1.478992 -1.085076
-1.435555 -1.501610
-1.113118 -2.066652
-0.925383 -1.197903
-0.837071 -0.734456
-0.924767 -1.161425
-0.927931 -1.769550
-0.790738 -0.440029
-0.950423 -0.050932
-1.344415 -1.789948
-0.554677 -0.451826
-1.332952 -0.818896
-0.585687 -1.742273
-0.522217 -1.150186
-0.688826 -1.055120
-1.291386 -0.608242
-0.989496 -0.743383
-0.886935 -2.015769
-0.955547 -1.730968
-1.115358 -2.387530
-0.689417 -0.782359
-1.305199 -1.812873
-1.449579 -1.964634
-0.932020 -2.230075
-1.468173 -2.407023
-1.042544 -0.225482
-1.501101 -1.548507
-0.823433 -1.121301
-1.620950 -1.592812
-1.243257 -2.270261
-1.209177 -0.265238
-1.315136 -1.274850
-1.141286 -1.926450
-0.807771 -1.001590
-1.415111 -1.282235
-1.006342 -1.221055
-0.945564 -0.314824
-0.740740 -0.966394
-1.077564 -1.995093
-1.406284 -2.929634
-0.867681 -0.814711
-0.598568 -0.167791
-1.411967 -1.651029
-0.553091 -1.450373
-1.677871 -1.733671
-0.871312 -1.303680
-1.202115 -0.551544
-0.656714 -0.306986
-0.423113 -0.611313
-1.244234 -2.006000
-1.159880 -0.752136
-0.557348 -0.982646
-0.933905 -0.901679
-1.365217 -1.180589
-0.437164 -0.612005
-0.887777 -1.765059
-0.737787 -1.017082
-1.216753 -1.147518
-1.055972 -0.115530
-0.426900 -0.641851
-1.241373 -0.516068
-1.197382 -1.869492
-1.270701 -0.713824
-1.624110 -2.313044
-1.418704 -1.308339
-0.880245 -1.285697
-1.056528 -0.914487
-1.060768 -0.523905
-0.529339 -0.374326
-1.360515 -1.654823
-0.656331 -0.565806
-1.244378 -2.662369
-1.435900 -1.351012
-1.276569 -1.800718
-1.296321 -1.645808
-0.631757 -1.727560
-1.275475 -1.738266
-1.539809 -1.619352
-1.460386 -1.998632
-0.835959 -1.050213
-1.125030 -1.061074
-0.575106 -0.483122
-1.051538 -0.795462
-0.481605 -1.028718
-1.246288 -1.715037
-1.275585 -1.906274
-0.677925 -1.184386
-0.997215 -1.608228
-1.086814 -0.248746
-1.149751 -0.881322
-1.023173 -0.337733
-1.352740 -1.783644
-0.658400 -1.512617
-1.534020 -2.250161
-0.856116 -0.974607
-0.711181 -0.815093
-0.754647 -1.785472
-1.281605 -0.827436
-1.243709 -2.709119
-0.819159 -1.883209
-1.441736 -2.466858
-0.458957 -0.342494
-1.477470 -0.856611
-0.761531 -0.484082
-1.110347 -0.213761
-0.437576 -0.559639
-0.580037 -0.709898
-1.230416 -0.990390
-0.711523 -0.155294
-1.302302 -1.052218
-1.428505 -0.671173
-1.426657 -1.851668
-1.063613 0.097323
-1.636324 -2.538249
-0.758138 -0.985959
-0.940996 -1.153913
-1.025796 -1.023509
-1.296896 -1.200125
-0.634059 -0.574159
-0.610182 -0.722821
-0.398774 -0.543997
-0.955849 -0.530387
-0.976107 -1.717641
-0.975708 -0.100445
-0.902699 -1.473269
-0.827358 -0.734159
-1.334951 -1.486764
-0.923166 -1.314710
-0.951331 -2.089391
-0.367504 -0.983415
-1.441481 -0.962204
-0.809766 -1.234022
-1.447015 -1.472594
-1.114919 -0.151111
-1.188399 -2.156458
-0.897278 -0.943766
-1.259750 -1.609856
-0.816296 -1.411761
-1.241816 -1.064031
-1.201019 -0.995358
-1.320468 -1.790395
-0.248808 -0.354585
-1.477471 -1.753387
-0.825397 -1.223437
-1.172829 -1.776024
-1.511327 -1.399160
-1.464536 -1.703574
-1.105298 -2.553573
-0.754108 -0.368801
-0.749182 -1.525261
-0.654991 -0.749167
-1.339074 -2.386916
-1.164137 -2.037346
-0.378592 -1.088188
-1.007987 -0.557019
-0.879422 -1.384172
-1.054461 -1.284570
-1.409657 -2.646441
-0.498646 -0.914270
-0.762257 -0.585810
-0.824473 -1.678786
-0.614685 -0.765789
-0.908357 -1.004969
-1.112874 -2.630843
-1.001508 -1.672370
-1.334632 -0.571886
-1.139572 -2.511358
-0.841770 -1.106381
-1.325692 -2.152087
-1.231408 -0.582292
-1.161820 -2.217597
-0.932823 -0.256537
-0.498084 -1.484051
-1.120964 -2.665466
-1.379062 -2.316488
-0.578967 -1.160349
-1.078161 -0.250305
-0.816396 -2.135631
-0.945613 -0.541793
-0.822551 -1.852246
-1.081562 -0.492838
-0.714262 -0.780269
-1.110051 -1.138038
-0.522413 -1.145484
-1.422320 -2.743111
-1.283214 -1.606471
-0.562088 -0.646923
-0.877197 -1.148837
-0.910289 -0.315499
-1.495538 -2.170833
-1.473557 -0.809846
-1.267167 -2.035305
-0.879544 -1.122749
-1.063885 -0.398745
-1.012519 -0.316913
-1.367573 -1.848254
-1.199017 -1.130445
-0.593309 -0.288311
-0.632032 -1.431649
-1.237618 -0.343595
-1.516093 -1.034728
-0.580857 -0.881298
-1.448488 -2.528710
-0.605637 -0.107549
-1.181858 -0.258090
-0.980600 -2.262256
-1.546721 -0.985552
-1.337695 -1.311228
-1.575724 -2.758660
-0.634060 -1.086838
-0.760448 -2.008531
-1.334760 -2.378349
-1.057328 -2.317443
-0.728378 -0.921140
-0.936008 -0.948411
-0.532427 -0.905292
-1.580141 -2.359271
-0.800818 -1.178647
-0.780951 -0.955408
-0.796474 -0.257701
-1.072424 -1.917444
-0.587583 -0.644800
-1.325938 -1.202478
-1.409361 -1.869136
-1.361727 -2.027575
-1.052388 -0.593194
-1.194477 -2.485977
-1.318427 -1.773588
-1.365586 -0.841680
-0.883866 -0.101946
-1.537035 -2.188397
-1.055699 -0.021404
-1.503032 -1.355283
-1.516109 -2.026411
-1.058908 -1.095808
-1.279710 -0.851840
-0.863452 -0.606266
-0.909831 -1.234292
-1.362411 -2.339340
-1.022116 -2.264340
-0.516787 -1.180160
-1.281507 -0.793279
-1.023021 -0.539582
-1.105176 -2.045571
-1.383994 -0.696179
-0.719492 -0.493092
-1.364661 -1.078776
-1.068945 -0.196292
-1.504940 -1.951986
-0.884779 -0.211305
-0.889384 -0.618246
-0.548191 -0.923173
-1.329454 -1.663793
-0.813208 -0.282441
-1.391004 -1.683523
-1.213379 -1.765501
-0.787895 -1.299342
-1.390391 -2.556215
-1.390068 -1.397852
-1.026431 -0.773047
-1.301031 -1.590411
-0.823132 -0.845479
-1.050213 -0.530991
-0.673951 -0.266223
-1.047735 -2.187016
-1.586511 -2.093153
-1.239030 -0.444140
-1.426214 -0.408182
-1.228445 -0.994260
-1.065352 -1.542560
-1.049833 -2.217104
-0.805653 -1.314454
-0.702502 -0.661321
-1.217334 -2.330111
-1.293212 -0.759481
-1.412794 -1.027909
-1.484144 -2.117059
-1.200467 -2.588596
-1.395017 -1.293866
-0.578941 -1.620830
-0.674335 -0.473188
-1.308382 -1.013290
-0.705894 -0.457264
-1.039041 -1.944122
-0.932273 -1.815905
-1.119343 -1.500937
-0.948235 -1.983211
-0.671291 -1.686315
-0.752587 -1.078655
-0.758773 -1.873325
-0.554419 -1.042169
-1.489626 -2.132956
-1.202082 -1.559764
-1.364428 -2.825218
-0.644130 -1.205705
-0.997166 -1.986658
-0.915150 -1.850528
-1.336079 -1.046756
-0.470130 -1.063462
-0.571377 -0.587646
-1.435698 -1.178437
-1.336958 -0.817037
-0.764690 -0.422417
-0.591343 -1.377380
-1.005044 -0.755567
-1.439552 -1.250207
-0.941706 -0.449086
-0.572251 -1.269140
-0.607651 -0.398728
-0.646017 -0.682238
-0.718227 -1.641728
-1.246761 -0.623318
-1.480868 -2.705082
-1.056518 -0.420735
-0.697018 -1.287550
-0.402813 -0.338273
-1.307195 -1.845504
-0.947581 -2.024808
-0.666158 -1.137389
-1.355294 -1.078489
-1.290698 -1.474873
-1.503119 -1.387433
-1.168490 -2.586150
-1.467956 -1.183949
-0.737321 -0.161730
-0.876612 -0.898823
-0.843673 -0.634263
-1.379901 -2.063961
-1.722086 -2.130167
-0.633202 -1.639167
-1.414757 -1.922999
-0.775400 -1.536531
-0.689406 -1.885309
-0.894014 -0.373057
-0.359552 -0.877963
-0.708420 -1.473434
-0.776826 -0.197804
-0.935917 -0.679482
-1.549425 -1.109132
-1.049573 -2.216824
-0.498154 -0.360209
-0.891221 -1.716054
-1.020152 -1.285023
-0.790094 -0.937619
-1.577557 -1.173334
-1.313027 -0.781843
-0.888013 -0.519343
-0.599480 -1.547907
-0.688313 -0.981559
-0.786384 -0.196044
-0.716541 -1.407237
-0.977020 -0.939913
-1.162230 -0.640317
-1.560379 -1.460965
-0.867536 -1.778314
-0.916510 -2.328009
-0.587274 -0.196393
-0.980153 -0.253727
-1.352525 -1.619848
-0.576165 -0.217377
-1.279513 -1.850658
-1.430120 -1.155446
-0.504631 -0.629404
-1.263721 -0.468801
-0.920614 -0.897504
-1.419623 -0.859147
-0.729430 -2.075541
-1.428557 -0.866684
-1.673155 -2.228557
-0.835290 -0.733721
-1.702546 -1.841330
-0.899035 -1.007068
-0.767887 -0.930945
-0.428037 -1.351166
-0.741968 -0.551649
-1.395052 -2.708837
-1.581383 -1.612949
-1.179769 -0.354193
-0.833587 -0.222946
-1.248741 -0.396902
-1.003218 -2.230296
-0.950817 -2.418047
-1.316995 -0.339346
-1.508417 -2.389107
-1.138444 -0.774416
-1.051807 -1.787682
-0.599501 -0.881313
-1.139143 -1.660503
-0.887820 -2.121067
-1.610455 -1.924195
-1.364436 -0.730108
-1.081494 -1.928654
-0.414151 -1.034894
-1.106085 -2.079163
-1.266117 -2.499777
-1.214413 -1.638031
-0.653319 -1.047665
-1.081168 -0.734369
-0.430946 -1.181884
-1.530567 -0.832001
-0.843627 -0.618683
-1.109037 -1.607891
-1.161103 -1.813353
-0.970603 -0.761519
-1.352417 -1.507745
-1.056541 -1.812635
-1.264234 -0.891567
-1.197551 -0.496982
-1.055836 -1.433163
-0.610382 -1.315759
-1.020481 -0.922158
-0.911821 -0.041218
-0.651026 -0.213507
-0.480079 -0.516876
-1.249031 -1.925209
-1.118060 -1.570796
-1.401903 -1.119542
-0.603803 -0.969264
-0.760334 -0.251497
-1.613201 -1.509997
-1.220100 -2.401641
-1.656189 -1.585611
-0.463735 -1.523829
-0.869227 -1.066559
-1.234570 -1.334558
-1.234419 -1.259943
-1.010955 -0.104984
-1.396867 -0.963156
-0.703141 -0.207639
-1.042788 -2.442009
-1.197781 -1.003193
-1.421747 -1.744084
-1.324081 -0.591687
-0.979053 -0.985517
-1.478109 -2.063120
-1.200038 -2.665990
-0.817022 -0.454709
-0.883857 -0.231165
-0.411770 -1.118997
-0.958737 -0.360618
-0.554846 -0.625459
-1.043874 -0.530185
-1.148496 -1.537753
-0.877453 -0.212402
-0.895270 -0.190513
-1.025235 -0.332598
-1.438867 -2.653406
-1.139282 -1.138224
-1.540384 -1.855897
-1.466622 -2.781148
-1.128983 -0.580340
-0.881287 -1.932541
-1.473239 -2.129799
-0.842348 -0.947031
-0.987405 -2.343740
-1.109785 -0.830318
-1.296872 -1.336415
-1.252541 -1.746962
-1.299312 -1.377253
-1.220998 -0.431376
-1.253444 -2.475960
-1.247409 -1.682523
-0.831452 -0.094101
-1.507189 -1.278630
-1.141631 -2.292822
-0.766796 -0.628717
-0.528886 -1.042480
-0.739897 -0.760436
-0.918514 -1.134086
-0.966128 -0.801208
-0.898349 -1.894361
-1.190597 -1.070172
-0.968042 -1.142900
-0.291456 -0.476720
-1.055718 -0.157885
-1.145070 -0.243133
-0.654852 -1.773880
-0.655201 -1.135419
-0.652319 -0.344378
-0.997431 -2.059471
-0.655144 -0.942692
-0.982430 -2.164862
-0.474054 -1.027673
-1.125290 -1.584101
-0.774765 -1.643844
-1.223221 -2.662710
-1.489240 -1.861411
-1.172018 -0.551714
-0.707188 -0.354076
-0.966218 -0.050437
-1.212030 -1.358949
-1.482646 -2.077906
-0.627051 -0.596817
-0.487232 -0.359289
-1.108860 -0.037213
-1.128034 -0.524382
-1.530894 -1.306922
-1.463070 -1.787432
-1.328265 -2.742355
-0.868679 -0.544172
-1.182960 -0.321116
-1.144914 -0.366234
-1.160123 -1.421279
-1.532519 -2.251514
-1.194269 -1.414491
-1.194886 -1.544366
-0.847528 -1.827235
-1.126240 -1.617409
-1.143569 -0.217446
-0.723566 -0.799167
-1.403200 -2.007025
-1.162755 -0.679656
-1.382914 -1.924921
-0.674790 -0.328183
-1.028706 -2.360680
-1.252295 -2.623712
-1.482239 -1.301043
-1.022510 -1.072767
-1.204735 -2.822675
-0.997692 -2.128647
-1.181927 -2.000174
-0.690265 -0.734661
-0.569878 -1.660489
-0.887310 -0.242805
-1.427278 -1.174645
-1.020324 -1.316871
-0.717115 -1.452103
-1.173517 -2.270053
-0.731607 -0.987842
-0.478073 -0.270875
-1.081020 -0.225535
-1.332157 -1.626504
-0.691280 -0.147212
-0.651942 -0.541327
-1.379755 -0.921311
-1.381225 -1.095609
-0.819729 -1.820789
-0.557192 -0.521557
-1.132611 -0.549870
-0.641680 -0.532912
-0.916962 -0.186864
-0.994192 -2.197507
-0.918465 -1.316747
-1.047817 -0.239653
-0.991278 -0.221855
-0.671295 -1.106826
-0.766087 -1.382481
-0.722101 -1.701645
-1.205986 -0.319263
-1.304421 -1.766773
-1.208218 -0.759628
-0.672385 -1.272557
-1.022442 0.116208
-0.997347 -0.925029
-0.949818 -0.801629
-1.045810 -0.605588
-1.535503 -2.493624
-0.805317 -2.143790
-0.511165 -0.897642
-1.096291 -1.968430
-0.579615 -1.203502
-0.440987 -0.828585
-1.152308 -2.091939
-0.367395 -0.545391
-1.089598 -1.458756
-1.296252 -1.307305
-1.195936 -2.525284
-1.442361 -1.901719
-0.995444 -0.720161
-0.654167 -0.987575
-0.885388 -1.789062
-0.656389 -1.439388
-1.326518 -2.308460
-0.750999 -1.357940
-1.464690 -1.153925
-1.298167 -2.331909
-0.711805 -0.799791
-1.053012 -0.996061
-1.521368 -1.266016
-1.272496 -2.020617
-1.261335 -1.777903
-1.332479 -1.187642
-0.535364 -0.885441
-1.204225 -1.282719
-1.201870 -0.097711
-0.681211 -0.715890
-0.379493 -0.553303
-0.446147 -1.160090
-1.179984 -1.565632
-1.194090 -2.211788
-1.004048 -1.193908
-1.218888 -0.220033
-0.781276 -0.650928
-1.402909 -2.026111
-1.257955 -1.039261
-1.392965 -1.187178
-1.044394 -2.012989
-0.495451 -0.740927
-1.039013 -1.247242
-0.666506 -1.189423
-1.134598 -2.380565
-1.396023 -1.063903
-0.825950 -0.538200
-1.382215 -2.321672
-0.506079 -1.680256
-1.245684 -2.730726
-1.520240 -0.939585
-1.369762 -1.899331
-0.838958 -1.761928
-0.784270 -1.876703
-1.239585 -1.031529
-1.131507 -0.811907
-1.145820 -0.665331
-1.397273 -1.087877
-1.559322 -1.151084
-1.203316 -2.724626
-1.457861 -1.929788
-1.049529 -2.111284
-0.199320 -1.021285
-1.037475 -0.440434
-0.495241 -1.585246
-0.681652 -0.675250
-0.663828 -0.881528
-0.759890 -0.155591
-0.702411 -1.551163
-0.691127 -0.740853
-0.624066 -1.226151
-1.284452 -0.765301
-1.114234 -0.602305
-0.532773 -0.400113
-0.850542 -0.146751
-1.154738 -1.361685
-1.564771 -2.054878
-1.028550 -0.345673
-1.122434 -0.181904
-0.532400 -0.389978
-1.197227 -0.760606
-0.759744 -0.481723
-1.173050 -2.449508
-0.849537 -1.026358
-0.681126 -0.159033
-1.154831 -1.114435
-1.166196 -1.975260
-0.864325 -2.179586
-1.615161 -1.978948
-1.314624 -1.029041
-0.666535 -0.383132
-1.118879 -0.312348
-1.303321 -1.265529
-0.831650 -1.718131
-0.524296 -1.555576
-0.678076 -0.787854
-0.886020 -0.488285
-0.711925 -0.123544
-1.304895 -1.370843
-0.499753 -0.646788
-1.184020 -0.719189
-1.374275 -1.502954
-0.967688 -1.905414
-0.763566 -1.963594
-1.063961 -1.625118
-1.494345 -2.506076
-1.575043 -1.238823
-0.675301 -0.872959
-0.418332 -0.306144
-1.086027 -1.997188
-1.028193 -1.988909
-1.189294 -0.762470
-1.345578 -1.704539
-0.885112 -0.352341
-1.072560 -2.222361
-0.581853 -1.653491
-1.390529 -2.303791
-0.527517 -0.693145
-1.461047 -2.172802
-0.687217 -1.842512
-1.056620 -1.419199
-0.528504 -0.307416
-1.507418 -1.731109
-0.574108 -1.039600
-1.407775 -0.951849
-0.639634 -1.461192
-0.933458 -0.627317
-1.126508 -2.297393
-0.758545 -1.186214
-1.291439 -0.647393
-1.040104 -2.075554
-1.126262 -0.248370
-0.933838 -2.248858
-1.112499 -2.362568
-0.460317 -1.105992
-1.073437 -0.632753
-1.311561 -1.062513
-0.417452 -0.955371
-1.010536 -0.931735
-0.885691 -1.031004
-0.524228 -0.920243
-1.151032 -0.661438
-0.536724 -0.796691
-0.352331 -0.603034
-1.220548 -1.483581
-1.118955 -1.630925
-0.575621 -0.227880
-1.588013 -2.224425
-0.591835 -1.021565
-1.096384 -1.772706
-0.536391 -1.290366
-0.855020 -0.928073
-1.168167 -2.099102
-1.345355 -1.873685
-1.118531 -0.499652
-0.857688 -1.981640
-1.054545 -1.048429
-1.507884 -1.926309
-1.131351 -0.604676
-0.686951 -1.464766
-0.949578 -0.872936
-0.723415 -0.364138
-1.018488 -2.260581
-0.585485 -1.598320
-1.552788 -1.878389
-0.742590 -1.274717
-1.235855 -2.450769
-1.160219 -2.323694
-0.552238 -0.503209
-1.052185 -1.437337
-1.022109 -2.206522
-0.387563 -0.549976
-0.463280 -0.845594
-0.456332 -1.187121
-1.117651 -0.576298
-0.709831 -0.109919
-0.524635 -0.237129
-1.324456 -2.130273
-1.080085 -0.740015
-0.926784 -2.034307
-1.198245 -1.165790
-1.019678 -0.745727
-0.672610 -0.254475
-1.353801 -2.414266
-0.702581 -1.104200
-1.011231 -1.439776
-0.526525 -1.452501
-0.713278 -0.800193
-1.338185 -2.589656
-1.231908 -0.632321
-0.836269 -0.799970
-1.101877 -0.133980
-0.936330 -1.601493
-0.575241 -1.377444
-0.620631 -0.316843
-0.826568 -1.555461
-0.902037 -2.113379
-1.221875 -2.470223
-0.684864 -1.935740
-0.979610 -1.979378
-1.020268 -0.798787
-0.965137 -2.493916
-0.727316 -1.639438
-1.174693 -2.749787
-1.432956 -1.226352
-0.782712 -1.879782
-0.743051 -0.565041
-1.038019 -1.534193
-0.512992 -1.180974
-0.901148 -1.268089
-1.149457 -1.956411
-0.415897 -0.558418
-0.530339 -1.118165
-0.886705 -1.745214
-1.595422 -1.133163
-1.250442 -0.903135
-0.819361 -1.501337
-1.050826 -1.315269
-1.473578 -3.031923
-0.443103 -0.696403
-1.506405 -1.495844
-1.245860 -1.947718
-0.394524 -0.783138
-0.911331 -0.207641
-0.681622 -1.656212
-1.313727 -0.753178
-0.830023 -0.790506
-0.555170 -1.055486
-0.922036 -0.751636
-0.875703 -2.126936
-1.208348 -0.767252
-1.066923 -2.312861
-1.365530 -0.759865
-1.340227 -0.429594
-1.363762 -1.911071
-0.468703 -0.723383
-0.869602 -0.787887
-0.541266 -1.024405
-1.092871 -2.141294
-1.215967 -2.102344
-0.939769 -0.439438
-1.074978 -1.732851
-1.203452 -1.708973
-0.533355 -1.463593
-0.789009 -1.370587
-0.616585 -1.855898
-0.793049 -0.784281
-0.485907 -0.574092
-0.918275 -0.417005
-0.611477 -1.066527
-1.097015 -1.970446
-0.774973 -0.160412
-0.666744 -0.359954
-1.210947 -0.987347
-1.185524 -1.594246
-0.905395 -0.370162
-1.506718 -2.413511
-1.363906 -1.805941
-0.786037 -1.629701
-0.735592 -0.249373
-1.019676 -1.646854
-0.978992 -1.736198
-0.791871 -2.137535
-1.418504 -2.437115
-1.451517 -1.340963
-0.977043 -1.405519
-0.580150 -1.005099
-0.651725 -0.452393
-0.791571 -1.594570
-0.390193 -0.720670
-1.214829 -0.954896
-0.761587 -1.830372
-0.776226 -0.363538
-0.586565 -1.473816
-0.554992 -0.631523
-0.829602 -1.731701
-1.430369 -1.359687
-1.145700 -2.865474
-0.952789 -1.074966
-1.536344 -1.179530
-1.319125 -2.642639
-1.444143 -2.345932
-1.236192 -1.667026
-0.879960 -2.002753
-1.277313 -0.528609
-1.354488 -0.960599
-1.317211 -0.595094
-0.535922 -0.462690
-1.089326 -0.924094
-1.089014 -1.458368
-1.366627 -1.516109
-0.667112 -1.744273
-1.109809 -1.309925
-1.383523 -1.126890
-0.451395 -1.214080
-0.384817 -0.668278
-1.431334 -2.819938
-1.504783 -1.774545
-0.999487 -2.336875
-0.593524 -0.767610
-1.334345 -0.664431
-1.137702 -1.202263
-1.259319 -1.664315
-1.094245 -1.577634
-0.606698 -1.797078
-0.917837 -0.601803
-1.377368 -2.086989
-1.038317 -1.812432
-1.245866 -2.426467
-0.901142 -0.791292
-0.584884 -0.349808
-1.360788 -1.379036
-1.005204 -2.511089
-0.434455 -1.090689
-0.522653 -0.401673
-0.991960 -2.068197
-1.062405 -1.633935
-1.664870 -1.988159
-1.054427 -2.090204
-1.281400 -0.301452
-0.879968 -0.915210
-0.778636 -1.815489
-0.968536 -1.738555
-0.886826 -0.021526
-1.048237 -1.982035
-0.773601 -0.789643
-1.126675 -1.691999
-1.150648 -0.610656
-0.553995 -0.242270
-1.114783 -0.320693
-1.334843 -1.301598
-1.087345 -2.572163
-0.593231 -1.538241
-1.163359 -0.689312
-0.510599 -0.978056
-1.148019 -0.506698
-1.210912 -2.504926
-0.775478 -0.922521
-1.330925 -0.645135
-1.013206 -1.301268
-1.168200 -2.553334
-1.368379 -1.070925
-1.063018 -1.527722
-0.715547 -0.404347
-0.732412 -0.084119
-1.027629 -0.976197
-1.010718 -0.377987
-0.818201 -0.324561
-1.003702 -0.400825
-0.859719 -1.887498
-1.069753 -1.501018
-1.150780 -0.828548
-1.047866 -0.757724
-0.613365 -1.724888
-0.823037 -0.900990
-1.470168 -1.220466
-0.654757 -1.105581
-0.647334 -0.641672
-0.575154 -0.793056
-0.692725 -0.237542
-1.388268 -0.576778
-1.547634 -2.032208
-1.129065 -1.165483
-0.998700 -0.973853
-1.429484 -2.331953
-0.837244 -1.920960
-1.002281 -0.225294
-0.466774 -0.833700
-1.450265 -2.364094
-1.127563 -2.348162
-0.446130 -1.063933
-1.209251 -1.739355
-0.874622 -0.323490
-1.257144 -1.260365
-0.574772 -0.616698
-1.252867 -0.407021
-0.976513 -1.843171
-1.274636 -1.695102
-0.547555 -1.359268
-0.773524 -1.164201
-1.050432 -0.143207
-0.462568 -0.312605
-1.119030 -0.421839
-1.156294 -2.589367
-1.405496 -2.805300
-1.029635 -1.978202
-1.396703 -2.804370
-1.014800 -1.579599
-1.043775 -0.414912
-0.366755 -0.436470
-1.269593 -0.837347
-1.117245 -1.613473
-0.887182 -1.139759
-0.671077 -0.634744
-1.612461 -2.126618
-0.268019 -1.206649
-0.798974 -0.864997
-1.434136 -2.500761
-1.627561 -2.342087
-1.504767 -2.528159
-0.751562 -0.254856
-0.870254 -0.368768
-0.926377 -0.141858
-1.343437 -1.904979
-0.649742 -0.635985
-1.298605 -0.637720
-0.729743 -1.272032
-0.508691 -1.638860
-1.346125 -2.656665
-0.606308 -0.169339
-0.590100 -0.488640
-1.502534 -1.132027
-1.423089 -2.739080
-0.807377 -1.548060
-1.304158 -2.709132
-0.763952 -1.719783
-1.052451 -0.659064
-1.441071 -1.077675
-0.788400 -0.340739
-0.599879 -0.431905
-0.923175 -0.874066
-0.983675 -0.523225
-0.980203 -1.176246
-0.980353 -1.000337
-0.866112 -1.830636
-1.024536 -0.103198
-0.927274 -0.503586
-0.653452 -0.769819
-0.690911 -0.663864
-1.066067 -0.891856
-0.904794 -2.303891
-0.696746 -1.802872
-1.431914 -1.746188
-0.727058 -2.016092
-1.136113 -1.183880
-1.348922 -0.849410
-1.133327 -2.041499
-1.221519 -0.604723
-0.691641 -0.384252
-1.233073 -1.199435
-1.052475 -1.887026
-0.575625 -1.747198
-1.486154 -2.180563
-0.668074 -0.312256
-1.271925 -0.879211
-0.554697 -1.680101
-1.204040 -1.881534
-0.542764 -0.873698
-1.204060 -2.556738
-1.138643 -0.616639
-0.695957 -1.662568
-0.484498 -0.250491
-1.269962 -1.201014
-0.810864 -1.146403
-1.119064 -0.108819
-1.052031 -0.067872
-1.225891 -1.788932
-1.197069 -1.436247
-0.483314 -0.393639
-1.335459 -0.562760
-0.923474 -1.247331
-0.482278 -0.472391
-0.730020 -0.606032
-1.042801 -0.996603
-1.131319 -1.877067
-1.191845 -0.584465
-1.096411 -1.149544
-0.893056 -0.558120
-0.621569 -1.500382
-0.831669 -0.185602
-1.614270 -2.297778
-0.951717 -0.411566
-1.306968 -1.748071
-0.985177 -2.003696
-1.247187 -1.109536
-1.141348 -1.944465
-1.066600 -1.830992
-1.391848 -1.123861
-1.090448 -0.885634
-0.574563 -0.792201
-0.597671 -0.059118
-1.234047 -0.580539
-1.143733 -0.916643
-1.404755 -2.000027
-0.661367 -1.307792
-1.123197 -0.957697
-1.450592 -1.101256
-1.329056 -0.690128
-1.135265 -1.982185
-0.393460 -0.864596
-1.456876 -2.065642
-1.347916 -1.068839
-0.930546 -0.424390
-0.975690 -2.254103
-0.805780 -1.221952
-0.826467 -1.895155
-0.641434 -0.657749
-1.229588 -0.479039
-1.017472 -0.076374
-0.812058 -2.051237
-0.877431 -1.702632
-0.698994 -0.962252
-1.412678 -1.548795
-1.116865 -1.072164
-1.334008 -0.929325
-1.242317 -1.852150
-0.789827 -0.581616
-0.611271 -0.140791
-0.416882 -0.762701
-0.985957 -2.200341
-1.128516 -0.963118
-1.301933 -0.734436
-1.309340 -2.732420
-1.115585 -0.905191
-0.970118 -1.077260
-1.327551 -2.017595
-0.718646 -1.359874
-0.831741 -1.434756
-1.196819 -0.457145
-0.919658 -1.986769
-0.963912 -0.673878
-0.754362 -0.497368
-1.120778 -0.486740
-1.296286 -2.026495
-0.874703 -0.944507
-0.887393 -0.348425
-0.994632 -1.628721
-0.408363 -1.134105
-1.119931 -0.363428
-0.924919 -0.249549
-0.763615 -0.222759
-0.606227 -0.420076
-1.327992 -1.702077
-1.032116 -0.396539
-0.938138 -2.527085
-1.485299 -2.278553
-0.879390 -0.337975
-1.259079 -0.358481
-0.386261 -1.087027
-0.745921 -1.758653
-0.549633 -0.904645
-0.851234 -0.406880
-1.176342 -1.693616
-1.174577 -2.270903
-0.957895 -1.656564
-1.515589 -1.359518
-1.216092 -0.576145
-1.084473 -2.420586
-1.285988 -1.844890
-1.375654 -0.790492
-1.321275 -1.651512
-1.689474 -2.530596
-0.774149 -0.249985
-1.616037 -2.387778
-0.863092 -0.136592
-1.295624 -0.513161
-1.113365 -0.658503
-0.690790 -0.216925
-1.498539 -1.323922
-0.727765 -0.877946
-0.905673 -0.374063
-0.388639 -1.356682
-1.195968 -0.946566
-0.939767 -2.286888
-1.204606 -0.430351
-1.287793 -1.772722
-0.621834 -1.125385
-0.745454 -1.872072
-1.258613 -0.614939
-0.727682 -1.307812
-1.283098 -2.300746
-0.740662 -1.730091
-1.220659 -1.222522
-0.751107 -0.905233
-1.431196 -1.211919
-0.836036 -0.352779
-1.020770 -1.091126
-1.359074 -1.443359
-1.331153 -0.698776
-1.025830 -0.917617
-0.985229 -0.479438
-1.311932 -1.609650
-0.690894 -1.442671
-1.241904 -0.754990
-0.541936 -1.390564
-0.627092 -0.438665
-1.340913 -2.053645
-1.129071 -0.545837
-1.265250 -0.924632
-0.951942 -0.929289
-0.817493 -0.140120
-0.780685 -0.290273
-1.311154 -2.323174
-0.491386 -0.500968
-0.984181 0.145241
-1.335996 -1.364825
-1.379641 -2.333509
-1.172775 -0.396714
-0.863569 -0.571455
-0.988878 -0.604832
-0.670835 -1.348205
-1.067209 -0.736107
-1.370322 -1.009868
-0.670349 -0.691818
-0.357013 -0.915388
-1.062906 -1.662993
-1.275748 -0.677911
-0.888994 -0.298008
-1.402425 -1.196223
-0.947109 -2.180986
-0.909594 -1.951099
-0.644288 -1.480173
-0.673201 -1.059392
-0.648587 -1.757839
-1.146009 -2.543357
-0.647093 -1.484022
-0.604115 -1.158275
-1.256858 -0.583600
-1.177631 -0.446695
-0.624476 -0.112699
-0.978298 -2.315597
-0.924650 -0.248416
-1.204163 -1.120646
-1.677459 -1.582412
-1.076840 -2.353465
-0.618857 -0.874437
-1.243169 -0.330331
-1.068075 -0.373127
-1.031741 -0.897675
-1.472040 -2.148151
-1.356217 -1.314486
-1.454441 -1.888797
-1.353140 -0.922465
-0.735931 -1.876306
-0.491667 -1.374017
-0.717382 -0.395565
-1.354253 -1.039248
-1.020448 -2.285780
-1.093638 -0.661604
-1.318905 -1.617682
-1.680561 -1.842987
-1.471788 -1.682999
-0.842427 -0.896476
-0.504423 -0.703293
-0.856687 -1.049723
-0.984280 -1.019760
-0.620134 -1.384017
-0.659138 -0.433079
-1.090102 -0.540295
-1.161411 -1.103108
-1.124773 -0.925491
-1.321036 -0.777550
-0.970658 -1.151221
-0.675369 -0.386450
-1.190737 -2.312497
-0.524447 -0.935726
-1.310400 -0.936629
-0.989454 -0.331186
-1.127127 -0.592029
-0.830325 -0.995839
-1.028406 -0.644466
-1.100518 -0.563215
-1.371436 -0.975645
-0.834939 -0.096763
-0.984082 -2.363017
-1.146769 -1.505418
-0.522471 -0.761030
-1.197694 -2.344761
-1.208164 -0.310960
-1.085749 -1.170063
-1.374653 -2.346488
-1.294385 -2.112234
-0.734246 -2.038100
-1.328614 -2.758213
-0.882871 -0.124854
-0.943401 -0.467239
-0.564010 -0.332932
-1.202510 -0.228959
-0.853887 -0.167846
-1.278173 -1.967884
-1.134284 -1.774869
-0.732249 -0.641137
-1.510387 -2.312849
-1.527729 -2.837379
-0.952387 -0.131405
-1.413972 -2.132896
-1.128657 -0.892614
-0.563864 -0.392238
-1.212903 -0.262444
-0.998992 -1.975222
-1.437539 -2.204286
-1.402391 -2.832122
-0.834614 -0.536208
-0.917548 -1.740779
-1.070625 -1.195742
-1.501259 -1.007570
-0.636873 -0.599413
-1.487847 -2.081500
-0.759889 -0.265276
-0.706739 -0.060924
-0.674857 -1.812883
-1.429424 -2.033176
-0.831748 -0.697564
-1.200127 -1.328326
-1.338624 -2.556213
-1.344061 -1.019259
-0.757326 -1.931442
-1.755198 -2.510280
-1.112621 -1.741744
-1.297922 -2.053472
-1.126289 -0.462397
-0.874133 -1.877542
-1.500898 -1.494274
-1.382431 -1.388477
-1.361945 -1.877348
-1.550475 -1.928976
-0.432836 -0.454583
-1.171689 -2.330896
-1.373512 -1.421222
-1.099647 -0.340230
-0.832129 -1.257751
-0.573919 -0.875780
-1.095616 -0.249672
-1.317404 -1.623519
-1.212160 -2.330568
-0.737525 -0.220963
-1.446648 -1.711227
-0.990581 -1.386364
-0.906210 -0.232968
-0.694491 -1.465800
-0.811490 -2.107326
-1.194995 -2.253586
-1.329528 -0.936835
-0.668579 -1.487498
-1.320219 -1.342392
-0.877813 -1.200556
-0.812621 -1.214840
-1.537320 -1.400764
-1.376970 -1.131174
-1.264662 -0.679438
-0.715782 -0.616609
-0.744241 -0.861104
-1.061126 -0.314015
-1.004792 -1.738530
-0.617922 -1.333816
-0.890445 -0.428924
-0.917038 -1.343030
-1.235428 -0.722971
-1.171100 -0.375669
-0.930803 -1.768506
-0.923699 -0.222789
-0.845506 -0.863679
-0.922265 -1.457324
-0.915731 -0.484990
-0.613674 -1.237534
-1.130041 -2.286420
-1.022833 -0.768008
-1.392088 -1.603002
-1.483248 -1.911794
-0.728699 -0.493718
-1.224237 -1.164231
-0.538804 -1.562459
-1.361993 -0.863801
-1.101209 -0.896729
-0.957773 -1.914676
-0.717339 -0.641176
-0.837315 -0.273962
-1.220980 -2.092104
-0.916789 -2.171555
-1.224671 -1.570018
-1.007599 -0.337918
-0.657420 -0.911413
-1.349638 -1.731396
-1.314488 -2.434256
-1.237356 -1.589213
-1.170054 -1.634667
-1.007380 -2.480849
-0.580362 -0.635127
-1.051996 -2.128007
-0.561739 -0.741634
-0.810924 -1.626963
-1.091388 -1.439750
-1.405864 -1.766331
-1.028125 -2.036949
-1.525476 -1.259539
-1.192632 -1.971657
-0.575143 -1.774512
-0.870666 -1.025559
-1.031646 -1.668756
-0.366915 -0.655850
-0.601828 -0.439345
-0.556781 -0.478528
-0.518785 -1.324558
-1.178074 -0.443645
-0.931621 -0.465348
-1.083099 -1.651232
-0.535948 -0.367621
-1.271716 -0.929099
-1.392221 -1.423986
-1.308947 -2.091242
-0.837846 0.018708
-1.392517 -1.001481
-1.501034 -1.187466
-1.050206 -2.697418
-1.154208 -2.029303
-1.440275 -0.912625
-1.197928 -1.189356
-0.982462 -0.875230
-1.644526 -2.337560
-0.670028 -0.269772
-0.975337 -1.077925
-1.025679 -1.535222
-0.750781 -1.203269
-0.661499 -1.238599
-0.628578 -1.155486
-0.962227 -0.850822
-0.487834 -0.871448
-0.642114 -0.638215
-0.595879 -1.385284
-1.102031 -2.460687
-0.640642 -0.639801
-0.798988 -2.154189
-0.599682 -1.322733
-0.996925 -1.792487
-1.552263 -1.786898
-1.173730 -0.274226
-1.160525 -0.809903
-0.778596 -0.662929
-1.208093 -0.584205
-1.160696 -0.859985
-0.609541 -0.676455
-1.028083 -1.619760
-1.047313 -0.051698
-1.077310 -2.574773
-0.853998 -1.223067
-0.788350 -1.375753
-0.777461 -1.775447
-1.147857 -2.435480
-1.080311 -0.365777
-1.239699 -1.347246
-0.707083 -1.994750
-0.866875 -1.008494
-0.821555 -0.061507
-0.990909 -1.321113
-1.512403 -2.238701
-0.474549 -0.788224
-0.517461 -0.499906
-1.182043 -0.580885
-0.950478 -0.234483
-1.561051 -2.202219
-1.037516 -1.859059
-1.501966 -2.276728
-0.990510 -1.507151
-0.793732 -0.198902
-0.574304 -0.564341
-1.032867 -0.731470
-0.665873 -0.460858
-1.244163 -2.041245
-1.108418 -1.207414
-1.558248 -2.003436
-0.982531 -0.893700
-0.740081 -0.966426
-0.750821 -1.172174
-0.633932 -0.218524
-0.663592 -1.071836
-0.993476 -0.318212
-0.978599 -1.730600
-1.016338 -0.837541
-0.858535 -0.292976
-1.384627 -1.024168
-0.652254 -1.087081
-0.629875 -1.498996
-0.851457 -1.501358
-1.283335 -2.609915
-1.281434 -2.651780
-0.700148 -1.418755
-1.564199 -2.103010
-0.847452 -1.252640
-1.118493 -2.679583
-1.335019 -0.388605
-0.972338 -0.966455
-0.481804 -1.172420
-0.738424 -1.644547
-1.132494 -0.216026
-0.492864 -1.357324
-0.681908 -1.093084
-1.299258 -1.656272
-0.733406 -1.655473
-0.787217 -0.110676
-1.068128 -2.082126
-1.135553 -2.101181
-1.367494 -1.501375
-0.892974 -1.176088
-1.468966 -1.299225
-1.539118 -1.559922
-1.038798 -2.382522
-0.957936 -2.435871
-0.720063 -1.118122
-0.662459 -1.804925
-1.207721 -1.633673
-1.291080 -2.004540
-1.440787 -1.560251
-0.709635 -2.024915
-1.112666 -0.585242
-1.222861 -0.862269
-0.896407 -0.554964
-0.768462 -0.885491
-1.231546 -1.192491
-0.877365 -1.293631
-1.375644 -1.389864
-0.881641 -1.637382
-1.084743 -0.666416
-1.442804 -1.040485
-0.927076 -1.249606
-1.154680 -1.627599
-0.657821 -1.732156
-1.171213 -0.249624
-0.725835 -1.834578
-1.024760 -1.406868
-1.074176 -2.516974
-0.771359 -0.961383
-0.669652 -1.009087
-0.852580 -0.553841
-0.681029 -1.675600
-1.123423 -0.870485
-1.042647 -2.504465
-1.113982 -0.214145
-1.454937 -2.306253
-0.612517 -1.871078
-0.779060 -0.624607
-1.351947 -0.727859
-1.349883 -0.507693
-1.033578 -1.851458
-1.116139 -1.185557
-1.098332 -1.128673
-0.613227 -0.967277
-1.000138 -0.798836
-1.401578 -1.606598
-0.918014 -1.273389
-0.965615 -0.342293
-0.730530 -0.520253
-0.650495 -1.219311
-1.178237 -0.992309
-0.872424 -0.447034
-0.670807 -1.910358
-0.871005 -0.671773
-0.953151 -1.977316
-1.393941 -1.215390
-1.207829 -2.575297
-1.268181 -0.771915
-0.937931 -0.792316
-0.830219 -0.387194
-0.635184 -1.422375
-1.311690 -0.657924
-1.047880 -2.069502
-1.069486 -2.124986
-1.345530 -0.673225
-0.918559 -1.688316
-1.044533 -2.493352
-0.855486 -0.245839
-1.487941 -2.139113
-0.551218 -0.399837
-0.828949 -0.103105
-0.449674 -1.163207
-1.270643 -1.361135
-1.081322 -1.202679
-1.188080 -0.402549
-0.900734 -1.769629
-1.328705 -1.367172
-1.427968 -0.829666
-1.192369 -2.085160
-0.872732 -1.290334
-1.297052 -2.466785
-0.454980 -1.434251
-0.747604 -0.425585
-1.236460 -2.498604
-0.765782 -0.180464
-1.229013 -2.841483
-1.258083 -0.542238
-0.397447 -0.968132
-0.732897 -1.387412
-1.329874 -1.521494
-1.347435 -0.733619
-1.108610 -2.407512
-0.782963 -1.658163
-1.462356 -1.297207
-0.967123 -1.103932
-1.175499 -1.454435
-0.828615 -1.554410
-1.375931 -1.323393
-1.325393 -1.492282
-0.541762 -1.255244
-1.085307 -0.558459
-0.807943 -1.941185
-1.357730 -2.175419
-1.103409 -1.030048
-0.405958 -0.818621
-1.163284 -1.633547
-1.323008 -2.770169
-1.288487 -2.856719
-1.305144 -0.639541
-1.417737 -1.618229
-0.543689 -1.527074
-0.883099 -0.170120
-0.639868 -1.123297
-1.388973 -1.264030
-0.523658 -0.657114
-1.196496 -0.741082
-1.212258 -1.950629
-1.040296 -1.849281
-0.907784 -0.498277
-1.443740 -0.978303
-0.517027 -0.697770
-0.869820 -0.336415
-0.615700 -1.609484
-0.554646 -0.450781
-1.192602 -0.522947
-0.591668 -0.885133
-0.663057 -1.468995
-0.815376 -1.812304
-1.319253 -0.996165
-1.169509 -0.261697
-1.431961 -2.001204
-1.177044 -0.515111
-0.487774 -1.029961
-1.113550 -2.467330
-1.036452 -2.279189
-0.805415 -1.306153
-1.279679 -0.748954
-0.780864 -1.107704
-0.993169 -1.613392
-0.684719 -1.077009
-1.033882 -1.330934
-1.077838 -0.829352
-1.560726 -1.468016
-1.133304 -1.711595
-1.202037 -0.284834
-0.911717 -0.117599
-0.578264 -0.535960
-0.429613 -0.622413
-0.491550 -0.637718
-0.506758 -0.268410
-1.349978 -2.086360
-0.725312 -1.636256
-1.579799 -1.392679
-1.301120 -2.905133
-0.980161 -1.706106
-0.737040 -1.815196
-1.088633 -2.009850
-1.434656 -1.784868
-0.586455 -1.559156
-1.058069 -1.524497
-0.663026 -1.558148
-1.176699 -0.704517
-0.502033 -0.486883
-1.395947 -0.698314
-0.931674 -1.521086
-0.881604 -1.171227
-1.132413 -1.851828
-0.679874 -1.768611
-0.527283 -0.563689
-0.934728 -0.165581
-1.552292 -2.058493
-1.118046 -0.320809
-1.371702 -0.847383
-1.009878 -1.457672
-0.668765 -1.722387
-1.371409 -2.408541
-0.440106 -1.065196
-1.206188 -1.302326
-1.044574 -0.371344
-1.327869 -1.012107
-0.615993 -0.077214
-1.362318 -1.720488
-0.983818 -0.210153
-1.103918 -0.409664
-1.034816 -0.580413
-0.859398 -0.176467
-1.103976 -2.111157
-1.149769 -0.918292
-1.083471 -0.792707
-0.810392 -1.387122
-1.167147 -1.210759
-1.127075 -1.547533
-1.354168 -2.431174
-1.322695 -1.021512
-1.202679 -2.611220
-0.805994 -0.164110
-1.533638 -2.625910
-0.915780 -1.226902
-1.086465 -1.118957
-0.411633 -0.840660
-1.006882 -1.369539
-0.654821 -0.413403
-0.953686 -1.433486
-1.096618 -1.369848
-0.590733 -1.225640
-1.646771 -2.099139
-0.623448 -0.740173
-0.807932 -1.497714
-1.235548 -1.994421
-0.509564 -1.028729
-1.258693 -0.963527
-1.488214 -1.034419
-0.756167 -1.332951
-1.361509 -1.002707
-0.853585 -1.011073
-0.857690 -0.500637
-1.424465 -0.474418
-1.128735 -0.604070
-0.502594 -1.247936
-0.794386 -1.689846
-1.128075 -1.293830
-1.324046 -2.070245
-1.132703 -0.758447
-1.449602 -1.949734
-0.926954 -0.901787
-0.683387 -0.406050
-1.433502 -1.368754
-0.641813 -1.601327
-1.285089 -2.388408
-1.081370 -2.277712
-1.008152 -1.927573
-0.981529 -1.391490
-1.341143 -2.413530
-0.973786 -1.531628
-0.890013 -2.148341
-0.930201 -1.466881
-1.149179 -2.411823
-0.758366 -0.017775
-1.183848 -0.908626
-1.173194 -2.519343
-1.104589 -0.264441
-0.639989 -1.897736
-1.290986 -0.494648
-0.460795 -1.317744
-0.789133 -2.206326
-0.696370 -0.954973
-0.913104 -1.398058
-0.426516 -1.176752
-1.652297 -2.306907
-1.160632 -1.357991
-1.568707 -2.413242
-0.571175 -1.139880
-1.237059 -1.764862
-1.314065 -2.568458
-0.692472 -1.563953
-1.441120 -1.466337
-0.978805 -1.620720
-1.098931 -1.323352
-1.246071 -1.186540
-0.932880 -0.952944
-1.374928 -0.761046
-1.087362 -0.736378
-0.988845 -0.179730
-1.483973 -1.466551
-0.918835 -1.841816
-1.136891 -2.402246
-1.135121 -0.525981
-0.940064 -1.235764
-0.724659 -0.665071
-1.088732 -0.314899
-1.041826 -1.786201
-1.110649 -1.655896
-0.769013 -1.228752
-0.975645 -1.221080
-1.112090 -1.742730
-0.654522 -1.384420
-0.875424 -0.502208
-0.620901 -1.375566
-1.032086 -0.859185
-0.933189 -0.784427
-0.890248 -0.621435
-0.693729 -0.572289
-1.360195 -0.961049
-1.012502 -1.308214
-0.793407 -0.807305
-0.682627 -2.080768
-1.169951 -1.909481
-0.989411 -1.611324
-1.012176 -0.595467
-1.320789 -1.606887
-1.120545 -1.377566
-0.739061 -1.701019
-1.187160 -2.039267
-1.332904 -1.501281
-0.859628 -0.556163
-0.768226 -0.904881
-0.973144 -1.252737
-1.537880 -1.996248
-1.301638 -0.475514
-1.644883 -2.120729
-1.200380 -2.561152
-1.073896 -1.866159
-0.781444 -0.369901
-0.769672 -1.844024
-1.134170 -1.210941
-1.022660 -1.458312
-0.943052 -0.644818
-1.402357 -0.574061
-1.206762 -0.319133
-1.602481 -1.555487
-0.474004 -0.754468
-0.971097 -0.720548
-0.984531 -0.710602
-0.957404 -0.196789
-0.686361 -0.488080
-1.566532 -2.057145
-1.378125 -1.421692
-0.848449 -2.103997
-1.354908 -2.742767
-1.306160 -1.016932
-0.919325 -0.850692
-1.210764 -2.200911
-1.463531 -1.684150
-1.469792 -1.688327
-0.943199 -1.731731
-1.075325 -1.501797
-1.420107 -1.623727
-1.639472 -1.913439
-1.107072 -2.239335
-1.465041 -1.036817
-1.507609 -1.289477
-0.878955 -1.049537
-1.278550 -0.567138
-0.915887 -2.376912
-1.081958 -0.332747
-1.028866 -1.116826
-1.697242 -1.284629
-0.944845 -2.103476
-0.907177 -0.255768
-1.168866 -1.039563
-0.562591 -0.998636
-1.076912 -2.017211
-0.646663 -0.334634
-1.211020 -1.791971
-1.031809 -0.193078
-0.744537 -1.548211
-0.789761 -2.079810
-1.388712 -1.278524
-0.636538 -0.643425
-1.210425 -2.438202
-1.140611 -0.617617
-0.659550 -0.607352
-0.760605 -1.683659
-1.342165 -2.591504
-1.172459 -1.011224
-1.446098 -1.483077
-1.560210 -2.300458
-1.321318 -0.162794
-1.321605 -1.043893
-0.956858 -1.547422
-0.620789 -1.499776
-0.882182 -0.388046
-1.047548 -0.092448
-1.528707 -1.867996
-0.603513 -1.085525
-1.485903 -1.010607
-1.093549 -0.547603
-0.402851 -0.780272
-0.576533 -1.533081
-0.661028 -2.006294
-1.233563 -1.025338
-0.634959 -0.129378
-0.883574 -2.280266
-0.789657 -0.775792
-0.557745 -0.312720
-1.083683 -0.798591
-1.359966 -1.393772
-1.494544 -1.224322
-1.106042 -1.851998
-0.575026 -0.614981
-1.113826 -0.595670
-1.141111 -1.119113
-1.474424 -1.895181
-1.336896 -2.453690
-0.794949 -1.228244
-1.185869 -0.243834
-0.950738 -0.188889
-0.685140 -1.830289
-0.787870 -1.846696
-0.813641 -0.768934
-1.133901 -0.342332
-1.371755 -1.885390
-0.575327 -1.301387
-0.703448 -1.950697
-0.799618 -1.112799
-1.239388 -1.724488
-0.804434 -0.467179
-1.494782 -2.540282
-0.685699 -1.110601
-1.044615 -2.232727
-0.436088 -1.322358
-1.181858 -1.180295
-0.627671 -0.136893
-0.629818 -0.225040
-0.997276 -0.868310
-1.389220 -0.828220
-1.379441 -1.634223
-0.957748 -0.859307
-0.713488 -2.082304
-0.980240 -0.767805
-1.218733 -2.470380
-0.659873 -1.653097
-1.400026 -1.998303
-0.851213 -1.520372
-1.311718 -2.196763
-0.931301 -1.937167
-1.297216 -0.625939
-0.717991 -0.297945
-1.210120 -0.567992
-1.605434 -1.551222
-1.163221 -0.899709
-1.037497 -2.388055
-0.650613 -1.061690
-0.646722 -0.677315
-1.388849 -0.586550
-0.417996 -0.537312
-1.450581 -2.719233
-0.625326 -1.168438
-0.549173 -1.049927
-1.216796 -2.605727
-0.707230 -1.228172
-0.939232 -1.452829
-0.524723 -1.069285
-0.771698 -1.358850
-1.220445 -2.719263
-0.433964 -0.502467
-1.234163 -2.319202
-0.623332 -0.851124
-0.544980 -1.187221
-0.896788 -2.061047
-1.405326 -2.681443
-1.399855 -1.702294
-0.817828 -0.871276
-1.186108 -1.899706
-1.398371 -2.409182
-0.562989 -1.756559
-1.128208 -1.852242
-1.135727 -2.028367
-0.813424 -0.548374
-1.140998 -0.111586
-1.365356 -0.820010
-0.878305 -1.561565
-0.645938 -1.130770
-0.874013 -1.789177
-1.370885 -2.585079
-0.849335 -0.122195
-0.509491 -1.316229
-0.871612 -0.593284
-1.327861 -1.931929
-1.356297 -2.640062
-1.400956 -2.245688
-0.371371 -0.917566
-0.955396 -1.773144
-1.249055 -2.113266
-1.121116 -2.445541
-0.791163 -0.730571
-1.407138 -2.649014
-0.771787 -1.630453
-1.120801 -1.925263
-0.781067 -1.274710
-1.471908 -1.156485
-1.013709 -0.217534
-1.605826 -2.175028
-1.450447 -1.135738
-0.886156 -0.708125
-1.482838 -1.226935
-1.488709 -1.393795
-0.762295 -2.272239
-1.209145 -0.553520
-1.458416 -0.699251
-1.443324 -0.975054
-1.295391 -0.643970
-1.010685 -1.466257
-0.702546 -0.719209
-1.063974 -0.421988
-1.028819 -1.764148
-1.265738 -1.496457
-1.369743 -1.851472
-1.210069 -0.480998
-0.840988 -0.265824
-1.239756 -2.389181
-1.101334 -0.209679
-0.649363 -0.096585
-0.632927 -1.901971
-0.888702 -0.806823
-1.396680 -0.890632
-1.127296 -0.554549
-1.585255 -1.252661
-1.255445 -2.042996
-0.453310 -0.996537
-1.440099 -2.358629
-1.353243 -1.590074
-1.019242 -1.698196
-0.795681 -0.708153
-0.986823 -0.934050
-0.488712 -0.812745
-1.199060 -0.809396
-1.191054 -0.973145
-0.922986 -2.165592
-0.697331 -0.393657
-1.158859 -0.407697
-0.928073 -0.344942
-0.787215 -0.351507
-1.430238 -1.142141
-0.434543 -0.868815
-1.393121 -2.191427
-1.569367 -1.215384
-1.367812 -1.404793
-1.120414 -1.978300
-0.501634 -0.779145
-0.654293 -1.028937
-1.092977 -1.803717
-1.070933 -1.577820
-1.560367 -1.067687
-0.951027 -0.540539
-1.075973 -2.022487
-0.640197 -1.270620
-0.896077 -0.917689
-0.601672 -0.294783
-0.565384 -1.609685
-1.098671 -0.752383
-1.278397 -0.727027
-1.135883 -2.314079
-1.397195 -0.660179
-1.146711 -0.329546
-0.937294 -1.565628
-0.648679 -0.897938
-1.466115 -2.236650
-1.069573 -0.445041
-1.424070 -1.794649
-1.205059 -2.033045
-1.005802 -1.199229
-1.288238 -2.223921
-0.477221 -0.409521
-1.459779 -0.920446
-1.313382 -2.585741
-0.445721 -1.145533
-1.078542 -1.595472
-1.175926 -1.711931
-1.281920 -0.946453
-0.942084 -1.074043
-0.710457 -1.954920
-0.838463 -0.307006
-0.973048 -2.574431
-0.486499 -1.157513
-1.180307 -1.497109
-0.704120 -0.274633
-1.002850 -0.114557
-1.022565 -1.988013
-1.009737 -1.801806
-1.269726 -2.848878
-0.548567 -0.196751
-1.415945 -1.139330
-0.567097 -0.258855
-1.361380 -2.430820
-1.304922 -1.941248
-0.675217 -0.423122
-0.792869 -0.984673
-1.173359 -1.888905
-1.027625 -1.275045
-0.803256 -0.878013
-1.484421 -1.808239
-0.919205 -0.175524
-0.697285 -0.560747
-0.530470 -0.401067
-0.959983 -1.933361
-1.087741 -0.588546
-1.369873 -1.435196
-0.657556 -0.737811
-0.729050 -0.477248
-0.860194 -1.271722
-1.001422 -1.259328
-1.317970 -2.955276
-0.906189 -0.292144
-1.250875 -1.307664
-1.316517 -2.492709
-1.226097 -1.705068
-1.128112 -1.459682
-1.140476 -0.801679
-1.451201 -1.748537
-1.183335 -1.599632
-0.914395 -0.206415
-1.140930 -1.311170
-1.445951 -1.082389
-1.065392 -0.280097
-1.082289 -1.070990
-0.979279 -0.490688
-0.600318 -1.745539
-0.855590 -0.251623
-1.459778 -0.902591
-0.543514 -1.460743
-1.051593 -0.558096
-1.330648 -0.712413
-1.441053 -1.389012
-1.058129 -1.163574
-0.496165 -0.449792
-0.830491 -1.091464
-1.000165 -0.682991
-0.995026 -0.713128
-1.145439 -1.532414
-0.913434 -0.042819
-0.666694 -1.650930
-0.896107 -2.002662
-0.533422 -0.882482
-0.907445 -0.209860
-0.756724 -1.045538
-0.925200 -1.360126
-1.036242 -0.712644
-1.303052 -2.558871
-1.181138 -0.844997
-1.225690 -0.831314
-0.636632 -1.199306
-1.105970 -0.844174
-1.257510 -0.649950
-1.534727 -0.837129
-0.415172 -1.392794
-0.655011 -0.733559
-0.411194 -0.327910
-1.546837 -1.786343
-0.685111 -0.196957
-0.834055 -0.815610
-0.837716 -1.149032
-0.841520 -0.125932
-0.818097 -0.142929
-0.337060 -0.718465
-0.689143 -1.455716
-0.839296 -1.830685
-0.884243 -1.269118
-0.800468 -0.329900
-0.998361 -0.059527
-1.427253 -1.673775
-0.513622 -0.766191
-0.733286 -0.716942
-1.235374 -1.838139
-1.194750 -0.798059
-0.636260 -1.103190
-0.936939 -0.891610
-1.073105 -1.180820
-0.944235 -2.070763
-1.441132 -2.205360
-0.569229 -0.730887
-1.615643 -2.005871
-1.323197 -1.334685
-1.388015 -2.080762
-1.471652 -0.905119
-1.080801 -0.155029
-0.993328 -1.897403
-1.231565 -1.741147
-1.415309 -2.362036
-1.081425 -1.184225
-0.735539 -1.678831
-1.410766 -2.377510
-1.033672 -1.362420
-0.495522 -0.400682
-0.317071 -0.650115
-1.209366 -0.491481
-1.284001 -1.926081
-1.332341 -1.562531
-1.113233 -1.783935
-1.044960 -1.146207
-1.401110 -1.044272
-1.083873 -2.440060
-1.281132 -1.761922
-0.959662 -2.425973
-1.274202 -1.188744
-1.375635 -1.535466
-1.198485 -1.432103
-0.857983 -1.758703
-0.805707 -0.345445
-1.144274 -0.495152
-0.424442 -0.818140
-0.637744 -0.775523
-1.184026 -1.444335
-1.471870 -2.263192
-1.050481 -0.786168
-1.214934 -1.975161
-1.272125 -1.609270
-0.886733 -0.688155
-1.039368 -0.185137
-0.584142 -1.113999
-1.085006 -0.561960
-0.737592 -1.452494
-1.251386 -2.600033
-1.544229 -1.649622
-1.175305 -1.050545
-1.123468 -0.277779
-0.537659 -0.345220
-0.707928 -1.639914
-0.515417 -1.235268
-0.848027 -2.053647
-1.093648 -0.966759
-0.644856 -0.304410
-1.407828 -1.317757
-1.302259 -2.149083
-1.130516 -0.373632
-0.635073 -0.295718
-0.398319 -0.770240
-1.125523 -1.084963
-0.668064 -0.293305
-1.553928 -1.750810
-0.542019 -1.017495
-1.361394 -0.763401
-0.528827 -0.789046
-1.040519 -1.451923
-1.173545 -1.195441
-0.488652 -0.572677
-0.880394 -0.622661
-1.493811 -1.699004
-0.422819 -0.778303
-0.578403 -0.351869
-1.316438 -0.913102
-0.985245 -1.260097
-0.645100 -0.289568
-0.532903 -1.033429
-0.910119 -2.166354
-0.829082 -0.756272
-0.709057 -0.006837
-1.165328 -1.685985
-0.999822 -1.651750
-0.773775 -1.679563
-1.254966 -2.352136
-0.476825 -1.476336
-1.569394 -2.490962
-1.399695 -2.310195
-0.921212 -1.878418
-0.961279 -0.265314
-0.720282 -0.197334
-1.007914 -2.178346
-1.293779 -1.561221
-1.489740 -2.413897
-1.169567 -2.397473
-1.142632 -0.814790
-0.728037 -0.205444
-0.900904 -0.081539
-1.084616 -1.668921
-1.018768 -0.979577
-0.908241 -0.759589
-0.877979 -0.490512
-1.122198 -0.297654
-1.379093 -2.041910
-1.212145 -1.990531
-0.811364 -1.505353
-1.074548 -0.436197
-0.950146 -1.436274
-1.122314 -0.308757
-0.468519 -1.191261
-1.192227 -1.018790
-0.674792 -1.461068
-0.613826 -0.242082
-0.765083 -0.421871
-1.540226 -2.304289
-0.767201 -0.886137
-1.525055 -2.024694
-0.826107 -0.229014
-1.365730 -1.598874
-0.822390 -0.866238
-1.144408 -0.851652
-0.974650 -0.403415
-1.238701 -0.938239
-1.390553 -0.864355
-0.733260 -0.128548
-1.036127 -0.298190
-1.334250 -1.072564
-1.283531 -2.145510
-0.961251 -1.118341
-1.221690 -0.484760
-0.860715 -1.869302
-0.953018 -1.602834
-1.410584 -0.845205
-0.980375 -1.264021
-0.466260 -0.438386
-1.165683 -0.820859
-0.580772 -1.362948
-1.130540 -1.121555
-0.700621 -1.364062
-1.382452 -0.935685
-0.933843 -0.285064
-1.108070 -0.926303
-1.080994 -1.576539
-0.830822 -0.039348
-1.429756 -2.330319
-0.974669 -0.404363
-0.520857 -0.514829
-1.007640 0.106228
-1.069447 -1.672783
-0.925007 -1.628849
-1.188880 -0.315964
-0.405523 -0.502696
-1.188209 -1.596675
-0.989796 -1.712150
-1.087435 -2.088830
-0.788874 -1.858567
-0.510844 -0.907841
-1.102183 -2.191752
-0.925923 -0.122367
-1.076326 -1.787816
-1.121714 -0.873475
-1.221157 -1.502699
-0.379386 -0.885234
-1.127262 -0.585642
-1.216716 -1.275097
-1.224153 -1.273538
-1.520813 -1.599674
-0.584651 -1.026390
-0.926997 -0.615095
-0.757392 -1.313185
-1.093455 -1.143819
-0.478028 -0.810119
-0.655587 -0.704011
-1.604984 -1.905146
-1.347224 -1.090066
-1.315148 -0.734012
-0.528603 -0.808405
-1.472529 -2.250584
-0.658738 -0.812063
-1.228243 -2.109606
-1.507486 -1.370898
-1.076210 -1.296994
-1.502994 -1.513915
-0.622362 -0.990589
-0.478371 -1.378392
-1.443586 -1.396326
-0.775501 -1.329622
-0.514880 -1.111664
-1.257575 -2.254939
-0.615789 -0.492733
-1.568755 -1.535735
-1.480588 -2.199094
-1.039428 -1.715186
-0.726160 -1.294251
-0.726050 -1.390018
-1.012948 -2.543281
-0.798107 -0.105500
-0.808161 -0.568751
-0.877869 -0.475995
-1.215570 -2.709321
-1.572793 -2.449819
-0.943113 -1.378116
-1.349672 -1.765649
-1.055307 -0.451800
-1.289475 -2.334493
-1.217290 -0.593952
-0.563917 -0.604455
-0.851859 -0.682291
-0.927107 -0.136500
-1.188987 -2.205462
-0.835955 -1.595754
-1.268255 -2.044519
-1.154871 -2.310216
-0.770287 -0.837902
-1.612682 -1.937500
-0.884838 -1.402238
-0.882363 -0.186827
-0.988844 -2.140270
-1.108093 -0.383286
-0.743585 -0.917114
-0.706102 -1.232941
-1.157832 -1.685598
-1.160163 -0.790796
-1.391001 -2.138077
-1.164494 -1.144808
-0.630847 -1.023814
-1.013605 -0.277218
-1.344533 -1.411267
-1.320711 -2.081547
-1.502359 -1.091504
-0.392127 -0.904388
-0.544487 -0.722909
-1.094517 -1.202200
-1.143110 -0.269698
-0.953406 -1.949843
-0.737672 -1.025439
-0.992432 -1.135406
-0.509138 -0.465717
-0.652926 -1.047648
-1.277525 -1.528133
-0.860171 -1.060771
-0.442519 -0.976295
-0.471061 -0.569871
-1.135323 -1.620603
-1.364220 -1.616179
-1.176066 -1.119547
-1.381887 -1.617395
-1.218415 -2.442844
-0.690321 -1.100676
-0.782628 0.060649
-0.520460 -1.486008
-1.140102 -1.089993
-0.488535 -0.139724
-0.934736 -0.644927
-1.716122 -2.034800
-0.867049 -0.204578
-0.640228 -0.297385
-1.210296 -0.681174
-1.395759 -1.032565
-1.036423 -0.272398
-1.023251 -1.994196
-1.016566 -0.221889
-1.225160 -2.534924
-1.112221 -2.544589
-1.277055 -2.553394
-1.196269 -2.121421
-0.790319 -0.397450
-0.840460 -0.942510
-0.688132 -0.716779
-0.716070 -0.612973
-1.093373 -0.700609
-1.358166 -0.994236
-0.686032 -1.602524
-0.820402 -0.848544
-1.003565 -0.501060
-0.677072 -1.083346
-0.832476 -1.904555
-0.741515 -0.880425
-1.340282 -1.946933
-1.267346 -2.201927
-1.050961 -1.480222
-0.535640 -1.031134
-0.507226 -0.890045
-1.098089 -2.598683
-1.053236 -0.858074
-1.401508 -1.218126
-0.813152 -0.128162
-1.376260 -1.609663
-1.330866 -1.457631
-0.747088 -1.708483
-0.685259 -0.763843
-1.013734 -0.703994
-0.834454 -1.300153
-0.852433 -1.686767
-0.883931 -0.661594
-1.193650 -0.341845
-0.733847 -1.574861
-0.439798 -0.788279
-1.317752 -1.126967
-1.001896 -1.345478
-0.877205 -1.525373
-1.026725 -0.017283
-1.122369 -2.452927
-1.508115 -2.212891
-1.135830 -0.782318
-1.160149 -1.128272
-1.027061 -1.656096
-0.556281 -0.733466
-1.211251 -0.614764
-0.904358 -1.140057
-0.713391 -0.499847
-0.644410 -1.059347
-0.542628 -1.693315
-0.693372 -0.400675
-1.074455 -0.841258
-0.607670 -0.992335
-0.594760 -0.831097
-1.298458 -1.315204
-0.934554 -1.902843
-1.248577 -0.398055
-0.921788 -0.110516
-0.951418 -1.977992
-1.011214 -0.884329
-1.017900 -0.754060
-0.327173 -0.745202
-0.960229 -0.594060
-0.993235 -1.716900
-1.373639 -2.060835
-1.383412 -2.116661
-1.115007 -0.349911
-1.178312 -0.960936
-1.553909 -1.298449
-1.175028 -0.832858
-0.499304 -1.319962
-1.239272 -0.703978
-0.985255 -0.290055
-0.459516 -0.897501
-0.986153 -1.928989
-1.072341 -2.248673
-1.299214 -1.374267
-1.078705 -2.085838
-1.430972 -1.992692
-0.613190 -0.190745
-0.789460 -0.080015
-0.816610 -1.527019
-1.072344 -0.886673
-0.784045 -0.281886
-1.230516 -0.318369
-0.604914 -0.531720
-0.777232 -1.371856
-0.898826 -0.801456
-1.100786 -2.337604
-0.985477 -1.844285
-0.946677 -1.880345
-1.193691 -2.257909
-1.423301 -2.346291
-0.926854 -1.437915
-1.164375 -0.378129
-0.868330 -0.246254
-1.131359 -0.912187
-0.741391 -2.115125
-0.550023 -0.899161
-0.414994 -0.414145
-0.586694 -0.628807
-1.061743 -0.343341
-1.125764 -0.683437
-1.107910 -1.618613
-1.219000 -1.905760
-0.557416 -0.435340
-0.464683 -1.317098
-1.115180 -0.911342
-0.851079 -1.808819
-1.464372 -0.850908
-1.247042 -1.064197
-1.159407 -1.674233
-1.137423 -1.967580
-1.344914 -1.124268
-1.128010 -0.595067
-0.850980 -0.716969
-0.754598 -1.767407
-0.608698 -0.167160
-0.680250 -1.067186
-1.277004 -0.670002
-1.162930 -0.973964
-0.916880 -1.204538
-1.089758 -2.516108
-1.167366 -1.792789
-0.874910 -1.975538
-1.493453 -1.856009
-0.947449 -2.170443
-0.742121 -1.166345
-0.710072 -0.834058
-0.779862 -1.004653
-1.512301 -0.870758
-1.339601 -0.462582
-0.496404 -0.821670
-1.238104 -1.544285
-0.412754 -0.409581
-1.299835 -0.330995
-1.087665 -0.393542
-0.652802 -0.182038
-0.839659 -1.666700
-0.749659 -0.294939
-0.834319 -1.854949
-1.289268 -0.718402
-0.689535 -1.737965
-1.017379 -0.352547
-0.645253 -0.893233
-1.342857 -1.128810
-1.058667 -1.636095
-1.383068 -0.846198
-1.366158 -1.081289
-1.049243 -0.435501
-1.115359 -1.903391
-1.115000 -0.918767
-1.063153 -0.260438
-1.202651 -2.081787
-1.242376 -1.848427
-1.284879 -1.856235
-0.775561 -0.488659
-0.680423 -1.031132
-1.417256 -2.719816
-0.954584 -0.397741
-0.835969 -0.813326
-0.831242 -0.618210
-1.345091 -2.417531
-1.496590 -1.266505
-1.441280 -2.075382
-1.555640 -1.306124
-1.066230 -1.995525
-0.789918 -1.429803
-0.541591 -0.713422
-0.491599 -0.696707
-1.091322 -0.825734
-0.595137 -0.985816
-0.985204 -2.311367
-0.694651 -1.009152
-0.617937 -0.952320
-0.606906 -0.471725
-0.469471 -0.537482
-0.717786 -1.037891
-1.419489 -1.068732
-0.991553 -0.540322
-0.634852 -0.623768
-1.054281 -2.417281
-1.176405 -1.367243
-0.564947 -1.006507
-1.188078 -0.795116
-1.159241 -2.469196
-1.093836 -0.619659
-0.518912 -0.578636
-0.816076 -1.436610
-1.100255 -0.562627
-1.289044 -0.701202
-1.180884 -0.571550
-1.112943 -2.503290
-0.803383 -2.151703
-0.732613 -0.865870
-1.240291 -0.569433
-1.094852 -2.068776
-0.520119 -0.570837
-1.291431 -2.055927
-1.175818 -1.682843
-1.201957 -0.658635
-1.141045 -0.574434
-1.499876 -1.217075
-0.810549 -2.244402
-1.573496 -2.469606
-0.956752 -0.739535
-0.810040 -1.347932
-1.385331 -1.512519
-1.462581 -1.812898
-0.569052 -0.826338
-0.446810 -0.560252
-0.421638 -1.257984
-0.707736 -0.224617
-0.950084 -1.644311
-0.817647 -2.222374
-1.136181 -0.402540
-0.970433 -0.683428
-1.468930 -2.132957
-0.953323 -0.162451
-1.434923 -2.194537
-0.997036 -0.413290
-1.136525 -1.971171
-0.853872 -0.016763
-1.280224 -0.587350
-1.298006 -1.460506
-1.308237 -2.550843
-0.965518 -1.478774
-0.451421 -0.587325
-1.582796 -2.685144
-1.140308 -2.059352
-0.989302 -2.288817
-1.164920 -1.803075
-0.561189 -0.699258
-0.763516 -1.724445
-1.242832 -1.391272
-1.064223 -2.591184
-0.898694 -1.946594
-1.209507 -1.420881
-0.853522 -1.074528
-1.588104 -2.316356
-0.964950 -1.599541
-1.607067 -2.508182
-1.245001 -0.681782
-1.228650 -1.151236
-0.807008 -0.196604
-1.043234 -0.128607
-0.618914 -0.194503
-1.149217 -0.246743
-0.612567 -0.667654
-0.916032 -0.537767
-0.549069 -1.885806
-1.528023 -2.093036
-1.099278 -0.796435
-1.307130 -0.719559
-0.449817 -0.879565
-1.386686 -0.354482
-0.942971 -1.093035
-1.367084 -0.999181
-1.254611 -1.243064
-0.813707 -0.289532
-1.229584 -1.079745
-1.067511 -1.401458
-1.171686 -1.333618
-0.694128 -0.802915
-0.489632 -1.081135
-0.856300 -1.473041
-0.344940 -0.727663
-0.539207 -0.643070
-0.737234 -1.342316
-0.401021 -0.781485
-0.948556 -0.375752
-0.753797 -1.089454
-1.345248 -1.263117
-0.359971 -0.552818
-0.444828 -0.660376
-0.979763 -2.105293
-0.913468 -1.008416
-1.055834 -2.546563
-1.002876 -0.178204
-0.781487 -1.246562
-0.677870 -1.623330
-1.344247 -1.246836
-1.322949 -2.441915
-1.293974 -0.929869
-1.334509 -0.814315
-1.214595 -1.259247
-1.287709 -1.182352
-0.867754 -1.928762
-0.414887 -1.127722
-0.714785 -0.414364
-1.328725 -1.723909
-1.095414 -1.531290
-0.630452 -1.541076
-1.154764 -0.967736
-1.288796 -1.520978
-1.168995 -1.997679
-0.900238 -0.600483
-1.700764 -2.238894
-0.936107 -1.350497
-1.142445 -0.485358
-0.601337 -0.536214
-0.597595 -0.881279
-0.710874 -1.371042
-0.865844 -0.891844
-1.206739 -1.829939
-1.006945 -0.351008
-0.808212 -0.175534
-1.005447 -0.004786
-0.851021 -1.854648
-0.979172 -0.424862
-1.072813 -1.098750
-0.604997 -0.510358
-0.794218 -0.829528
-1.224530 -2.469131
-0.862952 -0.445619
-1.450503 -2.393662
-1.322976 -0.688429
-0.550738 -1.189204
-0.931096 -0.789188
-0.965355 -0.456022
-0.644952 -1.583748
-0.804273 -0.281206
-1.119861 -0.582018
-1.295030 -0.828649
-0.446394 -1.069846
-0.559385 -1.057191
-1.158576 -0.682073
-0.756882 -0.344924
-0.705127 -1.589793
-0.654564 -0.487815
-0.491623 -1.259708
-0.948071 -2.505733
-0.516816 -0.306422
-1.527696 -2.358816
-0.911330 -0.115287
-0.955772 -0.566073
-1.161167 -0.837532
-1.398806 -2.410791
-0.433685 -0.838263
-0.861046 -2.041295
-0.482487 -0.937573
-1.318983 -1.818083
-1.269885 -1.530363
-0.744015 -1.754095
-0.619521 -1.632336
-0.589811 -0.777507
-1.219259 -1.765344
-1.137087 -0.561885
-1.336299 -1.048542
-0.891838 -0.870166
-1.165849 -0.928459
-1.402489 -0.686864
-1.183890 -0.599391
-1.065093 -0.148233
-1.187919 -0.414745
-1.304395 -0.986291
-1.204357 -1.201490
-0.870055 -2.109154
-0.712033 -1.701427
-1.523029 -2.432935
-1.340570 -0.857453
-1.050444 -1.331876
-1.077744 -1.849711
-0.824103 -2.491994
-0.564482 -1.072402
-1.580203 -2.842271
-1.399054 -0.537637
-0.649199 -0.490810
-1.277879 -2.225496
-1.362127 -1.014409
-0.859931 -0.294032
-0.415606 -1.031611
-0.567408 -0.991141
-1.520199 -1.753879
-0.636109 -1.494790
-0.779115 -0.303629
-0.543374 -1.229033
-1.420161 -1.798337
-0.351543 -1.004233
-0.840949 -0.161909
-1.075047 -0.740715
-1.518370 -1.535924
-1.278678 -0.768686
-1.567142 -2.577519
-0.797310 -2.052086
-1.001546 -2.527869
-0.650187 -0.613191
-1.242054 -0.224317
-1.109210 -0.942834
-1.307275 -1.154493
-0.761534 -0.629169
-1.456050 -1.322800
-0.380347 -0.455821
-0.579010 -0.527322
-0.959706 -2.069264
-0.422563 -0.895823
-0.674461 -1.475177
-1.269928 -0.692352
-0.532754 -0.647938
-1.106537 -2.013974
-1.186655 -0.845447
-0.822006 -1.718337
-1.061026 -2.595100
-1.233134 -1.588994
-1.257146 -0.638814
-1.046800 -0.823567
-1.403366 -2.140855
-1.388529 -2.034596
-1.230698 -2.728462
-1.023648 -0.963510
-1.304089 -0.488300
-1.120922 -2.168147
-1.130076 -0.971098
-0.538165 -0.772297
-0.940593 -1.237648
-0.389028 -0.785463
-0.766787 -0.303230
-1.509992 -1.220296
-0.959663 -0.712567
-0.854409 -0.521208
-1.505382 -2.143254
-1.095347 -0.656008
-0.758575 -1.007827
-1.197510 -1.824018
-1.067528 -1.792862
-1.008254 -1.238053
-1.027271 -2.217443
-1.241381 -0.808525
-0.642607 -0.464856
-1.490700 -1.463007
-1.170834 -2.184692
-0.505141 -0.705001
-0.649166 -0.764537
-1.225653 -0.409888
-1.106998 -1.312557
-0.798567 -0.146513
-0.863279 -1.334534
-0.447436 -0.245970
-1.572027 -1.821746
-1.171502 -0.809269
-0.781611 -0.955210
-0.999047 -1.189500
-1.109202 -1.281959
-1.599199 -1.817103
-1.575065 -2.300863
-0.687712 -1.810092
-1.341362 -2.537469
-0.544917 -0.298486
-1.306205 -0.752469
-1.099623 -0.410967
-1.353284 -1.189487
-0.990460 -0.786283
-1.077164 -0.792547
-0.593135 -1.117483
-1.064367 -1.635550
-0.484053 -0.619694
-1.239945 -0.624271
-1.078992 -1.513828
-1.332402 -2.386796
-0.690457 -0.539758
-1.380726 -1.828422
-1.466270 -0.638812
-0.747017 -1.644941
-1.048808 -1.165853
-1.287064 -2.438777
-0.966149 -0.640033
-0.683291 -2.007082
-1.483722 -2.384166
-0.814823 -1.088740
-1.007041 -0.978139
-0.833831 -0.370340
-0.942166 -0.885328
-1.182389 -0.564789
-1.499218 -1.816465
-0.604666 -0.443537
-0.553020 -1.702095
-1.029774 -1.229933
-0.609686 -0.762678
-0.883929 -0.707931
-0.982637 -1.587406
-1.182603 -1.625752
-1.191055 -1.250678
-1.016078 -1.144200
-0.853751 -0.463317
-0.708703 -1.442484
-1.538196 -1.724406
-1.615344 -2.250361
-0.822492 -1.349838
-1.059425 -1.956604
-0.988523 -2.035713
-1.478062 -1.222871
-0.968205 -1.409503
-1.364531 -1.183957
-0.934699 -2.009517
-1.159165 -0.712054
-1.139635 -0.961354
-1.226433 -1.023105
-1.036628 -1.811573
-1.537545 -1.156807
-1.294374 -2.086076
-0.833923 -1.054674
-1.328021 -1.759393
-0.646550 -1.822929
-1.323889 -0.622981
-1.670558 -2.415461
-1.133264 -1.674900
-1.019286 -0.197067
-0.818807 -1.341446
-1.027902 -0.988040
-0.898421 -1.847141
-0.918605 -1.020629
-0.550984 -0.389780
-1.185364 -2.586933
-1.171557 -0.722022
-0.650856 -0.413756
-1.420844 -3.097368
-0.742072 -0.739415
-0.687941 -0.839840
-1.201953 -0.939419
-1.321996 -1.816914
-1.156007 -1.260704
-1.086076 -0.426407
-1.146794 -0.619353
-1.427687 -1.192500
-1.674328 -1.718418
-0.969211 -2.410282
-1.548422 -2.902934
-0.697031 -1.827018
-1.242057 -0.079976
-1.041434 -2.273499
-1.316868 -2.103717
-1.258558 -1.588065
-1.454154 -2.254844
-1.264032 -2.435772
-1.233932 -1.958912
-1.373003 -2.376441
-0.596022 -0.825443
-1.510736 -1.992004
-0.955658 -1.797800
-1.275516 -0.654608
-1.293152 -0.784279
-1.002520 -1.098223
-1.336563 -1.212908
-1.174106 -0.483862
-1.410930 -0.862972
-1.407964 -1.023441
-0.807466 -1.464099
-0.390048 -0.629250
-1.281237 -2.183322
-0.795451 -0.327078
-1.143000 -1.781328
-0.822618 -0.760265
-0.815998 -0.815794
-1.299793 -1.456193
-1.040537 -0.634134
-0.832306 -1.948767
-0.655923 -0.645520
-1.410640 -2.436457
-0.882466 -1.941639
-0.964648 -1.559085
-1.316241 -1.314686
-1.278728 -0.515246
-0.691112 -1.562972
-1.403509 -2.348909
-1.287155 -1.206271
-0.926854 -1.914019
-1.374119 -2.309362
-1.336040 -2.333112
-1.043759 -0.644590
-1.231903 -1.107610
-1.493227 -1.379903
-1.200715 -0.273033
-1.416171 -2.657134
-0.897862 -1.725472
-0.451467 -0.884192
-0.765971 -0.449159
-1.458056 -1.091168
-0.523640 -0.434189
-1.018760 -2.072315
-0.833977 -0.077500
-1.177216 -1.689122
-0.987236 -0.272840
-0.723296 -1.652427
-0.854820 -0.310414
-0.734129 -1.716239
-1.312110 -1.852371
-0.640828 -0.747621
-0.870099 -0.938694
-0.952311 -1.917353
-0.845220 -1.086393
-0.744886 -0.535806
-0.413802 -0.427373
-1.169894 -0.759175
-0.972178 -2.299681
-0.878129 -1.958164
-0.636025 -0.854726
-0.502156 -0.217112
-1.223457 -1.749757
-1.241603 -1.022253
-0.767764 -1.243885
-0.887165 -1.743651
-1.133092 -2.407906
-1.328524 -1.982082
-0.999758 -2.440490
-1.241774 -2.578525
-0.836442 -0.787066
-1.477756 -1.337850
-0.694620 -0.340870
-1.202863 -1.311352
-1.347171 -1.482589
-1.465810 -1.731075
-0.465253 -0.717656
-1.194430 -2.406017
-0.442972 -0.741795
-0.603598 -1.209034
-1.395006 -2.181781
-1.762658 -2.209259
-0.951536 -2.372990
-1.395133 -2.667766
-1.148107 -0.757380
-0.783105 -2.141398
-1.146106 -0.338748
-1.304757 -0.918731
-0.517092 -0.635280
-0.720810 -0.956194
-1.538254 -2.194047
-1.082006 -0.193905
-1.476551 -1.651481
-1.438896 -1.871089
-0.599665 -0.408546
-0.698070 -1.377238
-0.834581 -1.905326
-0.816718 -0.200002
-0.700732 -0.530260
-0.848259 -1.729343
-0.321387 -0.476597
-1.409523 -2.859980
-0.728681 -0.136948
-1.058954 -0.486298
-0.691633 -0.435726
-1.126708 -1.780615
-1.222305 -1.830842
-1.055090 -1.907493
-0.659887 -0.265349
-0.459092 -0.629718
-0.922710 -0.078263
-0.416211 -0.388181
-1.048103 -2.049709
-0.787769 -1.387637
-1.168555 -0.900805
-0.451513 -0.602620
-0.981547 -1.042763
-1.271926 -2.585725
-1.147854 -0.932676
-1.368974 -1.637785
-1.375968 -0.620078
-1.190359 -0.722694
-1.234467 -0.339674
-0.660732 -0.209452
-1.122393 -0.451306
-1.184600 -0.403782
-0.839465 -0.732385
-1.253729 -1.034173
-1.308406 -1.372032
-0.621931 -0.405665
-0.556319 -0.307767
-1.438776 -2.842040
-0.761878 -0.736912
-1.330379 -2.613252
-1.205054 -1.519656
-1.010281 -1.127798
-0.485891 -0.337314
-0.918908 -0.150196
-1.496629 -1.502641
-0.909823 -1.474289
-1.019434 -0.541198
-1.036601 -2.409772
-0.869473 -1.823313
-0.918840 -2.144235
-1.651034 -2.171075
-1.072762 -0.413713
-0.786680 -2.058500
-1.045257 -0.266616
-0.465077 -0.260613
-1.212957 -2.015040
-1.058464 -2.272655
-0.912539 -1.460419
-0.562871 -1.185126
-1.257958 -2.068577
-1.002189 -0.964024
-0.696481 -1.371235
-0.441274 -1.009122
-0.849072 -0.911602
-1.358270 -1.210127
-1.618582 -1.981075
-1.149190 -1.502509
-0.890530 -2.253745
-0.861341 -1.459696
-1.296755 -2.577332
-1.487539 -1.909282
-1.100027 -0.280142
-1.325504 -1.532186
-0.959073 -0.593809
-1.299273 -0.929870
-0.638588 -0.143197
-0.793991 -0.421350
-0.686112 -0.067285
-0.836131 -1.388330
-0.840589 -1.424770
-1.235564 -1.897971
-1.448118 -1.953817
-1.303245 -1.442441
-0.752347 -1.504646
-1.516441 -2.123836
-1.054841 -0.214975
-1.199939 -1.065933
-1.398291 -2.471776
-1.194790 -2.046528
-0.884152 -0.569903
-1.276744 -0.703576
-1.331912 -2.478919
-1.528475 -1.572258
-1.361113 -0.693674
-1.138949 -1.531308
-0.564746 -0.683485
-0.790124 -0.436004
-1.268851 -0.764343
-0.525063 -1.035249
-1.246182 -1.128867
-0.442571 -1.240728
-1.180189 -2.154834
-0.499213 -0.864793
-1.462332 -1.727100
-0.603465 -1.410441
-0.653896 -0.312681
-0.827200 -1.572310
-1.166060 -2.238670
-0.645630 -0.263535
-1.471795 -1.059367
-1.402308 -1.956245
-0.800587 -2.080657
-0.548500 -1.473748
-1.362371 -2.347275
-0.689444 -1.367701
-0.433782 -0.971104
-0.615140 -1.610020
-0.899408 -0.049073
-0.853400 -0.418770
-1.454979 -1.226529
-0.974350 -0.305166
-0.382640 -1.186682
-1.405077 -2.025783
-1.252810 -1.283248
-1.464584 -1.179195
-0.904566 -1.196016
-1.429768 -2.162341
-0.886025 -0.740152
-0.730731 -1.033958
-0.861205 -1.810602
-1.303573 -1.109517
-1.115036 -0.941840
-1.246016 -2.260412
-1.268128 -1.629864
-1.355312 -0.817265
-1.259388 -0.663283
-0.870619 -1.803418
-1.281907 -0.669051
-0.834402 -1.978005
-1.129127 -0.336737
-1.493794 -1.808662
-1.085304 -0.650504
-1.152531 -1.027380
-1.097825 -0.325560
-1.180916 -0.446678
-1.286024 -0.877526
-1.170532 -2.260906
-1.342939 -1.480150
-1.350473 -1.760434
-0.897403 -0.667810
-0.864278 -1.823637
-0.725418 -0.611863
-0.969419 -0.791124
-1.448658 -2.599101
-0.890036 -1.800699
-1.195017 -1.636618
-0.612738 -0.145210
-0.565061 -0.312688
-0.533952 -0.647280
-1.400722 -0.944667
-0.595267 -1.314116
-1.207108 -0.432560
-0.933016 -0.864743
-1.414152 -1.868864
-1.100956 -0.598452
-1.231768 -1.466857
-1.067766 -1.037355
-0.857862 -1.556250
-1.360563 -0.890280
-1.059064 -2.199976
-0.464303 -0.718640
-0.570015 -1.645380
-1.304132 -2.804796
-0.553401 -1.403841
-1.027618 -2.491661
-1.018855 -2.208464
-0.566413 -1.300746
-0.986536 -1.099110
-1.076591 -1.373983
-0.887350 -0.553358
-0.496847 -0.777549
-0.858398 -1.852188
-1.554365 -2.036866
-1.123633 -1.049722
-1.395165 -1.855231
-1.520588 -1.753297
-1.278803 -1.317030
-0.666225 -1.354918
-0.746725 -1.418835
-1.405743 -2.339178
-1.158759 -2.214966
-1.366333 -0.646850
-1.602649 -1.303729
-1.320258 -1.292670
-1.536942 -1.278201
-1.288430 -0.450613
-1.192339 -2.159197
-1.382635 -2.173557
-0.800667 -0.817702
-1.255081 -1.918556
-0.682124 -0.627098
-0.598111 -0.560848
-1.197130 -2.223033
-0.423649 -0.357600
-1.152640 -1.065181
-1.311475 -0.744812
-1.356467 -1.181876
-1.191884 -2.124933
-0.773780 -1.059150
-1.392287 -1.536566
-1.086196 -1.349007
-1.377416 -1.592867
-0.705300 -1.191824
-1.140993 -1.563523
-1.051891 -0.379656
-0.974705 -1.023391
-0.879482 -1.283646
-0.746676 -1.372924
-0.560310 -0.953019
-0.461699 -1.495152
-1.329813 -1.648265
-1.251679 -1.940512
-1.364995 -1.548969
-1.222651 -2.136493
-1.084057 -0.856879
-1.091038 -1.358406
-0.964936 -2.130063
-1.077268 -1.840243
-1.193449 -1.654484
-1.107346 -0.434043
-1.315452 -0.859570
-1.621719 -1.372124
-1.296177 -1.694670
-0.333941 -0.820728
-0.526900 -0.854861
-0.491574 -0.384449
-1.116362 -2.367412
-0.849885 -0.963822
-0.746688 -0.107727
-1.204746 -2.360667
-1.127508 -1.787066
-0.924996 -0.223258
-0.433285 -1.300957
-0.759199 -1.815168
-0.417353 -0.601194
-1.163765 -1.707242
-1.006040 -0.366954
-1.432086 -2.362868
-0.776861 -1.061298
-0.683700 -0.567103
-1.395970 -2.662202
-1.128070 -2.526180
-0.596622 -1.531604
-0.743178 -1.808287
-0.870374 -0.153657
-0.639982 -0.348904
-0.559680 -1.151964
-0.749108 -1.137395
-0.533427 -1.304463
-0.690766 -0.896525
-1.555705 -0.839948
-0.797778 -0.462982
-1.246371 -1.157697
-1.140343 -0.376821
-0.476026 -0.442583
-1.111250 -1.783277
-0.934487 -0.712983
-1.175596 -1.025424
-0.765279 -1.229261
-0.915218 -0.112887
-1.102304 -2.416605
-0.930151 -0.220502
-0.950927 -2.185267
-0.568681 -1.597604
-1.204987 -1.315453
-1.309431 -1.966629
-0.545650 -0.305565
-1.017345 -0.409190
-0.792153 -0.972300
-1.322652 -1.944551
-1.120458 -1.338940
-0.524318 -0.964563
-1.314162 -2.382224
-0.592508 -0.510008
-0.988480 -1.801820
-1.441789 -1.719180
-0.549462 -0.803611
-1.186478 -0.449381
-1.375538 -1.252259
-0.865870 -0.157395
-0.918402 -0.087371
-0.415288 -1.206285
-0.641594 -0.692052
-1.370575 -2.037715
-1.024752 -0.896784
-1.143420 -2.316213
-0.870748 -0.230545
-1.254618 -1.708097
-0.568388 -0.091044
-1.354206 -1.663633
-1.346729 -1.818011
-1.313213 -1.325758
-1.209065 -2.458523
-0.627206 -0.992536
-0.398758 -0.452515
-1.273355 -2.284713
-0.570306 -0.978306
-1.189873 -0.678150
-0.876854 -0.354849
-0.654959 -1.468727
-0.879053 -0.309267
-1.058057 -1.614797
-1.085592 -0.067589
-1.132486 -2.119823
-1.171780 -1.872430
-0.764441 -1.884367
-0.915955 -0.590224
-0.827011 -1.796319
-1.279855 -1.418806
-1.500121 -1.439431
-1.441004 -2.421376
-1.522056 -2.010553
-1.503200 -2.048378
-0.542339 -1.388041
-0.455920 -0.794379
-0.682307 -0.491506
-1.294703 -0.974651
-1.224234 -0.663389
-0.734236 -1.515256
-1.311570 -2.163083
-0.532089 -0.642268
-0.940928 -0.073206
-1.069987 -0.745646
-0.928105 -0.937043
-1.491052 -1.723171
-1.173614 -0.404460
-1.110983 -0.447361
-1.239536 -0.839870
-1.122203 -2.522087
-0.579758 -1.176619
-1.138568 -0.177637
-1.214276 -2.198994
-1.056439 -0.103878
-1.106124 -0.438368
-1.205783 -1.380776
-0.925957 -0.184529
-1.079884 -1.487775
-1.201944 -0.798681
-0.410555 -0.551669
-0.741449 -0.928207
-0.478338 -0.976545
-1.150876 -0.478835
-0.737175 -0.716025
-0.571191 -1.438308
-0.526433 -1.410029
-0.730197 -1.093011
-1.411754 -0.727342
-1.060545 -1.187296
-0.812767 -0.599305
-0.806991 -1.301028
-0.890748 -1.717397
-1.494538 -2.568604
-1.163202 -1.607077
-0.561322 -0.193843
-0.748590 -0.871989
-1.058638 -1.581853
-1.087258 -1.432746
-1.013593 -0.155760
-0.821797 -0.576967
-0.821573 -0.160760
-0.865280 -1.606226
-1.217963 -2.238327
-0.656362 -0.237883
-1.336425 -1.047705
-1.346916 -2.748719
-1.255537 -1.160226
-1.039821 -2.372167
-0.974708 -1.277582
-1.064777 -1.261875
-1.265001 -0.977604
-1.113556 -0.479273
-1.162881 -0.829058
-1.275604 -0.924796
-1.522966 -1.051806
-1.590317 -1.712566
-0.953142 -0.629058
-0.970996 -0.829265
-1.106959 -0.294432
-1.121013 -0.850046
-0.591146 -0.951557
-0.335725 -0.848999
-0.602345 -0.405823
-1.314654 -0.492249
-0.474872 -0.606836
-0.670784 -1.571166
-1.230954 -1.195939
-0.775767 -0.421613
-1.520864 -1.898926
-0.914323 -1.853676
-0.889876 -1.200859
-1.251057 -1.050548
-0.887991 -1.773426
-1.477860 -1.455191
-0.804167 -0.885727
-0.746042 -1.859708
-0.683518 -0.660950
-1.237768 -1.760233
-0.761404 -0.726516
-1.267208 -0.477102
-0.351404 -0.801709
-0.958968 -1.279244
-1.026136 -2.460775
-1.217028 -0.348332
-0.878662 -1.712811
-0.954201 -0.964074
-1.506798 -1.155152
-1.092607 -1.662411
-0.859202 -1.696159
-1.499955 -2.544553
-1.647047 -2.219978
-0.801160 -1.246659
-0.957794 -2.132277
-0.967392 -0.259035
-1.489196 -1.253470
-1.106268 -1.922680
-0.841674 -1.968023
-0.720176 -0.210972
-1.016130 -2.489285
-1.134548 -1.187545
-1.127929 -2.363005
-1.091269 -0.575133
-0.952402 -1.928432
-0.793974 -1.427568
-1.501236 -1.752427
-1.335204 -2.353642
-1.239446 -0.882949
-1.112692 -2.402830
-1.208183 -2.750986
-1.043408 -0.951070
-1.027323 -0.571894
-0.730179 -1.844130
-1.386840 -0.986289
-1.497852 -1.899369
-0.577610 -1.076409
-1.409110 -1.549514
-0.472329 -1.404981
-1.046785 -0.780880
-1.278394 -2.340181
-1.598245 -1.144925
-0.393246 -1.041546
-1.356308 -1.803415
-1.086259 -1.854536
-1.146703 -1.193221
-0.799778 -0.622386
-1.300958 -2.373012
-0.475613 -1.247545
-0.750898 -1.160674
-1.175313 -0.422082
-0.366649 -0.833708
-0.749028 -1.154260
-0.775142 -1.909407
-0.427258 -0.705013
-0.664158 -1.282768
-1.293903 -1.506466
-0.440591 -0.790564
-0.690632 -1.869508
-1.339891 -0.981126
-1.165693 -1.052665
-1.223571 -0.397867
-0.836880 -1.747824
-0.984670 -1.988909
-1.210489 -2.311995
-1.436474 -1.474653
-1.244630 -0.901683
-1.138206 -0.668795
-1.035121 -0.728474
-1.124424 -2.427031
-1.083162 -2.348050
-1.217648 -0.413129
-0.413996 -0.847120
-1.032413 -0.213686
-1.446849 -1.025290
-1.298036 -0.916733
-0.915581 -1.038759
-1.283339 -0.653552
-1.315822 -1.330566
-1.256424 -2.274904
-1.254788 -1.230171
-0.877979 -0.849714
-1.217622 -2.215472
-1.114801 -0.512099
-1.073534 -0.325595
-1.379033 -0.808181
-1.251902 -0.697136
-0.870480 -1.860988
-1.126915 -0.569022
-0.751670 -0.883951
-1.069056 -0.354157
-1.516144 -1.071061
-1.201196 -1.255992
-0.970743 -1.279300
-1.468593 -1.444959
-0.692342 -1.902322
-1.311571 -0.448732
-1.104373 -1.529112
-0.948683 -0.617888
-0.726098 -1.210127
-1.084256 -1.020357
-1.350293 -1.190004
-1.056843 -2.204513
-1.379660 -1.623134
-0.926738 -0.698500
-0.764398 -0.766949
-1.442259 -0.909653
-1.236683 -0.694727
-0.909504 -1.140284
-0.978263 -0.106983
-1.531086 -2.316893
-1.420721 -1.830611
-0.942314 -1.839643
-1.466552 -1.031033
-0.614189 -1.685736
-1.177712 -1.732561
-0.705629 -1.183429
-1.148381 -0.392305
-1.350913 -1.425294
-1.180191 -1.976045
-1.416887 -2.537759
-1.226075 -1.442387
-0.946976 -0.301285
-1.288118 -0.665333
-0.843565 -0.416655
-0.478163 -0.940856
-0.984928 -0.072807
-0.598065 -1.501045
-1.075343 -1.878581
-0.899373 -0.462081
-1.359061 -1.523390
-1.139704 -0.336793
-0.539340 -1.739727
-0.725893 -1.720560
-0.793779 -1.230736
-1.306563 -2.651348
-0.667541 -0.301878
-1.485057 -1.950043
-0.550632 -0.641161
-1.320990 -0.890242
-0.932891 -2.111816
-1.085189 -1.047701
-1.203993 -2.272746
-0.859372 -0.169147
-0.662951 -0.933612
-1.477380 -1.564531
-0.959456 -1.536168
-0.368087 -0.656937
-1.470876 -2.420069
-1.202822 -1.538972
-1.033401 -1.221678
-0.572177 -1.009599
-0.718147 -1.653578
-1.137018 -0.379803
-0.860814 -0.426241
-0.966342 0.129217
-0.983700 -1.394598
-0.973982 -0.268326
-1.383086 -0.689448
-0.808483 -0.193564
-0.979288 -1.542138
-1.499572 -1.943448
-1.008888 -2.598883
-1.325819 -0.280358
-0.629005 -1.573105
-1.021574 -1.975254
-0.723356 -0.799012
-1.075009 -2.522733
-1.474175 -1.812753
-1.141941 -1.998392
-0.599063 -0.669523
-0.917740 -0.536226
-0.477182 -1.147892
-1.241237 -2.098521
-0.940282 -2.067348
-0.564595 -0.879383
-0.890883 -1.130359
-1.068770 -2.045699
-0.670077 -1.978727
-1.276104 -1.834315
-0.660340 -0.718142
-1.146613 -0.781236
-1.248435 -2.021830
-0.954570 -1.574524
-1.208759 -1.735009
-0.746084 -0.360935
-0.768919 -1.947831
-1.011793 -2.491032
-1.067543 -0.137454
-0.902714 -1.095397
-0.721622 -1.767341
-0.764244 -1.493445
-1.220255 -1.819592
-1.540532 -1.627366
-1.200145 -0.369700
-1.448761 -1.023228
-1.080535 -2.012294
-1.374207 -1.549554
-0.552189 -1.690966
-1.405991 -2.387816
-0.935797 0.041455
-1.347957 -0.879499
-0.859784 -1.129676
-0.569515 -0.664201
-1.557400 -1.677474
-0.581774 -0.620689
-1.311614 -1.141925
-0.681010 -1.471617
-1.106109 -1.212646
-1.393924 -2.447840
-1.208255 -2.062819
-1.111841 -2.064700
-0.726481 -0.673148
-0.937781 -1.627972
-1.320841 -0.985295
-1.264528 -2.124828
-1.467826 -0.532489
-1.211379 -0.189306
-1.139303 -1.628429
-0.983380 -1.306036
-1.177570 -1.688596
-0.633112 -0.841219
-0.709055 -1.637409
-0.815036 -0.354566
-0.937891 -0.305053
-1.415918 -2.557793
-0.565269 -0.283087
-0.969856 0.015156
-0.848161 -1.263216
-1.294065 -1.988767
-0.712310 -1.783262
-0.644384 -1.247099
-1.024584 -0.871410
-1.017088 -0.509353
-0.983863 -0.068463
-1.570247 -2.329824
-1.116038 -1.308012
-1.390346 -0.917319
-1.377379 -1.522230
-0.600349 -0.546891
-0.986250 -1.731425
-0.631288 -1.362128
-0.509498 -0.896610
-1.268416 -1.180771
-1.171951 -0.799093
-1.234292 -0.889748
-1.148140 -1.694690
-1.423432 -1.428817
-1.522251 -2.412722
-1.112043 -1.791735
-1.451446 -1.195109
-0.482181 -1.288695
-1.262433 -0.637521
-1.106021 -0.717088
-0.887164 -1.734972
-1.113696 -0.655082
-0.788567 -1.618167
-0.921699 -0.886344
-0.577705 -0.411032
-0.987876 -0.253417
-0.916576 -1.199076
-0.981269 -2.170795
-1.092477 -0.521660
-1.177489 -0.875051
-0.997139 -0.026892
-0.524889 -0.487298
-1.041103 -1.474102
-1.443258 -1.298900
-1.285308 -0.397655
-1.067378 -0.700006
-0.765964 -1.041859
-0.649256 -1.768954
-0.874934 -0.667360
-1.392875 -1.196421
-1.335736 -1.660014
-0.387230 -0.327636
-0.811852 -0.867714
-0.431050 -1.268217
-1.630781 -2.250382
-1.197068 -0.158839
-0.843844 -0.461516
-0.786277 -0.297247
-0.951295 -2.654377
-0.929481 -2.090963
-0.940857 -0.046313
-1.332663 -2.223711
-0.787578 -1.228026
-0.572100 -1.314673
-1.334007 -1.811095
-0.989327 -1.049384
-1.250621 -1.745603
-0.824155 -2.037933
-0.463304 -0.878345
-1.171040 -2.238821
-1.201249 -2.509122
-1.367412 -2.474891
-1.265195 -1.921039
-0.589843 -0.683714
-1.106437 -1.823186
-1.133595 -0.170902
-0.898084 -1.627325
-1.349485 -2.053905
-0.908557 -1.923532
-0.786646 -1.068957
-0.664880 -1.854584
-1.351611 -1.675777
-1.263039 -2.009281
-0.575213 -0.631361
-0.487255 -0.687179
-1.045784 -2.490704
-0.612845 -0.901141
-1.065008 -0.473688
-0.404062 -0.906344
-0.733628 -1.221921
-1.307338 -2.004765
-1.070360 -2.132847
-1.095865 -1.849269
-1.349700 -1.631122
-1.456653 -1.864393
-1.423962 -1.214229
-0.401109 -0.366552
-0.950205 -1.585305
-1.168809 -0.362688
-0.470416 -0.872117
-0.590425 -0.668918
-1.341640 -1.591288
-1.195756 -1.752792
-0.494670 -1.563083
-0.752612 -1.275422
-1.154340 -2.035129
-0.594125 -0.379927
-1.550941 -1.983195
-0.983796 -1.970197
-0.507803 -0.311989
-0.516984 -1.168658
-0.556364 -0.158307
-0.586680 -1.644345
-1.289279 -1.029569
-0.901872 -1.421265
-1.340736 -1.758388
-1.476547 -1.923778
-1.070011 -1.484077
-1.312078 -0.506922
-0.627195 -1.179488
-1.168859 -0.401961
-1.362524 -1.984871
-1.580557 -1.758901
-0.929371 -2.231098
-0.776484 -1.658369
-0.964322 -1.701350
-1.775795 -1.416711
-1.297231 -0.573362
-0.830167 -1.433282
-1.118726 -0.765927
-0.978390 -1.393151
-0.757899 -1.337277
-1.529962 -2.289538
-1.380672 -2.737678
-1.013652 -1.616331
-1.122230 -1.721586
-1.536023 -2.555461
-1.256176 -1.854531
-1.465241 -1.291840
-1.515510 -1.692184
-1.013263 -0.484296
-1.050685 -2.027940
-0.822717 -0.461522
-0.806177 -1.697814
-0.975931 -2.392711
-0.816701 -2.125233
-0.974546 -1.830506
-0.678373 -1.028929
-1.537648 -2.367081
-1.339303 -1.919439
-1.161372 -1.820086
-1.453374 -1.700809
-0.763471 -1.374531
-0.931404 -0.424627
-0.834748 -1.968372
-1.289866 -2.724914
-1.359619 -1.656725
-0.908607 -1.784261
-1.154231 -0.714549
-1.370664 -1.368457
-0.589100 -0.703713
-0.468497 -0.827906
-0.695830 -0.246877
-1.040715 -2.099577
-1.010397 -1.616723
-0.778083 -0.464060
-1.036211 -1.367007
-0.778564 -1.196601
-1.385322 -1.244634
-0.632102 -0.270020
-0.833150 -0.439680
-0.748224 -1.460345
-1.237909 -1.465998
-0.735387 -0.355029
-0.880619 -0.095105
-0.546382 -0.734189
-0.906798 -1.251686
-0.980710 -1.932785
-1.203582 -0.466600
-1.163363 -1.982738
-0.445217 -0.475028
-1.227452 -1.083390
-1.105738 -2.411810
-1.028498 -2.314835
-0.689316 -0.460068
-0.448467 -0.902294
-0.918906 -0.242170
-1.262930 -0.610846
-1.528704 -2.028046
-1.151489 -1.943251
-1.247995 -2.384001
-1.171045 -2.401575
-0.731345 -0.404671
-0.792281 -0.713609
-0.543787 -1.769498
-0.748546 -1.270665
-1.232023 -1.506099
-1.442400 -2.491118
-1.025105 -1.540100
-1.375920 -1.627278
-0.842921 -2.352759
-1.291137 -1.219997
-1.402818 -2.181286
-0.675943 -0.520686
-1.147591 -0.193484
-0.678922 -0.574749
-0.842759 -1.743161
-0.805918 -1.039368
-1.630720 -2.224140
-0.933884 -1.832703
-0.343489 -0.331731
-1.460502 -1.811576
-1.507862 -2.786185
-1.017940 -2.070745
-1.317139 -1.395044
-0.741723 -0.267310
-0.718827 -1.230791
-1.255712 -1.829112
-1.296052 -2.458367
-0.681289 -0.331045
-1.592089 -1.753985
-0.599828 -0.139845
-1.466880 -1.393257
-1.036254 -0.109054
-1.257186 -1.430425
-0.616176 -1.125483
-1.035753 -2.654791
-0.733874 -1.370569
-0.681641 -1.763863
-0.817016 -0.664760
-1.356016 -1.697388
-0.588147 -0.321949
-1.445008 -1.043224
-0.846129 -0.205184
-0.727889 -0.398123
-1.198865 -1.104295
-0.321738 -0.906801
-0.827462 -0.176998
-1.045259 -1.469878
-0.580651 -0.795559
-1.383163 -2.475639
-1.044259 -0.109863
-1.173470 -0.347177
-1.081048 -2.235715
-0.850294 -0.810124
-1.488896 -2.245735
-1.222749 -1.348568
-1.312645 -3.020985
-1.014572 -2.490888
-1.006272 -2.178678
-0.845967 -0.696257
-0.851034 -0.286120
-0.462861 -0.375031
-1.420857 -0.984684
-0.426701 -0.312116
-1.226303 -0.492017
-0.877754 -0.577929
-1.092499 -2.365154
-1.134207 -1.371559
-1.601532 -1.390038
-1.039351 -1.288349
-1.204339 -1.442393
-1.218227 -1.168185
-0.919388 -1.362875
-1.399405 -0.620527
-0.508388 -0.691768
-0.633585 -1.840843
-0.544236 -1.504772
-1.505320 -2.022780
-1.074075 -1.893175
-0.751233 -1.226498
-1.219884 -2.011174
-1.079723 -0.714644
-0.847433 -0.984114
-1.395068 -0.531952
-0.795585 -0.080722
-0.795724 -2.040895
-0.502050 -0.985482
-0.910765 -1.317442
-1.141700 -0.297150
-0.934357 -1.729645
-0.678498 -1.052533
-0.675316 -0.816638
-1.511025 -2.274047
-0.751339 -1.671660
-0.549818 -0.328323
-1.103952 -2.167221
-1.506037 -1.616521
-1.031135 -0.165218
-0.690597 -1.114658
-1.158444 -1.901316
-1.283379 -2.327269
-1.467309 -2.021215
-1.433590 -1.672204
-1.065416 -0.391370
-0.606634 -1.352685
-1.372005 -1.802417
-1.525067 -2.511851
-0.677790 -1.514076
-0.969650 -1.030096
-1.537881 -1.872223
-0.935707 -1.655594
-1.589583 -1.797432
-0.530065 -1.030430
-1.329214 -1.333095
-0.875910 -2.039660
-1.286239 -1.300138
-0.969278 -0.221480
-1.280809 -1.183225
-0.891601 -1.262010
-0.679186 -0.356692
-1.020684 -2.301382
-1.068960 -0.810664
-0.538240 -1.166979
-0.924440 -0.584127
-1.019068 -0.171381
-0.810722 -2.084823
-0.822679 -1.618037
-1.080206 -1.611603
-1.386407 -0.808742
-1.183954 -1.402064
-1.185942 -0.262426
-1.153001 -0.771044
-1.093150 -0.398000
-1.117481 -0.667910
-0.641558 -0.651545
-0.799020 -0.963007
-1.233064 -1.671303
-0.544224 -0.721185
-1.075300 -0.378819
-1.376455 -0.641781
-0.650668 -0.628327
-0.831669 -1.090205
-1.376926 -0.449692
-1.193886 -2.278255
-0.621419 -0.162976
-1.144133 -0.637606
-0.665255 -1.480321
-1.191471 -1.260079
-1.631959 -1.800927
-0.490758 -0.311532
-0.937703 -0.246571
-0.686234 -0.773086
-1.553240 -2.469419
-1.225871 -2.430314
-0.954376 -1.187626
-1.431159 -2.026638
-0.963689 -1.345543
-0.885608 -0.158916
-0.667879 -0.405342
-0.521489 -0.308253
-0.840955 -1.217512
-0.762480 -1.369528
-0.778021 -1.749086
-1.118429 -2.226678
-1.168463 -0.886081
-0.910592 -2.134560
-1.509368 -2.084886
-1.344617 -1.773836
-1.177444 -0.681203
-0.869680 -1.540374
-0.912602 -0.285295
-1.221393 -2.579865
-0.831881 -1.504508
-0.912418 -0.150829
-1.018740 -1.160074
-0.724044 -0.578776
-1.385450 -1.742077
-1.213631 -0.665673
-1.026149 -0.074643
-1.271580 -2.438316
-1.269832 -0.284121
-1.070137 -1.422947
-1.120168 -1.437729
-0.695114 -0.679843
-0.746884 -0.499852
-0.925036 -0.388489
-1.006164 -1.967794
-1.276726 -1.813539
-1.343592 -1.126585
-1.165859 -0.849562
-0.520679 -0.738573
-1.280258 -1.650839
-1.479863 -2.443603
-1.136907 -1.727866
-1.273038 -0.748236
-1.195716 -0.577200
-1.318237 -1.461550
-0.811744 -1.795922
-0.900070 -0.471109
-1.293015 -1.302837
-1.435704 -2.535128
-1.547874 -2.169256
-0.903621 -1.240295
-1.434216 -2.052800
-1.219566 -2.066269
-1.046203 -0.368418
-0.575558 -0.228233
-1.156147 -2.305399
-0.794731 -0.491495
-1.144208 -0.200643
-0.500265 -1.184801
-0.378853 -0.723100
-0.831295 -1.109400
-1.352878 -1.598208
-0.832086 -0.959542
-1.135947 -0.351857
-0.635092 -0.367787
-1.068588 -1.131712
-0.988043 -2.108866
-1.146431 -1.088808
-0.542282 -1.545688
-1.207390 -2.497225
-1.043310 -0.865794
-0.976287 -2.069428
-0.833885 -1.519284
-0.615599 -1.700407
-1.501243 -1.315648
-0.907334 -1.502168
-1.131538 -1.693962
-1.600669 -1.896489
-0.701606 -1.614014
-1.526114 -1.437419
-0.903273 -0.067476
-1.527595 -1.109683
-1.055547 -0.636286
-1.121476 -0.617831
-0.546172 -1.096578
-0.665007 -0.212929
-1.443587 -0.447470
-1.305646 -0.590934
-0.747437 -0.237614
-1.459561 -1.397304
-0.758947 -1.029216
-1.331530 -1.295430
-1.506406 -2.462952
-0.582064 -0.611554
-0.451121 -0.902470
-1.232906 -0.745549
-0.604154 -0.835819
-0.755158 -1.599879
-1.540448 -2.452418
-1.015774 -1.452525
-0.615445 -1.012095
-1.252603 -2.266401
-0.720384 -0.109160
-0.945157 -0.590604
-0.394664 -0.712123
-1.237802 -0.877908
-1.210641 -0.649679
-1.404243 -1.759627
-1.268620 -2.662873
-0.878915 -0.978870
-0.966092 -1.003867
-1.038004 -0.253634
-0.827231 -1.714410
-1.371103 -0.745229
-0.859203 -0.204751
-1.135739 -0.549986
-0.548718 -0.772148
-1.374765 -1.290927
-1.087819 -2.380286
-1.535392 -1.351886
-1.249371 -0.990559
-1.258568 -1.791607
-0.593735 -0.833127
-0.444420 -1.133513
-0.773625 -0.142241
-0.835314 -2.026273
-0.867856 -0.262013
-0.940878 -1.350476
-1.108243 -0.606859
-0.701297 -0.875345
-0.529037 -0.113224
-0.817680 -1.491011
-0.407597 -0.931032
-0.959715 -0.762786
-1.027454 -0.754897
-1.378369 -0.681858
-0.467999 -0.654718
-0.513804 -1.112235
-0.556588 -1.216799
-1.382727 -1.684983
-0.907258 -1.112522
-1.245145 -2.105195
-0.376060 -0.439004
-1.023133 -0.727587
-0.504731 -0.326997
-1.216673 -0.545862
-1.228948 -1.377033
-0.788427 -1.468528
-1.099587 -2.128442
-0.718619 -0.384684
-0.853911 -1.650060
-0.473856 -1.484065
-1.085326 -1.252228
-1.425703 -1.362728
-1.046036 -1.699438
-0.874127 -1.514143
-0.887663 -1.797502
-1.088192 -0.249480
-0.296170 -0.754664
-0.812516 -0.613408
-1.018312 -0.348192
-1.202800 -0.495033
-1.325456 -2.292596
-0.646263 -0.441805
-0.944724 -0.420626
-0.480364 -0.868263
-1.099042 -1.703055
-0.984376 -2.147810
-0.924826 -1.302796
-1.097347 -0.499595
-1.166087 -0.530333
-1.256546 -1.265085
-1.042073 -0.025585
-0.544960 -0.530007
-1.114695 -0.558727
-0.507344 -1.502810
-0.950240 -1.034199
-1.413940 -1.434048
-0.522429 -1.430446
-1.255692 -1.514057
-0.502597 -0.679148
-1.032353 -0.222167
-0.467343 -1.137142
-1.053994 -1.782178
-1.320876 -1.967379
-0.842361 -0.264729
-1.569904 -1.304377
-1.056640 -1.921418
-0.615950 -0.597343
-1.462060 -1.255286
-0.673015 -0.925142
-1.291600 -0.736824
-1.157723 -1.800146
-1.256659 -2.617466
-0.724754 -1.660596
-1.462752 -1.640448
-1.342425 -0.999816
-1.422235 -2.377089
-0.682206 -1.188882
-1.252664 -0.931482
-0.985862 -1.481924
-0.887126 -2.203827
-1.010019 -1.083637
-1.094291 -0.534250
-1.253355 -2.385400
-0.602224 -1.936297
-0.707185 -0.954576
-1.513375 -2.300727
-0.829718 -1.478861
-1.086510 -1.134795
-1.282089 -0.835431
-0.436017 -0.772064
-0.818817 -1.001601
-0.810386 -1.994841
-1.013156 -0.196758
-1.165398 -0.606100
-1.499531 -2.110508
-0.806299 -0.415131
-0.541786 -0.879636
-1.503020 -1.328014
-0.995508 -0.650866
-0.946361 -1.785683
-1.130865 -1.860175
-1.100975 -1.289001
-1.195686 -1.567062
-0.679310 -1.084924
-1.416846 -1.758357
-1.435562 -1.087033
-1.453013 -2.101560
-0.690195 -0.344003
-1.267188 -1.919728
-1.059721 -0.224673
-1.221532 -2.237173
-1.253751 -2.546545
-0.951617 -1.917250
-1.428583 -1.334050
-0.633070 -1.522067
-1.051439 -1.119045
-0.723063 -1.484715
-1.499747 -1.028427
-1.226526 -2.244578
-0.440306 -1.014506
-0.633277 -1.203325
-0.770973 -0.596197
-0.770442 -1.770089
-1.517307 -2.101830
-1.552816 -2.045941
-1.552398 -2.329734
-0.626316 -1.739469
-1.344792 -1.071751
-1.106716 -2.404915
-1.014657 -2.551815
-0.821017 -0.403734
-0.523660 -0.867325
-1.588362 -1.932218
-0.454507 -0.479369
-0.804133 -0.463277
-0.938047 -1.644270
-0.722536 -0.958533
-0.952351 -0.108246
-0.501259 -1.514132
-0.913138 -0.693643
-1.050028 -0.501867
-0.626959 -0.341449
-1.595281 -2.110852
-1.531958 -1.944250
-1.197018 -1.493753
-0.433297 -0.946472
-0.762838 -0.867436
-1.206804 -2.577827
-1.265181 -0.400104
-0.315296 -0.533508
-0.960208 -1.799744
-1.231565 -1.753629
-0.640374 -0.639501
-0.923878 -2.240238
-0.940519 -1.560504
-1.070518 -1.974678
-1.356672 -0.956559
-0.364903 -0.935215
-1.214674 -0.806193
-1.319179 -0.754258
-0.799930 -1.867272
-0.741116 -0.126735
-1.303488 -2.371181
-1.180286 -2.291507
-0.425298 -0.979009
-0.885103 -2.014654
-0.671620 -0.581718
-0.956803 -0.332313
-1.434248 -1.142708
-0.749315 -0.312188
-1.107879 -0.923826
-1.122106 -2.314551
-0.608359 -0.272290
-0.498965 -0.514016
-0.900702 -0.789644
-1.545937 -2.567929
-1.331001 -1.553625
-0.754582 -1.313052
-0.901326 -0.211843
-1.280176 -1.790045
-0.408563 -0.686659
-1.023625 -0.439371
-0.601048 -1.537225
-1.077351 -0.843314
-1.254125 -1.117291
-1.537485 -1.919826
-1.181999 -0.241093
-1.160352 -0.500477
-0.532756 -0.378449
-0.916417 -0.205127
-1.123982 -1.498293
-0.700264 -1.749933
-0.605567 -1.341582
-1.274984 -0.734598
-0.688935 -0.223106
-1.012027 -1.014987
-1.381447 -0.958861
-0.784121 -0.797793
-1.282712 -0.677849
-1.126816 -1.532989
-1.240088 -2.197372
-0.646979 -1.759930
-0.641712 -0.300374
-0.563656 -0.199268
-0.534486 -0.734623
-0.747634 -1.056841
-1.346732 -2.476152
-1.212888 -0.783800
-1.270380 -1.888613
-0.726554 -0.633187
-1.406392 -1.556585
-0.680698 -1.750849
-0.729045 -0.236721
-0.716493 -1.210470
-0.803392 -0.236138
-1.479617 -1.556060
-0.735696 -1.784981
-1.371481 -1.454152
-0.628812 -0.741056
-0.900501 -1.453451
-0.643639 -0.559839
-0.530610 -1.407501
-1.316714 -0.749012
-1.043215 -1.961757
-1.287476 -1.943858
-1.400261 -1.273656
-1.235431 -2.608451
-1.592229 -2.376960
-1.084711 -0.987672
-0.773508 -0.409958
-1.302847 -1.135485
-0.865289 -1.892034
-0.844646 -0.264758
-1.530511 -1.901589
-0.372675 -0.754452
-1.201475 -1.756789
-0.763645 -0.282129
-1.461664 -1.550389
-1.142583 -2.119030
-1.241435 -2.507553
-0.946213 -1.724671
-1.125275 -1.751991
-0.999102 -1.077648
-0.828692 -0.746734
-0.768442 -0.962525
-1.369813 -1.107685
-1.130960 -0.450982
-1.146659 -1.959765
-1.237642 -0.163887
-1.600270 -2.356922
-0.904637 -1.591470
-1.325244 -0.705108
-0.968446 -0.671548
-0.545504 -0.724361
-0.737216 -0.571817
-0.578895 -1.438670
-1.317428 -1.172960
-1.384038 -2.850560
-0.700987 -0.638993
-1.055825 -0.349048
-0.885889 -2.341677
-0.690458 -1.901397
-1.081033 -0.866723
-0.926671 -1.265956
-0.541204 -0.413819
-0.403319 -0.475273
-0.971056 -1.543575
-0.938940 -0.511853
-1.130703 -1.521479
-1.013635 -1.588159
-0.900056 -1.258884
-0.721484 -2.010879
-0.984689 -0.099784
-1.140484 -0.427922
-1.288793 -0.689177
-1.454389 -2.296477
-0.459115 -0.962751
-1.109291 -2.523844
-0.929468 -0.341272
-0.764593 -0.389294
-0.934677 -1.986556
-1.255108 -1.854008
-0.709841 -0.577184
-1.026723 -0.376914
-1.253518 -0.785578
-1.137663 -0.673860
-0.619455 -1.425583
-1.256430 -2.071422
-1.162384 -1.973629
-0.755004 -2.130760
-1.222105 -1.057854
-0.495818 -0.586579
-1.056609 -0.963431
-1.254845 -0.910359
-1.106354 -0.206028
-0.670057 -1.636491
-0.898226 -0.222827
-1.247817 -2.093120
-1.035627 -1.289217
-1.089682 -0.873280
-1.531627 -1.933628
-0.547014 -1.577191
-0.581464 -0.977995
-1.104099 -0.714058
-0.807454 -1.079552
-1.319929 -0.483504
-0.622193 -1.099020
-1.094812 -2.173983
-1.202842 -2.444614
-0.750430 -1.262989
-0.701667 -1.097944
-0.566837 -0.333238
-0.600438 -0.447668
-0.830838 -0.322012
-1.507543 -1.279968
-0.568776 -1.196751
-1.394747 -1.073978
-0.777380 -0.210801
-0.908889 -1.169293
-0.612991 -0.626350
-0.753515 -0.288305
-0.706539 -1.842567
-1.185578 -2.417164
-1.561023 -2.564031
-1.219924 -1.851733
-0.709690 -0.225738
-1.321391 -2.714140
-0.753014 -0.234413
-1.006799 -0.413085
-0.974338 -0.772999
-1.261898 -0.483845
-1.126374 -0.242540
-0.648102 -1.066488
-0.780735 -0.443134
-0.557803 -0.321920
-0.592652 -0.265160
-0.957223 -0.592003
-0.924545 -0.538548
-1.111007 -1.555331
-1.383172 -0.944701
-0.775027 -1.275635
-0.702599 -1.801313
-0.876076 -1.616174
-0.526999 -1.247702
-0.925163 -0.601027
-1.244077 -0.522758
-0.833262 -0.438541
-1.077738 -0.484267
-0.524567 -0.117371
-0.889011 -1.138627
-1.077775 -1.604103
-0.476265 -0.433912
-0.988446 -1.730110
-0.710789 -0.655077
-0.941046 -0.969237
-0.862631 -1.128867
-1.012895 -0.439641
-1.003610 -1.329418
-1.020927 -0.229746
-0.925032 -0.973566
-0.619326 -1.941328
-0.984839 -0.331595
-0.721444 -0.682802
-0.720271 -1.791285
-0.848084 -1.162199
-0.941915 -0.179574
-0.528643 -1.090451
-0.566395 -1.405407
-0.775748 -1.702250
-1.610148 -1.517541
-1.301553 -2.305276
-1.019962 -2.430956
-0.997724 -0.367693
-1.114589 -1.130403
-0.876788 -1.964445
-1.560113 -1.327850
-0.974210 -1.303710
-0.496969 -0.440124
-1.182044 -0.777464
-0.802985 -1.108160
-1.579918 -1.817628
-0.942060 -2.104557
-0.671276 -0.800625
-1.400799 -1.563882
-0.640165 -1.543632
-1.579779 -0.947517
-0.974689 -1.780677
-0.799603 -1.266524
-0.620156 -0.668782
-0.483846 -1.233044
-1.244763 -0.561674
-1.429113 -1.988580
-1.382286 -1.894678
-1.260022 -0.752712
-0.731028 -0.846728
-1.537910 -1.958768
-0.389347 -1.092534
-0.631556 -0.073542
-1.066091 -0.684916
-0.754697 -1.431073
-0.447731 -0.566483
-0.689213 -1.611083
-1.173567 -1.821832
-1.008134 -1.180977
-1.282219 -1.451548
-0.774257 -1.145803
-0.874591 -0.868308
-1.078438 -2.058267
-1.570115 -1.140562
-1.244519 -0.417335
-0.625142 -0.715501
-0.626689 -0.517639
-1.126144 -1.477529
-1.127457 -0.532620
-0.402722 -0.920552
-1.288418 -0.509231
-1.027127 -2.267517
-1.001446 -1.600884
-1.141854 -1.097283
-1.305081 -2.288156
-0.569925 -0.886858
-1.091276 -1.962758
-0.434464 -0.545679
-0.611820 -0.662121
-1.466848 -1.201388
-1.284657 -2.041777
-0.996621 -1.943390
-0.775592 -0.498823
-1.087830 -0.196823
-1.391349 -1.137573
-1.389273 -1.159403
-1.086059 -2.485102
-1.345072 -1.521593
-0.486336 -1.331555
-1.157472 -0.641357
-0.899458 -2.073199
-0.796144 -1.979900
-0.749461 -0.090079
-1.273636 -1.024930
-1.150151 -1.673613
-1.612666 -1.041427
-1.140225 -2.151736
-1.047477 -2.456129
-1.503083 -2.787730
-1.224037 -1.010237
-0.591062 -1.268780
-1.245370 -1.937596
-0.488444 -0.651329
-1.479662 -1.829101
-0.567677 -0.983311
-0.476512 -0.884968
-1.158067 -1.160004
-0.919951 -0.316955
-0.894966 -1.564008
-0.929483 -1.469231
-0.754557 -0.262187
-1.586324 -1.877437
-1.270558 -0.507679
-1.675312 -1.927748
-0.576834 -1.488551
-1.403953 -1.481928
-1.176879 -0.168100
-1.369946 -0.954739
-1.227505 -0.761500
-0.974770 -1.778747
-0.706811 -0.154514
-1.276181 -0.795030
-0.834908 -2.210932
-0.922356 -1.002703
-0.928459 -1.828571
-0.489229 -0.844952
-1.181925 -0.543367
-0.851309 -0.815141
-0.427012 -1.216230
-1.226667 -1.837185
-1.272036 -1.385012
-0.703242 -0.676141
-0.968690 -1.620903
-1.135454 -0.344167
-0.623134 -0.622128
-1.191360 -2.091070
-0.817279 -1.306265
-0.891380 -0.642020
-1.136790 -0.473713
-1.260759 -0.917079
-1.065672 -2.335933
-0.592147 -0.933841
-1.396786 -2.746495
-1.261332 -2.670923
-0.920172 -0.213402
-1.264787 -0.997308
-1.529357 -1.374959
-1.157267 -2.333401
-0.728988 -0.941401
-0.550018 -0.205062
-1.083443 -2.311832
-1.046118 -2.422306
-1.190992 -1.020292
-1.321711 -1.322085
-0.777282 -0.121040
-1.177289 -1.017099
-1.081223 -2.566319
-1.048277 -1.583046
-0.915305 -0.723690
-1.214773 -1.215013
-1.450999 -1.014542
-0.931508 -1.033753
-0.777106 -1.488952
-0.645716 -0.948858
-1.072182 -0.197141
-0.905552 -1.629323
-1.482634 -1.824231
-0.611269 -1.229079
-0.812057 -1.690315
-0.510901 -0.820208
-0.785362 -1.542429
-0.720964 -0.698367
-0.979050 -0.633186
-1.031029 -0.205623
-0.855963 -0.872960
-1.133242 -0.614151
-0.984812 -0.835676
-0.720730 -0.215921
-1.157973 -0.918252
-0.746710 -0.136993
-1.149696 -1.522304
-0.771384 -0.411672
-0.955044 -0.166280
-1.158454 -2.268344
-1.300335 -1.633873
-1.036286 -0.719006
-1.083106 -2.401461
-0.589636 -0.775615
-0.411936 -1.175840
-0.665088 -1.301638
-1.210729 -1.002137
-1.359150 -0.987935
-1.361859 -0.914695
-0.943188 -0.871621
-0.904200 -1.752270
-1.121423 -2.259154
-0.803029 -1.229763
-1.245873 -0.864494
-1.358258 -2.452340
-0.689506 -1.855268
-1.468500 -0.930363
-1.299123 -1.728026
-0.883258 -2.291896
-1.269441 -0.670135
-0.851137 -0.433682
-0.994037 -0.395436
-0.791892 -1.944708
-1.138934 -1.473940
-1.075845 -1.050513
-1.547830 -1.813767
-1.137660 -2.658650
-0.553363 -0.708696
-0.945808 -0.223510
-0.869514 -0.506491
-1.515637 -1.589106
-0.528351 -1.319303
-1.036582 -1.618424
-1.210627 -2.040627
-1.448038 -1.389933
-1.189160 -0.750808
-0.990385 -2.155051
-1.389473 -2.196850
-1.651856 -2.490729
-0.755551 -1.166044
-1.496608 -1.205706
-0.565379 -0.449843
-1.296312 -1.097782
-0.487559 -1.043603
-0.542648 -1.508848
-0.815624 -1.278287
-1.498521 -1.299315
-0.811369 -0.784567
-1.167891 -2.825438
-1.094218 -2.172962
-1.060136 -2.743949
-1.059556 -2.000772
-0.983959 -0.712473
-1.123121 -0.829487
-1.023000 -0.238425
-1.258044 -2.301942
-0.882024 -0.623881
-0.982016 -0.845543
-1.223147 -1.433286
-0.980682 -2.029613
-0.588391 -1.244529
-1.155215 -0.324684
-1.109180 -0.234762
-0.965149 -0.601447
-1.027143 -1.719872
-0.885841 -2.191626
-0.781305 -1.013025
-1.223181 -2.667101
-0.512709 -0.539997
-1.084617 -0.878807
-0.942339 -1.886760
-1.208570 -0.268406
-0.927736 -0.124168
-0.868585 -0.903195
-0.919700 -2.454277
-0.604847 -0.340494
-1.538481 -1.924154
-0.740897 -1.467777
-1.287160 -0.752905
-0.831933 -0.599053
-0.426024 -0.775407
-0.654005 -0.035619
-0.913506 -0.193994
-1.342825 -0.864304
-1.173250 -0.814876
-1.341830 -2.791460
-0.711844 -0.396644
-1.596096 -2.451807
-1.386926 -1.798954
-1.094244 -0.795987
-1.023498 -2.340052
-1.495632 -2.136849
-1.002504 -2.117856
-0.884877 -2.201354
-1.129575 -0.693740
-0.760346 -1.014253
-0.557322 -1.370619
-0.683939 -0.254273
-0.352182 -0.264955
-0.844651 -0.903690
-0.841879 -1.949409
-0.524512 -0.783782
-0.699145 -0.853803
-1.164463 -1.140596
-0.931764 -1.171776
-1.207635 -0.769208
-1.148937 -0.711942
-1.075505 -2.184235
-0.536893 -0.287813
-1.170142 -1.179397
-0.494209 -0.749875
-1.268741 -1.331896
-1.193967 -1.080083
-1.568719 -2.525384
-1.525293 -2.325754
-1.323484 -1.645198
-1.156731 -0.773982
-1.259997 -2.336601
-1.157892 -0.261197
-1.244175 -0.918081
-1.008961 -0.178634
-1.094632 -2.326267
-1.528278 -2.059503
-1.342785 -0.826673
-1.106021 -1.416950
-1.249434 -0.559130
-1.409985 -2.294197
-0.722711 -0.768991
-0.928617 -1.045333
-1.605069 -1.741006
-0.596332 -0.993353
-1.052613 -1.408129
-1.159632 -0.436812
-1.282049 -0.908589
-0.690119 -1.727382
-0.749094 -1.405149
-1.039682 -1.772353
-0.862853 -1.114537
-0.944619 -0.744510
-0.871749 -1.692542
-1.200322 -0.805634
-0.451753 -1.370652
-1.066790 -1.685821
-0.909768 -2.315159
-0.680208 -0.396775
-1.455936 -0.824053
-1.479290 -1.379842
-1.197269 -2.551708
-1.522953 -2.382948
-0.532241 -0.779066
-1.289614 -0.773440
-0.937166 -1.400414
-1.272907 -0.722700
-0.480205 -0.593697
-0.937058 -1.412760
-1.504493 -1.616391
-1.567756 -2.260546
-0.783590 -0.606882
-0.958491 -1.309589
-1.571033 -1.969949
-0.572959 -0.994149
-1.186410 -0.770610
-1.218388 -1.164257
-1.171134 -2.552633
-1.172878 -0.524603
-0.792679 -0.316353
-0.663863 -1.213015
-1.298849 -1.182158
-0.861330 -1.461548
-0.813400 -0.166332
-1.624287 -2.058435
-0.817290 -1.997516
-0.862052 -0.765600
-1.197056 -0.987309
-0.493761 -1.280407
-0.758660 -0.153801
-0.712788 -0.333119
-1.194505 -1.149436
-0.906273 -1.612288
-0.961893 -0.987727
-0.735689 -0.450225
-1.493280 -1.450701
-0.888000 -1.058053
-1.151367 -2.446569
-0.849793 -0.297592
-1.012942 -0.194788
-0.566772 -0.378676
-1.407470 -1.147400
-0.910736 -2.098437
-1.430555 -1.348467
-1.035941 -0.184473
-0.919961 -1.092027
-1.095065 -1.493783
-1.257876 -0.673807
-1.259228 -2.058621
-1.352859 -2.010937
-1.055229 -2.219970
-0.488276 -0.735453
-0.891385 -0.705188
-1.080824 -0.825504
-0.734053 -0.217998
-1.476808 -2.016742
-1.237172 -2.439726
-0.780291 -1.060803
-0.793052 -0.996269
-1.126899 -1.527860
-0.783127 0.039399
-1.047715 -1.385059
-1.460931 -2.226630
-0.738693 -1.660568
-0.837580 -0.356076
-0.732392 -0.261177
-0.964069 -2.091839
-1.512572 -1.500033
-0.871196 -0.358294
-1.211887 -1.256272
-0.958548 -1.896454
-0.891209 -0.913247
-1.111428 -0.130521
-0.988151 -1.440865
-1.177447 -1.706703
-0.668930 -0.288249
-1.333857 -2.425693
-1.352374 -1.045715
-0.948602 -0.743803
-1.327798 -1.274720
-1.377720 -2.386052
-0.836083 -0.195761
-0.826974 -1.156517
-0.712197 0.025696
-1.569052 -1.311909
-0.893532 -0.306946
-0.559419 -0.604530
-0.809816 -0.818946
-1.324369 -0.738485
-1.020651 -0.116780
-1.159391 -2.365303
-1.406179 -2.469257
-1.651854 -2.087071
-0.909715 -1.183930
-0.936322 -1.835806
-1.188360 -1.285698
-0.345929 -0.771180
-1.170639 -0.323504
-1.295808 -0.852809
-1.331073 -1.445588
-1.001586 -1.985379
-1.043929 -2.392231
-1.299263 -0.946580
-0.854900 -1.478768
-0.788463 -0.774258
-0.742108 -1.130021
-0.733810 -0.500694
-1.201831 -2.597869
-1.063206 -0.511192
-0.376183 -0.822157
-1.450492 -2.173557
-1.130493 -0.170466
-1.283020 -0.743301
-0.618329 -1.015407
-1.220445 -1.050920
-0.979903 -2.356708
-1.254199 -2.253892
-1.457420 -1.650022
-1.284393 -1.416146
-1.116283 -0.304009
-0.874457 -1.950870
-1.181987 -2.458289
-1.398059 -1.012317
-1.379079 -1.594908
-1.309076 -2.227754
-0.422794 -0.279903
-1.434467 -1.360615
-1.128335 -1.139118
-1.365218 -2.494893
-1.343477 -2.272456
-0.886634 -1.178278
-0.809566 -2.051849
-0.948830 -1.161853
-1.010664 -2.331158
-1.549282 -1.708633
-1.116698 -1.223936
-1.214939 -0.856555
-1.026965 -0.533943
-0.574706 -0.620494
-1.303534 -1.232527
-0.609497 -1.139901
-0.993715 -1.117857
-1.434413 -0.956757
-1.411812 -1.644644
-0.838765 -1.576180
-0.705534 -0.816098
-0.666944 -0.912867
-1.380827 -2.125053
-0.898017 -0.560470
-1.295679 -1.573152
-1.004909 -0.536985
-1.078370 -1.792463
-1.416700 -0.852306
-0.807605 -1.505195
-0.504091 -0.558771
-1.273161 -1.386973
-0.880564 -1.188060
-1.273532 -1.627425
-1.261973 -1.706325
-0.571987 -0.776671
-0.416438 -0.861105
-0.939362 -1.776422
-1.251935 -1.311759
-1.437648 -0.994945
-1.629778 -2.163038
-1.135533 -2.539099
-0.910755 -1.400140
-0.808729 -1.852550
-0.914136 -2.239909
-1.507760 -2.091266
-1.270396 -1.858312
-0.537978 -1.301540
-0.703369 -1.221177
-1.354933 -1.641651
-1.200642 -1.831617
-0.929578 -2.295654
-0.987879 -1.688301
-0.724126 -2.090298
-1.022795 -0.097026
-1.092026 -2.815726
-0.944920 -0.825223
-1.494832 -2.356998
-1.041859 -0.834213
-1.103857 -0.643134
-0.991118 -0.064239
-1.358613 -2.631565
-1.121115 -0.560653
-0.639445 -0.870173
-1.364460 -0.655608
-0.644350 -0.772907
-0.455566 -1.231071
-1.178121 -0.618187
-0.644945 -1.532006
-0.699123 -1.794912
-0.845458 -0.850930
-1.325520 -2.317107
-1.137102 -1.180906
-0.992444 -2.255690
-1.027172 -1.377371
-1.140793 -1.394413
-1.069842 -1.467696
-1.113629 -0.333708
-0.714981 -0.115159
-0.825168 -1.220910
-0.890397 -0.179480
-1.614660 -2.004408
-1.107288 -2.212423
-0.767374 -1.122143
-0.732388 -1.195856
-0.681992 -0.160340
-0.409440 -0.582993
-0.915598 -0.958015
-0.860587 -1.788419
-1.103070 -1.780308
-1.138518 -1.347751
-0.277386 -0.402666
-0.711036 -0.625050
-1.352037 -0.738069
-1.135307 -2.450852
-1.182909 -2.685142
-0.779001 -0.309846
-1.303836 -1.788837
-0.696338 -0.692769
-1.606752 -0.996181
-0.572261 -1.070316
-1.400913 -2.479554
-0.675206 -0.710915
-1.087299 -0.467342
-0.772142 -0.725933
-0.397518 -0.997175
-1.220488 -1.402706
-0.636043 -0.398240
-0.367236 -0.894570
-0.794524 -1.171675
-0.610590 -1.093753
-0.482962 -0.474083
-1.224074 -1.697434
-0.617183 -1.306571
-1.213767 -1.884699
-1.067321 -2.481425
-1.127769 -0.439562
-0.984460 -0.404197
-1.070477 -2.241598
-1.076871 -0.568751
-1.469807 -1.951167
-1.026817 -0.639057
-0.830735 -1.611384
-1.261845 -1.977938
-1.153842 -1.992167
-0.489805 -0.948173
-1.098915 -2.306402
-0.556131 -0.851415
-0.773361 -0.863520
-0.849259 -1.449250
-0.445106 -1.256366
-0.623911 -1.338050
-0.804010 -0.247547
-0.470369 -1.218217
-0.701463 -1.273568
-1.130427 -1.125178
-1.013732 -0.640979
-1.186711 -0.551858
-1.277615 -2.474485
-0.778963 -0.247409
-1.176817 -0.371728
-0.836038 -0.200617
-0.988210 -0.605432
-1.037705 -1.099982
-0.837161 -0.250572
-1.118109 -1.316815
-1.258533 -2.052171
-0.759887 -0.908780
-1.057650 -0.362148
-1.070118 -2.180460
-1.473594 -2.128800
-1.252146 -1.805593
-1.355908 -0.589763
-1.171792 -1.679439
-0.565759 -1.358638
-0.841596 -1.795922
-1.320508 -2.226909
-1.348686 -2.664035
-0.747992 -1.898904
-1.091057 -0.022951
-0.753706 -1.043648
-1.160419 -0.532275
-1.038208 -0.846205
-1.181031 -1.255898
-1.043190 -0.688726
-1.163913 -0.561345
-0.687232 -2.007320
-1.010487 -1.948673
-1.208709 -1.752621
-0.589353 -0.442928
-0.806413 -0.374075
-1.362532 -1.127875
-0.433279 -0.900877
-1.370910 -2.337294
-1.134814 -0.187602
-1.234315 -0.846704
-0.952053 -1.780969
-0.766375 -0.591201
-1.488401 -1.876126
-0.408380 -0.435092
-1.603561 -2.383806
-0.476306 -1.083917
-0.772116 -1.661274
-0.945510 -0.466349
-1.056042 -1.296105
-0.654866 -0.306703
-1.101477 -0.862990
-0.471151 -1.042512
-1.049151 -0.764130
-1.098243 -0.388533
-1.516784 -2.541331
-1.337058 -2.379918
-0.953385 -1.239837
-0.719572 -0.134708
-1.080332 -1.593666
-1.099787 -2.391310
-0.777464 -0.467273
-1.268084 -2.334127
-0.956899 -0.104321
-1.340406 -1.212164
-1.645550 -1.023733
-0.802836 -0.291369
-0.864471 -0.208708
-0.482852 -1.395631
-0.577589 -0.524832
-1.366796 -1.733109
-0.849329 -0.088907
-1.087620 -1.541549
-0.720094 -0.065160
-1.334043 -2.053912
-1.060173 -1.777246
-1.514552 -2.343739
-0.658694 -0.441126
-1.063011 -0.302405
-0.993697 -0.421555
-0.964986 -1.284963
-1.035841 -0.362295
-0.908741 -0.559146
-1.292197 -1.719540
-0.834069 -1.807549
-1.272273 -1.549288
-1.392049 -2.132277
-1.014932 -0.604357
-1.329678 -1.939665
-0.846976 -0.463277
-0.535459 -1.236198
-0.459781 -0.443273
-1.569195 -1.598561
-1.553842 -1.890086
-0.801140 -2.294779
-0.799215 -0.903367
-1.062544 -2.509875
-1.528789 -1.524380
-0.549391 -1.489762
-0.390834 -0.502641
-1.139692 -1.991084
-0.869475 -0.321633
-1.255972 -2.327260
-0.836359 -1.511359
-0.720254 -0.844645
-0.641795 -1.365008
-0.343803 -0.861633
-1.370842 -1.703354
-0.730149 -0.334667
-0.528595 -0.731450
-1.206342 -0.425305
-0.885499 -1.299923
-0.669388 -0.216970
-1.455050 -0.664341
-1.496419 -2.641251
-1.327998 -0.944843
-1.107390 -0.616951
-1.220715 -0.635522
-1.028476 -0.795162
-1.329287 -1.383803
-0.823063 -1.638859
-0.759052 -0.452431
-1.029815 -1.295333
-0.462846 -0.949838
-0.887131 -0.813330
-0.894456 -1.699538
-1.176639 -1.771443
-0.558230 -1.696203
-1.286808 -2.581885
-1.494099 -2.057551
-1.055280 -0.401695
-0.345268 -0.696014
-1.217317 -2.156057
-0.757806 -0.256151
-1.400486 -0.850386
-1.137064 -1.995154
-0.545327 -0.653220
-1.029405 -0.306904
-0.778428 -1.489809
-1.130209 -2.392380
-0.857235 -0.940168
-0.621236 -0.350077
-1.274171 -1.240046
-0.997744 -1.609985
-1.611406 -1.743895
-1.241244 -1.020554
-0.586372 -0.461212
-1.114984 -1.251108
-0.897116 -1.743177
-0.712826 -1.017625
-1.007517 -2.257312
-1.136637 -2.567863
-1.476264 -1.989000
-0.972512 -0.338441
-0.614202 -0.990259
-1.320589 -2.110821
-1.086564 -1.907493
-1.179654 -1.546398
-0.618805 -0.657521
-1.307076 -2.778641
-1.097627 -1.367568
-0.694478 -0.816114
-0.905024 -0.134878
-1.610214 -2.532457
-1.425326 -1.615026
-1.433862 -1.416086
-0.662162 -0.462024
-0.750192 -1.470812
-0.976944 -2.542455
-1.253594 -2.264608
-1.252673 -2.711232
-0.555530 -1.212970
-0.835379 -1.237019
-1.195742 -1.786835
-0.966353 -1.026751
-0.733527 -1.177471
-1.112674 -0.213085
-1.116514 -1.119353
-1.378215 -0.568435
-1.275514 -1.445756
-1.259291 -1.930608
-0.784845 -0.955530
-1.303856 -1.654394
-1.412476 -1.935506
-1.181139 -0.558109
-1.097759 -1.294114
-0.920871 -1.175422
-0.870713 -1.835139
-0.635965 -1.205127
-1.443322 -2.327950
-1.013913 -1.438346
-0.912514 -0.599644
-0.628019 -0.570624
-1.157227 -0.558743
-0.913646 -0.860805
-1.548407 -2.571862
-0.584816 -0.454129
-1.138366 -1.561954
-0.654326 -0.126973
-1.147630 -0.504132
-1.077698 -0.269565
-0.720733 -1.272461
-0.644289 -1.193845
-1.162624 -2.097880
-1.265683 -2.793370
-1.546740 -2.048487
-0.949686 -0.318812
-1.224487 -0.595318
-0.951432 -1.961911
-1.324497 -2.643048
-0.455005 -1.527202
-0.694424 -1.016817
-1.043127 -0.287273
-0.724462 -1.543527
-0.482367 -1.053259
-0.860785 -1.403763
-0.688840 -1.749676
-1.241403 -1.529727
-1.031101 -1.655826
-1.031743 -0.515074
-0.973704 -1.877797
-1.112690 -2.036346
-1.349662 -2.345126
-0.523582 -0.400147
-1.362361 -1.216633
-0.893321 -0.136778
-1.420013 -2.369324
-0.622044 -0.963023
-1.208943 -1.400100
-0.546773 -0.585575
-0.865668 -0.204518
-0.605259 -0.886288
-1.263820 -2.009433
-1.287181 -2.173379
-1.296474 -0.944308
-1.025007 -0.391043
-0.564196 -1.009201
-0.725028 -0.238945
-1.231397 -0.642614
-0.784386 -0.489909
-1.257165 -2.295778
-0.965858 -1.692422
-1.444398 -1.187084
-1.272095 -0.943178
-0.827311 -0.259201
-0.965756 -1.704157
-0.501506 -0.892441
-0.950868 -1.792272
-0.735613 -2.091596
-1.254603 -0.600910
-0.695455 -1.199700
-0.825901 -0.397175
-0.368050 -0.908864
-0.655048 -0.486715
-1.080713 -0.758160
-1.160669 -1.069787
-1.083927 -2.453691
-1.275568 -1.512024
-1.131988 -1.671789
-0.848816 -1.882458
-0.678832 -0.152167
-0.746921 -1.481549
-0.460122 -0.686564
-0.884777 -0.283954
-1.052970 -0.085247
-0.722153 -0.802409
-1.141366 -1.325835
-0.989632 -2.424170
-1.237526 -1.629307
-1.147103 -2.229433
-0.728587 -0.492545
-1.292281 -2.106045
-1.096484 -2.394018
-1.497409 -1.000883
-0.763583 -0.990593
-1.151286 -1.033386
-0.536570 -0.564773
-0.755328 -2.063246
-1.369974 -1.260144
-0.922394 -1.595694
-1.036537 -1.250506
-0.732006 -0.886526
-1.204893 -0.110813
-0.427258 -0.723032
-1.075665 -0.338333
-1.466799 -1.217265
-1.378470 -1.161948
-0.707854 -1.907040
-1.351817 -0.725504
-1.264274 -1.668209
-1.175551 -0.772380
-1.240745 -2.677841
-1.349836 -1.838386
-0.795620 -0.080850
-1.113926 -1.588096
-0.378890 -0.863227
-0.586910 -1.485795
-1.007008 -0.375824
-1.255097 -1.228157
-0.535014 -1.531619
-0.994736 -1.666188
-1.404122 -1.017195
-1.071573 -1.276652
-1.345423 -1.616944
-1.247289 -1.151961
-1.181218 -1.453497
-0.944112 -1.932596
-1.467366 -0.802611
-0.801151 -0.034152
-0.503206 -1.237007
-0.610130 -1.781231
-0.658448 -1.562521
-0.856695 -0.289530
-1.411076 -1.857366
-0.700275 -0.241910
-0.802806 -1.068188
-1.085218 -0.329150
-0.661143 -0.537061
-0.942249 -1.606141
-1.224231 -1.518229
-1.392893 -2.530321
-1.361863 -2.075505
-1.469828 -2.227305
-0.887817 -2.071692
-0.878759 -2.245229
-1.056810 -0.464487
-1.343507 -1.129318
-1.363397 -0.543741
-0.721252 -0.549986
-0.764014 -0.107431
-1.024803 -1.364662
-0.416223 -0.955763
-1.009465 -0.414789
-1.179164 -0.935875
-1.470461 -2.724456
-0.587025 -1.446394
-0.568462 -0.526849
-0.773879 -1.354648
-1.192460 -2.530385
-1.210880 -1.039569
-0.908021 -1.469646
-0.502094 -0.425657
-1.089904 -1.369542
-0.831256 -0.825962
-1.135918 -0.501838
-1.434709 -1.266680
-1.360843 -1.322265
-1.272797 -2.824098
-0.870898 -0.347894
-0.796326 -1.336611
-0.968542 -2.132144
-0.890962 -1.267144
-0.759618 -0.296110
-1.592675 -2.473371
-0.994231 -1.899685
-1.400562 -1.233732
-0.793846 -0.599885
-1.166210 -2.131377
-1.233180 -0.634049
-0.840263 -0.234257
-1.306414 -2.554556
-1.168674 -2.335062
-1.189844 -1.982364
-1.213986 -1.032554
-0.851011 -0.886244
-0.485974 -0.511260
-1.120936 -0.609418
-1.369511 -2.127012
-0.810442 -0.821659
-0.615520 -1.255957
-1.482121 -2.462315
-0.763366 -1.583683
-0.863022 -0.396231
-0.914189 -2.082943
-1.485610 -2.161602
-0.980243 -0.858977
-1.640129 -1.999819
-0.808335 -1.359313
-1.047703 -0.589176
-0.666343 -1.483656
-1.288804 -0.508213
-1.622900 -1.979828
-1.006467 -0.217061
-1.187419 -2.467762
-1.038033 -2.165838
-1.416452 -1.454849
-1.112913 -2.271711
-0.840279 -0.397274
-1.164152 -0.467230
-1.127388 -0.956171
-0.825863 -2.136503
-0.954511 -1.971628
-1.347640 -1.807272
-0.814085 -0.191681
-1.147873 -0.536057
-1.446576 -1.182346
-0.712331 -0.627032
-1.019859 -1.986497
-1.521885 -2.099369
-0.438838 -0.701226
-0.815240 -0.976739
-0.950423 -1.191585
-1.401122 -2.132471
-0.719636 -0.560946
-0.692826 -0.124756
-1.347861 -2.622748
-1.164323 -1.808278
-0.677546 -0.151277
-0.860676 -0.388429
-1.025095 -0.175084
-1.106799 -0.637594
-1.545083 -1.510633
-0.944646 -2.009266
-0.849724 -1.870708
-1.134227 -0.777855
-1.240263 -1.538322
-0.343524 -0.894976
-1.223095 -1.613691
-0.902487 -0.397088
-1.491670 -2.210917
-0.857725 -1.824028
-1.058779 -0.935214
-1.050098 -0.260105
-1.310398 -1.928559
-0.767787 -0.327904
-0.873269 -0.046949
-0.601145 -0.811767
-0.442165 -0.625397
-0.430829 -0.796302
-0.479427 -1.131848
-0.645898 -0.604352
-1.144488 -2.621545
-1.299000 -1.784594
-0.838967 -1.458337
-0.821054 -1.608131
-1.188662 -1.050910
-1.034055 -0.621148
-1.271088 -0.833625
-1.422318 -1.284609
-1.114678 -1.358887
-0.914431 -1.090431
-0.896541 -0.717213
-0.612257 -0.931647
-1.194879 -2.222681
-0.856540 -0.465704
-1.002531 -1.081299
-1.046612 -1.341794
-0.563477 -1.234559
-0.484928 -0.733922
-0.971670 -2.256483
-0.641492 -1.378495
-0.858435 -0.843194
-1.112593 -0.933910
-0.652457 -0.746249
-0.504496 -0.851813
-0.971620 -1.403275
-0.870606 -1.710876
-0.859168 -1.738303
-1.231849 -0.321003
-0.591913 -0.583445
-1.305664 -1.227010
-1.188421 -1.253187
-1.437802 -2.468450
-0.851573 -1.961760
-1.282256 -0.832384
-1.314797 -0.770091
-0.917716 -0.714181
-0.951527 -0.970553
-0.700001 -1.706185
-0.683316 -0.139605
-1.164786 -1.761266
-0.651143 -0.823201
-1.173121 -0.709985
-0.951135 -1.940344
-1.091807 -1.365042
-0.830958 -0.430981
-0.674074 -1.728820
-1.083747 -2.344785
-0.713598 -1.764113
-0.525594 -0.696417
-0.600039 -0.486116
-1.408454 -0.854528
-0.507893 -0.582809
-1.362559 -2.073743
-0.714054 -0.286340
-0.802741 -2.183087
-1.177929 -0.721798
-1.058536 -1.945746
-0.933780 -1.278982
-1.337839 -1.991160
-1.073154 -0.275967
-0.755349 -2.020409
-1.535165 -1.466092
-1.369213 -0.934638
-0.483310 -0.863180
-1.057474 -0.491623
-0.777767 -1.285091
-0.745493 -1.259139
-1.279205 -1.311170
-1.041370 -0.295398
-1.738475 -2.009141
-0.957933 -0.241767
-0.733846 -0.941572
-1.085194 -0.859246
-1.345402 -2.633545
-1.199044 -2.744342
-0.991447 -0.377127
-1.673693 -1.856129
-0.803253 -0.064006
-0.659961 -0.671252
-0.949857 -0.519385
-0.946104 -0.637598
-0.782768 -0.800447
-1.235332 -0.376327
-1.183988 -0.341691
-1.120373 -0.303091
-0.512996 -0.659388
-1.404107 -0.376085
-0.943569 -2.042616
-0.866258 -1.651908
-1.028312 -1.950580
-0.458575 -0.442381
-0.887179 -0.508979
-0.439689 -1.132051
-0.914118 -0.267628
-1.197405 -1.099280
-1.147733 -1.226499
-1.208155 -2.106133
-1.192864 -1.429079
-0.516934 -1.047274
-1.019924 -0.460889
-0.423819 -1.564821
-1.411022 -0.909132
-0.672181 -1.649344
-0.735684 -0.723498
-1.368809 -2.055099
-1.005554 -0.144853
-1.481232 -1.491312
-1.484037 -1.200459
-0.676495 -0.845433
-1.371625 -1.633007
-1.162447 -1.980326
-0.711743 -1.208989
-0.952955 -0.722359
-0.987791 -0.544881
-1.284254 -2.436604
-0.474772 -0.304054
-0.730051 -1.716053
-0.832183 -1.571687
-1.428829 -1.489176
-0.991700 -2.179523
-0.385820 -1.042921
-1.033985 -1.826172
-1.044118 -0.659031
-0.915896 -0.112220
-1.508792 -1.619999
-0.916632 -2.049705
-0.724990 -1.052327
-1.222898 -1.014831
-0.971257 -1.838979
-0.512318 -1.009035
-1.602423 -2.228578
-1.475039 -1.817101
-1.016992 -2.537160
-1.061142 -2.314762
-0.615306 -0.448673
-1.282315 -2.506763
-1.119257 -0.387733
-1.461206 -0.899124
-1.483644 -2.927447
-0.572864 -0.896436
-0.619709 -1.011257
-0.694876 -0.607344
-0.929587 -1.766459
-1.308346 -1.519729
-1.288012 -1.374345
-1.362174 -0.797517
-0.860868 -1.687909
-1.252432 -1.230776
-0.762354 -0.346584
-0.501769 -0.594239
-1.094950 -0.960582
-1.282487 -2.085398
-1.310269 -1.241721
-0.634892 -0.416242
-0.784931 -0.819972
-0.897412 -2.222040
-1.194892 -2.523891
-0.820291 -2.109236
-0.502109 -0.668761
-0.914089 -0.725710
-1.308543 -1.175396
-1.249617 -1.906685
-0.560017 -0.713839
-1.112566 -1.999398
-0.845850 -2.013322
-1.187089 -1.051988
-0.774394 -0.897193
-0.497943 -0.666515
-1.183973 -1.780382
-1.562278 -2.013376
-0.257312 -0.540479
-1.325649 -2.134656
-0.938079 -0.552641
-0.855461 -0.863837
-0.802917 -0.679714
-0.928236 -1.590640
-1.563419 -3.066996
-0.520114 -0.212695
-1.438815 -1.920484
-1.558884 -2.178595
-1.172624 -2.253168
-1.065965 -2.192219
-1.381400 -1.257248
-1.227609 -1.681178
-0.686548 -1.653562
-0.873082 -1.053788
-0.942404 -0.021891
-1.114588 -0.367564
-0.848325 -1.026789
-0.493681 -1.612383
-1.416680 -2.414975
-0.563474 -1.067334
-0.668544 -1.837750
-0.957891 -0.060686
-1.069155 -0.823915
-0.728739 -0.096865
-0.952666 -0.100337
-1.260437 -0.484927
-1.532459 -1.244198
-1.237340 -0.615715
-0.951769 -1.697419
-1.321094 -0.727053
-1.182039 -2.288005
-0.726559 -1.782741
-0.505348 -0.638843
-0.471297 -0.421423
-0.901146 -0.069266
-1.235415 -1.871194
-0.483795 -1.079330
-1.104080 -1.525934
-1.024564 -0.207645
-0.407275 -0.942956
-0.799690 -0.612684
-1.375668 -1.494513
-1.365503 -2.202993
-1.048119 -0.758808
-0.731337 -1.096322
-0.999702 -1.014470
-1.174462 -1.396610
-1.137044 -1.248810
-1.328388 -1.483581
-1.184590 -1.612158
-0.806336 -0.236781
-1.051861 -0.626694
-0.965320 -1.111017
-0.713888 -1.687436
-1.376840 -0.687429
-1.366947 -1.245591
-1.151481 -0.722908
-1.145732 -1.450748
-1.554960 -2.633028
-0.998517 -0.396014
-0.793241 -0.964364
-0.955016 -0.202384
-0.613761 -1.582825
-0.442786 -0.940429
-0.858399 -0.936422
-0.900552 -0.927361
-0.914194 -1.101302
-0.794080 -0.983245
-1.352535 -2.692213
-0.595758 -1.215503
-0.829092 -0.282456
-0.757233 -1.363442
-1.197022 -1.656745
-1.368832 -2.633620
-1.136997 -0.382568
-0.734469 -0.955269
-0.979013 -0.288449
-0.816566 -0.259392
-0.799224 -1.770296
-0.935879 -1.150409
-1.214128 -0.564347
-0.696939 -0.358919
-0.673843 -1.122830
-1.102030 -1.667706
-0.830331 -2.233784
-1.246854 -1.644367
-1.081522 -0.821346
-1.288363 -2.641714
-0.839927 -0.958687
-1.034039 -0.402450
-1.339990 -0.860586
-1.108363 -2.319902
-0.755776 -0.474324
-0.664026 -1.035056
-1.039892 -1.335950
-1.358354 -1.516256
-0.633674 -0.996549
-1.328048 -0.816350
-0.653521 -0.950656
-1.505410 -1.460541
-0.604957 -0.668491
-0.923334 -1.653744
-0.849392 -0.291884
-1.081433 -0.797697
-0.385778 -0.786455
-0.461464 -0.908341
-1.175973 -1.294716
-0.534450 -1.428181
-0.813556 -1.883280
-1.113147 -2.283628
-1.131880 -0.893956
-0.808831 -0.382542
-0.761027 -1.852316
-0.684820 -1.110442
-0.629496 -1.323549
-0.687231 -1.941623
-1.162605 -1.688463
-0.861759 -0.903371
-1.499880 -1.740888
-1.199422 -1.172093
-1.450420 -1.910797
-1.224153 -2.423796
-1.393313 -1.928994
-0.754958 -1.435098
-0.803674 -1.985168
-0.631280 -1.464432
-0.928137 -2.242054
-1.067464 -0.186169
-1.348090 -1.084659
-1.041762 -1.501705
-1.009675 -2.496213
-0.720208 -1.428215
-0.857542 -1.896675
-1.283935 -1.761088
-0.940857 -0.622324
-1.241039 -1.779053
-1.440620 -1.186504
-0.650653 -1.102611
-0.519693 -0.467025
-1.383412 -1.201700
-0.945653 -0.808496
-0.837367 -1.488090
-0.898384 -2.231114
-1.318518 -1.218588
-1.122662 -0.772930
-1.060791 -2.281751
-0.924347 -0.328706
-0.606348 -0.274096
-1.276547 -1.449820
-1.003954 -0.688950
-1.329134 -0.969754
-1.209225 -1.132181
-1.085386 -1.946758
-1.632935 -2.011351
-1.354634 -2.128911
-0.928555 -0.932785
-0.545720 -0.733348
-0.783272 -1.485830
-1.125919 -1.927366
-0.346332 -1.480063
-1.245093 -0.953144
-1.282049 -1.002607
-0.727508 -0.199813
-0.699047 -0.644227
-1.018077 -0.357193
-1.232444 -0.700671
-1.397424 -0.788191
-0.807163 -0.746191
-0.776301 -0.811038
-1.277614 -2.046447
-1.085690 -1.178971
-0.631253 -0.532060
-0.854015 -1.313439
-0.630497 -0.393273
-0.612347 -0.916654
-1.195303 -0.548227
-1.435663 -1.783014
-0.836054 -1.214468
-0.828234 -0.551198
-0.742006 -1.684958
-1.198174 -0.733297
-0.767087 -1.760898
-1.221710 -1.803902
-0.452825 -1.349607
-0.982953 -1.634508
-0.941086 -1.164237
-0.736482 -0.654385
-0.939039 -1.782008
-1.492767 -2.041277
-1.416488 -2.613275
-1.474225 -1.993958
-0.814983 -1.309150
-0.501542 -0.249287
-0.409836 -0.858980
-0.743971 -2.076888
-1.185018 -2.714511
-0.712312 -0.813978
-1.281448 -1.780978
-1.046498 -0.858822
-1.232929 -1.775826
-0.445500 -0.958707
-1.485987 -1.752301
-0.944675 -2.173106
-1.202117 -1.126143
-1.187229 -0.825712
-0.968635 -0.872070
-1.010982 -1.672358
-1.045214 -2.133984
-0.595629 -1.469301
-1.240136 -1.753727
-0.655272 -0.426024
-0.904186 -0.467817
-1.187694 -0.765744
-0.437449 -1.015442
-1.066212 -0.576252
-0.824955 -1.747519
-1.058434 -1.638226
-0.855453 -1.869473
-0.819709 -1.428055
-1.177394 -1.613233
-1.210506 -2.164995
-1.101247 -2.033825
-1.279957 -2.513668
-1.284406 -1.555784
-0.970604 -1.095771
-1.481229 -1.951456
-1.472741 -2.347376
-0.740842 -0.423921
-0.676491 -0.198932
-1.225756 -1.702355
-1.175685 -0.936270
-1.425833 -1.896171
-1.081880 -2.681613
-1.113714 -1.741353
-0.448178 -1.069124
-1.135336 -1.286685
-1.417991 -1.467412
-0.358374 -0.735741
-0.686644 -0.330424
-1.167737 -1.228256
-1.145295 -1.413901
-1.053199 -0.411757
-1.219990 -1.659525
-1.133948 -2.579710
-0.760107 -0.182556
-0.586374 -0.978734
-1.456886 -1.933886
-1.167793 -0.284755
-1.041082 -1.952687
-0.538474 -1.629194
-1.539116 -1.350268
-0.723505 -0.446529
-1.427720 -2.676711
-0.498805 -0.704144
-0.690091 -1.892788
-0.953567 -1.523376
-0.804288 -0.946628
-1.488073 -1.703906
-1.223981 -0.854012
-1.023240 -0.298364
-0.968687 -1.133011
-0.980004 -0.310553
-0.520346 -0.455308
-1.473095 -2.310269
-0.786904 -0.525966
-0.556585 -0.420642
-1.137713 -2.464831
-0.586201 -0.854657
-0.990070 -0.577833
-1.132485 -0.535346
-0.688542 -1.068549
-1.357908 -0.871982
-1.130530 -2.663851
-0.908614 -1.159903
-1.414654 -1.646301
-0.587737 -1.434521
-0.816135 -1.682093
-1.620888 -1.725152
-1.042776 -1.173785
-0.657904 -0.866170
-1.086971 -2.303460
-0.979994 -1.731183
-1.259311 -1.032476
-1.309240 -1.379129
-1.442356 -1.639733
-0.374190 -0.951409
-1.609279 -1.628917
-1.386068 -1.533548
-0.845397 -0.773476
-1.240075 -0.428433
-0.666709 -0.752912
-1.589042 -1.887819
-0.679481 -0.762287
-1.197978 -1.612117
-1.244271 -2.005100
-0.924184 -1.803293
-0.689461 -0.659399
-0.623109 -1.414398
-0.509650 -0.806480
-1.080838 -0.379085
-0.717236 -0.220273
-0.704316 -1.341610
-1.041849 -0.441793
-1.069625 -2.218432
-1.419942 -2.207493
-0.967052 -1.348115
-1.032339 -1.070187
-0.923168 -1.047374
-0.999216 -1.249341
-0.967266 -2.138708
-1.284667 -0.836195
-1.484113 -1.805507
-1.407025 -0.810818
-0.481373 -0.422051
-0.738982 -1.160125
-1.354488 -2.311112
-0.619087 -0.201305
-1.241291 -1.836079
-1.093296 -2.256091
-0.801207 -0.746662
-1.028869 -0.153683
-1.011144 -2.222238
-0.812847 -1.793630
-1.186837 -1.822993
-1.454412 -1.938776
-0.549922 -0.710184
-1.363093 -2.872186
-1.241562 -0.888319
-1.156762 -0.498656
-1.023061 -1.407188
-0.428242 -0.433232
-1.392616 -1.206427
-0.973993 -2.055346
-1.481967 -1.554966
-1.030175 -1.025794
-1.382216 -1.208682
-0.558592 -0.497030
-0.412741 -0.312386
-0.470794 -1.462581
-1.146063 -0.523462
-0.635778 -1.674413
-1.314775 -2.111987
-1.499513 -1.409799
-1.537848 -1.221133
-1.057134 -0.653046
-1.329365 -2.600284
-0.829390 -1.206178
-0.839805 -0.232695
-0.966646 -1.507388
-1.621578 -1.782773
-0.776671 0.001843
-0.961431 -1.561849
-1.005265 -0.754021
-1.618298 -2.069735
-1.219176 -1.192085
-0.987501 -2.005388
-1.380651 -2.447913
-1.676264 -1.616343
-0.786003 -1.432116
-0.752384 -0.562714
-1.340081 -2.342254
-1.564792 -1.706616
-0.882074 -1.507186
-1.458162 -1.508322
-0.652112 -1.291184
-0.408083 -1.107583
-0.511440 -1.492885
-0.554887 -1.596709
-0.661073 -0.179115
-1.378178 -1.279635
-0.926990 -0.850680
-1.157168 -2.236040
-1.110857 -1.367014
-0.876156 -1.761719
-1.569829 -1.656467
-1.049865 -0.035144
-1.716478 -2.340429
-1.456840 -1.742662
-0.975152 -2.351526
-0.602205 -1.050520
-0.874511 -2.112855
-1.181124 -1.121129
-0.655549 -1.134182
-1.396847 -2.004689
-1.489453 -1.889800
-0.710469 -1.230090
-0.881719 -0.508059
-0.436723 -1.020117
-0.998199 -0.123757
-0.744662 -0.182271
-1.252881 -1.686929
-0.533768 -0.307782
-1.247074 -2.291378
-1.347353 -1.281526
-1.649641 -1.457605
-0.365634 -0.898176
-1.219123 -0.676542
-1.298151 -1.305724
-0.652353 -1.316822
-1.278949 -0.661191
-1.366091 -0.952377
-1.227392 -0.665112
-0.748152 -1.550308
-1.536958 -2.144016
-1.224784 -2.042958
-0.975411 -2.443426
-1.317143 -2.001996
-1.042438 -1.944482
-0.549087 -1.309160
-1.033112 -1.562732
-0.676819 -0.874451
-1.076501 -0.327795
-0.827042 -2.468747
-1.297511 -0.531361
-0.990322 -1.406726
-1.207999 -2.392633
-1.316212 -1.537522
-1.343982 -0.395201
-1.141535 -1.585587
-1.170964 -0.421442
-1.272769 -0.701763
-1.077023 -0.763054
-0.926695 -1.544211
-1.444722 -1.059633
-1.144674 -0.849178
-1.506375 -2.021058
-1.637947 -2.683076
-0.608438 -0.551070
-0.790742 -1.502265
-0.884379 -0.591138
-0.679123 -1.056913
-1.388647 -2.326175
-1.393502 -0.797663
-0.842914 -1.260709
-0.541716 -0.871573
-1.140445 -2.113913
-0.926837 -2.010170
-1.320749 -2.558097
-1.449700 -2.551384
-0.896602 -1.100963
-1.330499 -2.446570
-0.856800 -0.438719
-0.772378 -2.050168
-0.870966 -1.107144
-0.369045 -1.071977
-1.156868 -1.466709
-0.815831 -1.186419
-1.112070 -0.131274
-1.515871 -2.396453
-0.843887 -0.677700
-0.691891 -1.260609
-1.119943 -0.439012
-1.523712 -0.727196
-0.611416 -0.462876
-0.622963 -0.159064
-0.597228 -1.908072
-1.211518 -1.836518
-1.480194 -1.625525
-0.946619 -0.688545
-0.730470 -1.387052
-1.287323 -2.439834
-1.200383 -2.429123
-0.966269 -1.021658
-0.718582 -0.539839
-0.910753 -0.425067
-0.750595 -1.228259
-1.391045 -1.347755
-0.821713 -1.905046
-1.345722 -1.315336
-1.127281 -2.352629
-1.146755 -0.456056
-0.847731 -1.380691
-0.784454 -1.839374
-0.804955 -0.467486
-1.453996 -2.259649
-0.831023 -1.939525
-0.333121 -0.438952
-1.044246 -1.722529
-0.923697 -0.687095
-0.948131 -1.481248
-1.201443 -0.853535
-1.130579 -1.689674
-1.422361 -1.867018
-1.194470 -2.363438
-1.131978 -2.219780
-1.083782 -0.582961
-0.465282 -0.531142
-0.869105 -2.220214
-0.851230 -0.421716
-0.547758 -0.815329
-0.960727 -1.539309
-1.223693 -1.669483
-1.037860 -0.117848
-0.971202 -0.162957
-1.459575 -1.260970
-0.705925 -0.663583
-1.034772 -1.636516
-0.993236 -0.182025
-0.458930 -1.289654
-0.542870 -0.812964
-0.717829 -0.840262
-1.112204 -2.483063
-0.906021 -0.631056
-0.418969 -1.102737
-1.600123 -1.293966
-1.332283 -2.077775
-0.753646 -1.660073
-1.306511 -2.183227
-0.472245 -0.855147
-1.034639 -0.576728
-1.049339 -1.129994
-0.544559 -1.775343
-1.004913 -2.414017
-1.032725 -0.605834
-1.105588 -0.400323
-1.243106 -2.236365
-0.671728 -1.406136
-0.855151 -0.389820
-1.209842 -1.102167
-1.228512 -1.874366
-1.136667 -1.338829
-1.329735 -1.947978
-0.956440 -1.011487
-1.270688 -0.711986
-0.883199 -0.080778
-0.805418 -0.969784
-0.552452 -0.481985
-1.010356 -2.119889
-1.450109 -1.161051
-0.401161 -0.821518
-1.645207 -2.277505
-1.081419 -0.807417
-1.300231 -0.751903
-1.033465 -0.872527
-1.225606 -1.725692
-0.681432 -2.002565
-0.892607 -0.401753
-1.254363 -1.166541
-1.198081 -2.485725
-1.283290 -1.771544
-1.391949 -0.682148
-1.298376 -1.951574
-1.038602 -2.217683
-0.893192 -0.523114
-1.230326 -2.703952
-1.266902 -2.241246
-1.272283 -0.649021
-1.181962 -0.658638
-1.156902 -0.545154
-0.675721 -1.910508
-0.728742 -0.566920
-0.983822 -1.044927
-0.776515 -0.240494
-1.108799 -1.188158
-1.188662 -1.074623
-0.879219 -2.016107
-1.626562 -1.454335
-0.530741 -1.131855
-0.987166 -1.813935
-1.355252 -2.223022
-1.029125 -0.345647
-0.880081 -0.306860
-1.176308 -0.424272
-1.040677 -0.315898
-1.156636 -0.924192
-1.418799 -1.843283
-1.238957 -2.460305
-1.294503 -2.086620
-0.742948 -1.511108
-1.146181 -1.557137
-0.537898 -0.807173
-1.354425 -2.026662
-1.305808 -0.720689
-1.221432 -2.494677
-1.199274 -2.376951
-1.007494 -0.796234
-1.316749 -0.715872
-0.713558 -0.369268
-0.691837 -0.296613
-1.035002 -1.740427
-0.870326 -0.511845
-0.930900 -0.526764
-0.657419 -0.947473
-1.027965 -1.490625
-1.044438 -2.216296
-0.613033 -1.418613
-0.413296 -0.791315
-0.988036 -2.355779
-0.612842 -1.225316
-0.874138 -2.235784
-1.309113 -0.804668
-1.196152 -1.124563
-1.006057 -0.992365
-1.108599 -1.181581
-0.803129 -1.806352
-0.969945 -1.113575
-0.817203 -1.834273
-1.182946 -2.463525
-1.391951 -2.625185
-0.922996 -0.574513
-0.792559 -1.385357
-0.613275 -0.265039
-1.373824 -1.384735
-1.162421 -0.677452
-1.339241 -0.827993
-1.320083 -1.997257
-0.432167 -0.794856
-1.250184 -2.123989
-1.289776 -1.049883
-1.483344 -2.299294
-1.022378 -1.732000
-1.183032 -1.086198
-0.405850 -0.941013
-0.743741 -0.331158
-0.924516 -1.591835
-0.558702 -0.162725
-1.468872 -2.132557
-0.776407 -0.395275
-1.232471 -2.340056
-0.674307 -1.157171
-0.506634 -0.909121
-1.057520 -0.615681
-0.619068 -1.139887
-0.918182 -1.150834
-1.031195 -0.593146
-0.579425 -0.383931
-1.293830 -2.475520
-1.184188 -1.472432
-0.950976 -1.031125
-1.168619 -0.582584
-0.733914 -0.453577
-1.240711 -0.746308
-1.391188 -2.105869
-0.881653 -0.752130
-0.784335 -1.342767
-1.002704 -0.047735
-0.450410 -0.690354
-1.536022 -1.856073
-0.892201 -2.047690
-1.213473 -0.499297
-1.215157 -0.577038
-1.329544 -2.452412
-0.770553 -0.470745
-1.103362 -1.933531
-0.665976 -0.160961
-1.263012 -1.007223
-1.347644 -1.471450
-0.503475 -1.198861
-1.116786 -0.669023
-0.858311 -2.177323
-0.275306 -1.141010
-1.027987 -1.749928
-0.883781 -1.913525
-1.263037 -0.786498
-1.116083 -1.031532
-1.117829 -2.244753
-1.397910 -1.062711
-1.002256 -1.691612
-1.517925 -1.346469
-1.043885 -1.086595
-1.382602 -1.842327
-1.100088 -2.273904
-0.808332 -1.904051
-0.877856 -0.994850
-0.845838 -0.988232
-1.055072 -2.513154
-0.683708 -1.267364
-1.146981 -1.871167
-1.164207 -1.439446
-0.564861 -1.505196
-0.473638 -0.687378
-0.749586 -0.380755
-0.993820 -0.145561
-1.068053 -0.312077
-0.550556 -0.632101
-1.295408 -1.634986
-1.132495 -0.191567
-1.247275 -0.743332
-1.150816 -0.505691
-0.921654 -0.188650
-0.896498 -2.342404
-1.187366 -2.400538
-1.148384 -2.293324
-0.727372 -0.215028
-0.880086 -1.555276
-1.073184 -0.130238
-1.214066 -0.910578
-1.037223 -0.185026
-1.483288 -2.295754
-1.540884 -2.043893
-1.560910 -2.197579
-1.384779 -2.289602
-1.156848 -2.080748
-1.242903 -0.706211
-0.572744 -0.197130
-1.068393 -0.933227
-0.690345 -0.871605
-0.617382 -1.295485
-0.989095 -1.346721
-0.715190 -0.990809
-1.437981 -2.548099
-0.903318 -0.717496
-1.212528 -2.306133
-1.135657 -1.892627
-1.127765 -0.206907
-1.181533 -0.898288
-0.685598 -0.333857
-0.843704 -0.556064
-1.303427 -1.478055
-1.439064 -1.355996
-0.881777 -0.846332
-1.129582 -1.660626
-1.262060 -1.090196
-1.020570 -1.978030
-0.516169 -0.895126
-1.070034 -2.326780
-0.631309 -1.193644
-1.383818 -2.030745
-0.554791 -1.245141
-1.241559 -2.620964
-0.796359 -0.989497
-1.141748 -2.313216
-1.260285 -0.991634
-0.517348 -0.809070
-1.036704 -0.928713
-1.161558 -2.144879
-1.586966 -1.683455
-0.956953 -2.094807
-0.572956 -0.825279
-1.157793 -0.423707
-0.884322 -0.499771
-0.754989 -0.881520
-1.366492 -2.286349
-0.521963 -0.702158
-0.450099 -0.554717
-1.496645 -2.291703
-0.977126 -1.652678
-1.075009 -2.536836
-0.546562 -0.360530
-0.885269 -0.452480
-1.326298 -1.121604
-1.176870 -1.168771
-0.738801 -1.312721
-1.220086 -0.406991
-1.263830 -0.397983
-1.200093 -0.799212
-0.778255 -0.295571
-1.400875 -2.140175
-1.203110 -0.554902
-0.775337 -2.029685
-0.771439 -0.977022
-0.932848 -1.317774
-1.397968 -1.626867
-1.328855 -0.948056
-0.460186 -1.185548
-0.505297 -0.637537
-0.699097 -1.482707
-0.846627 -0.458575
-1.066158 -0.459845
-1.262337 -2.919851
-1.297938 -2.346433
-0.656407 -1.128255
-1.430863 -2.031964
-0.780951 -1.694362
-1.104305 -1.290594
-0.987640 -0.534755
-1.256858 -1.516637
-0.908339 -2.463468
-0.569913 -1.136574
-1.461424 -1.097808
-1.241766 -1.589036
-1.365926 -2.313823
-0.423299 -0.823959
-1.093641 -2.147997
-1.478935 -1.123959
-1.232354 -1.813020
-0.691243 -1.212290
-0.751956 0.111754
-1.006733 -2.361301
-1.138685 -2.634936
-0.728529 -1.124238
-1.226460 -2.164162
-1.269756 -0.339977
-1.171024 -1.167267
-1.444752 -1.582525
-0.933796 -1.638878
-1.442931 -2.419763
-0.806098 -1.706515
-0.800950 -1.163600
-1.411071 -2.600971
-0.362888 -0.353448
-0.869584 -1.845759
-0.599191 -0.289601
-1.381825 -1.483163
-0.883511 -0.998437
-1.212052 -2.438799
-1.211102 -0.418635
-1.049396 -1.235685
-0.990821 -1.574901
-0.888164 -2.359313
-1.011971 -2.336096
-0.574331 -0.264088
-0.569307 -0.167172
-1.138742 -0.239934
-1.196800 -0.795930
-0.818042 -0.553750
-1.492986 -2.119449
-1.088597 -0.896271
-1.337953 -2.024254
-0.709008 -1.365029
-1.649930 -1.208959
-0.856485 -1.438815
-0.874504 -0.179164
-0.760514 -0.482830
-0.689337 -1.576718
-0.518847 -0.588879
-1.005329 -0.152865
-0.701820 -1.396879
-1.420630 -1.317155
-0.986396 -0.743092
-0.571677 -0.841823
-1.488848 -1.441974
-0.934763 -0.533019
-0.814300 -0.120425
-0.880573 -0.849690
-1.030414 -1.087937
-0.961116 -0.961704
-0.780746 -0.780979
-1.004989 -2.157348
-1.131453 -0.178680
-1.061216 -1.731886
-1.027390 -2.376592
-1.420923 -2.182740
-1.334401 -0.410177
-1.356466 -2.252721
-0.562870 -1.629545
-1.005448 -1.251003
-1.033754 -0.562126
-0.647110 -1.480430
-0.790642 -1.165064
-0.955442 -0.504645
-0.467611 -0.930092
-0.978630 -1.075057
-0.900688 -1.487869
-0.958323 -1.647280
-1.147345 -2.500635
-1.504533 -1.037436
-1.001970 -0.457359
-0.985860 -1.783883
-0.788492 -1.440120
-1.522654 -3.073584
-0.589502 -0.807775
-1.477779 -1.011260
-0.916896 0.080965
-1.432621 -2.511790
-0.701518 -1.779428
-0.614276 -1.420754
-0.990629 -0.110469
-1.108085 -2.029665
-1.039677 -1.829203
-1.290269 -1.612142
-1.048013 -0.268227
-1.146176 -2.577315
-0.626624 -1.068139
-0.840313 -2.056124
-0.619469 -0.167426
-1.213925 -1.626405
-1.397639 -0.766070
-0.930075 -1.881023
-0.650314 -0.671363
-0.642096 -0.759436
-1.090325 -2.173648
-0.718177 -1.660467
-1.255762 -2.024891
-1.347435 -1.796097
-0.743643 -1.439157
-0.499906 -1.419693
-0.984763 -0.055836
-0.430496 -0.767175
-0.841848 -1.362962
-1.478655 -1.556203
-1.512569 -1.617326
-1.029075 -1.308141
-0.692591 -1.294753
-1.214566 -0.961758
-1.327224 -0.654476
-1.122212 -2.188433
-1.332057 -2.150835
-0.555682 -0.127854
-0.635128 -0.875610
-0.876712 -1.285017
-1.194355 -0.619227
-1.644764 -1.521175
-0.732124 -0.620786
-1.237085 -2.760789
-0.815517 -1.607894
-1.173290 -1.558742
-1.509506 -1.153512
-1.419980 -0.374161
-0.465957 -0.932060
-1.029704 -0.716081
-1.289831 -2.321764
-0.570663 -0.286147
-0.792434 -0.173843
-0.899883 -1.383836
-0.752866 -0.943399
-1.141376 -0.251846
-0.466726 -0.658248
-1.399760 -1.068995
-0.485968 -0.423400
-0.893544 -1.679858
-1.571270 -1.459558
-1.190286 -0.763247
-0.657345 -1.677672
-1.567918 -2.507988
-0.995423 -1.235668
-0.790555 -1.268261
-1.107297 -2.112667
-0.858521 -1.385526
-0.425758 -0.924707
-1.410830 -1.136055
-1.140932 -0.469240
-1.083258 -2.222530
-1.037381 -1.045609
-1.056306 -0.375494
-1.045735 -1.988725
-1.274628 -2.643519
-1.315604 -1.155631
-1.452936 -1.309152
-1.203111 -1.048287
-0.576688 -0.576084
-1.577092 -1.657194
-1.210535 -0.982110
-0.842613 -1.278875
-0.554373 -0.837071
-1.061247 -0.774860
-0.586130 -0.794257
-0.987119 -0.484446
-1.347924 -1.057123
-0.736094 -0.326093
-1.296785 -2.100610
-1.236333 -1.560003
-1.029725 -0.305458
-0.298938 -0.509886
-1.104011 -0.911243
-1.394415 -2.123909
-1.491766 -1.680852
-0.761721 -0.254007
-1.112023 -1.791669
-0.523329 -0.610543
-0.796137 -0.674505
-0.992740 -0.159501
-0.593276 -1.418073
-0.949985 -0.301707
-0.851334 -0.267853
-0.988962 -0.141927
-0.938283 -0.326071
-1.060892 -1.009392
-0.632672 -0.879884
-1.437639 -2.652869
-0.684634 -0.302635
-0.751622 -1.680685
-1.440933 -2.635419
-1.365559 -2.454762
-0.628924 -0.861992
-1.102759 -1.048139
-1.420213 -1.313368
-0.850827 -0.538806
-0.791734 -1.355365
-0.625116 -0.186803
-1.470346 -2.142937
-0.951831 -0.952377
-1.224265 -2.539934
-0.701123 -1.511924
-1.390138 -1.697913
-0.534378 -0.836550
-0.844816 -2.063732
-1.274993 -0.738849
-1.072798 -2.046026
-0.476029 -1.355340
-1.249778 -0.516710
-0.505291 -0.685348
-0.752838 -0.306846
-1.123549 -0.181446
-0.817840 -1.297785
-0.861181 -1.919598
-1.327275 -0.628687
-1.042969 -1.336761
-0.551884 -1.448120
-0.701452 -1.271836
-1.013637 -0.488426
-0.950787 -0.781969
-1.159273 -0.936551
-1.156492 -0.837155
-1.422657 -1.889473
-0.817903 -1.826623
-0.890853 -1.884125
-1.051839 -0.957354
-0.776053 -1.736683
-1.199617 -2.106640
-1.267036 -2.452720
-0.712120 -1.399512
-0.918441 -0.058952
-1.548777 -2.287812
-1.271035 -0.503143
-1.112093 -1.166950
-0.883871 -1.221496
-0.532521 -1.059885
-1.143059 -0.655693
-0.531679 -0.614831
-1.467605 -1.576269
-0.724805 -1.483833
-1.614371 -2.175267
-1.377297 -2.084553
-0.980074 -2.409464
-0.518099 -0.936833
-0.620883 -1.244331
-1.222036 -2.285043
-1.378295 -1.968076
-1.043411 -0.395802
-1.149913 -0.704597
-1.335121 -1.016671
-0.902342 -1.436122
-1.108613 -1.485420
-1.109361 -0.709673
-1.277281 -2.556142
-0.430577 -1.250602
-1.294571 -1.929255
-1.438483 -1.682113
-0.876889 -0.774008
-0.836748 -0.490342
-1.289614 -1.700994
-1.239068 -0.713856
-0.512317 -0.780758
-1.372585 -1.078410
-0.603096 -1.429731
-1.537823 -0.998175
-1.162693 -2.225739
-1.272624 -0.947427
-0.838344 -0.249387
-1.190984 -1.017355
-0.959280 -1.812163
-1.240980 -2.273940
-0.951861 -0.821034
-0.768737 -1.473444
-0.535281 -1.177343
-0.665640 -0.523039
-0.803266 -1.260121
-0.719350 -0.934557
-0.791194 -1.295434
-0.762043 -1.539975
-1.007980 -2.124159
-1.276365 -2.270723
-1.577205 -1.493055
-1.167898 -0.689299
-1.127270 -2.477618
-0.924076 -2.184991
-1.424119 -1.579684
-1.266439 -1.448035
-0.721621 -1.756429
-0.896909 -0.103612
-0.942897 -1.053758
-1.266845 -0.413069
-1.029983 -1.576769
-1.133556 -0.423635
-0.752887 -1.936282
-1.110164 -0.556984
-1.379642 -1.110846
-1.214643 -2.534767
-0.739324 -1.579724
-1.142365 -1.852355
-1.134964 -2.344364
-0.891049 -1.466477
-0.671412 -0.707851
-0.559750 -0.485808
-1.483589 -1.392562
-1.127200 -1.806925
-0.876789 -2.022274
-0.992967 -0.217764
-1.044891 -0.803749
-1.159229 -1.090954
-0.988798 -0.294640
-1.420052 -0.625001
-0.502854 -0.473526
-1.256332 -2.207154
-0.568433 -1.553727
-1.113111 -0.100401
-0.545968 -1.427075
-1.450987 -2.177976
-1.279331 -0.778916
-0.299099 -0.913815
-1.279649 -0.350198
-0.612161 -1.483779
-1.148635 -0.203946
-0.610342 -0.540000
-1.137371 -1.013924
-0.443991 -0.811080
-1.190180 -1.231869
-0.455148 -0.896478
-1.441316 -0.967234
-0.927808 -0.099919
-0.736871 -0.458396
-1.065035 -1.823371
-1.510203 -1.222323
-1.183977 -2.581867
-1.317670 -2.280670
-0.649114 -1.511487
-0.617464 -1.203001
-0.952185 -1.226044
-0.771378 -0.886356
-0.910855 -1.089503
-0.922208 -0.592410
-0.743521 -0.518646
-0.946387 -1.976752
-0.792380 -0.070188
-0.930763 -1.077353
-1.055408 -2.492105
-1.451599 -1.470174
-1.390966 -2.434636
-1.059679 -1.675352
-0.823040 -0.200057
-1.077488 -0.338928
-1.423731 -0.840155
-0.547161 -0.441427
-1.253412 -1.355233
-1.310354 -0.733052
-1.278509 -1.378567
-1.203539 -0.760936
-1.019028 -0.362052
-1.207578 -1.794188
-1.164591 -2.155651
-0.761452 -1.577062
-1.138871 -2.370599
-1.100920 -1.553010
-1.247117 -1.721404
-0.820196 -1.596996
-1.177430 -1.699430
-1.553337 -1.817445
-1.008470 -1.276002
-1.461479 -1.543611
-0.947836 -0.295141
-0.801723 -0.513965
-0.826546 -1.109174
-1.070585 -1.006226
-1.079887 -2.322406
-0.757901 -1.398367
-1.435008 -1.300079
-0.918301 -0.205153
-0.781131 -1.407122
-1.189507 -0.860725
-1.538322 -2.445952
-0.427643 -0.449811
-0.761138 -0.386950
-0.326258 -0.403540
-1.376825 -1.517178
-0.501135 -0.612735
-1.315055 -1.867445
-0.630099 -1.317213
-0.897453 -0.670262
-1.077608 -2.607456
-1.511041 -2.171488
-0.370400 -1.001281
-1.354030 -0.897640
-1.257799 -0.319463
-1.486053 -1.332098
-0.644491 -1.893281
-1.461850 -1.854776
-0.963847 -1.556267
-0.985463 -0.557534
-0.541385 -1.093488
-1.291675 -1.780210
-1.586041 -2.347186
-0.915869 -0.104754
-0.664085 -0.272658
-1.460111 -2.157101
-1.097371 -1.292803
-1.014968 -0.265542
-1.247495 -1.056146
-1.381663 -0.608166
-0.873530 -0.301478
-0.791785 -0.111632
-1.326924 -0.864919
-1.280290 -1.152914
-1.618771 -1.753454
-0.555535 -1.603884
-1.001968 -0.855617
-1.560798 -2.052182
-0.807485 -0.325750
-1.301291 -1.907585
-0.915852 -0.262567
-1.375915 -0.920921
-0.943613 -0.392601
-0.916257 -2.124092
-0.916881 -1.589672
-1.207960 -2.456655
-0.796814 -0.807787
-0.805472 -0.743981
-0.637659 -1.018233
-0.679498 -0.177894
-1.239789 -0.523390
-1.164008 -2.540960
-0.758014 -0.267150
-1.337766 -0.654176
-0.913627 -1.229668
-0.558097 -1.111302
-0.599482 -0.516694
-0.581594 -1.649374
-1.357074 -1.238017
-1.077359 -1.982677
-0.698633 -0.431548
-1.372011 -0.902306
-1.156186 -0.948836
-1.493593 -1.126708
-0.782596 -1.615278
-1.141785 -0.353852
-0.860636 -1.054681
-1.106177 -2.068214
-1.157326 -0.753188
-0.546317 -1.496890
-0.789323 -1.214711
-0.789738 -1.931467
-0.816312 -1.303488
-0.868583 -0.196988
-1.260613 -1.897703
-1.145640 -1.710476
-0.523656 -1.401594
-1.011424 -1.992323
-1.283312 -1.366681
-1.067997 -2.189141
-1.133458 -0.406384
-1.104347 -1.895681
-0.791134 -0.812354
-1.026585 -2.662766
-0.577632 -1.532075
-1.236396 -0.812527
-1.546837 -1.547005
-0.728366 -0.798832
-0.599794 -0.752255
-0.841826 -0.147076
-1.263182 -0.340827
-0.777538 -1.130615
-1.055768 -2.184501
-0.757408 -0.790799
-1.195841 -1.154236
-1.143710 -0.567276
-1.464935 -0.841884
-0.842875 -1.325371
-1.102758 -0.222112
-1.116414 -1.163551
-1.004071 -0.204175
-1.075817 -1.193757
-0.982751 -1.792714
-0.580262 -0.471560
-0.931724 -0.357988
-1.136192 -1.235402
-0.780631 -1.807330
-1.272934 -0.747176
-0.467449 -0.538127
-0.929774 -2.044319
-1.291053 -0.711700
-1.339751 -0.947931
-0.983105 -2.308051
-0.986593 -1.445327
-0.417351 -0.687954
-0.562386 -0.921886
-0.965607 -0.647762
-0.812148 -1.221141
-1.397853 -2.425290
-0.559350 -0.914071
-1.291107 -0.881864
-1.365999 -1.735655
-0.538838 -0.603068
-0.619497 -1.469980
-0.775062 -1.776038
-0.664482 -0.787804
-1.110418 -2.779176
-0.801451 -1.815862
-1.235809 -2.259424
-1.498917 -1.016309
-0.497240 -1.292796
-1.252396 -2.203549
-1.370808 -2.840633
-1.116726 -0.786559
-0.948559 -0.978241
-1.000826 -2.161005
-1.379302 -0.824892
-1.408252 -0.833130
-1.305267 -0.214289
-1.583574 -2.063424
-0.756190 -0.172007
-0.590725 -0.950252
-1.011460 -1.560149
-0.895676 -0.633212
-0.921252 -0.008061
-1.353870 -1.113268
-1.357442 -1.047229
-1.067793 -1.681379
-1.500422 -1.363213
-1.128744 -1.942812
-1.554563 -1.606596
-0.570813 -0.923742
-1.601531 -2.058586
-1.369976 -2.447344
-1.566755 -2.049901
-1.251719 -0.625195
-0.664586 -0.330510
-1.025687 -0.974588
-0.610848 -1.482049
-1.080998 -0.745539
-1.188258 -0.941862
-1.301626 -2.186590
-1.563236 -2.079604
-0.955682 -0.254676
-1.105823 -2.032658
-1.058668 -0.964366
-0.718857 -1.183908
-0.774853 -1.070570
-0.885084 -0.189562
-0.291693 -0.516844
-1.375860 -2.220175
-1.319211 -1.960489
-1.514813 -1.264489
-0.390676 -0.816388
-1.484222 -1.351009
-0.846123 -1.736161
-1.200179 -2.223416
-0.663326 -1.542210
-0.574422 -1.581399
-1.047790 -0.395373
-0.768544 -0.526225
-1.117255 -2.776402
-1.000031 -0.397494
-1.175802 -1.904197
-0.957947 -1.017246
-1.025518 -1.782792
-1.002022 -0.199931
-0.529231 -0.408299
-0.424411 -0.652601
-0.870000 -1.614467
-0.931432 -1.559560
-0.545287 -0.511220
-1.620431 -2.832196
-0.810798 -0.378448
-1.600187 -2.144374
-1.388784 -2.032371
-0.908893 -0.227443
-0.775696 -1.572666
-1.272684 -2.826047
-1.535272 -2.482707
-0.601193 -0.492368
-0.978484 -0.146205
-1.260028 -0.474618
-1.282990 -1.664901
-0.914232 -0.735091
-1.157387 -1.651415
-0.912557 -0.967421
-1.025988 -0.486116
-1.156413 -0.483067
-1.387925 -2.014954
-1.096013 -0.602221
-0.924812 -1.667666
-0.950549 -0.545979
-1.325022 -1.881602
-0.721581 -1.347850
-0.397289 -0.491211
-1.564817 -1.197666
-0.882933 -1.769626
-1.104858 -0.679615
-0.418010 -0.869825
-1.366025 -0.414585
-1.079525 -2.318584
-0.496292 0.194178
-1.280332 -2.725923
-1.256065 -1.803573
-0.626219 -0.944289
-0.380347 -1.270066
-1.085538 -1.509431
-0.647881 -0.436229
-0.729093 -0.403771
-1.018943 -0.202118
-1.070402 -0.171571
-0.978977 -0.124559
-1.124226 -2.462790
-1.351082 -2.611520
-1.052934 -1.880224
-1.298439 -0.879058
-1.085079 -2.573822
-0.474620 -0.557418
-1.340168 -1.077640
-1.017418 -0.866337
-1.383486 -1.083787
-1.276953 -0.925049
-1.199161 -0.762055
-1.327169 -2.199867
-0.880693 -0.783886
-0.584763 -1.114993
-1.083301 -1.565587
-0.933483 -0.170123
-0.797694 -0.706028
-1.261080 -0.727323
-1.490256 -2.176110
-0.872876 -1.828551
-0.962606 -2.412615
-0.541222 -0.312364
-0.921880 -1.255120
-1.150939 -0.327554
-0.713856 -0.604341
-1.337207 -0.729835
-0.651517 -1.170335
-0.607661 -0.627589
-1.263220 -1.514108
-0.887741 -2.227616
-0.987896 -0.745391
-1.350738 -1.323337
-1.205204 -2.587362
-1.130514 -2.650311
-1.289372 -0.881117
-0.819477 -0.196792
-1.345942 -1.317831
-1.412805 -1.951425
-0.362768 -0.984029
-0.468179 -0.707249
-0.877166 -0.169167
-1.730649 -2.656171
-1.238922 -2.668296
-0.861412 -0.681935
-0.758210 -0.370654
-0.405786 -0.333671
-1.371767 -0.631346
-1.489158 -1.785362
-0.772566 -0.630008
-0.987723 -0.488349
-0.913517 -1.638607
-1.066046 -0.703875
-1.268453 -2.484591
-0.726866 -1.448498
-1.303548 -0.583042
-0.923112 -1.584604
-0.866060 -1.924039
-0.748494 -0.093592
-0.714064 -0.235986
-0.846223 -1.546407
-0.723387 -0.662384
-0.791670 -0.271318
-1.122644 -0.145858
-0.729054 -0.556505
-0.699345 -1.273662
-1.555449 -1.093555
-0.923103 -1.672710
-1.258855 -1.685116
-1.107558 -0.392797
-1.278769 -0.719989
-0.807508 -0.770464
-0.896410 -1.030221
-1.154195 -0.139679
-0.927888 -2.425614
-0.345692 -0.443765
-0.992152 -1.167857
-1.751677 -2.153214
-1.125129 -2.414878
-0.535157 -0.413926
-0.753257 -1.639241
-1.203217 -2.556984
-0.853843 -0.811717
-1.316140 -1.150684
-1.082932 -1.249963
-1.196808 -1.027987
-1.117499 -0.734625
-0.794016 -0.198620
-0.979353 -0.886794
-1.235038 -1.879998
-0.860925 -0.463130
-1.320494 -1.453332
-1.268704 -1.732351
-0.965162 -2.278851
-1.123466 -2.318072
-1.366721 -1.638044
-0.995034 -0.357198
-0.747460 -0.989041
-1.283026 -2.376661
-1.372737 -0.712522
-0.919902 -0.178349
-0.641625 -1.097012
-0.619428 -0.205785
-1.106568 -0.186671
-1.299957 -1.064814
-1.324669 -2.212466
-0.477342 -1.268099
-1.039025 -1.801792
-0.711234 -0.270020
-0.434262 -0.628280
-1.249014 -1.643732
-1.410615 -2.360128
-0.861784 -1.839785
-0.476254 -0.478321
-0.494504 -0.858827
-1.263873 -2.176163
-1.044317 -2.623686
-0.639422 -0.822658
-0.919439 -0.956410
-0.816439 -2.177442
-0.980793 -0.888398
-0.546192 -1.202649
-0.987804 -1.685679
-0.878607 -0.898633
-0.756485 -0.884826
-1.382404 -2.450583
-1.072421 -1.883003
-1.342165 -2.435119
-0.986078 -0.196158
-1.491823 -2.458436
-1.154189 -0.542508
-0.773079 -1.198202
-1.184468 -0.683375
-1.336192 -1.033599
-0.724123 -0.919175
-0.971265 -0.885897
-1.103380 -0.636727
-1.371486 -2.628639
-0.424644 -0.920887
-0.730784 -0.232456
-1.226784 -0.732486
-1.028117 -1.333665
-1.068255 -2.336578
-0.901795 -0.382237
-0.949630 -0.652119
-1.305611 -1.613919
-0.981687 -2.200234
-0.930903 -0.357132
-1.551750 -1.299423
-0.575621 -1.216007
-0.975635 -2.218405
-1.393186 -2.205414
-0.753677 -1.214031
-1.232636 -2.563521
-1.039566 -1.199706
-0.688986 -1.090098
-1.354210 -1.924264
-0.724180 -0.351173
-1.174003 -2.095762
-1.409336 -1.223466
-0.559659 -1.530734
-1.012121 -0.851743
-0.685346 -1.026354
-1.094439 -2.347678
-1.397038 -2.070617
-1.164073 -0.710489
-1.139267 -1.751760
-0.441467 -0.666407
-1.264316 -1.183604
-1.041219 -0.832272
-0.852923 -1.787403
-0.691097 -1.947441
-0.667391 -1.693143
-0.602403 -1.517584
-1.199069 -0.907084
-0.760344 -0.615972
-0.570607 -1.749002
-0.848657 -0.165164
-1.223989 -0.972716
-0.750999 -1.747249
-0.808846 -0.092506
-1.376652 -0.663060
-1.148773 -2.114817
-0.611764 -1.099833
-0.897020 -0.820554
-1.446180 -1.952570
-0.802085 -0.897367
-0.606441 -0.154145
-1.640268 -2.131740
-0.831009 -0.901420
-1.325733 -2.573713
-1.010445 -2.189396
-1.117950 -2.366829
-1.319397 -2.657481
-0.571177 -1.564020
-0.590438 -1.153442
-0.716101 -2.011567
-0.516002 -1.352996
-1.203694 -0.301570
-1.017544 -0.705601
-0.845895 -0.521060
-0.636766 -1.579346
-0.825287 -2.014190
-0.951511 -1.292807
-1.139770 -1.512358
-1.124431 -2.347482
-0.782448 -1.463596
-1.164714 -0.451026
-1.405974 -1.209982
-1.112611 -1.520836
-1.282040 -1.685705
0.287937 -0.054267
-1.239282 -2.254213
-1.408002 -2.013438
-0.803593 -2.003861
-1.339648 -1.283613
-1.172990 -0.850572
-0.731187 -1.337344
-1.509065 -1.091160
-0.998472 -0.837926
-0.671923 -0.538503
-1.169536 -0.750527
-0.850460 -0.431964
-0.406711 -0.347667
-1.202876 -2.229854
-1.151501 -1.856058
-1.165654 -1.732894
-1.202117 -2.412246
-1.023169 -0.915200
-0.677826 -1.929086
-0.533823 -0.577825
-0.980419 -1.179480
-1.125213 -0.720555
-0.542360 -1.113686
-1.358770 -2.212830
-0.767455 -0.458462
-1.265723 -0.534119
-1.117421 -1.094677
-0.852419 -2.007471
-1.224544 -1.117015
-0.714284 -1.233726
-1.494918 -1.763208
-1.336039 -0.678714
-1.473092 -1.574485
-1.120762 -1.795977
-0.784949 -0.716410
-0.687070 -0.270070
-1.494116 -1.877227
-0.518112 -1.073616
-1.069587 -1.293482
-0.964967 -2.376795
-1.100082 -0.559915
-0.608389 -0.478766
-0.746329 -1.099797
-1.491532 -1.678456
-1.377629 -0.794047
-1.208141 -2.492872
-1.480212 -1.036857
-1.132015 -0.703091
-0.805068 -1.124797
-1.089894 -0.412242
-1.310068 -0.518854
-1.312041 -0.744821
-0.609982 -1.429440
-0.892323 -0.321628
-1.530856 -1.118963
-1.263738 -0.492732
-0.728284 -0.357902
-0.910521 -0.313240
-0.964772 -1.555014
-1.328210 -2.295075
-1.462497 -0.969712
-0.645169 -0.951979
-1.006811 -0.385844
-1.472719 -1.484687
-1.643536 -1.614613
-1.295929 -0.818572
-1.310745 -1.180459
-1.406239 -1.515260
-0.941812 -2.306818
-0.617194 -0.645324
-0.803807 -1.986059
-1.649405 -1.965194
-0.884495 -0.440360
-1.470274 -2.012388
-1.361706 -2.401906
-0.393498 -0.833360
-1.598573 -2.199693
-1.535096 -2.129263
-1.124881 -0.566199
-1.269634 -2.469419
-0.618909 -1.610958
-1.184567 -0.869195
-1.280601 -1.881796
-0.975956 -1.517991
-0.504287 -0.344388
-0.776876 -1.134907
-0.382377 -0.888278
-0.870357 -1.880489
-1.392085 -0.788548
-1.619925 -1.891802
-0.607401 -0.887868
-0.397018 -1.083627
-0.519519 -1.367630
-1.002395 -0.429212
-1.619350 -2.452352
-1.274333 -1.344369
-1.452543 -1.682047
-0.867881 -1.825853
-0.854354 -0.439625
-1.359511 -0.678994
-0.465993 -1.169799
-0.759672 -0.066306
-0.747926 -1.696965
-1.103059 -1.411630
-0.660662 -1.170536
-1.489279 -1.850580
-1.440423 -1.082720
-1.124049 -2.593917
-0.634291 -0.231301
-1.403468 -1.457361
-1.002522 -0.982858
-0.656507 -0.347090
-1.438430 -2.895328
-1.256601 -1.006718
-0.922797 -1.469347
-1.059071 -1.403543
-0.839475 -1.536270
-0.848432 -0.343669
-1.381930 -1.260854
-0.531509 -0.593936
-1.424948 -1.854598
-0.982379 -2.361285
-1.210312 -1.817689
-1.041994 -0.662381
-1.411898 -1.607318
-1.127609 -1.251251
-1.145506 -0.660499
-1.051530 -1.020872
-0.693028 -0.835202
-1.196158 -1.509461
-1.241014 -0.465871
-1.144927 -2.324615
-0.640130 -0.928400
-1.501847 -1.178388
-0.763554 -0.640289
-0.982310 -1.960412
-1.513588 -1.653249
-1.065318 -1.771260
-0.903798 -1.436520
-1.121882 -1.587637
-1.084774 -0.640912
-0.397808 -0.514419
-1.111075 -0.229589
-1.235216 -2.172177
-0.500161 -0.459599
-1.031635 -1.045528
-1.069291 -0.942801
-0.489492 -0.898055
-0.934641 -0.551661
-1.323382 -1.980340
-0.879139 -0.989683
-0.843541 -1.427497
-0.368755 -0.724259
-0.868071 -0.926619
-0.852639 -1.642746
-1.280779 -2.258945
-1.419556 -1.649004
-1.151009 -1.846346
-1.050665 -1.439521
-1.090776 -0.396285
-0.549798 -0.916045
-1.138463 -1.440543
-0.980203 -0.673512
-1.605665 -2.767137
-1.157882 -1.485936
-1.017776 -0.094267
-1.284724 -2.072861
-1.215381 -2.736924
-0.853770 -2.052189
-1.128658 -1.239793
-1.092720 -1.990330
-1.089788 -1.722276
-0.906774 -1.142112
-0.574941 -0.682825
-1.079374 -1.676770
-0.851124 -1.685450
-0.525565 -1.514109
-1.347144 -2.261567
-0.797305 -1.960361
-0.599618 -0.355951
-0.517286 -0.730683
-0.903301 -1.900817
-0.441231 -1.149407
-0.748622 -1.625449
-0.592302 -1.664589
-0.675823 -1.538479
-0.849087 -1.312515
-0.732324 -1.886505
-1.375030 -1.358724
-0.949345 -1.778904
-1.502531 -1.541858
-1.070325 -0.665821
-1.003661 -0.231771
-1.188989 -0.991115
-0.573555 -0.731940
-0.625496 -0.497161
-1.459282 -1.425259
-1.203707 -0.405586
-1.045143 -1.902418
-1.360766 -2.577436
-0.604315 -0.453070
-0.994800 -1.608775
-1.433797 -1.359722
-1.501758 -2.323997
-1.083853 -1.614260
-0.983585 -2.069236
-1.013006 -0.261461
-1.060444 -0.363990
-1.289492 -1.259452
-1.145516 -0.446593
-1.250993 -2.417516
-0.902301 -0.362291
-0.698820 -0.159713
-1.219145 -2.500103
-1.354833 -1.445925
-1.258669 -2.261352
-1.471810 -2.366664
-1.143958 -0.518071
-0.474618 -0.841489
-0.289883 -0.709129
-0.961668 -1.725231
-0.687674 -0.832564
-1.567304 -2.817807
-1.084226 -0.422285
-0.635516 -1.275769
-0.876826 -0.950025
-1.403230 -2.174458
-1.461533 -1.894290
-1.443773 -1.266549
-0.746426 -0.330341
-0.604725 -1.476352
-0.690384 -1.504540
-1.421863 -2.451478
-0.778480 -1.021939
-0.328032 -0.991795
-0.599782 -0.844073
-0.610977 -1.395526
-1.293054 -2.426805
-1.445751 -2.015301
-0.788083 -0.973938
-0.389983 -1.029843
-1.025582 -0.273174
-0.561776 -1.200683
-1.290201 -2.015546
-0.998076 -2.516443
-0.823994 -2.094628
-0.658523 -1.853721
-0.941329 -1.919098
-0.947235 -0.148794
-1.294414 -1.559133
-1.143957 -0.424817
-0.773187 -1.271992
-1.535351 -2.031650
-0.699914 -0.533539
-1.108261 -0.949261
-0.920087 -2.187065
-1.333058 -0.426180
-1.525334 -1.795162
-0.807759 -1.039047
-1.178458 -1.221320
-1.520367 -1.436225
-1.368430 -1.279697
-0.499639 -0.440349
-1.037870 -1.617715
-1.301597 -0.573206
-1.106072 -0.284490
-0.578623 -1.315674
-0.963233 0.086424
-1.052786 -1.203647
-0.942298 -0.754582
-0.647565 -0.459115
-0.683854 -0.319319
-1.236994 -2.465498
-1.523223 -1.833701
-0.513596 -0.819631
-1.368036 -0.468985
-1.225889 -0.993334
-1.289315 -0.971468
-0.514128 -1.041099
-0.400588 -1.041841
-1.348727 -1.855207
-1.551502 -1.233375
-0.930294 -2.054082
-0.453399 -0.466286
-1.078056 -0.750860
-0.815834 -0.872665
-0.509622 -0.769144
-1.249020 -2.552081
-0.734283 -1.581153
-1.279856 -2.494956
-0.418497 -0.463339
-0.669567 -1.141636
-1.290094 -1.051599
-0.743691 -0.857158
-0.913032 -0.822323
-1.334366 -1.807060
-0.877090 -1.040343
-1.172453 -1.749329
-1.160110 -0.337390
-0.645562 -1.197070
-0.947456 -1.313625
-0.543614 -0.697379
-0.789596 -0.720671
-0.791135 -1.501659
-0.747073 -0.742050
-0.552467 -0.707410
-0.673880 -0.327382
-1.244294 -1.673647
-1.113061 -1.489666
-0.406648 -0.414028
-1.039308 -0.625885
-0.577518 -1.297134
-1.610372 -1.851163
-0.572262 -0.495838
-1.139799 -2.437068
-0.735330 -1.306362
-1.347329 -2.482316
-1.479086 -2.018672
-1.292227 -1.763956
-0.716436 -1.661719
-1.097392 -2.502675
-0.484727 -1.128498
-1.125471 -2.396711
-0.849373 -1.490190
-1.249824 -0.471234
-0.933393 -1.092114
-0.751921 -1.297575
-1.167030 -2.353968
-1.032685 -0.874769
-0.606500 -0.429858
-1.156706 -2.194333
-1.312268 -2.504762
-1.048803 -2.378168
-0.571840 -1.263926
-0.521513 -0.472821
-0.473537 -0.470293
-0.665628 -0.375108
-0.407308 -1.418587
-1.440341 -1.152526
-1.094935 -0.421296
-1.381075 -1.642932
-1.515909 -1.751114
-0.888497 -2.273106
-1.468401 -0.846979
-0.908676 -0.515333
-0.953723 -2.309445
-0.808352 -0.301686
-1.131698 -2.123916
-0.987436 -0.919082
-1.084649 -0.612100
-1.037743 -2.077225
-1.291476 -1.176257
-1.376562 -0.977831
-0.436949 -1.201752
-1.017459 -1.201913
-1.072024 -2.364581
-0.632379 -0.159147
-1.522087 -2.531205
-0.945290 -1.607505
-1.250643 -0.875461
-1.143550 -2.540439
-0.907467 -2.186614
-1.121402 -0.408321
-0.610046 -1.627844
-1.118543 -0.665317
-0.493296 -0.572025
-0.835239 -1.719547
-1.190927 -1.865963
-1.053675 -0.354058
-0.994650 -1.110378
-0.838376 -1.463665
-0.613279 -0.408950
-1.043096 -1.210767
-0.921673 -0.567357
-1.313722 -1.201825
-0.804308 -0.225720
-0.660710 -0.296719
-0.399450 -1.252234
-0.987025 -0.839037
-1.107668 -1.928433
-1.334397 -2.315040
-0.522573 -1.461800
-0.602306 -0.752857
-0.710099 -0.495914
-0.991331 -0.992380
-0.852128 -1.254821
-0.475604 -0.366234
-1.311274 -0.550708
-1.006806 -0.587742
-1.212734 -1.021744
-0.920780 -1.437891
-0.864653 -2.028091
-0.656296 -1.762111
-0.715820 -0.271539
-1.040506 -1.693034
-0.450690 -0.787290
-1.196234 -0.764387
-1.375485 -0.591435
-0.871429 -1.745654
-1.279349 -0.352769
-1.150715 -1.059037
-0.622252 -1.621371
-1.245685 -1.445232
-1.398161 -2.180341
-0.849065 -1.551249
-0.807582 -1.447381
-1.202959 -1.383205
-1.281916 -0.876755
-1.503176 -2.089499
-0.858141 -1.638652
-0.898119 -1.690236
-1.207745 -1.427641
-0.777944 -0.153390
-1.084239 -0.538747
-1.204477 -1.958159
-1.346399 -1.206267
-0.881824 -0.530309
-0.816851 -0.753912
-0.611590 -1.644588
-0.529734 -0.316324
-1.139331 -0.433812
-0.855035 -1.189764
-0.747739 -0.189989
-1.097807 -1.658490
-0.579110 -0.670714
-1.395077 -0.983635
-0.848841 -0.204085
-0.837082 -1.729830
-1.096507 -1.100926
-1.142972 -1.096511
-0.708246 -0.919858
-1.300071 -1.791316
-1.481218 -1.418811
-0.567727 -1.674726
-1.201112 -0.519858
-1.156866 -0.479320
-0.560893 -1.362593
-0.762632 -0.194137
-0.659566 -1.463408
-0.374879 -0.461817
-1.385719 -1.456910
-0.660361 -0.289647
-1.216093 -0.608775
-1.500448 -2.516332
-0.699529 -1.542033
-0.702184 -0.329063
-1.409667 -2.482620
-1.197453 -1.683811
-0.918894 -0.767519
-0.880974 -1.174644
-0.852903 -1.896968
-1.082574 -0.655914
-0.700963 -0.380303
-1.303719 -1.790336
-1.245461 -2.710344
-0.891059 -2.101921
-0.891183 -1.943276
-0.674125 -0.448585
-1.335277 -1.389479
-0.782386 -1.514324
-0.826816 -1.025604
-1.344885 -1.212959
-0.715534 -0.264916
-1.117441 -0.298039
-1.147660 -0.677740
-0.863663 -0.950555
-0.956495 -1.642181
-0.774246 -0.419717
-1.497199 -2.011254
-0.688587 -0.842532
-1.006664 -0.298643
-1.266607 -1.005884
-1.114296 -1.127384
-1.043214 -1.698468
-0.661479 -1.089749
-0.512040 -0.664220
-1.208704 -1.959423
-1.016381 -1.313949
-1.023715 -1.784482
-1.275869 -1.040300
-1.053334 -2.402545
-0.933664 -0.903057
-1.234505 -1.093906
-0.952308 -1.718635
-0.467466 -0.911400
-1.410905 -2.274505
-0.651762 -0.934442
-0.983139 -1.114126
-0.977297 -1.576766
-1.474782 -1.624696
-1.615729 -2.389168
-0.712832 -1.855871
-1.229562 -0.559019
-0.988852 -1.125903
-1.279106 -1.187318
-1.506802 -2.579462
-0.719476 -1.378308
-0.982783 -0.207288
-0.600013 -0.702964
-1.340880 -1.353355
-0.715589 -0.985890
-1.380091 -1.366851
-1.172169 -1.774916
-1.245386 -0.406878
-1.291148 -0.727184
-0.886521 -1.743544
-1.091820 -1.421485
-1.341340 -2.216921
-0.960928 -2.227130
-0.993592 -0.284606
-0.890109 -0.420610
-0.402472 -0.363782
-0.994777 -1.917781
-1.029973 -2.071465
-0.807766 -1.086084
-1.452636 -1.891538
-0.718238 -0.704521
-0.982721 -1.314166
-1.201146 -2.618569
-1.216257 -0.528374
-1.207063 -2.211088
-1.195742 -1.133887
-1.000407 -1.429492
-1.641089 -2.932244
-0.953915 -1.955742
-0.951696 -0.778200
-1.220591 -1.973703
-0.811083 -0.480609
-1.108523 -0.744467
-1.146675 -0.605188
-0.654056 -0.491900
-0.770757 -0.500064
-1.463690 -1.673252
-1.362266 -0.789123
-0.772552 -1.276169
-1.151142 -1.444380
-1.221736 -1.871803
-0.821137 -0.280077
-0.937166 -2.119561
-1.276481 -1.435859
-0.848297 -1.148567
-1.013410 -0.884056
-0.804898 -0.086835
-0.570465 -1.345593
-1.025340 -0.890815
-0.959469 -0.521414
-1.157792 -1.318215
-0.447891 -1.430447
-1.008266 -2.359625
-0.939782 -1.991535
-0.520644 -0.457029
-0.666832 -0.487177
-1.223601 -1.426621
-1.356826 -2.463636
-1.235144 -0.343876
-0.932553 -0.074045
-0.754054 -1.372217
-0.587952 -0.646838
-0.452594 -1.358288
-1.130375 -0.268679
-1.235597 -1.140220
-0.736766 -0.657030
-0.648006 -0.406747
-0.368310 -0.721489
-1.079792 -0.117880
-1.145725 -0.940677
-0.619677 -0.824172
-1.037355 -1.582947
-0.385261 -1.052296
-1.299967 -1.026644
-1.443014 -1.077664
-0.820735 -1.813174
-0.957416 -0.347846
-0.555956 -0.383462
-0.520258 -1.228345
-1.049578 -0.132147
-1.238076 -1.826448
-1.435783 -1.553998
-1.038776 -1.939159
-0.387521 -0.955481
-0.502991 -1.439098
-0.466577 -0.966350
-1.128226 -0.839133
-0.558202 -0.897299
-1.286659 -0.758628
-1.013622 -0.576164
-0.994958 -0.565883
-1.076694 -2.204037
-1.460412 -2.136663
-0.704282 -0.116372
-1.287026 -2.354321
-0.940476 -1.358709
-1.329594 -1.499471
-1.260357 -1.073529
-1.345612 -2.635326
-0.949900 -1.767416
-0.914322 -1.465793
-0.510242 -0.833303
-1.273116 -1.548258
-1.344038 -0.479413
-1.227901 -1.425340
-0.944795 -0.263996
-1.153565 -0.366058
-1.471063 -1.116501
-1.313969 -1.064883
-0.769436 -1.679551
-1.174457 -1.372784
-1.312484 -2.193510
-0.710723 -0.792556
-0.475620 -1.080745
-1.472609 -2.214359
-1.431806 -2.484656
-0.834874 -1.016240
-1.110093 -0.366491
-1.255546 -1.217128
-0.802134 -1.337374
-1.583384 -1.629549
-0.751096 -0.106682
-0.983711 -0.633045
-1.317451 -0.708250
-1.502373 -1.049667
-1.131476 -0.481931
-0.752779 -1.369416
-0.885868 -0.446165
-1.102497 -1.507766
-1.083499 -1.634104
-0.472205 -0.864107
-1.213760 -1.751912
-1.295720 -0.875427
-0.851676 -1.296253
-0.938583 -0.566527
-1.135582 -0.481497
-1.084341 -0.956941
-1.336931 -1.066475
-0.797439 -1.350713
-1.561689 -1.955235
-1.386376 -1.980625
-0.556310 -1.426683
-0.767825 -0.948373
-1.070499 -1.932911
-0.583690 -0.974163
-1.587900 -2.291293
-1.032479 -2.044876
-0.863723 -1.017208
-0.790670 -0.245898
-1.284940 -1.120179
-1.425279 -2.569068
-0.677448 -1.217440
-0.591788 -0.326925
-1.113452 -1.595600
-1.302434 -0.571571
-1.268400 -2.363053
-1.535615 -1.413884
-0.610063 -1.710063
-0.620621 -0.666850
-0.974003 -1.245885
-1.529782 -1.607059
-0.878022 -0.910567
-1.178231 -1.465001
-0.878739 -0.944232
-1.118194 -0.622169
-0.432352 -1.264264
-1.110642 -2.080486
-1.219751 -0.937148
-1.217102 -1.892914
-1.044705 -0.193054
-1.143607 -2.761254
-0.710191 -1.244239
-1.181563 -1.752750
-1.106644 -0.939305
-0.713594 -1.139298
-0.876303 -0.789231
-0.564539 -1.632932
-1.242455 -2.524161
-0.883189 -2.244338
-1.177545 -0.599697
-0.938465 -1.413307
-1.087786 -0.926971
-1.390480 -1.168379
-1.277344 -1.591495
-1.239944 -1.217939
-1.355611 -1.007276
-1.573718 -1.887376
-1.297594 -1.072790
-1.578707 -1.813984
-0.969664 -1.913463
-1.241286 -0.738739
-1.384043 -2.745695
-1.331505 -1.009609
-1.110499 -1.633202
-0.682936 -1.464325
-1.485633 -2.550831
-0.792741 -0.611197
-1.002765 -1.664397
-0.424662 -0.549672
-0.697608 -1.831292
-1.077104 -2.098393
-1.554518 -1.679678
-1.373541 -2.415034
-1.317023 -2.587361
-1.067780 -0.012535
-0.863998 -2.072426
-1.115062 -0.833494
-0.716381 -0.496447
-1.147096 -0.364134
-0.628942 -1.570528
-1.116762 -0.420180
-1.295136 -2.213831
-1.357416 -1.593745
-1.390803 -1.330709
-0.896719 -1.381787
-1.455106 -0.967581
-0.668466 -0.391369
-1.008816 -0.403965
-0.808991 -1.696472
-0.841592 -1.122054
-1.416447 -1.107286
-0.975130 -0.678263
-0.808817 -0.165152
-1.323394 -0.603294
-1.710405 -2.278201
-1.320215 -1.328985
-0.711649 -0.233951
-0.808165 -0.280535
-1.109015 -1.695031
-0.822115 -1.308909
-0.822580 -0.174663
-0.766258 -1.063770
-1.040090 -2.348449
-1.436178 -1.963855
-0.821470 -1.134283
-1.199120 -1.108978
-1.630080 -1.953249
-0.462481 -1.551087
-0.725334 -1.086326
-1.251349 -0.639218
-1.026332 -0.547728
-1.260796 -0.637553
-1.422285 -1.328001
-1.302422 -2.622252
-1.235636 -1.962210
-0.618867 -1.772120
-0.881114 -0.951886
-0.719098 -1.313478
-0.869180 -2.072197
-1.208759 -1.169850
-0.393426 -0.353889
-0.980170 -2.393911
-1.115374 -0.342546
-1.229875 -0.802125
-0.880123 -0.977337
-0.684310 -0.929106
-0.872020 -1.854362
-1.205051 -0.432993
-0.768116 -1.380778
-1.409745 -0.900396
-1.274577 -0.738183
-0.488526 -1.334427
-0.646968 -1.670562
-1.419372 -1.762492
-0.482421 -1.134428
-0.421795 -0.879247
-0.720185 -0.645696
-1.222041 -0.384863
-0.939048 -0.609419
-0.675229 -0.240556
-0.788212 -1.804258
-0.892928 -0.583016
-1.230681 -0.979154
-0.986100 -1.899748
-1.153216 -2.148766
-1.302613 -1.572193
-1.251771 -1.566361
-1.391699 -0.684058
-1.333358 -2.142669
-1.348497 -0.904724
-1.183797 -0.348961
-1.145195 -1.979129
-0.697555 -1.162336
-1.276277 -1.445649
-1.022403 -0.718225
-0.709323 -1.502322
-0.695174 -0.851949
-0.992467 -1.874697
-0.631328 -0.244187
-1.433820 -1.075486
-1.523385 -1.551360
-0.713444 -0.207198
-0.767415 -0.240307
-1.274935 -0.794255
-1.444001 -1.454557
-1.111284 -1.419098
-0.618564 -0.803104
-0.709801 -1.346522
-0.814684 -2.173505
-1.209386 -0.891996
-1.466804 -2.464603
-1.266177 -1.380401
-1.212867 -0.752748
-1.523642 -1.561837
-0.836839 -1.431446
-0.758455 -0.439125
-1.222259 -1.256969
-1.552678 -1.229817
-0.964175 -0.722153
-1.177150 -1.953849
-1.160354 -0.637507
-0.594362 -0.545588
-1.268092 -0.496640
-1.294766 -1.787133
-1.364001 -1.632971
-1.324154 -2.714580
-0.533006 -0.587824
-1.117811 -1.524533
-1.322565 -1.372141
-0.851667 -0.784119
-0.420568 -0.620299
-1.369689 -1.152111
-1.432162 -1.369767
-1.209745 -1.056037
-1.170175 -1.159461
-1.082200 -1.735995
-0.523900 -0.791337
-0.953046 -0.124242
-1.059446 -1.987387
-0.852429 -1.965385
-0.724134 -1.334697
-1.361555 -0.603160
-0.906281 -1.777806
-0.806967 -1.891735
-1.019535 -0.781328
-0.758702 -0.410488
-1.002378 -0.978645
-0.769349 -1.469179
-1.003360 -0.763991
-0.754869 -1.688378
-1.247616 -0.688791
-1.209187 -0.714652
-1.118595 -0.199285
-0.696787 -0.738701
-0.626608 -1.295495
-1.051489 -1.254384
-1.251681 -0.479703
-0.609164 -1.328947
-1.403493 -2.652379
-1.083213 -0.231962
-0.646611 -0.769696
-0.726114 -0.449617
-1.187373 -2.091219
-0.782199 -1.569974
-1.255410 -2.454031
-0.809937 -1.729566
-0.539499 -0.344497
-0.874305 -0.489463
-1.400191 -2.314992
-1.200931 -1.959305
-1.276226 -2.307000
-0.501051 -0.242959
-1.116031 -2.160561
-1.309498 -0.493046
-0.821024 -1.678161
-1.423785 -0.811237
-0.794145 -0.303074
-0.601672 -0.472152
-1.076054 -1.521517
-0.509146 -1.102216
-0.791152 -0.520272
-1.177676 -0.483879
-0.644409 -0.399392
-0.674462 -0.300682
-1.477868 -1.421371
-1.302731 -0.289727
-1.052056 -0.611537
-1.074503 -0.281397
-1.260771 -1.945376
-1.277930 -1.912056
-1.452773 -1.815703
-0.971521 -1.254236
-1.435045 -2.004521
-1.134111 -0.497499
-1.366234 -1.746699
-1.468684 -2.337538
-1.243552 -2.063143
-1.137169 -1.463512
-1.327047 -1.604909
-1.218875 -1.275037
-0.428161 -1.129490
-1.175041 -1.436147
-1.220698 -1.606406
-0.554019 -0.477011
-0.630219 -1.785583
-1.327603 -1.734744
-1.095997 -0.547532
-0.766351 -0.332702
-0.927399 -1.679836
-1.390201 -0.863419
-1.194785 -2.073533
-1.160812 -0.311119
-1.091857 -1.020809
-1.665559 -1.689073
-0.801838 -0.674916
-0.966799 -0.466269
-0.770358 -0.512337
-0.879994 -1.434767
-1.345575 -1.905694
-0.952763 -0.411081
-1.291939 -0.896867
-0.531982 -1.300784
-1.150406 -1.373395
-0.813251 -0.105300
-0.327214 -0.484689
-1.079274 -1.234827
-0.842194 -2.271085
-1.378353 -0.704798
-1.250780 -2.098632
-1.284478 -1.024349
-0.372642 -0.555605
-0.731699 -1.019634
-0.848268 -0.757917
-1.105137 -1.323427
-0.872039 -2.220139
-0.970457 -2.069880
-0.599289 -1.141978
-0.667841 -0.971523
-1.014578 -2.772455
-0.948420 -1.498003
-1.295733 -1.539149
-1.012078 -0.612033
-0.775767 -1.653310
-0.689783 -0.435223
-0.796413 -1.878458
-1.020354 -1.610388
-1.165414 -0.453779
-0.840403 -0.957289
-1.333091 -1.141988
-0.699101 -0.827655
-0.859329 -0.173079
-1.618344 -1.872298
-1.106537 -2.344264
-1.065900 -1.720783
-1.096949 -1.027160
-0.627247 -1.036899
-0.535372 -0.528713
-0.458194 -1.439469
-0.554152 -0.146552
-1.201097 0.084216
-1.484244 -1.735849
-1.147968 -1.255781
-0.554182 -0.829670
-0.709620 -1.792883
-0.348552 -0.738694
-1.230702 -0.761239
-0.693247 -0.217930
-1.629324 -1.779020
-1.499877 -1.237107
-1.212348 -0.731233
-0.508788 -1.204383
-1.168348 -0.662483
-0.769934 -0.191669
-0.415376 -0.780295
-1.425631 -1.000159
-1.330477 -0.732021
-0.733780 -1.596459
-0.831569 -0.482123
-0.806667 -1.723223
-1.166203 -1.951306
-0.818198 -2.048265
-1.417088 -1.940444
-1.175207 -0.557042
-0.579001 -0.373219
-0.748891 -0.230496
-1.276846 -0.891111
-0.740388 -0.669425
-1.324841 -2.773425
-1.017013 -1.204320
-0.446393 -1.025221
-1.210764 -0.594514
-1.434485 -1.871440
-1.052268 -1.112002
-1.444431 -1.081020
-1.133607 -0.633335
-1.247938 -0.352877
-1.347415 -0.774834
-1.189268 -2.521962
-1.315101 -1.100934
-1.010931 -0.157313
-0.431202 -1.382996
-0.968270 -1.897568
-0.962393 -0.666125
-1.006378 -0.527982
-0.734044 -1.411864
-0.982459 -1.961856
-1.191322 -2.456116
-1.133648 -1.073159
-0.504553 -0.770014
-0.485043 -0.738828
-1.321445 -2.070642
-1.151236 -0.846261
-1.475504 -2.169095
-1.384090 -1.361937
-0.444806 -0.604418
-0.679753 -0.405999
-0.568424 -0.445644
-1.069220 -0.429585
-0.522614 -1.229857
-0.423606 -0.606503
-0.807610 -0.760265
-0.639859 -1.751428
-1.088688 -1.446528
-1.200999 -1.794096
-1.416079 -0.952682
-1.186938 -0.352323
-1.253901 -1.815172
-1.118257 -1.750342
-0.598311 -0.668393
-1.357468 -2.543365
-0.483664 -0.441816
-0.895133 -0.665267
-1.193946 -2.397094
-0.585913 -1.557597
-0.570245 -0.824606
-1.485167 -0.688434
-0.973595 -2.174438
-1.180126 -2.172795
-1.128024 -0.228429
-1.501608 -1.665418
-1.009817 -0.768144
-0.522703 -1.152900
-1.132929 -0.112259
-1.100640 -2.628036
-1.011722 -0.246314
-0.975758 -1.597544
-0.409981 -0.917779
-0.630291 -1.834812
-0.323418 -1.003414
-0.550573 -0.671969
-1.101660 -1.055986
-1.104868 -0.240979
-1.180944 -0.694781
-1.292035 -2.423812
-0.942540 -1.622645
-0.869016 -1.594551
-1.501827 -2.254332
-0.596589 -1.039163
-1.375214 -2.580232
-1.462775 -1.827691
-0.650318 -1.717140
-1.211162 -1.995940
-0.822485 -0.279134
-0.520280 -0.823426
-1.287979 -2.801269
-1.229020 -1.103905
-1.132832 -2.399250
-0.655381 -1.562464
-1.228053 -1.260720
-0.887056 -0.508573
-1.338800 -2.513023
-0.797393 -1.308983
-0.543275 -1.014848
-1.399904 -2.523713
-1.294232 -1.619679
-0.840851 -0.805890
-0.575275 -0.637136
-0.785151 -0.543468
-1.223721 -1.790099
-1.362878 -2.636138
-0.463557 -1.064364
-0.701459 -0.588381
-0.876483 -1.940183
-0.789316 -0.695843
-0.756482 -0.954664
-1.270094 -1.988157
-1.571749 -2.065882
-1.547897 -0.901759
-1.076879 -2.200317
-0.808823 -0.305335
-0.947440 -0.959028
-0.913341 -1.514007
-0.934342 -0.792347
-1.421064 -1.440187
-0.852934 -1.715614
-0.919273 -1.832514
-1.164715 -0.378320
-1.339716 -1.740584
-1.235187 -1.895150
-1.195948 -1.505489
-0.909398 -0.298184
-1.248768 -1.717536
-0.539145 -0.420899
-1.350186 -0.593775
-0.930196 -1.927548
-1.076982 -1.685789
-0.987661 -2.219442
-1.133195 -2.483576
-1.474222 -1.535633
-0.655875 -1.271591
-0.806905 -1.370273
-0.570843 -0.584336
-1.323473 -2.144841
-1.059354 -1.292185
-0.720331 -1.932577
-0.495698 -1.332405
-1.179759 -2.271780
-0.590361 -1.469766
-1.394113 -1.014690
-1.070675 -0.753458
-0.701870 -0.823880
-1.493708 -2.659198
-1.352616 -0.661063
-1.099160 -0.119720
-1.236419 -1.706742
-1.141587 -0.982339
-1.272607 -2.194540
-0.387660 -0.679697
-0.600130 -1.603609
-0.988281 -1.321468
-0.939428 -0.573996
-1.151416 -1.453231
-0.903095 -0.253705
-0.954466 -1.482298
-1.116974 -0.225874
-0.639504 -0.485093
-0.487697 -0.260138
-1.206823 -2.085695
-1.076813 -2.585684
-1.264151 -2.124773
-1.272906 -1.782678
-0.936796 -1.866273
-0.848806 -0.980123
-0.985921 -1.777811
-0.704577 -0.986047
-1.030028 -0.266902
-0.691812 -1.791592
-1.347454 -2.445287
-1.232489 -0.549662
-0.461583 -0.520447
-0.432252 -1.405209
-1.080883 -2.162664
-0.537171 -1.913707
-1.228486 -1.894574
-0.683293 -0.691006
-0.729319 -1.282783
-0.514248 -0.196857
-1.227266 -1.005541
-0.786873 -0.575330
-0.871054 0.002989
-0.639149 -0.485945
-0.397715 -1.469472
-0.986719 -2.512419
-0.722091 -0.861643
-1.145071 -2.098899
-0.402560 -0.531447
-0.849602 -0.799979
-0.829341 -1.026620
-1.442548 -1.002415
-0.843666 -1.011678
-1.261200 -1.717495
-1.375702 -2.540265
-0.553441 -1.301547
-1.134588 -1.550846
-0.927640 -0.383117
-0.930122 -0.255579
-0.533496 -0.881051
-0.692921 -1.203790
-1.048627 -0.198690
-1.156722 -0.998672
-1.445675 -2.098268
-1.212103 -1.899006
-0.890249 -0.997676
-0.939790 -0.253017
-0.662469 -1.379874
-0.918354 -0.270995
-1.077024 -0.942100
-0.371207 -0.448908
-0.850680 -1.335312
-1.178115 -2.122200
-0.608464 -1.218427
-1.366823 -1.765392
-1.000121 -1.040675
-0.870927 -0.636523
-1.344882 -2.001843
-1.081440 -0.485458
-1.128793 -1.257365
-1.318557 -1.187364
-0.746943 -0.966782
-0.700585 -1.157884
-0.550573 -0.881955
-1.483956 -2.556115
-0.564401 -1.630511
-0.574057 -0.997553
-0.883178 -0.071440
-0.632742 -0.540829
-1.135076 -0.954650
-0.679517 -1.372988
-0.378827 -0.459137
-1.269612 -0.571498
-0.888130 -0.242974
-0.872403 -2.314364
-0.898126 -1.113218
-1.208177 -1.852027
-0.698721 -0.703993
-1.324187 -2.001196
-1.315260 -0.675557
-1.031465 -0.366898
-0.685868 -1.836518
-1.047310 -1.762267
-0.488928 -0.929372
-0.888180 -0.258590
-1.049367 -1.756177
-1.163621 -0.501642
-0.760031 -0.637941
-0.592444 -0.276099
-1.541245 -1.916399
-0.712351 -1.699051
-1.230174 -1.885409
-1.330089 -1.459446
-1.300280 -0.878088
-1.221897 -0.400602
-0.691277 -1.685348
-1.147920 -1.235512
-0.512077 -0.766971
-1.468339 -1.243871
-0.840421 -1.877117
-1.210222 -2.366366
-0.477781 -1.368092
-0.664030 -1.389570
-1.080625 -0.807735
-1.161556 -0.653979
-1.281985 -0.678897
-0.897586 -1.989246
-1.256324 -1.357175
-0.924486 -1.902492
-0.889082 -1.931100
-0.629329 -0.944775
-0.695674 -0.562030
-1.279025 -1.410589
-0.434851 -0.532575
-1.612493 -1.908769
-0.897880 -2.346691
-1.176724 -1.336406
-0.531409 -1.151164
-0.592562 -1.099467
-1.559022 -1.532153
-0.655861 -0.244794
-0.738138 -1.294562
-0.826621 -1.839814
-1.441567 -1.009181
-1.427769 -1.602737
-0.914782 -1.512185
-1.362041 -1.480247
-0.761921 -1.106943
-0.545675 -0.315863
-0.632542 -0.408851
-0.838696 -1.261584
-0.505000 -1.597945
-1.474497 -1.068543
-1.378464 -2.281693
-1.241567 -0.410957
-0.618433 -1.286156
-1.176267 -2.810296
-1.072178 -0.229681
-0.418411 -0.844761
-1.233010 -0.834264
-0.591950 -0.236657
-0.631520 -1.442967
-0.791921 -1.102586
-1.087481 -1.477289
-0.608280 -0.864884
-1.047816 -1.050733
-1.170468 -2.485288
-1.265442 -0.387852
-0.810934 -0.408638
-1.305020 -1.750312
-1.173284 -0.956179
-1.529697 -2.033720
-1.331022 -0.719161
-0.939702 -1.005378
-1.505313 -2.035621
-1.165525 -0.459424
-0.501713 -0.619445
-1.001593 -2.496539
-1.126596 -1.404387
-1.103012 -0.322972
-1.397945 -2.445127
-1.318058 -0.596414
-0.585965 -1.566747
-0.961800 -2.049457
-0.564691 -0.918183
-0.432378 -0.688946
-0.409556 -0.611527
-0.689829 -1.979213
-1.341700 -0.796245
-0.653468 -1.150126
-0.922063 -2.033566
-0.582074 -0.683390
-1.216297 -2.301564
-0.976373 -0.776567
-0.981964 -1.723674
-0.938057 -2.225832
-1.232897 -2.705700
-1.042760 -1.758948
-0.781707 -0.212126
-0.799872 -1.845111
-1.094772 -0.282933
-1.028077 -0.639122
-0.659343 -1.538723
-0.996525 -1.008128
-1.457546 -1.206216
-1.218599 -1.687970
-1.126682 -2.366862
-1.177130 -0.676237
-0.806067 -0.349917
-1.132256 -0.722890
-1.335791 -2.038758
-1.008396 -2.106830
-1.325943 -1.779972
-0.607326 -0.492529
-1.215067 -2.471858
-0.916643 -2.146915
-0.973530 -1.271780
-1.198790 -1.217911
-1.338217 -0.316166
-1.056955 -2.559271
-1.023381 -0.337276
-0.584191 -1.046449
-1.321870 -1.145410
-0.871524 -2.032213
-0.912818 -1.037741
-1.170405 -0.521505
-0.620934 -1.854137
-1.213081 -0.495992
-1.153149 -2.026223
-0.911924 -1.372566
-0.475277 -0.623270
-0.481605 -0.469253
-1.080676 -1.462838
-0.944585 -0.379043
-0.816945 -1.388703
-1.381655 -1.193897
-0.486530 -0.358859
-1.178177 -2.628191
-0.869249 -0.239907
-1.135097 -1.928680
-1.207764 -1.433657
-0.986674 -2.375555
-0.701647 -0.868017
-0.692287 -0.749531
-0.529145 -0.144360
-1.000490 -2.220475
-0.409926 -0.924214
-1.205083 -1.347059
-0.705197 -2.000643
-0.728974 -1.516004
-1.151505 -1.577131
-0.693116 -0.501857
-0.865750 -0.814380
-0.906053 -0.217233
-1.348749 -0.737302
-1.006558 -0.938431
-1.372212 -2.074584
-1.182149 -0.875435
-0.552380 -0.286617
-1.287360 -0.867628
-0.968693 -2.343776
-1.037598 -0.082056
-1.338331 -2.414129
-1.104899 -1.192445
-1.371118 -1.596557
-1.226680 -2.531058
-1.031669 -1.970033
-1.278618 -2.169487
-1.538645 -1.177549
-0.447560 -0.405403
-1.223530 -1.747809
-0.672166 -0.933180
-1.020717 -0.381062
-1.029686 -1.860591
-1.585775 -2.446106
-1.382144 -1.516554
-1.443524 -2.518214
-1.100916 -0.624684
-0.511456 -1.415116
-1.178628 -1.029120
-0.799980 -2.116068
-0.652214 -1.866213
-0.842944 -0.396178
-1.042170 -0.106599
-1.580089 -2.586839
-1.379217 -2.169203
-1.633980 -1.920287
-1.005965 -0.675052
-1.362277 -0.867097
-1.098398 -1.429674
-0.882948 -0.251955
-1.068414 -1.048740
-0.461163 -1.303533
-1.244723 -1.129875
-0.393111 -1.431733
-1.215222 -1.876299
-1.019048 -0.544049
-1.036919 -2.041417
-1.463961 -2.168237
-0.404606 -0.981712
-0.721299 -1.010398
-0.870685 -2.102221
-1.072669 -2.289668
-1.195428 -1.086801
-0.512854 -0.970874
-1.603372 -1.928271
-0.911609 -1.495444
-1.015353 -0.981833
-1.106603 -1.698191
-0.574185 -0.261883
-1.188974 -1.387712
-0.458233 -1.299626
-0.516910 -0.678768
-1.036466 -0.656012
-0.857555 -0.566529
-1.340450 -1.792496
-1.028072 -0.647029
-0.970265 -1.125736
-1.225291 -0.785214
-0.852771 -0.645246
-0.564945 -1.531371
-0.495296 -0.658225
-1.483541 -1.462126
-1.132493 -1.317197
-1.457622 -2.497117
-1.023822 -0.244279
-0.993912 -0.244445
-0.812370 -0.730771
-1.001217 -0.346854
-0.840101 -0.289566
-1.480147 -0.625847
-1.379676 -0.542899
-0.919360 -1.559888
-1.063034 -0.642100
-0.983002 -0.823120
-0.625760 -1.522070
-1.077600 -1.109003
-1.214941 -1.837330
-1.523365 -1.548039
-0.987754 -0.333328
-1.185969 -2.385460
-1.151567 -0.764918
-0.987904 -1.675603
-0.933357 -0.316091
-0.710727 -1.060577
-1.064604 -0.239615
-0.983999 -0.262522
-1.065854 -2.067108
-0.554269 -0.708298
-0.984948 -1.213126
-1.019669 -0.970165
-1.007953 -1.306312
-0.802464 -2.079558
-0.902707 -0.935477
-1.186895 -2.665476
-1.490086 -1.286156
-0.790253 -0.916517
-0.735335 -1.176420
-1.282463 -0.494953
-1.114473 -1.130628
-0.875720 -0.272959
-1.381535 -2.268756
-1.286270 -2.069887
-1.010818 -0.273887
-0.981093 -2.344616
-1.255982 -1.086594
-0.776353 -1.737322
-0.708335 -0.367216
-0.908110 -1.944948
-1.428254 -1.020215
-0.657205 -1.692098
-0.971362 -2.119058
-0.918551 -0.496267
-1.183813 -1.835881
-1.249117 -1.829835
-0.808093 -1.741466
-0.410640 -0.976081
-1.241243 -1.694307
-0.772163 -0.581612
-1.136819 -2.139114
-0.804235 -0.989032
-1.507566 -1.154576
-0.675215 -0.769952
-0.803761 -0.070867
-0.900600 -1.076299
-0.994212 -0.199638
-1.143853 -0.216386
-1.355892 -0.826314
-0.585253 -1.117722
-1.383552 -0.923806
-0.900614 -2.013725
-0.807975 -0.580239
-0.423502 -1.315677
-0.440626 -0.960144
-1.111946 -2.306814
-1.471713 -1.261482
-1.295006 -2.659872
-1.150593 -0.381050
-0.927289 -0.862876
-1.227999 -0.962384
-0.484265 -0.388932
-1.186184 -2.609210
-1.365889 -0.929102
-1.312031 -2.444486
-1.065519 -1.773964
-1.470835 -1.636571
-1.327498 -1.541137
-0.739277 -1.375521
-0.919458 -1.864977
-1.279119 -0.793871
-0.904295 -1.933141
-1.053851 -1.395108
-0.773501 -1.697970
-1.322037 -2.083379
-0.972211 -0.269982
-1.159769 -0.904706
-1.190420 -0.455596
-1.071686 -1.939110
-1.388700 -1.634958
-1.256410 -0.645516
-1.026388 -0.343687
-1.028733 -1.856666
-1.460882 -0.833095
-0.777900 -0.646572
-0.806767 -1.178647
-0.698729 -1.517109
-0.429730 -0.355453
-1.063073 -2.467954
-1.385925 -0.832207
-0.617630 -0.310672
-1.160669 -1.370432
-1.414924 -1.432623
-1.141529 -1.839246
-0.711141 -1.974124
-0.723840 -0.778713
-0.774735 -1.268645
-1.030711 -1.386140
-0.779159 -0.467161
-0.918346 -1.108803
-1.280859 -0.998069
-1.158964 -1.953209
-0.618577 -1.210672
-1.333441 -1.135563
-1.253460 -0.700632
-0.711973 -2.107746
-0.951616 -1.923167
-0.902329 -0.569041
-0.722741 -1.633360
-0.576316 -1.774492
-1.417603 -2.012966
-1.057229 -0.941460
-1.403757 -1.357961
-0.491228 -0.626433
-1.378098 -1.087300
-0.820791 -1.857019
-0.613188 -1.357296
-0.663575 -0.321582
-1.153725 -0.067413
-0.620901 -0.494830
-1.580754 -1.251344
-0.788215 -0.770120
-0.719556 -0.097576
-1.174789 -1.157745
-1.016431 -2.425081
-0.974026 -1.710654
-1.078938 -1.429417
-0.941138 -0.842011
-0.890245 -1.985491
-1.133361 -2.263462
-1.025362 -1.874073
-1.395454 -2.384741
-1.005952 -2.611862
-0.786348 -1.540922
-1.133286 -1.227723
-0.527063 -0.892428
-1.150910 -1.804934
-1.460626 -1.391044
-1.362378 -0.541306
-1.123784 -1.428673
-1.142710 -0.308896
-1.173150 -0.074288
-1.220042 -1.762923
-1.058170 -1.484227
-0.908514 -1.067347
-1.232265 -1.999084
-0.879912 -0.278127
-0.597378 -0.418198
-1.460742 -2.257870
-0.348725 -0.482757
-0.913873 -1.698223
-1.140815 -1.234395
-1.247764 -1.939163
-1.059837 -1.647563
-1.298045 -1.801185
-1.504913 -1.005565
-1.687796 -2.096175
-1.019650 -2.172690
-1.205617 -2.051041
-0.797026 -0.256596
-1.113133 -0.906902
-1.505355 -1.185975
-1.589480 -1.463038
-1.542713 -2.539654
-0.842411 -0.792866
-1.574121 -2.182857
-0.423207 -0.900407
-0.548985 -0.937134
-1.046616 -1.980374
-1.465049 -1.715742
-0.739698 -0.180329
-1.002069 -2.078177
-0.457551 -0.703155
-0.615723 -1.385365
-1.015753 -2.026065
-1.047647 -0.970668
-1.135471 -2.465249
-0.928830 -1.021580
-0.432610 -0.503617
-0.975143 -0.778518
-0.985644 -2.002448
-1.462211 -2.831220
-1.329456 -0.535813
-0.989385 -0.610179
-0.589346 -1.105784
-1.098002 -2.268439
-0.703043 -1.329464
-0.872048 -0.166630
-0.963462 -2.030231
-1.124938 -2.208742
-1.199991 -0.341381
-0.968998 -0.808549
-0.841041 -0.144752
-0.862879 -1.300894
-0.612459 -0.947822
-1.206747 -0.795201
-0.901242 -1.313168
-0.789523 -0.599942
-0.465036 -1.262446
-1.326386 -1.650234
-0.845462 -0.241033
-1.344957 -0.736757
-0.550170 -0.245184
-1.318075 -0.627773
-1.286326 -1.163707
-1.462981 -2.683269
-1.171687 -0.391346
-0.747463 -1.164013
-1.210950 -0.232252
-0.847107 -1.088516
-1.414547 -1.009820
-1.208638 -0.424096
-1.128122 -0.218187
-0.705177 -0.898195
-0.919899 -0.428935
-0.433505 -1.169296
-1.498048 -2.410576
-0.653863 -0.795030
-0.496320 -1.750208
-1.137113 -0.910863
-0.721466 -1.056164
-0.783874 -1.917330
-0.827947 -0.489074
-1.161769 -0.445339
-0.386766 -0.480326
-1.122887 -0.895663
-1.023377 -0.349700
-1.038408 -0.562887
-1.259914 -0.836402
-0.721049 -1.731663
-0.789212 -0.222937
-0.682244 -1.813040
-0.533519 -0.199908
-0.911506 -1.991285
-1.270040 -2.632922
-0.534857 -0.196065
-1.191626 -1.867163
-0.936228 -1.432363
-0.686970 -1.210296
-1.325486 -0.522820
-0.766571 0.008027
-1.102795 -1.329529
-0.456273 -0.723982
-1.011258 -0.117587
-1.161349 -2.268579
-0.884944 -0.324026
-1.442967 -0.934556
-0.916797 -1.250094
-1.044273 -1.150648
-1.264347 -1.796547
-1.162954 -1.155219
-0.927000 -2.321536
-1.111177 -1.635509
-1.158985 -1.394859
-0.692277 -1.659180
-1.065184 -0.123386
-0.913273 -1.602650
-0.450745 -1.389060
-1.137815 -0.936889
-0.822336 -1.893301
-1.414686 -1.971862
-0.738077 -0.887135
-1.295551 -2.510369
-1.388848 -2.132600
-1.187421 -2.187035
-0.722899 -0.332322
-0.387529 -0.834143
-0.821864 -2.003715
-0.638744 -0.806056
-0.729156 -0.457028
-1.270991 -0.973625
-1.050119 -2.309284
-1.107386 -1.860310
-1.373792 -0.695523
-0.695947 -1.540249
-0.894438 -1.184892
-0.721669 -1.665243
-1.111617 -1.287066
-0.830214 -0.137949
-1.124312 -0.775934
-0.403682 -0.730548
-1.268530 -1.520268
-0.607340 -2.133449
-0.771791 -1.224001
-1.141299 -1.022910
-1.007307 -1.496626
-0.980728 -0.562538
-1.361877 -1.790965
-1.036061 -2.557333
-0.387191 -0.894401
-1.039204 -1.341082
-1.051250 -1.619085
-0.658581 -0.948502
-1.303510 -2.642990
-1.428295 -1.634734
-1.519050 -1.939106
-1.434045 -1.692664
-0.325546 -0.682191
-1.258090 -2.106832
-1.294814 -2.522622
-1.094991 -2.719019
-1.225682 -1.619146
-0.683392 -0.292585
-1.071090 -1.955070
-1.015000 -2.101858
-1.143552 -1.677208
-0.604949 -1.543070
-0.976148 -0.377440
-1.582147 -1.194360
-1.064801 -2.198821
-0.801910 -1.842129
-0.737265 -0.247787
-0.655881 -0.882482
-0.791818 -0.281257
-1.223643 -2.494581
-0.985698 -1.543482
-1.094786 -0.492013
-0.493831 -0.674615
-0.561844 -0.743043
-1.165042 -1.024219
-1.543352 -2.345960
-0.888762 -0.247359
-0.558566 -1.600288
-0.493855 -0.865650
-0.809265 -0.445055
-0.942391 -0.171710
-1.679685 -1.680075
-1.135779 -0.360909
-0.932346 -1.322999
-1.096634 -0.840386
-1.275765 -2.808810
-0.578482 -0.795534
-1.073956 -2.345649
-0.773265 -0.332049
-0.671759 -0.405298
-1.206240 -2.556771
-0.904841 -0.948251
-1.282716 -2.097836
-1.380645 -1.160377
-1.291926 -0.851173
-1.432702 -1.523749
-1.221554 -2.399385
-1.341022 -2.451833
-0.478372 -1.566636
-0.625751 -0.510310
-1.070938 -0.430223
-1.469801 -2.402900
-0.546773 -0.498877
-0.895024 -0.388720
-1.216601 -1.575885
-1.168648 -1.698739
-1.306524 -2.649840
-1.171414 -0.819434
-0.961143 -0.862799
-1.418062 -1.814555
-0.580446 -1.567898
-0.705786 -1.217963
-1.482443 -2.142362
-1.443480 -2.301079
-1.276807 -2.311125
-1.462718 -1.939131
-1.040821 -0.172778
-0.719932 -1.071154
-0.637853 -1.204583
-1.457793 -2.043211
-0.950497 -0.403231
-1.056346 -2.327917
-1.009313 -2.290956
-1.642647 -1.716831
-0.571286 -0.451539
-0.826609 -0.527351
-1.026508 -2.469348
-0.574823 -1.640883
-0.915637 -2.116310
-0.806258 -1.880150
-1.192078 -0.468749
-0.924537 -1.451940
-0.975224 -1.898013
-0.695121 -0.628742
-1.186613 -0.342930
-1.149069 -1.881439
-0.639037 -0.058706
-0.470081 -0.424775
-1.312674 -1.889346
-0.522163 -0.758236
-1.027091 -1.387717
-0.736617 -0.692977
-1.261081 -2.590470
-0.434677 -0.742452
-0.597617 -0.896019
-0.631295 -1.412387
-1.114114 -0.600206
-1.266018 -0.942859
-0.742940 -0.328969
-0.522985 -0.470131
-1.190015 -0.479995
-1.342242 -1.749254
-1.020951 -2.553894
-1.243984 -0.673870
-1.335146 -0.679159
-0.550248 -0.329675
-1.492232 -2.036041
-1.440014 -2.433348
-1.143230 -0.725548
-0.836376 -1.051827
-0.824818 -1.963509
-1.026391 -1.251469
-0.565908 -1.663304
-0.806824 -0.271392
-0.579111 -0.330205
-1.512550 -1.427259
-0.944595 -0.151536
-0.693947 -0.244731
-1.353913 -1.295349
-0.967172 -1.203096
-1.043330 -0.221987
-1.353359 -2.290208
-0.714335 -0.297812
-0.718773 -1.280425
-1.232270 -2.261742
-1.442921 -2.257208
-1.379541 -0.902049
-1.617213 -2.912745
-0.892889 -1.224993
-0.911511 -0.481376
-1.005491 -2.287909
-0.836912 -0.675171
-0.602183 -0.120451
-1.589464 -2.108516
-1.285253 -1.202463
-1.151776 -0.648693
-0.624264 -1.470491
-1.077341 -0.374402
-0.599192 -0.675321
-0.856970 -2.286084
-0.782910 -1.571711
-1.582814 -1.357382
-1.824689 -2.120535
-1.088171 -2.043077
-1.321003 -2.334323
-1.391769 -1.541313
-0.882897 -0.213361
-1.213796 -0.390526
-1.153307 -2.475470
-1.216171 -0.091150
-1.315150 -0.612727
-1.432878 -2.373225
-1.494431 -2.109493
-1.246812 -1.679690
-1.094403 -2.319457
-0.955428 -1.352988
-0.413674 -0.715955
-0.733401 -1.356557
-0.958155 -0.182470
-1.391831 -2.358917
-1.510211 -2.199680
-1.186340 -1.797977
-0.898300 -0.235436
-1.501709 -2.611640
-1.332039 -2.347258
-0.777727 -0.984597
-1.047770 -0.580342
-0.871859 -0.371022
-1.066627 -1.563819
-0.872822 -1.825960
-1.143435 -1.944696
-0.337166 -0.522050
-0.836368 -0.259999
-0.716433 -2.103289
-0.733238 -0.139271
-0.809398 -0.371277
-1.184895 -1.543294
-0.672879 -1.310092
-0.888559 -1.343533
-0.593614 -0.456357
-0.925064 -1.588333
-1.025749 -1.373442
-1.314139 -1.240975
-1.454487 -1.647560
-0.334516 -0.480096
-0.722410 -0.488198
-0.906418 -1.157998
-0.771422 -0.322177
-0.722137 -1.579423
-0.928376 -1.486119
-1.097853 -0.596042
-0.739150 -0.218555
-0.535415 -1.504579
-1.564543 -2.078485
-0.631016 -0.588520
-0.578762 -0.790986
-1.028545 -0.445055
-0.354539 -0.894581
-0.821336 -0.291323
-1.085315 -1.584267
-0.619355 -0.158748
-1.273927 -2.100260
-0.652736 -0.870598
-0.893570 -2.044070
-1.004505 -1.979139
-0.469339 -0.503560
-1.016983 -0.819119
-0.865946 -0.549482
-0.972165 -0.144764
-1.147279 -1.701537
-0.910041 -1.673768
-0.634473 -1.647403
-1.117557 -0.484098
-1.579911 -1.560003
-0.987496 -1.598857
-1.292745 -2.200613
-0.872785 -2.184955
-1.514270 -2.324932
-1.092614 -2.055087
-0.474432 -1.110396
-0.693992 -0.299258
-1.041922 -1.487696
-1.357707 -0.973798
-0.927293 -0.935172
-1.121379 -1.622918
-1.440686 -1.120747
-0.830264 -1.083232
-0.907167 -0.275591
-1.050622 -1.806846
-0.820271 -1.603388
-1.169369 -2.217728
-0.874605 -0.446608
-0.802053 -0.666185
-1.038449 -0.532641
-1.083158 -1.428596
-0.871493 -1.229964
-1.026041 -1.384551
-1.029321 -0.959662
-0.760842 -0.632586
-1.786312 -1.935049
-0.956711 -0.436397
-0.621643 -1.357526
-0.938133 -0.043973
-0.861254 -1.261373
-1.047163 -2.675182
-1.114349 -2.224807
-1.004750 -0.345214
-0.805311 -0.438170
-1.311819 -2.384990
-0.959930 -0.562320
-1.422070 -1.066023
-1.428582 -2.867492
-0.962217 -0.278750
-0.861387 -0.549375
-1.456272 -1.822986
-0.768251 -0.793656
-1.356251 -2.258437
-1.248029 -1.340289
-1.196713 -0.926536
-1.157026 -2.048619
-1.046442 -1.515617
-0.424379 -0.864044
-0.575306 -1.214725
-1.261143 -1.686449
-1.292784 -0.679718
-1.322980 -1.258641
-0.681893 -0.453161
-0.968798 -2.029978
-0.952540 -0.209786
-0.810369 -1.151924
-1.178654 -1.530339
-0.573716 -0.361983
-0.639460 -0.816554
-0.397712 -0.685865
-1.035423 -0.355528
-0.385313 -0.857947
-0.461160 -0.975926
-0.548330 -0.710796
-0.966052 -0.985865
-1.244295 -1.390545
-0.784035 -0.898028
-1.048371 -0.781057
-1.100997 -0.586089
-1.094453 -0.441530
-1.270637 -2.288228
-1.334539 -1.262052
-1.091734 -0.344980
-0.618812 -1.543016
-0.971682 -0.665601
-0.986139 -2.289908
-0.347657 -0.763913
-1.505312 -3.020719
-1.429747 -2.485639
-1.507641 -1.267986
-1.241249 -0.194496
-1.241531 -1.428662
-0.981811 -0.953246
-0.822748 -1.135625
-0.717012 -1.133175
-0.524759 -0.300773
-1.011490 -2.432674
-0.915373 -1.159209
-1.414947 -1.073504
-1.410458 -1.128375
-1.068220 -0.566299
-1.325703 -1.390890
-1.348365 -2.415596
-1.159850 -1.539021
-1.490781 -2.020373
-0.462019 -1.281671
-1.062932 -2.414892
-1.327516 -1.596566
-0.366965 -0.876453
-1.089564 -0.450792
-1.400864 -1.313151
-0.853981 -0.708582
-0.927769 -0.433185
-0.971208 -1.331869
-1.318152 -0.857638
-1.337770 -2.791049
-0.623497 -0.641635
-0.869155 -0.477263
-0.897416 -0.896634
-0.432813 -1.287169
-0.430210 -0.335215
-1.292251 -1.012003
-1.405220 -1.852690
-1.142777 -1.662421
-1.507791 -1.458937
-1.239490 -2.186518
-0.519308 -0.739843
-1.263772 -0.911546
-1.094795 -2.055351
-0.686532 -1.276562
-0.871715 -1.485615
-0.823869 -0.138624
-1.213996 -1.173881
-1.228013 -0.353246
-0.679740 -0.821848
-0.823294 -1.195310
-0.640756 -1.066043
-1.281490 -2.340802
-0.726002 -1.192498
-0.967506 -0.447559
-1.447920 -0.417528
-1.064716 -1.850657
-0.655426 -0.219634
-0.527976 -1.150691
-1.293008 -1.354482
-0.841086 -1.846308
-1.080928 -0.515699
-0.511443 -0.795835
-1.094339 -1.101262
-0.769666 -0.736026
-1.520064 -2.055393
-1.409083 -2.498620
-0.886553 -0.335282
-0.470540 -1.317571
-0.977612 -0.007017
-1.336744 -2.208210
-0.959206 -1.799840
-1.751410 -2.198118
-1.162968 -0.246356
-1.041767 -0.194418
-0.714646 -0.254474
-0.955004 -1.974903
-1.265410 -2.303818
-0.830209 -0.361558
-0.665088 -1.224390
-0.817186 -0.303530
-0.501716 -1.137471
-1.503821 -1.429217
-1.048955 -1.851492
-1.166693 -1.543654
-0.623353 -0.505906
-1.205575 -2.094659
-0.960782 -1.676043
-1.134169 -0.249986
-0.605130 -1.150553
-1.003851 -1.660224
-1.133991 -1.797799
-0.378234 -1.089989
-1.072672 -1.825269
-1.554929 -2.207951
-0.617176 -0.541105
-0.673656 -0.438561
-1.280579 -2.719694
-0.649595 -0.827717
-0.640063 -1.484419
-0.786234 -0.876167
-0.952847 -1.386721
-1.061699 -0.098681
-1.270699 -0.852683
-0.810820 0.068845
-0.561359 -1.562563
-0.845417 -0.507852
-0.889894 -0.316731
-0.996606 -1.161338
-0.984748 -2.025979
-1.039313 -1.017372
-1.139535 -1.419043
-0.997238 -1.435990
-1.175310 -2.274935
-1.319912 -0.716329
-1.201874 -2.297495
-1.262238 -2.212139
-1.499184 -2.137340
-0.693885 -1.149642
-0.968650 -0.693362
-0.822445 -0.297974
-0.488527 -0.531235
-0.777813 -0.289639
-1.402449 -0.850881
-0.459673 -0.555460
-1.272258 -2.451413
-0.384713 -0.691856
-0.801379 -1.063769
-0.841692 -1.019776
-1.185160 -1.583946
-1.042984 -2.005777
-0.856205 -1.830207
-0.498097 -0.532581
-1.480509 -2.005962
-0.469292 -0.298086
-0.545127 -1.315620
-1.394383 -1.442932
-0.854385 -1.536249
-1.024580 -0.040573
-0.793380 -2.014803
-1.292745 -2.427211
-0.592956 -0.658237
-1.449680 -1.983688
-0.773075 -1.677878
-1.109756 -2.717856
-1.361063 -2.117255
-1.267983 -2.585181
-1.346454 -0.984275
-1.072191 -1.481045
-0.639918 -0.565611
-1.152743 -2.746769
-0.790719 -1.092965
-0.636461 -0.874072
-1.137845 -1.207875
-1.378085 -0.969194
-1.344256 -1.219559
-0.923554 -0.908421
-1.095048 -1.611261
-1.147758 -2.068435
-1.253997 -0.163423
-1.252120 -1.590429
-1.158313 -0.813118
-1.339604 -2.530973
-0.821927 0.080856
-1.000445 -2.011162
-0.732254 -0.869831
-0.545457 -1.191225
-0.440294 -0.327889
-1.018867 -0.818456
-0.580506 -0.169504
-0.609989 -1.447394
-1.333983 -1.488713
-1.295329 -1.689028
-0.942888 -0.557495
-0.616210 -0.145067
-0.933962 -2.031125
-0.930279 -1.688100
-1.252230 -0.555899
-0.668083 -1.787691
-1.343379 -1.837285
-0.720501 -1.158703
-0.662324 -1.372127
-1.130502 -2.301198
-1.027356 -0.472263
-1.187633 -1.125438
-0.782788 -0.197112
-1.352273 -1.168754
-1.231083 -1.784570
-1.200703 -2.253518
-1.223131 -2.339483
-1.124743 -1.313626
-1.375074 -1.153920
-1.067092 -0.233024
-1.237170 -2.701125
-1.244573 -1.189025
-0.977283 -0.259889
-1.054246 -1.688808
-1.158154 -1.745667
-0.669309 -0.217723
-1.493489 -1.341147
-1.194388 -0.624105
-0.695665 -0.523167
-0.479455 -0.381667
-1.224046 -0.425622
-1.394090 -2.466367
-1.276369 -1.540631
-1.378492 -1.283929
-0.414688 -0.923631
-0.572349 -0.962154
-0.683349 -1.452958
-1.495496 -1.897725
-0.856714 -1.588131
-1.049899 -0.144399
-1.316536 -2.741926
-1.278898 -1.112454
-1.488548 -2.597731
-0.755252 -1.422579
-0.852314 -1.820380
-1.485747 -1.946449
-1.191616 -0.684311
-1.205483 -0.668746
-0.909609 -1.812763
-1.005152 -0.296071
-0.631089 -0.379499
-0.915313 -1.560694
-0.716289 -1.829869
-0.628816 -2.067152
-1.210447 -1.215627
-0.968932 -1.195553
-0.830198 -1.241417
-1.006793 -0.349368
-0.874058 -0.822227
-1.058102 -2.538280
-1.178086 -2.081030
-1.083916 -2.450114
-1.364715 -1.649073
-0.520067 -1.113909
-0.816332 -0.364192
-1.605074 -1.895042
-1.225682 -2.410736
-0.737266 -0.600382
-1.491845 -1.639231
-1.378315 -1.869876
-1.442304 -1.171844
-1.064397 -0.116490
-1.214299 -1.693751
-0.922750 -0.574193
-1.085850 -2.326967
-0.484313 -1.517197
-1.343659 -1.601514
-0.746505 -0.377346
-1.014220 -1.703868
-0.737816 -0.627854
-1.296691 -2.204702
-0.981420 -1.371436
-1.535101 -2.706041
-0.643291 -0.782367
-0.453815 -0.670405
-0.554966 -1.687271
-0.697858 -0.268390
-0.861768 -0.099040
-1.401438 -1.033430
-1.205399 -1.730424
-0.403589 -0.514770
-0.829340 -2.225224
-1.457633 -1.946411
-0.473939 -1.392309
-0.930426 -0.350790
-1.561064 -1.559385
-1.202506 -1.823957
-0.525169 -1.659991
-0.904539 -0.317728
-1.058224 -2.352788
-0.978795 -0.257724
-1.230326 -0.651694
-1.358384 -1.165767
-0.666290 -1.481183
-1.142672 -0.646100
-1.167814 -0.402870
-0.581820 -1.136996
-0.345332 -0.469745
-1.078908 -2.293443
-0.969735 -1.856409
-1.038907 -0.937869
-0.523636 -1.036987
-1.400359 -0.962470
-0.657805 -1.819398
-0.884203 -0.258029
-0.869748 -1.414389
-1.319062 -1.587232
-0.540427 -1.085522
-1.161680 -1.036750
-0.789342 -0.931027
-1.503547 -1.842868
-1.229112 -1.186226
-1.026148 -1.482507
-0.956885 -0.917954
-0.874406 -0.822051
-0.469261 -0.984484
-1.366065 -1.988236
-1.291215 -2.269270
-1.290404 -2.406240
-0.406927 -1.056620
-0.743595 -0.237307
-0.949032 -0.227357
-0.445418 -0.812415
-1.533140 -0.983718
-1.056849 -0.748362
-1.005872 -0.127027
-1.378570 -2.030387
-0.873623 -0.454534
-0.836809 -0.198164
-1.569468 -1.877559
-0.518703 -1.008514
-0.879019 -0.288758
-1.156233 -0.490234
-1.525329 -1.017438
-0.738361 -1.689809
-1.452329 -1.373630
-1.533795 -2.473298
-1.374192 -1.439963
-1.424966 -2.352964
-1.069513 -2.361369
-1.202602 -1.161879
-1.249472 -2.273789
-1.019341 -1.449450
-0.731050 -1.408931
-1.299394 -0.596096
-0.749602 -1.824582
-0.810261 -0.117286
-1.159020 -1.913279
-1.091251 -2.201025
-1.162681 -1.673838
-1.402198 -1.381224
-0.663295 -0.788386
-0.922638 -0.333163
-0.643358 -1.087005
-0.538855 -0.935475
-1.154669 -1.668051
-1.084160 -1.573847
-0.914825 -2.282990
-0.645147 -0.372989
-0.938783 -1.417406
-1.260277 -1.409978
-1.436622 -2.758922
-1.087260 -2.183936
-0.804025 -0.893062
-1.289358 -1.823996
-0.958680 -0.200960
-1.457297 -2.441028
-0.924435 -0.992228
-0.961714 -1.505441
-0.538712 -1.123221
-0.711888 -0.077185
-1.214661 -2.661152
-1.177651 -2.248817
-1.068803 -1.024270
-0.875353 -1.496288
-0.739034 -0.195615
-0.343512 -1.308289
-0.770145 -1.503255
-0.866305 -1.220141
-0.347129 -0.531394
-1.330626 -1.308710
-1.043899 -0.913425
-1.367328 -0.877521
-0.726547 -0.515481
-0.668283 -0.942622
-0.633507 -1.265234
-0.876281 -2.087790
-0.690618 -0.372890
-1.613830 -2.597685
-0.597490 -1.758595
-1.092103 -0.179100
-1.375561 -1.501150
-1.507779 -1.536495
-0.873865 -0.472324
-1.116754 -1.152940
-1.562488 -2.013620
-0.403724 -0.334647
-0.980658 -1.748040
-0.446084 -0.835832
-0.809805 -0.565510
-1.302793 -1.622216
-0.946728 -0.167577
-0.621450 -1.342987
-1.104932 -0.657328
-0.404707 -0.400455
-0.989361 -2.231496
-1.543087 -0.858739
-0.836166 -1.378017
-1.452923 -1.321736
-1.444779 -1.016219
-1.315715 -0.631301
-0.970032 -0.759964
-1.255930 -2.503809
-1.227796 -0.236501
-0.910991 -0.318244
-1.013507 -0.434467
-0.954028 -1.214139
-1.347815 -0.835895
-1.089360 -2.123489
-0.987879 -0.531352
-1.071627 -2.142090
-0.992959 -0.667562
-0.908617 -0.678800
-0.645334 -1.459662
-0.512744 -1.025223
-0.488556 -0.551298
-1.026858 -1.242903
-0.853457 -1.930117
-0.990300 -1.063773
-0.337682 -0.438300
-1.198763 -2.344024
-1.198497 -2.117424
-1.378874 -1.969522
-0.624662 -0.794738
-1.145393 -0.493664
-0.793718 -1.465876
-1.190430 -0.701096
-0.464957 -0.944997
-1.362810 -2.418811
-0.531406 -0.664303
-0.458323 -1.469195
-0.763669 -1.894264
-1.253217 -1.714930
-1.023054 -1.033474
-0.512953 -1.344692
-0.390113 -0.389894
-1.375333 -0.919172
-0.567888 -0.462243
-1.122993 -2.373957
-0.544158 -1.614579
-1.012932 -1.750035
-1.133611 -0.278613
-0.907918 -0.411840
-1.260016 -1.228653
-0.473306 -0.472396
-1.148125 -0.120300
-1.086447 -2.181304
-0.789849 -1.392126
-1.372687 -1.258494
-1.307822 -2.676270
-0.402816 -1.340306
-1.247469 -0.877799
-1.158295 -0.401554
-1.093844 -0.195550
-0.650736 -0.622751
-1.025750 -0.873587
-1.095987 -1.268883
-0.509559 -0.846227
-1.485412 -1.858953
-0.521097 -0.366048
-1.529776 -1.528233
-0.511997 -1.011543
-0.957211 -1.902715
-0.365334 -0.837448
-1.085963 -1.296502
-0.883744 -0.350438
-0.801296 -1.220674
-1.092404 -1.561339
-0.630018 -0.760390
-1.384168 -1.690904
-0.640537 -1.287753
-1.321778 -1.167868
-0.990779 -0.174574
-1.165084 -2.426884
-1.143062 -2.758238
-1.066201 -2.126261
-1.185314 -1.194392
-0.763932 -0.229772
-1.366802 -1.554855
-0.639933 -0.646347
-1.033797 -0.169151
-1.259017 -1.634764
-0.601617 -1.346807
-0.955748 -0.293164
-1.016241 -1.724253
-0.755874 -0.478881
-1.523003 -2.394235
-1.254304 -1.575192
-1.418811 -2.242074
-1.067992 -1.223691
-1.254344 -1.153890
-0.744313 -1.540148
-1.213881 -0.973540
-0.596092 -1.337871
-1.032110 -0.165512
-0.797094 -1.279900
-0.561273 -1.347537
-1.262130 -2.159930
-0.801748 -1.265636
-1.459686 -2.207091
-1.085283 -1.801267
-0.712704 -0.872736
-1.251024 -2.412356
-0.933195 -0.296623
-1.017130 -1.786453
-0.475330 -0.606547
-0.483301 -1.474858
-1.402285 -0.459104
-0.377424 -0.703142
-1.248484 -1.154773
-0.845527 -1.437572
-0.520100 -1.381785
-0.843936 -1.759719
-1.484621 -2.003052
-1.144785 -1.507905
-1.497729 -1.272279
-0.403046 -1.457094
-1.050417 -1.696140
-1.040975 -0.528264
-1.412770 -2.104166
-0.703862 -1.328201
-0.996778 -1.742834
-0.785025 -0.579609
-0.734187 -0.311931
-1.270130 -1.824573
-1.366694 -0.828989
-0.835937 -1.911248
-0.906659 -0.706701
-0.916497 -1.818238
-1.483809 -2.003316
-1.081690 -0.389556
-1.276733 -1.446431
-1.268475 -1.211017
-0.901380 -0.363198
-0.883533 -1.461070
-0.979803 -0.981672
-0.791485 -1.537933
-0.705129 -1.529757
-0.861809 -1.478484
-0.658761 -1.769269
-1.132997 -0.968636
-0.836996 -1.837002
-0.865977 -1.485867
-0.582251 -1.301578
-0.799702 -1.025221
-1.152009 -1.702006
-1.231066 -1.140744
-1.039439 -0.422641
-1.482312 -1.738487
-0.585369 -1.816301
-0.954221 -2.228225
-1.200428 -1.028690
-0.916118 -0.427991
-1.306141 -1.244547
-1.058174 -1.103480
-0.887819 -0.188906
-1.496704 -1.456801
-0.780590 -0.481727
-0.777372 -0.303203
-0.547159 -1.603138
-1.691006 -2.287798
-1.616964 -1.718224
-0.795457 -0.808613
-1.093129 -1.732025
-0.467678 -0.321332
-1.352617 -2.504000
-0.733308 -0.734480
-1.386766 -0.432654
-0.750695 -1.870156
-0.712159 -0.327056
-0.636432 -0.356799
-1.032801 -0.092837
-1.133693 -2.261701
-0.821129 -1.559014
-0.952793 -1.541141
-1.012743 -0.171525
-1.488924 -1.109831
-0.811908 -1.650232
-0.710604 -1.199416
-0.400239 -0.566867
-0.850746 -0.667049
-1.570681 -1.640699
-1.054192 -1.069354
-0.590041 -1.205769
-1.251306 -0.570933
-1.182664 -0.516138
-0.940628 -0.528036
-0.734720 -1.871198
-0.610927 -1.482950
-1.112672 -1.295159
-0.707062 -1.193134
-1.101722 -1.448977
-1.014264 -0.407575
-0.738930 -1.798998
-1.447459 -2.505321
-1.562368 -2.310895
-0.841093 -1.766083
-1.441955 -1.911878
-1.328872 -2.011787
-1.362721 -0.787349
-0.857970 -0.806383
-0.773990 -1.445635
-1.510264 -1.988652
-1.118136 -0.993139
-0.355219 -0.897646
-0.763263 -0.604847
-1.124291 -1.188854
-0.975693 -1.855781
-0.596956 -1.238637
-0.921878 -0.056241
-1.181521 -2.456272
-1.281604 -1.936615
-1.259426 -0.711545
-1.328542 -1.807974
-0.763199 -0.399260
-1.265854 -0.784359
-0.453586 -0.610889
-1.438905 -2.046789
-1.344770 -1.859333
-1.144604 -0.891808
-1.367330 -2.366299
-0.635561 -0.601146
-0.926694 -0.529800
-0.461937 -0.805419
-0.707498 -0.223558
-1.290086 -1.837301
-0.744491 -1.618334
-1.320396 -1.864428
-0.492584 -1.051273
-1.360721 -2.272948
-0.647661 -0.252454
-0.886464 -2.337164
-0.917966 -0.561867
-1.285072 -2.014716
-1.336319 -0.285340
-1.523391 -1.574986
-0.814202 -1.997001
-0.840717 -0.666242
-0.535716 -1.297220
-1.305990 -0.572330
-0.652314 -1.289671
-0.512852 -0.870586
-1.216747 -1.068998
-0.939931 -1.790864
-1.209425 -1.053617
-0.708381 -0.236830
-1.326353 -1.442869
-1.531771 -1.143162
-1.472054 -1.812022
-0.912216 -0.982525
-1.095368 -0.666155
-0.983529 -0.767656
-0.828961 -0.750934
-0.820837 -2.247029
-0.890443 -0.990431
-1.529408 -1.122606
-0.985588 -0.762319
-0.684221 -1.689105
-1.303508 -2.948200
-1.475891 -1.950068
-1.220447 -1.118773
-1.123211 -2.389242
-1.039273 -1.524381
-0.870104 -0.618781
-1.369058 -2.126918
-0.884911 -2.072209
-1.094619 -0.660335
-0.692297 -1.042718
-1.108342 -1.277237
-0.749943 -0.081145
-1.099250 -0.913024
-1.204633 -0.659595
-1.047071 -0.364787
-0.783794 -1.107571
-1.035725 -1.647658
-0.766726 -0.797076
-0.820284 -0.305713
-0.851427 -0.532134
-0.513696 -1.057460
-1.275039 -1.248828
-1.246703 -2.133173
-1.505018 -2.223486
-1.191279 -0.359261
-1.120221 -2.016298
-1.069173 -1.724037
-0.650778 -1.028597
-0.698045 -1.478191
-1.257681 -2.621863
-1.282901 -0.947285
-0.787825 -1.724600
-0.663663 -1.260064
-1.209682 -2.354418
-1.596190 -1.442798
-1.340377 -1.980418
-0.474028 -0.315209
-0.601257 -0.944242
-0.383333 -0.707542
-0.552552 -1.156375
-1.058694 -0.554598
-0.845384 -1.510833
-1.109674 -0.925883
-0.709523 -0.325470
-1.027057 -1.984335
-0.811998 -0.485989
-0.623285 -0.312980
-1.223591 -1.142065
-1.065079 -1.361532
-0.498583 -0.758043
-0.468833 -1.351970
-0.897937 -0.192196
-0.887524 -1.607098
-0.466296 -0.412338
-1.147328 -0.454151
-1.097465 -2.076686
-1.113046 -1.027969
-0.422973 -0.567137
-1.276174 -2.063937
-1.108355 -0.286563
-1.210844 -1.322979
-1.679704 -2.238939
-1.273556 -0.999050
-1.230679 -0.809949
-0.607159 -0.950774
-1.024063 -2.370636
-0.658026 -0.964274
-1.545271 -1.527284
-0.552063 -1.220635
-1.085561 -0.629315
-0.560838 -0.406601
-1.594839 -2.211311
-0.817825 -2.200329
-1.300935 -1.381871
-0.861906 -1.096349
-0.597104 -0.610733
-1.719410 -2.495940
-0.701861 -1.980519
-0.933639 -0.886879
-0.727711 -1.716479
-0.934468 -1.027480
-0.589763 -1.614885
-1.268853 -2.761555
-1.470067 -2.098364
-0.584893 -0.780091
-1.283651 -2.828050
-1.216522 -2.218451
-0.461252 -0.972504
-1.245941 -1.547434
-1.292847 -0.789905
-0.957294 -1.822090
-0.547207 -1.226408
-1.317001 -1.919832
-1.459336 -1.326907
-0.515896 -0.466411
-0.651672 -1.065235
-1.002527 -0.573973
-1.384669 -1.812163
-1.578047 -1.281554
-0.953659 -2.422005
-0.842993 -0.407829
-0.550831 -0.806477
-1.433910 -1.156555
-0.676005 -2.013336
-1.303363 -2.324163
-0.734823 -0.164208
-1.467330 -1.042879
-1.370997 -1.417593
-1.363510 -2.360671
-1.391020 -2.042835
-1.054858 -0.218984
-0.695376 -0.671942
-1.150805 -1.339159
-1.358461 -2.912212
-0.468796 -1.219851
-0.547534 -1.626364
-0.516470 -1.365116
-0.762860 -1.999901
-1.128285 -2.254059
-0.982625 -0.865180
-0.788238 -0.221172
-0.774887 -1.933632
-0.429622 -1.154874
-1.031809 0.006268
-1.131961 -2.372002
-0.725171 -1.327178
-1.001910 -0.589129
-0.600051 -1.538188
-0.483045 -0.706524
-0.681995 -0.393258
-1.236765 -0.605941
-1.095279 -2.491082
-0.597554 -1.609216
-1.299836 -0.750523
-0.389199 -1.083740
-1.526846 -1.589646
-0.453659 -1.030414
-1.365642 -1.699295
-0.707393 -0.322678
-1.245049 -1.601284
-1.111660 -1.865358
-0.468034 -0.314454
-1.209185 -2.072304
-1.349931 -1.272434
-0.824182 -0.501056
-1.156212 -1.453745
-1.465783 -1.027171
-1.286559 -1.578764
-1.128316 -1.712695
-0.562948 -0.524362
-1.407568 -0.759109
-0.872857 -0.375399
-1.067647 -2.295871
-1.547767 -2.160731
-0.420778 -1.225984
-0.916991 -0.279657
-0.780479 -2.012137
-1.191701 -0.632482
-1.292781 -0.618429
-0.594047 -0.371129
-0.850623 -1.842971
-0.844343 -1.530624
-0.924138 -1.710459
-0.832275 -0.489734
-0.515644 -0.989569
-0.437796 -1.020021
-1.113369 -1.789218
-1.146376 -2.694662
-1.765302 -2.340263
-0.866006 -1.903709
-0.829554 -0.877122
-1.145887 -0.699345
-1.129800 -0.925556
-0.644084 -0.549060
-1.164874 -1.537658
-1.409300 -2.152858
-1.399551 -1.172477
-0.423483 -1.080946
-0.920432 -0.754905
-1.332165 -1.214355
-0.472938 -0.477562
-1.219003 -0.775252
-1.282622 -2.520863
-0.934594 -2.321968
-1.556498 -2.089734
-1.432698 -2.246732
-1.347995 -0.644686
-0.497115 -1.350010
-1.295745 -1.607264
-0.454261 -0.764466
-0.797186 -2.033566
-0.849345 -1.719543
-0.916356 -0.425365
-1.076337 -0.532044
-1.492743 -2.907083
-1.192628 -0.380746
-1.171984 -2.067210
-0.817403 -0.961134
-1.314927 -2.346107
-0.646340 -0.388624
-1.613880 -1.907661
-0.898617 -0.115207
-1.552620 -2.637265
-1.542397 -1.758795
-0.820564 -1.527248
-1.562169 -1.558424
-0.726654 -0.078532
-0.978790 -1.382745
-1.102505 -1.415343
-1.091154 -0.656206
-1.492196 -2.165305
-0.863702 -0.245501
-0.926573 -2.425794
-0.743923 -0.152592
-0.780626 -0.242855
-0.756352 -1.577174
-0.655840 -0.572247
-1.037809 -0.600566
-1.563960 -2.644920
-1.200355 -2.061061
-1.137265 -0.311493
-0.753694 -1.104170
-0.786387 -0.234791
-1.155847 -1.257742
-1.260964 -0.290295
-0.609533 -1.497018
-1.217332 -1.866912
-0.900384 -0.882754
-1.413855 -0.631104
-0.742811 -2.026645
-0.818825 -0.562859
-1.441217 -2.587028
-0.494396 -1.142353
-0.738161 -0.213138
-1.213799 -2.474257
-0.781830 -0.585894
-1.144718 -1.910798
-0.909108 -0.186462
-1.374053 -2.496587
-0.995239 -1.876654
-1.044937 -2.208691
-1.013371 -0.778857
-1.435130 -1.320853
-0.498951 -1.234830
-1.274020 -1.668649
-0.539286 -0.727425
-1.193299 -0.957201
-1.349858 -1.265861
-0.314598 -1.099212
-1.386932 -2.655596
-1.438713 -1.069399
-0.927560 -2.110039
-0.677939 -0.224175
-1.006180 -2.145959
-0.513309 -0.821945
-0.847551 -0.954098
-1.229464 -2.633505
-0.813182 -0.864049
-0.524796 -1.184366
-0.657505 -1.863811
-1.295839 -2.432325
-1.456785 -0.937366
-1.364396 -1.189953
-1.102610 -1.279563
-0.908989 -1.686880
-1.216394 -1.080145
-0.816776 -0.354712
-1.174733 -0.409596
-0.616476 -1.269555
-0.735163 -0.865702
-1.411391 -1.837226
-0.686168 -0.511560
-0.630804 -0.876544
-1.090285 -1.581992
-1.116589 -1.645231
-0.948750 -2.224488
-0.693658 -1.083013
-0.438885 -1.279726
-0.815776 -0.819014
-1.332168 -0.927115
-1.026674 -2.412394
-0.536367 -1.410477
-0.436665 -0.481502
-0.507491 -0.430469
-0.993270 -1.620649
-1.055051 -1.622412
-1.212642 -2.564791
-0.763000 -1.684973
-1.159718 -2.589139
-1.333857 -2.359254
-1.264070 -2.232762
-1.023966 -0.283623
-1.323210 -1.177379
-0.862292 -1.666162
-0.760825 -0.185718
-1.096716 -1.964991
-1.691336 -1.897980
-0.921706 -1.244116
-0.555607 -1.328951
-0.717272 -0.024876
-0.333536 -0.850291
-0.946984 -0.221673
-1.246288 -1.802368
-1.332548 -0.667993
-1.412697 -1.248593
-1.163382 -0.648394
-0.723196 -0.781591
-1.261185 -0.754319
-0.771832 -1.487215
-1.450945 -1.917894
-1.109228 -1.676944
-0.758425 -1.929859
-1.323383 -1.002566
-1.115758 -1.240601
-0.503562 -0.774213
-0.656921 -0.895363
-0.518130 -1.115706
-0.715872 -0.763702
-1.582896 -1.992938
-0.528095 -1.663520
-0.708521 -0.658505
-0.677826 -1.557100
-1.531709 -1.298417
-0.808531 -1.534322
-0.782556 -1.862909
-0.934047 -1.368952
-1.049191 -0.222972
-0.864468 -0.902056
-0.470735 -0.705467
-1.029725 -2.194222
-1.294142 -0.296930
-1.482195 -1.897151
-1.100217 -0.125549
-0.842535 -0.560421
-1.507458 -1.671017
-1.272046 -2.226679
-0.766317 -0.655934
-1.650140 -1.499864
-0.710076 -1.728502
-0.556129 -0.242847
-1.480986 -1.771077
-0.524024 -0.809995
-0.920360 -2.322640
-1.668793 -1.517974
-0.450854 -1.100802
-1.216240 -0.399844
-0.844286 -1.304860
-0.883636 -0.439810
-1.034986 -0.205224
-1.610172 -1.061458
-1.498501 -1.761401
-1.644408 -1.487772
-1.443263 -0.731130
-0.736945 -0.833415
-0.615799 0.012944
-1.240519 -1.365338
-1.366797 -0.699781
-1.565533 -2.897049
-0.826892 -1.673563
-0.577913 -1.523106
-1.065775 -1.836176
-1.345901 -1.387267
-1.348808 -1.571659
-0.752701 -1.302745
-1.041515 -0.443146
-1.403698 -1.101066
-1.021718 -2.536731
-0.497383 -0.840939
-1.095995 -1.378283
-1.110883 -2.148384
-0.861970 -1.896857
-0.555668 -0.653971
-1.523400 -1.361678
-0.781538 -0.757218
-0.734571 -1.167298
-1.015601 -1.345414
-1.300194 -1.305794
-0.896792 -1.157779
-0.873521 -0.782026
-1.174980 -1.088224
-1.330365 -0.749053
-1.112871 -0.982444
-0.557742 -0.915957
-0.523837 -0.548065
-1.408652 -1.008229
-1.246882 -2.696541
-1.421043 -0.615343
-1.443689 -1.764546
-0.853000 -1.884861
-0.910507 -0.417737
-1.332140 -2.712736
-0.948889 -1.268224
-1.410425 -0.701703
-1.236420 -2.156555
-0.995354 -0.343253
-0.661175 -1.274735
-0.465967 -0.578410
-0.616882 -0.390344
-0.959854 -1.669832
-0.907083 -1.902257
-0.422773 -0.762089
-0.653835 -1.425259
-0.880370 -0.298500
-0.691431 -1.032914
-0.846874 -0.617471
-0.979847 -0.361310
-1.258177 -1.800470
-1.428813 -2.137670
-1.601557 -2.297690
-1.081942 -0.578202
-0.877671 -1.597678
-1.105511 -1.606456
-1.131739 -1.047425
-1.119851 -0.603919
-1.278890 -1.441774
-0.953605 -1.531706
-0.357425 -0.587331
-1.086958 -0.517555
-0.655975 -0.623394
-0.379643 -0.658578
-1.384350 -1.834050
-1.446945 -1.440882
-1.338735 -1.561545
-0.589302 -1.247985
-0.424284 -0.983707
-1.020215 -0.251323
-1.420064 -1.457981
-0.904572 -1.635348
-0.628000 -1.441034
-1.289549 -1.388673
-1.177705 -0.735016
-1.570419 -1.990158
-0.982510 -2.209015
-1.350432 -1.953967
-0.660723 -1.592781
-1.108505 -2.495914
-1.249818 -0.857674
-0.948029 -1.273339
-0.550074 -0.737145
-0.582903 -1.133073
-1.381260 -1.345336
-1.327025 -1.895046
-1.395536 -1.959522
-1.042163 -1.521170
-0.850759 -1.839286
-1.054298 -1.785633
-0.741696 -0.180779
-0.800972 -1.404453
-0.750184 -1.016115
-1.541866 -2.760689
-1.591663 -1.191283
-1.241018 -0.994636
-0.590764 -1.640185
-1.182370 -1.987038
-1.520894 -1.500860
-0.508563 -1.080462
-0.489005 -1.259925
-0.924332 -0.618112
-1.119619 -0.228674
-0.558951 -0.858779
-1.262394 -2.425663
-0.802680 -0.434438
-0.638620 -0.520470
-0.807026 -1.226203
-1.304338 -1.166793
-0.623079 -0.385661
-0.756239 -1.470319
-1.100500 -2.602260
-0.886026 -1.687172
-0.887778 -0.246633
-0.759865 -1.320355
-1.406735 -1.013528
-1.303498 -0.692195
-0.741787 -1.495645
-0.462712 -0.354592
-1.031267 -1.204127
-1.194684 -2.526171
-1.007154 -1.211241
-1.195680 -0.402192
-0.521717 -0.634493
-1.285267 -2.351144
-0.993644 -2.245410
-1.003620 -0.410377
-0.916624 -0.569017
-1.088298 -1.189416
-0.928859 -1.863335
-1.336911 -2.260491
-1.182509 -2.478215
-0.947329 -1.004507
-1.255430 -2.050782
-1.000353 -0.338709
-1.585586 -2.309397
-1.193897 -1.311904
-0.729000 -1.926279
-0.680041 -1.398636
-1.183850 -1.313357
-1.455218 -1.735981
-1.214764 -2.513307
-1.443885 -1.048231
-0.774081 -1.310981
-1.177564 -1.876253
-0.910104 -0.379878
-0.996089 -0.512332
-1.117731 -0.565238
-0.823301 -0.982611
-1.005136 -1.893314
-1.465456 -2.439718
-0.826745 -1.641895
-0.928981 -1.108160
-0.727765 -1.177733
-1.014507 -1.583680
-0.601338 -0.781770
-0.561056 -1.697111
-1.268553 -2.320130
-1.483092 -1.967446
-0.505621 -0.296538
-1.481344 -2.487208
-1.400346 -0.670931
-1.277950 -2.171288
-0.722986 -1.755333
-0.944772 -1.230324
-1.014678 -1.718372
-0.557722 -0.123820
-0.699293 -1.792055
-1.106503 -2.133340
-1.305462 -2.042877
-1.599272 -1.166326
-0.866053 -0.355872
-0.987171 -1.025099
-0.886337 -1.354228
-0.851219 -0.917138
-0.773892 -0.338548
-1.470181 -1.143700
-1.338867 -0.644115
-1.105093 -0.223204
-1.468434 -2.042883
-0.458586 -0.270087
-1.586529 -1.123290
-0.935519 -0.622887
-0.853126 -0.771288
-1.018992 -1.203113
-0.607205 -0.108921
-1.238343 -0.872442
-1.299632 -2.267607
-0.697081 -0.759010
-1.278286 -2.141376
-1.413011 -1.845149
-0.429778 -0.791107
-0.834892 -1.624409
-0.661912 -0.440990
-0.932443 -1.125003
-1.136429 -2.251470
-1.153590 -0.124823
-0.700945 -0.344426
-1.589966 -1.871267
-0.575499 -0.313651
-0.813917 -1.620635
-0.735937 -1.776929
-0.884016 -2.409317
-1.166399 -0.399094
-1.456947 -1.681520
-1.025108 -0.247569
-1.006000 -0.426015
-0.827414 -1.670986
-0.636714 -1.205631
-0.639768 -0.653237
-0.643103 -0.348212
-1.470543 -2.140576
-1.268571 -0.936088
-0.507555 -0.980238
-0.859197 -1.492912
-1.505935 -1.077814
-0.694441 -1.273184
-0.924175 -0.733560
-1.289896 -1.993145
-1.340312 -0.890064
-1.570841 -1.629936
-1.016459 -0.450590
-1.576342 -1.250423
-0.653826 -0.685178
-0.877773 -1.564101
-1.492913 -1.494014
-0.365594 -0.551215
-0.766188 -1.495364
-1.427611 -2.007330
-0.755282 -1.966715
-0.560923 -1.289904
-1.133654 -0.838966
-0.707387 -0.765189
-1.051572 -1.885639
-1.301111 -0.853149
-0.936703 -0.385197
-0.443369 -0.620992
-0.885065 -0.123204
-0.686416 -1.938025
-1.323500 -0.926943
-0.930183 -1.999881
-0.970805 -2.279578
-1.160718 -0.921811
-1.302001 -1.407810
-1.445774 -1.222628
-1.416641 -0.908413
-1.290421 -1.589932
-0.960725 -1.425073
-1.091015 -1.818866
-0.831311 -0.686332
-1.160849 -1.019241
-1.048039 -0.138283
-1.077637 -1.267021
-0.760329 -0.600331
-0.769634 -0.344701
-1.187543 -2.016606
-0.558179 -0.477140
-0.882879 -0.777822
-1.501377 -1.941113
-0.836829 -2.375140
-1.276266 -1.566784
-0.413576 -0.646666
-0.457258 -1.025394
-0.767273 -1.080442
-0.542429 -0.793618
-0.799758 -1.801674
-0.878891 -1.704718
-1.577317 -1.710794
-0.721867 -1.422238
-1.302715 -1.220649
-0.962142 -2.316121
-1.087540 -1.284823
-0.487118 -0.262769
-1.347164 -1.795160
-0.589143 -0.063978
-1.600758 -2.040876
-1.284985 -2.134487
-1.474893 -1.129119
-1.189407 -1.469638
-1.504109 -1.951757
-0.968945 -1.547578
-0.492958 -0.770975
-0.425226 -0.993352
-1.070995 -2.208659
-1.123323 -0.876230
-0.414393 -0.854666
-1.064517 -1.282242
-1.228956 -0.379023
-1.302365 -1.321572
-1.416144 -0.903077
-0.596966 -1.282691
-0.419213 -1.218399
-1.542429 -1.162264
-0.673496 -1.548144
-1.188003 -2.027816
-1.015177 -1.482670
-0.989384 -0.322038
-0.949337 -0.297082
-1.349723 -0.975423
-1.032029 -1.946496
-0.789836 -1.967649
-0.428512 -0.449989
-1.212048 -2.494651
-1.044205 -1.562756
-1.186890 -0.614504
-0.767856 -2.008090
-0.617880 -1.122895
-0.942554 -1.567456
-1.189980 -2.249802
-0.809500 -1.195817
-0.472561 -0.678356
-0.946410 -2.523793
-0.885051 -0.330197
-1.112489 -0.195963
-0.955197 -1.606827
-1.264246 -2.037490
-0.989228 -0.208344
-1.241439 -2.279167
-1.466244 -0.891727
-0.655522 -1.049768
-1.379471 -1.513288
-0.568935 -1.484565
-1.184515 -1.503148
-1.250366 -1.690529
-0.544837 -1.097904
-1.418798 -2.241530
-0.719749 -0.081937
-1.453225 -2.721505
-1.214115 -1.980475
-0.695149 -1.762169
-1.068409 -1.473048
-0.870304 -1.051081
-0.923924 -1.841990
-0.591760 -0.462351
-0.461224 -1.104283
-0.662082 -1.186166
-0.474508 -1.300933
-1.022630 -1.648639
-1.227470 -0.747718
-1.130284 -0.062367
-0.344340 -0.350041
-1.188380 -0.429735
-1.691373 -2.412161
-1.141883 -2.504158
-1.493661 -2.707736
-1.191673 -1.058478
-0.443289 -1.037022
-0.956500 -0.601722
-0.374979 -0.847038
-1.063554 -1.362066
-0.823004 -0.360865
-1.263677 -2.749074
-0.868608 -0.166316
-1.290124 -1.741517
-1.512645 -1.599787
-0.447963 -0.661845
-0.773377 -1.878750
-0.564993 -0.581601
-0.676512 -0.369128
-1.092278 -1.539647
-1.254476 -0.868186
-1.105025 -1.533338
-0.511467 -1.341018
-1.220159 -2.552564
-0.974538 -1.113316
-1.065922 -2.355119
-1.405958 -1.908511
-1.303642 -0.560067
-0.523308 -0.671555
-0.859575 -1.715620
-1.006002 -2.367682
-0.477698 -1.059719
-0.927358 -0.212376
-0.556572 -1.537338
-1.489728 -2.306966
-0.746125 -1.255801
-0.671500 -1.013230
-0.975773 -0.238905
-0.499851 -0.239966
-0.857853 -2.195537
-0.903980 -1.112171
-1.211498 -1.474846
-1.400756 -2.241696
-1.060817 -0.399368
-1.491824 -1.926695
-1.108808 -1.755362
-1.335613 -1.506226
-1.131216 -1.587122
-0.571083 -1.086342
-1.150151 -2.047217
-0.500461 -1.142368
-1.016494 -1.238091
-1.088210 -2.592334
-1.186957 -1.996543
-1.077767 -0.850809
-0.798940 -0.530288
-1.299211 -0.580814
-1.421139 -1.469322
-0.453287 -1.170046
-0.681154 -1.415888
-1.064398 -1.892917
-1.321760 -1.988087
-1.152954 -1.381360
-0.859280 -0.126982
-0.963631 -2.053044
-0.886352 -2.139747
-0.884292 -1.638474
-0.886711 -0.878261
-0.742568 -1.005139
-0.993774 -1.026867
-1.387817 -1.704814
-1.286683 -2.423652
-1.227081 -1.809037
-0.600897 -0.996190
-1.052371 -1.391934
-1.381354 -1.706763
-0.557077 -0.461061
-1.378846 -1.430699
-0.974685 -1.082280
-0.601005 -1.201671
-1.284051 -1.100800
-1.206509 -1.371968
-1.214123 -0.600367
-1.219615 -0.492468
-0.724059 -1.098082
-0.812647 -0.789525
-1.652487 -1.886434
-0.665326 -1.388056
-0.917116 -2.190560
-0.747652 -0.326577
-0.946741 -1.003022
-1.202036 -0.795814
-1.200369 -0.657850
-1.092843 -0.418497
-1.530126 -2.529825
-1.232526 -1.721654
-1.031589 -0.669328
-0.524309 -1.150238
-1.588242 -2.157368
-1.455651 -1.881716
-1.303711 -2.526711
-1.027334 -1.753011
-1.155337 -0.278032
-0.497905 -1.009055
-0.984629 -1.872363
-1.206024 -1.268317
-1.020047 -1.436018
-1.025111 -0.046765
-1.205755 -2.160426
-1.296280 -1.819504
-1.237812 -2.757116
-0.869405 -1.560027
-1.246230 -0.394959
-0.722379 -0.484597
-1.215765 -0.444580
-0.641641 -0.032699
-0.910419 -1.425337
-1.009320 -0.894843
-1.367353 -1.592856
-1.328916 -0.894212
-1.034811 -0.658230
-1.147277 -1.759274
-0.776793 -0.306470
-1.350261 -1.132200
-0.908084 0.021818
-0.748018 -0.987918
-1.361326 -2.045774
-0.521422 -1.495299
-1.319034 -1.165342
-0.449791 -0.308271
-1.267624 -1.597482
-0.651316 -0.355595
-1.495677 -1.684985
-0.565644 -1.197031
-0.931234 -0.180249
-1.296381 -1.142576
-1.483860 -0.754973
-0.925408 -0.273684
-1.405924 -2.169493
-0.676950 -0.913726
-0.496369 -1.184226
-0.868475 -0.215188
-1.453983 -1.782834
-0.797324 -0.935735
-1.563321 -1.624368
-1.350742 -1.014666
-1.114325 -2.396671
-1.186730 -1.955623
-1.206575 -2.185916
-1.019147 -0.735096
-0.800914 -1.042537
-1.249950 -1.449327
-1.570801 -2.001907
-0.548792 -1.301470
-1.464095 -2.608878
-1.359026 -1.001040
-0.712418 -0.969844
-1.065773 -0.375283
-1.267485 -0.531673
-0.904832 -0.908583
-1.088388 -0.474769
-0.543946 -0.503962
-0.747532 -0.336431
-0.358525 -0.736968
-1.283099 -1.007859
-1.096815 -2.405754
-0.614506 -0.960453
-1.203205 -1.617843
-1.215812 -1.393849
-0.769254 -0.155319
-0.607065 -0.356400
-1.359285 -1.028342
-0.786349 -1.816945
-1.291243 -2.758929
-0.932350 -0.273960
-1.099809 -1.573073
-0.808297 -1.947917
-0.671830 -0.209641
-0.988433 -1.882148
-0.898589 -1.348112
-1.321513 -1.928396
-1.185802 -2.330489
-1.194411 -2.447127
-0.859088 -1.607103
-1.562007 -1.638775
-0.814482 -1.504538
-1.154397 -2.417993
-0.868896 -2.005879
-1.213393 -0.493632
-0.393424 -0.928075
-1.651084 -1.327829
-1.196379 -0.407585
-0.989214 -1.925593
-0.963824 -1.409074
-0.895512 -1.089066
-0.471673 -1.304373
-1.188961 -1.398163
-1.250060 -1.189165
-0.970406 -1.672574
-0.839942 -2.315640
-1.118478 -0.418807
-1.381993 -2.700047
-0.990162 -2.276294
-0.736606 -0.759267
-0.931542 -0.201415
-0.848337 -1.751819
-0.433388 -0.614508
-1.024202 -1.696073
-0.971720 -0.962777
-1.023021 -1.656380
-0.971722 -1.783309
-1.763025 -1.640748
-1.579975 -2.393533
-0.871458 -1.441536
-0.463641 -1.193225
-0.838497 -1.673612
-1.091104 -1.877704
-1.304911 -1.904264
-0.529325 -0.631280
-1.318876 -1.097499
-0.657598 -1.159971
-1.010473 -1.086824
-0.870685 -1.929156
-0.515236 -0.161052
-0.514200 -1.009465
-0.893553 -0.055494
-1.153421 -2.446950
-0.678123 -1.312627
-1.062862 -0.646406
-0.807310 -0.147857
-0.740736 -1.274651
-0.759138 -0.503225
-0.548000 -0.535288
-0.889368 -1.351104
-1.049199 -1.420927
-1.011528 -2.183836
-1.011497 -1.502690
-1.414530 -1.309203
-1.562734 -2.048434
-1.117572 -2.561787
-0.750245 -0.837855
-1.759836 -2.326044
-1.089420 -0.906137
-1.096753 -1.223824
-0.464743 -0.646242
-0.890261 -2.159598
-1.238443 -2.001566
-0.452408 -1.057408
-1.041310 -0.879253
-0.469131 -1.358943
-1.390927 -1.772922
-1.221386 -1.397546
-1.225019 -0.688700
-0.810071 -1.040389
-1.222314 -1.035736
-1.028573 -0.632278
-0.757835 -0.881783
-1.116654 -0.418768
-1.097274 -1.368412
-0.819642 -1.195554
-1.493264 -2.371089
-1.183976 -2.093520
-0.782771 -1.250153
-0.955047 -0.364901
-1.246670 -0.453423
-0.904413 -0.445657
-1.320417 -1.078130
-0.623795 -1.674752
-0.716326 -0.523908
-1.504020 -1.740660
-1.335721 -0.656892
-1.203154 -0.715751
-1.046874 -2.260615
-0.636529 -0.394022
-1.167383 -0.630877
-1.114043 -1.747697
-1.051365 -1.811889
-1.579273 -2.591650
-0.474649 -0.652119
-0.730604 -0.296532
-0.537607 -0.824816
-1.680072 -2.065542
-0.695328 -1.358396
-1.196013 -0.348116
-0.965004 -0.513789
-0.644704 -1.225088
-0.503991 -0.860048
-1.583955 -2.135835
-0.742415 -0.549529
-1.279637 -2.185170
-0.679465 -1.642363
-0.753585 -0.165538
-0.900899 -1.864030
-1.292614 -0.877493
-1.304443 -2.186633
-1.007283 -1.445775
-1.340730 -1.187681
-1.650942 -1.698613
-0.563361 -0.484149
-1.205401 -1.162833
-1.122438 -2.622606
-0.948282 -0.525327
-1.483529 -0.873106
-0.726176 -1.032967
-1.149690 -0.183454
-1.322907 -1.839683
-1.301872 -1.501301
-1.254338 -1.942366
-1.446476 -0.817742
-0.862809 -2.119109
-0.750360 -1.395122
-0.757203 -1.353802
-0.395926 -0.710556
-1.142772 -0.251526
-1.053384 -0.781254
-1.112887 -0.199789
-1.296710 -0.860853
-1.365953 -1.746886
-0.804530 -0.466849
-1.014920 -1.919605
-1.076916 -1.614034
-1.013335 -2.276988
-0.433904 -0.834975
-0.729866 -0.961093
-1.331531 -2.872339
-0.798468 -0.626451
-1.122611 -1.023055
-0.426039 -0.799308
-0.559643 -0.364153
-0.811483 -1.081034
-1.331138 -1.182350
-1.236595 -0.872719
-0.800320 -2.078826
-1.390758 -1.960213
-1.241248 -1.235110
-0.670526 -0.205669
-1.431583 -2.145030
-1.090213 -1.756364
-0.936389 -1.793534
-0.437364 -0.771941
-1.062775 -0.554071
-0.577746 -0.353960
-1.157383 -1.016976
-0.784731 -0.286565
-1.442856 -1.980131
-0.922761 -1.313418
-1.434541 -0.902796
-0.674457 -0.836504
-0.881059 -0.954574
-0.728213 -1.727262
-0.683879 -1.398847
-1.042548 -0.203686
-0.742328 -0.592336
-0.471272 -0.847005
-0.412394 -1.116156
-1.126495 -1.231912
-0.605731 -1.524722
-1.021557 -1.396497
-1.378976 -0.655114
-1.368741 -1.355312
-1.142565 -1.435961
-0.828936 -1.935565
-0.785179 -1.714856
-1.021149 -2.565894
-1.107184 -0.575752
-0.495821 -1.237957
-0.503405 -0.941812
-0.767699 -2.013038
-0.936085 -1.616097
-0.589218 -1.823611
-0.716331 -0.338450
-0.903712 -0.434483
-0.995219 -1.431774
-1.447615 -1.362178
-1.279022 -0.607851
-0.752718 -0.952124
-0.875606 -2.320174
-1.272982 -1.803675
-1.238332 -2.475250
-1.366835 -1.043101
-1.507092 -2.274047
-1.297756 -2.082006
-1.023841 -2.216722
-0.922137 -1.271212
-1.553964 -2.029526
-1.339045 -2.172328
-0.739680 -0.791150
-1.293568 -2.480812
-1.195094 -2.610741
-0.898088 -1.850185
-1.407351 -1.352195
-1.217443 -2.003686
-1.145029 -1.349487
-1.370989 -0.731182
-0.569492 -1.724482
-0.931979 -0.330803
-0.928133 -0.081785
-1.439755 -1.507234
-1.500966 -1.886999
-0.407512 -0.881007
-0.700746 -1.335155
-1.259504 -1.567480
-1.275402 -0.587123
-0.866309 -0.242600
-0.691580 -2.246272
-1.124296 -1.394794
-0.998003 -2.291543
-1.111482 -1.796969
-0.590100 -1.139985
-0.840690 -0.713277
-1.401393 -2.335922
-1.224825 -2.189495
-1.023939 -0.642423
-0.691145 -1.600779
-1.182130 -0.617265
-1.122029 -1.510647
-1.385378 -2.778898
-0.919934 -1.567334
-0.576551 -1.597001
-1.350757 -1.772321
-0.978140 -0.639836
-1.111345 -0.752869
-0.793743 -0.992817
-1.100098 -2.400677
-1.009321 -1.671550
-0.856996 -1.242498
-0.696781 -0.715623
-0.912147 -0.219312
-1.282690 -2.043110
-0.993270 -0.548500
-0.672746 -1.224058
-1.015728 -2.371261
-0.949293 -1.623003
-0.404865 -1.231089
-0.972222 -2.240488
-0.662134 -0.350662
-1.089247 -1.940520
-0.508458 -0.856056
-1.475230 -2.211483
-1.094369 -2.530960
-0.691574 -1.460228
-1.393446 -1.001037
-0.764815 -0.585677
-1.251897 -2.366654
-1.042824 -1.230797
-0.580850 -0.492082
-0.685652 -2.156077
-1.375932 -1.013726
-0.623055 -0.416776
-0.492197 -0.859450
-1.270031 -0.682439
-0.599707 -0.985739
-0.912854 -2.223925
-1.242498 -2.578157
-1.162159 -1.485556
-0.577901 -1.689524
-1.058258 -1.310030
-1.487669 -1.628056
-1.461178 -1.184752
-1.234327 -1.025988
-0.665549 -1.560751
-0.654460 -0.666201
-0.501045 -0.981006
-0.464306 -1.272492
-1.291649 -0.799772
-1.016979 -0.928804
-1.282580 -0.498303
-0.642864 -0.701572
-1.418919 -1.785016
-0.740440 -1.753769
-1.332172 -1.545646
-1.369721 -1.072221
-1.244278 -2.498032
-1.390418 -0.650063
-1.203911 -1.935204
-1.134148 -2.790709
-1.083625 -2.006715
-0.743750 -1.295523
-0.982965 -2.106516
-0.821326 -2.093347
-0.713903 -0.138317
-1.396767 -1.327873
-0.860243 -1.397181
-1.260366 -1.309223
-0.984431 -0.644549
-1.176243 -1.984741
-0.723151 -1.165635
-1.412672 -2.432769
-0.753417 -1.775546
-1.484668 -1.539873
-0.842603 -1.308460
-1.050710 -1.763865
-1.243952 -1.452682
-0.331399 -0.459423
-0.546804 -0.950512
-1.110150 -1.175934
-0.673840 -1.800688
-1.160934 -2.415877
-0.771897 -0.982835
-0.891476 -2.381784
-1.062432 -1.473695
-0.806973 -1.127452
-1.254656 -2.569780
-0.934224 -0.265433
-1.136724 -0.470981
-0.911520 -0.714482
-0.543217 -0.741972
-1.372103 -0.530275
-0.836788 -0.824020
-1.136351 -0.482986
-0.757425 -0.162635
-1.317440 -0.748974
-0.895748 -0.871809
-0.452183 -1.050898
-1.234811 -1.717219
-0.730888 -0.196205
-1.349259 -0.731016
-1.222137 -0.575053
-0.779295 -0.178753
-1.350222 -0.665948
-1.166000 -1.540323
-0.573235 -0.275740
-1.384393 -2.461778
-1.243230 -0.437515
-0.618418 -0.267019
-1.157437 -2.417004
-1.384414 -1.533915
-1.303219 -1.163568
-0.934734 -0.932139
-1.148370 -1.191900
-0.935111 -1.507567
-1.381749 -2.131541
-0.834078 -1.338981
-1.490852 -2.301099
-1.075552 -0.107007
-0.432885 -0.885084
-0.594863 -1.750410
-1.323656 -0.908011
-0.561428 -0.590703
-1.071684 -2.210055
-1.359402 -0.950329
-0.635639 -1.353987
-1.184285 -0.602956
-0.918373 -0.647046
-0.457109 -0.907708
-0.945171 -0.958534
-1.219326 -1.531806
-1.472474 -1.563472
-1.023207 -1.289145
-1.363405 -1.410638
-0.748973 -0.890904
-0.841917 -1.849135
-0.953272 -0.685398
-1.320223 -0.775616
-1.241886 -1.834696
-0.423798 -1.128261
-1.128704 -0.310458
-1.236813 -0.501571
-1.203105 -1.905588
-0.912936 -0.798421
-1.154865 -0.650301
-0.806518 -1.571893
-1.351069 -2.642733
-1.172191 -2.118128
-0.821426 -0.691799
-1.321843 -1.009209
-0.873826 -2.034388
-1.144455 -0.940170
-0.785074 -0.518041
-1.144603 -2.298101
-0.813334 -0.184545
-0.701386 -1.980402
-0.778449 -1.404165
-1.547029 -2.505021
-1.200862 -0.939848
-0.520029 -1.110764
-0.879326 -1.988455
-0.850650 -1.138445
-1.336468 -2.159322
-0.711376 -1.529945
-1.165086 -1.900237
-0.716075 -1.441413
-1.283592 -1.314355
-1.202301 -0.887441
-0.995697 -0.489320
-0.768552 -0.660193
-0.597516 -0.571789
-0.468128 -1.682970
-0.519475 -0.923879
-1.095507 -1.471963
-1.334080 -0.334596
-0.542610 -0.139788
-0.934808 -0.701468
-0.667588 -0.526835
-0.907984 -0.352659
-1.417624 -0.647094
-0.578434 -0.441519
-1.340473 -1.716532
-1.448438 -0.466569
-0.543947 -0.254544
-1.148776 -1.543111
-1.455148 -1.305247
-1.419658 -1.084661
-0.543592 -0.287164
-0.467302 -0.779131
-0.808999 -1.559886
-0.724703 -0.486834
-0.667584 -1.522971
-0.469716 -1.503545
-0.955860 -0.581229
-0.650606 -0.347097
-0.539542 -1.028590
-0.829040 -0.234461
-0.645926 -1.908921
-1.062818 -0.129684
-1.265743 -0.947811
-0.925540 -0.870319
-0.537281 -0.140573
-0.846629 -0.437896
-1.210832 -0.282726
-1.188559 -0.387591
-1.171629 -1.950752
-0.572173 -1.030629
-1.575554 -1.449248
-0.673057 -1.778304
-1.190776 -0.504683
-0.667502 -0.165469
-0.508318 -0.631803
-0.776170 -0.491085
-1.149062 -0.434095
-0.947745 -0.060536
-1.460209 -1.799652
-1.086639 -2.338700
-0.804521 -1.447968
-1.083008 -1.860613
-0.850838 -0.331555
-0.973444 -0.384960
-0.938928 -0.216471
-1.348256 -0.519670
-1.343652 -0.926552
-0.721251 -1.161422
-1.296465 -1.207140
-1.285380 -2.102388
-0.917421 -2.371850
-0.375835 -1.065239
-0.976146 -0.412921
-1.035888 -0.491493
-1.062727 -1.024302
-0.978900 -0.541855
-1.370038 -0.956193
-1.114849 -0.469954
-0.908804 -1.001536
-0.559648 -0.897586
-0.605050 -0.151544
-1.550991 -1.905806
-0.641116 -1.085615
-1.190629 -2.630693
-1.077642 -0.749864
-1.703424 -1.947289
-1.725689 -1.740015
-0.598989 -1.570772
-0.495522 -0.281629
-1.386354 -1.912922
-0.612512 -1.671876
-0.770123 -1.257329
-0.648384 -0.394234
-1.234117 -1.073186
-0.385960 -0.806664
-1.311050 -2.040331
-0.560815 -0.626392
-0.944486 -0.292248
-0.821556 -1.658131
-0.814165 -0.528165
-0.780336 -1.089705
-1.185569 -0.837403
-1.190435 -0.704185
-1.250063 -2.744184
-0.397674 -0.837996
-0.990320 -2.344405
-0.962865 -1.736552
-0.645317 -0.244096
-1.283766 -1.008086
-1.171204 -1.790250
-0.516126 -0.420101
-1.601762 -2.419343
-1.379339 -0.794194
-0.844069 -0.534984
-0.901523 -1.283970
-0.571438 -0.705890
-1.279669 -0.859103
-0.680097 -0.771601
-0.855024 -1.053326
-0.743417 -1.436520
-0.997178 -1.112500
-0.823394 -2.010046
-1.448469 -1.929707
-1.129235 -2.508759
-1.188568 -1.821843
-0.684314 -0.301596
-0.555345 -0.389100
-1.379598 -1.622063
-0.576957 -1.765245
-0.469370 -1.017963
-0.640032 -0.126175
-0.580951 -1.593474
-0.870082 -0.694975
-1.293645 -1.858143
-0.503519 -0.839739
-0.902154 -2.186872
-0.467644 -0.793136
-1.124491 -0.634838
-1.433674 -1.137165
-1.262306 -0.874255
-1.153208 -2.432818
-0.540856 -0.918969
-1.545418 -1.414786
-0.928881 -0.394737
-1.315633 -2.614535
-0.922651 -0.368545
-1.263571 -1.434308
-0.725982 -0.333253
-0.969918 -0.939785
-1.422485 -1.563830
-0.435681 -1.183519
-1.067184 -2.143671
-0.365979 -0.784306
-1.028740 -0.983271
-0.844456 -1.713062
-1.363312 -1.458213
-1.255943 -0.271145
-0.965201 -2.111396
-0.605968 -1.372604
-0.729035 -0.649303
-1.148662 -2.033891
-0.860489 -1.662725
-0.634578 -1.182714
-1.416665 -1.916849
-1.018937 -2.090122
-0.551095 -1.320484
-1.179337 -0.750899
-1.232125 -0.519109
-1.041139 -1.682927
-1.327098 -2.263625
-1.178154 -2.476123
-0.897999 -1.705403
-0.832824 -0.998413
-0.437160 -0.700154
-0.820603 -0.453808
-1.487851 -1.307165
-0.604621 -0.202000
-0.432480 -0.706521
-1.098917 -1.157072
-0.557981 -1.519145
-1.058782 -1.294702
-1.014857 -0.584774
-0.567346 -1.293219
-0.652773 -1.373312
-0.884049 -1.165506
-0.699954 -1.693042
-0.847960 -0.147817
-1.292177 -0.882334
-0.937451 -1.806840
-0.881163 -2.262151
-1.004701 -1.602265
-1.020959 -0.757377
-1.120903 -0.292816
-0.775648 -1.320833
-1.056040 -0.679914
-1.288440 -2.662081
-0.560156 -0.262938
-1.255230 -1.220487
-0.679167 -1.504154
-0.468058 -1.120613
-0.433356 -0.408605
-1.453429 -1.326055
-0.678645 -1.663194
-0.975138 -0.910445
-0.832811 -0.316816
-0.950276 -1.138585
-0.748855 -0.939153
-0.495910 -0.959556
-0.762714 -0.361319
-1.111796 -0.741975
-1.290500 -0.299238
-1.268090 -2.010900
-0.946954 -1.156137
-1.290726 -0.436425
-1.050331 -0.922909
-0.602925 -0.089192
-1.294034 -1.732777
-0.835593 -0.243434
-1.099124 -0.797128
-1.309124 -0.700164
-0.508998 -0.247767
-1.076265 -0.106602
-0.607367 -1.405647
-0.698349 -0.637041
-1.222851 -2.333949
-0.722256 -0.669267
-0.916732 -0.474529
-0.606422 -0.721037
-1.148756 -0.685476
-0.991538 -0.313560
-0.435725 -0.697141
-1.319158 -2.828197
-0.961893 -1.846951
-0.718449 -1.797101
-0.710701 -1.622924
-0.520305 -1.342096
-1.273594 -1.418500
-0.829661 -2.238855
-0.777460 -0.994553
-0.943712 -0.186533
-0.682787 -0.141099
-1.145820 -1.135747
-0.398789 -0.468813
-0.628418 -1.515241
-0.688945 -0.518715
-0.985096 -1.354101
-0.492029 -1.372717
-1.189853 -0.531713
-1.307567 -1.483649
-1.465475 -1.217756
-0.776217 -1.718366
-1.327801 -2.770333
-1.285539 -2.217251
-1.362844 -1.376786
-0.802967 -0.371805
-1.151520 -1.359838
-1.405042 -1.013721
-0.649836 -1.382573
-1.311407 -0.625369
-1.228591 -1.362361
-1.342687 -0.898387
-0.641553 -1.531179
-1.065450 -0.486600
-1.023208 -0.833645
-0.822460 -1.538819
-1.030508 -2.390714
-0.786282 -0.186462
-1.315785 -1.802436
-0.386980 -0.573409
-0.606662 -0.748164
-0.659797 -0.300744
-0.616600 -1.455794
-1.115567 -0.931303
-1.042874 -0.761646
-1.567364 -1.003130
-1.277858 -1.893973
-0.994026 -2.210593
-0.923199 -2.163739
-1.277931 -0.927904
-0.944072 -0.373117
-1.145602 -1.412206
-1.142420 -2.548027
-0.984231 -0.223594
-0.870943 -0.771951
-1.072655 -1.523751
-0.655924 -0.397885
-1.606480 -1.018776
-0.843011 -0.800944
-1.457533 -2.191332
-1.049630 -1.042734
-0.712160 -1.426770
-1.199161 -1.500564
-0.951559 -2.114562
-0.730098 -1.636066
-0.756817 -1.841240
-1.325128 -1.987658
-0.338585 -0.400685
-0.726848 -1.184987
-0.754360 -2.138878
-1.475552 -1.005469
-1.034268 -0.364309
-1.380776 -1.075379
-0.977571 -0.541016
-0.963901 -1.434880
-1.608857 -1.903242
-0.613892 -0.582104
-1.124962 -2.298006
-1.666919 -2.012698
-0.817546 -1.140561
-1.263583 -1.118853
-0.783207 -0.421193
-1.056998 -0.592031
-0.574483 -0.687238
-0.869215 -1.411985
-1.352510 -1.128548
-1.323135 -2.006148
-1.229601 -0.545463
-0.998077 -0.990153
-0.993576 -1.867968
-1.344064 -1.594703
-0.807545 -1.927129
-0.930496 -1.250422
-1.018304 -0.877306
-1.414441 -2.096636
-1.467675 -2.774208
-0.961508 -2.076598
-1.221450 -2.106028
-1.251613 -0.720563
-1.051830 -2.300510
-0.557836 -0.664475
-0.644756 -1.903699
-1.590612 -1.156521
-0.524230 -0.491282
-1.295987 -2.327677
-1.410075 -2.648367
-1.284043 -2.204420
-1.164688 -2.063795
-0.662134 -0.562087
-1.166341 -0.565761
-1.171317 -0.531958
-0.735329 -1.768779
-1.099344 -1.702034
-0.462325 -1.047471
-1.009866 -0.357459
-1.017779 -0.589744
-0.581083 -1.481979
-0.474564 -1.427683
-0.955894 -1.928887
-0.730852 -0.281925
-1.232571 -2.022651
-1.024451 -0.959312
-1.073609 -1.090879
-1.231190 -2.184093
-0.535167 -0.637463
-0.921423 -0.107485
-0.821277 -0.333621
-0.689369 -1.052126
-1.579969 -1.802103
-0.932410 -0.391429
-1.375356 -0.817041
-1.071542 -0.711354
-1.149045 -0.262810
-1.302499 -2.675628
-1.017551 -1.741865
-0.632637 -0.807335
-1.178355 -1.033106
-0.806036 -0.197262
-1.259625 -2.206402
-1.128784 -1.722915
-1.263703 -1.955959
-1.411601 -1.895548
-0.908070 -1.710686
-1.181398 -2.515269
-1.156115 -0.718885
-1.028723 -0.395222
-0.598451 -0.956244
-0.429374 -1.418325
-1.007726 -0.464803
-1.116587 -1.777985
-1.630159 -2.558541
-0.740836 -0.488753
-1.212818 -1.808063
-0.890023 -2.349558
-1.056867 -0.724301
-1.264840 -1.937365
-0.742249 -1.969651
-1.270471 -2.550366
-1.156513 -2.368517
-0.544275 -0.611897
-0.758995 -0.499345
-1.050587 -1.939923
-0.953812 -1.136932
-1.428636 -1.748312
-0.727513 -0.718362
-0.627015 -0.790509
-1.277392 -1.285356
-1.012304 -0.595695
-1.552565 -1.687812
-0.721008 -1.029631
-0.952491 -1.240284
-1.354722 -2.041947
-0.612314 -0.548764
-1.341546 -1.889789
-1.325174 -2.633618
-1.354589 -2.063199
-1.145590 -1.955719
-0.582658 -0.221792
-1.290837 -0.858844
-0.443251 -0.626284
-0.971087 -1.223573
-1.142866 -1.738457
-0.405023 -0.816880
-1.320863 -0.313210
-1.055199 -0.183796
-1.006359 -1.497047
-1.047778 -0.927231
-0.784131 -1.435480
-0.703566 -0.522565
-1.060631 -1.514052
-0.505914 -1.067762
-1.439649 -2.723975
-0.958494 -0.888739
-0.755921 -1.728763
-0.964792 -1.221923
-0.847853 -0.742347
-1.270413 -1.835295
-1.079681 -1.501429
-1.388220 -0.954683
-1.708415 -2.102171
-1.245595 -1.540279
-1.517007 -2.380217
-1.314324 -0.814513
-0.978539 -1.918009
-1.216454 -0.954699
-0.769455 -0.375189
-0.864630 -2.180457
-1.104859 -1.565817
-1.026415 -2.287513
-0.731237 -0.302606
-1.474162 -1.837501
-0.819562 -0.273773
-0.469336 -0.969876
-0.738081 -0.088104
-0.726021 -0.588653
-0.831093 -1.448465
-0.918520 -0.457544
-1.103626 -2.231591
-1.277433 -0.386000
-1.315343 -2.639170
-1.042022 -1.514621
-0.768027 -0.469349
-0.731932 -1.856817
-1.435412 -2.309357
-1.081555 -0.916321
-0.949119 -1.225185
-0.807815 -1.168870
-1.349747 -1.064699
-0.681375 -1.582524
-0.805481 0.017287
-1.216819 -0.311769
-1.276701 -1.990147
-0.579274 -0.600714
-1.008474 -1.561689
-1.568516 -2.018325
-0.754864 -0.807719
-1.076441 -0.274277
-1.170589 -1.953477
-0.715582 -0.665979
-0.790199 -1.951069
-1.134944 -2.669917
-1.070115 -0.429753
-0.770568 -0.387706
-1.090945 -1.395703
-0.774109 -0.518876
-0.771681 -2.324570
-0.548727 -0.185748
-0.970746 -2.348309
-1.350747 -1.077310
-0.745941 -1.228850
-0.434461 -0.804848
-0.910392 -1.010058
-0.755814 -0.511474
-0.735506 -1.898808
-1.293837 -0.874627
-0.826884 -1.553347
-0.963582 -1.385506
-1.274706 -0.756161
-0.351540 -1.016489
-0.498927 -1.094548
-0.948404 -1.750310
-1.387943 -0.598784
-0.772355 -0.880276
-1.231208 -2.418756
-0.783351 -1.832095
-0.509216 -0.724816
-1.252359 -0.294244
-0.839919 -0.767682
-0.697867 -1.307551
-1.082457 -0.806901
-0.513311 -0.551129
-1.044566 -0.281433
-0.806203 -1.467631
-1.030172 -1.538000
-0.758833 -0.389813
-0.796642 -1.981512
-0.527938 -0.856119
-0.340046 -0.586608
-1.029518 -0.152583
-0.728450 -0.580206
-0.685508 -1.735046
-1.136598 -0.351845
-1.152610 -1.068609
-1.389862 -1.308801
-0.929338 -1.268025
-1.133914 -0.382919
-0.971966 -0.344760
-0.524445 -1.578472
-1.076367 -0.633842
-1.108552 -0.916270
-0.825187 -0.994413
-1.077594 -1.537917
-0.780096 -0.723344
-0.821575 -1.546181
-0.940756 -1.766004
-1.235683 -1.986980
-0.526406 -0.514252
-0.552636 -0.584676
-0.570743 -0.220289
-0.461621 -0.991040
-0.578891 -1.365472
-1.188062 -0.858955
-0.694451 -0.517842
-1.249207 -1.188908
-0.886316 0.161588
-0.855008 -1.450727
-1.207255 -0.303528
-1.002575 -1.517885
-1.244486 -1.876329
-0.917290 -0.087842
-0.962031 -1.272435
-1.433269 -1.431956
-0.986727 -0.311616
-1.219278 -1.054911
-1.324655 -1.082825
-1.286106 -1.185440
-1.282504 -1.743409
-1.458805 -2.752004
-1.322795 -2.491569
-1.262073 -2.619113
-0.647348 -0.284487
-0.753257 -0.827706
-1.002402 -0.288225
-1.302532 -0.595665
-1.008671 -2.390054
-0.725688 -0.888402
-0.798582 -0.297760
-0.498620 -0.568195
-0.385152 -0.431063
-0.651967 -0.232167
-1.370908 -1.068091
-1.209741 -2.266359
-0.429621 -0.605124
-1.302347 -1.765470
-0.670195 -1.791036
-1.273175 -0.487540
-0.957866 -1.522857
-1.158547 -2.292971
-0.488592 -0.774484
-1.275189 -1.509302
-1.339422 -0.885583
-0.657420 -0.161994
-1.357291 -0.819750
-1.154811 -1.493994
-0.472147 -0.575056
-0.628963 -0.456859
-0.802960 -2.037494
-0.718380 -1.217601
-0.719997 -0.104365
-0.657239 -1.742322
-1.004840 -2.382390
-0.506793 -0.478515
-0.671049 -1.560652
-1.564092 -1.277522
-1.276712 -2.227514
-0.891077 -1.514297
-0.735898 -1.611968
-1.145434 -1.333957
-0.830124 -0.252283
-1.451441 -2.405299
-0.986995 -1.208180
-1.419291 -1.624471
-0.770280 -0.351172
-1.368916 -1.421260
-1.508919 -1.150284
-0.932459 -1.226689
-1.248281 -2.434649
-0.842561 -1.965295
-0.632574 -0.869174
-1.347052 -0.734740
-1.407614 -0.937607
-1.516009 -2.215336
-1.237888 -0.375898
-1.512545 -2.079406
-1.209667 -2.484438
-0.570427 -0.818492
-1.098381 -0.575445
-1.454861 -0.919035
-1.281940 -0.641363
-0.979814 -0.800625
-0.936551 -1.239966
-1.011407 -1.840521
-1.521311 -1.512396
-1.163053 -0.722910
-0.465288 -1.425384
-0.388904 -0.874986
-0.504192 -1.239802
-1.181767 -0.462157
-0.455664 -0.731020
-1.012569 -2.116874
-0.763441 -0.711341
-1.215992 -2.111398
-0.605849 -0.310040
-1.175587 -2.464971
-0.348958 -0.572643
-1.310854 -2.213408
-1.161683 -0.825507
-1.112074 -2.342344
-0.899163 -1.195518
-1.103189 -0.259796
-1.196338 -1.727514
-1.289167 -2.392612
-1.487235 -1.739458
-1.217134 -1.030885
-1.481527 -2.238352
-0.857970 -1.368201
-0.551755 -0.254515
-1.050317 -1.279338
-1.473248 -2.136248
-0.547460 -0.781507
-0.907720 -0.333855
-1.206825 -0.541259
-0.916184 -0.268775
-1.123169 -0.521388
-1.196340 -1.361904
-1.404711 -2.236230
-1.030502 -1.615708
-0.940311 -1.408146
-0.842771 -1.388829
-0.472193 -0.610352
-1.082166 -0.462931
-0.537046 -0.575997
-0.878023 -0.612329
-1.122746 -1.132575
-1.216562 -1.033115
-1.603666 -1.778154
-0.571048 -0.568723
-1.156826 -0.618426
-0.730642 -0.545681
-1.076265 -0.286228
-0.838186 -0.727305
-0.908538 -1.756107
-1.050569 -1.736638
-0.480546 -0.972351
-1.062706 -0.345305
-0.848163 -1.102734
-0.836620 -0.536273
-0.637043 -1.070068
-0.639565 -1.294035
-1.427429 -0.726669
-1.400415 -0.689169
-0.799739 -0.404042
-0.385841 -1.003024
-1.032333 -0.485056
-0.555446 -0.222115
-0.513094 -0.378636
-1.019015 -0.929716
-1.533001 -2.366932
-0.970087 -1.610880
-0.426702 -0.934169
-1.402020 -2.655197
-0.425685 -0.937709
-0.663719 -0.875922
-0.984130 -0.422861
-0.993087 -0.885420
-0.588395 -0.243876
-0.498959 -1.156837
-1.470452 -2.785050
-0.694424 -0.888515
-1.448273 -1.190178
-0.964769 -0.820463
-1.209492 -1.116955
-1.365342 -0.580150
-1.047670 -2.077667
-1.386642 -1.640717
-1.248261 -0.960247
-1.096066 -1.644941
-1.144543 -1.456203
-1.405465 -0.911996
-1.054136 -0.338404
-0.580646 -0.820524
-1.287063 -1.677518
-1.673616 -1.702633
-0.746925 -0.608939
-1.306201 -0.167167
-0.963766 -0.226925
-0.745167 -1.331806
-0.832422 -2.132905
-0.533233 -1.234596
-1.266916 -0.450358
-0.584900 -0.703847
-1.482127 -1.414372
-1.215205 -1.953971
-0.494487 -0.397341
-0.530771 -0.807930
-1.336802 -1.360215
-1.131207 -1.222161
-0.658972 -0.900415
-1.602234 -1.567037
-1.689857 -2.196426
-1.368574 -1.289393
-1.022397 -2.178485
-1.222111 -2.025070
-1.422480 -1.518013
-1.113064 -2.493860
-1.251511 -0.935494
-0.823676 -0.851092
-0.422379 -0.848055
-0.653227 -0.613980
-0.922449 -0.188196
-0.671984 -0.759112
-1.030849 -0.293488
-1.046923 -2.422363
-0.774085 -0.101156
-0.976653 -0.369794
-0.815790 -0.689720
-0.801349 -0.737483
-1.377971 -0.763896
-0.760099 -1.126453
-0.855666 -1.569591
-0.781208 -1.078185
-1.226165 -0.703079
-0.750995 -0.317096
-1.070925 -2.390443
-1.300275 -0.893621
-0.565781 -1.114125
-0.925049 -1.826973
-1.379716 -0.652835
-1.035707 -2.024922
-0.800808 -0.209907
-1.197086 -1.091077
-1.301579 -2.321120
-1.231815 -2.169935
-1.397899 -2.228806
-0.638487 -1.832292
-1.080439 -1.941389
-1.368409 -1.213632
-1.216027 -2.618270
-1.013524 -0.256726
-0.903499 -1.343158
-0.935306 -1.393852
-0.623730 -0.580145
-1.358473 -1.200278
-0.826271 -1.442443
-0.724395 -0.534301
-1.149904 -1.238002
-0.454085 -1.080638
-1.256897 -0.725619
-0.576927 -0.503526
-1.227248 -2.145395
-0.541182 -1.217228
-0.485665 -0.328183
-0.543875 -0.169929
-0.708395 -1.786308
-0.771767 -0.546560
-1.148469 -0.455762
-0.861455 -0.945027
-1.297737 -0.599028
-1.187038 -1.381472
-1.408206 -1.330095
-1.491612 -1.849040
-0.696174 -0.729769
-0.437160 -0.617382
-0.952968 -1.732296
-0.795561 -0.138542
-0.571662 -0.537093
-0.764460 -1.046729
-0.786187 -0.622353
-0.524743 -0.587374
-0.417604 -0.773762
-0.973454 -2.022729
-0.974623 -0.578693
-1.528077 -1.706057
-0.697884 -0.366241
-1.515000 -2.477297
-1.001544 -0.653491
-0.826768 -1.033312
-1.053740 -1.593730
-0.549090 -1.379058
-0.584763 -1.589642
-1.201650 -2.810858
-1.258958 -2.635695
-0.993930 -1.667729
-0.415296 -0.933669
-1.280301 -0.825458
-1.033137 -1.345168
-1.387937 -2.802430
-0.774015 -0.521045
-1.523732 -1.509245
-1.181552 -1.130178
-1.505984 -1.472070
-1.242903 -0.845412
-0.661062 -0.704706
-1.115826 -0.793611
-1.081440 -1.854107
-0.962240 -1.150971
-1.057557 -1.689191
-1.398378 -2.361114
-0.924656 -2.024627
-0.857986 -1.826596
-0.955300 -0.192630
-0.483311 -0.997300
-1.242247 -1.233848
-1.313023 -1.780980
-0.903537 -0.335066
-0.609414 -1.139524
-0.845266 -0.891258
-1.400148 -0.718585
-0.764995 -0.865740
-1.176018 -2.520799
-1.082353 -2.286716
-0.953456 -2.038650
-1.149163 -0.514645
-0.829415 -2.073632
-1.225663 -1.883910
-0.880820 -2.123242
-0.784221 -1.717547
-0.542669 -0.419248
-0.953105 -0.231207
-1.175381 -0.571817
-0.731141 -0.795355
-1.024976 -2.222608
-0.521179 -1.423862
-1.403908 -1.663375
-0.869154 -0.639264
-1.219516 -0.658977
-1.231159 -2.009227
-1.177819 -1.846614
-0.592603 -1.179930
-0.528857 -1.074050
-0.632043 -1.692986
-1.433749 -1.456863
-1.053191 -1.642844
-1.156675 -0.875266
-1.247333 -0.558158
-0.862484 -1.216338
-0.857529 -2.380287
-1.547794 -1.202585
-1.256867 -1.420172
-1.298413 -2.322830
-0.455873 -0.277478
-1.523280 -1.557317
-1.236393 -0.363414
-0.821370 -0.795410
-1.110129 -0.823356
-1.547792 -1.802025
-1.522433 -1.526377
-1.316380 -0.710465
-1.462908 -2.578719
-1.349901 -1.100715
-1.355502 -1.092940
-1.155973 -1.047493
-1.469222 -1.517756
-1.009568 -1.613333
-0.866823 -1.718228
-1.360835 -2.198166
-0.883330 -0.443874
-1.177735 -2.164761
-1.216887 -0.940768
-0.315328 -0.283454
-0.902473 -0.293221
-1.534241 -1.233371
-0.777892 -0.544150
-1.136358 -0.799232
-1.318336 -1.444297
-0.942322 -1.194942
-1.205691 -2.448087
-1.144002 -1.125380
-1.325330 -1.202499
-1.330028 -0.988696
-1.060359 -1.265935
-1.183656 -0.404898
-0.902947 -0.002436
-0.547475 -0.710037
-1.361219 -1.985197
-1.015866 -2.059803
-0.346307 -0.549878
-1.018261 -0.317886
-1.071720 -0.412186
-1.236813 -2.698555
-1.258561 -0.580929
-0.771959 -0.294212
-1.102407 -0.632338
-1.455455 -1.616259
-1.596375 -1.209959
-1.459708 -2.546365
-0.756885 -1.784028
-1.108348 -1.922431
-0.627752 -0.207671
-1.281856 -1.026670
-1.281532 -2.147989
-0.502255 -0.837938
-1.045369 -0.393636
-1.550524 -2.637445
-1.202238 -1.876370
-1.175907 -0.274729
-0.716011 -0.506118
-1.187033 -0.677037
-0.853692 -0.480753
-1.308843 -1.133610
-1.021195 -2.090755
-1.384788 -1.861628
-1.014539 -0.152112
-1.449740 -2.049698
-0.842730 -0.898752
-1.295671 -1.359285
-1.012576 -0.614695
-0.931151 -1.679660
-0.751984 -1.263231
-1.339118 -2.218133
-1.227926 -1.111276
-1.345663 -1.704460
-1.603592 -1.712011
-1.342287 -1.022871
-1.226236 -2.166952
-1.050860 -0.748777
-0.624859 -1.773706
-0.796182 -1.637502
-0.722095 -0.185275
-1.180131 -2.369452
-1.288872 -2.182738
-0.639708 -1.789427
-1.221286 -1.576488
-0.651193 -0.970114
-1.222247 -0.285874
-0.893839 -1.319323
-1.180886 -1.251043
-1.234498 -0.875663
-0.582675 -0.991570
-0.902650 -0.608337
-0.601076 -0.753326
-1.464813 -2.476655
-1.068299 -0.443510
-1.438911 -1.714466
-0.775842 -0.567799
-0.819813 -0.169053
-1.463272 -1.588237
-0.513043 -0.812323
-0.557724 -0.727341
-1.385389 -1.857695
-0.477616 -0.695642
-0.882368 -1.771652
-1.301976 -2.380290
-1.469163 -1.348592
-1.451462 -1.907703
-0.636659 -1.759198
-1.000327 -0.837945
-1.170149 -0.857316
-1.103374 -2.119863
-0.703032 -0.684238
-0.526728 -0.667521
-0.634195 -0.272323
-1.460338 -1.153302
-1.527723 -2.168848
-1.336357 -2.325292
-0.954280 -0.662192
-1.282138 -0.588715
-1.230205 -1.772947
-1.182797 -2.487332
-1.425378 -2.221529
-1.396433 -1.078515
-0.882915 -0.211928
-1.120718 -0.474056
-1.416881 -0.216544
-0.983489 -0.884978
-1.011866 -1.408535
-0.569633 -0.209939
-1.474190 -1.708915
-0.560883 -0.438173
-1.368645 -1.740782
-0.922531 -0.692676
-1.103747 -1.235668
-0.752658 -0.228463
-0.593312 -0.869848
-0.834576 -0.552351
-0.674408 -0.157438
-1.046432 -1.009577
-1.431343 -1.204499
-1.408838 -1.201271
-0.579147 -1.748125
-0.620489 -0.596336
-0.990676 -2.182187
-1.077590 -1.725270
-1.472700 -2.182355
-0.984657 -2.235127
-0.801043 -1.856717
-0.748780 -1.210758
-1.043915 -0.156030
-1.478304 -1.495400
-0.747339 -0.599422
-0.889615 -0.928552
-1.287920 -1.543233
-1.396497 -2.191680
-1.284053 -1.805654
-0.905587 -0.822059
-0.774438 -0.919927
-0.720602 -0.277624
-0.656692 -1.413807
-1.146392 -1.669875
-0.396748 -0.569289
-1.550212 -3.021093
-0.926901 -0.664589
-1.373775 -1.121508
-0.723958 -1.255859
-0.629118 -0.872600
-0.768417 -1.206951
-0.745410 -0.764583
-0.713513 -1.270855
-1.504386 -1.874156
-1.093808 -1.583673
-1.255513 -1.310123
-1.286304 -0.421289
-0.695714 -0.665053
-1.092312 -0.470722
-1.423619 -1.897262
-1.037166 -0.637292
-0.503802 -0.528979
-0.983239 -0.773146
-0.664018 -0.261347
-1.030316 -1.196658
-1.457101 -1.366402
-0.462437 -0.478534
-1.358776 -1.932726
-0.541377 -1.015087
-0.973739 -1.867951
-1.398790 -1.925764
-0.986743 -1.382348
-1.267714 -1.675934
-1.177648 -1.723157
-0.575197 -0.655977
-0.840986 -1.270013
-1.190871 -2.083683
-1.285637 -2.172586
-1.348487 -1.366053
-0.723395 -0.883043
-0.914657 -1.101525
-0.835200 -0.508038
-1.527483 -1.428864
-1.308436 -0.690260
-0.510943 -0.529714
-1.008175 -0.269330
-0.774053 -0.482149
-0.617865 -1.663598
-1.248630 -0.581642
-1.271146 -0.872584
-0.999689 -0.699921
-1.262621 -0.892157
-1.297654 -2.097006
-0.759667 -1.420021
-0.842454 -0.859569
-0.802073 -1.492179
-0.734097 -1.407888
-0.472184 -0.752618
-0.757547 -0.279981
-1.098925 -1.038137
-0.560452 -1.278348
-1.120617 -0.910855
-0.664458 -0.462659
-1.195553 -0.390670
-1.456017 -1.586159
-1.376571 -0.763859
-1.051956 -1.670341
-0.855090 -1.732995
-1.306535 -1.345349
-1.340334 -2.085569
-0.696303 -1.234524
-1.311965 -0.599980
-0.539227 -0.342210
-1.490190 -0.877966
-1.112629 -0.348557
-0.482677 -0.315738
-1.390298 -2.661215
-1.155369 -2.283153
-1.267361 -1.646826
-1.178187 -2.081421
-0.680372 -0.759534
-0.991904 -1.187864
-0.887690 -1.891570
-0.734747 -0.566467
-0.504244 -0.782935
-0.953277 -0.441919
-0.588555 -1.417864
-0.365226 -0.863723
-1.129033 -1.893909
-1.104345 -0.972661
-0.437426 -1.490851
-1.006231 -0.365878
-0.977250 -2.265580
-1.039214 -0.547255
-0.890978 -0.497937
-0.915026 -0.571359
-0.957211 -0.477627
-0.857869 -0.471352
-1.521623 -2.010271
-0.736448 -1.539455
-0.937273 -2.073079
-0.936630 -1.703009
-0.880954 -1.000813
-1.105816 -1.906334
-1.475914 -1.540107
-0.903522 -1.184181
-0.549120 -0.295203
-1.192185 -0.529207
-0.572890 -1.056884
-0.777678 -1.607090
-1.521643 -2.051161
-1.411910 -1.150389
-1.004501 -0.807046
-1.425280 -1.717124
-1.105386 -1.866063
-0.999075 0.005268
-1.133620 -1.754006
-0.822463 -0.859037
-1.231571 -2.389987
-0.981696 -0.729547
-1.032144 -0.501957
-1.248940 -1.658148
-1.185387 -0.332714
-1.478347 -2.089626
-1.100068 -1.432456
-0.924147 -1.302364
-0.984830 -0.836225
-1.333677 -1.162848
-1.135614 -1.727356
-0.896386 0.040276
-0.940930 -0.994338
-1.167706 -0.407554
-0.781199 -1.141833
-0.466639 -0.248020
-1.220005 -1.109167
-1.054436 -2.531257
-1.234884 -0.510856
-1.129800 -0.240268
-0.960713 -0.894654
-1.101512 -1.498557
-1.132877 -1.965605
-0.828571 -1.395002
-1.267210 -0.623652
-1.149378 -1.465808
-1.498080 -1.274110
-0.912967 -2.090734
-1.509646 -1.109962
-1.459808 -1.235631
-1.362153 -0.730693
-1.371076 -2.028876
-1.309114 -2.358433
-0.819783 -0.250841
-0.609071 -0.809301
-0.711954 -1.947903
-1.072819 -0.102452
-1.132080 -0.767214
-1.115569 -1.774596
-1.384180 -2.141167
-1.269732 -1.244869
-1.375488 -2.337577
-0.585677 -0.459117
-0.857657 -0.234972
-1.015623 -0.549758
-0.612845 -0.205936
-0.719704 -1.642905
-1.346693 -2.384493
-1.524663 -2.313504
-1.197804 -2.607540
-0.433519 -0.319122
-1.463513 -1.419014
-0.947833 -1.624041
-0.780817 -0.503020
-0.781775 -0.778873
-0.697304 -0.422937
-0.916441 -0.147098
-1.225143 -1.945174
-1.323358 -1.605025
-0.515383 -1.011904
-1.362324 -2.603509
-0.795695 -1.164608
-1.216099 -1.145506
1.291668 1.109910
-1.177621 -0.370147
-0.748105 -0.474529
-0.820149 -1.625363
-0.577838 -0.799261
-0.962517 -2.217481
-1.035002 -0.544338
-1.346104 -0.670773
-0.595858 -0.201863
-0.832866 -0.414010
-1.202882 -2.019166
-0.925808 -0.227359
-1.489626 -1.475133
-1.196250 -1.148496
-0.306337 -1.052354
-0.799759 -0.729295
-0.672756 -0.972470
-1.068820 -2.142217
-1.426883 -2.681113
-1.416715 -2.107464
-0.708589 -0.619185
-0.804925 -1.534123
-0.742054 -0.791163
-1.093125 -0.518009
-1.070277 -0.347646
-1.141005 -1.894184
-0.798933 -0.465575
-0.989567 -1.982966
-0.601250 -0.152217
-0.691379 -1.797643
-1.107237 -2.291895
-0.666550 -1.396724
-0.839398 -1.792866
-0.865444 -0.483386
-0.695206 -0.138336
-1.161648 -2.678339
-1.145237 -0.140116
-1.120292 -1.345284
-0.472924 -0.424466
-1.440881 -2.301042
-0.721352 -0.494740
-1.023342 -0.501154
-0.753087 -0.972184
-1.310553 -0.794524
-0.879692 -0.187651
-1.538571 -1.844743
-0.990531 -1.689783
-1.367217 -2.766921
-0.724988 -1.987328
-0.337703 -0.780515
-0.897595 -0.263128
-1.338414 -1.002134
-1.208158 -2.811405
-0.943423 -2.081103
-1.287144 -1.999409
-0.856101 -0.938596
-1.287658 -1.980271
-0.760978 -1.429654
-1.579304 -1.573383
-1.376918 -2.641919
-0.969186 -0.114761
-0.848800 -0.935514
-1.218764 -0.320497
-0.484697 -0.485994
-0.964106 -2.016945
-0.959431 -0.412086
-0.844018 -0.454556
-0.967124 -0.834435
-1.459792 -0.942688
-0.692966 -1.019854
-0.410444 -0.550915
-0.772368 -0.717932
-0.748916 -2.100595
-0.967392 -0.274439
-0.874433 -0.771525
-1.037456 -1.201816
-0.855495 -0.461179
-0.972993 -1.032043
-0.503792 -1.620220
-1.264118 -0.515328
-0.578717 -0.857979
-1.641146 -2.134565
-0.736398 -1.692563
-1.246998 -0.902616
-1.247706 -2.464899
-1.467609 -1.419193
-0.639550 -1.423400
-0.726610 -1.139907
-0.923469 -1.072154
-1.425364 -1.453185
-0.812189 -1.775387
-1.199080 -1.013638
-1.177523 -0.782760
-1.023278 -1.331144
-0.816843 -1.813564
-1.366034 -1.175101
-1.552101 -1.528701
-0.584919 -1.212757
-0.526071 -0.784161
-1.416932 -2.468459
-1.229593 -0.286724
-1.004720 -0.850392
-0.836262 -1.514442
-0.532323 -1.545839
-0.768092 -0.451652
-0.921553 -2.134015
-0.808894 -0.353018
-1.128790 -0.474754
-0.329875 -0.538530
-1.005605 -2.317379
-0.666065 -1.172244
-0.586645 -1.308009
-1.652624 -1.996788
-1.554672 -1.783937
-1.267733 -1.955674
-1.405214 -2.624041
-0.498985 -0.864276
-1.379201 -1.770862
-1.004550 -1.372112
-0.594234 -0.459740
-1.473269 -2.047709
-1.266691 -0.559737
-1.119170 -1.854543
-1.215731 -0.603371
-1.247317 -1.246372
-0.894221 -0.325889
-1.208085 -2.394356
-0.879798 -1.833310
-1.327486 -0.608013
-0.824721 -1.491051
-0.620321 -0.120748
-0.357465 -0.381512
-1.710326 -1.857633
-0.588960 -0.834491
-1.029872 -1.927898
-0.385908 -0.873290
-0.783037 -1.309805
-1.567527 -1.891531
-0.739093 -1.272222
-1.286231 -2.259409
-0.585012 -1.095829
-1.242126 -0.437525
-1.017558 -2.287915
-1.205242 -0.600676
-0.822773 -1.974626
-0.857276 -0.558508
-1.052585 -0.531955
-0.910047 -2.240752
-1.033714 -2.263231
-1.369087 -0.551773
-1.133377 -0.971008
-0.889885 -1.726195
-0.952058 -0.461537
-0.583835 -0.518745
-0.709356 -0.777745
-1.034633 -2.168646
-0.907152 -0.173265
-0.958612 -0.568469
-0.457241 -0.196447
-1.147161 -0.994231
-1.005978 -1.796978
-0.978999 0.028430
-1.287212 -1.077847
-1.104593 -1.229566
-1.129309 -1.777966
-0.780327 -0.678683
-0.975866 -0.151127
-1.108725 -1.941884
-0.915941 -1.693541
-1.170190 -2.206553
-0.832560 -1.450407
-1.242353 -0.778841
-1.516970 -1.472414
-0.886459 -0.254194
-0.769770 -1.431366
-1.497360 -1.233589
-0.735416 -1.618378
-0.891653 -1.442167
-1.341788 -1.576460
-1.137032 -1.759811
-0.669909 -1.212514
-1.477515 -1.697170
-1.149734 -2.183764
-0.934320 -1.284512
-0.782872 -1.676672
-1.214415 -1.029994
-0.917340 -1.038545
-0.894047 -0.482672
-1.092811 -0.819547
-1.343051 -2.783529
-0.697414 -0.172576
-0.943365 -1.065738
-0.778791 -0.474011
-1.466648 -1.444118
-0.639331 -0.843233
-1.321005 -1.524511
-1.110603 -1.379546
-0.741064 -1.338534
-0.971797 -0.517095
-1.169623 -0.301737
-1.275710 -1.617961
-0.452548 -0.523095
-1.007958 -0.283177
-0.985020 -2.503461
-0.832495 -0.144851
-1.008253 -0.622677
-1.185962 -1.401054
-0.518581 -0.408817
-1.096784 -1.545062
-1.165969 -1.963404
-1.222023 -0.280398
-0.662323 -1.231693
-0.843685 -1.239875
-1.045240 -0.223376
-0.561468 -2.021550
-1.195403 -0.388851
-0.550472 -0.617997
-0.514618 -1.207122
-0.935614 -1.087367
-0.914617 -1.754326
-0.914318 -1.590150
-0.726868 -0.859992
-1.025417 -1.257895
-0.667282 -0.561877
-0.743876 -1.429925
-1.468043 -1.603660
-0.685431 -2.060765
-1.244664 -2.173339
-1.279222 -1.337574
-0.723496 -1.777502
-1.449086 -2.391006
-1.340648 -2.366563
-1.366090 -0.555799
-1.013847 -0.105439
-1.285585 -1.672244
-0.810341 -0.122636
-1.207327 -1.813570
-0.973121 -2.346565
-1.218295 -0.461859
-0.765384 -1.763115
-1.262679 -2.106984
-1.420420 -2.433675
-1.327859 -1.284755
-0.815256 -0.571934
-1.355647 -1.557222
-1.312926 -0.564164
-0.514830 -1.555683
-0.835587 -1.029337
-1.131148 -0.173247
-0.901510 -0.281576
-0.646518 -0.977526
-1.230340 -1.055395
-0.761248 -1.009654
-0.679049 -0.197152
-0.780134 -0.708022
-0.700379 -1.243592
-1.412009 -0.900138
-1.298480 -1.359684
-0.647747 -1.383338
-0.528650 -1.142299
-0.617732 -0.817193
-1.269007 -0.549225
-1.171286 -0.348208
-1.047961 -0.336576
-0.617932 -0.708736
-0.951109 -0.104231
-0.525235 -0.507093
-0.648876 -1.237501
-1.189153 -0.481249
-1.129143 -0.322431
-1.638640 -2.377321
-0.530931 -1.617209
-0.935002 -0.643809
-0.985966 -0.116599
-0.775064 -1.736027
-0.670490 -0.285384
-0.639154 -1.211707
-0.409720 -0.711674
-1.208551 -0.401592
-1.419934 -1.298329
-1.124156 -0.362539
-1.627257 -2.194742
-0.647776 -0.819237
-0.938086 -0.320242
-0.581058 -0.616035
-0.837516 -0.369642
-0.797316 -1.294320
-0.835721 -0.653822
-1.373540 -1.645572
-0.931981 -1.813997
-0.678011 -0.413388
-1.168544 -0.428721
-0.801173 -1.894685
-0.546030 -1.262113
-1.183901 -1.706347
-0.907935 -0.159820
-0.969462 -0.401961
-1.403703 -2.519045
-0.974068 -1.184921
-1.160002 -0.984183
-1.359657 -2.100865
-1.140054 -2.025651
-0.888761 -2.156157
-0.707545 -0.345015
-1.317732 -1.295688
-1.322034 -2.152175
-1.517987 -2.431823
-0.989945 -0.564835
-1.519616 -1.633316
-1.189906 -0.414397
-1.307549 -2.313023
-1.481314 -1.213404
-0.750822 -0.735128
-1.340933 -2.261202
-1.610837 -1.825559
-0.934005 -1.763277
-1.125990 -1.403984
-0.474902 -0.558412
-0.630110 -1.876581
-1.269581 -2.443691
-0.574393 -0.623922
-0.668091 -1.373144
-0.782487 -1.264969
-1.446405 -1.355739
-0.897091 -0.386443
-0.645683 -1.270901
-1.004225 -0.391861
-0.997520 -1.708201
-0.689722 -1.318102
-1.016319 -0.811995
-0.854312 -0.214850
-1.270367 -0.482012
-1.111569 -0.246949
-1.136020 -2.518020
-1.081801 -1.592617
-0.820743 -0.152689
-0.573321 -1.364658
-1.116286 -2.251599
-1.281841 -1.982548
-0.474940 -0.564216
-1.189061 -1.394037
-0.547711 -0.727875
-1.370478 -1.077429
-0.899395 -0.869145
-0.725256 -1.066325
-1.336669 -3.016737
-0.980260 -0.194985
-0.485337 -0.774136
-0.968353 -1.523477
-0.603395 -1.219242
-1.128594 -2.245610
-0.588988 -1.531660
-1.104678 -2.521331
-1.260153 -1.218289
-0.787437 -0.959814
-1.219502 -2.757304
-0.803149 -0.468291
-0.798402 -0.157275
-0.867190 -0.327002
-1.136243 -2.788809
-0.578632 -0.586722
-0.697776 -0.453738
-1.208778 -0.790257
-0.723966 -1.337144
-1.154795 -2.027636
-1.321482 -2.143114
-1.270700 -0.395499
-1.328039 -1.156306
-0.851348 -0.083010
-1.031626 -1.812663
-0.669448 -1.377784
-0.834557 -1.543262
-1.578220 -2.141728
-1.231998 -0.775165
-0.539183 -0.515689
-0.633966 -1.127693
-0.799989 -1.141491
-1.478766 -2.069795
-0.756549 -1.055454
-1.154299 -0.402854
-1.137079 -1.716182
-0.851438 -1.053293
-1.280552 -0.989615
-0.955826 -0.901712
-1.476361 -1.578005
-1.338084 -1.314732
-0.628973 -0.647164
-1.367960 -1.064223
-1.360382 -2.419973
-0.983909 -1.863045
-1.368615 -1.954078
-0.696059 -1.333757
-1.344514 -0.889252
-0.836069 -0.568217
-0.933978 -0.189974
-1.218987 -2.020449
-1.192292 -0.998887
-0.415817 -1.111495
-0.658336 -0.381764
-0.900529 -0.591258
-1.399795 -1.744287
-1.004162 -0.588803
-0.921592 -0.320698
-0.670624 -1.504445
-1.316315 -1.957094
-0.526707 -0.407914
-0.799539 -0.152917
-1.145778 -0.984335
-0.768823 -0.433902
-1.208695 -0.299569
-0.632776 -0.602061
-1.234965 -1.508741
-0.567974 -1.035970
-0.912663 -1.317376
-0.767547 -1.264799
-0.862682 -0.926946
-1.050042 -0.415108
-1.135605 -1.466575
-1.105742 -2.191501
-0.708105 -0.414817
-1.256655 -0.606811
-0.864055 -0.038525
-0.986294 -0.420008
-0.662260 -1.528920
-1.188885 -1.847695
-1.449691 -2.261351
-0.878460 -0.296615
-0.616618 -0.483890
-1.155607 -2.331030
-1.064374 -0.960233
-1.325666 -1.344326
-1.432647 -1.301497
-1.021229 -0.794658
-0.536252 -0.992635
-1.102350 -0.538613
-1.642655 -1.268044
-1.436286 -0.960907
-0.757140 -1.438500
-0.760842 -0.837318
-0.644826 -1.724833
-1.113869 -2.064595
-1.022909 -0.867506
-0.781635 -2.259018
-1.043830 -1.337555
-0.957466 -0.514709
-1.435355 -0.983976
-1.378784 -1.832362
-0.839257 -0.464812
-0.926258 -0.562720
-1.069078 -0.627152
-1.747394 -2.402562
-1.457207 -0.949306
-0.853046 -0.373286
-1.279058 -0.723164
-1.083508 -0.638601
-0.498679 -1.292347
-1.460156 -2.557269
-1.364307 -0.993874
-0.864095 -1.920741
-1.276619 -0.737643
-1.418124 -2.424207
-0.892851 -0.548421
-0.509814 -0.683069
-0.823466 -1.861695
-1.440893 -2.271100
-0.503373 -0.329375
-0.666335 -1.081807
-1.131271 -2.195837
-1.278574 -1.633082
-1.283131 -0.143278
-1.099358 -1.845265
-0.565687 -1.149761
-1.340374 -1.505937
-1.337121 -1.073931
-1.379132 -2.499957
-0.694908 -1.928530
-1.528080 -0.966629
-0.804366 -0.704364
-0.733905 -1.234150
-1.077978 -2.103944
-0.829081 -1.186406
-1.340067 -1.002839
-0.994751 -1.854190
-0.928247 -0.724364
-0.676661 -0.297881
-0.819232 -0.209420
-1.241917 -0.783611
-1.246065 -2.119840
-1.035431 -0.546601
-0.569742 -0.230893
-1.090272 -1.673006
-1.089364 -2.473436
-0.674409 -0.956890
-1.217448 -0.565369
-1.533330 -2.129616
-0.607494 -1.442375
-1.049569 -1.418487
-0.822892 -0.513557
-1.150272 -1.508900
-0.749210 -1.685190
-0.911154 -0.304520
-1.414280 -2.210387
-1.552176 -2.167451
-0.960168 -1.211053
-0.692615 -1.706964
-0.706155 -0.936348
-1.230526 -0.753560
-0.533382 -1.325195
-0.992401 -1.776213
-0.898361 -1.862814
-0.972784 -1.143900
-1.255876 -0.612346
-1.344833 -1.239034
-1.082111 -1.335633
-1.101263 -0.286100
-1.704208 -2.174290
-0.702609 -0.534488
-1.254029 -1.635598
-0.499599 -1.034456
-1.269054 -0.637235
-0.797712 -1.208586
-1.061291 -1.227114
-0.704271 -0.689145
-1.233646 -0.856456
-0.661089 -1.054895
-1.054861 -0.268242
-0.984220 -1.579714
-1.177713 -2.092092
-0.434273 -1.246748
-0.981154 -0.082112
-1.133604 -0.417658
-1.383082 -2.721583
-0.503865 -0.890303
-1.245765 -1.283297
-0.468116 -0.416831
-1.075255 -1.990772
-0.772101 -1.692367
-1.322243 -2.459769
-1.400846 -2.074220
-0.772517 -0.239141
-0.391729 -0.596524
-1.437661 -0.729968
-0.961106 -0.818006
-1.582839 -2.043710
-0.486708 -1.259944
-1.313875 -2.258130
-1.008520 -0.233028
-0.889912 -1.307508
-0.622369 -1.002877
-1.046335 -2.247165
-0.842085 -0.717307
-1.004474 -0.440682
-0.590299 -0.853120
-0.972236 -0.074139
-1.112674 -2.126292
-0.493078 -1.036332
-0.830052 -1.171950
-1.190306 -0.240708
-1.083898 -2.620793
-0.885363 -1.878743
-1.095041 -0.524208
-0.629177 -1.383122
-0.876302 -1.527751
-1.304481 -0.465658
-1.313897 -1.244045
-0.487967 -0.694212
-1.280762 -0.610372
-1.065404 -1.953099
-1.211076 -1.528609
-1.338672 -2.256508
-1.370124 -0.867367
-1.002411 -1.287875
-0.634695 -0.789621
-0.981277 -2.405909
-0.882445 -0.458823
-0.793994 -0.713956
-1.190013 -0.606792
-1.077015 -1.800200
-0.853137 -0.263721
-0.792102 -0.964309
-0.658122 -1.616174
-0.881453 -0.232324
-0.722515 -1.659445
-1.514735 -1.505927
-1.107631 -1.695792
-1.166447 -2.462119
-0.713432 -0.078343
-1.225254 -0.829024
-1.118189 -0.856434
-1.119024 -0.372972
-1.414563 -2.091640
-0.435502 -0.591524
-0.866814 -2.386492
-1.018409 -2.207999
-0.712104 -2.076886
-0.919124 -1.407669
-0.569384 -0.455090
-0.855712 -1.344452
-0.648867 -0.408330
-0.748192 -1.650982
-1.422899 -0.870402
-1.228693 -2.654918
-0.694758 -0.763211
-1.132290 -2.165106
-0.492816 -1.596905
-1.431200 -2.504089
-1.108685 -1.817389
-0.884005 -0.883875
-0.415620 -0.873381
-0.743530 -0.809313
-1.167763 -1.803645
-1.538481 -1.732490
-0.781911 -1.517471
-1.309004 -0.997615
-1.254671 -0.713204
-1.369807 -0.779438
-0.510761 -1.412164
-0.645672 -1.205450
-0.989591 -1.230475
-1.169371 -1.089821
-0.891677 -0.103411
-1.480196 -2.199423
-0.962136 -1.210664
-1.294772 -1.914432
-1.655351 -1.717696
-0.480187 -0.378052
-1.225579 -1.849113
-1.288799 -1.100221
-0.872853 -1.392960
-0.882537 -1.769127
-1.029871 -1.175170
-1.284244 -1.278475
-1.518991 -1.627447
-1.443940 -1.071946
-0.869011 -0.664883
-1.116117 -2.397113
-1.008521 -0.576961
-0.878946 -0.587632
-1.087642 -1.070852
-0.614064 -0.665566
-0.680926 -1.410265
-0.664716 -1.054047
-0.430517 -0.576792
-0.589999 -0.643306
-0.547180 -1.020377
-0.658841 -0.473907
-0.596818 -0.872007
-0.498897 -0.821708
-0.865751 -0.600637
-1.149868 -2.437147
-1.189155 -0.159409
-1.179294 -0.628942
-1.006844 -1.551271
-1.356866 -0.589513
-0.443643 -0.927217
-1.015905 -1.540524
-1.308633 -1.260975
-1.071690 -1.377629
-1.014825 -1.170538
-1.152157 -1.072185
-0.456507 -0.512008
-1.243681 -2.005593
-0.874427 -1.519352
-1.322185 -1.372382
-0.610137 -0.287396
-1.445711 -2.114284
-1.195203 -2.020967
-0.959354 -1.743484
-1.172847 -1.917110
-1.225200 -1.374119
-1.069695 -1.999627
-1.027764 -2.308852
-0.940792 -0.357650
-1.317269 -1.026209
-0.929749 -2.378276
-0.959593 -0.902467
-1.265038 -2.169829
-0.507843 -0.873617
-1.167537 -1.723425
-1.185795 -0.854445
-1.003405 -1.070518
-0.996905 -2.474383
-0.896194 -0.727703
-1.108063 -2.527543
-0.699959 -0.917482
-1.417466 -1.878022
-0.588661 -0.396167
-0.893185 -2.352448
-1.125490 -2.063365
-1.137634 -1.734054
-0.882307 -1.000151
-1.116486 -0.347679
-0.914123 -1.549073
-0.992327 -1.651896
-0.677026 -1.226660
-1.158576 -1.687952
-0.884880 -1.722536
-1.338410 -0.947480
-0.686183 -0.737214
-1.149754 -1.304965
-0.746676 -0.701042
-0.796006 -1.889292
-1.189554 -1.180849
-1.230099 -2.167000
-1.439353 -0.832988
-0.723386 -1.909855
-1.007017 -1.118827
-0.625473 -0.826518
-0.556856 -1.443521
-1.309974 -0.627717
-0.842261 -0.114270
-0.556365 -1.160066
-1.139316 -0.529000
-1.109101 -0.860880
-0.675519 -0.352892
-0.684298 -0.346608
-0.884176 -0.384168
-0.746113 -1.044891
-1.214964 -1.614064
-0.826411 -1.454927
-1.003510 -0.560731
-0.869006 -2.032578
-0.714995 -1.872309
-1.098487 -1.589168
-0.376637 -1.098380
-0.991467 -0.066252
-0.839320 -0.769965
-0.609476 -1.717031
-0.925065 -1.688534
-0.497872 -0.871331
-0.856923 -1.542849
-1.571894 -1.578104
-1.044039 -1.972978
-1.056901 -0.536410
-0.754847 -1.911358
-0.972130 -2.250946
-0.749886 -1.224989
-1.404763 -1.703834
-0.724346 -1.046374
-0.922992 -0.211295
-0.984118 -1.526022
-1.148700 -2.316103
-1.257938 -0.958099
-1.090552 -1.232649
-1.423105 -0.974517
-0.762928 -0.116510
-1.106829 -1.410524
-0.742402 -0.431091
-1.425274 -1.666447
-1.330537 -1.693105
-1.155075 -0.159196
-0.915284 -2.160057
-0.947613 -1.511226
-0.913578 -1.115992
-0.525600 -0.615165
-1.107176 -2.018129
-0.619595 -1.374787
-1.096230 -2.237142
-1.304736 -2.057118
-0.912719 -0.325148
-0.918430 -0.985737
-1.178278 -1.893112
-1.052961 -2.077624
-0.950712 -2.262437
-1.128441 -1.364804
-0.408770 -0.823892
-0.875303 -1.064681
-1.386024 -1.567489
-0.984465 -0.201666
-0.640713 -0.487279
-1.504269 -1.505743
-0.920582 -1.335484
-1.060548 -0.816922
-1.116567 -2.062650
-1.130873 -1.904598
-0.870814 -2.042991
-1.398707 -1.573468
-0.863030 -1.348339
-1.264063 -0.293304
-0.595577 -0.681661
-0.800091 0.021190
-1.526890 -2.379248
-1.426320 -1.763626
-1.001629 -0.998335
-0.832724 -1.931608
-0.623701 -0.510942
-1.341606 -1.507781
-1.131627 -2.250079
-1.189169 -0.838877
-0.434830 -0.372348
-0.555689 -0.988223
-0.553124 -0.669940
-0.568773 -1.796875
-0.413002 -0.782701
-0.710990 -0.377595
-0.650924 -1.737958
-0.888405 -0.339115
-0.814429 -0.235270
-0.684956 -0.403344
-1.225578 -1.205179
-0.665897 -1.364492
-1.379672 -1.736390
-0.798350 -0.383869
-1.578958 -2.241612
-0.569540 -1.815819
-0.811476 -0.920246
-1.434972 -1.378169
-1.395430 -1.132147
-1.332918 -1.427038
-1.380802 -2.370388
-1.066693 -2.282244
-1.194497 -2.194775
-1.202709 -1.700541
-1.348629 -2.308820
-1.398687 -1.277940
-1.494470 -1.676954
-0.291319 -0.563386
-1.403599 -2.117185
-1.313860 -2.119659
-0.621165 -0.172503
-0.673462 -1.288878
-1.088669 -0.703291
-1.076558 -0.423142
-1.484113 -1.146128
-1.381933 -1.156644
-1.012641 -1.728837
-1.445235 -1.366513
-0.477860 -0.696328
-1.041549 -2.221330
-1.353281 -2.302816
-0.543718 -0.695239
-0.652499 -1.249018
-0.717513 -1.724487
-0.725555 -1.914898
-1.221696 -1.538774
-0.901596 -2.199984
-1.484757 -1.244199
-1.261691 -0.541080
-1.264024 -1.531396
-0.491758 -0.446131
-1.268160 -0.691895
-1.686366 -1.808494
-0.825894 -0.054970
-0.680958 -0.490834
-1.047203 -0.469154
-1.360062 -1.124038
-1.002846 -1.184698
-1.278716 -1.597043
-1.353018 -2.265166
-0.680691 -1.619920
-0.437254 -1.142051
-0.834036 -0.676496
-1.637593 -2.282387
-0.839982 -0.079991
-0.611274 -0.409540
-1.118831 -0.340520
-1.144551 -1.205117
-0.786624 -1.340521
-1.060279 -2.338903
-1.523357 -1.512717
-1.406113 -2.811323
-1.236644 -2.254410
-1.233314 -1.147651
-0.407763 -1.145630
-1.205080 -0.879468
-1.576257 -1.055113
-0.725253 -0.361058
-1.449956 -2.170407
-1.454563 -0.783230
-0.662545 -1.764641
-0.826923 -1.176066
-0.942663 -2.370544
-1.023695 -1.334486
-1.049496 -0.859909
-1.116158 -1.647033
-1.132251 -0.507107
-1.301173 -1.103660
-0.659173 -1.905319
-0.891548 -0.454722
-0.682176 -0.148585
-0.677802 -0.209342
-0.601275 -0.136253
-0.923025 -0.676776
-0.499005 -0.471292
-0.492949 -0.148645
-1.066692 -0.844646
-0.959401 -2.123142
-0.779278 -1.015199
-1.296539 -1.256592
-1.374342 -1.802526
-1.658670 -1.722001
-0.663706 -0.315094
-1.453503 -0.717836
-1.030222 -1.518476
-0.607083 -0.919154
-0.585884 -0.935869
-1.509403 -1.565992
-0.779589 -0.653165
-0.921112 -0.271515
-0.712535 -0.525942
-1.341407 -0.866273
-1.007519 -0.908946
-1.166108 -0.285673
-1.002532 -0.603186
-1.525017 -0.976040
-1.456876 -2.485622
-0.741868 -0.628309
-0.761591 -1.186081
-1.319370 -1.201689
-0.954727 -0.764813
-0.912609 -0.830851
-0.451797 -1.109000
-0.508799 -0.954749
-0.370171 -0.771577
-0.683550 -0.257749
-1.121577 -2.109704
-1.622079 -1.683652
-1.414370 -1.539661
-0.874944 -1.536488
-0.702493 -2.053642
-1.125483 -1.409682
-0.323317 -0.609981
-0.984927 -0.115628
-1.609952 -1.149063
-0.901832 -0.237298
-1.207148 -2.461351
-1.262249 -0.595449
-0.844277 -2.196719
-1.033219 -0.551515
-1.430045 -2.039261
-1.380711 -1.348984
-0.976091 -0.400973
-1.133058 -0.385216
-1.040214 -0.784994
-1.438155 -2.108701
-0.647355 -1.308619
-0.918154 -0.374532
-0.506543 -1.013293
-1.469076 -1.051435
-0.755093 -2.015382
-0.697356 -1.001518
-1.567954 -1.649261
-1.591897 -2.095165
-0.641112 -0.278717
-0.601266 -1.411491
-1.023510 -2.557685
-0.724447 -1.674786
-0.825764 -0.891643
-1.005170 -0.229406
-1.085404 -0.289934
-0.947750 -2.176491
-1.402603 -1.414775
-0.912596 -1.789417
-1.236551 -0.617591
-0.631540 -0.713527
-1.162427 -1.707584
-1.698272 -1.999917
-1.568617 -1.375150
-1.397385 -2.275171
-1.219649 -0.265433
-1.549121 -1.047336
-1.291622 -2.336483
-0.491016 -0.743567
-1.498879 -2.339086
-0.832281 -0.737680
-1.250219 -0.797952
-0.392901 -1.124469
-0.632021 -0.330536
-0.590105 -0.505485
-0.970186 -0.254660
-1.111991 -2.417550
-1.336614 -1.198430
-1.064228 -0.978149
-0.671691 -1.057120
-1.405321 -2.017913
-0.595237 -0.971415
-1.474000 -1.398362
-1.094738 -0.275875
-0.323934 -1.528442
-1.589951 -2.246461
-0.833216 -1.933597
-1.511215 -1.578485
-1.386603 -1.404685
-1.518399 -1.526010
-1.092342 -2.327477
-1.340844 -0.276897
-0.896629 -1.384941
-0.877921 -0.277424
-1.238023 -0.770411
-0.638760 -0.274584
-0.797636 -1.560258
-1.439477 -0.915344
-1.397468 -1.365006
-0.885230 -0.159952
-0.528612 -1.296550
-1.030458 -0.055071
-1.029243 -1.375201
-0.732252 -0.933730
-1.102504 -1.696930
-1.010436 -1.522940
-1.037764 -1.709878
-1.232194 -0.766126
-1.077817 -1.056419
-0.580851 -1.793043
-1.102032 -0.497789
-1.017138 -0.903765
-1.257682 -0.784368
-0.560092 -1.734591
-1.105932 -2.669055
-1.173702 -1.773625
-0.417495 -0.528246
-1.133977 -2.286971
-0.725617 -0.653044
-0.949476 -0.512080
-1.181117 -2.382708
-0.901299 -1.879332
-1.536949 -2.013786
-1.506480 -1.560563
-0.697634 -0.859213
-0.803413 -0.951737
-1.570806 -1.653985
-1.268998 -0.659140
-0.928693 -0.987768
-0.642463 -1.680758
-0.807389 -0.832187
-1.334271 -2.341253
-1.084547 -1.106242
-0.540483 -0.498331
-1.346392 -2.156636
-1.389524 -2.333715
-0.746297 -0.200852
-0.630995 -0.671350
-0.526971 -0.902689
-0.858964 -0.550173
-1.408387 -2.536370
-0.881432 -0.569457
-0.579495 -0.524951
-0.718757 -0.726555
-0.714686 -0.617541
-0.712208 -0.575911
-0.669982 -1.690864
-0.907030 -1.230500
-0.770767 -0.527488
-0.937540 -0.372862
-1.092862 -1.211830
-1.236211 -2.516949
-0.759941 -0.684718
-0.746152 -1.366150
-0.923402 -1.152909
-1.116718 -2.198523
-1.218084 -1.203632
-0.577875 -1.562900
-0.782412 -0.122866
-0.839680 -0.283058
-0.757412 -0.368577
-0.637734 -1.458018
-1.307347 -2.635257
-0.730527 -0.193597
-0.596672 -1.219159
-0.967593 -1.015591
-1.244855 -1.468233
-1.054403 -1.834891
-1.192235 -1.133865
-1.500399 -1.856603
-1.271926 -0.525166
-0.702294 -1.727641
-0.973672 -1.744072
-1.138930 -1.728537
-1.041629 -0.114343
-1.010471 -0.158577
-1.255108 -1.627795
-0.728055 -1.872463
-1.225454 -1.282535
-1.005549 -1.672212
-0.947554 -0.667849
-1.187397 -1.617568
-1.057755 -2.138354
-0.960225 -0.736198
-0.925079 -1.785910
-1.254339 -0.931668
-1.393122 -1.575003
-1.125710 -0.627785
-1.363189 -1.041831
-0.672704 -0.717364
-1.557415 -2.378901
-0.558487 -1.017834
-1.403022 -2.554848
-0.495609 -0.902665
-1.000931 -0.684813
-0.967915 -2.229628
-0.579480 -1.560768
-0.973850 -0.291284
-1.612793 -2.264878
-1.499413 -1.167556
-0.637754 -1.803738
-1.203780 -1.091236
-0.666186 -1.486014
-0.352091 -0.965530
-1.726149 -1.821663
-1.341638 -0.863019
-1.031410 -2.415683
-0.495901 -1.555686
-0.472619 -0.701342
-1.317890 -1.043533
-0.762909 -1.732327
-0.860227 -1.230422
-1.311312 -2.350311
-0.652282 -1.389805
-1.222475 -1.229795
-0.871005 -2.163764
-1.027171 -2.004618
-0.650058 -0.744897
-0.757643 -1.950545
-1.021104 -2.536656
-1.018873 -0.304993
-1.387172 -2.663344
-1.113712 -0.861979
-1.115352 -2.278291
-1.405184 -1.670033
-0.945377 -0.096298
-0.845173 -1.878958
-1.039321 -0.298881
-1.421126 -1.190993
-0.904704 -1.545958
-1.396569 -2.305136
-0.928355 -1.279807
-0.876638 -1.037347
-0.371174 -0.675216
-1.210645 -1.827739
-1.219896 -1.584412
-1.220286 -1.933057
-1.298718 -1.644995
-1.104988 -2.387614
-1.039509 -1.717657
-0.731519 -1.733267
-1.012846 -0.109695
-1.510165 -2.681731
-1.139409 -2.383714
-0.948887 -2.164242
-0.599988 -0.464258
-1.140004 -2.315822
-1.202445 -1.238738
-1.266823 -1.432683
-1.324767 -1.694069
-0.883709 -0.424933
-0.814162 -1.252299
-1.097114 -1.157614
-1.317726 -1.986925
-0.920778 -1.067961
-0.757786 -0.345453
-0.615232 -0.770799
-0.991262 -2.324098
-0.769464 -1.805642
-0.795586 -1.748393
-0.917784 -0.948253
-1.042722 -2.335350
-0.575638 -0.676548
-1.232924 -1.561549
-1.398098 -2.328867
-0.896866 -0.573413
-0.750585 -0.761352
-0.522252 -1.307188
-0.791032 -0.784755
-1.292105 -0.960705
-0.418422 -1.346419
-1.459321 -0.906943
-1.366096 -2.859501
-1.327800 -1.217256
-0.780174 -1.134589
-0.967370 -1.156249
-0.801962 -1.919759
-0.540338 -0.244215
-1.540298 -1.930783
-1.072421 -2.772773
-1.303957 -2.076571
-0.651495 -1.669082
-1.320625 -1.498358
-1.226278 -1.213212
-1.465832 -1.335024
-1.519320 -0.789323
-1.234589 -0.668006
-0.556257 -0.267144
-1.476737 -1.227790
-0.593190 -1.314044
-0.859859 -2.205776
-1.024152 -0.137072
-1.200738 -0.230660
-1.490527 -1.286248
-0.368062 -0.984300
-1.049973 -1.722451
-0.864862 -1.468262
-0.549779 -1.754663
-0.555685 -0.906178
-1.324796 -0.322027
-1.431191 -2.129255
-1.129353 -2.141859
-0.904113 -1.420010
-0.875924 -0.335599
-1.075460 -2.091603
-0.733112 -0.653761
-1.165413 -1.068409
-1.173699 -0.964879
-0.727605 -1.372375
-0.676676 -1.805461
-1.162791 -2.231694
-0.892887 -1.274705
-1.463400 -1.570410
-1.054157 -1.420784
-0.718830 -0.302083
-0.891663 -0.299662
-1.295711 -2.639123
-1.344694 -1.036407
-1.109921 -0.565248
-1.457454 -2.621977
-0.672091 -0.833681
-0.819823 -0.746008
-1.526916 -1.504096
-0.998088 -0.338511
-1.077658 -1.678334
-1.474466 -2.491210
-0.283503 -0.413753
-1.637327 -1.316436
-1.036897 -2.199932
-0.648803 -1.015348
-1.128685 -2.329165
-0.427838 -0.499008
-1.200275 -2.192718
-1.155968 -0.623895
-0.661744 -0.647372
-1.145790 -1.561437
-1.321091 -1.746175
-1.303475 -1.755526
-1.359502 -0.539689
-1.020019 -1.889463
-1.446847 -2.006646
-0.862489 -0.455274
-1.227431 -1.022264
-1.259193 -0.616483
-1.562633 -2.086112
-0.829269 -2.125476
-0.622549 -1.442153
-0.664385 -1.209594
-1.183804 -2.573553
-0.432045 -0.367917
-0.410188 -0.630325
-1.394099 -1.232072
-0.969533 -0.716106
-0.898784 -0.276871
-1.241787 -1.356236
-0.693845 -1.464076
-0.777441 -0.982189
-1.342950 -2.100919
-1.108155 -1.811273
-1.216270 -0.729296
-1.298492 -1.803837
-1.351304 -2.539043
-0.997679 -1.171706
-0.805748 -0.281422
-1.154887 -2.273624
-0.483436 -0.738490
-1.486586 -2.631761
-1.119594 -1.822582
-0.825789 -0.781139
-1.176424 -1.907603
-0.607525 -0.465630
-1.473961 -1.215611
-0.596361 -0.912724
-0.580666 -0.549285
-0.831477 -1.295393
-1.326218 -0.717902
-0.954462 -0.384738
-1.346672 -1.058538
-0.544963 -0.212735
-1.234242 -2.053076
-1.229658 -2.302928
-1.312087 -2.066251
-1.307062 -1.424208
-1.545544 -1.784177
-0.382926 -0.542335
-0.995551 -0.370867
-0.671071 -0.836060
-0.940565 -0.301008
-0.954902 -0.178627
-1.233720 -1.290943
-1.094316 -2.384410
-0.743922 -1.612339
-1.257782 -2.391628
-0.879898 -0.513144
-0.963785 -0.398494
-0.545663 -0.197714
-1.005154 -1.677148
-1.531821 -1.693136
-0.963791 -0.294678
-0.496448 -0.409154
-1.101529 -0.353353
-1.319399 -1.817142
-0.745803 -1.513941
-0.515121 -0.102170
-1.251410 -0.864432
-0.930769 -1.868097
-1.137480 -0.328209
-1.279011 -1.764343
-1.043556 -2.075641
-0.775745 -1.273325
-0.845742 -1.297919
-1.009988 -1.306664
-1.383019 -0.624595
-0.791767 -1.367007
-1.036917 -1.662859
-1.134907 -2.188574
-1.292252 -1.397718
-1.076538 -0.511831
-0.842389 -1.854638
-1.212030 -0.833350
-0.999067 -0.452557
-1.239438 -0.669093
-1.187327 -2.161367
-1.379071 -1.451081
-1.292922 -0.875550
-1.170110 -1.490160
-0.948360 -2.327099
-1.133349 -1.708542
-0.848249 -1.269067
-1.236965 -1.701429
-1.327920 -0.501154
-0.720865 -0.105143
-0.894024 -0.085998
-1.160093 -0.275583
-1.271688 -0.764079
-0.461108 -0.979966
-1.388773 -1.818384
-0.980139 -1.044126
-1.380622 -1.205837
-1.113642 -1.109374
-0.742953 -1.992109
-1.164094 -0.285596
-1.455947 -2.239260
-0.699225 -1.824278
-0.896946 -1.371255
-1.026639 -0.002883
-0.869512 -0.241958
-1.262692 -1.760596
-1.059188 -0.577502
-0.738084 -1.046636
-0.656229 -1.543277
-0.889616 -1.001799
-1.200756 -1.468111
-1.286154 -1.969249
-0.761923 -0.839971
-1.056314 -2.122010
-0.984995 -0.293790
-1.319585 -1.915799
-0.781035 -1.991793
-0.726797 -0.577919
-1.378220 -1.694212
-0.547105 -0.667939
-0.875312 -0.287277
-0.392438 -1.081477
-1.375614 -1.186957
-0.638704 -0.517024
-1.037893 -2.410609
-1.000082 -1.240636
-0.911757 -0.715627
-1.131385 -2.001412
-1.111591 -2.635462
-1.054714 -1.690833
-1.339934 -1.415899
-1.093406 -1.797194
-0.599320 -0.746972
-1.388734 -0.955043
-0.766592 -1.199094
-0.475248 -0.363976
-0.951687 -1.884395
-0.579935 -1.119079
-0.240891 -0.496990
-1.200582 -0.534219
-0.795791 -0.614954
-1.022521 -0.313304
-1.286359 -2.700590
-0.976873 -1.470753
-1.054723 -0.743770
-0.847944 -0.120976
-0.582512 -0.985693
-1.268128 -2.398776
-0.465047 -1.084393
-0.994559 -1.042276
-1.352415 -2.547470
-1.297272 -0.725382
-0.986160 -1.576303
-1.359153 -0.509619
-0.889312 -0.277940
-0.836670 -1.720005
-1.711746 -2.128517
-1.122824 -0.440779
-1.300913 -0.607390
-1.588866 -2.125890
-1.345583 -1.694360
-1.132486 -2.005322
-0.536606 -0.764227
-0.793524 -1.218642
-0.676764 -0.244245
-1.341737 -1.502816
-1.239350 -0.666941
-1.179580 -0.372761
-1.543209 -1.416847
-1.063759 -0.807799
-0.847548 -1.370599
-1.075812 -0.488887
-1.137545 -2.563358
-1.126668 -0.965887
-0.697736 -1.503742
-0.673534 -0.346623
-0.438686 -0.749224
-0.829441 -1.153450
-0.789143 -0.120066
-1.317758 -2.217909
-0.602664 -1.422556
-0.415861 -0.749792
-1.424473 -0.714723
-1.351550 -2.627859
-1.023755 -0.384555
-0.997395 -0.970123
-1.327587 -0.833740
-0.657022 -0.209850
-1.170768 -0.425267
-1.146725 -1.987163
-0.484518 -0.902783
-0.371794 -1.374242
-1.073715 -2.304302
-1.276100 -2.305720
-1.139061 -0.874103
-1.113996 -0.718092
-1.001569 -0.319061
-0.493809 -1.343879
-1.177011 -2.702156
-1.236842 -2.059532
-0.553836 -0.876181
-1.464409 -1.204870
-0.805843 -0.246501
-1.143405 -1.181122
-0.976723 -1.858521
-0.823682 -0.496986
-0.747177 -1.131336
-1.432941 -0.621782
-1.499888 -0.960623
-0.516778 -1.486359
-0.762249 -0.411604
-0.856425 -0.607498
-0.890749 -1.799367
-1.063165 -1.274606
-1.204866 -1.240754
-1.069853 -0.981088
-1.262486 -0.688042
-1.544776 -2.675164
-0.431548 -0.871044
-1.158198 -2.216803
-1.142119 -0.228482
-0.655987 -0.483602
-0.742492 -0.961867
-0.633801 -0.683619
-0.612815 -1.128238
-0.969857 -1.860404
-0.569178 -0.420314
-0.650882 -1.491389
-1.558048 -2.777298
-0.988038 -0.473623
-1.085447 -0.030873
-1.052985 -0.651876
-0.555434 -0.953537
-1.081547 -1.040863
-1.173713 -0.738329
-0.941622 -1.488598
-1.016096 -0.118126
-1.582054 -2.108797
-1.373385 -2.468415
-1.320788 -2.037968
-0.834117 -2.112341
-0.511183 -0.966601
-1.171328 -0.614102
-1.423108 -1.869511
-0.843689 -1.713548
-1.435610 -2.662957
-0.832642 -0.840851
-1.044278 -0.496952
-0.853801 -1.953220
-0.942034 -0.180551
-0.566238 -0.927050
-0.943856 -0.850370
-1.254883 -0.564446
-0.470863 -0.781686
-0.692610 -0.877922
-0.827024 -1.861955
-0.829837 -0.765404
-0.986885 -1.146531
-0.494249 -1.222153
-0.775196 -0.009380
-1.116121 -2.006173
-0.562087 -0.617196
-1.112663 -1.667143
-1.256511 -1.670155
-0.691550 -1.572915
-0.507058 -0.807387
-1.229726 -2.345434
-0.616603 -1.046567
-1.364794 -1.818931
-1.466860 -1.748431
-1.132629 -2.713257
-1.093824 -1.364573
-1.485895 -2.516159
-1.113130 -1.516353
-1.113444 -1.179729
-0.893235 -0.162084
-0.829340 -0.577397
-1.072639 -1.200460
-0.910909 -2.009098
-0.850929 -2.185846
-0.719905 -0.831714
-0.980024 -0.021426
-0.446958 -0.894079
-0.659909 -1.004982
-1.120011 -1.863855
-0.816078 -0.368825
-1.200915 -1.229276
-1.291172 -0.914846
-1.456838 -0.830616
-0.936785 -0.345556
-1.144905 -2.413588
-0.406086 -0.913561
-0.657265 -1.218568
-1.567719 -2.483782
-1.451414 -1.530258
-1.226998 -0.838829
-0.885558 -0.109894
-1.259619 -1.885407
-1.105670 -2.163188
-0.976866 -2.197904
-1.586113 -1.050282
-1.035847 -2.246925
-0.845393 -1.067569
-0.635592 -1.795502
-1.460378 -1.637851
-1.281339 -0.409317
-0.858928 -2.119392
-0.388937 -1.006234
-1.028771 -0.190801
-1.265629 -1.513081
-0.887784 -1.581169
-0.434245 -1.216150
-0.736335 -1.204358
-0.951746 -1.070421
-0.924329 -0.694117
-1.271944 -2.539860
-0.514158 -0.707749
-1.138431 -1.070892
-0.928545 -1.395010
-1.150692 -1.057036
-0.646613 -1.400666
-0.944865 -1.039638
-0.898329 -1.025963
-1.181998 -2.030740
-1.193663 -0.945985
-1.269456 -0.588801
-0.675056 -0.473430
-1.202514 -1.775199
-1.420001 -2.131805
-1.153060 -0.884719
-1.160138 -1.586903
-0.788957 -1.234661
-0.906926 -2.200189
-0.857740 -1.595918
-1.182806 -2.379862
-0.675294 -1.431486
-0.780557 -1.082989
-1.280877 -1.494956
-1.138361 -0.239396
-0.840798 -0.951870
-0.790531 -1.039831
-1.349439 -1.546195
-1.077543 -0.527309
-1.251749 -0.834612
-1.009146 -0.792907
-0.589619 -1.364164
-0.771951 -0.370619
-0.703813 -0.280500
-1.162717 -0.581366
-1.391780 -2.492214
-0.994756 -0.505203
-0.775507 -1.197791
-1.161649 -2.258852
-1.633880 -2.421962
-1.140889 -1.201452
-1.219950 -1.139693
-0.891288 -0.402320
-1.297454 -0.876291
-0.956403 -1.811025
-1.396478 -2.226030
-1.011410 -2.173201
-1.238876 -1.118543
-0.849493 -0.479952
-0.515675 -0.846799
-0.927534 -0.418883
-1.289316 -2.588914
-0.445085 -0.789530
-1.128387 -1.464649
-1.021598 -0.205811
-0.972747 -1.040387
-0.884498 -2.112089
-0.493116 -0.457117
-0.770565 -2.065271
-1.264854 -1.042586
-1.216257 -0.617999
-1.071877 -0.423641
-0.514357 -0.436252
-0.899469 -1.831442
-0.649212 -1.726009
-0.733003 -0.797049
-1.476543 -1.710866
-1.087126 -0.457508
-0.794638 -0.168012
-1.413842 -1.163372
-0.945333 -0.698600
-0.843151 -1.278389
-1.031967 -0.712679
-1.018409 -0.748222
-1.150989 -0.944200
-0.705468 -0.589658
-1.062797 -0.950298
-0.865494 -1.886051
-1.436442 -2.330111
-1.301051 -0.557893
-1.294940 -1.548286
-1.210335 -2.526610
-0.986638 -0.135845
-1.385286 -1.541665
-1.015724 -1.940075
-1.002664 -0.549799
-0.927733 -0.219855
-1.437176 -1.395946
-0.974379 -0.419019
-1.231511 -1.103093
-1.200250 -0.388530
-0.558829 -1.422793
-1.086261 -1.717827
-1.348907 -0.868795
-1.391746 -2.099061
-0.712805 -0.428042
-1.509410 -2.699786
-0.815997 -2.210401
-1.183468 -2.462204
-1.346573 -1.276018
-0.939288 -1.921411
-1.544893 -1.740112
-0.713536 -1.946305
-0.454867 -0.769261
-1.020635 -0.774442
-1.577835 -1.606851
-1.395805 -1.284566
-1.301280 -0.515993
-1.539025 -1.192745
-0.593456 -1.034438
-1.277551 -1.399275
-1.689849 -2.489283
-1.205631 -1.110706
-0.600042 -0.819107
-1.023068 -2.353577
-0.762359 -0.775333
-0.943093 -0.594903
-0.713305 -0.632373
-1.192043 -2.033832
-1.308396 -2.508138
-1.055449 -1.827314
-0.667120 -1.040501
-0.942693 -0.718428
-0.848160 -0.137267
-0.664944 -0.163768
-1.248453 -0.663239
-1.166760 -1.457901
-1.334891 -0.615739
-0.872298 -1.061661
-0.677493 -1.388036
-0.992433 -1.412326
-1.523753 -1.946252
-1.565262 -1.375972
-1.075286 -2.157364
-0.891876 -1.853334
-0.849561 -0.396861
-0.826197 -0.322339
-0.470528 -1.086600
-0.528961 -1.195410
-1.148193 -1.278597
-0.694756 -1.490593
-0.935635 -0.561968
-1.023620 -0.499024
-0.695446 -1.885650
-0.422476 -0.544968
-0.750516 -0.828959
-0.554366 -0.220586
-0.817386 -1.299873
-1.369614 -2.383039
-0.784888 -1.665547
-0.966648 -0.656747
-0.521518 -0.905199
-1.364254 -1.028679
-1.030159 -1.328988
-0.700345 -0.359386
-1.050476 -1.595279
-0.651516 -0.957912
-1.118017 -1.117074
-0.758139 -1.627452
-1.118424 -1.325673
-1.424422 -1.184010
-0.482928 -1.424271
-1.246956 -1.819599
-0.455756 -0.842251
-0.777424 -0.563312
-1.231933 -1.903203
-0.926428 -0.638689
-1.128839 -1.629764
-0.376373 -0.892852
-1.337251 -0.644586
-0.607740 -1.241840
-0.734304 -0.336452
-0.685912 -0.635833
-0.898308 -0.208792
-0.487617 -0.169127
0.873921 1.000503
-1.199949 -1.727824
-1.237512 -0.872675
-0.962440 -0.403478
-1.675563 -2.229338
-0.939438 -1.562581
-1.325526 -2.435370
-0.644079 -1.412977
-0.994608 -1.195084
-1.225149 -0.868190
-1.495635 -2.330523
-1.395961 -1.126356
-1.325638 -1.218046
-0.916163 -0.100833
-0.737777 -0.798741
-0.851527 -1.035378
-0.497604 -1.001232
-1.042142 -2.787546
-0.392465 -1.042195
-0.831369 -1.182164
