# Energy vs Time Data
# Generated on: 2025-06-17 17:31:07
# Columns: Step, Time_Elapsed_s, U_max, Acceptance_Ratio, dx
#
0        0.000000     21.057007    0.000000     0.600000    
0        113.895903   21.057007    0.000000     0.600000    
0        147.458630   21.048191    0.000000     0.600000    
0        147.459188   21.036112    0.000000     0.600000    
0        147.459727   21.020229    0.000000     0.600000    
0        147.484546   21.003960    0.000000     0.600000    
0        147.485142   20.993343    0.000000     0.600000    
0        147.485740   20.985058    0.000000     0.600000    
0        147.490086   20.967230    0.000000     0.600000    
0        147.490719   20.950212    0.000000     0.600000    
0        147.491293   20.944304    0.000000     0.600000    
0        147.491876   20.932917    0.000000     0.600000    
0        147.527724   20.921837    0.000000     0.600000    
0        147.528379   20.905027    0.000000     0.600000    
0        147.528997   20.890440    0.000000     0.600000    
0        147.529629   20.869930    0.000000     0.600000    
0        147.530279   20.857367    0.000000     0.600000    
0        147.530939   20.841978    0.000000     0.600000    
0        147.531649   20.831861    0.000000     0.600000    
0        147.532464   20.813187    0.000000     0.600000    
0        147.533147   20.804665    0.000000     0.600000    
0        147.533878   20.796211    0.000000     0.600000    
0        147.534512   20.784603    0.000000     0.600000    
0        147.535145   20.778624    0.000000     0.600000    
0        147.535787   20.761269    0.000000     0.600000    
0        147.536420   20.746992    0.000000     0.600000    
0        147.537075   20.731617    0.000000     0.600000    
0        147.537713   20.718483    0.000000     0.600000    
0        147.538410   20.707941    0.000000     0.600000    
0        147.539137   20.699049    0.000000     0.600000    
0        147.539781   20.688625    0.000000     0.600000    
0        147.540470   20.680206    0.000000     0.600000    
0        147.541156   20.669281    0.000000     0.600000    
0        147.541849   20.657383    0.000000     0.600000    
0        147.542475   20.646400    0.000000     0.600000    
0        147.543099   20.628979    0.000000     0.600000    
0        147.543721   20.609692    0.000000     0.600000    
0        147.544394   20.593237    0.000000     0.600000    
0        147.545047   20.575224    0.000000     0.600000    
0        147.545691   20.563835    0.000000     0.600000    
0        147.546317   20.545231    0.000000     0.600000    
0        147.547181   20.535191    0.000000     0.600000    
0        147.547856   20.518721    0.000000     0.600000    
0        147.548485   20.499321    0.000000     0.600000    
0        147.549171   20.490608    0.000000     0.600000    
0        147.549825   20.472160    0.000000     0.600000    
0        147.550870   20.458839    0.000000     0.600000    
0        147.551551   20.436293    0.000000     0.600000    
0        147.552255   20.422375    0.000000     0.600000    
0        147.552950   20.405254    0.000000     0.600000    
0        147.553698   20.388823    0.000000     0.600000    
0        147.554465   20.365168    0.000000     0.600000    
0        147.555209   20.352898    0.000000     0.600000    
0        147.555938   20.332504    0.000000     0.600000    
0        147.556648   20.320362    0.000000     0.600000    
0        147.557308   20.306381    0.000000     0.600000    
0        147.557958   20.298870    0.000000     0.600000    
0        147.558818   20.291054    0.000000     0.600000    
0        147.559458   20.284094    0.000000     0.600000    
0        147.560168   20.271603    0.000000     0.600000    
0        147.561049   20.264057    0.000000     0.600000    
0        147.561666   20.249144    0.000000     0.600000    
0        147.562286   20.240627    0.000000     0.600000    
0        147.562901   20.209484    0.000000     0.600000    
0        147.563935   20.195431    0.000000     0.600000    
0        147.564726   20.182486    0.000000     0.600000    
0        147.565339   20.172201    0.000000     0.600000    
0        147.581035   20.151325    0.000000     0.600000    
0        147.581707   20.138960    0.000000     0.600000    
0        147.582389   20.117828    0.000000     0.600000    
0        147.648800   20.109058    0.000000     0.600000    
0        147.649586   20.099527    0.000000     0.600000    
0        147.650289   20.089430    0.000000     0.600000    
0        147.650985   20.073849    0.000000     0.600000    
0        147.651666   20.060768    0.000000     0.600000    
0        147.652342   20.046371    0.000000     0.600000    
0        147.653021   20.034111    0.000000     0.600000    
0        147.653708   20.024384    0.000000     0.600000    
0        147.660705   20.015106    0.000000     0.600000    
0        147.661556   19.997610    0.000000     0.600000    
0        147.662423   19.978157    0.000000     0.600000    
0        147.663101   19.963427    0.000000     0.600000    
0        147.669213   19.943657    0.000000     0.600000    
0        147.669949   19.928658    0.000000     0.600000    
0        147.670930   19.918001    0.000000     0.600000    
0        147.671643   19.905846    0.000000     0.600000    
0        147.672411   19.887178    0.000000     0.600000    
0        147.673223   19.873295    0.000000     0.600000    
0        147.673925   19.857168    0.000000     0.600000    
0        147.674664   19.840082    0.000000     0.600000    
0        147.675567   19.830229    0.000000     0.600000    
0        147.676269   19.819342    0.000000     0.600000    
0        147.676932   19.803928    0.000000     0.600000    
0        147.677604   19.795343    0.000000     0.600000    
0        147.678260   19.788687    0.000000     0.600000    
0        147.678926   19.777214    0.000000     0.600000    
0        147.679617   19.771004    0.000000     0.600000    
0        147.680299   19.757992    0.000000     0.600000    
0        147.680977   19.736233    0.000000     0.600000    
0        147.681656   19.720901    0.000000     0.600000    
0        147.682328   19.706833    0.000000     0.600000    
0        147.682997   19.693777    0.000000     0.600000    
0        147.683662   19.684477    0.000000     0.600000    
0        147.684339   19.675737    0.000000     0.600000    
0        147.685020   19.668655    0.000000     0.600000    
0        147.685691   19.652805    0.000000     0.600000    
0        147.686384   19.635654    0.000000     0.600000    
0        147.687114   19.618065    0.000000     0.600000    
0        147.687846   19.610306    0.000000     0.600000    
0        147.688583   19.595016    0.000000     0.600000    
0        147.689309   19.587656    0.000000     0.600000    
0        147.690036   19.578312    0.000000     0.600000    
0        147.690768   19.567629    0.000000     0.600000    
0        147.691501   19.556116    0.000000     0.600000    
0        147.692232   19.532665    0.000000     0.600000    
0        147.692962   19.518501    0.000000     0.600000    
0        147.693689   19.498838    0.000000     0.600000    
0        147.694413   19.489645    0.000000     0.600000    
0        147.695143   19.470697    0.000000     0.600000    
0        147.695875   19.446766    0.000000     0.600000    
0        147.696602   19.437912    0.000000     0.600000    
0        147.697322   19.427193    0.000000     0.600000    
0        147.698051   19.411442    0.000000     0.600000    
0        147.698771   19.402487    0.000000     0.600000    
0        147.699508   19.390316    0.000000     0.600000    
0        147.700238   19.384525    0.000000     0.600000    
0        147.700974   19.362936    0.000000     0.600000    
0        147.701705   19.351221    0.000000     0.600000    
0        147.702436   19.339834    0.000000     0.600000    
0        147.703174   19.326927    0.000000     0.600000    
0        147.703897   19.313501    0.000000     0.600000    
0        147.704626   19.301514    0.000000     0.600000    
0        147.705355   19.288820    0.000000     0.600000    
0        147.706087   19.282717    0.000000     0.600000    
0        147.706764   19.260637    0.000000     0.600000    
0        147.707422   19.244267    0.000000     0.600000    
0        147.708088   19.234669    0.000000     0.600000    
0        147.708755   19.221416    0.000000     0.600000    
0        147.709424   19.202480    0.000000     0.600000    
0        147.710082   19.193110    0.000000     0.600000    
0        147.710750   19.179325    0.000000     0.600000    
0        147.711454   19.170658    0.000000     0.600000    
0        147.712186   19.147312    0.000000     0.600000    
0        147.712914   19.131632    0.000000     0.600000    
0        147.713641   19.123125    0.000000     0.600000    
0        147.714378   19.108713    0.000000     0.600000    
0        147.715105   19.095774    0.000000     0.600000    
0        147.715830   19.081131    0.000000     0.600000    
0        147.716549   19.061855    0.000000     0.600000    
0        147.717268   19.044800    0.000000     0.600000    
0        147.717993   19.031792    0.000000     0.600000    
0        147.718718   19.019157    0.000000     0.600000    
0        147.719443   19.009020    0.000000     0.600000    
0        147.720165   18.992756    0.000000     0.600000    
0        147.720882   18.978317    0.000000     0.600000    
0        147.721609   18.972149    0.000000     0.600000    
0        147.722328   18.957684    0.000000     0.600000    
0        147.723056   18.939562    0.000000     0.600000    
0        147.723786   18.921574    0.000000     0.600000    
0        147.724529   18.911228    0.000000     0.600000    
0        147.725879   18.897671    0.000000     0.600000    
0        147.726597   18.893122    0.000000     0.600000    
0        147.727328   18.875671    0.000000     0.600000    
0        147.728058   18.856047    0.000000     0.600000    
0        147.728784   18.848175    0.000000     0.600000    
0        147.729522   18.834101    0.000000     0.600000    
0        147.730253   18.821472    0.000000     0.600000    
0        147.730987   18.808289    0.000000     0.600000    
0        147.731709   18.794796    0.000000     0.600000    
0        147.732431   18.780998    0.000000     0.600000    
0        147.735389   18.767424    0.000000     0.600000    
0        147.736138   18.748642    0.000000     0.600000    
0        147.736862   18.736589    0.000000     0.600000    
0        147.737580   18.711651    0.000000     0.600000    
0        147.738304   18.696466    0.000000     0.600000    
0        147.739023   18.680687    0.000000     0.600000    
0        147.739740   18.674248    0.000000     0.600000    
0        147.740462   18.654501    0.000000     0.600000    
0        147.741188   18.642641    0.000000     0.600000    
0        147.741903   18.623367    0.000000     0.600000    
0        147.742622   18.597540    0.000000     0.600000    
0        147.743322   18.592995    0.000000     0.600000    
0        147.744033   18.580822    0.000000     0.600000    
0        147.744757   18.573637    0.000000     0.600000    
0        147.745479   18.562681    0.000000     0.600000    
0        147.746195   18.552343    0.000000     0.600000    
0        147.746912   18.543137    0.000000     0.600000    
0        147.747627   18.533316    0.000000     0.600000    
0        147.748335   18.522680    0.000000     0.600000    
0        147.749052   18.510063    0.000000     0.600000    
0        147.749764   18.492691    0.000000     0.600000    
0        147.750483   18.483059    0.000000     0.600000    
0        147.751203   18.474842    0.000000     0.600000    
0        147.751927   18.466068    0.000000     0.600000    
0        147.752645   18.445654    0.000000     0.600000    
0        147.753357   18.436275    0.000000     0.600000    
0        147.754069   18.428783    0.000000     0.600000    
0        147.754787   18.414852    0.000000     0.600000    
0        147.755509   18.402733    0.000000     0.600000    
0        147.756225   18.391201    0.000000     0.600000    
0        147.756933   18.384016    0.000000     0.600000    
0        147.757650   18.369179    0.000000     0.600000    
0        147.758374   18.353086    0.000000     0.600000    
0        147.759092   18.334688    0.000000     0.600000    
0        147.759815   18.315807    0.000000     0.600000    
0        147.760527   18.301420    0.000000     0.600000    
0        147.761782   18.291843    0.000000     0.600000    
0        147.762520   18.282616    0.000000     0.600000    
0        147.763260   18.265520    0.000000     0.600000    
0        147.763994   18.251120    0.000000     0.600000    
0        147.765187   18.242794    0.000000     0.600000    
0        147.765915   18.234585    0.000000     0.600000    
0        147.766816   18.222528    0.000000     0.600000    
0        147.767554   18.209057    0.000000     0.600000    
0        147.768291   18.195755    0.000000     0.600000    
0        147.769025   18.183907    0.000000     0.600000    
0        147.769757   18.167355    0.000000     0.600000    
0        147.770481   18.158417    0.000000     0.600000    
0        147.771201   18.150028    0.000000     0.600000    
0        147.785254   18.134148    0.000000     0.600000    
0        147.785985   18.122465    0.000000     0.600000    
0        147.786723   18.108143    0.000000     0.600000    
0        147.787452   18.102957    0.000000     0.600000    
0        147.788182   18.085873    0.000000     0.600000    
0        147.788902   18.073141    0.000000     0.600000    
0        147.789626   18.054794    0.000000     0.600000    
0        147.794924   18.039482    0.000000     0.600000    
0        147.795668   18.024176    0.000000     0.600000    
0        147.796391   18.014694    0.000000     0.600000    
0        147.797121   17.993874    0.000000     0.600000    
0        147.797844   17.976641    0.000000     0.600000    
0        147.798569   17.964182    0.000000     0.600000    
0        147.799296   17.951305    0.000000     0.600000    
0        147.800026   17.932558    0.000000     0.600000    
0        147.800757   17.921383    0.000000     0.600000    
0        147.801483   17.914001    0.000000     0.600000    
0        147.802214   17.902559    0.000000     0.600000    
0        147.802935   17.892717    0.000000     0.600000    
0        147.803662   17.887184    0.000000     0.600000    
0        147.804383   17.874687    0.000000     0.600000    
0        147.805109   17.860615    0.000000     0.600000    
0        147.805836   17.843975    0.000000     0.600000    
0        147.806557   17.834679    0.000000     0.600000    
0        147.807286   17.824512    0.000000     0.600000    
0        147.808013   17.812620    0.000000     0.600000    
0        147.808726   17.801891    0.000000     0.600000    
0        147.809452   17.784084    0.000000     0.600000    
0        147.810169   17.776093    0.000000     0.600000    
0        147.810897   17.758705    0.000000     0.600000    
0        147.811620   17.745224    0.000000     0.600000    
0        147.812349   17.730724    0.000000     0.600000    
0        147.813075   17.721273    0.000000     0.600000    
0        147.813803   17.707310    0.000000     0.600000    
0        147.814527   17.693306    0.000000     0.600000    
0        147.815257   17.684711    0.000000     0.600000    
0        147.815985   17.673389    0.000000     0.600000    
0        147.816711   17.662659    0.000000     0.600000    
0        147.817435   17.653961    0.000000     0.600000    
0        147.818153   17.645056    0.000000     0.600000    
0        147.818877   17.629749    0.000000     0.600000    
0        147.829180   17.610378    0.000000     0.600000    
0        147.839667   17.601700    0.000000     0.600000    
0        147.852044   17.595942    0.000000     0.600000    
0        147.863191   17.587181    0.000000     0.600000    
0        147.875419   17.579746    0.000000     0.600000    
0        147.876056   17.564867    0.000000     0.600000    
0        147.876652   17.551958    0.000000     0.600000    
0        147.882927   17.529341    0.000000     0.600000    
0        147.883590   17.520258    0.000000     0.600000    
0        147.884214   17.513195    0.000000     0.600000    
0        147.884830   17.502499    0.000000     0.600000    
0        147.885439   17.493420    0.000000     0.600000    
0        147.886046   17.487782    0.000000     0.600000    
0        147.886782   17.481724    0.000000     0.600000    
0        147.897898   17.470270    0.000000     0.600000    
0        147.909418   17.462620    0.000000     0.600000    
0        147.910057   17.450359    0.000000     0.600000    
0        147.912336   17.443596    0.000000     0.600000    
0        147.912960   17.432289    0.000000     0.600000    
0        147.924622   17.428238    0.000000     0.600000    
0        147.930236   17.412945    0.000000     0.600000    
0        147.932840   17.406975    0.000000     0.600000    
0        147.933491   17.388729    0.000000     0.600000    
0        148.025539   17.369690    0.000000     0.600000    
0        148.026192   17.359192    0.000000     0.600000    
0        148.026920   17.351742    0.000000     0.600000    
0        148.027698   17.345724    0.000000     0.600000    
0        148.028375   17.334259    0.000000     0.600000    
0        148.029044   17.327158    0.000000     0.600000    
0        148.029730   17.310841    0.000000     0.600000    
0        148.035838   17.301657    0.000000     0.600000    
0        148.037243   17.293846    0.000000     0.600000    
0        148.037939   17.282120    0.000000     0.600000    
0        148.039971   17.265770    0.000000     0.600000    
0        148.040708   17.256050    0.000000     0.600000    
0        148.041583   17.247734    0.000000     0.600000    
0        148.042204   17.234720    0.000000     0.600000    
0        148.044343   17.217403    0.000000     0.600000    
0        148.044976   17.207676    0.000000     0.600000    
0        148.045587   17.187740    0.000000     0.600000    
0        148.046221   17.180767    0.000000     0.600000    
0        148.048473   17.166050    0.000000     0.600000    
0        148.050167   17.153618    0.000000     0.600000    
0        148.051208   17.134933    0.000000     0.600000    
0        148.051919   17.124350    0.000000     0.600000    
0        148.052599   17.116592    0.000000     0.600000    
0        148.053280   17.106522    0.000000     0.600000    
0        148.054551   17.092888    0.000000     0.600000    
0        148.056126   17.085644    0.000000     0.600000    
0        148.057024   17.069996    0.000000     0.600000    
0        148.057695   17.059479    0.000000     0.600000    
0        148.059250   17.048580    0.000000     0.600000    
0        148.059971   17.036428    0.000000     0.600000    
0        148.060750   17.027437    0.000000     0.600000    
0        148.061419   17.016659    0.000000     0.600000    
0        148.062383   17.008764    0.000000     0.600000    
0        148.063852   17.001812    0.000000     0.600000    
0        148.064526   16.989334    0.000000     0.600000    
0        148.065194   16.983360    0.000000     0.600000    
0        148.065859   16.978853    0.000000     0.600000    
0        148.066524   16.969408    0.000000     0.600000    
0        148.067262   16.961962    0.000000     0.600000    
0        148.067930   16.951895    0.000000     0.600000    
0        148.068586   16.942059    0.000000     0.600000    
0        148.069248   16.928858    0.000000     0.600000    
0        148.069900   16.919943    0.000000     0.600000    
0        148.071069   16.912907    0.000000     0.600000    
0        148.071944   16.901594    0.000000     0.600000    
0        148.072630   16.892403    0.000000     0.600000    
0        148.073298   16.881756    0.000000     0.600000    
0        148.074032   16.863434    0.000000     0.600000    
0        148.074698   16.850422    0.000000     0.600000    
0        148.075364   16.841106    0.000000     0.600000    
0        148.076025   16.831127    0.000000     0.600000    
0        148.076689   16.816879    0.000000     0.600000    
0        148.077348   16.806623    0.000000     0.600000    
0        148.078000   16.798132    0.000000     0.600000    
0        148.079965   16.784910    0.000000     0.600000    
0        148.080634   16.773680    0.000000     0.600000    
0        148.081294   16.755909    0.000000     0.600000    
0        148.081964   16.740835    0.000000     0.600000    
0        148.082622   16.732347    0.000000     0.600000    
0        148.083342   16.720572    0.000000     0.600000    
0        148.084028   16.705486    0.000000     0.600000    
0        148.084696   16.689344    0.000000     0.600000    
0        148.085364   16.683332    0.000000     0.600000    
0        148.086026   16.672871    0.000000     0.600000    
0        148.087090   16.665247    0.000000     0.600000    
0        148.088163   16.649509    0.000000     0.600000    
0        148.088920   16.638050    0.000000     0.600000    
0        148.089722   16.627008    0.000000     0.600000    
0        148.090446   16.620869    0.000000     0.600000    
0        148.091170   16.606951    0.000000     0.600000    
0        148.091838   16.598906    0.000000     0.600000    
0        148.092497   16.588381    0.000000     0.600000    
0        148.093158   16.583635    0.000000     0.600000    
0        148.093820   16.569572    0.000000     0.600000    
0        148.094470   16.555447    0.000000     0.600000    
0        148.095123   16.546339    0.000000     0.600000    
0        148.095782   16.534054    0.000000     0.600000    
0        148.096467   16.522608    0.000000     0.600000    
0        148.097192   16.501141    0.000000     0.600000    
0        148.097911   16.489231    0.000000     0.600000    
0        148.099169   16.482687    0.000000     0.600000    
0        148.099886   16.471100    0.000000     0.600000    
0        148.100590   16.464458    0.000000     0.600000    
0        148.101281   16.450829    0.000000     0.600000    
0        148.101926   16.438049    0.000000     0.600000    
0        148.102570   16.426367    0.000000     0.600000    
0        148.103232   16.406551    0.000000     0.600000    
0        148.103888   16.396366    0.000000     0.600000    
0        148.104533   16.388081    0.000000     0.600000    
0        148.105184   16.377996    0.000000     0.600000    
0        148.105835   16.365620    0.000000     0.600000    
0        148.106505   16.350670    0.000000     0.600000    
0        148.107207   16.342920    0.000000     0.600000    
0        148.107922   16.335007    0.000000     0.600000    
0        148.108637   16.329958    0.000000     0.600000    
0        148.109337   16.322525    0.000000     0.600000    
0        148.110033   16.313530    0.000000     0.600000    
0        148.110737   16.304989    0.000000     0.600000    
0        148.111419   16.291733    0.000000     0.600000    
0        148.112048   16.288528    0.000000     0.600000    
0        148.112691   16.273727    0.000000     0.600000    
0        148.113335   16.262177    0.000000     0.600000    
0        148.113986   16.246840    0.000000     0.600000    
0        148.114623   16.226238    0.000000     0.600000    
0        148.115273   16.214832    0.000000     0.600000    
0        148.116012   16.201565    0.000000     0.600000    
0        148.116964   16.187035    0.000000     0.600000    
0        148.117676   16.175489    0.000000     0.600000    
0        148.118388   16.168413    0.000000     0.600000    
0        148.119428   16.156345    0.000000     0.600000    
0        148.120295   16.143059    0.000000     0.600000    
0        148.121002   16.137417    0.000000     0.600000    
0        148.121718   16.117035    0.000000     0.600000    
0        148.122435   16.107529    0.000000     0.600000    
0        148.123203   16.095509    0.000000     0.600000    
0        148.123899   16.079807    0.000000     0.600000    
0        148.124610   16.070095    0.000000     0.600000    
0        148.125325   16.060799    0.000000     0.600000    
0        148.126038   16.045708    0.000000     0.600000    
0        148.126741   16.034748    0.000000     0.600000    
0        148.127445   16.018225    0.000000     0.600000    
0        148.128146   16.010942    0.000000     0.600000    
0        148.128845   16.002811    0.000000     0.600000    
0        148.129546   15.991851    0.000000     0.600000    
0        148.130240   15.982687    0.000000     0.600000    
0        148.131230   15.973137    0.000000     0.600000    
0        148.132020   15.954292    0.000000     0.600000    
0        148.132740   15.938307    0.000000     0.600000    
0        148.133445   15.927168    0.000000     0.600000    
0        148.134142   15.912300    0.000000     0.600000    
0        148.134847   15.896616    0.000000     0.600000    
0        148.135551   15.885120    0.000000     0.600000    
0        148.136249   15.867071    0.000000     0.600000    
0        148.137000   15.859327    0.000000     0.600000    
0        148.137715   15.847813    0.000000     0.600000    
0        148.138442   15.834563    0.000000     0.600000    
0        148.139173   15.820118    0.000000     0.600000    
0        148.140039   15.810785    0.000000     0.600000    
0        148.140758   15.799742    0.000000     0.600000    
0        148.141440   15.793913    0.000000     0.600000    
0        148.142091   15.786182    0.000000     0.600000    
0        148.142767   15.772316    0.000000     0.600000    
0        148.143408   15.765909    0.000000     0.600000    
0        148.144042   15.756472    0.000000     0.600000    
0        148.144678   15.743546    0.000000     0.600000    
0        148.145319   15.734107    0.000000     0.600000    
0        148.145958   15.726526    0.000000     0.600000    
0        148.146632   15.721218    0.000000     0.600000    
0        148.147327   15.711945    0.000000     0.600000    
0        148.148020   15.695131    0.000000     0.600000    
0        148.148712   15.689223    0.000000     0.600000    
0        148.149404   15.682471    0.000000     0.600000    
0        148.150096   15.669969    0.000000     0.600000    
0        148.150819   15.661114    0.000000     0.600000    
0        148.151544   15.655916    0.000000     0.600000    
0        148.152185   15.642291    0.000000     0.600000    
0        148.152820   15.631153    0.000000     0.600000    
0        148.153745   15.618879    0.000000     0.600000    
0        148.154965   15.611913    0.000000     0.600000    
0        148.155644   15.606703    0.000000     0.600000    
0        148.156314   15.593911    0.000000     0.600000    
0        148.157024   15.587554    0.000000     0.600000    
0        148.157723   15.576067    0.000000     0.600000    
0        148.158428   15.565218    0.000000     0.600000    
0        148.159135   15.556317    0.000000     0.600000    
0        148.159841   15.548204    0.000000     0.600000    
0        148.160563   15.544476    0.000000     0.600000    
0        148.161298   15.533300    0.000000     0.600000    
0        148.161998   15.527799    0.000000     0.600000    
0        148.162694   15.512672    0.000000     0.600000    
0        148.163397   15.501823    0.000000     0.600000    
0        148.164097   15.492378    0.000000     0.600000    
0        148.164808   15.483235    0.000000     0.600000    
0        148.165509   15.472112    0.000000     0.600000    
0        148.166213   15.462500    0.000000     0.600000    
0        148.166917   15.455685    0.000000     0.600000    
0        148.167623   15.447581    0.000000     0.600000    
0        148.168323   15.442431    0.000000     0.600000    
0        148.169016   15.433424    0.000000     0.600000    
0        148.169700   15.429577    0.000000     0.600000    
0        148.170643   15.415469    0.000000     0.600000    
0        148.171346   15.404923    0.000000     0.600000    
0        148.172044   15.396599    0.000000     0.600000    
0        148.172730   15.389866    0.000000     0.600000    
0        148.173433   15.380519    0.000000     0.600000    
0        148.174129   15.377224    0.000000     0.600000    
0        148.174826   15.369272    0.000000     0.600000    
0        148.175525   15.357920    0.000000     0.600000    
0        148.176222   15.344075    0.000000     0.600000    
0        148.176922   15.339407    0.000000     0.600000    
0        148.177998   15.330725    0.000000     0.600000    
0        148.178727   15.322863    0.000000     0.600000    
0        148.179422   15.313502    0.000000     0.600000    
0        148.180123   15.300381    0.000000     0.600000    
0        148.180823   15.293664    0.000000     0.600000    
0        148.181495   15.278063    0.000000     0.600000    
0        148.182127   15.269563    0.000000     0.600000    
0        148.182761   15.257875    0.000000     0.600000    
0        148.183397   15.251902    0.000000     0.600000    
0        148.184036   15.239545    0.000000     0.600000    
0        148.184667   15.230804    0.000000     0.600000    
0        148.185295   15.223151    0.000000     0.600000    
0        148.185931   15.215624    0.000000     0.600000    
0        148.186594   15.201792    0.000000     0.600000    
0        148.187292   15.198569    0.000000     0.600000    
0        148.187993   15.189287    0.000000     0.600000    
0        148.188682   15.185881    0.000000     0.600000    
0        148.189368   15.181034    0.000000     0.600000    
0        148.190063   15.170611    0.000000     0.600000    
0        148.190784   15.154383    0.000000     0.600000    
0        148.191486   15.147436    0.000000     0.600000    
0        148.192200   15.139685    0.000000     0.600000    
0        148.192893   15.131581    0.000000     0.600000    
0        148.193597   15.118958    0.000000     0.600000    
0        148.194302   15.109343    0.000000     0.600000    
0        148.195035   15.098193    0.000000     0.600000    
0        148.195757   15.087261    0.000000     0.600000    
0        148.199461   15.078295    0.000000     0.600000    
0        148.200203   15.069954    0.000000     0.600000    
0        148.200932   15.058382    0.000000     0.600000    
0        148.201633   15.045854    0.000000     0.600000    
0        148.202329   15.038209    0.000000     0.600000    
0        148.203025   15.023760    0.000000     0.600000    
0        148.203727   15.014696    0.000000     0.600000    
0        148.204412   15.008884    0.000000     0.600000    
0        148.205106   14.992856    0.000000     0.600000    
0        148.205798   14.986588    0.000000     0.600000    
0        148.206489   14.979479    0.000000     0.600000    
0        148.207183   14.967760    0.000000     0.600000    
0        148.207895   14.955265    0.000000     0.600000    
0        148.208608   14.943303    0.000000     0.600000    
0        148.209308   14.935577    0.000000     0.600000    
0        148.210000   14.927470    0.000000     0.600000    
0        148.210687   14.920919    0.000000     0.600000    
0        148.211362   14.914161    0.000000     0.600000    
0        148.212232   14.908987    0.000000     0.600000    
0        148.212894   14.899199    0.000000     0.600000    
0        148.213561   14.893358    0.000000     0.600000    
0        148.214238   14.880457    0.000000     0.600000    
0        148.215071   14.871094    0.000000     0.600000    
0        148.215739   14.863798    0.000000     0.600000    
0        148.216407   14.853021    0.000000     0.600000    
0        148.217102   14.844259    0.000000     0.600000    
0        148.217790   14.835787    0.000000     0.600000    
0        148.218493   14.827196    0.000000     0.600000    
0        148.219181   14.821714    0.000000     0.600000    
0        148.219887   14.805499    0.000000     0.600000    
0        148.220660   14.798161    0.000000     0.600000    
0        148.221383   14.788759    0.000000     0.600000    
0        148.222112   14.780453    0.000000     0.600000    
0        148.222820   14.771241    0.000000     0.600000    
0        148.223539   14.759558    0.000000     0.600000    
0        148.224247   14.742067    0.000000     0.600000    
0        148.224962   14.734278    0.000000     0.600000    
0        148.225678   14.721895    0.000000     0.600000    
0        148.226373   14.716407    0.000000     0.600000    
0        148.227082   14.707689    0.000000     0.600000    
0        148.227804   14.697577    0.000000     0.600000    
0        148.228519   14.691030    0.000000     0.600000    
0        148.229239   14.685740    0.000000     0.600000    
0        148.229939   14.677000    0.000000     0.600000    
0        148.230653   14.665545    0.000000     0.600000    
0        148.231349   14.649199    0.000000     0.600000    
0        148.232041   14.645130    0.000000     0.600000    
0        148.232749   14.631314    0.000000     0.600000    
0        148.233449   14.622267    0.000000     0.600000    
0        148.234143   14.611745    0.000000     0.600000    
0        148.234834   14.609960    0.000000     0.600000    
0        148.235528   14.606280    0.000000     0.600000    
0        148.236218   14.600225    0.000000     0.600000    
0        148.236907   14.594698    0.000000     0.600000    
0        148.237612   14.588272    0.000000     0.600000    
0        148.238322   14.578294    0.000000     0.600000    
0        148.239027   14.565380    0.000000     0.600000    
0        148.239731   14.556087    0.000000     0.600000    
0        148.240418   14.542520    0.000000     0.600000    
0        148.241107   14.537782    0.000000     0.600000    
0        148.241808   14.521033    0.000000     0.600000    
0        148.242503   14.515083    0.000000     0.600000    
0        148.243241   14.505741    0.000000     0.600000    
0        148.244074   14.494619    0.000000     0.600000    
0        148.244904   14.485968    0.000000     0.600000    
0        148.245634   14.474079    0.000000     0.600000    
0        148.246331   14.452826    0.000000     0.600000    
0        148.246975   14.440862    0.000000     0.600000    
0        148.247645   14.433778    0.000000     0.600000    
0        148.248309   14.427197    0.000000     0.600000    
0        148.248969   14.417660    0.000000     0.600000    
0        148.249650   14.406851    0.000000     0.600000    
0        148.250906   14.400724    0.000000     0.600000    
0        148.251566   14.394038    0.000000     0.600000    
0        148.252207   14.387595    0.000000     0.600000    
0        148.252913   14.376854    0.000000     0.600000    
0        148.253580   14.368460    0.000000     0.600000    
0        148.254229   14.361677    0.000000     0.600000    
0        148.254879   14.349569    0.000000     0.600000    
0        148.255523   14.343970    0.000000     0.600000    
0        148.256154   14.337345    0.000000     0.600000    
0        148.256861   14.331176    0.000000     0.600000    
0        148.257560   14.321682    0.000000     0.600000    
0        148.258271   14.309392    0.000000     0.600000    
0        148.258983   14.301684    0.000000     0.600000    
0        148.259686   14.292974    0.000000     0.600000    
0        148.260390   14.287418    0.000000     0.600000    
0        148.261316   14.282567    0.000000     0.600000    
0        148.261989   14.258766    0.000000     0.600000    
0        148.262660   14.244043    0.000000     0.600000    
0        148.263295   14.235289    0.000000     0.600000    
0        148.264011   14.229896    0.000000     0.600000    
0        148.264668   14.221342    0.000000     0.600000    
0        148.265464   14.212898    0.000000     0.600000    
0        148.266110   14.204071    0.000000     0.600000    
0        148.266816   14.197634    0.000000     0.600000    
0        148.267522   14.187335    0.000000     0.600000    
0        148.268209   14.167548    0.000000     0.600000    
0        148.268898   14.159752    0.000000     0.600000    
0        148.269601   14.153380    0.000000     0.600000    
0        148.270301   14.144518    0.000000     0.600000    
0        148.271013   14.136717    0.000000     0.600000    
0        148.271669   14.129834    0.000000     0.600000    
0        148.272311   14.117592    0.000000     0.600000    
0        148.272947   14.112194    0.000000     0.600000    
0        148.273586   14.105177    0.000000     0.600000    
0        148.274224   14.090558    0.000000     0.600000    
0        148.274878   14.086564    0.000000     0.600000    
0        148.275523   14.077686    0.000000     0.600000    
0        148.276166   14.069300    0.000000     0.600000    
0        148.276864   14.059659    0.000000     0.600000    
0        148.277551   14.054904    0.000000     0.600000    
0        148.278245   14.046314    0.000000     0.600000    
0        148.278912   14.043431    0.000000     0.600000    
0        148.279598   14.033009    0.000000     0.600000    
0        148.280313   14.020263    0.000000     0.600000    
0        148.281006   14.005951    0.000000     0.600000    
0        148.281693   13.994169    0.000000     0.600000    
0        148.282502   13.988962    0.000000     0.600000    
0        148.283224   13.983991    0.000000     0.600000    
0        148.283939   13.969714    0.000000     0.600000    
0        148.284640   13.955712    0.000000     0.600000    
0        148.285341   13.952131    0.000000     0.600000    
0        148.286041   13.943519    0.000000     0.600000    
0        148.286693   13.933884    0.000000     0.600000    
0        148.287331   13.927710    0.000000     0.600000    
0        148.287983   13.919235    0.000000     0.600000    
0        148.288629   13.910651    0.000000     0.600000    
0        148.289277   13.902700    0.000000     0.600000    
0        148.289927   13.896940    0.000000     0.600000    
0        148.290579   13.887959    0.000000     0.600000    
0        148.291241   13.881360    0.000000     0.600000    
0        148.291957   13.874748    0.000000     0.600000    
0        148.292639   13.871449    0.000000     0.600000    
0        148.293329   13.856795    0.000000     0.600000    
0        148.294016   13.849437    0.000000     0.600000    
0        148.294707   13.840087    0.000000     0.600000    
0        148.295389   13.824540    0.000000     0.600000    
0        148.296073   13.816707    0.000000     0.600000    
0        148.296752   13.812176    0.000000     0.600000    
0        148.297432   13.804164    0.000000     0.600000    
0        148.298112   13.791149    0.000000     0.600000    
0        148.298942   13.779860    0.000000     0.600000    
0        148.299654   13.768647    0.000000     0.600000    
0        148.300503   13.757738    0.000000     0.600000    
0        148.301215   13.752281    0.000000     0.600000    
0        148.301867   13.742869    0.000000     0.600000    
0        148.302507   13.739871    0.000000     0.600000    
0        148.303177   13.727308    0.000000     0.600000    
0        148.303873   13.722848    0.000000     0.600000    
0        148.306436   13.708292    0.000000     0.600000    
0        148.307098   13.700632    0.000000     0.600000    
0        148.307740   13.696192    0.000000     0.600000    
0        148.308390   13.688324    0.000000     0.600000    
0        148.309244   13.683898    0.000000     0.600000    
0        148.309952   13.678921    0.000000     0.600000    
0        148.310587   13.674731    0.000000     0.600000    
0        148.311212   13.666846    0.000000     0.600000    
0        148.311844   13.658211    0.000000     0.600000    
0        148.312463   13.652130    0.000000     0.600000    
0        148.313099   13.641017    0.000000     0.600000    
0        148.313736   13.636169    0.000000     0.600000    
0        148.314373   13.625842    0.000000     0.600000    
0        148.315012   13.620475    0.000000     0.600000    
0        148.317777   13.606193    0.000000     0.600000    
0        148.318361   13.590603    0.000000     0.600000    
0        148.318937   13.582486    0.000000     0.600000    
0        148.319516   13.576810    0.000000     0.600000    
0        148.320110   13.566668    0.000000     0.600000    
0        148.320713   13.553736    0.000000     0.600000    
0        148.321313   13.544701    0.000000     0.600000    
0        148.321943   13.538988    0.000000     0.600000    
0        148.322585   13.527994    0.000000     0.600000    
0        148.323227   13.520010    0.000000     0.600000    
0        148.323864   13.514254    0.000000     0.600000    
0        148.324483   13.511545    0.000000     0.600000    
0        148.325107   13.505613    0.000000     0.600000    
0        148.325741   13.498898    0.000000     0.600000    
0        148.326578   13.489618    0.000000     0.600000    
0        148.327181   13.484280    0.000000     0.600000    
0        148.327774   13.476411    0.000000     0.600000    
0        148.328350   13.467794    0.000000     0.600000    
0        148.328918   13.456635    0.000000     0.600000    
0        148.335600   13.444643    0.000000     0.600000    
0        148.336200   13.437393    0.000000     0.600000    
0        148.336806   13.422592    0.000000     0.600000    
0        148.337396   13.417225    0.000000     0.600000    
0        148.338108   13.406338    0.000000     0.600000    
0        148.338708   13.404353    0.000000     0.600000    
0        148.339298   13.396626    0.000000     0.600000    
0        148.339890   13.383808    0.000000     0.600000    
0        148.340475   13.374381    0.000000     0.600000    
0        148.341067   13.361805    0.000000     0.600000    
0        148.341692   13.358251    0.000000     0.600000    
0        148.342271   13.354400    0.000000     0.600000    
0        148.342853   13.345984    0.000000     0.600000    
0        148.343437   13.342773    0.000000     0.600000    
0        148.344030   13.335588    0.000000     0.600000    
0        148.344747   13.330809    0.000000     0.600000    
0        148.345331   13.320797    0.000000     0.600000    
0        148.345908   13.314756    0.000000     0.600000    
0        148.347414   13.306701    0.000000     0.600000    
0        148.348004   13.303268    0.000000     0.600000    
0        148.348589   13.298704    0.000000     0.600000    
0        148.349168   13.292288    0.000000     0.600000    
0        148.350024   13.283958    0.000000     0.600000    
0        148.350998   13.270949    0.000000     0.600000    
0        148.351580   13.265350    0.000000     0.600000    
0        148.352155   13.251314    0.000000     0.600000    
0        148.352731   13.242720    0.000000     0.600000    
0        148.353354   13.237481    0.000000     0.600000    
0        148.353953   13.228292    0.000000     0.600000    
0        148.354554   13.222721    0.000000     0.600000    
0        148.355142   13.210078    0.000000     0.600000    
0        148.355716   13.206749    0.000000     0.600000    
0        148.356292   13.202934    0.000000     0.600000    
0        148.356872   13.194765    0.000000     0.600000    
0        148.357463   13.181076    0.000000     0.600000    
0        148.358050   13.173794    0.000000     0.600000    
0        148.358617   13.168977    0.000000     0.600000    
0        148.359198   13.159535    0.000000     0.600000    
0        148.359777   13.145679    0.000000     0.600000    
0        148.361731   13.133421    0.000000     0.600000    
0        148.362325   13.121115    0.000000     0.600000    
0        148.362918   13.116119    0.000000     0.600000    
0        148.363497   13.105734    0.000000     0.600000    
0        148.364066   13.100155    0.000000     0.600000    
0        148.366570   13.093456    0.000000     0.600000    
0        148.367124   13.086304    0.000000     0.600000    
0        148.367671   13.079334    0.000000     0.600000    
0        148.368208   13.070354    0.000000     0.600000    
0        148.368750   13.062281    0.000000     0.600000    
0        148.369306   13.056107    0.000000     0.600000    
0        148.369852   13.043521    0.000000     0.600000    
0        148.370399   13.035654    0.000000     0.600000    
0        148.370955   13.027002    0.000000     0.600000    
0        148.371510   13.017403    0.000000     0.600000    
0        148.372062   13.004685    0.000000     0.600000    
0        148.372619   12.995685    0.000000     0.600000    
0        148.373164   12.989396    0.000000     0.600000    
0        148.373709   12.983002    0.000000     0.600000    
0        148.374251   12.975128    0.000000     0.600000    
0        148.374790   12.963446    0.000000     0.600000    
0        148.375342   12.958065    0.000000     0.600000    
0        148.375886   12.947559    0.000000     0.600000    
0        148.376423   12.936913    0.000000     0.600000    
0        148.376975   12.927816    0.000000     0.600000    
0        148.377515   12.920095    0.000000     0.600000    
0        148.378059   12.914884    0.000000     0.600000    
0        148.378597   12.908190    0.000000     0.600000    
0        148.379142   12.898481    0.000000     0.600000    
0        148.379678   12.893867    0.000000     0.600000    
0        148.380223   12.886923    0.000000     0.600000    
0        148.380764   12.881616    0.000000     0.600000    
0        148.381298   12.878742    0.000000     0.600000    
0        148.381837   12.872970    0.000000     0.600000    
0        148.382391   12.867803    0.000000     0.600000    
0        148.382921   12.861689    0.000000     0.600000    
0        148.383460   12.843660    0.000000     0.600000    
0        148.383993   12.837391    0.000000     0.600000    
0        148.384526   12.834478    0.000000     0.600000    
0        148.385061   12.830822    0.000000     0.600000    
0        148.385602   12.825901    0.000000     0.600000    
0        148.386268   12.815502    0.000000     0.600000    
0        148.386864   12.809893    0.000000     0.600000    
0        148.387451   12.802629    0.000000     0.600000    
0        148.388040   12.793486    0.000000     0.600000    
0        148.388628   12.783402    0.000000     0.600000    
0        148.389203   12.778574    0.000000     0.600000    
0        148.389790   12.770237    0.000000     0.600000    
0        148.390373   12.760899    0.000000     0.600000    
0        148.390949   12.753996    0.000000     0.600000    
0        148.391507   12.745219    0.000000     0.600000    
0        148.392046   12.733864    0.000000     0.600000    
0        148.392590   12.729181    0.000000     0.600000    
0        148.393176   12.717813    0.000000     0.600000    
0        148.393746   12.710907    0.000000     0.600000    
0        148.394293   12.705242    0.000000     0.600000    
0        148.394841   12.697772    0.000000     0.600000    
0        148.395378   12.692759    0.000000     0.600000    
0        148.395909   12.687374    0.000000     0.600000    
0        148.396460   12.679630    0.000000     0.600000    
0        148.397009   12.669268    0.000000     0.600000    
0        148.397546   12.662845    0.000000     0.600000    
0        148.398086   12.656013    0.000000     0.600000    
0        148.398623   12.645370    0.000000     0.600000    
0        148.399167   12.634645    0.000000     0.600000    
0        148.399713   12.624432    0.000000     0.600000    
0        148.400260   12.618937    0.000000     0.600000    
0        148.400800   12.612479    0.000000     0.600000    
0        148.401345   12.605510    0.000000     0.600000    
0        148.401889   12.596310    0.000000     0.600000    
0        148.402429   12.588590    0.000000     0.600000    
0        148.402961   12.582115    0.000000     0.600000    
0        148.403716   12.574114    0.000000     0.600000    
0        148.404275   12.569129    0.000000     0.600000    
0        148.404836   12.560734    0.000000     0.600000    
0        148.405374   12.553880    0.000000     0.600000    
0        148.405915   12.545830    0.000000     0.600000    
0        148.406462   12.537945    0.000000     0.600000    
0        148.407005   12.529724    0.000000     0.600000    
0        148.407537   12.525252    0.000000     0.600000    
0        148.408082   12.512688    0.000000     0.600000    
0        148.408621   12.501499    0.000000     0.600000    
0        148.409172   12.494147    0.000000     0.600000    
0        148.409719   12.490634    0.000000     0.600000    
0        148.410267   12.484520    0.000000     0.600000    
0        148.410818   12.480120    0.000000     0.600000    
0        148.411355   12.471195    0.000000     0.600000    
0        148.411894   12.465669    0.000000     0.600000    
0        148.412428   12.458601    0.000000     0.600000    
0        148.412965   12.449138    0.000000     0.600000    
0        148.413505   12.444908    0.000000     0.600000    
0        148.414043   12.438555    0.000000     0.600000    
0        148.414577   12.430964    0.000000     0.600000    
0        148.415117   12.426016    0.000000     0.600000    
0        148.415655   12.414202    0.000000     0.600000    
0        148.416185   12.409284    0.000000     0.600000    
0        148.416720   12.401316    0.000000     0.600000    
0        148.417267   12.393755    0.000000     0.600000    
0        148.417804   12.389497    0.000000     0.600000    
0        148.418348   12.381929    0.000000     0.600000    
0        148.418892   12.375240    0.000000     0.600000    
0        148.419418   12.374014    0.000000     0.600000    
0        148.420006   12.364692    0.000000     0.600000    
0        148.420559   12.359387    0.000000     0.600000    
0        148.421111   12.353235    0.000000     0.600000    
0        148.421663   12.348087    0.000000     0.600000    
0        148.422209   12.343374    0.000000     0.600000    
0        148.422750   12.334324    0.000000     0.600000    
0        148.423298   12.326274    0.000000     0.600000    
0        148.423842   12.320177    0.000000     0.600000    
0        148.424392   12.314783    0.000000     0.600000    
0        148.424933   12.308855    0.000000     0.600000    
0        148.425475   12.297298    0.000000     0.600000    
0        148.426017   12.288277    0.000000     0.600000    
0        148.426521   12.283207    0.000000     0.600000    
0        148.426997   12.276203    0.000000     0.600000    
0        148.427483   12.272058    0.000000     0.600000    
0        148.427966   12.268390    0.000000     0.600000    
0        148.428441   12.260362    0.000000     0.600000    
0        148.431978   12.256962    0.000000     0.600000    
0        148.432467   12.245015    0.000000     0.600000    
0        148.432933   12.242595    0.000000     0.600000    
0        148.433411   12.239473    0.000000     0.600000    
0        148.433888   12.234610    0.000000     0.600000    
0        148.434364   12.229142    0.000000     0.600000    
0        148.434845   12.224108    0.000000     0.600000    
0        148.435322   12.216356    0.000000     0.600000    
0        148.435801   12.206643    0.000000     0.600000    
0        148.436281   12.200327    0.000000     0.600000    
0        148.436815   12.194775    0.000000     0.600000    
0        148.437319   12.184572    0.000000     0.600000    
0        148.437816   12.179468    0.000000     0.600000    
0        148.438292   12.178193    0.000000     0.600000    
0        148.438773   12.168798    0.000000     0.600000    
0        148.439257   12.163242    0.000000     0.600000    
0        148.439734   12.157253    0.000000     0.600000    
0        148.440222   12.153564    0.000000     0.600000    
0        148.440702   12.147546    0.000000     0.600000    
0        148.441180   12.143740    0.000000     0.600000    
0        148.441658   12.133598    0.000000     0.600000    
0        148.442140   12.127639    0.000000     0.600000    
0        148.442618   12.119974    0.000000     0.600000    
0        148.443093   12.111651    0.000000     0.600000    
0        148.443569   12.101727    0.000000     0.600000    
0        148.449565   12.094992    0.000000     0.600000    
0        148.450090   12.087115    0.000000     0.600000    
0        148.450564   12.075121    0.000000     0.600000    
0        148.451057   12.065088    0.000000     0.600000    
0        148.451528   12.061253    0.000000     0.600000    
0        148.452006   12.053020    0.000000     0.600000    
0        148.452479   12.046449    0.000000     0.600000    
0        148.452954   12.037585    0.000000     0.600000    
0        148.453474   12.030144    0.000000     0.600000    
0        148.453957   12.022636    0.000000     0.600000    
0        148.454422   12.021288    0.000000     0.600000    
0        148.454897   12.013152    0.000000     0.600000    
0        148.455366   12.009796    0.000000     0.600000    
0        148.455840   12.002109    0.000000     0.600000    
0        148.456311   11.994634    0.000000     0.600000    
0        148.457357   11.990051    0.000000     0.600000    
0        148.457835   11.985272    0.000000     0.600000    
0        148.458315   11.976055    0.000000     0.600000    
0        148.458792   11.971932    0.000000     0.600000    
0        148.459270   11.965865    0.000000     0.600000    
0        148.459749   11.960872    0.000000     0.600000    
0        148.460221   11.957874    0.000000     0.600000    
0        148.460695   11.953310    0.000000     0.600000    
0        148.461161   11.950611    0.000000     0.600000    
0        148.461630   11.947104    0.000000     0.600000    
0        148.462103   11.938572    0.000000     0.600000    
0        148.463174   11.931558    0.000000     0.600000    
0        148.463647   11.926939    0.000000     0.600000    
0        148.464118   11.922653    0.000000     0.600000    
0        148.464602   11.917358    0.000000     0.600000    
0        148.465082   11.910018    0.000000     0.600000    
0        148.465556   11.904550    0.000000     0.600000    
0        148.466018   11.897411    0.000000     0.600000    
0        148.466495   11.891312    0.000000     0.600000    
0        148.466971   11.886607    0.000000     0.600000    
0        148.467446   11.880117    0.000000     0.600000    
0        148.467926   11.870828    0.000000     0.600000    
0        148.468403   11.862370    0.000000     0.600000    
0        148.468888   11.856884    0.000000     0.600000    
0        148.469353   11.854178    0.000000     0.600000    
0        148.469839   11.845913    0.000000     0.600000    
0        148.470364   11.841002    0.000000     0.600000    
0        148.470844   11.837480    0.000000     0.600000    
0        148.471315   11.832439    0.000000     0.600000    
0        148.471782   11.827382    0.000000     0.600000    
0        148.472252   11.824069    0.000000     0.600000    
0        148.472731   11.818915    0.000000     0.600000    
0        148.473402   11.811296    0.000000     0.600000    
0        148.473891   11.802041    0.000000     0.600000    
0        148.474364   11.794621    0.000000     0.600000    
0        148.474830   11.793594    0.000000     0.600000    
0        148.475304   11.788864    0.000000     0.600000    
0        148.475776   11.778038    0.000000     0.600000    
0        148.476300   11.772989    0.000000     0.600000    
0        148.476798   11.767082    0.000000     0.600000    
0        148.477279   11.761955    0.000000     0.600000    
0        148.477750   11.759561    0.000000     0.600000    
0        148.478223   11.756493    0.000000     0.600000    
0        148.490906   11.752868    0.000000     0.600000    
0        148.491394   11.740089    0.000000     0.600000    
0        148.491874   11.731579    0.000000     0.600000    
0        148.492351   11.728220    0.000000     0.600000    
0        148.492825   11.721336    0.000000     0.600000    
0        148.493299   11.712919    0.000000     0.600000    
0        148.493782   11.701896    0.000000     0.600000    
0        148.494262   11.698566    0.000000     0.600000    
0        148.494732   11.689836    0.000000     0.600000    
0        148.495203   11.685719    0.000000     0.600000    
0        148.495667   11.682468    0.000000     0.600000    
0        148.496138   11.677073    0.000000     0.600000    
0        148.496611   11.671480    0.000000     0.600000    
0        148.497103   11.666355    0.000000     0.600000    
0        148.497576   11.659168    0.000000     0.600000    
0        148.498057   11.654147    0.000000     0.600000    
0        148.498536   11.644613    0.000000     0.600000    
0        148.499006   11.640606    0.000000     0.600000    
0        148.499486   11.630133    0.000000     0.600000    
0        148.499961   11.626867    0.000000     0.600000    
0        148.500444   11.610638    0.000000     0.600000    
0        148.500933   11.606607    0.000000     0.600000    
0        148.501405   11.601841    0.000000     0.600000    
0        148.501885   11.596550    0.000000     0.600000    
0        148.502365   11.589777    0.000000     0.600000    
0        148.502852   11.580124    0.000000     0.600000    
0        148.503375   11.576429    0.000000     0.600000    
0        148.503874   11.563827    0.000000     0.600000    
0        148.504363   11.555559    0.000000     0.600000    
0        148.504852   11.551028    0.000000     0.600000    
0        148.505341   11.543154    0.000000     0.600000    
0        148.505819   11.537466    0.000000     0.600000    
0        148.506299   11.534870    0.000000     0.600000    
0        148.506790   11.525807    0.000000     0.600000    
0        148.507270   11.522023    0.000000     0.600000    
0        148.507751   11.516294    0.000000     0.600000    
0        148.508229   11.512739    0.000000     0.600000    
0        148.508719   11.501402    0.000000     0.600000    
0        148.509206   11.499878    0.000000     0.600000    
0        148.509685   11.493916    0.000000     0.600000    
0        148.510165   11.487030    0.000000     0.600000    
0        148.510648   11.479532    0.000000     0.600000    
0        148.511131   11.470638    0.000000     0.600000    
0        148.511605   11.463654    0.000000     0.600000    
0        148.512077   11.459114    0.000000     0.600000    
0        148.512539   11.452662    0.000000     0.600000    
0        148.513010   11.444777    0.000000     0.600000    
0        148.513770   11.441333    0.000000     0.600000    
0        148.514261   11.435471    0.000000     0.600000    
0        148.514747   11.432408    0.000000     0.600000    
0        148.515227   11.427923    0.000000     0.600000    
0        148.515705   11.420285    0.000000     0.600000    
0        148.516193   11.407896    0.000000     0.600000    
0        148.516670   11.406067    0.000000     0.600000    
0        148.517139   11.404934    0.000000     0.600000    
0        148.517618   11.397536    0.000000     0.600000    
0        148.518091   11.394340    0.000000     0.600000    
0        148.518576   11.384606    0.000000     0.600000    
0        148.519052   11.381591    0.000000     0.600000    
0        148.519521   11.376144    0.000000     0.600000    
0        148.520060   11.370086    0.000000     0.600000    
0        148.520542   11.365989    0.000000     0.600000    
0        148.521019   11.363146    0.000000     0.600000    
0        148.521512   11.359459    0.000000     0.600000    
0        148.521982   11.354692    0.000000     0.600000    
0        148.522466   11.346682    0.000000     0.600000    
0        148.522936   11.343319    0.000000     0.600000    
0        148.523417   11.336531    0.000000     0.600000    
0        148.523902   11.333902    0.000000     0.600000    
0        148.524377   11.328341    0.000000     0.600000    
0        148.524851   11.322861    0.000000     0.600000    
0        148.525315   11.317297    0.000000     0.600000    
0        148.525795   11.310120    0.000000     0.600000    
0        148.526271   11.299099    0.000000     0.600000    
0        148.526741   11.291273    0.000000     0.600000    
0        148.527532   11.283970    0.000000     0.600000    
0        148.528039   11.275939    0.000000     0.600000    
0        148.528505   11.274158    0.000000     0.600000    
0        148.535870   11.266877    0.000000     0.600000    
0        148.536360   11.263140    0.000000     0.600000    
0        148.536881   11.255711    0.000000     0.600000    
0        148.537376   11.250386    0.000000     0.600000    
0        148.537878   11.237333    0.000000     0.600000    
0        148.538406   11.235645    0.000000     0.600000    
0        148.538888   11.222332    0.000000     0.600000    
0        148.539368   11.212502    0.000000     0.600000    
0        148.539829   11.208904    0.000000     0.600000    
0        148.540297   11.199450    0.000000     0.600000    
0        148.540774   11.194168    0.000000     0.600000    
0        148.541237   11.189396    0.000000     0.600000    
0        148.541705   11.181522    0.000000     0.600000    
0        148.542173   11.175580    0.000000     0.600000    
0        148.542638   11.170376    0.000000     0.600000    
0        148.543109   11.166328    0.000000     0.600000    
0        148.543573   11.161613    0.000000     0.600000    
0        148.544041   11.154299    0.000000     0.600000    
0        148.546696   11.145478    0.000000     0.600000    
0        148.547192   11.138093    0.000000     0.600000    
0        148.547672   11.131624    0.000000     0.600000    
0        148.548150   11.122681    0.000000     0.600000    
0        148.548620   11.116148    0.000000     0.600000    
0        148.549095   11.111769    0.000000     0.600000    
0        148.549567   11.107325    0.000000     0.600000    
0        148.550038   11.102147    0.000000     0.600000    
0        148.550510   11.092662    0.000000     0.600000    
0        148.550984   11.089531    0.000000     0.600000    
0        148.551486   11.084883    0.000000     0.600000    
0        148.551983   11.076655    0.000000     0.600000    
0        148.552465   11.070419    0.000000     0.600000    
0        148.552948   11.063974    0.000000     0.600000    
0        148.553442   11.060534    0.000000     0.600000    
0        148.554023   11.054052    0.000000     0.600000    
0        148.554501   11.046830    0.000000     0.600000    
0        148.554975   11.043070    0.000000     0.600000    
0        148.555452   11.039315    0.000000     0.600000    
0        148.555936   11.031690    0.000000     0.600000    
0        148.556409   11.028603    0.000000     0.600000    
0        148.556905   11.015469    0.000000     0.600000    
0        148.557389   11.011347    0.000000     0.600000    
0        148.557873   11.002251    0.000000     0.600000    
0        148.558359   10.995424    0.000000     0.600000    
0        148.558837   10.986900    0.000000     0.600000    
0        148.559312   10.984001    0.000000     0.600000    
0        148.559790   10.978616    0.000000     0.600000    
0        148.560263   10.973475    0.000000     0.600000    
0        148.560739   10.967529    0.000000     0.600000    
0        148.561208   10.964370    0.000000     0.600000    
0        148.561685   10.955524    0.000000     0.600000    
0        148.562154   10.952941    0.000000     0.600000    
0        148.562625   10.947844    0.000000     0.600000    
0        148.563098   10.942855    0.000000     0.600000    
0        148.563570   10.938355    0.000000     0.600000    
0        148.564050   10.929184    0.000000     0.600000    
0        148.564536   10.913396    0.000000     0.600000    
0        148.565020   10.909906    0.000000     0.600000    
0        148.565505   10.903329    0.000000     0.600000    
0        148.565989   10.897672    0.000000     0.600000    
0        148.566467   10.893101    0.000000     0.600000    
0        148.566956   10.887403    0.000000     0.600000    
0        148.567436   10.879867    0.000000     0.600000    
0        148.567914   10.875744    0.000000     0.600000    
0        148.568384   10.871981    0.000000     0.600000    
0        148.568869   10.865879    0.000000     0.600000    
0        148.569349   10.861202    0.000000     0.600000    
0        148.569904   10.855553    0.000000     0.600000    
0        148.570421   10.851102    0.000000     0.600000    
0        148.570902   10.849729    0.000000     0.600000    
0        148.571390   10.845720    0.000000     0.600000    
0        148.571879   10.837559    0.000000     0.600000    
0        148.572362   10.834444    0.000000     0.600000    
0        148.572840   10.830383    0.000000     0.600000    
0        148.573330   10.822227    0.000000     0.600000    
0        148.573819   10.813856    0.000000     0.600000    
0        148.574299   10.809543    0.000000     0.600000    
0        148.574775   10.804487    0.000000     0.600000    
0        148.575252   10.796298    0.000000     0.600000    
0        148.575729   10.787404    0.000000     0.600000    
0        148.576208   10.783075    0.000000     0.600000    
0        148.576687   10.778330    0.000000     0.600000    
0        148.577163   10.774079    0.000000     0.600000    
0        148.577645   10.768261    0.000000     0.600000    
0        148.578120   10.764153    0.000000     0.600000    
0        148.578620   10.756516    0.000000     0.600000    
0        148.579094   10.754567    0.000000     0.600000    
0        148.579578   10.748609    0.000000     0.600000    
0        148.580066   10.744007    0.000000     0.600000    
0        148.580558   10.735508    0.000000     0.600000    
0        148.581050   10.732779    0.000000     0.600000    
0        148.581534   10.727695    0.000000     0.600000    
0        148.582005   10.725542    0.000000     0.600000    
0        148.582477   10.719845    0.000000     0.600000    
0        148.582950   10.714780    0.000000     0.600000    
0        148.583433   10.710918    0.000000     0.600000    
0        148.583900   10.707690    0.000000     0.600000    
0        148.584371   10.698801    0.000000     0.600000    
0        148.584835   10.698261    0.000000     0.600000    
0        148.585306   10.692708    0.000000     0.600000    
0        148.585774   10.688355    0.000000     0.600000    
0        148.586263   10.680189    0.000000     0.600000    
0        148.586741   10.674714    0.000000     0.600000    
0        148.587219   10.668912    0.000000     0.600000    
0        148.587693   10.662067    0.000000     0.600000    
0        148.588176   10.652710    0.000000     0.600000    
0        148.588650   10.649195    0.000000     0.600000    
0        148.589128   10.643388    0.000000     0.600000    
0        148.589605   10.637818    0.000000     0.600000    
0        148.590100   10.628607    0.000000     0.600000    
0        148.590583   10.624437    0.000000     0.600000    
0        148.591070   10.619553    0.000000     0.600000    
0        148.591545   10.612865    0.000000     0.600000    
0        148.592030   10.607423    0.000000     0.600000    
0        148.592511   10.603489    0.000000     0.600000    
0        148.592982   10.598629    0.000000     0.600000    
0        148.593469   10.594725    0.000000     0.600000    
0        148.594053   10.590794    0.000000     0.600000    
0        148.594561   10.586766    0.000000     0.600000    
0        148.595050   10.580631    0.000000     0.600000    
0        148.595528   10.570011    0.000000     0.600000    
0        148.596005   10.564719    0.000000     0.600000    
0        148.596474   10.560991    0.000000     0.600000    
0        148.596952   10.555660    0.000000     0.600000    
0        148.597434   10.551239    0.000000     0.600000    
0        148.597911   10.547613    0.000000     0.600000    
0        148.598390   10.542659    0.000000     0.600000    
0        148.598867   10.535631    0.000000     0.600000    
0        148.599341   10.533653    0.000000     0.600000    
0        148.599821   10.527447    0.000000     0.600000    
0        148.600295   10.520193    0.000000     0.600000    
0        148.600784   10.512133    0.000000     0.600000    
0        148.601266   10.508247    0.000000     0.600000    
0        148.601757   10.505497    0.000000     0.600000    
0        148.602249   10.494278    0.000000     0.600000    
0        148.602731   10.491262    0.000000     0.600000    
0        148.603209   10.488428    0.000000     0.600000    
0        148.603690   10.482777    0.000000     0.600000    
0        148.604181   10.480555    0.000000     0.600000    
0        148.604662   10.473865    0.000000     0.600000    
0        148.605144   10.464487    0.000000     0.600000    
0        148.605623   10.458734    0.000000     0.600000    
0        148.606081   10.455614    0.000000     0.600000    
0        148.606545   10.450156    0.000000     0.600000    
0        148.607024   10.444392    0.000000     0.600000    
0        148.607540   10.438568    0.000000     0.600000    
0        148.608075   10.430576    0.000000     0.600000    
0        148.608605   10.426370    0.000000     0.600000    
0        148.609129   10.421138    0.000000     0.600000    
0        148.609649   10.418825    0.000000     0.600000    
0        148.610171   10.415523    0.000000     0.600000    
0        148.610695   10.412445    0.000000     0.600000    
0        148.611211   10.408909    0.000000     0.600000    
0        148.611723   10.403451    0.000000     0.600000    
0        148.612251   10.401270    0.000000     0.600000    
0        148.612774   10.399417    0.000000     0.600000    
0        148.613303   10.393988    0.000000     0.600000    
0        148.613845   10.385710    0.000000     0.600000    
0        148.614374   10.384089    0.000000     0.600000    
0        148.614893   10.379982    0.000000     0.600000    
0        148.615431   10.373538    0.000000     0.600000    
0        148.615960   10.372194    0.000000     0.600000    
0        148.616494   10.370115    0.000000     0.600000    
0        148.617025   10.362736    0.000000     0.600000    
0        148.617549   10.358029    0.000000     0.600000    
0        148.618074   10.352333    0.000000     0.600000    
0        148.618604   10.346376    0.000000     0.600000    
0        148.619139   10.338573    0.000000     0.600000    
0        148.619662   10.330107    0.000000     0.600000    
0        148.620183   10.326895    0.000000     0.600000    
0        148.620709   10.324724    0.000000     0.600000    
0        148.621241   10.319158    0.000000     0.600000    
0        148.621781   10.314555    0.000000     0.600000    
0        148.622327   10.311036    0.000000     0.600000    
0        148.622859   10.307291    0.000000     0.600000    
0        148.623376   10.305228    0.000000     0.600000    
0        148.623898   10.301803    0.000000     0.600000    
0        148.624427   10.295615    0.000000     0.600000    
0        148.624968   10.292139    0.000000     0.600000    
0        148.625503   10.287224    0.000000     0.600000    
0        148.626025   10.283074    0.000000     0.600000    
0        148.626649   10.279208    0.000000     0.600000    
0        148.627199   10.272547    0.000000     0.600000    
0        148.627693   10.269835    0.000000     0.600000    
0        148.628193   10.262464    0.000000     0.600000    
0        148.629146   10.254538    0.000000     0.600000    
0        148.629637   10.250147    0.000000     0.600000    
0        148.630129   10.246092    0.000000     0.600000    
0        148.630631   10.237560    0.000000     0.600000    
0        148.631118   10.232662    0.000000     0.600000    
0        148.631609   10.229230    0.000000     0.600000    
0        148.632101   10.223405    0.000000     0.600000    
0        148.632593   10.217109    0.000000     0.600000    
0        148.633088   10.212110    0.000000     0.600000    
0        148.633582   10.208607    0.000000     0.600000    
0        148.634070   10.197849    0.000000     0.600000    
0        148.634561   10.193972    0.000000     0.600000    
0        148.635048   10.191023    0.000000     0.600000    
0        148.635530   10.184175    0.000000     0.600000    
0        148.636022   10.182137    0.000000     0.600000    
0        148.636506   10.177101    0.000000     0.600000    
0        148.636992   10.172529    0.000000     0.600000    
0        148.637501   10.169785    0.000000     0.600000    
0        148.638039   10.164317    0.000000     0.600000    
0        148.638565   10.160354    0.000000     0.600000    
0        148.639099   10.154716    0.000000     0.600000    
0        148.639620   10.150909    0.000000     0.600000    
0        148.640142   10.148507    0.000000     0.600000    
0        148.640670   10.143854    0.000000     0.600000    
0        148.641211   10.139077    0.000000     0.600000    
0        148.641737   10.133768    0.000000     0.600000    
0        148.642269   10.127881    0.000000     0.600000    
0        148.642797   10.123687    0.000000     0.600000    
0        148.643313   10.118558    0.000000     0.600000    
0        148.643836   10.114644    0.000000     0.600000    
0        148.644363   10.110756    0.000000     0.600000    
0        148.644889   10.104323    0.000000     0.600000    
0        148.645408   10.100775    0.000000     0.600000    
0        148.645936   10.091225    0.000000     0.600000    
0        148.646461   10.086705    0.000000     0.600000    
0        148.647000   10.080520    0.000000     0.600000    
0        148.647529   10.073824    0.000000     0.600000    
0        148.648056   10.070522    0.000000     0.600000    
0        148.648589   10.067041    0.000000     0.600000    
0        148.649122   10.062913    0.000000     0.600000    
0        148.649653   10.054840    0.000000     0.600000    
0        148.650180   10.051097    0.000000     0.600000    
0        148.650728   10.043283    0.000000     0.600000    
0        148.651252   10.041162    0.000000     0.600000    
0        148.651774   10.035083    0.000000     0.600000    
0        148.657618   10.023922    0.000000     0.600000    
0        148.658099   10.021095    0.000000     0.600000    
0        148.658586   10.018465    0.000000     0.600000    
0        148.659081   10.012525    0.000000     0.600000    
0        148.659567   10.006866    0.000000     0.600000    
0        148.660042   9.996918     0.000000     0.600000    
0        148.660513   9.991677     0.000000     0.600000    
0        148.661005   9.987326     0.000000     0.600000    
0        148.661479   9.985432     0.000000     0.600000    
0        148.661962   9.982100     0.000000     0.600000    
0        148.662444   9.978777     0.000000     0.600000    
0        148.662914   9.975430     0.000000     0.600000    
0        148.663383   9.971430     0.000000     0.600000    
0        148.663853   9.969135     0.000000     0.600000    
0        148.664341   9.965294     0.000000     0.600000    
0        148.664812   9.961405     0.000000     0.600000    
0        148.665280   9.955447     0.000000     0.600000    
0        148.665753   9.952339     0.000000     0.600000    
0        148.666228   9.942840     0.000000     0.600000    
0        148.666689   9.937704     0.000000     0.600000    
0        148.667155   9.932205     0.000000     0.600000    
0        148.667649   9.926744     0.000000     0.600000    
0        148.668134   9.922043     0.000000     0.600000    
0        148.668615   9.917207     0.000000     0.600000    
0        148.669114   9.913671     0.000000     0.600000    
0        148.669610   9.908466     0.000000     0.600000    
0        148.670108   9.902695     0.000000     0.600000    
0        148.670614   9.898497     0.000000     0.600000    
0        148.671114   9.894250     0.000000     0.600000    
0        148.671602   9.892793     0.000000     0.600000    
0        148.672088   9.887806     0.000000     0.600000    
0        148.672567   9.885055     0.000000     0.600000    
0        148.673050   9.878075     0.000000     0.600000    
0        148.673526   9.873363     0.000000     0.600000    
0        148.674006   9.865477     0.000000     0.600000    
0        148.674487   9.858401     0.000000     0.600000    
0        148.674952   9.854673     0.000000     0.600000    
0        148.675424   9.851421     0.000000     0.600000    
0        148.675893   9.846724     0.000000     0.600000    
0        148.676357   9.839675     0.000000     0.600000    
0        148.676820   9.835537     0.000000     0.600000    
0        148.677307   9.833821     0.000000     0.600000    
0        148.677842   9.829700     0.000000     0.600000    
0        148.678364   9.828199     0.000000     0.600000    
0        148.678887   9.822742     0.000000     0.600000    
0        148.679410   9.819156     0.000000     0.600000    
0        148.679931   9.816120     0.000000     0.600000    
0        148.680451   9.813498     0.000000     0.600000    
0        148.680994   9.805436     0.000000     0.600000    
0        148.681513   9.803373     0.000000     0.600000    
0        148.682043   9.796896     0.000000     0.600000    
0        148.682565   9.796497     0.000000     0.600000    
0        148.683098   9.792305     0.000000     0.600000    
0        148.683566   9.790934     0.000000     0.600000    
0        148.684033   9.787106     0.000000     0.600000    
0        148.684493   9.783973     0.000000     0.600000    
0        148.684961   9.778672     0.000000     0.600000    
0        148.685431   9.771637     0.000000     0.600000    
0        148.685907   9.762264     0.000000     0.600000    
0        148.686380   9.754921     0.000000     0.600000    
0        148.686935   9.752670     0.000000     0.600000    
0        148.687410   9.748613     0.000000     0.600000    
0        148.687878   9.744246     0.000000     0.600000    
0        148.688352   9.739356     0.000000     0.600000    
0        148.688816   9.738626     0.000000     0.600000    
0        148.689282   9.736075     0.000000     0.600000    
0        148.689750   9.733922     0.000000     0.600000    
0        148.690208   9.732685     0.000000     0.600000    
0        148.690687   9.725505     0.000000     0.600000    
0        148.691160   9.721260     0.000000     0.600000    
0        148.691623   9.717823     0.000000     0.600000    
0        148.692099   9.713058     0.000000     0.600000    
0        148.692568   9.710796     0.000000     0.600000    
0        148.693045   9.706043     0.000000     0.600000    
0        148.693561   9.703753     0.000000     0.600000    
0        148.694090   9.699169     0.000000     0.600000    
0        148.694608   9.693864     0.000000     0.600000    
0        148.695123   9.692578     0.000000     0.600000    
0        148.695652   9.685705     0.000000     0.600000    
0        148.696179   9.678877     0.000000     0.600000    
0        148.696704   9.676893     0.000000     0.600000    
0        148.697237   9.672439     0.000000     0.600000    
0        148.697758   9.668933     0.000000     0.600000    
0        148.698273   9.662033     0.000000     0.600000    
0        148.698751   9.658046     0.000000     0.600000    
0        148.699242   9.650711     0.000000     0.600000    
0        148.699734   9.642974     0.000000     0.600000    
0        148.700218   9.639385     0.000000     0.600000    
0        148.700706   9.632694     0.000000     0.600000    
0        148.701190   9.627499     0.000000     0.600000    
0        148.701681   9.621844     0.000000     0.600000    
0        148.702172   9.613714     0.000000     0.600000    
0        148.702656   9.606194     0.000000     0.600000    
0        148.703143   9.601745     0.000000     0.600000    
0        148.703678   9.595495     0.000000     0.600000    
0        148.704205   9.588820     0.000000     0.600000    
0        148.704718   9.584026     0.000000     0.600000    
0        148.705246   9.578006     0.000000     0.600000    
0        148.705760   9.576425     0.000000     0.600000    
0        148.706282   9.573414     0.000000     0.600000    
0        148.706813   9.571487     0.000000     0.600000    
0        148.707334   9.569155     0.000000     0.600000    
0        148.707852   9.565735     0.000000     0.600000    
0        148.708372   9.556862     0.000000     0.600000    
0        148.708886   9.552793     0.000000     0.600000    
0        148.709410   9.550502     0.000000     0.600000    
0        148.709927   9.548626     0.000000     0.600000    
0        148.710452   9.543976     0.000000     0.600000    
0        148.710986   9.541283     0.000000     0.600000    
0        148.711510   9.537624     0.000000     0.600000    
0        148.712034   9.533861     0.000000     0.600000    
0        148.712557   9.527524     0.000000     0.600000    
0        148.713082   9.521748     0.000000     0.600000    
0        148.713599   9.516061     0.000000     0.600000    
0        148.714118   9.511587     0.000000     0.600000    
0        148.714652   9.503927     0.000000     0.600000    
0        148.715169   9.501035     0.000000     0.600000    
0        148.715695   9.489491     0.000000     0.600000    
0        148.716250   9.486348     0.000000     0.600000    
0        148.716765   9.482533     0.000000     0.600000    
0        148.717287   9.478039     0.000000     0.600000    
0        148.717808   9.473946     0.000000     0.600000    
0        148.718333   9.470091     0.000000     0.600000    
0        148.718862   9.462348     0.000000     0.600000    
0        148.719400   9.457130     0.000000     0.600000    
0        148.719927   9.450489     0.000000     0.600000    
0        148.720454   9.448036     0.000000     0.600000    
0        148.720979   9.444366     0.000000     0.600000    
0        148.721505   9.439570     0.000000     0.600000    
0        148.722037   9.436292     0.000000     0.600000    
0        148.722557   9.432916     0.000000     0.600000    
0        148.723084   9.426003     0.000000     0.600000    
0        148.723602   9.423001     0.000000     0.600000    
0        148.724119   9.420910     0.000000     0.600000    
0        148.724645   9.414993     0.000000     0.600000    
0        148.725165   9.411379     0.000000     0.600000    
0        148.725677   9.407961     0.000000     0.600000    
0        148.726191   9.405779     0.000000     0.600000    
0        148.726708   9.402962     0.000000     0.600000    
0        148.727222   9.400080     0.000000     0.600000    
0        148.727738   9.395773     0.000000     0.600000    
0        148.728257   9.393543     0.000000     0.600000    
0        148.728779   9.388817     0.000000     0.600000    
0        148.729308   9.378866     0.000000     0.600000    
0        148.729835   9.375631     0.000000     0.600000    
0        148.730353   9.374659     0.000000     0.600000    
0        148.730877   9.370337     0.000000     0.600000    
0        148.731405   9.367563     0.000000     0.600000    
0        148.731932   9.363155     0.000000     0.600000    
0        148.732458   9.358660     0.000000     0.600000    
0        148.732973   9.353060     0.000000     0.600000    
0        148.733493   9.344079     0.000000     0.600000    
0        148.734016   9.336576     0.000000     0.600000    
0        148.734543   9.329701     0.000000     0.600000    
0        148.735057   9.325774     0.000000     0.600000    
0        148.735580   9.320950     0.000000     0.600000    
0        148.736104   9.317745     0.000000     0.600000    
0        148.736633   9.308925     0.000000     0.600000    
0        148.737148   9.300710     0.000000     0.600000    
0        148.737655   9.299454     0.000000     0.600000    
0        148.738172   9.297312     0.000000     0.600000    
0        148.738684   9.295050     0.000000     0.600000    
0        148.739203   9.290854     0.000000     0.600000    
0        148.739724   9.288960     0.000000     0.600000    
0        148.744064   9.286753     0.000000     0.600000    
0        148.744608   9.281088     0.000000     0.600000    
0        148.745140   9.278439     0.000000     0.600000    
0        148.745670   9.275067     0.000000     0.600000    
0        148.746750   9.271217     0.000000     0.600000    
0        148.747277   9.265553     0.000000     0.600000    
0        148.747806   9.260264     0.000000     0.600000    
0        148.748321   9.258925     0.000000     0.600000    
0        148.748835   9.255455     0.000000     0.600000    
0        148.749348   9.251682     0.000000     0.600000    
0        148.749874   9.247845     0.000000     0.600000    
0        148.750404   9.243206     0.000000     0.600000    
0        148.750943   9.236044     0.000000     0.600000    
0        148.751457   9.233793     0.000000     0.600000    
0        148.751987   9.227665     0.000000     0.600000    
0        148.752512   9.223004     0.000000     0.600000    
0        148.753041   9.220531     0.000000     0.600000    
0        148.753563   9.216158     0.000000     0.600000    
0        148.754088   9.212498     0.000000     0.600000    
0        148.754606   9.207523     0.000000     0.600000    
0        148.755127   9.201126     0.000000     0.600000    
0        148.755650   9.193597     0.000000     0.600000    
0        148.756164   9.191423     0.000000     0.600000    
0        148.756677   9.187920     0.000000     0.600000    
0        148.757184   9.184993     0.000000     0.600000    
0        148.757706   9.182055     0.000000     0.600000    
0        148.758228   9.175362     0.000000     0.600000    
0        148.758751   9.172211     0.000000     0.600000    
0        148.759279   9.167208     0.000000     0.600000    
0        148.759798   9.164498     0.000000     0.600000    
0        148.760323   9.162262     0.000000     0.600000    
0        148.760844   9.158325     0.000000     0.600000    
0        148.761353   9.156213     0.000000     0.600000    
0        148.761864   9.150657     0.000000     0.600000    
0        148.762378   9.148746     0.000000     0.600000    
0        148.762893   9.140868     0.000000     0.600000    
0        148.763407   9.137991     0.000000     0.600000    
0        148.763935   9.131117     0.000000     0.600000    
0        148.764446   9.126572     0.000000     0.600000    
0        148.764969   9.124928     0.000000     0.600000    
0        148.765485   9.121768     0.000000     0.600000    
0        148.766007   9.118936     0.000000     0.600000    
0        148.766526   9.115667     0.000000     0.600000    
0        148.767036   9.112441     0.000000     0.600000    
0        148.767562   9.107575     0.000000     0.600000    
0        148.768085   9.102945     0.000000     0.600000    
0        148.768597   9.099744     0.000000     0.600000    
0        148.769118   9.093546     0.000000     0.600000    
0        148.769641   9.088508     0.000000     0.600000    
0        148.770167   9.083612     0.000000     0.600000    
0        148.770694   9.078135     0.000000     0.600000    
0        148.771209   9.070636     0.000000     0.600000    
0        148.771716   9.068062     0.000000     0.600000    
0        148.772246   9.064124     0.000000     0.600000    
0        148.772758   9.060476     0.000000     0.600000    
0        148.773260   9.059592     0.000000     0.600000    
0        148.773767   9.057562     0.000000     0.600000    
0        148.774284   9.056410     0.000000     0.600000    
0        148.774803   9.053835     0.000000     0.600000    
0        148.775327   9.052128     0.000000     0.600000    
0        148.775852   9.048734     0.000000     0.600000    
0        148.776380   9.043095     0.000000     0.600000    
0        148.776900   9.039370     0.000000     0.600000    
0        148.777415   9.038369     0.000000     0.600000    
0        148.777929   9.031773     0.000000     0.600000    
0        148.778454   9.028940     0.000000     0.600000    
0        148.778974   9.023853     0.000000     0.600000    
0        148.779490   9.021146     0.000000     0.600000    
0        148.780007   9.018165     0.000000     0.600000    
0        148.780537   9.014805     0.000000     0.600000    
0        148.781055   9.012121     0.000000     0.600000    
0        148.781568   9.009873     0.000000     0.600000    
0        148.782071   9.006442     0.000000     0.600000    
0        148.782590   8.998760     0.000000     0.600000    
0        148.783111   8.995883     0.000000     0.600000    
0        148.783664   8.993284     0.000000     0.600000    
0        148.784206   8.990149     0.000000     0.600000    
0        148.784759   8.987769     0.000000     0.600000    
0        148.785328   8.983308     0.000000     0.600000    
0        148.785886   8.978710     0.000000     0.600000    
0        148.786459   8.970144     0.000000     0.600000    
0        148.787016   8.965801     0.000000     0.600000    
0        148.787549   8.964125     0.000000     0.600000    
0        148.788116   8.958328     0.000000     0.600000    
0        148.788640   8.956932     0.000000     0.600000    
0        148.789156   8.953440     0.000000     0.600000    
0        148.789681   8.948127     0.000000     0.600000    
0        148.790199   8.945369     0.000000     0.600000    
0        148.790714   8.939842     0.000000     0.600000    
0        148.791233   8.932653     0.000000     0.600000    
0        148.791756   8.929808     0.000000     0.600000    
0        148.792270   8.926675     0.000000     0.600000    
0        148.792786   8.922640     0.000000     0.600000    
0        148.793321   8.917184     0.000000     0.600000    
0        148.793874   8.914011     0.000000     0.600000    
0        148.794417   8.912065     0.000000     0.600000    
0        148.794968   8.908905     0.000000     0.600000    
0        148.795509   8.906532     0.000000     0.600000    
0        148.796060   8.903145     0.000000     0.600000    
0        148.796613   8.899701     0.000000     0.600000    
0        148.797174   8.894777     0.000000     0.600000    
0        148.797729   8.893361     0.000000     0.600000    
0        148.798265   8.891549     0.000000     0.600000    
0        148.798775   8.890722     0.000000     0.600000    
0        148.799289   8.889720     0.000000     0.600000    
0        148.799803   8.889088     0.000000     0.600000    
0        148.800326   8.886123     0.000000     0.600000    
0        148.800868   8.880352     0.000000     0.600000    
0        148.801384   8.876261     0.000000     0.600000    
0        148.801908   8.873255     0.000000     0.600000    
0        148.802415   8.870610     0.000000     0.600000    
0        148.802932   8.868569     0.000000     0.600000    
0        148.803484   8.859985     0.000000     0.600000    
0        148.804042   8.856643     0.000000     0.600000    
0        148.804607   8.846018     0.000000     0.600000    
0        148.805157   8.842352     0.000000     0.600000    
0        148.805720   8.840103     0.000000     0.600000    
0        148.806280   8.838091     0.000000     0.600000    
0        148.806843   8.833113     0.000000     0.600000    
0        148.807391   8.830253     0.000000     0.600000    
0        148.807944   8.826124     0.000000     0.600000    
0        148.808495   8.822487     0.000000     0.600000    
0        148.809056   8.816614     0.000000     0.600000    
0        148.809614   8.810470     0.000000     0.600000    
0        148.810173   8.805321     0.000000     0.600000    
0        148.810741   8.800147     0.000000     0.600000    
0        148.811295   8.798985     0.000000     0.600000    
0        148.811842   8.797446     0.000000     0.600000    
0        148.812392   8.793739     0.000000     0.600000    
0        148.812958   8.790588     0.000000     0.600000    
0        148.813511   8.788525     0.000000     0.600000    
0        148.814051   8.785297     0.000000     0.600000    
0        148.814593   8.780211     0.000000     0.600000    
0        148.815140   8.777096     0.000000     0.600000    
0        148.815769   8.771253     0.000000     0.600000    
0        148.816311   8.767254     0.000000     0.600000    
0        148.816865   8.763591     0.000000     0.600000    
0        148.817409   8.760839     0.000000     0.600000    
0        148.817960   8.753829     0.000000     0.600000    
0        148.818507   8.751099     0.000000     0.600000    
0        148.819065   8.745397     0.000000     0.600000    
0        148.819609   8.744509     0.000000     0.600000    
0        148.820158   8.741997     0.000000     0.600000    
0        148.820719   8.737745     0.000000     0.600000    
0        148.821272   8.734512     0.000000     0.600000    
0        148.821828   8.732149     0.000000     0.600000    
0        148.822373   8.727761     0.000000     0.600000    
0        148.822924   8.726763     0.000000     0.600000    
0        148.823473   8.725030     0.000000     0.600000    
0        148.824005   8.724451     0.000000     0.600000    
0        148.824553   8.717833     0.000000     0.600000    
0        148.825097   8.712193     0.000000     0.600000    
0        148.825650   8.705814     0.000000     0.600000    
0        148.826201   8.700521     0.000000     0.600000    
0        148.826752   8.698562     0.000000     0.600000    
0        148.827297   8.697327     0.000000     0.600000    
0        148.827843   8.696442     0.000000     0.600000    
0        148.828386   8.694015     0.000000     0.600000    
0        148.828930   8.691626     0.000000     0.600000    
0        148.829489   8.684293     0.000000     0.600000    
0        148.830039   8.681452     0.000000     0.600000    
0        148.830574   8.678989     0.000000     0.600000    
0        148.831131   8.675476     0.000000     0.600000    
0        148.831682   8.669495     0.000000     0.600000    
0        148.832234   8.664205     0.000000     0.600000    
0        148.832782   8.660440     0.000000     0.600000    
0        148.833333   8.657883     0.000000     0.600000    
0        148.833882   8.652710     0.000000     0.600000    
0        148.834437   8.647694     0.000000     0.600000    
0        148.834981   8.644300     0.000000     0.600000    
0        148.835529   8.640458     0.000000     0.600000    
0        148.836073   8.636226     0.000000     0.600000    
0        148.836615   8.634568     0.000000     0.600000    
0        148.837160   8.631028     0.000000     0.600000    
0        148.837710   8.626420     0.000000     0.600000    
0        148.838251   8.623998     0.000000     0.600000    
0        148.838793   8.621821     0.000000     0.600000    
0        148.839346   8.618105     0.000000     0.600000    
0        148.839904   8.614268     0.000000     0.600000    
0        148.840456   8.610338     0.000000     0.600000    
0        148.841016   8.605581     0.000000     0.600000    
0        148.841567   8.604069     0.000000     0.600000    
0        148.842119   8.599119     0.000000     0.600000    
0        148.842669   8.595815     0.000000     0.600000    
0        148.843217   8.593498     0.000000     0.600000    
0        148.843763   8.590690     0.000000     0.600000    
0        148.844316   8.585175     0.000000     0.600000    
0        148.844859   8.583760     0.000000     0.600000    
0        148.845421   8.579760     0.000000     0.600000    
0        148.845978   8.576815     0.000000     0.600000    
0        148.846528   8.574265     0.000000     0.600000    
0        148.847081   8.571947     0.000000     0.600000    
0        148.847627   8.569057     0.000000     0.600000    
0        148.848165   8.568559     0.000000     0.600000    
0        148.848703   8.567294     0.000000     0.600000    
0        148.849252   8.564270     0.000000     0.600000    
0        148.849788   8.563442     0.000000     0.600000    
0        148.850350   8.557728     0.000000     0.600000    
0        148.850897   8.555389     0.000000     0.600000    
0        148.851445   8.549986     0.000000     0.600000    
0        148.851988   8.547696     0.000000     0.600000    
0        148.852544   8.540807     0.000000     0.600000    
0        148.853091   8.535643     0.000000     0.600000    
0        148.853643   8.527970     0.000000     0.600000    
0        148.854181   8.525919     0.000000     0.600000    
0        148.854714   8.525464     0.000000     0.600000    
0        148.855256   8.524754     0.000000     0.600000    
0        148.855804   8.521011     0.000000     0.600000    
0        148.856339   8.520742     0.000000     0.600000    
0        148.856889   8.516239     0.000000     0.600000    
0        148.857438   8.513792     0.000000     0.600000    
0        148.857982   8.511856     0.000000     0.600000    
0        148.858525   8.506718     0.000000     0.600000    
0        148.859076   8.502996     0.000000     0.600000    
0        148.859616   8.499874     0.000000     0.600000    
0        148.860162   8.495846     0.000000     0.600000    
0        148.860725   8.492661     0.000000     0.600000    
0        148.861274   8.490128     0.000000     0.600000    
0        148.861822   8.485165     0.000000     0.600000    
0        148.862359   8.483997     0.000000     0.600000    
0        148.862911   8.480685     0.000000     0.600000    
0        148.863451   8.477043     0.000000     0.600000    
0        148.864005   8.474409     0.000000     0.600000    
0        148.864553   8.467835     0.000000     0.600000    
0        148.865110   8.465421     0.000000     0.600000    
0        148.865654   8.462207     0.000000     0.600000    
0        148.866195   8.459807     0.000000     0.600000    
0        148.866733   8.455524     0.000000     0.600000    
0        148.867275   8.450440     0.000000     0.600000    
0        148.867827   8.445089     0.000000     0.600000    
0        148.868364   8.440643     0.000000     0.600000    
0        148.868911   8.437132     0.000000     0.600000    
0        148.869460   8.433720     0.000000     0.600000    
0        148.870005   8.430565     0.000000     0.600000    
0        148.870559   8.428869     0.000000     0.600000    
0        148.871114   8.426933     0.000000     0.600000    
0        148.871665   8.424690     0.000000     0.600000    
0        148.872215   8.422018     0.000000     0.600000    
0        148.872779   8.417025     0.000000     0.600000    
0        148.873349   8.411350     0.000000     0.600000    
0        148.873920   8.408279     0.000000     0.600000    
0        148.874485   8.400871     0.000000     0.600000    
0        148.875041   8.397118     0.000000     0.600000    
0        148.875597   8.395115     0.000000     0.600000    
0        148.876155   8.390805     0.000000     0.600000    
0        148.876719   8.388157     0.000000     0.600000    
0        148.877277   8.384984     0.000000     0.600000    
0        148.877823   8.379452     0.000000     0.600000    
0        148.878377   8.374870     0.000000     0.600000    
0        148.878924   8.372054     0.000000     0.600000    
0        148.879481   8.368526     0.000000     0.600000    
0        148.880048   8.365038     0.000000     0.600000    
0        148.880609   8.361632     0.000000     0.600000    
0        148.881155   8.359814     0.000000     0.600000    
0        148.881716   8.356809     0.000000     0.600000    
0        148.882289   8.355157     0.000000     0.600000    
0        148.882848   8.350173     0.000000     0.600000    
0        148.883427   8.345133     0.000000     0.600000    
0        148.883978   8.342381     0.000000     0.600000    
0        148.884543   8.337196     0.000000     0.600000    
0        148.885098   8.333940     0.000000     0.600000    
0        148.885668   8.330051     0.000000     0.600000    
0        148.886207   8.328356     0.000000     0.600000    
0        148.886763   8.323477     0.000000     0.600000    
0        148.887312   8.319818     0.000000     0.600000    
0        148.887854   8.314262     0.000000     0.600000    
0        148.888405   8.311073     0.000000     0.600000    
0        148.888957   8.310382     0.000000     0.600000    
0        148.889509   8.306026     0.000000     0.600000    
0        148.890059   8.303163     0.000000     0.600000    
0        148.890606   8.301064     0.000000     0.600000    
0        148.891155   8.299036     0.000000     0.600000    
0        148.891720   8.296185     0.000000     0.600000    
0        148.892276   8.293715     0.000000     0.600000    
0        148.892843   8.290092     0.000000     0.600000    
0        148.893382   8.287911     0.000000     0.600000    
0        148.893942   8.282265     0.000000     0.600000    
0        148.894500   8.277558     0.000000     0.600000    
0        148.895047   8.273476     0.000000     0.600000    
0        148.895602   8.267773     0.000000     0.600000    
0        148.896162   8.262116     0.000000     0.600000    
0        148.896730   8.258238     0.000000     0.600000    
0        148.897289   8.256409     0.000000     0.600000    
0        148.897827   8.255720     0.000000     0.600000    
0        148.898380   8.251238     0.000000     0.600000    
0        148.898934   8.248754     0.000000     0.600000    
0        148.899488   8.242781     0.000000     0.600000    
0        148.900044   8.239388     0.000000     0.600000    
0        148.900601   8.233735     0.000000     0.600000    
0        148.901161   8.229506     0.000000     0.600000    
0        148.901712   8.226208     0.000000     0.600000    
0        148.902268   8.221146     0.000000     0.600000    
0        148.902823   8.217594     0.000000     0.600000    
0        148.903367   8.216926     0.000000     0.600000    
0        148.903920   8.216105     0.000000     0.600000    
0        148.904470   8.214321     0.000000     0.600000    
0        148.905026   8.212574     0.000000     0.600000    
0        148.905584   8.210119     0.000000     0.600000    
0        148.906136   8.205405     0.000000     0.600000    
0        148.906688   8.203979     0.000000     0.600000    
0        148.907233   8.202768     0.000000     0.600000    
0        148.907780   8.195486     0.000000     0.600000    
0        148.908338   8.191495     0.000000     0.600000    
0        148.908912   8.190004     0.000000     0.600000    
0        148.909460   8.187906     0.000000     0.600000    
0        148.910012   8.182786     0.000000     0.600000    
0        148.910553   8.181804     0.000000     0.600000    
0        148.911108   8.177551     0.000000     0.600000    
0        148.911663   8.172750     0.000000     0.600000    
0        148.912210   8.170519     0.000000     0.600000    
0        148.912767   8.165185     0.000000     0.600000    
0        148.913300   8.163120     0.000000     0.600000    
0        148.913853   8.158696     0.000000     0.600000    
0        148.914403   8.156538     0.000000     0.600000    
0        148.914949   8.153358     0.000000     0.600000    
0        148.915510   8.145387     0.000000     0.600000    
0        148.916060   8.143051     0.000000     0.600000    
0        148.916609   8.139871     0.000000     0.600000    
0        148.917150   8.137318     0.000000     0.600000    
0        148.917707   8.134228     0.000000     0.600000    
0        148.918261   8.131153     0.000000     0.600000    
0        148.918816   8.127134     0.000000     0.600000    
0        148.919364   8.122997     0.000000     0.600000    
0        148.919910   8.120928     0.000000     0.600000    
0        148.920449   8.118705     0.000000     0.600000    
0        148.920988   8.116967     0.000000     0.600000    
0        148.921526   8.114642     0.000000     0.600000    
0        148.922064   8.110178     0.000000     0.600000    
0        148.922629   8.106165     0.000000     0.600000    
0        148.923177   8.100576     0.000000     0.600000    
0        148.923726   8.098659     0.000000     0.600000    
0        148.924262   8.096888     0.000000     0.600000    
0        148.924818   8.093429     0.000000     0.600000    
0        148.925372   8.089716     0.000000     0.600000    
0        148.925920   8.085834     0.000000     0.600000    
0        148.926471   8.083199     0.000000     0.600000    
0        148.927022   8.079180     0.000000     0.600000    
0        148.927582   8.074843     0.000000     0.600000    
0        148.928128   8.072280     0.000000     0.600000    
0        148.928670   8.067890     0.000000     0.600000    
0        148.929215   8.067349     0.000000     0.600000    
0        148.929768   8.062510     0.000000     0.600000    
0        148.930318   8.059470     0.000000     0.600000    
0        148.930876   8.056976     0.000000     0.600000    
0        148.931427   8.054693     0.000000     0.600000    
0        148.931972   8.053016     0.000000     0.600000    
0        148.932524   8.048697     0.000000     0.600000    
0        148.933078   8.044708     0.000000     0.600000    
0        148.933613   8.043185     0.000000     0.600000    
0        148.934156   8.037510     0.000000     0.600000    
0        148.934694   8.035989     0.000000     0.600000    
0        148.935234   8.033649     0.000000     0.600000    
0        148.935777   8.031243     0.000000     0.600000    
0        148.936338   8.028769     0.000000     0.600000    
0        148.936880   8.025869     0.000000     0.600000    
0        148.937411   8.024496     0.000000     0.600000    
0        148.937965   8.020555     0.000000     0.600000    
0        148.938513   8.017167     0.000000     0.600000    
0        148.939059   8.012793     0.000000     0.600000    
0        148.939600   8.011095     0.000000     0.600000    
0        148.940139   8.008915     0.000000     0.600000    
0        148.940686   8.006371     0.000000     0.600000    
0        148.941229   8.002582     0.000000     0.600000    
0        148.941777   7.999675     0.000000     0.600000    
0        148.942316   7.997852     0.000000     0.600000    
0        148.942860   7.994744     0.000000     0.600000    
0        148.943419   7.992219     0.000000     0.600000    
0        148.943973   7.987857     0.000000     0.600000    
0        148.944520   7.985239     0.000000     0.600000    
0        148.945074   7.980582     0.000000     0.600000    
0        148.945632   7.977341     0.000000     0.600000    
0        148.946195   7.969241     0.000000     0.600000    
0        148.946736   7.967784     0.000000     0.600000    
0        148.947292   7.962626     0.000000     0.600000    
0        148.947835   7.959674     0.000000     0.600000    
0        148.948378   7.956676     0.000000     0.600000    
0        148.948924   7.954800     0.000000     0.600000    
0        148.949464   7.952470     0.000000     0.600000    
0        148.950009   7.951215     0.000000     0.600000    
0        148.950555   7.947689     0.000000     0.600000    
0        148.951089   7.947139     0.000000     0.600000    
0        148.951636   7.942047     0.000000     0.600000    
0        148.952186   7.936676     0.000000     0.600000    
0        148.952746   7.930651     0.000000     0.600000    
0        148.953298   7.924397     0.000000     0.600000    
0        148.953840   7.921030     0.000000     0.600000    
0        148.954385   7.917171     0.000000     0.600000    
0        148.954935   7.910996     0.000000     0.600000    
0        148.955482   7.908493     0.000000     0.600000    
0        148.956018   7.905921     0.000000     0.600000    
0        148.956554   7.905021     0.000000     0.600000    
0        148.957106   7.899601     0.000000     0.600000    
0        148.957660   7.896702     0.000000     0.600000    
0        148.958208   7.893489     0.000000     0.600000    
0        148.958763   7.889529     0.000000     0.600000    
0        148.959309   7.884398     0.000000     0.600000    
0        148.959852   7.881037     0.000000     0.600000    
0        148.960409   7.879375     0.000000     0.600000    
0        148.960955   7.876064     0.000000     0.600000    
0        148.961515   7.870555     0.000000     0.600000    
0        148.962066   7.868318     0.000000     0.600000    
0        148.962619   7.863274     0.000000     0.600000    
0        148.963169   7.860771     0.000000     0.600000    
0        148.963713   7.858781     0.000000     0.600000    
0        148.964265   7.857453     0.000000     0.600000    
0        148.964812   7.851756     0.000000     0.600000    
0        148.965364   7.849001     0.000000     0.600000    
0        148.965908   7.846044     0.000000     0.600000    
0        148.966469   7.838870     0.000000     0.600000    
0        148.967021   7.835177     0.000000     0.600000    
0        148.967576   7.831387     0.000000     0.600000    
0        148.968119   7.829460     0.000000     0.600000    
0        148.968671   7.827122     0.000000     0.600000    
0        148.969210   7.825128     0.000000     0.600000    
0        148.969751   7.821595     0.000000     0.600000    
0        148.970300   7.818794     0.000000     0.600000    
0        148.970844   7.817260     0.000000     0.600000    
0        148.971391   7.815418     0.000000     0.600000    
0        148.971932   7.812150     0.000000     0.600000    
0        148.972472   7.809796     0.000000     0.600000    
0        148.973017   7.806840     0.000000     0.600000    
0        148.973551   7.804891     0.000000     0.600000    
0        148.974078   7.804834     0.000000     0.600000    
0        148.974607   7.802493     0.000000     0.600000    
0        148.975158   7.796326     0.000000     0.600000    
0        148.975713   7.789504     0.000000     0.600000    
0        148.976258   7.786089     0.000000     0.600000    
0        148.976795   7.780213     0.000000     0.600000    
0        148.977336   7.777275     0.000000     0.600000    
0        148.977886   7.771887     0.000000     0.600000    
0        148.978606   7.767245     0.000000     0.600000    
0        148.979185   7.765165     0.000000     0.600000    
0        148.979756   7.758500     0.000000     0.600000    
0        148.980316   7.755230     0.000000     0.600000    
0        148.980888   7.753405     0.000000     0.600000    
0        148.981440   7.749254     0.000000     0.600000    
0        148.982007   7.747138     0.000000     0.600000    
0        148.982573   7.743881     0.000000     0.600000    
0        148.983133   7.739672     0.000000     0.600000    
0        148.983662   7.734986     0.000000     0.600000    
0        148.984174   7.733452     0.000000     0.600000    
0        148.984708   7.727454     0.000000     0.600000    
0        148.985235   7.724124     0.000000     0.600000    
0        148.985758   7.720931     0.000000     0.600000    
0        148.986289   7.715965     0.000000     0.600000    
0        148.986815   7.709812     0.000000     0.600000    
0        148.987333   7.706460     0.000000     0.600000    
0        148.987854   7.703663     0.000000     0.600000    
0        148.988377   7.702344     0.000000     0.600000    
0        148.988892   7.699053     0.000000     0.600000    
0        148.989403   7.697591     0.000000     0.600000    
0        148.989922   7.693811     0.000000     0.600000    
0        148.990423   7.692834     0.000000     0.600000    
0        148.990929   7.691396     0.000000     0.600000    
0        148.991439   7.687905     0.000000     0.600000    
0        148.991967   7.685401     0.000000     0.600000    
0        148.992486   7.682374     0.000000     0.600000    
0        148.993015   7.675675     0.000000     0.600000    
0        148.993535   7.674389     0.000000     0.600000    
0        148.994063   7.669740     0.000000     0.600000    
0        148.994587   7.664542     0.000000     0.600000    
0        148.995107   7.662093     0.000000     0.600000    
0        148.995627   7.658485     0.000000     0.600000    
0        148.996144   7.656551     0.000000     0.600000    
0        148.996657   7.654620     0.000000     0.600000    
0        148.997164   7.653376     0.000000     0.600000    
0        148.997686   7.649026     0.000000     0.600000    
0        148.998208   7.646875     0.000000     0.600000    
0        148.998717   7.642124     0.000000     0.600000    
0        148.999230   7.638345     0.000000     0.600000    
0        148.999743   7.635354     0.000000     0.600000    
0        149.000247   7.633331     0.000000     0.600000    
0        149.000766   7.628935     0.000000     0.600000    
0        149.001280   7.624657     0.000000     0.600000    
0        149.001801   7.620817     0.000000     0.600000    
0        149.002306   7.620025     0.000000     0.600000    
0        149.002814   7.615657     0.000000     0.600000    
0        149.003321   7.614374     0.000000     0.600000    
0        149.003816   7.612595     0.000000     0.600000    
0        149.004318   7.610855     0.000000     0.600000    
0        149.004840   7.607738     0.000000     0.600000    
0        149.005356   7.604277     0.000000     0.600000    
0        149.005871   7.601797     0.000000     0.600000    
0        149.006386   7.599678     0.000000     0.600000    
0        149.006891   7.596524     0.000000     0.600000    
0        149.007410   7.594457     0.000000     0.600000    
0        149.007922   7.591039     0.000000     0.600000    
0        149.008433   7.589993     0.000000     0.600000    
0        149.008945   7.588484     0.000000     0.600000    
0        149.009445   7.587637     0.000000     0.600000    
0        149.009952   7.585029     0.000000     0.600000    
0        149.010461   7.583611     0.000000     0.600000    
0        149.010976   7.578853     0.000000     0.600000    
0        149.011496   7.572297     0.000000     0.600000    
0        149.012009   7.569808     0.000000     0.600000    
0        149.012535   7.565948     0.000000     0.600000    
0        149.013043   7.564792     0.000000     0.600000    
0        149.013558   7.558959     0.000000     0.600000    
0        149.014069   7.556074     0.000000     0.600000    
0        149.014575   7.554397     0.000000     0.600000    
0        149.015078   7.552966     0.000000     0.600000    
0        149.015579   7.552643     0.000000     0.600000    
0        149.016082   7.550438     0.000000     0.600000    
0        149.016572   7.548392     0.000000     0.600000    
0        149.017075   7.546683     0.000000     0.600000    
0        149.017576   7.546147     0.000000     0.600000    
0        149.018090   7.542294     0.000000     0.600000    
0        149.018604   7.540536     0.000000     0.600000    
0        149.019112   7.539520     0.000000     0.600000    
0        149.019622   7.539014     0.000000     0.600000    
0        149.020123   7.534124     0.000000     0.600000    
0        149.020632   7.532101     0.000000     0.600000    
0        149.021141   7.530258     0.000000     0.600000    
0        149.021664   7.526708     0.000000     0.600000    
0        149.022164   7.524199     0.000000     0.600000    
0        149.022672   7.521314     0.000000     0.600000    
0        149.023186   7.517143     0.000000     0.600000    
0        149.023661   7.515231     0.000000     0.600000    
0        149.024128   7.514176     0.000000     0.600000    
0        149.024602   7.506506     0.000000     0.600000    
0        149.025065   7.504170     0.000000     0.600000    
0        149.025527   7.502136     0.000000     0.600000    
0        149.025994   7.501033     0.000000     0.600000    
0        149.026472   7.498384     0.000000     0.600000    
0        149.026930   7.498269     0.000000     0.600000    
0        149.027402   7.495509     0.000000     0.600000    
0        149.027876   7.492968     0.000000     0.600000    
0        149.028367   7.485934     0.000000     0.600000    
0        149.028884   7.480318     0.000000     0.600000    
0        149.029392   7.478215     0.000000     0.600000    
0        149.029908   7.474794     0.000000     0.600000    
0        149.030418   7.473326     0.000000     0.600000    
0        149.030925   7.469795     0.000000     0.600000    
0        149.031431   7.465734     0.000000     0.600000    
0        149.031932   7.462226     0.000000     0.600000    
0        149.032426   7.461495     0.000000     0.600000    
0        149.032921   7.459493     0.000000     0.600000    
0        149.033401   7.456710     0.000000     0.600000    
0        149.033864   7.455501     0.000000     0.600000    
0        149.034350   7.454234     0.000000     0.600000    
0        149.034827   7.449873     0.000000     0.600000    
0        149.035297   7.448181     0.000000     0.600000    
0        149.035767   7.441375     0.000000     0.600000    
0        149.036239   7.437352     0.000000     0.600000    
0        149.036711   7.435357     0.000000     0.600000    
0        149.037238   7.434196     0.000000     0.600000    
0        149.037733   7.431258     0.000000     0.600000    
0        149.038202   7.430201     0.000000     0.600000    
0        149.038671   7.426929     0.000000     0.600000    
0        149.039147   7.420999     0.000000     0.600000    
0        149.039621   7.418508     0.000000     0.600000    
0        149.040087   7.416643     0.000000     0.600000    
0        149.040548   7.413407     0.000000     0.600000    
0        149.041015   7.411092     0.000000     0.600000    
0        149.041496   7.407138     0.000000     0.600000    
0        149.041962   7.404618     0.000000     0.600000    
0        149.042428   7.400052     0.000000     0.600000    
0        149.042910   7.397717     0.000000     0.600000    
0        149.043376   7.394890     0.000000     0.600000    
0        149.043826   7.394847     0.000000     0.600000    
0        149.044299   7.392090     0.000000     0.600000    
0        149.044760   7.389981     0.000000     0.600000    
0        149.045227   7.388423     0.000000     0.600000    
0        149.045695   7.384798     0.000000     0.600000    
0        149.046167   7.381958     0.000000     0.600000    
0        149.046649   7.380379     0.000000     0.600000    
0        149.047118   7.378734     0.000000     0.600000    
0        149.047590   7.373135     0.000000     0.600000    
0        149.048054   7.372107     0.000000     0.600000    
0        149.048548   7.364491     0.000000     0.600000    
0        149.049045   7.363391     0.000000     0.600000    
0        149.049549   7.358820     0.000000     0.600000    
0        149.050037   7.358146     0.000000     0.600000    
0        149.050531   7.356700     0.000000     0.600000    
0        149.051041   7.352037     0.000000     0.600000    
0        149.051535   7.351742     0.000000     0.600000    
0        149.052044   7.346084     0.000000     0.600000    
0        149.052547   7.343423     0.000000     0.600000    
0        149.053038   7.343220     0.000000     0.600000    
0        149.053537   7.340516     0.000000     0.600000    
0        149.054025   7.339399     0.000000     0.600000    
0        149.054512   7.338417     0.000000     0.600000    
0        149.055013   7.336271     0.000000     0.600000    
0        149.055521   7.332257     0.000000     0.600000    
0        149.056024   7.329900     0.000000     0.600000    
0        149.056531   7.329239     0.000000     0.600000    
0        149.057027   7.327424     0.000000     0.600000    
0        149.057532   7.325408     0.000000     0.600000    
0        149.058034   7.323895     0.000000     0.600000    
0        149.058532   7.318601     0.000000     0.600000    
0        149.059024   7.316767     0.000000     0.600000    
0        149.059522   7.314346     0.000000     0.600000    
0        149.060007   7.313925     0.000000     0.600000    
0        149.060503   7.308320     0.000000     0.600000    
0        149.061004   7.305850     0.000000     0.600000    
0        149.061505   7.301335     0.000000     0.600000    
0        149.061998   7.297969     0.000000     0.600000    
0        149.062560   7.294403     0.000000     0.600000    
0        149.063083   7.290138     0.000000     0.600000    
0        149.063564   7.288620     0.000000     0.600000    
0        149.064039   7.287427     0.000000     0.600000    
0        149.064519   7.284323     0.000000     0.600000    
0        149.065000   7.283193     0.000000     0.600000    
0        149.065461   7.281754     0.000000     0.600000    
0        149.066199   7.279687     0.000000     0.600000    
0        149.066708   7.278440     0.000000     0.600000    
0        149.067200   7.276925     0.000000     0.600000    
1        149.079835   7.276367     0.886310     0.600000    
11       149.111827   7.273886     0.886650     0.600000    
21       149.146520   7.269938     0.886710     0.600000    
31       149.184456   7.265003     0.887520     0.600000    
41       149.221333   7.261225     0.887860     0.600000    
51       149.263492   7.255782     0.886990     0.600000    
61       149.303407   7.249369     0.884980     0.600000    
71       149.341385   7.244340     0.887260     0.600000    
81       149.380022   7.238025     0.888660     0.600000    
91       149.419320   7.234165     0.886000     0.600000    
101      149.462463   7.227582     0.886800     0.600000    
111      149.502376   7.222828     0.888300     0.600000    
121      149.543432   7.217463     0.888390     0.600000    
131      149.583579   7.212643     0.886620     0.600000    
141      149.623162   7.208338     0.887940     0.600000    
151      149.664103   7.204184     0.884690     0.600000    
161      149.703344   7.199362     0.885220     0.600000    
171      149.745096   7.193525     0.888820     0.600000    
181      149.791193   7.191560     0.888080     0.600000    
191      149.832416   7.187040     0.886690     0.600000    
201      149.871509   7.181613     0.884590     0.600000    
211      149.913816   7.174642     0.886870     0.600000    
221      149.952056   7.170823     0.884480     0.600000    
231      149.990555   7.165133     0.886480     0.600000    
241      150.030403   7.158817     0.886190     0.600000    
251      150.069725   7.155218     0.887110     0.600000    
261      150.108961   7.149436     0.885270     0.600000    
271      150.149202   7.141260     0.885340     0.600000    
281      150.203578   7.130367     0.888870     0.600000    
291      150.254127   7.127485     0.883580     0.600000    
301      150.298385   7.122798     0.885580     0.600000    
311      150.336850   7.118200     0.883770     0.600000    
321      150.380179   7.113817     0.887710     0.600000    
331      150.424153   7.109286     0.886780     0.600000    
341      150.471495   7.103801     0.888070     0.600000    
351      150.517861   7.097593     0.886460     0.600000    
361      150.565126   7.095167     0.885910     0.600000    
371      150.607013   7.089805     0.885940     0.600000    
381      150.651587   7.083563     0.885650     0.600000    
391      150.696261   7.079292     0.884230     0.600000    
401      150.741125   7.075050     0.887130     0.600000    
411      150.792437   7.071286     0.885510     0.600000    
421      150.839548   7.067192     0.884930     0.600000    
431      150.887840   7.065221     0.885630     0.600000    
441      150.930326   7.058403     0.885150     0.600000    
451      150.973089   7.051210     0.887320     0.600000    
461      151.018624   7.047445     0.886650     0.600000    
471      151.064526   7.040996     0.887870     0.600000    
481      151.110010   7.035414     0.885200     0.600000    
491      151.154063   7.031700     0.885720     0.600000    
501      151.200683   7.027225     0.887150     0.600000    
511      151.246933   7.024077     0.886410     0.600000    
521      151.295562   7.017079     0.887760     0.600000    
531      151.335738   7.010911     0.884880     0.600000    
541      151.374973   7.005696     0.886830     0.600000    
551      151.414385   7.000008     0.885390     0.600000    
561      151.451925   6.993898     0.885480     0.600000    
571      151.489157   6.991201     0.885820     0.600000    
581      151.531813   6.988588     0.885100     0.600000    
591      151.580210   6.985027     0.885150     0.600000    
601      151.670931   6.981575     0.885740     0.600000    
611      151.734204   6.977767     0.887110     0.600000    
621      151.782282   6.972827     0.886670     0.600000    
631      151.827452   6.966383     0.886880     0.600000    
641      151.869749   6.961494     0.886230     0.600000    
651      151.908481   6.958261     0.884560     0.600000    
661      151.949330   6.954158     0.884420     0.600000    
671      151.989864   6.950614     0.886250     0.600000    
681      152.028912   6.944956     0.882820     0.600000    
691      152.069175   6.942189     0.881570     0.600000    
701      152.131403   6.938392     0.881540     0.600000    
711      152.183664   6.933825     0.884730     0.600000    
721      152.236269   6.929717     0.885230     0.600000    
731      152.288338   6.923044     0.882660     0.600000    
741      152.331828   6.918294     0.885810     0.600000    
751      152.375168   6.911405     0.884090     0.600000    
761      152.417207   6.905445     0.883000     0.600000    
771      152.458303   6.902331     0.884670     0.600000    
781      152.499128   6.897160     0.884760     0.600000    
791      152.539761   6.894211     0.882920     0.600000    
801      152.592109   6.890488     0.885720     0.600000    
811      152.649584   6.884514     0.884750     0.600000    
821      152.697351   6.881805     0.884260     0.600000    
831      152.741588   6.874847     0.884790     0.600000    
841      152.780954   6.869631     0.883630     0.600000    
851      152.823873   6.864821     0.884200     0.600000    
861      152.868351   6.861444     0.884610     0.600000    
871      152.910989   6.858534     0.885740     0.600000    
881      152.951134   6.852947     0.887240     0.600000    
891      152.991462   6.850418     0.883350     0.600000    
901      153.030626   6.844487     0.883320     0.600000    
911      153.070419   6.840053     0.885750     0.600000    
921      153.110285   6.835186     0.884390     0.600000    
931      153.149625   6.832759     0.884210     0.600000    
941      153.214025   6.830161     0.882330     0.600000    
951      153.273188   6.824554     0.885740     0.600000    
961      153.327279   6.820363     0.885370     0.600000    
971      153.385990   6.817110     0.882000     0.600000    
981      153.441308   6.807381     0.882200     0.600000    
991      153.508539   6.802461     0.883980     0.600000    
1001     153.601345   6.795285     0.885030     0.600000    
1011     153.676961   6.789429     0.887140     0.600000    
1021     153.767474   6.784931     0.884600     0.600000    
1031     153.846318   6.780235     0.881740     0.600000    
1041     153.933260   6.777581     0.883700     0.600000    
1051     153.988283   6.772601     0.883310     0.600000    
1061     154.051735   6.768042     0.881550     0.600000    
1071     154.136770   6.763766     0.882090     0.600000    
1081     154.220308   6.756550     0.886200     0.600000    
1091     154.299975   6.753794     0.882980     0.600000    
1101     154.369412   6.747449     0.882670     0.600000    
1111     154.441009   6.744706     0.880800     0.600000    
1121     154.493144   6.739120     0.882170     0.600000    
1131     154.544362   6.733974     0.885980     0.600000    
1141     154.603836   6.730169     0.884700     0.600000    
1151     154.656458   6.727112     0.883230     0.600000    
1161     154.715736   6.723821     0.883190     0.600000    
1171     154.783369   6.717390     0.883010     0.600000    
1181     154.844545   6.714690     0.884580     0.600000    
1191     154.903518   6.707783     0.884200     0.600000    
1201     154.959585   6.702995     0.882380     0.600000    
1211     155.017479   6.700040     0.882600     0.600000    
1221     155.083911   6.694545     0.883450     0.600000    
1231     155.142274   6.689821     0.884740     0.600000    
1241     155.202556   6.685566     0.883510     0.600000    
1251     155.265358   6.681005     0.884240     0.600000    
1261     155.336278   6.676216     0.884230     0.600000    
1271     155.399674   6.672820     0.884750     0.600000    
1281     155.466075   6.667474     0.885290     0.600000    
1291     155.561788   6.663250     0.881300     0.600000    
1301     155.683760   6.659477     0.880080     0.600000    
1311     155.764908   6.653684     0.884920     0.600000    
1321     155.835825   6.649981     0.884500     0.600000    
1331     155.920810   6.645023     0.883760     0.600000    
1341     156.019392   6.639587     0.884070     0.600000    
1351     156.114590   6.637048     0.882220     0.600000    
1361     156.191668   6.633430     0.881730     0.600000    
1371     156.262685   6.629727     0.882730     0.600000    
1381     156.322974   6.623503     0.881540     0.600000    
1391     156.410586   6.620749     0.884120     0.600000    
1401     156.478722   6.615639     0.882190     0.600000    
1411     156.548308   6.611658     0.882070     0.600000    
1421     156.619044   6.607518     0.881510     0.600000    
1431     156.713129   6.604541     0.880980     0.600000    
1441     156.875927   6.601707     0.881650     0.600000    
1451     156.946126   6.598256     0.881080     0.600000    
1461     157.011497   6.591791     0.881210     0.600000    
1471     157.080412   6.587854     0.882670     0.600000    
1481     157.145634   6.582934     0.879330     0.600000    
1491     157.211939   6.578137     0.880150     0.600000    
1501     157.264048   6.572497     0.883990     0.600000    
1511     157.330880   6.567852     0.880690     0.600000    
1521     157.413057   6.564433     0.884830     0.600000    
1531     157.499752   6.559580     0.881500     0.600000    
1541     157.571813   6.557025     0.881810     0.600000    
1551     157.647343   6.549598     0.883360     0.600000    
1561     157.712014   6.547063     0.882730     0.600000    
1571     157.779530   6.542110     0.880880     0.600000    
1581     157.860501   6.536191     0.880420     0.600000    
1591     157.968590   6.532370     0.881970     0.600000    
1601     158.101577   6.526025     0.881460     0.600000    
1611     158.186257   6.521301     0.881570     0.600000    
1621     158.271693   6.517490     0.882950     0.600000    
1631     158.358381   6.512702     0.881430     0.600000    
1641     158.437854   6.509664     0.882040     0.600000    
1651     158.536089   6.506002     0.881350     0.600000    
1661     158.650841   6.499617     0.881390     0.600000    
1671     158.758429   6.494952     0.881030     0.600000    
1681     158.833688   6.490304     0.880430     0.600000    
1691     158.897322   6.485219     0.880720     0.600000    
1701     158.956322   6.481018     0.879870     0.600000    
1711     159.020618   6.477795     0.881920     0.600000    
1721     159.078608   6.474003     0.881840     0.600000    
1731     159.133828   6.468202     0.882800     0.600000    
1741     159.200203   6.464180     0.882520     0.600000    
1751     159.260790   6.462553     0.881240     0.600000    
1761     159.325037   6.457747     0.883080     0.600000    
1771     159.385003   6.452876     0.880890     0.600000    
1781     159.445229   6.449711     0.880850     0.600000    
1791     159.508576   6.444476     0.882000     0.600000    
1801     159.584439   6.440819     0.880800     0.600000    
1811     159.648463   6.437080     0.882450     0.600000    
1821     159.708535   6.434421     0.882670     0.600000    
1831     159.771420   6.430540     0.880220     0.600000    
1841     159.862256   6.427851     0.880260     0.600000    
1851     159.936323   6.425239     0.880350     0.600000    
1861     160.124418   6.418253     0.883040     0.600000    
1871     160.186916   6.415259     0.881980     0.600000    
1881     160.247266   6.410690     0.883900     0.600000    
1891     160.309591   6.406850     0.877320     0.600000    
1901     160.364096   6.401517     0.881930     0.600000    
1911     160.426194   6.397361     0.881950     0.600000    
1921     160.496171   6.394220     0.879090     0.600000    
1931     160.554693   6.389365     0.880290     0.600000    
1941     160.621191   6.384752     0.880350     0.600000    
1951     160.694338   6.380806     0.880890     0.600000    
1961     160.752208   6.375462     0.877630     0.600000    
1971     160.812918   6.373107     0.880210     0.600000    
1981     160.875136   6.368544     0.881950     0.600000    
1991     160.927892   6.363386     0.880530     0.600000    
2001     160.988568   6.356990     0.879160     0.600000    
2011     161.099131   6.353366     0.880370     0.600000    
2021     161.177542   6.348935     0.878800     0.600000    
2031     161.257715   6.345519     0.881730     0.600000    
2041     161.331358   6.341929     0.881780     0.600000    
2051     161.400792   6.337784     0.878770     0.600000    
2061     161.481493   6.333339     0.878550     0.600000    
2071     161.559335   6.330471     0.879050     0.600000    
2081     161.636160   6.322906     0.882190     0.600000    
2091     161.715176   6.320405     0.879660     0.600000    
2101     161.784320   6.314206     0.879970     0.600000    
2111     161.844789   6.311641     0.879220     0.600000    
2121     161.906575   6.306292     0.880450     0.600000    
2131     161.962882   6.299734     0.879000     0.600000    
2141     162.029610   6.295113     0.879470     0.600000    
2151     162.087246   6.291310     0.877300     0.600000    
2161     162.143410   6.285480     0.879960     0.600000    
2171     162.206481   6.283089     0.878910     0.600000    
2181     162.258378   6.280111     0.881940     0.600000    
2191     162.345340   6.275843     0.879010     0.600000    
2201     162.485966   6.272940     0.878810     0.600000    
2211     162.556503   6.269706     0.882810     0.600000    
2221     162.611977   6.266051     0.877890     0.600000    
2231     162.669239   6.263190     0.878070     0.600000    
2241     162.720099   6.257950     0.877110     0.600000    
2251     162.779754   6.255192     0.877570     0.600000    
2261     162.835591   6.249700     0.880120     0.600000    
2271     162.888904   6.244911     0.879040     0.600000    
2281     162.946870   6.238476     0.878890     0.600000    
2291     163.001415   6.234062     0.880550     0.600000    
2301     163.055675   6.229704     0.880620     0.600000    
2311     163.115592   6.226516     0.879740     0.600000    
2321     163.171661   6.222879     0.877720     0.600000    
2331     163.220476   6.219097     0.878300     0.600000    
2341     163.277544   6.214360     0.880350     0.600000    
2351     163.340172   6.209134     0.880410     0.600000    
2361     163.402932   6.204919     0.878110     0.600000    
2371     163.464898   6.199352     0.877750     0.600000    
2381     163.526439   6.194960     0.878880     0.600000    
2391     163.586556   6.191537     0.879760     0.600000    
2401     163.640638   6.186877     0.876710     0.600000    
2411     163.693573   6.182590     0.880610     0.600000    
2421     163.768021   6.179242     0.880140     0.600000    
2431     163.821794   6.173476     0.877060     0.600000    
2441     163.877102   6.168991     0.879850     0.600000    
2451     163.926660   6.166333     0.878200     0.600000    
2461     163.987238   6.160346     0.879640     0.600000    
2471     164.040226   6.154483     0.878820     0.600000    
2481     164.162603   6.152245     0.881220     0.600000    
2491     164.272149   6.149636     0.878940     0.600000    
2501     164.366131   6.143982     0.877380     0.600000    
2511     164.464913   6.140265     0.878060     0.600000    
2521     164.554940   6.137246     0.877450     0.600000    
2531     164.637317   6.132827     0.879730     0.600000    
2541     164.724796   6.129800     0.877740     0.600000    
2551     164.817675   6.126561     0.878850     0.600000    
2561     164.908051   6.118382     0.880310     0.600000    
2571     164.957961   6.114438     0.877550     0.600000    
2581     165.020249   6.110580     0.875010     0.600000    
2591     165.089930   6.104339     0.874790     0.600000    
2601     165.147597   6.100209     0.878370     0.600000    
2611     165.213552   6.095775     0.875960     0.600000    
2621     165.272132   6.092025     0.876910     0.600000    
2631     165.354720   6.085638     0.875800     0.600000    
2641     165.417414   6.081908     0.877430     0.600000    
2651     165.477241   6.078349     0.877430     0.600000    
2661     165.536618   6.074265     0.879820     0.600000    
2671     165.610025   6.070349     0.876660     0.600000    
2681     165.666632   6.066888     0.876430     0.600000    
2691     165.821012   6.061500     0.876370     0.600000    
2701     165.876589   6.058659     0.879120     0.600000    
2711     165.934091   6.055261     0.877320     0.600000    
2721     165.989753   6.050187     0.877470     0.600000    
2731     166.055820   6.043940     0.875900     0.600000    
2741     166.117641   6.040182     0.879430     0.600000    
2751     166.178224   6.035862     0.880390     0.600000    
2761     166.240789   6.032331     0.876370     0.600000    
2771     166.314242   6.027399     0.876950     0.600000    
2781     166.378670   6.022860     0.878490     0.600000    
2791     166.461443   6.017907     0.874990     0.600000    
2801     166.541449   6.013367     0.877790     0.600000    
2811     166.611555   6.009672     0.879000     0.600000    
2821     166.688165   6.006566     0.876840     0.600000    
2831     166.761964   6.001360     0.876890     0.600000    
2841     166.829452   5.999108     0.875500     0.600000    
2851     166.906761   5.995735     0.875310     0.600000    
2861     166.969299   5.993183     0.877410     0.600000    
2871     167.046133   5.989489     0.876100     0.600000    
2881     167.126545   5.985775     0.877590     0.600000    
2891     167.200267   5.979618     0.876680     0.600000    
2901     167.267499   5.976552     0.877950     0.600000    
2911     167.350794   5.972550     0.874130     0.600000    
2921     167.423298   5.969516     0.877340     0.600000    
2931     167.504650   5.964041     0.875240     0.600000    
2941     167.582165   5.959206     0.874780     0.600000    
2951     167.659138   5.954650     0.875040     0.600000    
2961     167.724606   5.952141     0.876010     0.600000    
2971     167.786198   5.948156     0.877720     0.600000    
2981     167.847911   5.940443     0.877500     0.600000    
2991     167.910906   5.936026     0.879010     0.600000    
3001     168.041858   5.932284     0.875440     0.600000    
3011     168.153690   5.927562     0.874930     0.600000    
3021     168.260022   5.920016     0.877720     0.600000    
3031     168.365919   5.914186     0.877130     0.600000    
3041     168.482221   5.911408     0.877340     0.600000    
3051     168.581772   5.908731     0.877330     0.600000    
3061     168.698371   5.903954     0.876940     0.600000    
3071     168.803954   5.899956     0.876940     0.600000    
3081     168.872280   5.896607     0.877120     0.600000    
3091     168.937490   5.893706     0.874780     0.600000    
3101     169.007185   5.886698     0.875850     0.600000    
3111     169.072751   5.881979     0.878480     0.600000    
3121     169.135565   5.879583     0.875460     0.600000    
3131     169.201342   5.875466     0.874950     0.600000    
3141     169.274390   5.871791     0.875760     0.600000    
3151     169.329194   5.868921     0.877850     0.600000    
3161     169.394935   5.862766     0.875650     0.600000    
3171     169.463130   5.856419     0.874780     0.600000    
3181     169.521427   5.853734     0.877680     0.600000    
3191     169.589836   5.850531     0.875270     0.600000    
3201     169.658292   5.846868     0.876200     0.600000    
3211     169.720252   5.842346     0.878490     0.600000    
3221     169.793073   5.838356     0.873870     0.600000    
3231     169.859485   5.834893     0.875030     0.600000    
3241     169.918318   5.831953     0.874510     0.600000    
3251     169.982930   5.827268     0.876480     0.600000    
3261     170.053671   5.823908     0.873720     0.600000    
3271     170.114777   5.820632     0.874450     0.600000    
3281     170.179254   5.817143     0.875060     0.600000    
3291     170.244416   5.814184     0.875180     0.600000    
3301     170.301973   5.807269     0.875260     0.600000    
3311     170.368987   5.803787     0.876800     0.600000    
3321     170.429575   5.798172     0.871960     0.600000    
3331     170.493671   5.794126     0.875940     0.600000    
3341     170.659867   5.790460     0.874350     0.600000    
3351     170.718343   5.784518     0.875850     0.600000    
3361     170.782668   5.780288     0.872830     0.600000    
3371     170.846052   5.777845     0.875430     0.600000    
3381     170.909934   5.772877     0.874830     0.600000    
3391     170.985648   5.767082     0.874410     0.600000    
3401     171.065391   5.764054     0.873900     0.600000    
3411     171.137831   5.758397     0.873260     0.600000    
3421     171.211382   5.754603     0.873900     0.600000    
3431     171.316039   5.751012     0.873880     0.600000    
3441     171.498060   5.747689     0.875290     0.600000    
3451     171.607402   5.744528     0.872240     0.600000    
3461     171.762622   5.739600     0.873240     0.600000    
3471     171.890888   5.735557     0.874810     0.600000    
3481     172.038538   5.730645     0.873310     0.600000    
3491     172.135075   5.726231     0.872640     0.600000    
3501     172.276711   5.720260     0.871680     0.600000    
3511     172.416432   5.715731     0.874220     0.600000    
3521     172.484344   5.712124     0.875980     0.600000    
3531     172.550444   5.708264     0.872680     0.600000    
3541     172.617040   5.705228     0.874320     0.600000    
3551     172.678660   5.702641     0.874560     0.600000    
3561     172.742738   5.697695     0.871960     0.600000    
3571     172.815232   5.695897     0.873090     0.600000    
3581     172.886004   5.692400     0.875270     0.600000    
3591     172.947906   5.688809     0.874250     0.600000    
3601     173.014851   5.685694     0.874580     0.600000    
3611     173.083783   5.681647     0.872950     0.600000    
3621     173.152640   5.679476     0.872270     0.600000    
3631     173.221135   5.674506     0.876100     0.600000    
3641     173.283896   5.670292     0.872350     0.600000    
3651     173.348228   5.667868     0.873790     0.600000    
3661     173.412561   5.664708     0.873310     0.600000    
3671     173.471548   5.662209     0.873280     0.600000    
3681     173.532557   5.657921     0.871820     0.600000    
3691     173.590260   5.655714     0.873260     0.600000    
3701     173.656600   5.651821     0.873360     0.600000    
3711     173.721374   5.648102     0.874400     0.600000    
3721     173.778032   5.644983     0.873310     0.600000    
3731     173.846067   5.640893     0.874730     0.600000    
3741     173.899275   5.637724     0.870000     0.600000    
3751     173.959791   5.632251     0.876270     0.600000    
3761     174.011111   5.626821     0.873770     0.600000    
3771     174.069539   5.623293     0.871850     0.600000    
3781     174.124563   5.618519     0.871440     0.600000    
3791     174.178056   5.613151     0.874590     0.600000    
3801     174.240148   5.610591     0.871830     0.600000    
3811     174.309296   5.605986     0.874390     0.600000    
3821     174.358585   5.601344     0.873750     0.600000    
3831     174.409523   5.596299     0.873790     0.600000    
3841     174.460099   5.591081     0.871190     0.600000    
3851     174.510509   5.588614     0.874420     0.600000    
3861     174.562536   5.582467     0.870820     0.600000    
3871     174.612684   5.578828     0.872600     0.600000    
3881     174.733929   5.575995     0.872860     0.600000    
3891     174.780065   5.572484     0.871390     0.600000    
3901     174.829854   5.567601     0.870580     0.600000    
3911     174.877371   5.564655     0.875800     0.600000    
3921     174.929625   5.558899     0.872200     0.600000    
3931     174.981421   5.554286     0.872350     0.600000    
3941     175.032407   5.549899     0.872240     0.600000    
3951     175.081507   5.545651     0.872870     0.600000    
3961     175.131272   5.542032     0.872000     0.600000    
3971     175.182614   5.537575     0.873560     0.600000    
3981     175.235799   5.534497     0.871180     0.600000    
3991     175.287542   5.533012     0.872520     0.600000    
4001     175.336327   5.529957     0.870690     0.600000    
4011     175.383062   5.525106     0.871550     0.600000    
4021     175.433156   5.521386     0.871280     0.600000    
4031     175.483726   5.517587     0.872770     0.600000    
4041     175.537592   5.515082     0.868300     0.600000    
4051     175.589246   5.512768     0.872160     0.600000    
4061     175.640502   5.509606     0.872490     0.600000    
4071     175.691810   5.507574     0.869160     0.600000    
4081     175.743383   5.502755     0.871250     0.600000    
4091     175.795652   5.495212     0.873070     0.600000    
4101     175.847295   5.490180     0.872840     0.600000    
4111     175.898295   5.487478     0.870540     0.600000    
4121     175.944760   5.484995     0.872450     0.600000    
4131     175.991255   5.480899     0.872510     0.600000    
4141     176.040523   5.478164     0.872320     0.600000    
4151     176.090237   5.474085     0.872430     0.600000    
4161     176.135376   5.469901     0.872990     0.600000    
4171     176.180720   5.466876     0.869220     0.600000    
4181     176.225237   5.463514     0.871520     0.600000    
4191     176.268457   5.461286     0.869990     0.600000    
4201     176.309567   5.454801     0.871040     0.600000    
4211     176.349798   5.450598     0.869050     0.600000    
4221     176.389801   5.447776     0.870500     0.600000    
4231     176.429622   5.444790     0.871260     0.600000    
4241     176.470044   5.442088     0.871080     0.600000    
4251     176.511052   5.439580     0.871770     0.600000    
4261     176.551870   5.436071     0.871360     0.600000    
4271     176.593003   5.432273     0.869620     0.600000    
4281     176.633951   5.427923     0.867340     0.600000    
4291     176.673437   5.425741     0.869980     0.600000    
4301     176.714533   5.421450     0.870740     0.600000    
4311     176.756126   5.418545     0.871640     0.600000    
4321     176.809787   5.414400     0.869630     0.600000    
4331     176.863070   5.409482     0.869390     0.600000    
4341     176.915130   5.407458     0.870690     0.600000    
4351     176.964989   5.405018     0.871530     0.600000    
4361     177.012986   5.402343     0.870590     0.600000    
4371     177.057726   5.399405     0.869180     0.600000    
4381     177.101764   5.395405     0.868500     0.600000    
4391     177.145644   5.391213     0.870710     0.600000    
4401     177.186835   5.387830     0.871390     0.600000    
4411     177.229128   5.384149     0.870030     0.600000    
4421     177.287273   5.379428     0.871520     0.600000    
4431     177.347016   5.376363     0.871280     0.600000    
4441     177.407041   5.374867     0.867390     0.600000    
4451     177.464180   5.373159     0.868950     0.600000    
4461     177.521323   5.368495     0.871510     0.600000    
4471     177.582472   5.365451     0.869460     0.600000    
4481     177.638786   5.362402     0.868370     0.600000    
4491     177.694220   5.359993     0.866080     0.600000    
4501     177.754636   5.356382     0.867670     0.600000    
4511     177.814688   5.351009     0.870040     0.600000    
4521     177.874842   5.348919     0.870820     0.600000    
4531     177.933186   5.343815     0.868310     0.600000    
4541     177.995119   5.340467     0.870390     0.600000    
4551     178.055795   5.338101     0.869170     0.600000    
4561     178.105747   5.334189     0.870150     0.600000    
4571     178.155178   5.330922     0.869940     0.600000    
4581     178.198166   5.325697     0.869380     0.600000    
4591     178.240144   5.320493     0.869320     0.600000    
4601     178.283773   5.316174     0.868640     0.600000    
4611     178.331876   5.312672     0.872160     0.600000    
4621     178.383217   5.309923     0.872000     0.600000    
4631     178.429165   5.306406     0.867920     0.600000    
4641     178.477754   5.302729     0.871820     0.600000    
4651     178.521986   5.300587     0.867690     0.600000    
4661     178.568475   5.296192     0.869910     0.600000    
4671     178.615864   5.294099     0.868310     0.600000    
4681     178.661708   5.290902     0.871600     0.600000    
4691     178.709102   5.288027     0.868530     0.600000    
4701     178.755350   5.284588     0.871850     0.600000    
4711     178.797239   5.279655     0.868940     0.600000    
4721     178.837353   5.277384     0.868370     0.600000    
4731     178.878270   5.273762     0.866240     0.600000    
4741     178.919079   5.270712     0.868100     0.600000    
4751     178.959083   5.267033     0.867730     0.600000    
4761     178.998966   5.264495     0.868320     0.600000    
4771     179.045163   5.261330     0.869650     0.600000    
4781     179.092038   5.258638     0.868150     0.600000    
4791     179.141282   5.255307     0.868360     0.600000    
4801     179.188702   5.252345     0.865950     0.600000    
4811     179.236979   5.250139     0.868580     0.600000    
4821     179.283941   5.246497     0.864870     0.600000    
4831     179.326030   5.242899     0.867340     0.600000    
4841     179.368114   5.240389     0.867330     0.600000    
4851     179.408614   5.236817     0.866590     0.600000    
4861     179.455876   5.233799     0.869890     0.600000    
4871     179.509701   5.231424     0.866420     0.600000    
4881     179.560163   5.229952     0.870600     0.600000    
4891     179.610975   5.227371     0.866670     0.600000    
4901     179.660691   5.224571     0.869510     0.600000    
4911     179.705533   5.222356     0.866940     0.600000    
4921     179.747737   5.218536     0.868790     0.600000    
4931     179.790282   5.216389     0.868450     0.600000    
4941     179.835217   5.213421     0.869290     0.600000    
4951     179.879112   5.209052     0.868870     0.600000    
4961     179.921442   5.204464     0.867120     0.600000    
4971     179.978773   5.199978     0.867080     0.600000    
4981     180.033914   5.195175     0.868600     0.600000    
4991     180.086653   5.191969     0.870020     0.600000    
5001     180.142372   5.189270     0.865140     0.600000    
5011     180.194446   5.186670     0.867200     0.600000    
5021     180.244374   5.182361     0.867790     0.600000    
5031     180.300691   5.179976     0.865690     0.600000    
5041     180.348715   5.177656     0.868030     0.600000    
5051     180.401398   5.174713     0.865900     0.600000    
5061     180.453262   5.172623     0.868220     0.600000    
5071     180.496054   5.169759     0.868650     0.600000    
5081     180.542484   5.165839     0.869780     0.600000    
5091     180.586018   5.162858     0.867070     0.600000    
5101     180.634544   5.159115     0.866360     0.600000    
5111     180.678485   5.155472     0.866960     0.600000    
5121     180.722062   5.153205     0.866090     0.600000    
5131     180.765960   5.150366     0.866740     0.600000    
5141     180.813602   5.146678     0.866990     0.600000    
5151     180.859812   5.144229     0.866310     0.600000    
5161     180.903906   5.141652     0.865450     0.600000    
5171     180.945139   5.139166     0.866130     0.600000    
5181     180.987705   5.136178     0.867140     0.600000    
5191     181.030957   5.133924     0.866290     0.600000    
5201     181.073708   5.131953     0.866920     0.600000    
5211     181.115667   5.129251     0.865770     0.600000    
5221     181.166064   5.126623     0.866920     0.600000    
5231     181.208712   5.124180     0.867670     0.600000    
5241     181.251864   5.122224     0.864240     0.600000    
5251     181.298833   5.119210     0.864300     0.600000    
5261     181.342644   5.116049     0.866480     0.600000    
5271     181.384915   5.112647     0.866250     0.600000    
5281     181.427672   5.108690     0.867270     0.600000    
5291     181.473991   5.104544     0.864440     0.600000    
5301     181.513528   5.100702     0.868020     0.600000    
5311     181.557307   5.096374     0.866000     0.600000    
5321     181.598660   5.090992     0.864290     0.600000    
5331     181.640410   5.087101     0.864190     0.600000    
5341     181.681659   5.082920     0.865420     0.600000    
5351     181.723778   5.078819     0.865880     0.600000    
5361     181.769522   5.075462     0.864430     0.600000    
5371     181.811007   5.072357     0.864340     0.600000    
5381     181.854175   5.069373     0.864720     0.600000    
5391     181.897823   5.066234     0.866200     0.600000    
5401     181.946888   5.062624     0.863060     0.600000    
5411     182.000694   5.057998     0.864350     0.600000    
5421     182.050458   5.057156     0.862140     0.600000    
5431     182.097862   5.052620     0.865080     0.600000    
5441     182.138963   5.048318     0.866870     0.600000    
5451     182.180082   5.046512     0.867040     0.600000    
5461     182.220551   5.044782     0.865040     0.600000    
5471     182.260476   5.041819     0.866040     0.600000    
5481     182.300881   5.041003     0.865630     0.600000    
5491     182.341340   5.039259     0.863360     0.600000    
5501     182.381269   5.036343     0.865570     0.600000    
5511     182.425135   5.034789     0.865640     0.600000    
5521     182.476463   5.032406     0.863700     0.600000    
5531     182.524455   5.028949     0.865300     0.600000    
5541     182.569983   5.025529     0.864890     0.600000    
5551     182.610386   5.024141     0.862670     0.600000    
5561     182.650712   5.021654     0.866730     0.600000    
5571     182.694676   5.019111     0.862610     0.600000    
5581     182.740142   5.016149     0.864930     0.600000    
5591     182.790027   5.014891     0.865650     0.600000    
5601     182.833774   5.008680     0.865540     0.600000    
5611     182.876299   5.007289     0.866820     0.600000    
5621     182.917391   5.004677     0.865940     0.600000    
5631     182.957724   5.001151     0.861370     0.600000    
5641     182.998611   4.997139     0.866160     0.600000    
5651     183.039462   4.993879     0.864960     0.600000    
5661     183.087134   4.991271     0.863420     0.600000    
5671     183.137915   4.987971     0.864600     0.600000    
5681     183.185134   4.984642     0.864620     0.600000    
5691     183.232430   4.981880     0.863960     0.600000    
5701     183.280430   4.978846     0.863520     0.600000    
5711     183.323851   4.975325     0.866000     0.600000    
5721     183.366761   4.970289     0.863200     0.600000    
5731     183.422886   4.968101     0.861450     0.600000    
5741     183.472577   4.965850     0.864850     0.600000    
5751     183.512727   4.964456     0.863990     0.600000    
5761     183.555359   4.960571     0.862330     0.600000    
5771     183.595171   4.953581     0.864550     0.600000    
5781     183.633804   4.949319     0.864310     0.600000    
5791     183.673025   4.945956     0.865560     0.600000    
5801     183.711644   4.942410     0.865450     0.600000    
5811     183.751096   4.938868     0.863130     0.600000    
5821     183.790963   4.936891     0.862580     0.600000    
5831     183.830166   4.935117     0.862200     0.600000    
5841     183.870327   4.932636     0.861800     0.600000    
5851     183.910132   4.930101     0.862740     0.600000    
5861     183.958047   4.927086     0.864310     0.600000    
5871     184.011002   4.924177     0.863320     0.600000    
5881     184.057484   4.921583     0.861430     0.600000    
5891     184.098516   4.918528     0.863500     0.600000    
5901     184.138537   4.915760     0.862100     0.600000    
5911     184.178787   4.913345     0.860780     0.600000    
5921     184.218710   4.910099     0.859770     0.600000    
5931     184.258143   4.907418     0.862590     0.600000    
5941     184.298674   4.903859     0.863350     0.600000    
5951     184.339123   4.900167     0.863680     0.600000    
5961     184.379599   4.896545     0.864220     0.600000    
5971     184.420075   4.894748     0.862390     0.600000    
5981     184.460875   4.892014     0.861960     0.600000    
5991     184.502185   4.888485     0.859520     0.600000    
6001     184.542016   4.883283     0.862210     0.600000    
6011     184.587310   4.879153     0.860350     0.600000    
6021     184.628824   4.876312     0.862490     0.600000    
6031     184.676845   4.873841     0.862680     0.600000    
6041     184.729068   4.870536     0.864690     0.600000    
6051     184.777203   4.867337     0.863490     0.600000    
6061     184.821306   4.862076     0.863910     0.600000    
6071     184.866943   4.858501     0.859330     0.600000    
6081     184.913993   4.855998     0.861920     0.600000    
6091     184.955999   4.852448     0.863290     0.600000    
6101     184.999127   4.850549     0.861720     0.600000    
6111     185.040569   4.847055     0.862130     0.600000    
6121     185.080656   4.844337     0.861090     0.600000    
6131     185.122730   4.841990     0.863090     0.600000    
6141     185.171503   4.839522     0.863180     0.600000    
6151     185.215747   4.837715     0.862320     0.600000    
6161     185.257911   4.834244     0.862460     0.600000    
6171     185.299076   4.831868     0.861770     0.600000    
6181     185.339598   4.829283     0.864770     0.600000    
6191     185.379522   4.827314     0.862670     0.600000    
6201     185.419561   4.825282     0.864230     0.600000    
6211     185.458879   4.822061     0.861570     0.600000    
6221     185.498173   4.819605     0.863590     0.600000    
6231     185.537547   4.817340     0.861160     0.600000    
6241     185.577513   4.814288     0.860690     0.600000    
6251     185.616295   4.812535     0.859980     0.600000    
6261     185.655610   4.809015     0.862100     0.600000    
6271     185.694748   4.806486     0.861750     0.600000    
6281     185.734266   4.802839     0.859500     0.600000    
6291     185.774211   4.799025     0.862750     0.600000    
6301     185.814107   4.795491     0.860690     0.600000    
6311     185.854056   4.792665     0.862200     0.600000    
6321     185.894286   4.790132     0.861270     0.600000    
6331     185.934746   4.786957     0.863340     0.600000    
6341     185.975469   4.783206     0.860720     0.600000    
6351     186.015063   4.780060     0.863270     0.600000    
6361     186.053761   4.776275     0.861650     0.600000    
6371     186.101151   4.773942     0.859470     0.600000    
6381     186.161767   4.771343     0.860080     0.600000    
6391     186.294788   4.769221     0.863020     0.600000    
6401     186.358304   4.766732     0.860240     0.600000    
6411     186.417486   4.765543     0.859950     0.600000    
6421     186.463239   4.762353     0.858560     0.600000    
6431     186.511737   4.760205     0.860260     0.600000    
6441     186.561807   4.757863     0.860630     0.600000    
6451     186.609649   4.754642     0.862020     0.600000    
6461     186.655618   4.751626     0.860140     0.600000    
6471     186.700088   4.749185     0.860250     0.600000    
6481     186.747920   4.746557     0.860030     0.600000    
6491     186.791457   4.744351     0.859600     0.600000    
6501     186.832235   4.741394     0.861720     0.600000    
6511     186.872148   4.738761     0.863080     0.600000    
6521     186.912623   4.735680     0.860580     0.600000    
6531     186.952550   4.733264     0.856640     0.600000    
6541     186.993601   4.731910     0.861860     0.600000    
6551     187.053728   4.730093     0.859710     0.600000    
6561     187.118188   4.725270     0.859330     0.600000    
6571     187.178909   4.721274     0.860220     0.600000    
6581     187.251254   4.718671     0.858650     0.600000    
6591     187.318529   4.715539     0.860590     0.600000    
6601     187.381884   4.712842     0.857690     0.600000    
6611     187.448422   4.708582     0.858350     0.600000    
6621     187.521216   4.705612     0.859200     0.600000    
6631     187.582490   4.702979     0.859690     0.600000    
6641     187.637702   4.700058     0.859960     0.600000    
6651     187.695363   4.695922     0.859330     0.600000    
6661     187.757847   4.693484     0.860110     0.600000    
6671     187.820186   4.690792     0.860940     0.600000    
6681     187.878199   4.688839     0.860970     0.600000    
6691     187.937921   4.687188     0.861540     0.600000    
6701     187.997766   4.685646     0.859620     0.600000    
6711     188.049220   4.681802     0.857960     0.600000    
6721     188.099737   4.680152     0.861080     0.600000    
6731     188.161255   4.678343     0.859420     0.600000    
6741     188.213630   4.676590     0.858340     0.600000    
6751     188.263955   4.673746     0.860100     0.600000    
6761     188.315815   4.670611     0.861360     0.600000    
6771     188.373274   4.668505     0.859720     0.600000    
6781     188.452144   4.666720     0.857650     0.600000    
6791     188.515716   4.665203     0.856020     0.600000    
6801     188.576698   4.662276     0.858390     0.600000    
6811     188.628173   4.660119     0.859530     0.600000    
6821     188.680223   4.658265     0.858980     0.600000    
6831     188.737179   4.655914     0.859730     0.600000    
6841     188.798310   4.653571     0.857750     0.600000    
6851     188.851534   4.650873     0.856640     0.600000    
6861     188.907627   4.647091     0.858840     0.600000    
6871     188.961321   4.644958     0.860050     0.600000    
6881     189.019443   4.641067     0.857980     0.600000    
6891     189.071066   4.637262     0.857940     0.600000    
6901     189.122964   4.635450     0.859010     0.600000    
6911     189.175413   4.632539     0.855560     0.600000    
6921     189.224331   4.630523     0.856930     0.600000    
6931     189.273971   4.628189     0.860890     0.600000    
6941     189.321551   4.624608     0.860460     0.600000    
6951     189.365836   4.620782     0.860820     0.600000    
6961     189.411384   4.618737     0.856650     0.600000    
6971     189.460592   4.616239     0.859490     0.600000    
6981     189.509896   4.614028     0.858950     0.600000    
6991     189.559644   4.611833     0.859300     0.600000    
7001     189.608755   4.609147     0.857990     0.600000    
7011     189.658438   4.606353     0.857430     0.600000    
7021     189.707355   4.604137     0.857870     0.600000    
7031     189.754573   4.602045     0.857830     0.600000    
7041     189.802419   4.599675     0.859080     0.600000    
7051     189.859837   4.598443     0.859330     0.600000    
7061     189.909715   4.596523     0.855870     0.600000    
7071     189.957429   4.593002     0.856180     0.600000    
7081     190.004401   4.591385     0.858950     0.600000    
7091     190.049884   4.588918     0.856210     0.600000    
7101     190.096253   4.584351     0.856090     0.600000    
7111     190.140466   4.580194     0.856740     0.600000    
7121     190.184361   4.577438     0.857500     0.600000    
7131     190.228003   4.573644     0.856090     0.600000    
7141     190.276918   4.571957     0.857240     0.600000    
7151     190.321632   4.569341     0.858150     0.600000    
7161     190.366499   4.565314     0.857250     0.600000    
7171     190.407444   4.561968     0.857030     0.600000    
7181     190.446698   4.560058     0.858260     0.600000    
7191     190.493883   4.557904     0.859110     0.600000    
7201     190.545401   4.554029     0.857910     0.600000    
7211     190.598267   4.550151     0.858140     0.600000    
7221     190.650646   4.548315     0.858400     0.600000    
7231     190.706525   4.545467     0.856310     0.600000    
7241     190.763450   4.544256     0.858160     0.600000    
7251     190.832549   4.542199     0.857580     0.600000    
7261     190.927027   4.538351     0.856970     0.600000    
7271     191.034006   4.533740     0.858650     0.600000    
7281     191.121522   4.530324     0.856010     0.600000    
7291     191.199865   4.528824     0.858290     0.600000    
7301     191.295998   4.526768     0.857350     0.600000    
7311     191.369010   4.523530     0.858750     0.600000    
7321     191.452061   4.522323     0.856220     0.600000    
7331     191.525037   4.518801     0.856760     0.600000    
7341     191.598331   4.516646     0.858020     0.600000    
7351     191.675914   4.514502     0.856410     0.600000    
7361     191.737102   4.512199     0.855750     0.600000    
7371     191.774066   4.509841     0.855560     0.600000    
7381     191.813706   4.507149     0.858690     0.600000    
7391     191.853241   4.503323     0.855930     0.600000    
7401     191.894099   4.499626     0.858700     0.600000    
7411     191.934738   4.496844     0.855080     0.600000    
7421     191.975360   4.493424     0.859570     0.600000    
7431     192.015270   4.490479     0.856200     0.600000    
7441     192.058248   4.487494     0.859750     0.600000    
7451     192.099800   4.484215     0.853760     0.600000    
7461     192.140164   4.481073     0.857230     0.600000    
7471     192.180595   4.479070     0.856300     0.600000    
7481     192.229406   4.476906     0.855530     0.600000    
7491     192.279387   4.474398     0.855330     0.600000    
7501     192.326237   4.470723     0.858620     0.600000    
7511     192.372508   4.468378     0.856170     0.600000    
7521     192.416143   4.465761     0.853520     0.600000    
7531     192.459032   4.462980     0.853630     0.600000    
7541     192.503290   4.461333     0.854800     0.600000    
7551     192.550960   4.459656     0.856660     0.600000    
7561     192.597036   4.457736     0.855210     0.600000    
7571     192.639319   4.455869     0.856880     0.600000    
7581     192.679273   4.453026     0.855800     0.600000    
7591     192.720177   4.450334     0.856570     0.600000    
7601     192.760182   4.448226     0.852600     0.600000    
7611     192.802424   4.443833     0.858640     0.600000    
7621     192.843064   4.441861     0.854630     0.600000    
7631     192.884336   4.439968     0.853440     0.600000    
7641     192.925153   4.437457     0.855510     0.600000    
7651     192.964304   4.435057     0.855210     0.600000    
7661     193.004771   4.432652     0.856210     0.600000    
7671     193.044512   4.429580     0.856640     0.600000    
7681     193.084858   4.426361     0.854730     0.600000    
7691     193.130045   4.424479     0.854240     0.600000    
7701     193.178323   4.421762     0.855680     0.600000    
7711     193.225329   4.420732     0.854180     0.600000    
7721     193.269776   4.417964     0.857450     0.600000    
7731     193.311124   4.416788     0.854740     0.600000    
7741     193.356048   4.414574     0.853800     0.600000    
7751     193.398397   4.411622     0.854840     0.600000    
7761     193.443924   4.408718     0.855630     0.600000    
7771     193.488316   4.406737     0.853680     0.600000    
7781     193.533001   4.403247     0.853130     0.600000    
7791     193.574496   4.399317     0.855060     0.600000    
7801     193.615317   4.396659     0.855230     0.600000    
7811     193.664685   4.394199     0.854590     0.600000    
7821     193.719720   4.391206     0.854570     0.600000    
7831     193.776346   4.389501     0.850750     0.600000    
7841     193.827742   4.386462     0.852250     0.600000    
7851     193.880921   4.385005     0.853500     0.600000    
7861     193.933374   4.382335     0.855480     0.600000    
7871     193.986280   4.380987     0.855510     0.600000    
7881     194.035555   4.379197     0.855280     0.600000    
7891     194.085730   4.377595     0.853680     0.600000    
7901     194.145869   4.374771     0.853810     0.600000    
7911     194.208557   4.372056     0.854820     0.600000    
7921     194.303863   4.369836     0.850180     0.600000    
7931     194.351968   4.366565     0.852700     0.600000    
7941     194.401995   4.363534     0.853350     0.600000    
7951     194.458336   4.361735     0.851940     0.600000    
7961     194.525274   4.357966     0.853950     0.600000    
7971     194.590548   4.355642     0.852120     0.600000    
7981     194.655320   4.351666     0.854580     0.600000    
7991     194.721630   4.348011     0.854080     0.600000    
8001     194.837999   4.345962     0.851900     0.600000    
8011     194.891345   4.342191     0.850740     0.600000    
8021     194.937160   4.339072     0.854350     0.600000    
8031     194.984442   4.337399     0.851170     0.600000    
8041     195.033240   4.334011     0.852430     0.600000    
8051     195.086254   4.330684     0.851660     0.600000    
8061     195.156319   4.327366     0.851050     0.600000    
8071     195.204606   4.325648     0.852970     0.600000    
8081     195.248654   4.322309     0.851650     0.600000    
8091     195.296348   4.319654     0.851430     0.600000    
8101     195.344043   4.317406     0.852060     0.600000    
8111     195.393058   4.314627     0.853910     0.600000    
8121     195.443768   4.311750     0.851900     0.600000    
8131     195.497559   4.308804     0.851860     0.600000    
8141     195.551318   4.305007     0.853510     0.600000    
8151     195.680795   4.301057     0.850680     0.600000    
8161     195.725867   4.297948     0.853150     0.600000    
8171     195.771801   4.295435     0.850830     0.600000    
8181     195.822132   4.292866     0.851660     0.600000    
8191     195.875255   4.291581     0.851500     0.600000    
8201     195.938704   4.289711     0.851270     0.600000    
8211     195.994531   4.287669     0.851110     0.600000    
8221     196.048357   4.285711     0.850010     0.600000    
8231     196.100452   4.282787     0.846720     0.600000    
8241     196.150367   4.279905     0.849210     0.600000    
8251     196.199769   4.277612     0.850850     0.600000    
8261     196.248741   4.274267     0.850530     0.600000    
8271     196.292553   4.271102     0.850420     0.600000    
8281     196.335833   4.269861     0.853280     0.600000    
8291     196.377950   4.267324     0.851760     0.600000    
8301     196.419611   4.265640     0.849080     0.600000    
8311     196.461383   4.263209     0.849390     0.600000    
8321     196.501950   4.261300     0.852620     0.600000    
8331     196.543740   4.259713     0.850700     0.600000    
8341     196.584241   4.256972     0.850310     0.600000    
8351     196.624753   4.255173     0.849900     0.600000    
8361     196.664685   4.253426     0.851810     0.600000    
8371     196.705464   4.249043     0.851940     0.600000    
8381     196.748267   4.247323     0.850510     0.600000    
8391     196.799193   4.244217     0.850340     0.600000    
8401     196.849980   4.241833     0.849670     0.600000    
8411     196.899886   4.240668     0.853410     0.600000    
8421     196.949741   4.237923     0.850710     0.600000    
8431     197.000415   4.235989     0.847620     0.600000    
8441     197.052760   4.233543     0.851270     0.600000    
8451     197.103842   4.231840     0.851920     0.600000    
8461     197.152743   4.229369     0.849240     0.600000    
8471     197.199751   4.226908     0.849470     0.600000    
8481     197.247783   4.225265     0.850010     0.600000    
8491     197.302412   4.222251     0.850870     0.600000    
8501     197.362371   4.220197     0.853850     0.600000    
8511     197.425761   4.218287     0.853100     0.600000    
8521     197.491334   4.214534     0.849760     0.600000    
8531     197.551548   4.212242     0.849000     0.600000    
8541     197.609359   4.210514     0.850100     0.600000    
8551     197.666299   4.207705     0.846990     0.600000    
8561     197.722859   4.205696     0.848040     0.600000    
8571     197.770474   4.203792     0.850840     0.600000    
8581     197.821624   4.201571     0.847240     0.600000    
8591     197.875108   4.199235     0.849920     0.600000    
8601     197.932469   4.195769     0.847660     0.600000    
8611     197.996770   4.194280     0.851200     0.600000    
8621     198.059936   4.192709     0.849710     0.600000    
8631     198.121427   4.190328     0.848800     0.600000    
8641     198.179627   4.187781     0.850460     0.600000    
8651     198.237427   4.185226     0.851760     0.600000    
8661     198.297829   4.183331     0.847490     0.600000    
8671     198.355156   4.179834     0.849240     0.600000    
8681     198.409641   4.177352     0.848920     0.600000    
8691     198.457021   4.174414     0.847850     0.600000    
8701     198.503008   4.173203     0.849480     0.600000    
8711     198.547296   4.169688     0.847040     0.600000    
8721     198.592459   4.167978     0.850060     0.600000    
8731     198.635213   4.166068     0.849190     0.600000    
8741     198.679614   4.164253     0.847650     0.600000    
8751     198.728307   4.160444     0.849660     0.600000    
8761     198.775403   4.157726     0.846580     0.600000    
8771     198.818168   4.155181     0.848730     0.600000    
8781     198.860448   4.152551     0.846810     0.600000    
8791     198.902061   4.150232     0.848750     0.600000    
8801     198.944462   4.147972     0.849060     0.600000    
8811     198.984392   4.145982     0.847510     0.600000    
8821     199.026468   4.143508     0.848450     0.600000    
8831     199.066778   4.141315     0.848950     0.600000    
8841     199.109851   4.139917     0.850770     0.600000    
8851     199.151526   4.136620     0.850570     0.600000    
8861     199.200757   4.134788     0.846310     0.600000    
8871     199.248051   4.130703     0.850940     0.600000    
8881     199.292131   4.128935     0.849450     0.600000    
8891     199.332538   4.124955     0.850850     0.600000    
8901     199.373010   4.122599     0.847770     0.600000    
8911     199.414690   4.120439     0.844650     0.600000    
8921     199.459145   4.118315     0.847150     0.600000    
8931     199.500164   4.115640     0.848200     0.600000    
8941     199.540561   4.112504     0.848950     0.600000    
8951     199.582255   4.111015     0.849920     0.600000    
8961     199.622006   4.108724     0.848680     0.600000    
8971     199.661134   4.106288     0.846340     0.600000    
8981     199.702311   4.105014     0.844870     0.600000    
8991     199.742111   4.100972     0.850090     0.600000    
9001     199.781842   4.098351     0.846940     0.600000    
9011     199.821041   4.096519     0.847880     0.600000    
9021     199.861281   4.093716     0.848170     0.600000    
9031     199.901825   4.090840     0.847570     0.600000    
9041     199.941612   4.089766     0.846860     0.600000    
9051     199.981347   4.088537     0.848640     0.600000    
9061     200.021848   4.086709     0.844290     0.600000    
9071     200.062775   4.084918     0.845670     0.600000    
9081     200.103571   4.083097     0.849680     0.600000    
9091     200.145299   4.080649     0.846110     0.600000    
9101     200.185734   4.079359     0.847310     0.600000    
9111     200.227645   4.076476     0.844960     0.600000    
9121     200.268143   4.074431     0.848230     0.600000    
9131     200.309188   4.072176     0.847410     0.600000    
9141     200.349437   4.070085     0.846300     0.600000    
9151     200.390392   4.068533     0.844870     0.600000    
9161     200.432631   4.065705     0.845450     0.600000    
9171     200.473179   4.062951     0.846370     0.600000    
9181     200.513691   4.060114     0.846850     0.600000    
9191     200.554298   4.058432     0.845860     0.600000    
9201     200.594761   4.054321     0.844070     0.600000    
9211     200.636606   4.050927     0.847940     0.600000    
9221     200.677827   4.048175     0.844860     0.600000    
9231     200.718813   4.046507     0.845980     0.600000    
9241     200.758607   4.043659     0.846170     0.600000    
9251     200.799082   4.041638     0.848430     0.600000    
9261     200.838835   4.038653     0.844310     0.600000    
9271     200.878139   4.036718     0.846630     0.600000    
9281     200.918565   4.034862     0.844730     0.600000    
9291     200.958931   4.033148     0.846450     0.600000    
9301     200.998703   4.031328     0.843150     0.600000    
9311     201.038468   4.029258     0.846690     0.600000    
9321     201.078849   4.027550     0.846140     0.600000    
9331     201.118061   4.026153     0.845050     0.600000    
9341     201.159698   4.023905     0.846750     0.600000    
9351     201.207381   4.022367     0.844450     0.600000    
9361     201.254316   4.020545     0.842680     0.600000    
9371     201.296800   4.018353     0.845780     0.600000    
9381     201.343571   4.015180     0.845110     0.600000    
9391     201.385432   4.011679     0.845750     0.600000    
9401     201.430588   4.009951     0.843090     0.600000    
9411     201.477248   4.007866     0.845520     0.600000    
9421     201.520507   4.003983     0.845950     0.600000    
9431     201.565466   4.002099     0.844200     0.600000    
9441     201.607342   4.000465     0.843080     0.600000    
9451     201.653887   3.998290     0.847110     0.600000    
9461     201.697156   3.996294     0.843470     0.600000    
9471     201.740507   3.994739     0.843680     0.600000    
9481     201.783347   3.992894     0.844340     0.600000    
9491     201.823186   3.991508     0.844210     0.600000    
9501     201.862964   3.990191     0.843980     0.600000    
9511     201.907687   3.986601     0.843410     0.600000    
9521     201.961332   3.984507     0.842630     0.600000    
9531     202.026241   3.983761     0.841990     0.600000    
9541     202.098817   3.982400     0.846010     0.600000    
9551     202.136681   3.979919     0.843760     0.600000    
9561     202.177542   3.978345     0.841280     0.600000    
9571     202.220523   3.976358     0.844040     0.600000    
9581     202.261085   3.973351     0.845580     0.600000    
9591     202.301178   3.972066     0.844640     0.600000    
9601     202.340601   3.970774     0.842240     0.600000    
9611     202.379229   3.968082     0.843940     0.600000    
9621     202.418440   3.966278     0.842580     0.600000    
9631     202.457608   3.964439     0.843400     0.600000    
9641     202.497403   3.962028     0.846270     0.600000    
9651     202.536579   3.959271     0.843600     0.600000    
9661     202.575826   3.957470     0.844730     0.600000    
9671     202.615628   3.955784     0.842230     0.600000    
9681     202.654782   3.954165     0.841870     0.600000    
9691     202.694023   3.951319     0.842520     0.600000    
9701     202.735991   3.949843     0.843350     0.600000    
9711     202.776728   3.947550     0.841700     0.600000    
9721     202.816617   3.946215     0.842440     0.600000    
9731     202.857110   3.944744     0.843240     0.600000    
9741     202.896444   3.942279     0.844380     0.600000    
9751     202.935808   3.940289     0.842730     0.600000    
9761     202.978573   3.937864     0.843330     0.600000    
9771     203.035411   3.936464     0.844550     0.600000    
9781     203.090479   3.934287     0.842790     0.600000    
9791     203.144094   3.931940     0.841460     0.600000    
9801     203.194587   3.929940     0.844110     0.600000    
9811     203.245400   3.928393     0.842120     0.600000    
9821     203.295633   3.926645     0.841770     0.600000    
9831     203.350515   3.925326     0.844480     0.600000    
9841     203.401389   3.924192     0.840260     0.600000    
9851     203.462682   3.921497     0.844700     0.600000    
9861     203.512406   3.918341     0.839930     0.600000    
9871     203.562300   3.914407     0.841310     0.600000    
9881     203.630555   3.912616     0.839980     0.600000    
9891     203.688930   3.911273     0.844120     0.600000    
9901     203.753859   3.910184     0.841130     0.600000    
9911     203.801129   3.908235     0.841450     0.600000    
9921     203.853445   3.907084     0.842650     0.600000    
9931     203.902429   3.905467     0.843680     0.600000    
9941     203.947736   3.904684     0.838800     0.600000    
9951     203.993635   3.903051     0.844250     0.600000    
9961     204.037776   3.900978     0.843270     0.600000    
9971     204.080641   3.897396     0.843910     0.600000    
9981     204.123893   3.895436     0.841680     0.600000    
9991     204.169858   3.893689     0.842540     0.600000    
10001    204.213441   3.891765     0.843190     0.600000    
10011    204.253857   3.889501     0.840980     0.600000    
10021    204.292565   3.887072     0.840600     0.600000    
10031    204.331866   3.885627     0.841180     0.600000    
10041    204.371103   3.883472     0.842000     0.600000    
10051    204.410772   3.881115     0.839280     0.600000    
10061    204.455682   3.879232     0.838720     0.600000    
10071    204.498252   3.876288     0.846580     0.600000    
10081    204.540162   3.874701     0.843770     0.600000    
10091    204.580455   3.873405     0.839870     0.600000    
10101    204.621695   3.871485     0.842030     0.600000    
10111    204.662642   3.869694     0.841440     0.600000    
10121    204.703458   3.867444     0.841570     0.600000    
10131    204.744469   3.865792     0.841610     0.600000    
10141    204.790846   3.864158     0.840890     0.600000    
10151    204.830295   3.861249     0.840630     0.600000    
10161    204.872402   3.859694     0.841480     0.600000    
10171    204.912174   3.858131     0.842590     0.600000    
10181    204.952681   3.857233     0.845260     0.600000    
10191    204.993222   3.854941     0.841790     0.600000    
10201    205.033811   3.853415     0.840830     0.600000    
10211    205.073202   3.850880     0.840840     0.600000    
10221    205.112369   3.849244     0.839950     0.600000    
10231    205.152152   3.848290     0.838990     0.600000    
10241    205.192014   3.847268     0.840820     0.600000    
10251    205.231154   3.843657     0.841580     0.600000    
10261    205.270384   3.842467     0.840040     0.600000    
10271    205.310738   3.839766     0.840120     0.600000    
10281    205.359642   3.836625     0.840720     0.600000    
10291    205.410538   3.833781     0.840100     0.600000    
10301    205.463063   3.831742     0.839910     0.600000    
10311    205.511240   3.829135     0.839980     0.600000    
10321    205.560132   3.828094     0.839680     0.600000    
10331    205.608676   3.825678     0.839210     0.600000    
10341    205.658885   3.823780     0.838290     0.600000    
10351    205.707581   3.821476     0.838460     0.600000    
10361    205.755478   3.819321     0.839590     0.600000    
10371    205.804300   3.817664     0.840970     0.600000    
10381    205.852523   3.816401     0.839740     0.600000    
10391    205.899477   3.814493     0.839000     0.600000    
10401    205.945166   3.812258     0.842230     0.600000    
10411    205.993151   3.810001     0.838180     0.600000    
10421    206.040265   3.807817     0.839280     0.600000    
10431    206.086453   3.805970     0.837660     0.600000    
10441    206.131070   3.804256     0.838230     0.600000    
10451    206.175999   3.802695     0.840660     0.600000    
10461    206.218697   3.800172     0.837670     0.600000    
10471    206.262607   3.799162     0.838950     0.600000    
10481    206.304487   3.797059     0.839390     0.600000    
10491    206.350450   3.794477     0.838560     0.600000    
10501    206.395739   3.792329     0.838690     0.600000    
10511    206.436838   3.789341     0.838920     0.600000    
10521    206.476767   3.787066     0.840550     0.600000    
10531    206.516812   3.786012     0.837950     0.600000    
10541    206.556107   3.783842     0.837640     0.600000    
10551    206.595325   3.782345     0.841070     0.600000    
10561    206.634541   3.780388     0.838230     0.600000    
10571    206.673733   3.779023     0.841100     0.600000    
10581    206.712952   3.777263     0.839750     0.600000    
10591    206.752738   3.776112     0.838460     0.600000    
10601    206.791974   3.773941     0.839430     0.600000    
10611    206.831181   3.772972     0.835050     0.600000    
10621    206.870373   3.770916     0.838460     0.600000    
10631    206.910879   3.768758     0.837480     0.600000    
10641    206.951993   3.766713     0.836750     0.600000    
10651    206.992008   3.764171     0.835230     0.600000    
10661    207.033652   3.761455     0.835700     0.600000    
10671    207.073923   3.759116     0.836550     0.600000    
10681    207.120385   3.756792     0.837610     0.600000    
10691    207.165360   3.755080     0.836840     0.600000    
10701    207.211816   3.753759     0.838880     0.600000    
10711    207.253252   3.752025     0.842040     0.600000    
10721    207.296401   3.748750     0.837390     0.600000    
10731    207.339862   3.746852     0.838320     0.600000    
10741    207.389879   3.745471     0.837900     0.600000    
10751    207.434934   3.742728     0.834880     0.600000    
10761    207.478759   3.740710     0.835600     0.600000    
10771    207.520035   3.738287     0.834330     0.600000    
10781    207.559185   3.736948     0.837520     0.600000    
10791    207.598581   3.734640     0.833990     0.600000    
10801    207.639370   3.733144     0.836110     0.600000    
10811    207.685784   3.730479     0.836120     0.600000    
10821    207.731340   3.728715     0.836330     0.600000    
10831    207.777367   3.726779     0.837070     0.600000    
10841    207.823093   3.723716     0.836120     0.600000    
10851    207.868211   3.722126     0.836030     0.600000    
10861    207.914137   3.720308     0.836360     0.600000    
10871    207.960594   3.719222     0.835690     0.600000    
10881    208.007114   3.716020     0.835550     0.600000    
10891    208.051505   3.713956     0.838000     0.600000    
10901    208.097657   3.711990     0.839010     0.600000    
10911    208.145236   3.708770     0.836120     0.600000    
10921    208.187432   3.705695     0.836740     0.600000    
10931    208.239837   3.703568     0.835990     0.600000    
10941    208.298365   3.701602     0.835540     0.600000    
10951    208.355992   3.699475     0.835400     0.600000    
10961    208.415293   3.697209     0.836090     0.600000    
10971    208.475493   3.693680     0.836600     0.600000    
10981    208.532772   3.692281     0.830640     0.600000    
10991    208.590729   3.689478     0.834840     0.600000    
11001    208.646624   3.687287     0.836220     0.600000    
11011    208.706002   3.685431     0.834740     0.600000    
11021    208.766885   3.683404     0.833810     0.600000    
11031    208.828827   3.682303     0.835100     0.600000    
11041    208.893474   3.681068     0.837700     0.600000    
11051    208.955092   3.678949     0.835390     0.600000    
11061    209.019252   3.676962     0.834240     0.600000    
11071    209.079944   3.675208     0.838100     0.600000    
11081    209.133328   3.674425     0.832950     0.600000    
11091    209.186705   3.672620     0.833490     0.600000    
11101    209.235547   3.672014     0.833400     0.600000    
11111    209.281578   3.669693     0.835160     0.600000    
11121    209.327891   3.668753     0.831330     0.600000    
11131    209.374396   3.667026     0.835680     0.600000    
11141    209.419798   3.666120     0.834110     0.600000    
11151    209.467218   3.663972     0.833600     0.600000    
11161    209.514503   3.663002     0.830930     0.600000    
11171    209.558462   3.660896     0.832080     0.600000    
11181    209.601213   3.659725     0.833620     0.600000    
11191    209.642574   3.657682     0.829350     0.600000    
11201    209.682457   3.655649     0.833440     0.600000    
11211    209.723014   3.653640     0.832700     0.600000    
11221    209.764539   3.652407     0.831200     0.600000    
11231    209.804934   3.650630     0.832190     0.600000    
11241    209.845364   3.649052     0.830560     0.600000    
11251    209.884628   3.646832     0.832640     0.600000    
11261    209.924475   3.645511     0.831520     0.600000    
11271    209.963677   3.643462     0.833150     0.600000    
11281    210.003849   3.642153     0.830040     0.600000    
11291    210.043016   3.640401     0.828830     0.600000    
11301    210.082803   3.637412     0.835050     0.600000    
11311    210.121956   3.636319     0.832170     0.600000    
11321    210.160535   3.634400     0.834180     0.600000    
11331    210.199558   3.633286     0.832560     0.600000    
11341    210.238749   3.632357     0.831190     0.600000    
11351    210.278453   3.629840     0.834240     0.600000    
11361    210.318690   3.627669     0.834350     0.600000    
11371    210.358359   3.625234     0.830530     0.600000    
11381    210.397987   3.624340     0.831700     0.600000    
11391    210.438851   3.621905     0.831600     0.600000    
11401    210.478501   3.621012     0.831890     0.600000    
11411    210.518170   3.618990     0.832690     0.600000    
11421    210.558431   3.617515     0.831880     0.600000    
11431    210.598509   3.615629     0.830460     0.600000    
11441    210.638243   3.612141     0.831380     0.600000    
11451    210.678566   3.610974     0.832660     0.600000    
11461    210.720309   3.609700     0.830620     0.600000    
11471    210.761382   3.609020     0.832880     0.600000    
11481    210.801780   3.607854     0.833390     0.600000    
11491    210.842597   3.606894     0.830160     0.600000    
11501    210.887257   3.604671     0.829720     0.600000    
11511    210.927576   3.603555     0.830230     0.600000    
11521    210.971571   3.601891     0.831250     0.600000    
11531    211.011912   3.601021     0.832360     0.600000    
11541    211.055631   3.597918     0.830380     0.600000    
11551    211.098204   3.596427     0.829690     0.600000    
11561    211.139690   3.595130     0.831230     0.600000    
11571    211.179420   3.593654     0.832400     0.600000    
11581    211.219436   3.592167     0.829290     0.600000    
11591    211.258130   3.591592     0.830460     0.600000    
11601    211.296908   3.589512     0.831130     0.600000    
11611    211.335208   3.588473     0.831250     0.600000    
11621    211.377381   3.586026     0.829070     0.600000    
11631    211.423690   3.584514     0.832530     0.600000    
11641    211.469411   3.582552     0.830190     0.600000    
11651    211.513823   3.581365     0.831900     0.600000    
11661    211.560921   3.579984     0.831540     0.600000    
11671    211.607101   3.579077     0.829670     0.600000    
11681    211.650756   3.577277     0.831430     0.600000    
11691    211.707397   3.576198     0.830540     0.600000    
11701    211.756884   3.574258     0.828030     0.600000    
11711    211.807346   3.572086     0.829370     0.600000    
11721    211.854359   3.570181     0.832330     0.600000    
11731    211.902255   3.568613     0.829610     0.600000    
11741    211.950266   3.566912     0.828590     0.600000    
11751    211.998180   3.564948     0.829310     0.600000    
11761    212.044569   3.563659     0.830170     0.600000    
11771    212.091762   3.561519     0.831120     0.600000    
11781    212.137115   3.559360     0.826220     0.600000    
11791    212.184198   3.557832     0.828790     0.600000    
11801    212.230506   3.555230     0.828280     0.600000    
11811    212.275343   3.553654     0.830020     0.600000    
11821    212.323854   3.552285     0.831010     0.600000    
11831    212.366980   3.549635     0.829040     0.600000    
11841    212.410245   3.548013     0.832030     0.600000    
11851    212.450774   3.546940     0.827970     0.600000    
11861    212.492567   3.545321     0.831310     0.600000    
11871    212.538925   3.544519     0.829760     0.600000    
11881    212.582289   3.542732     0.829540     0.600000    
11891    212.628140   3.540732     0.828820     0.600000    
11901    212.673582   3.539906     0.828100     0.600000    
11911    212.715016   3.538705     0.827800     0.600000    
11921    212.759415   3.536106     0.829080     0.600000    
11931    212.800656   3.534629     0.827290     0.600000    
11941    212.840844   3.533498     0.831130     0.600000    
11951    212.879311   3.531341     0.829100     0.600000    
11961    212.918315   3.530229     0.829270     0.600000    
11971    212.957965   3.528620     0.829990     0.600000    
11981    212.997620   3.527063     0.830920     0.600000    
11991    213.038430   3.525116     0.828280     0.600000    
12001    213.078084   3.522753     0.830110     0.600000    
12011    213.118284   3.520462     0.826940     0.600000    
12021    213.161501   3.519497     0.826870     0.600000    
12031    213.206288   3.517741     0.828540     0.600000    
12041    213.252049   3.516201     0.830150     0.600000    
12051    213.296755   3.515644     0.827830     0.600000    
12061    213.343231   3.514215     0.826460     0.600000    
12071    213.387255   3.512625     0.827180     0.600000    
12081    213.430103   3.510686     0.829400     0.600000    
12091    213.475160   3.509445     0.826900     0.600000    
12101    213.520752   3.507834     0.828970     0.600000    
12111    213.566973   3.506675     0.827270     0.600000    
12121    213.611210   3.505497     0.827900     0.600000    
12131    213.653009   3.504196     0.828690     0.600000    
12141    213.694195   3.502958     0.827260     0.600000    
12151    213.734503   3.500337     0.828390     0.600000    
12161    213.776261   3.498823     0.825970     0.600000    
12171    213.823083   3.497401     0.828850     0.600000    
12181    213.867118   3.496566     0.827060     0.600000    
12191    213.912286   3.495084     0.825940     0.600000    
12201    213.956801   3.493889     0.825130     0.600000    
12211    214.000667   3.492406     0.826220     0.600000    
12221    214.043931   3.491473     0.826920     0.600000    
12231    214.089339   3.489856     0.827030     0.600000    
12241    214.134914   3.487071     0.824600     0.600000    
12251    214.185099   3.485619     0.824910     0.600000    
12261    214.227358   3.483903     0.826150     0.600000    
12271    214.269081   3.481526     0.825700     0.600000    
12281    214.309041   3.479113     0.825260     0.600000    
12291    214.348416   3.477829     0.825670     0.600000    
12301    214.388336   3.476412     0.826620     0.600000    
12311    214.427191   3.474990     0.826520     0.600000    
12321    214.469769   3.473190     0.826940     0.600000    
12331    214.517896   3.471984     0.828790     0.600000    
12341    214.564876   3.469982     0.827950     0.600000    
12351    214.611411   3.468171     0.826920     0.600000    
12361    214.657682   3.467307     0.825030     0.600000    
12371    214.706628   3.465584     0.827400     0.600000    
12381    214.749680   3.464052     0.824960     0.600000    
12391    214.793615   3.461774     0.824330     0.600000    
12401    214.837872   3.459784     0.823930     0.600000    
12411    214.882325   3.458325     0.825000     0.600000    
12421    214.925767   3.456785     0.826460     0.600000    
12431    214.970716   3.455966     0.823220     0.600000    
12441    215.016160   3.455135     0.823450     0.600000    
12451    215.061131   3.453296     0.825520     0.600000    
12461    215.105891   3.452279     0.827000     0.600000    
12471    215.150111   3.450848     0.823640     0.600000    
12481    215.196480   3.449524     0.825210     0.600000    
12491    215.241786   3.447929     0.828020     0.600000    
12501    215.285589   3.446231     0.824430     0.600000    
12511    215.334588   3.444536     0.826610     0.600000    
12521    215.376897   3.443292     0.826000     0.600000    
12531    215.419501   3.440867     0.825360     0.600000    
12541    215.461814   3.439735     0.823660     0.600000    
12551    215.502751   3.438366     0.824260     0.600000    
12561    215.550010   3.436963     0.822360     0.600000    
12571    215.592330   3.435702     0.825540     0.600000    
12581    215.633017   3.434334     0.825950     0.600000    
12591    215.677929   3.433253     0.825080     0.600000    
12601    215.717915   3.431900     0.825190     0.600000    
12611    215.757173   3.430763     0.823540     0.600000    
12621    215.797064   3.429339     0.820980     0.600000    
12631    215.836312   3.428201     0.823470     0.600000    
12641    215.875624   3.426390     0.821220     0.600000    
12651    215.916517   3.425041     0.825890     0.600000    
12661    215.957202   3.423027     0.822570     0.600000    
12671    215.998047   3.420044     0.823530     0.600000    
12681    216.039313   3.418464     0.821130     0.600000    
12691    216.080527   3.416891     0.823360     0.600000    
12701    216.121177   3.416029     0.822620     0.600000    
12711    216.170904   3.414965     0.824280     0.600000    
12721    216.232971   3.413598     0.822170     0.600000    
12731    216.392921   3.412231     0.821120     0.600000    
12741    216.438328   3.410726     0.819150     0.600000    
12751    216.484284   3.407876     0.822930     0.600000    
12761    216.545803   3.406502     0.820400     0.600000    
12771    216.611327   3.405071     0.820090     0.600000    
12781    216.666456   3.403426     0.821150     0.600000    
12791    216.718567   3.401961     0.822110     0.600000    
12801    216.774821   3.401199     0.824640     0.600000    
12811    216.823987   3.400010     0.822870     0.600000    
12821    216.870966   3.398098     0.823690     0.600000    
12831    216.915664   3.397349     0.821600     0.600000    
12841    216.959966   3.395702     0.824380     0.600000    
12851    217.004380   3.394341     0.821610     0.600000    
12861    217.046901   3.392449     0.819540     0.600000    
12871    217.090836   3.390756     0.824730     0.600000    
12881    217.133779   3.389357     0.822990     0.600000    
12891    217.176959   3.387997     0.822270     0.600000    
12901    217.220399   3.385754     0.817430     0.600000    
12911    217.263853   3.384789     0.824360     0.600000    
12921    217.309290   3.382710     0.821350     0.600000    
12931    217.368186   3.381843     0.824670     0.600000    
12941    217.423487   3.380500     0.820460     0.600000    
12951    217.479127   3.379275     0.820730     0.600000    
12961    217.534045   3.378082     0.819070     0.600000    
12971    217.588662   3.376834     0.822670     0.600000    
12981    217.647674   3.375320     0.824070     0.600000    
12991    217.693314   3.374373     0.819930     0.600000    
13001    217.737026   3.373735     0.818420     0.600000    
13011    217.781610   3.371109     0.821620     0.600000    
13021    217.824516   3.369601     0.823110     0.600000    
13031    217.868389   3.368167     0.821160     0.600000    
13041    217.912437   3.367428     0.820770     0.600000    
13051    217.962788   3.366107     0.818720     0.600000    
13061    218.090617   3.364346     0.820930     0.600000    
13071    218.152553   3.362850     0.819410     0.600000    
13081    218.214195   3.360688     0.820650     0.600000    
13091    218.287775   3.359212     0.818350     0.600000    
13101    218.355422   3.357486     0.820340     0.600000    
13111    218.422296   3.356336     0.819780     0.600000    
13121    218.489774   3.354794     0.818880     0.600000    
13131    218.561485   3.353550     0.820950     0.600000    
13141    218.637961   3.351931     0.817080     0.600000    
13151    218.699080   3.350809     0.817890     0.600000    
13161    218.759072   3.348999     0.819220     0.600000    
13171    218.824367   3.347538     0.818620     0.600000    
13181    218.885778   3.346415     0.818140     0.600000    
13191    218.937302   3.345754     0.817560     0.600000    
13201    218.991175   3.344501     0.816780     0.600000    
13211    219.053306   3.342873     0.817420     0.600000    
13221    219.108874   3.341640     0.817310     0.600000    
13231    219.156103   3.340646     0.818270     0.600000    
13241    219.202517   3.339130     0.819360     0.600000    
13251    219.247547   3.337709     0.817290     0.600000    
13261    219.293512   3.336258     0.816820     0.600000    
13271    219.339399   3.334564     0.819320     0.600000    
13281    219.382346   3.333705     0.819050     0.600000    
13291    219.426857   3.332389     0.818380     0.600000    
13301    219.484957   3.331628     0.816480     0.600000    
13311    219.601062   3.330016     0.813830     0.600000    
13321    219.646690   3.329011     0.817820     0.600000    
13331    219.703656   3.327850     0.817150     0.600000    
13341    219.755604   3.326329     0.817450     0.600000    
13351    219.806529   3.324757     0.812800     0.600000    
13361    219.852508   3.323614     0.817070     0.600000    
13371    219.899950   3.323012     0.817240     0.600000    
13381    219.945172   3.321223     0.821920     0.600000    
13391    219.993794   3.319261     0.815720     0.600000    
13401    220.040498   3.318175     0.819280     0.600000    
13411    220.085669   3.316570     0.815760     0.600000    
13421    220.131739   3.315789     0.816500     0.600000    
13431    220.180846   3.314794     0.818070     0.600000    
13441    220.238071   3.312956     0.815820     0.600000    
13451    220.296410   3.311556     0.816270     0.600000    
13461    220.352607   3.309882     0.816950     0.600000    
13471    220.406077   3.308673     0.815720     0.600000    
13481    220.456335   3.307178     0.815000     0.600000    
13491    220.504405   3.306281     0.814090     0.600000    
13501    220.555302   3.305496     0.812950     0.600000    
13511    220.602003   3.304672     0.814980     0.600000    
13521    220.657952   3.303302     0.812900     0.600000    
13531    220.711503   3.302699     0.816130     0.600000    
13541    220.762409   3.300695     0.815970     0.600000    
13551    220.811665   3.299471     0.814870     0.600000    
13561    220.864965   3.297858     0.813670     0.600000    
13571    220.914734   3.297090     0.813910     0.600000    
13581    220.961161   3.296502     0.815100     0.600000    
13591    221.005744   3.295269     0.817860     0.600000    
13601    221.050258   3.293638     0.816550     0.600000    
13611    221.094820   3.293005     0.816370     0.600000    
13621    221.139380   3.292041     0.816330     0.600000    
13631    221.183833   3.290671     0.815350     0.600000    
13641    221.228393   3.289623     0.816170     0.600000    
13651    221.276966   3.288049     0.814170     0.600000    
13661    221.328516   3.286392     0.813690     0.600000    
13671    221.379744   3.285066     0.813860     0.600000    
13681    221.432552   3.284132     0.814280     0.600000    
13691    221.489591   3.283256     0.812660     0.600000    
13701    221.543425   3.281927     0.812870     0.600000    
13711    221.596074   3.280985     0.811750     0.600000    
13721    221.654795   3.280109     0.812880     0.600000    
13731    221.707667   3.278613     0.814070     0.600000    
13741    221.759930   3.277238     0.813050     0.600000    
13751    221.812054   3.276126     0.814870     0.600000    
13761    221.862792   3.274676     0.814060     0.600000    
13771    221.913669   3.273231     0.814430     0.600000    
13781    221.963343   3.272085     0.815810     0.600000    
13791    222.018404   3.270753     0.813510     0.600000    
13801    222.064091   3.269982     0.813220     0.600000    
13811    222.108710   3.268842     0.810190     0.600000    
13821    222.153303   3.267250     0.816350     0.600000    
13831    222.197875   3.265633     0.812870     0.600000    
13841    222.242412   3.264982     0.815570     0.600000    
13851    222.286936   3.263845     0.811830     0.600000    
13861    222.331573   3.263118     0.817060     0.600000    
13871    222.377346   3.262543     0.813130     0.600000    
13881    222.423216   3.261082     0.811520     0.600000    
13891    222.469051   3.260134     0.815080     0.600000    
13901    222.514875   3.258950     0.812170     0.600000    
13911    222.560689   3.258482     0.814510     0.600000    
13921    222.606558   3.257877     0.814170     0.600000    
13931    222.652397   3.256852     0.810020     0.600000    
13941    222.698956   3.255841     0.814620     0.600000    
13951    222.745597   3.254727     0.813350     0.600000    
13961    222.800147   3.253744     0.810760     0.600000    
13971    222.851603   3.252867     0.815340     0.600000    
13981    222.900119   3.251250     0.810810     0.600000    
13991    222.949168   3.250094     0.814830     0.600000    
14001    222.998093   3.248581     0.812650     0.600000    
14011    223.045330   3.247180     0.811190     0.600000    
14021    223.091147   3.246647     0.808460     0.600000    
14031    223.136704   3.245210     0.811320     0.600000    
14041    223.181270   3.244660     0.813680     0.600000    
14051    223.225975   3.244369     0.812520     0.600000    
14061    223.270524   3.243676     0.812720     0.600000    
14071    223.314896   3.242401     0.813140     0.600000    
14081    223.359262   3.241181     0.812620     0.600000    
14091    223.410764   3.239923     0.813410     0.600000    
14101    223.464811   3.238754     0.810170     0.600000    
14111    223.518383   3.238099     0.813370     0.600000    
14121    223.572338   3.236932     0.810870     0.600000    
14131    223.620711   3.235950     0.811120     0.600000    
14141    223.667297   3.234929     0.811490     0.600000    
14151    223.713734   3.234262     0.813400     0.600000    
14161    223.761252   3.232986     0.809720     0.600000    
14171    223.809055   3.232475     0.809000     0.600000    
14181    223.857261   3.231840     0.809820     0.600000    
14191    223.905154   3.230798     0.809780     0.600000    
14201    223.951049   3.229773     0.812420     0.600000    
14211    223.996864   3.229166     0.809830     0.600000    
14221    224.045197   3.228127     0.810450     0.600000    
14231    224.094383   3.227693     0.812620     0.600000    
14241    224.147922   3.226753     0.808200     0.600000    
14251    224.194681   3.225709     0.810210     0.600000    
14261    224.240247   3.224540     0.810730     0.600000    
14271    224.286996   3.223688     0.810370     0.600000    
14281    224.334618   3.222367     0.812150     0.600000    
14291    224.379303   3.221837     0.810560     0.600000    
14301    224.424291   3.220659     0.808940     0.600000    
14311    224.468951   3.219061     0.809950     0.600000    
14321    224.517725   3.218063     0.808970     0.600000    
14331    224.566919   3.217124     0.807860     0.600000    
14341    224.617969   3.216215     0.809660     0.600000    
14351    224.676540   3.215550     0.811380     0.600000    
14361    224.788408   3.214853     0.811800     0.600000    
14371    224.837736   3.213834     0.808450     0.600000    
14381    224.894372   3.213124     0.810630     0.600000    
14391    224.952089   3.211679     0.810440     0.600000    
14401    225.000948   3.210654     0.808370     0.600000    
14411    225.048944   3.209542     0.810580     0.600000    
14421    225.097578   3.208914     0.812940     0.600000    
14431    225.145792   3.208303     0.809710     0.600000    
14441    225.199951   3.207664     0.809650     0.600000    
14451    225.256301   3.207035     0.810570     0.600000    
14461    225.314562   3.206263     0.808980     0.600000    
14471    225.362206   3.205567     0.811130     0.600000    
14481    225.408731   3.204778     0.807680     0.600000    
14491    225.455389   3.203670     0.806220     0.600000    
14501    225.504532   3.203056     0.807140     0.600000    
14511    225.556566   3.202047     0.808820     0.600000    
14521    225.608828   3.201495     0.810900     0.600000    
14531    225.660610   3.200900     0.809730     0.600000    
14541    225.712279   3.199822     0.810410     0.600000    
14551    225.760953   3.198906     0.807520     0.600000    
14561    225.808500   3.198308     0.813080     0.600000    
14571    225.855581   3.197402     0.809310     0.600000    
14581    225.902024   3.196564     0.809220     0.600000    
14591    225.948539   3.195374     0.810320     0.600000    
14601    225.994998   3.194706     0.807840     0.600000    
14611    226.041432   3.194069     0.811190     0.600000    
14621    226.087820   3.193551     0.809130     0.600000    
14631    226.134197   3.192824     0.808010     0.600000    
14641    226.186646   3.191467     0.808060     0.600000    
14651    226.236634   3.190556     0.807080     0.600000    
14661    226.290061   3.190015     0.806610     0.600000    
14671    226.340678   3.189217     0.809950     0.600000    
14681    226.393275   3.188297     0.809510     0.600000    
14691    226.445145   3.187334     0.808460     0.600000    
14701    226.501197   3.186579     0.809150     0.600000    
14711    226.552904   3.185869     0.805010     0.600000    
14721    226.604455   3.184621     0.809210     0.600000    
14731    226.658402   3.183702     0.807810     0.600000    
14741    226.710547   3.182672     0.808780     0.600000    
14751    226.759941   3.181850     0.807790     0.600000    
14761    226.809528   3.180553     0.804540     0.600000    
14771    226.860837   3.179665     0.807310     0.600000    
14781    226.912237   3.179038     0.804990     0.600000    
14791    226.965747   3.178381     0.806200     0.600000    
14801    227.017788   3.177855     0.806090     0.600000    
14811    227.065801   3.176702     0.809080     0.600000    
14821    227.113317   3.175632     0.805470     0.600000    
14831    227.161146   3.174109     0.807400     0.600000    
14841    227.208704   3.172742     0.805390     0.600000    
14851    227.256742   3.171742     0.809190     0.600000    
14861    227.302664   3.171179     0.805940     0.600000    
14871    227.347211   3.170135     0.804330     0.600000    
14881    227.393242   3.169486     0.805060     0.600000    
14891    227.437922   3.168076     0.806330     0.600000    
14901    227.483926   3.167277     0.810540     0.600000    
14911    227.529437   3.166490     0.805520     0.600000    
14921    227.574324   3.165273     0.807450     0.600000    
14931    227.620292   3.164250     0.808220     0.600000    
14941    227.666053   3.163040     0.806940     0.600000    
14951    227.712261   3.161968     0.808650     0.600000    
14961    227.761201   3.161043     0.807830     0.600000    
14971    227.807644   3.160151     0.806480     0.600000    
14981    227.854792   3.159107     0.808920     0.600000    
14991    227.902071   3.157175     0.807230     0.600000    
15000    227.943871   3.156469     0.805670     0.600000    
15000    620.329180   3.156469     0.000000     0.600000    
15000    666.672893   3.155662     0.000000     0.600000    
15000    666.673485   3.154908     0.000000     0.600000    
15000    666.674077   3.153636     0.000000     0.600000    
15000    666.674643   3.153110     0.000000     0.600000    
15000    666.675197   3.152643     0.000000     0.600000    
15000    666.675746   3.151268     0.000000     0.600000    
15000    666.677266   3.150370     0.000000     0.600000    
15000    666.677833   3.148953     0.000000     0.600000    
15000    666.678382   3.148015     0.000000     0.600000    
15000    666.678929   3.147066     0.000000     0.600000    
15000    666.679476   3.146197     0.000000     0.600000    
15000    666.680021   3.144952     0.000000     0.600000    
15000    666.680567   3.144057     0.000000     0.600000    
15000    666.681111   3.143258     0.000000     0.600000    
15000    666.682356   3.142208     0.000000     0.600000    
15000    666.685571   3.141110     0.000000     0.600000    
15000    666.686138   3.139965     0.000000     0.600000    
15000    666.686691   3.139064     0.000000     0.600000    
15000    666.687243   3.138211     0.000000     0.600000    
15000    666.687793   3.137659     0.000000     0.600000    
15000    666.688341   3.136910     0.000000     0.600000    
15000    666.688959   3.135746     0.000000     0.600000    
15000    666.690112   3.134639     0.000000     0.600000    
15000    666.693471   3.133336     0.000000     0.600000    
15000    666.694147   3.132109     0.000000     0.600000    
15000    666.694751   3.131278     0.000000     0.600000    
15000    666.695373   3.130418     0.000000     0.600000    
15000    666.696592   3.129616     0.000000     0.600000    
15000    666.698051   3.127879     0.000000     0.600000    
15000    666.698653   3.126475     0.000000     0.600000    
15000    666.700106   3.125420     0.000000     0.600000    
15000    666.700704   3.124539     0.000000     0.600000    
15000    666.701301   3.123251     0.000000     0.600000    
15000    666.701887   3.122324     0.000000     0.600000    
15000    666.702480   3.121342     0.000000     0.600000    
15000    666.703069   3.120441     0.000000     0.600000    
15000    666.703659   3.119703     0.000000     0.600000    
15000    666.704308   3.118722     0.000000     0.600000    
15000    666.704891   3.117785     0.000000     0.600000    
15000    666.705475   3.117158     0.000000     0.600000    
15000    666.706051   3.116223     0.000000     0.600000    
15000    666.706625   3.115852     0.000000     0.600000    
15000    666.710646   3.115333     0.000000     0.600000    
15000    666.711688   3.114515     0.000000     0.600000    
15000    666.712288   3.114233     0.000000     0.600000    
15000    666.718911   3.113104     0.000000     0.600000    
15000    666.720101   3.112424     0.000000     0.600000    
15000    666.721135   3.111173     0.000000     0.600000    
15000    666.721770   3.109914     0.000000     0.600000    
15000    666.723077   3.108854     0.000000     0.600000    
15000    666.723703   3.108145     0.000000     0.600000    
15000    666.724326   3.106871     0.000000     0.600000    
15000    666.724950   3.106026     0.000000     0.600000    
15000    666.726413   3.105122     0.000000     0.600000    
15000    666.728425   3.104134     0.000000     0.600000    
15000    666.731418   3.103370     0.000000     0.600000    
15000    666.736566   3.102580     0.000000     0.600000    
15000    666.737203   3.101248     0.000000     0.600000    
15000    666.737830   3.100852     0.000000     0.600000    
15000    666.740046   3.099994     0.000000     0.600000    
15000    666.740692   3.099187     0.000000     0.600000    
15000    666.752146   3.097801     0.000000     0.600000    
15000    666.752781   3.096958     0.000000     0.600000    
15000    666.753400   3.095928     0.000000     0.600000    
15000    666.754296   3.094968     0.000000     0.600000    
15000    666.754973   3.093307     0.000000     0.600000    
15000    666.755931   3.092144     0.000000     0.600000    
15000    666.757278   3.091365     0.000000     0.600000    
15000    666.757905   3.089990     0.000000     0.600000    
15000    666.758524   3.089519     0.000000     0.600000    
15000    666.759155   3.088163     0.000000     0.600000    
15000    666.759784   3.087371     0.000000     0.600000    
15000    666.760398   3.085927     0.000000     0.600000    
15000    666.761004   3.085456     0.000000     0.600000    
15000    666.761612   3.084893     0.000000     0.600000    
15000    666.762237   3.084075     0.000000     0.600000    
15000    666.762849   3.083133     0.000000     0.600000    
15000    666.763458   3.082110     0.000000     0.600000    
15000    666.764076   3.081188     0.000000     0.600000    
15000    666.764712   3.080738     0.000000     0.600000    
15000    666.766020   3.079716     0.000000     0.600000    
15000    666.766709   3.078092     0.000000     0.600000    
15000    666.767402   3.076931     0.000000     0.600000    
15000    666.768076   3.076010     0.000000     0.600000    
15000    666.768754   3.075531     0.000000     0.600000    
15000    666.769437   3.074685     0.000000     0.600000    
15000    666.770115   3.073852     0.000000     0.600000    
15000    666.770778   3.072971     0.000000     0.600000    
15000    666.771461   3.071407     0.000000     0.600000    
15000    666.772123   3.070357     0.000000     0.600000    
15000    666.774854   3.069183     0.000000     0.600000    
15000    666.775544   3.067402     0.000000     0.600000    
15000    666.776235   3.066449     0.000000     0.600000    
15000    666.777876   3.065118     0.000000     0.600000    
15000    666.778555   3.064394     0.000000     0.600000    
15000    666.784726   3.063321     0.000000     0.600000    
15000    666.785416   3.062189     0.000000     0.600000    
15000    666.786101   3.061017     0.000000     0.600000    
15000    666.786833   3.059466     0.000000     0.600000    
15000    666.787535   3.058551     0.000000     0.600000    
15000    666.788340   3.057534     0.000000     0.600000    
15000    666.789715   3.056990     0.000000     0.600000    
15000    666.790452   3.055608     0.000000     0.600000    
15000    666.791194   3.054746     0.000000     0.600000    
15000    666.791941   3.054239     0.000000     0.600000    
15000    666.792682   3.053503     0.000000     0.600000    
15000    666.793424   3.052800     0.000000     0.600000    
15000    666.794177   3.052214     0.000000     0.600000    
15000    666.794914   3.051194     0.000000     0.600000    
15000    666.795662   3.050507     0.000000     0.600000    
15000    666.796382   3.050202     0.000000     0.600000    
15000    666.797120   3.049275     0.000000     0.600000    
15000    666.797834   3.048598     0.000000     0.600000    
15000    666.798569   3.047685     0.000000     0.600000    
15000    666.799312   3.046815     0.000000     0.600000    
15000    666.800048   3.045482     0.000000     0.600000    
15000    666.800783   3.044709     0.000000     0.600000    
15000    666.801526   3.043977     0.000000     0.600000    
15000    666.802264   3.043265     0.000000     0.600000    
15000    666.802997   3.041982     0.000000     0.600000    
15000    666.803728   3.041254     0.000000     0.600000    
15000    666.804483   3.040098     0.000000     0.600000    
15000    666.805217   3.038636     0.000000     0.600000    
15000    666.805942   3.038009     0.000000     0.600000    
15000    666.806699   3.036822     0.000000     0.600000    
15000    666.807439   3.035998     0.000000     0.600000    
15000    666.808181   3.035002     0.000000     0.600000    
15000    666.808919   3.033742     0.000000     0.600000    
15000    666.809655   3.032914     0.000000     0.600000    
15000    666.810400   3.031428     0.000000     0.600000    
15000    666.811135   3.030967     0.000000     0.600000    
15000    666.811872   3.030589     0.000000     0.600000    
15000    666.813013   3.029000     0.000000     0.600000    
15000    666.814627   3.027277     0.000000     0.600000    
15000    666.815371   3.025938     0.000000     0.600000    
15000    666.816116   3.025537     0.000000     0.600000    
15000    666.816882   3.024716     0.000000     0.600000    
15000    666.817635   3.023515     0.000000     0.600000    
15000    666.818383   3.022469     0.000000     0.600000    
15000    666.819129   3.021370     0.000000     0.600000    
15000    666.819870   3.020486     0.000000     0.600000    
15000    666.820609   3.019185     0.000000     0.600000    
15000    666.821346   3.018504     0.000000     0.600000    
15000    666.822069   3.017459     0.000000     0.600000    
15000    666.822789   3.016874     0.000000     0.600000    
15000    666.823787   3.015662     0.000000     0.600000    
15000    666.824666   3.014649     0.000000     0.600000    
15000    666.825512   3.013597     0.000000     0.600000    
15000    666.826893   3.011889     0.000000     0.600000    
15000    666.827753   3.011108     0.000000     0.600000    
15000    666.828589   3.010373     0.000000     0.600000    
15000    666.829406   3.009539     0.000000     0.600000    
15000    666.830291   3.008112     0.000000     0.600000    
15000    666.831429   3.006677     0.000000     0.600000    
15000    666.832487   3.005590     0.000000     0.600000    
15000    666.833336   3.005125     0.000000     0.600000    
15000    666.834183   3.004490     0.000000     0.600000    
15000    666.835034   3.003731     0.000000     0.600000    
15000    666.835854   3.002996     0.000000     0.600000    
15000    666.836678   3.001597     0.000000     0.600000    
15000    666.840009   3.000621     0.000000     0.600000    
15000    666.840844   2.999763     0.000000     0.600000    
15000    666.841665   2.998743     0.000000     0.600000    
15000    666.842490   2.997764     0.000000     0.600000    
15000    666.843328   2.996594     0.000000     0.600000    
15000    666.844163   2.995216     0.000000     0.600000    
15000    666.845060   2.994276     0.000000     0.600000    
15000    666.845988   2.993296     0.000000     0.600000    
15000    666.846820   2.991960     0.000000     0.600000    
15000    666.866128   2.991546     0.000000     0.600000    
15000    666.866981   2.991006     0.000000     0.600000    
15000    666.867818   2.989678     0.000000     0.600000    
15000    666.868664   2.989016     0.000000     0.600000    
15000    666.869602   2.988112     0.000000     0.600000    
15000    666.883205   2.987452     0.000000     0.600000    
15000    666.884018   2.986756     0.000000     0.600000    
15000    666.884832   2.985373     0.000000     0.600000    
15000    666.892097   2.983640     0.000000     0.600000    
15000    666.892921   2.982856     0.000000     0.600000    
15000    666.893747   2.981686     0.000000     0.600000    
15000    666.896861   2.980508     0.000000     0.600000    
15000    666.907627   2.979483     0.000000     0.600000    
15000    666.908561   2.978310     0.000000     0.600000    
15000    666.909483   2.977598     0.000000     0.600000    
15000    666.910412   2.976168     0.000000     0.600000    
15000    666.920668   2.974703     0.000000     0.600000    
15000    666.928057   2.973850     0.000000     0.600000    
15000    666.928969   2.972187     0.000000     0.600000    
15000    666.934207   2.970506     0.000000     0.600000    
15000    666.936954   2.969452     0.000000     0.600000    
15000    666.937914   2.968109     0.000000     0.600000    
15000    666.938898   2.967268     0.000000     0.600000    
15000    666.939962   2.966166     0.000000     0.600000    
15000    666.940895   2.964737     0.000000     0.600000    
15000    666.941840   2.963594     0.000000     0.600000    
15000    666.942761   2.962536     0.000000     0.600000    
15000    666.944392   2.961832     0.000000     0.600000    
15000    666.945333   2.961185     0.000000     0.600000    
15000    666.946251   2.960585     0.000000     0.600000    
15000    666.947185   2.958874     0.000000     0.600000    
15000    666.948123   2.957852     0.000000     0.600000    
15000    666.949046   2.957208     0.000000     0.600000    
15000    666.949961   2.956415     0.000000     0.600000    
15000    666.950893   2.955427     0.000000     0.600000    
15000    666.952359   2.954448     0.000000     0.600000    
15000    666.953321   2.953864     0.000000     0.600000    
15000    666.954289   2.952993     0.000000     0.600000    
15000    666.955246   2.951936     0.000000     0.600000    
15000    666.956191   2.950112     0.000000     0.600000    
15000    666.957129   2.948983     0.000000     0.600000    
15000    666.958084   2.946939     0.000000     0.600000    
15000    666.959023   2.945968     0.000000     0.600000    
15000    666.959951   2.944404     0.000000     0.600000    
15000    666.960884   2.942081     0.000000     0.600000    
15000    666.961831   2.941200     0.000000     0.600000    
15000    666.962768   2.940262     0.000000     0.600000    
15000    666.963701   2.939523     0.000000     0.600000    
15000    666.964650   2.938822     0.000000     0.600000    
15000    666.965596   2.937444     0.000000     0.600000    
15000    666.966535   2.936645     0.000000     0.600000    
15000    666.967466   2.935841     0.000000     0.600000    
15000    666.968387   2.935175     0.000000     0.600000    
15000    666.969322   2.934264     0.000000     0.600000    
15000    666.970255   2.932630     0.000000     0.600000    
15000    666.971192   2.931828     0.000000     0.600000    
15000    666.972134   2.930039     0.000000     0.600000    
15000    666.973073   2.928694     0.000000     0.600000    
15000    666.974016   2.927036     0.000000     0.600000    
15000    666.974958   2.925586     0.000000     0.600000    
15000    666.975900   2.924423     0.000000     0.600000    
15000    666.976814   2.923187     0.000000     0.600000    
15000    666.977742   2.922068     0.000000     0.600000    
15000    666.978690   2.920855     0.000000     0.600000    
15000    666.979627   2.919899     0.000000     0.600000    
15000    666.980567   2.918819     0.000000     0.600000    
15000    666.981508   2.917783     0.000000     0.600000    
15000    666.982456   2.917055     0.000000     0.600000    
15000    666.983396   2.915489     0.000000     0.600000    
15000    666.984342   2.914470     0.000000     0.600000    
15000    666.985281   2.913225     0.000000     0.600000    
15000    666.986228   2.912431     0.000000     0.600000    
15000    666.987175   2.911917     0.000000     0.600000    
15000    666.988104   2.910584     0.000000     0.600000    
15000    666.989022   2.909398     0.000000     0.600000    
15000    666.989946   2.908504     0.000000     0.600000    
15000    666.990870   2.907671     0.000000     0.600000    
15000    666.991817   2.906227     0.000000     0.600000    
15000    666.992744   2.905099     0.000000     0.600000    
15000    666.993672   2.904320     0.000000     0.600000    
15000    666.994614   2.903880     0.000000     0.600000    
15000    666.995546   2.903237     0.000000     0.600000    
15000    666.996473   2.902609     0.000000     0.600000    
15000    666.997412   2.901324     0.000000     0.600000    
15000    666.998343   2.900008     0.000000     0.600000    
15000    666.999273   2.899343     0.000000     0.600000    
15000    667.000207   2.898440     0.000000     0.600000    
15000    667.001136   2.897831     0.000000     0.600000    
15000    667.002064   2.896807     0.000000     0.600000    
15000    667.002987   2.896148     0.000000     0.600000    
15000    667.003925   2.894685     0.000000     0.600000    
15000    667.004872   2.893563     0.000000     0.600000    
15000    667.005814   2.890805     0.000000     0.600000    
15000    667.006736   2.889979     0.000000     0.600000    
15000    667.007657   2.889015     0.000000     0.600000    
15000    667.008587   2.888079     0.000000     0.600000    
15000    667.009527   2.886115     0.000000     0.600000    
15000    667.010460   2.885460     0.000000     0.600000    
15000    667.011394   2.884101     0.000000     0.600000    
15000    667.012324   2.883171     0.000000     0.600000    
15000    667.013246   2.881852     0.000000     0.600000    
15000    667.014177   2.881360     0.000000     0.600000    
15000    667.015097   2.880225     0.000000     0.600000    
15000    667.016033   2.878974     0.000000     0.600000    
15000    667.016964   2.877926     0.000000     0.600000    
15000    667.017889   2.876459     0.000000     0.600000    
15000    667.018820   2.875069     0.000000     0.600000    
15000    667.019749   2.874131     0.000000     0.600000    
15000    667.020673   2.873595     0.000000     0.600000    
15000    667.021600   2.871877     0.000000     0.600000    
15000    667.022521   2.871243     0.000000     0.600000    
15000    667.023432   2.870321     0.000000     0.600000    
15000    667.024360   2.869457     0.000000     0.600000    
15000    667.025299   2.868076     0.000000     0.600000    
15000    667.026206   2.867171     0.000000     0.600000    
15000    667.027112   2.866433     0.000000     0.600000    
15000    667.028046   2.865427     0.000000     0.600000    
15000    667.028974   2.864522     0.000000     0.600000    
15000    667.029906   2.863077     0.000000     0.600000    
15000    667.030820   2.862067     0.000000     0.600000    
15000    667.031739   2.861681     0.000000     0.600000    
15000    667.032655   2.860323     0.000000     0.600000    
15000    667.033576   2.858832     0.000000     0.600000    
15000    667.034489   2.858114     0.000000     0.600000    
15000    667.035410   2.857348     0.000000     0.600000    
15000    667.036329   2.856147     0.000000     0.600000    
15000    667.037252   2.855239     0.000000     0.600000    
15000    667.038183   2.854496     0.000000     0.600000    
15000    667.039117   2.853602     0.000000     0.600000    
15000    667.040045   2.852211     0.000000     0.600000    
15000    667.040980   2.851346     0.000000     0.600000    
15000    667.041891   2.850249     0.000000     0.600000    
15000    667.042820   2.849531     0.000000     0.600000    
15000    667.043741   2.848635     0.000000     0.600000    
15000    667.044676   2.847645     0.000000     0.600000    
15000    667.045612   2.846571     0.000000     0.600000    
15000    667.046530   2.845813     0.000000     0.600000    
15000    667.047468   2.844677     0.000000     0.600000    
15000    667.048399   2.843716     0.000000     0.600000    
15000    667.049789   2.842483     0.000000     0.600000    
15000    667.050743   2.841157     0.000000     0.600000    
15000    667.051713   2.840071     0.000000     0.600000    
15000    667.052659   2.838691     0.000000     0.600000    
15000    667.053615   2.837899     0.000000     0.600000    
15000    667.054559   2.837157     0.000000     0.600000    
15000    667.055490   2.836350     0.000000     0.600000    
15000    667.056415   2.835258     0.000000     0.600000    
15000    667.057339   2.833998     0.000000     0.600000    
15000    667.058287   2.832858     0.000000     0.600000    
15000    667.059227   2.831917     0.000000     0.600000    
15000    667.060181   2.830562     0.000000     0.600000    
15000    667.061125   2.829442     0.000000     0.600000    
15000    667.062066   2.827983     0.000000     0.600000    
15000    667.062998   2.826115     0.000000     0.600000    
15000    667.063951   2.825519     0.000000     0.600000    
15000    667.064880   2.824818     0.000000     0.600000    
15000    667.065816   2.824004     0.000000     0.600000    
15000    667.066755   2.823076     0.000000     0.600000    
15000    667.067693   2.821657     0.000000     0.600000    
15000    667.068654   2.820654     0.000000     0.600000    
15000    667.069604   2.819880     0.000000     0.600000    
15000    667.070566   2.819179     0.000000     0.600000    
15000    667.071498   2.818091     0.000000     0.600000    
15000    667.072415   2.817576     0.000000     0.600000    
15000    667.073346   2.816934     0.000000     0.600000    
15000    667.074277   2.815954     0.000000     0.600000    
15000    667.075217   2.815043     0.000000     0.600000    
15000    667.076159   2.813714     0.000000     0.600000    
15000    667.077113   2.813308     0.000000     0.600000    
15000    667.078039   2.812694     0.000000     0.600000    
15000    667.078969   2.811587     0.000000     0.600000    
15000    667.079885   2.810789     0.000000     0.600000    
15000    667.080820   2.809498     0.000000     0.600000    
15000    667.081752   2.808598     0.000000     0.600000    
15000    667.082681   2.807850     0.000000     0.600000    
15000    667.083614   2.806137     0.000000     0.600000    
15000    667.084552   2.804470     0.000000     0.600000    
15000    667.085489   2.803767     0.000000     0.600000    
15000    667.086441   2.802736     0.000000     0.600000    
15000    667.087367   2.802338     0.000000     0.600000    
15000    667.088309   2.801177     0.000000     0.600000    
15000    667.089235   2.800569     0.000000     0.600000    
15000    667.090137   2.799752     0.000000     0.600000    
15000    667.091062   2.798703     0.000000     0.600000    
15000    667.091994   2.798228     0.000000     0.600000    
15000    667.092949   2.796879     0.000000     0.600000    
15000    667.093901   2.795559     0.000000     0.600000    
15000    667.094846   2.794649     0.000000     0.600000    
15000    667.095785   2.793455     0.000000     0.600000    
15000    667.096699   2.792286     0.000000     0.600000    
15000    667.097634   2.790701     0.000000     0.600000    
15000    667.098553   2.789214     0.000000     0.600000    
15000    667.099539   2.788764     0.000000     0.600000    
15000    667.100446   2.788058     0.000000     0.600000    
15000    667.101350   2.787502     0.000000     0.600000    
15000    667.102265   2.786578     0.000000     0.600000    
15000    667.103181   2.785539     0.000000     0.600000    
15000    667.104108   2.784367     0.000000     0.600000    
15000    667.104995   2.783348     0.000000     0.600000    
15000    667.105894   2.781620     0.000000     0.600000    
15000    667.106773   2.780393     0.000000     0.600000    
15000    667.107663   2.779439     0.000000     0.600000    
15000    667.108551   2.778756     0.000000     0.600000    
15000    667.109489   2.777547     0.000000     0.600000    
15000    667.110405   2.776443     0.000000     0.600000    
15000    667.111314   2.775952     0.000000     0.600000    
15000    667.112222   2.775398     0.000000     0.600000    
15000    667.113106   2.774820     0.000000     0.600000    
15000    667.113998   2.774290     0.000000     0.600000    
15000    667.114864   2.773417     0.000000     0.600000    
15000    667.115763   2.772527     0.000000     0.600000    
15000    667.116683   2.771945     0.000000     0.600000    
15000    667.117609   2.770936     0.000000     0.600000    
15000    667.118520   2.770283     0.000000     0.600000    
15000    667.119414   2.770136     0.000000     0.600000    
15000    667.120329   2.768783     0.000000     0.600000    
15000    667.121244   2.767156     0.000000     0.600000    
15000    667.122149   2.766167     0.000000     0.600000    
15000    667.123028   2.765228     0.000000     0.600000    
15000    667.123917   2.764319     0.000000     0.600000    
15000    667.124821   2.763665     0.000000     0.600000    
15000    667.125743   2.762537     0.000000     0.600000    
15000    667.126637   2.761769     0.000000     0.600000    
15000    667.127572   2.760276     0.000000     0.600000    
15000    667.128631   2.759124     0.000000     0.600000    
15000    667.129651   2.758550     0.000000     0.600000    
15000    667.130672   2.757840     0.000000     0.600000    
15000    667.131700   2.756778     0.000000     0.600000    
15000    667.132742   2.755832     0.000000     0.600000    
15000    667.133792   2.754407     0.000000     0.600000    
15000    667.134844   2.752812     0.000000     0.600000    
15000    667.135900   2.751837     0.000000     0.600000    
15000    667.136943   2.751434     0.000000     0.600000    
15000    667.137968   2.750695     0.000000     0.600000    
15000    667.138993   2.749508     0.000000     0.600000    
15000    667.140004   2.748718     0.000000     0.600000    
15000    667.141025   2.748271     0.000000     0.600000    
15000    667.142069   2.747293     0.000000     0.600000    
15000    667.143110   2.745882     0.000000     0.600000    
15000    667.144163   2.744842     0.000000     0.600000    
15000    667.145192   2.744432     0.000000     0.600000    
15000    667.146204   2.743678     0.000000     0.600000    
15000    667.147236   2.743039     0.000000     0.600000    
15000    667.148245   2.742057     0.000000     0.600000    
15000    667.149264   2.741143     0.000000     0.600000    
15000    667.150309   2.740593     0.000000     0.600000    
15000    667.151377   2.739455     0.000000     0.600000    
15000    667.152442   2.738575     0.000000     0.600000    
15000    667.153472   2.737680     0.000000     0.600000    
15000    667.154517   2.736269     0.000000     0.600000    
15000    667.155537   2.735360     0.000000     0.600000    
15000    667.156561   2.734681     0.000000     0.600000    
15000    667.157577   2.734395     0.000000     0.600000    
15000    667.158614   2.734039     0.000000     0.600000    
15000    667.159647   2.733052     0.000000     0.600000    
15000    667.160686   2.732111     0.000000     0.600000    
15000    667.161711   2.731436     0.000000     0.600000    
15000    667.162725   2.729860     0.000000     0.600000    
15000    667.163747   2.728500     0.000000     0.600000    
15000    667.164780   2.727675     0.000000     0.600000    
15000    667.165822   2.727023     0.000000     0.600000    
15000    667.166854   2.726398     0.000000     0.600000    
15000    667.167862   2.725529     0.000000     0.600000    
15000    667.168866   2.724324     0.000000     0.600000    
15000    667.169869   2.722749     0.000000     0.600000    
15000    667.173391   2.722078     0.000000     0.600000    
15000    667.174438   2.721524     0.000000     0.600000    
15000    667.175460   2.720616     0.000000     0.600000    
15000    667.176494   2.719243     0.000000     0.600000    
15000    667.177525   2.718673     0.000000     0.600000    
15000    667.178552   2.717557     0.000000     0.600000    
15000    667.179593   2.716923     0.000000     0.600000    
15000    667.180649   2.716058     0.000000     0.600000    
15000    667.182348   2.714665     0.000000     0.600000    
15000    667.183372   2.713673     0.000000     0.600000    
15000    667.184407   2.712510     0.000000     0.600000    
15000    667.185407   2.711737     0.000000     0.600000    
15000    667.186911   2.711245     0.000000     0.600000    
15000    667.188007   2.710357     0.000000     0.600000    
15000    667.189055   2.709207     0.000000     0.600000    
15000    667.190097   2.707949     0.000000     0.600000    
15000    667.191119   2.707404     0.000000     0.600000    
15000    667.192162   2.706341     0.000000     0.600000    
15000    667.193204   2.705675     0.000000     0.600000    
15000    667.194259   2.704151     0.000000     0.600000    
15000    667.195271   2.703602     0.000000     0.600000    
15000    667.196297   2.702926     0.000000     0.600000    
15000    667.197325   2.702374     0.000000     0.600000    
15000    667.198375   2.700780     0.000000     0.600000    
15000    667.199421   2.699244     0.000000     0.600000    
15000    667.200461   2.698852     0.000000     0.600000    
15000    667.201528   2.698349     0.000000     0.600000    
15000    667.202573   2.697152     0.000000     0.600000    
15000    667.203601   2.696190     0.000000     0.600000    
15000    667.204639   2.694966     0.000000     0.600000    
15000    667.205654   2.694181     0.000000     0.600000    
15000    667.206687   2.692672     0.000000     0.600000    
15000    667.207738   2.691802     0.000000     0.600000    
15000    667.208778   2.690836     0.000000     0.600000    
15000    667.209833   2.689812     0.000000     0.600000    
15000    667.210877   2.689173     0.000000     0.600000    
15000    667.211889   2.688471     0.000000     0.600000    
15000    667.213017   2.687779     0.000000     0.600000    
15000    667.214219   2.687088     0.000000     0.600000    
15000    667.215431   2.686279     0.000000     0.600000    
15000    667.216639   2.685276     0.000000     0.600000    
15000    667.217851   2.683982     0.000000     0.600000    
15000    667.219041   2.683513     0.000000     0.600000    
15000    667.220231   2.682842     0.000000     0.600000    
15000    667.221450   2.681335     0.000000     0.600000    
15000    667.222648   2.680847     0.000000     0.600000    
15000    667.223900   2.679897     0.000000     0.600000    
15000    667.225158   2.678954     0.000000     0.600000    
15000    667.226375   2.677899     0.000000     0.600000    
15000    667.227570   2.676901     0.000000     0.600000    
15000    667.228743   2.675604     0.000000     0.600000    
15000    667.229933   2.674533     0.000000     0.600000    
15000    667.231135   2.673723     0.000000     0.600000    
15000    667.232328   2.673019     0.000000     0.600000    
15000    667.233526   2.672796     0.000000     0.600000    
15000    667.234733   2.671468     0.000000     0.600000    
15000    667.236018   2.670306     0.000000     0.600000    
15000    667.237303   2.668713     0.000000     0.600000    
15000    667.238526   2.667637     0.000000     0.600000    
15000    667.239752   2.666411     0.000000     0.600000    
15000    667.240987   2.665709     0.000000     0.600000    
15000    667.242215   2.665226     0.000000     0.600000    
15000    667.243413   2.664455     0.000000     0.600000    
15000    667.244636   2.663325     0.000000     0.600000    
15000    667.245866   2.662798     0.000000     0.600000    
15000    667.247039   2.662168     0.000000     0.600000    
15000    667.248251   2.661033     0.000000     0.600000    
15000    667.249446   2.659926     0.000000     0.600000    
15000    667.250638   2.658825     0.000000     0.600000    
15000    667.251822   2.658285     0.000000     0.600000    
15000    667.252993   2.656948     0.000000     0.600000    
15000    667.254184   2.656230     0.000000     0.600000    
15000    667.255382   2.655232     0.000000     0.600000    
15000    667.256563   2.654641     0.000000     0.600000    
15000    667.257744   2.654169     0.000000     0.600000    
15000    667.258927   2.653356     0.000000     0.600000    
15000    667.260089   2.652836     0.000000     0.600000    
15000    667.261274   2.651924     0.000000     0.600000    
15000    667.262468   2.650859     0.000000     0.600000    
15000    667.263659   2.649408     0.000000     0.600000    
15000    667.264846   2.648737     0.000000     0.600000    
15000    667.266043   2.648142     0.000000     0.600000    
15000    667.267247   2.646270     0.000000     0.600000    
15000    667.268434   2.645805     0.000000     0.600000    
15000    667.269625   2.645410     0.000000     0.600000    
15000    667.270830   2.644093     0.000000     0.600000    
15000    667.272063   2.643230     0.000000     0.600000    
15000    667.273271   2.642379     0.000000     0.600000    
15000    667.274542   2.641459     0.000000     0.600000    
15000    667.275735   2.640483     0.000000     0.600000    
15000    667.276920   2.639815     0.000000     0.600000    
15000    667.278104   2.638562     0.000000     0.600000    
15000    667.279306   2.637682     0.000000     0.600000    
15000    667.280502   2.636823     0.000000     0.600000    
15000    667.281727   2.636123     0.000000     0.600000    
15000    667.282927   2.635376     0.000000     0.600000    
15000    667.284136   2.634749     0.000000     0.600000    
15000    667.285317   2.634291     0.000000     0.600000    
15000    667.286567   2.633708     0.000000     0.600000    
15000    667.287782   2.633040     0.000000     0.600000    
15000    667.288983   2.632323     0.000000     0.600000    
15000    667.290169   2.631828     0.000000     0.600000    
15000    667.291369   2.631313     0.000000     0.600000    
15000    667.292550   2.630327     0.000000     0.600000    
15000    667.293719   2.629233     0.000000     0.600000    
15000    667.294935   2.628314     0.000000     0.600000    
15000    667.296121   2.627106     0.000000     0.600000    
15000    667.297296   2.625959     0.000000     0.600000    
15000    667.298477   2.624748     0.000000     0.600000    
15000    667.299691   2.623801     0.000000     0.600000    
15000    667.300875   2.622539     0.000000     0.600000    
15000    667.302056   2.620906     0.000000     0.600000    
15000    667.303247   2.620332     0.000000     0.600000    
15000    667.304438   2.619488     0.000000     0.600000    
15000    667.305619   2.618706     0.000000     0.600000    
15000    667.306782   2.618147     0.000000     0.600000    
15000    667.307988   2.617461     0.000000     0.600000    
15000    667.309174   2.616404     0.000000     0.600000    
15000    667.310382   2.614867     0.000000     0.600000    
15000    667.311573   2.613780     0.000000     0.600000    
15000    667.312755   2.612899     0.000000     0.600000    
15000    667.313943   2.612410     0.000000     0.600000    
15000    667.315147   2.611043     0.000000     0.600000    
15000    667.316329   2.610173     0.000000     0.600000    
15000    667.317504   2.609427     0.000000     0.600000    
15000    667.318691   2.608512     0.000000     0.600000    
15000    667.319882   2.607543     0.000000     0.600000    
15000    667.321090   2.606716     0.000000     0.600000    
15000    667.322257   2.606046     0.000000     0.600000    
15000    667.323436   2.605461     0.000000     0.600000    
15000    667.324627   2.605053     0.000000     0.600000    
15000    667.325807   2.604899     0.000000     0.600000    
15000    667.327004   2.603912     0.000000     0.600000    
15000    667.328186   2.603371     0.000000     0.600000    
15000    667.329377   2.602209     0.000000     0.600000    
15000    667.330528   2.601696     0.000000     0.600000    
15000    667.331715   2.601035     0.000000     0.600000    
15000    667.332913   2.599401     0.000000     0.600000    
15000    667.334104   2.598514     0.000000     0.600000    
15000    667.335316   2.598000     0.000000     0.600000    
15000    667.336526   2.597057     0.000000     0.600000    
15000    667.337756   2.595714     0.000000     0.600000    
15000    667.338947   2.595104     0.000000     0.600000    
15000    667.340142   2.594249     0.000000     0.600000    
15000    667.341327   2.593602     0.000000     0.600000    
15000    667.342516   2.591924     0.000000     0.600000    
15000    667.343705   2.591215     0.000000     0.600000    
15000    667.344886   2.589684     0.000000     0.600000    
15000    667.346105   2.587035     0.000000     0.600000    
15000    667.347290   2.584803     0.000000     0.600000    
15000    667.348463   2.582157     0.000000     0.600000    
15000    667.349691   2.580101     0.000000     0.600000    
15000    667.350880   2.578720     0.000000     0.600000    
15000    667.352071   2.577470     0.000000     0.600000    
15000    667.353309   2.574589     0.000000     0.600000    
15000    667.354519   2.572824     0.000000     0.600000    
15000    667.355728   2.571622     0.000000     0.600000    
15000    667.356936   2.569921     0.000000     0.600000    
15000    667.358145   2.568062     0.000000     0.600000    
15000    667.359237   2.565618     0.000000     0.600000    
15000    667.360299   2.564242     0.000000     0.600000    
15000    667.361334   2.562255     0.000000     0.600000    
15000    667.362339   2.560966     0.000000     0.600000    
15000    667.363364   2.558975     0.000000     0.600000    
15000    667.364362   2.557728     0.000000     0.600000    
15000    667.365346   2.556454     0.000000     0.600000    
15000    667.366330   2.555060     0.000000     0.600000    
15000    667.367320   2.552802     0.000000     0.600000    
15000    667.368299   2.551419     0.000000     0.600000    
15000    667.369303   2.548964     0.000000     0.600000    
15000    667.370354   2.547118     0.000000     0.600000    
15000    667.371353   2.546344     0.000000     0.600000    
15000    667.372369   2.545158     0.000000     0.600000    
15000    667.373377   2.543841     0.000000     0.600000    
15000    667.374410   2.541391     0.000000     0.600000    
15000    667.375437   2.538587     0.000000     0.600000    
15000    667.376461   2.537035     0.000000     0.600000    
15000    667.377471   2.536185     0.000000     0.600000    
15000    667.378507   2.534385     0.000000     0.600000    
15000    667.379502   2.532718     0.000000     0.600000    
15000    667.380506   2.530544     0.000000     0.600000    
15000    667.381528   2.527721     0.000000     0.600000    
15000    667.382521   2.526165     0.000000     0.600000    
15000    667.383500   2.524232     0.000000     0.600000    
15000    667.384513   2.521725     0.000000     0.600000    
15000    667.385510   2.520397     0.000000     0.600000    
15000    667.386542   2.518392     0.000000     0.600000    
15000    667.387560   2.515508     0.000000     0.600000    
15000    667.388578   2.513946     0.000000     0.600000    
15000    667.389573   2.512408     0.000000     0.600000    
15000    667.390571   2.511173     0.000000     0.600000    
15000    667.391563   2.510112     0.000000     0.600000    
15000    667.392601   2.508707     0.000000     0.600000    
15000    667.393628   2.506685     0.000000     0.600000    
15000    667.394623   2.506273     0.000000     0.600000    
15000    667.395650   2.504337     0.000000     0.600000    
15000    667.396663   2.502949     0.000000     0.600000    
15000    667.397676   2.500346     0.000000     0.600000    
15000    667.398670   2.498832     0.000000     0.600000    
15000    667.399659   2.497447     0.000000     0.600000    
15000    667.400641   2.496053     0.000000     0.600000    
15000    667.401637   2.494047     0.000000     0.600000    
15000    667.402630   2.492405     0.000000     0.600000    
15000    667.403636   2.490549     0.000000     0.600000    
15000    667.404645   2.488391     0.000000     0.600000    
15000    667.405655   2.487586     0.000000     0.600000    
15000    667.406661   2.486354     0.000000     0.600000    
15000    667.407683   2.485050     0.000000     0.600000    
15000    667.408709   2.483065     0.000000     0.600000    
15000    667.409743   2.481648     0.000000     0.600000    
15000    667.410771   2.480073     0.000000     0.600000    
15000    667.411797   2.477933     0.000000     0.600000    
15000    667.412809   2.475790     0.000000     0.600000    
15000    667.413820   2.474545     0.000000     0.600000    
15000    667.414857   2.472690     0.000000     0.600000    
15000    667.415887   2.471368     0.000000     0.600000    
15000    667.416922   2.469666     0.000000     0.600000    
15000    667.417936   2.468084     0.000000     0.600000    
15000    667.418954   2.465959     0.000000     0.600000    
15000    667.419982   2.464778     0.000000     0.600000    
15000    667.421002   2.461890     0.000000     0.600000    
15000    667.422014   2.457634     0.000000     0.600000    
15000    667.423022   2.456287     0.000000     0.600000    
15000    667.424055   2.454920     0.000000     0.600000    
15000    667.425090   2.453783     0.000000     0.600000    
15000    667.426256   2.452163     0.000000     0.600000    
15000    667.427365   2.451156     0.000000     0.600000    
15000    667.428443   2.448447     0.000000     0.600000    
15000    667.429522   2.447306     0.000000     0.600000    
15000    667.430577   2.445468     0.000000     0.600000    
15000    667.431626   2.443074     0.000000     0.600000    
15000    667.432679   2.441004     0.000000     0.600000    
15000    667.433698   2.438754     0.000000     0.600000    
15000    667.434721   2.436082     0.000000     0.600000    
15000    667.435765   2.434992     0.000000     0.600000    
15000    667.436808   2.433737     0.000000     0.600000    
15000    667.437832   2.432364     0.000000     0.600000    
15000    667.438847   2.430094     0.000000     0.600000    
15000    667.439877   2.428828     0.000000     0.600000    
15000    667.440919   2.428168     0.000000     0.600000    
15000    667.441969   2.427222     0.000000     0.600000    
15000    667.443007   2.425058     0.000000     0.600000    
15000    667.443949   2.423785     0.000000     0.600000    
15000    667.444892   2.422742     0.000000     0.600000    
15000    667.445763   2.421443     0.000000     0.600000    
15000    667.446633   2.419521     0.000000     0.600000    
15000    667.447499   2.418173     0.000000     0.600000    
15000    667.448382   2.416512     0.000000     0.600000    
15000    667.449242   2.414444     0.000000     0.600000    
15000    667.450142   2.411514     0.000000     0.600000    
15000    667.451036   2.410267     0.000000     0.600000    
15000    667.451949   2.408205     0.000000     0.600000    
15000    667.452876   2.405522     0.000000     0.600000    
15000    667.453758   2.403997     0.000000     0.600000    
15000    667.454703   2.402807     0.000000     0.600000    
15000    667.455631   2.400433     0.000000     0.600000    
15000    667.456561   2.398795     0.000000     0.600000    
15000    667.457485   2.396917     0.000000     0.600000    
15000    667.458433   2.394608     0.000000     0.600000    
15000    667.459339   2.394170     0.000000     0.600000    
15000    667.460279   2.392622     0.000000     0.600000    
15000    667.461180   2.391815     0.000000     0.600000    
15000    667.462078   2.390775     0.000000     0.600000    
15000    667.462981   2.390054     0.000000     0.600000    
15000    667.463911   2.388005     0.000000     0.600000    
15000    667.464834   2.386398     0.000000     0.600000    
15000    667.465738   2.384770     0.000000     0.600000    
15000    667.466674   2.383403     0.000000     0.600000    
15000    667.467601   2.381598     0.000000     0.600000    
15000    667.468493   2.380199     0.000000     0.600000    
15000    667.469457   2.376352     0.000000     0.600000    
15000    667.470354   2.374509     0.000000     0.600000    
15000    667.471243   2.373281     0.000000     0.600000    
15000    667.472108   2.371495     0.000000     0.600000    
15000    667.472993   2.369958     0.000000     0.600000    
15000    667.473890   2.368071     0.000000     0.600000    
15000    667.474766   2.366931     0.000000     0.600000    
15000    667.475633   2.366668     0.000000     0.600000    
15000    667.476542   2.365626     0.000000     0.600000    
15000    667.477447   2.364339     0.000000     0.600000    
15000    667.478345   2.363155     0.000000     0.600000    
15000    667.479241   2.362561     0.000000     0.600000    
15000    667.480141   2.359523     0.000000     0.600000    
15000    667.481033   2.358081     0.000000     0.600000    
15000    667.481897   2.357199     0.000000     0.600000    
15000    667.482812   2.356333     0.000000     0.600000    
15000    667.483760   2.354045     0.000000     0.600000    
15000    667.484687   2.353279     0.000000     0.600000    
15000    667.485592   2.351715     0.000000     0.600000    
15000    667.486543   2.350137     0.000000     0.600000    
15000    667.487417   2.349097     0.000000     0.600000    
15000    667.488436   2.347826     0.000000     0.600000    
15000    667.489358   2.346683     0.000000     0.600000    
15000    667.490255   2.345959     0.000000     0.600000    
15000    667.491199   2.342631     0.000000     0.600000    
15000    667.492113   2.340132     0.000000     0.600000    
15000    667.493043   2.338942     0.000000     0.600000    
15000    667.493927   2.337991     0.000000     0.600000    
15000    667.494808   2.335178     0.000000     0.600000    
15000    667.495692   2.332723     0.000000     0.600000    
15000    667.496594   2.331245     0.000000     0.600000    
15000    667.497476   2.329973     0.000000     0.600000    
15000    667.498362   2.327982     0.000000     0.600000    
15000    667.499267   2.326463     0.000000     0.600000    
15000    667.500177   2.325666     0.000000     0.600000    
15000    667.501065   2.324798     0.000000     0.600000    
15000    667.501978   2.322959     0.000000     0.600000    
15000    667.502922   2.321769     0.000000     0.600000    
15000    667.503816   2.320352     0.000000     0.600000    
15000    667.504716   2.318727     0.000000     0.600000    
15000    667.505625   2.316497     0.000000     0.600000    
15000    667.506525   2.315042     0.000000     0.600000    
15000    667.507412   2.312243     0.000000     0.600000    
15000    667.508302   2.310832     0.000000     0.600000    
15000    667.509183   2.309331     0.000000     0.600000    
15000    667.510085   2.307579     0.000000     0.600000    
15000    667.510950   2.306888     0.000000     0.600000    
15000    667.511858   2.304424     0.000000     0.600000    
15000    667.512722   2.303589     0.000000     0.600000    
15000    667.513606   2.301832     0.000000     0.600000    
15000    667.514476   2.300614     0.000000     0.600000    
15000    667.515377   2.297963     0.000000     0.600000    
15000    667.516267   2.296547     0.000000     0.600000    
15000    667.517166   2.294996     0.000000     0.600000    
15000    667.518079   2.293586     0.000000     0.600000    
15000    667.518952   2.292059     0.000000     0.600000    
15000    667.519826   2.291039     0.000000     0.600000    
15000    667.520710   2.289076     0.000000     0.600000    
15000    667.521593   2.286919     0.000000     0.600000    
15000    667.522466   2.284712     0.000000     0.600000    
15000    667.523353   2.281855     0.000000     0.600000    
15000    667.524231   2.280874     0.000000     0.600000    
15000    667.525098   2.277630     0.000000     0.600000    
15000    667.525980   2.277133     0.000000     0.600000    
15000    667.526853   2.276488     0.000000     0.600000    
15000    667.527751   2.274670     0.000000     0.600000    
15000    667.528604   2.273607     0.000000     0.600000    
15000    667.529468   2.271970     0.000000     0.600000    
15000    667.530324   2.270654     0.000000     0.600000    
15000    667.531170   2.268952     0.000000     0.600000    
15000    667.532031   2.266932     0.000000     0.600000    
15000    667.532926   2.265267     0.000000     0.600000    
15000    667.533816   2.263303     0.000000     0.600000    
15000    667.534707   2.262363     0.000000     0.600000    
15000    667.535583   2.261686     0.000000     0.600000    
15000    667.536457   2.257102     0.000000     0.600000    
15000    667.537338   2.255682     0.000000     0.600000    
15000    667.538233   2.254301     0.000000     0.600000    
15000    667.539142   2.251660     0.000000     0.600000    
15000    667.540044   2.250736     0.000000     0.600000    
15000    667.540919   2.250405     0.000000     0.600000    
15000    667.541803   2.249555     0.000000     0.600000    
15000    667.542681   2.246425     0.000000     0.600000    
15000    667.543565   2.244813     0.000000     0.600000    
15000    667.544463   2.243587     0.000000     0.600000    
15000    667.545357   2.241886     0.000000     0.600000    
15000    667.546250   2.239381     0.000000     0.600000    
15000    667.547160   2.238108     0.000000     0.600000    
15000    667.548121   2.236431     0.000000     0.600000    
15000    667.549075   2.234571     0.000000     0.600000    
15000    667.549997   2.232601     0.000000     0.600000    
15000    667.550913   2.230483     0.000000     0.600000    
15000    667.551838   2.229009     0.000000     0.600000    
15000    667.552701   2.227468     0.000000     0.600000    
15000    667.553617   2.225679     0.000000     0.600000    
15000    667.554522   2.222948     0.000000     0.600000    
15000    667.555400   2.222230     0.000000     0.600000    
15000    667.556287   2.220702     0.000000     0.600000    
15000    667.557218   2.219321     0.000000     0.600000    
15000    667.558124   2.216899     0.000000     0.600000    
15000    667.558998   2.215637     0.000000     0.600000    
15000    667.559862   2.214646     0.000000     0.600000    
15000    667.560726   2.213215     0.000000     0.600000    
15000    667.561591   2.212905     0.000000     0.600000    
15000    667.562486   2.211627     0.000000     0.600000    
15000    667.563400   2.209800     0.000000     0.600000    
15000    667.564354   2.208138     0.000000     0.600000    
15000    667.565245   2.204921     0.000000     0.600000    
15000    667.566137   2.203271     0.000000     0.600000    
15000    667.567056   2.202684     0.000000     0.600000    
15000    667.567966   2.200445     0.000000     0.600000    
15000    667.568834   2.198225     0.000000     0.600000    
15000    667.569718   2.195508     0.000000     0.600000    
15000    667.570577   2.194463     0.000000     0.600000    
15000    667.571471   2.192303     0.000000     0.600000    
15000    667.572375   2.191070     0.000000     0.600000    
15000    667.573293   2.188561     0.000000     0.600000    
15000    667.574244   2.187862     0.000000     0.600000    
15000    667.575170   2.184147     0.000000     0.600000    
15000    667.576066   2.182144     0.000000     0.600000    
15000    667.576934   2.179128     0.000000     0.600000    
15000    667.577785   2.178344     0.000000     0.600000    
15000    667.578647   2.176738     0.000000     0.600000    
15000    667.579499   2.174424     0.000000     0.600000    
15000    667.580352   2.172555     0.000000     0.600000    
15000    667.581210   2.170086     0.000000     0.600000    
15000    667.582070   2.168088     0.000000     0.600000    
15000    667.582899   2.167661     0.000000     0.600000    
15000    667.583772   2.164897     0.000000     0.600000    
15000    667.584675   2.163700     0.000000     0.600000    
15000    667.585539   2.163281     0.000000     0.600000    
15000    667.586459   2.161700     0.000000     0.600000    
15000    667.587357   2.159512     0.000000     0.600000    
15000    667.588264   2.156906     0.000000     0.600000    
15000    667.589174   2.155509     0.000000     0.600000    
15000    667.590098   2.153003     0.000000     0.600000    
15000    667.591010   2.150877     0.000000     0.600000    
15000    667.591924   2.148736     0.000000     0.600000    
15000    667.592850   2.147659     0.000000     0.600000    
15000    667.593758   2.146809     0.000000     0.600000    
15000    667.594677   2.145115     0.000000     0.600000    
15000    667.595578   2.143547     0.000000     0.600000    
15000    667.596473   2.142703     0.000000     0.600000    
15000    667.597388   2.140407     0.000000     0.600000    
15000    667.598295   2.139193     0.000000     0.600000    
15000    667.599196   2.136859     0.000000     0.600000    
15000    667.600059   2.135900     0.000000     0.600000    
15000    667.600956   2.135453     0.000000     0.600000    
15000    667.601850   2.135039     0.000000     0.600000    
15000    667.602743   2.133608     0.000000     0.600000    
15000    667.603649   2.131721     0.000000     0.600000    
15000    667.604562   2.130284     0.000000     0.600000    
15000    667.605586   2.128769     0.000000     0.600000    
15000    667.606496   2.126270     0.000000     0.600000    
15000    667.607395   2.124781     0.000000     0.600000    
15000    667.608261   2.123727     0.000000     0.600000    
15000    667.609128   2.122591     0.000000     0.600000    
15000    667.610008   2.120094     0.000000     0.600000    
15000    667.610881   2.117580     0.000000     0.600000    
15000    667.611748   2.116397     0.000000     0.600000    
15000    667.612630   2.115110     0.000000     0.600000    
15000    667.613544   2.111849     0.000000     0.600000    
15000    667.614440   2.111405     0.000000     0.600000    
15000    667.615393   2.108684     0.000000     0.600000    
15000    667.616274   2.106619     0.000000     0.600000    
15000    667.617145   2.105073     0.000000     0.600000    
15000    667.618027   2.103363     0.000000     0.600000    
15000    667.618985   2.102084     0.000000     0.600000    
15000    667.619882   2.101091     0.000000     0.600000    
15000    667.620774   2.097781     0.000000     0.600000    
15000    667.621647   2.097051     0.000000     0.600000    
15000    667.622555   2.094955     0.000000     0.600000    
15000    667.623438   2.093046     0.000000     0.600000    
15000    667.624323   2.091990     0.000000     0.600000    
15000    667.625209   2.089774     0.000000     0.600000    
15000    667.626077   2.089130     0.000000     0.600000    
15000    667.626955   2.088140     0.000000     0.600000    
15000    667.627826   2.087169     0.000000     0.600000    
15000    667.628708   2.083774     0.000000     0.600000    
15000    667.629622   2.082513     0.000000     0.600000    
15000    667.630484   2.080000     0.000000     0.600000    
15000    667.631333   2.079030     0.000000     0.600000    
15000    667.632205   2.077198     0.000000     0.600000    
15000    667.633061   2.075198     0.000000     0.600000    
15000    667.633907   2.072855     0.000000     0.600000    
15000    667.634777   2.071487     0.000000     0.600000    
15000    667.635643   2.069769     0.000000     0.600000    
15000    667.636506   2.068417     0.000000     0.600000    
15000    667.637368   2.066812     0.000000     0.600000    
15000    667.638378   2.065019     0.000000     0.600000    
15000    667.639305   2.062716     0.000000     0.600000    
15000    667.640211   2.059762     0.000000     0.600000    
15000    667.641102   2.058202     0.000000     0.600000    
15000    667.642007   2.055256     0.000000     0.600000    
15000    667.642898   2.053921     0.000000     0.600000    
15000    667.643788   2.051395     0.000000     0.600000    
15000    667.644677   2.048459     0.000000     0.600000    
15000    667.645555   2.047135     0.000000     0.600000    
15000    667.646431   2.045527     0.000000     0.600000    
15000    667.647295   2.044597     0.000000     0.600000    
15000    667.648162   2.043665     0.000000     0.600000    
15000    667.649019   2.042736     0.000000     0.600000    
15000    667.649893   2.041226     0.000000     0.600000    
15000    667.650766   2.039850     0.000000     0.600000    
15000    667.651653   2.036704     0.000000     0.600000    
15000    667.652537   2.035648     0.000000     0.600000    
15000    667.653409   2.033087     0.000000     0.600000    
15000    667.654283   2.032135     0.000000     0.600000    
15000    667.655165   2.030095     0.000000     0.600000    
15000    667.656067   2.027467     0.000000     0.600000    
15000    667.656949   2.026877     0.000000     0.600000    
15000    667.657842   2.024601     0.000000     0.600000    
15000    667.658722   2.023558     0.000000     0.600000    
15000    667.659612   2.021701     0.000000     0.600000    
15000    667.660502   2.018973     0.000000     0.600000    
15000    667.661369   2.017931     0.000000     0.600000    
15000    667.662233   2.017315     0.000000     0.600000    
15000    667.663123   2.014760     0.000000     0.600000    
15000    667.664023   2.013194     0.000000     0.600000    
15000    667.664913   2.012192     0.000000     0.600000    
15000    667.665807   2.010356     0.000000     0.600000    
15000    667.666697   2.009257     0.000000     0.600000    
15000    667.667584   2.008290     0.000000     0.600000    
15000    667.668482   2.006698     0.000000     0.600000    
15000    667.669389   2.005404     0.000000     0.600000    
15000    667.670285   2.002104     0.000000     0.600000    
15000    667.671172   2.000441     0.000000     0.600000    
15000    667.672068   1.998054     0.000000     0.600000    
15000    667.672944   1.997169     0.000000     0.600000    
15000    667.673855   1.994205     0.000000     0.600000    
15000    667.674751   1.992801     0.000000     0.600000    
15000    667.675633   1.991579     0.000000     0.600000    
15000    667.676520   1.990234     0.000000     0.600000    
15000    667.677407   1.988232     0.000000     0.600000    
15000    667.678282   1.987176     0.000000     0.600000    
15000    667.679167   1.985650     0.000000     0.600000    
15000    667.680039   1.984391     0.000000     0.600000    
15000    667.680903   1.983438     0.000000     0.600000    
15000    667.681778   1.982143     0.000000     0.600000    
15000    667.682656   1.981336     0.000000     0.600000    
15000    667.683547   1.980816     0.000000     0.600000    
15000    667.684431   1.979197     0.000000     0.600000    
15000    667.685294   1.978644     0.000000     0.600000    
15000    667.686175   1.977242     0.000000     0.600000    
15000    667.687052   1.975352     0.000000     0.600000    
15000    667.687936   1.973690     0.000000     0.600000    
15000    667.688831   1.972777     0.000000     0.600000    
15000    667.689738   1.971251     0.000000     0.600000    
15000    667.690635   1.969358     0.000000     0.600000    
15000    667.691529   1.967606     0.000000     0.600000    
15000    667.692415   1.965900     0.000000     0.600000    
15000    667.693306   1.964959     0.000000     0.600000    
15000    667.694208   1.964105     0.000000     0.600000    
15000    667.695131   1.962084     0.000000     0.600000    
15000    667.696024   1.958907     0.000000     0.600000    
15000    667.696901   1.958062     0.000000     0.600000    
15000    667.697769   1.956738     0.000000     0.600000    
15000    667.698641   1.955808     0.000000     0.600000    
15000    667.699533   1.953298     0.000000     0.600000    
15000    667.700419   1.951921     0.000000     0.600000    
15000    667.701312   1.950557     0.000000     0.600000    
15000    667.702182   1.949251     0.000000     0.600000    
15000    667.703056   1.948161     0.000000     0.600000    
15000    667.703927   1.947100     0.000000     0.600000    
15000    667.705513   1.946057     0.000000     0.600000    
15000    667.706417   1.945485     0.000000     0.600000    
15000    667.707305   1.943391     0.000000     0.600000    
15000    667.708210   1.941693     0.000000     0.600000    
15000    667.709112   1.939239     0.000000     0.600000    
15000    667.709979   1.937457     0.000000     0.600000    
15000    667.710872   1.935687     0.000000     0.600000    
15000    667.711740   1.934041     0.000000     0.600000    
15000    667.712614   1.932049     0.000000     0.600000    
15000    667.713475   1.931388     0.000000     0.600000    
15000    667.714357   1.929662     0.000000     0.600000    
15000    667.715224   1.927892     0.000000     0.600000    
15000    667.716081   1.926307     0.000000     0.600000    
15000    667.716963   1.924923     0.000000     0.600000    
15000    667.717835   1.923817     0.000000     0.600000    
15000    667.718712   1.923173     0.000000     0.600000    
15000    667.719589   1.922010     0.000000     0.600000    
15000    667.720468   1.919178     0.000000     0.600000    
15000    667.721453   1.916937     0.000000     0.600000    
15000    667.722444   1.913230     0.000000     0.600000    
15000    667.723325   1.911741     0.000000     0.600000    
15000    667.724208   1.910269     0.000000     0.600000    
15000    667.725101   1.908530     0.000000     0.600000    
15000    667.726000   1.907528     0.000000     0.600000    
15000    667.726913   1.906416     0.000000     0.600000    
15000    667.727814   1.904275     0.000000     0.600000    
15000    667.728829   1.902952     0.000000     0.600000    
15000    667.729767   1.899996     0.000000     0.600000    
15000    667.730671   1.899200     0.000000     0.600000    
15000    667.731614   1.897605     0.000000     0.600000    
15000    667.732496   1.897044     0.000000     0.600000    
15000    667.733396   1.895253     0.000000     0.600000    
15000    667.734336   1.893137     0.000000     0.600000    
15000    667.735258   1.890719     0.000000     0.600000    
15000    667.736151   1.889833     0.000000     0.600000    
15000    667.737128   1.888129     0.000000     0.600000    
15000    667.738199   1.886396     0.000000     0.600000    
15000    667.739521   1.884464     0.000000     0.600000    
15000    667.740962   1.883249     0.000000     0.600000    
15000    667.742214   1.880605     0.000000     0.600000    
15000    667.743079   1.878490     0.000000     0.600000    
15000    667.743954   1.877279     0.000000     0.600000    
15000    667.745582   1.876706     0.000000     0.600000    
15000    667.746516   1.875631     0.000000     0.600000    
15000    667.748173   1.873853     0.000000     0.600000    
15000    667.749174   1.872315     0.000000     0.600000    
15000    667.750257   1.871633     0.000000     0.600000    
15000    667.751660   1.869418     0.000000     0.600000    
15000    667.752609   1.867025     0.000000     0.600000    
15000    667.753526   1.865834     0.000000     0.600000    
15000    667.754463   1.864621     0.000000     0.600000    
15000    667.755384   1.862586     0.000000     0.600000    
15000    667.756308   1.861351     0.000000     0.600000    
15000    667.757213   1.859720     0.000000     0.600000    
15000    667.758141   1.858182     0.000000     0.600000    
15000    667.759043   1.857826     0.000000     0.600000    
15000    667.760067   1.855475     0.000000     0.600000    
15000    667.761079   1.852533     0.000000     0.600000    
15000    667.761990   1.850495     0.000000     0.600000    
15000    667.762891   1.849626     0.000000     0.600000    
15000    667.763806   1.847530     0.000000     0.600000    
15000    667.764706   1.845248     0.000000     0.600000    
15000    667.765636   1.843179     0.000000     0.600000    
15000    667.766543   1.840612     0.000000     0.600000    
15000    667.767741   1.839193     0.000000     0.600000    
15000    667.768673   1.838061     0.000000     0.600000    
15000    667.769591   1.837126     0.000000     0.600000    
15000    667.770511   1.835692     0.000000     0.600000    
15000    667.771914   1.833434     0.000000     0.600000    
15000    667.774965   1.832749     0.000000     0.600000    
15000    667.775886   1.831492     0.000000     0.600000    
15000    667.776787   1.830512     0.000000     0.600000    
15000    667.777691   1.829340     0.000000     0.600000    
15000    667.778600   1.828301     0.000000     0.600000    
15000    667.779485   1.824821     0.000000     0.600000    
15000    667.780397   1.821980     0.000000     0.600000    
15000    667.781437   1.821426     0.000000     0.600000    
15000    667.782340   1.820379     0.000000     0.600000    
15000    667.783241   1.819112     0.000000     0.600000    
15000    667.784163   1.816322     0.000000     0.600000    
15000    667.785061   1.814154     0.000000     0.600000    
15000    667.785941   1.812962     0.000000     0.600000    
15000    667.786823   1.811915     0.000000     0.600000    
15000    667.787723   1.809813     0.000000     0.600000    
15000    667.789235   1.808931     0.000000     0.600000    
15000    667.790145   1.806840     0.000000     0.600000    
15000    667.791927   1.805165     0.000000     0.600000    
15000    667.795320   1.804343     0.000000     0.600000    
15000    667.796769   1.803773     0.000000     0.600000    
15000    667.798231   1.802527     0.000000     0.600000    
15000    667.801354   1.799769     0.000000     0.600000    
15000    667.803080   1.798605     0.000000     0.600000    
15000    667.805691   1.797870     0.000000     0.600000    
15000    667.806966   1.797076     0.000000     0.600000    
15000    667.808766   1.795640     0.000000     0.600000    
15000    667.810996   1.794785     0.000000     0.600000    
15000    667.814115   1.792590     0.000000     0.600000    
15000    667.816619   1.790443     0.000000     0.600000    
15000    667.819597   1.789531     0.000000     0.600000    
15000    667.821969   1.787179     0.000000     0.600000    
15000    667.823249   1.785244     0.000000     0.600000    
15000    667.825525   1.783649     0.000000     0.600000    
15000    667.828431   1.783050     0.000000     0.600000    
15000    667.831542   1.781356     0.000000     0.600000    
15000    667.833041   1.780095     0.000000     0.600000    
15000    667.835253   1.779675     0.000000     0.600000    
15000    667.836292   1.778809     0.000000     0.600000    
15000    667.837362   1.777968     0.000000     0.600000    
15000    667.838477   1.776096     0.000000     0.600000    
15000    667.839776   1.774147     0.000000     0.600000    
15000    667.840734   1.771791     0.000000     0.600000    
15000    667.841618   1.769335     0.000000     0.600000    
15000    667.842510   1.768418     0.000000     0.600000    
15000    667.843659   1.766768     0.000000     0.600000    
15000    667.844824   1.764419     0.000000     0.600000    
15000    667.845909   1.764060     0.000000     0.600000    
15000    667.850507   1.763244     0.000000     0.600000    
15000    667.851648   1.762015     0.000000     0.600000    
15000    667.852643   1.761321     0.000000     0.600000    
15000    667.853903   1.760291     0.000000     0.600000    
15000    667.856569   1.759046     0.000000     0.600000    
15000    667.859222   1.757812     0.000000     0.600000    
15000    667.860515   1.755358     0.000000     0.600000    
15000    667.861429   1.754544     0.000000     0.600000    
15000    667.862303   1.753085     0.000000     0.600000    
15000    667.863211   1.752624     0.000000     0.600000    
15000    667.865065   1.751810     0.000000     0.600000    
15000    667.866749   1.750542     0.000000     0.600000    
15000    667.867794   1.749408     0.000000     0.600000    
15000    667.869763   1.748200     0.000000     0.600000    
15000    667.871622   1.747366     0.000000     0.600000    
15000    667.872668   1.746128     0.000000     0.600000    
15000    667.873881   1.744120     0.000000     0.600000    
15000    667.874737   1.743771     0.000000     0.600000    
15000    667.875915   1.742281     0.000000     0.600000    
15000    667.877824   1.741476     0.000000     0.600000    
15000    667.880011   1.740459     0.000000     0.600000    
15000    667.880906   1.738315     0.000000     0.600000    
15000    667.881777   1.736520     0.000000     0.600000    
15000    667.883663   1.734650     0.000000     0.600000    
15000    667.885794   1.733443     0.000000     0.600000    
15000    667.887816   1.732234     0.000000     0.600000    
15000    667.888995   1.730714     0.000000     0.600000    
15000    667.889893   1.729298     0.000000     0.600000    
15000    667.890765   1.728321     0.000000     0.600000    
15000    667.893380   1.725584     0.000000     0.600000    
15000    667.894758   1.724402     0.000000     0.600000    
15000    667.895745   1.723211     0.000000     0.600000    
15000    667.896615   1.721422     0.000000     0.600000    
15000    667.897482   1.719392     0.000000     0.600000    
15000    667.898346   1.717798     0.000000     0.600000    
15000    667.899223   1.714738     0.000000     0.600000    
15000    667.900070   1.713934     0.000000     0.600000    
15000    667.900936   1.713151     0.000000     0.600000    
15000    667.901781   1.712393     0.000000     0.600000    
15000    667.902634   1.710034     0.000000     0.600000    
15000    667.903496   1.708188     0.000000     0.600000    
15000    667.904377   1.706386     0.000000     0.600000    
15000    667.905287   1.705833     0.000000     0.600000    
15000    667.907350   1.705107     0.000000     0.600000    
15000    667.909125   1.704245     0.000000     0.600000    
15000    667.910802   1.703136     0.000000     0.600000    
15000    667.911684   1.701756     0.000000     0.600000    
15000    667.912862   1.699304     0.000000     0.600000    
15000    667.913905   1.698201     0.000000     0.600000    
15000    667.914784   1.696575     0.000000     0.600000    
15000    667.915649   1.695097     0.000000     0.600000    
15000    667.917714   1.693478     0.000000     0.600000    
15000    667.918647   1.691453     0.000000     0.600000    
15000    667.919764   1.689654     0.000000     0.600000    
15000    667.920666   1.688363     0.000000     0.600000    
15000    667.921677   1.686958     0.000000     0.600000    
15000    667.927380   1.685845     0.000000     0.600000    
15000    667.929473   1.685436     0.000000     0.600000    
15000    667.930414   1.683901     0.000000     0.600000    
15000    667.931482   1.681759     0.000000     0.600000    
15000    667.932370   1.680934     0.000000     0.600000    
15000    667.933259   1.679750     0.000000     0.600000    
15000    667.935029   1.678143     0.000000     0.600000    
15000    667.935934   1.677466     0.000000     0.600000    
15000    667.936832   1.675576     0.000000     0.600000    
15000    667.937722   1.674914     0.000000     0.600000    
15000    667.938707   1.673235     0.000000     0.600000    
15000    667.941864   1.672917     0.000000     0.600000    
15000    667.943062   1.672009     0.000000     0.600000    
15000    667.944279   1.670756     0.000000     0.600000    
15000    667.945957   1.670097     0.000000     0.600000    
15000    667.949221   1.669347     0.000000     0.600000    
15000    667.952004   1.667862     0.000000     0.600000    
15000    667.953253   1.665894     0.000000     0.600000    
15000    667.955061   1.665229     0.000000     0.600000    
15000    667.958845   1.663758     0.000000     0.600000    
15000    667.960779   1.662031     0.000000     0.600000    
15000    667.961796   1.660502     0.000000     0.600000    
15000    667.962689   1.658460     0.000000     0.600000    
15000    667.963584   1.657649     0.000000     0.600000    
15000    667.964474   1.657185     0.000000     0.600000    
15000    667.965348   1.656261     0.000000     0.600000    
15000    667.966845   1.655374     0.000000     0.600000    
15000    667.967757   1.653535     0.000000     0.600000    
15000    667.968651   1.650564     0.000000     0.600000    
15000    667.969706   1.649175     0.000000     0.600000    
15000    667.970611   1.647814     0.000000     0.600000    
15000    667.971611   1.646676     0.000000     0.600000    
15000    667.973164   1.645641     0.000000     0.600000    
15000    667.974600   1.644865     0.000000     0.600000    
15000    667.975730   1.643073     0.000000     0.600000    
15000    667.976679   1.641075     0.000000     0.600000    
15000    667.977603   1.639985     0.000000     0.600000    
15000    667.978522   1.638604     0.000000     0.600000    
15000    667.979696   1.637518     0.000000     0.600000    
15000    667.980579   1.636777     0.000000     0.600000    
15000    667.982177   1.635447     0.000000     0.600000    
15000    667.983173   1.633361     0.000000     0.600000    
15000    667.984112   1.631821     0.000000     0.600000    
15000    667.984982   1.631335     0.000000     0.600000    
15000    667.986527   1.630282     0.000000     0.600000    
15000    667.989919   1.628417     0.000000     0.600000    
15000    667.990938   1.626635     0.000000     0.600000    
15000    667.992536   1.625982     0.000000     0.600000    
15000    667.993439   1.624861     0.000000     0.600000    
15000    667.994345   1.623936     0.000000     0.600000    
15000    667.995237   1.621976     0.000000     0.600000    
15000    667.996547   1.620877     0.000000     0.600000    
15000    667.997493   1.618723     0.000000     0.600000    
15000    667.998471   1.617799     0.000000     0.600000    
15000    668.000156   1.616231     0.000000     0.600000    
15000    668.002436   1.613762     0.000000     0.600000    
15000    668.004023   1.610959     0.000000     0.600000    
15000    668.005628   1.609939     0.000000     0.600000    
15000    668.006852   1.609531     0.000000     0.600000    
15000    668.008325   1.607677     0.000000     0.600000    
15000    668.009209   1.606954     0.000000     0.600000    
15000    668.010089   1.606174     0.000000     0.600000    
15000    668.010969   1.605811     0.000000     0.600000    
15000    668.011887   1.604697     0.000000     0.600000    
15000    668.012984   1.603260     0.000000     0.600000    
15000    668.013936   1.602422     0.000000     0.600000    
15000    668.015147   1.600459     0.000000     0.600000    
15000    668.016032   1.598602     0.000000     0.600000    
15000    668.016882   1.596860     0.000000     0.600000    
15000    668.017752   1.593770     0.000000     0.600000    
15000    668.018702   1.591928     0.000000     0.600000    
15000    668.019707   1.590859     0.000000     0.600000    
15000    668.021460   1.589289     0.000000     0.600000    
15000    668.022647   1.588583     0.000000     0.600000    
15000    668.024976   1.586536     0.000000     0.600000    
15000    668.027908   1.585596     0.000000     0.600000    
15000    668.028985   1.584683     0.000000     0.600000    
15000    668.030316   1.582735     0.000000     0.600000    
15000    668.031201   1.580402     0.000000     0.600000    
15000    668.032052   1.579490     0.000000     0.600000    
15000    668.033436   1.576815     0.000000     0.600000    
15000    668.034462   1.576424     0.000000     0.600000    
15000    668.035338   1.574640     0.000000     0.600000    
15000    668.036206   1.572967     0.000000     0.600000    
15000    668.037095   1.570817     0.000000     0.600000    
15000    668.037984   1.569674     0.000000     0.600000    
15000    668.038847   1.568314     0.000000     0.600000    
15000    668.040138   1.566210     0.000000     0.600000    
15000    668.041855   1.564406     0.000000     0.600000    
15000    668.042755   1.562538     0.000000     0.600000    
15000    668.043650   1.561247     0.000000     0.600000    
15000    668.044561   1.559246     0.000000     0.600000    
15000    668.045451   1.557567     0.000000     0.600000    
15000    668.046388   1.555856     0.000000     0.600000    
15000    668.047280   1.554919     0.000000     0.600000    
15000    668.048167   1.552491     0.000000     0.600000    
15000    668.049338   1.551209     0.000000     0.600000    
15000    668.050225   1.550030     0.000000     0.600000    
15000    668.051110   1.548615     0.000000     0.600000    
15000    668.051998   1.546405     0.000000     0.600000    
15000    668.052892   1.543285     0.000000     0.600000    
15000    668.054068   1.541930     0.000000     0.600000    
15000    668.055212   1.540483     0.000000     0.600000    
15000    668.056617   1.539622     0.000000     0.600000    
15000    668.057569   1.536423     0.000000     0.600000    
15000    668.058466   1.535328     0.000000     0.600000    
15000    668.059334   1.534881     0.000000     0.600000    
15000    668.060227   1.533791     0.000000     0.600000    
15000    668.061123   1.532574     0.000000     0.600000    
15000    668.062045   1.531721     0.000000     0.600000    
15000    668.063160   1.530813     0.000000     0.600000    
15000    668.064056   1.529723     0.000000     0.600000    
15000    668.064998   1.528367     0.000000     0.600000    
15000    668.066007   1.527205     0.000000     0.600000    
15000    668.067154   1.525330     0.000000     0.600000    
15000    668.068146   1.524010     0.000000     0.600000    
15000    668.069020   1.523459     0.000000     0.600000    
15000    668.069910   1.522795     0.000000     0.600000    
15000    668.070808   1.522320     0.000000     0.600000    
15000    668.071845   1.521337     0.000000     0.600000    
15000    668.073319   1.519258     0.000000     0.600000    
15000    668.075312   1.517404     0.000000     0.600000    
15000    668.078144   1.516252     0.000000     0.600000    
15000    668.079063   1.515232     0.000000     0.600000    
15000    668.079947   1.514263     0.000000     0.600000    
15000    668.081522   1.512049     0.000000     0.600000    
15000    668.083259   1.510946     0.000000     0.600000    
15000    668.084345   1.510432     0.000000     0.600000    
15000    668.085285   1.509464     0.000000     0.600000    
15000    668.086183   1.507432     0.000000     0.600000    
15000    668.087112   1.505890     0.000000     0.600000    
15000    668.087990   1.505031     0.000000     0.600000    
15000    668.089104   1.504499     0.000000     0.600000    
15000    668.089996   1.504037     0.000000     0.600000    
15000    668.091409   1.502858     0.000000     0.600000    
15000    668.092803   1.500770     0.000000     0.600000    
15000    668.094044   1.498149     0.000000     0.600000    
15000    668.094915   1.496645     0.000000     0.600000    
15000    668.095796   1.493827     0.000000     0.600000    
15000    668.096680   1.492011     0.000000     0.600000    
15000    668.097576   1.489482     0.000000     0.600000    
15000    668.098443   1.488373     0.000000     0.600000    
15000    668.099316   1.487615     0.000000     0.600000    
15000    668.100202   1.485872     0.000000     0.600000    
15000    668.101060   1.484923     0.000000     0.600000    
15000    668.101927   1.483713     0.000000     0.600000    
15000    668.102796   1.482656     0.000000     0.600000    
15000    668.103677   1.481301     0.000000     0.600000    
15000    668.104550   1.480780     0.000000     0.600000    
15000    668.105388   1.480348     0.000000     0.600000    
15000    668.106239   1.479657     0.000000     0.600000    
15000    668.107109   1.478396     0.000000     0.600000    
15000    668.107978   1.478014     0.000000     0.600000    
15000    668.108854   1.476944     0.000000     0.600000    
15000    668.109914   1.475718     0.000000     0.600000    
15000    668.110820   1.475065     0.000000     0.600000    
15000    668.111910   1.473146     0.000000     0.600000    
15000    668.112798   1.472687     0.000000     0.600000    
15000    668.113749   1.470403     0.000000     0.600000    
15000    668.114663   1.469724     0.000000     0.600000    
15000    668.115551   1.468222     0.000000     0.600000    
15000    668.116430   1.467670     0.000000     0.600000    
15000    668.117307   1.466159     0.000000     0.600000    
15000    668.118190   1.465343     0.000000     0.600000    
15000    668.119072   1.463930     0.000000     0.600000    
15000    668.120047   1.462823     0.000000     0.600000    
15000    668.120941   1.461368     0.000000     0.600000    
15000    668.121933   1.458981     0.000000     0.600000    
15000    668.122796   1.457912     0.000000     0.600000    
15000    668.123675   1.455455     0.000000     0.600000    
15000    668.124668   1.453301     0.000000     0.600000    
15000    668.125580   1.451294     0.000000     0.600000    
15000    668.126479   1.448536     0.000000     0.600000    
15000    668.127385   1.447639     0.000000     0.600000    
15000    668.128270   1.446320     0.000000     0.600000    
15000    668.129246   1.445630     0.000000     0.600000    
15000    668.130210   1.444152     0.000000     0.600000    
15000    668.131171   1.442768     0.000000     0.600000    
15000    668.132076   1.442337     0.000000     0.600000    
15000    668.133619   1.441462     0.000000     0.600000    
15000    668.134886   1.440108     0.000000     0.600000    
15000    668.135750   1.439658     0.000000     0.600000    
15000    668.136729   1.437199     0.000000     0.600000    
15000    668.137613   1.434765     0.000000     0.600000    
15000    668.138610   1.433705     0.000000     0.600000    
15000    668.139505   1.433400     0.000000     0.600000    
15000    668.140516   1.431568     0.000000     0.600000    
15000    668.141396   1.430955     0.000000     0.600000    
15000    668.142279   1.429675     0.000000     0.600000    
15000    668.143156   1.429292     0.000000     0.600000    
15000    668.144025   1.428798     0.000000     0.600000    
15000    668.144911   1.427281     0.000000     0.600000    
15000    668.145772   1.426238     0.000000     0.600000    
15000    668.146652   1.425234     0.000000     0.600000    
15000    668.147543   1.423915     0.000000     0.600000    
15000    668.148422   1.423343     0.000000     0.600000    
15000    668.149298   1.420289     0.000000     0.600000    
15000    668.150183   1.418822     0.000000     0.600000    
15000    668.151072   1.417578     0.000000     0.600000    
15000    668.151942   1.416994     0.000000     0.600000    
15000    668.152819   1.415982     0.000000     0.600000    
15000    668.153683   1.415068     0.000000     0.600000    
15000    668.154547   1.413256     0.000000     0.600000    
15000    668.155382   1.412245     0.000000     0.600000    
15000    668.156225   1.410895     0.000000     0.600000    
15000    668.157096   1.408906     0.000000     0.600000    
15000    668.157952   1.407658     0.000000     0.600000    
15000    668.158810   1.406029     0.000000     0.600000    
15000    668.159667   1.405232     0.000000     0.600000    
15000    668.160513   1.404223     0.000000     0.600000    
15000    668.161372   1.403561     0.000000     0.600000    
15000    668.162258   1.402635     0.000000     0.600000    
15000    668.163115   1.401526     0.000000     0.600000    
15000    668.163966   1.400543     0.000000     0.600000    
15000    668.164825   1.398282     0.000000     0.600000    
15000    668.165682   1.397736     0.000000     0.600000    
15000    668.166540   1.396833     0.000000     0.600000    
15000    668.167436   1.395173     0.000000     0.600000    
15000    668.168326   1.394851     0.000000     0.600000    
15000    668.169217   1.393290     0.000000     0.600000    
15000    668.170062   1.392169     0.000000     0.600000    
15000    668.170904   1.390249     0.000000     0.600000    
15000    668.171759   1.388526     0.000000     0.600000    
15000    668.172612   1.387969     0.000000     0.600000    
15000    668.173465   1.386749     0.000000     0.600000    
15000    668.174305   1.385808     0.000000     0.600000    
15000    668.175291   1.385306     0.000000     0.600000    
15000    668.176147   1.384570     0.000000     0.600000    
15000    668.176993   1.383855     0.000000     0.600000    
15000    668.177846   1.382209     0.000000     0.600000    
15000    668.179619   1.380141     0.000000     0.600000    
15000    668.180520   1.379411     0.000000     0.600000    
15000    668.181434   1.378803     0.000000     0.600000    
15000    668.182337   1.378654     0.000000     0.600000    
15000    668.183246   1.377071     0.000000     0.600000    
15000    668.184115   1.376044     0.000000     0.600000    
15000    668.184951   1.375492     0.000000     0.600000    
15000    668.188905   1.373800     0.000000     0.600000    
15000    668.189824   1.372828     0.000000     0.600000    
15000    668.190717   1.370992     0.000000     0.600000    
15000    668.191797   1.370563     0.000000     0.600000    
15000    668.192679   1.369656     0.000000     0.600000    
15000    668.193535   1.368292     0.000000     0.600000    
15000    668.194411   1.366986     0.000000     0.600000    
15000    668.195254   1.365870     0.000000     0.600000    
15000    668.196132   1.363787     0.000000     0.600000    
15000    668.197015   1.362523     0.000000     0.600000    
15000    668.197886   1.360469     0.000000     0.600000    
15000    668.198762   1.359388     0.000000     0.600000    
15000    668.199628   1.358640     0.000000     0.600000    
15000    668.200519   1.356361     0.000000     0.600000    
15000    668.201388   1.355455     0.000000     0.600000    
15000    668.202261   1.354693     0.000000     0.600000    
15000    668.203113   1.354534     0.000000     0.600000    
15000    668.203985   1.353317     0.000000     0.600000    
15000    668.204932   1.352311     0.000000     0.600000    
15000    668.205809   1.350839     0.000000     0.600000    
15000    668.206699   1.348816     0.000000     0.600000    
15000    668.207571   1.348100     0.000000     0.600000    
15000    668.208469   1.346093     0.000000     0.600000    
15000    668.209328   1.345392     0.000000     0.600000    
15000    668.210189   1.344408     0.000000     0.600000    
15000    668.211035   1.343576     0.000000     0.600000    
15000    668.211930   1.342160     0.000000     0.600000    
15000    668.212952   1.341889     0.000000     0.600000    
15000    668.213861   1.341171     0.000000     0.600000    
15000    668.214750   1.340774     0.000000     0.600000    
15000    668.215613   1.339940     0.000000     0.600000    
15000    668.216494   1.338560     0.000000     0.600000    
15000    668.217365   1.337326     0.000000     0.600000    
15000    668.218252   1.335519     0.000000     0.600000    
15000    668.219137   1.334110     0.000000     0.600000    
15000    668.220018   1.331850     0.000000     0.600000    
15000    668.220888   1.331354     0.000000     0.600000    
15000    668.221764   1.330374     0.000000     0.600000    
15000    668.222627   1.329479     0.000000     0.600000    
15000    668.223510   1.328220     0.000000     0.600000    
15000    668.224394   1.326437     0.000000     0.600000    
15000    668.225272   1.324610     0.000000     0.600000    
15000    668.226154   1.322407     0.000000     0.600000    
15000    668.227030   1.321164     0.000000     0.600000    
15000    668.227898   1.319817     0.000000     0.600000    
15000    668.228772   1.318716     0.000000     0.600000    
15000    668.229638   1.316924     0.000000     0.600000    
15000    668.230497   1.314871     0.000000     0.600000    
15000    668.231368   1.313711     0.000000     0.600000    
15000    668.232228   1.312289     0.000000     0.600000    
15000    668.233106   1.311219     0.000000     0.600000    
15000    668.233989   1.310306     0.000000     0.600000    
15000    668.235276   1.309585     0.000000     0.600000    
15000    668.236606   1.308991     0.000000     0.600000    
15000    668.237808   1.307650     0.000000     0.600000    
15000    668.239012   1.306828     0.000000     0.600000    
15000    668.239934   1.305870     0.000000     0.600000    
15000    668.240866   1.305048     0.000000     0.600000    
15000    668.241763   1.304351     0.000000     0.600000    
15000    668.242787   1.303596     0.000000     0.600000    
15000    668.243704   1.302204     0.000000     0.600000    
15000    668.244571   1.301553     0.000000     0.600000    
15000    668.245456   1.299803     0.000000     0.600000    
15000    668.246330   1.298149     0.000000     0.600000    
15000    668.247216   1.295955     0.000000     0.600000    
15000    668.248084   1.294388     0.000000     0.600000    
15000    668.248950   1.293291     0.000000     0.600000    
15000    668.249824   1.292022     0.000000     0.600000    
15000    668.250704   1.291273     0.000000     0.600000    
15000    668.251565   1.288834     0.000000     0.600000    
15000    668.252445   1.287452     0.000000     0.600000    
15000    668.253315   1.286454     0.000000     0.600000    
15000    668.254186   1.285642     0.000000     0.600000    
15000    668.255073   1.283209     0.000000     0.600000    
15000    668.255944   1.281775     0.000000     0.600000    
15000    668.256931   1.279547     0.000000     0.600000    
15000    668.257952   1.277597     0.000000     0.600000    
15000    668.258968   1.276075     0.000000     0.600000    
15000    668.259911   1.274806     0.000000     0.600000    
15000    668.260785   1.272852     0.000000     0.600000    
15000    668.261648   1.271150     0.000000     0.600000    
15000    668.262536   1.269920     0.000000     0.600000    
15000    668.263407   1.268422     0.000000     0.600000    
15000    668.264270   1.267071     0.000000     0.600000    
15000    668.265132   1.265305     0.000000     0.600000    
15000    668.265989   1.264226     0.000000     0.600000    
15000    668.266868   1.261506     0.000000     0.600000    
15000    668.267796   1.259569     0.000000     0.600000    
15000    668.268666   1.258858     0.000000     0.600000    
15000    668.269547   1.257775     0.000000     0.600000    
15000    668.270425   1.255996     0.000000     0.600000    
15000    668.271297   1.254741     0.000000     0.600000    
15000    668.272159   1.254113     0.000000     0.600000    
15000    668.273039   1.253576     0.000000     0.600000    
15000    668.273921   1.252490     0.000000     0.600000    
15000    668.274786   1.250942     0.000000     0.600000    
15000    668.276040   1.249697     0.000000     0.600000    
15000    668.277035   1.248713     0.000000     0.600000    
15000    668.277935   1.247711     0.000000     0.600000    
15000    668.278804   1.247124     0.000000     0.600000    
15000    668.279761   1.246321     0.000000     0.600000    
15000    668.280684   1.245104     0.000000     0.600000    
15000    668.281564   1.243996     0.000000     0.600000    
15000    668.282417   1.243057     0.000000     0.600000    
15000    668.283372   1.241856     0.000000     0.600000    
15000    668.284254   1.238598     0.000000     0.600000    
15000    668.285104   1.238584     0.000000     0.600000    
15000    668.285987   1.236216     0.000000     0.600000    
15000    668.286854   1.235711     0.000000     0.600000    
15000    668.287722   1.233989     0.000000     0.600000    
15000    668.288587   1.233482     0.000000     0.600000    
15000    668.289442   1.233103     0.000000     0.600000    
15000    668.290287   1.232416     0.000000     0.600000    
15000    668.291150   1.230811     0.000000     0.600000    
15000    668.291995   1.228593     0.000000     0.600000    
15000    668.292847   1.227606     0.000000     0.600000    
15000    668.293712   1.226123     0.000000     0.600000    
15000    668.294578   1.225163     0.000000     0.600000    
15000    668.295437   1.223970     0.000000     0.600000    
15000    668.296292   1.222753     0.000000     0.600000    
15000    668.297140   1.221929     0.000000     0.600000    
15000    668.298034   1.221173     0.000000     0.600000    
15000    668.298909   1.218784     0.000000     0.600000    
15000    668.300444   1.217300     0.000000     0.600000    
15000    668.301514   1.216538     0.000000     0.600000    
15000    668.302555   1.215834     0.000000     0.600000    
15000    668.303431   1.214341     0.000000     0.600000    
15000    668.304303   1.212275     0.000000     0.600000    
15000    668.305148   1.211303     0.000000     0.600000    
15000    668.306005   1.210471     0.000000     0.600000    
15000    668.306877   1.208384     0.000000     0.600000    
15000    668.307719   1.206987     0.000000     0.600000    
15000    668.308556   1.206036     0.000000     0.600000    
15000    668.309435   1.204802     0.000000     0.600000    
15000    668.310301   1.204266     0.000000     0.600000    
15000    668.311181   1.202810     0.000000     0.600000    
15000    668.312060   1.202288     0.000000     0.600000    
15000    668.313724   1.200752     0.000000     0.600000    
15000    668.314631   1.197877     0.000000     0.600000    
15000    668.315492   1.196934     0.000000     0.600000    
15000    668.316374   1.194196     0.000000     0.600000    
15000    668.317257   1.192733     0.000000     0.600000    
15000    668.318111   1.192203     0.000000     0.600000    
15000    668.318976   1.190717     0.000000     0.600000    
15000    668.319842   1.189529     0.000000     0.600000    
15000    668.320676   1.189307     0.000000     0.600000    
15000    668.321650   1.187304     0.000000     0.600000    
15000    668.322522   1.186152     0.000000     0.600000    
15000    668.323383   1.185086     0.000000     0.600000    
15000    668.324557   1.183593     0.000000     0.600000    
15000    668.325417   1.182797     0.000000     0.600000    
15000    668.326280   1.181025     0.000000     0.600000    
15000    668.327106   1.180194     0.000000     0.600000    
15000    668.327930   1.179842     0.000000     0.600000    
15000    668.328780   1.177413     0.000000     0.600000    
15000    668.329639   1.175692     0.000000     0.600000    
15000    668.330491   1.174689     0.000000     0.600000    
15000    668.331353   1.173627     0.000000     0.600000    
15000    668.332202   1.173309     0.000000     0.600000    
15000    668.333069   1.171823     0.000000     0.600000    
15000    668.333930   1.171311     0.000000     0.600000    
15000    668.335195   1.170279     0.000000     0.600000    
15000    668.336793   1.168561     0.000000     0.600000    
15000    668.340220   1.167173     0.000000     0.600000    
15000    668.341160   1.166466     0.000000     0.600000    
15000    668.342069   1.165081     0.000000     0.600000    
15000    668.342963   1.163400     0.000000     0.600000    
15000    668.343831   1.162909     0.000000     0.600000    
15000    668.344710   1.161521     0.000000     0.600000    
15000    668.346507   1.160062     0.000000     0.600000    
15000    668.347349   1.157910     0.000000     0.600000    
15000    668.348199   1.155269     0.000000     0.600000    
15000    668.349040   1.154269     0.000000     0.600000    
15000    668.349866   1.153794     0.000000     0.600000    
15000    668.350718   1.152945     0.000000     0.600000    
15000    668.351573   1.152477     0.000000     0.600000    
15000    668.352609   1.151738     0.000000     0.600000    
15000    668.353545   1.149192     0.000000     0.600000    
15000    668.354652   1.147895     0.000000     0.600000    
15000    668.355626   1.146521     0.000000     0.600000    
15000    668.356602   1.146152     0.000000     0.600000    
15000    668.357564   1.145166     0.000000     0.600000    
15000    668.358532   1.144013     0.000000     0.600000    
15000    668.359504   1.142275     0.000000     0.600000    
15000    668.360467   1.141947     0.000000     0.600000    
15000    668.361442   1.141150     0.000000     0.600000    
15000    668.362417   1.140485     0.000000     0.600000    
15000    668.363433   1.139604     0.000000     0.600000    
15000    668.364438   1.137466     0.000000     0.600000    
15000    668.365423   1.136098     0.000000     0.600000    
15000    668.366393   1.135001     0.000000     0.600000    
15000    668.367380   1.134272     0.000000     0.600000    
15000    668.368444   1.133065     0.000000     0.600000    
15000    668.369430   1.132897     0.000000     0.600000    
15000    668.370440   1.132270     0.000000     0.600000    
15000    668.371626   1.131473     0.000000     0.600000    
15000    668.372897   1.130246     0.000000     0.600000    
15000    668.373965   1.129841     0.000000     0.600000    
15000    668.375404   1.129397     0.000000     0.600000    
15000    668.376388   1.128768     0.000000     0.600000    
15000    668.377384   1.127082     0.000000     0.600000    
15000    668.378341   1.126815     0.000000     0.600000    
15000    668.379533   1.126059     0.000000     0.600000    
15000    668.380545   1.125443     0.000000     0.600000    
15000    668.381538   1.123070     0.000000     0.600000    
15000    668.382534   1.121926     0.000000     0.600000    
15000    668.383531   1.120676     0.000000     0.600000    
15000    668.384560   1.119949     0.000000     0.600000    
15000    668.385565   1.119266     0.000000     0.600000    
15000    668.386568   1.118320     0.000000     0.600000    
15000    668.387556   1.117280     0.000000     0.600000    
15000    668.388653   1.115459     0.000000     0.600000    
15000    668.389940   1.114430     0.000000     0.600000    
15000    668.391864   1.114098     0.000000     0.600000    
15000    668.392892   1.113171     0.000000     0.600000    
15000    668.393896   1.112701     0.000000     0.600000    
15000    668.394902   1.111999     0.000000     0.600000    
15000    668.395934   1.111023     0.000000     0.600000    
15000    668.396934   1.110103     0.000000     0.600000    
15000    668.397967   1.108041     0.000000     0.600000    
15000    668.398984   1.106822     0.000000     0.600000    
15000    668.399991   1.106207     0.000000     0.600000    
15000    668.401008   1.105249     0.000000     0.600000    
15000    668.402053   1.104729     0.000000     0.600000    
15000    668.403100   1.103819     0.000000     0.600000    
15000    668.404107   1.103670     0.000000     0.600000    
15000    668.405120   1.101782     0.000000     0.600000    
15000    668.406265   1.101247     0.000000     0.600000    
15000    668.407269   1.100367     0.000000     0.600000    
15000    668.408261   1.099859     0.000000     0.600000    
15000    668.409340   1.099103     0.000000     0.600000    
15000    668.410501   1.098680     0.000000     0.600000    
15000    668.411556   1.098264     0.000000     0.600000    
15000    668.412606   1.097458     0.000000     0.600000    
15000    668.413624   1.096512     0.000000     0.600000    
15000    668.414609   1.095685     0.000000     0.600000    
15000    668.415595   1.093930     0.000000     0.600000    
15000    668.416580   1.093632     0.000000     0.600000    
15000    668.417548   1.092149     0.000000     0.600000    
15000    668.418521   1.091329     0.000000     0.600000    
15000    668.419512   1.089933     0.000000     0.600000    
15000    668.420479   1.089780     0.000000     0.600000    
15000    668.421472   1.087623     0.000000     0.600000    
15000    668.422445   1.086573     0.000000     0.600000    
15000    668.423419   1.085850     0.000000     0.600000    
15000    668.424432   1.083880     0.000000     0.600000    
15000    668.425411   1.083292     0.000000     0.600000    
15000    668.426408   1.081925     0.000000     0.600000    
15000    668.427409   1.079989     0.000000     0.600000    
15000    668.428412   1.078665     0.000000     0.600000    
15000    668.429401   1.078129     0.000000     0.600000    
15000    668.430350   1.077286     0.000000     0.600000    
15000    668.431304   1.076722     0.000000     0.600000    
15000    668.432281   1.075736     0.000000     0.600000    
15000    668.433256   1.074690     0.000000     0.600000    
15000    668.434219   1.073504     0.000000     0.600000    
15000    668.435187   1.072994     0.000000     0.600000    
15000    668.436142   1.072418     0.000000     0.600000    
15000    668.437122   1.072071     0.000000     0.600000    
15000    668.438146   1.071846     0.000000     0.600000    
15000    668.439204   1.070806     0.000000     0.600000    
15000    668.440334   1.070152     0.000000     0.600000    
15000    668.441338   1.068838     0.000000     0.600000    
15000    668.442345   1.068233     0.000000     0.600000    
15000    668.443338   1.066810     0.000000     0.600000    
15000    668.444334   1.066276     0.000000     0.600000    
15000    668.445329   1.065273     0.000000     0.600000    
15000    668.446320   1.062920     0.000000     0.600000    
15000    668.447719   1.062017     0.000000     0.600000    
15000    668.449527   1.061030     0.000000     0.600000    
15000    668.450596   1.059598     0.000000     0.600000    
15000    668.451586   1.059015     0.000000     0.600000    
15000    668.452570   1.057092     0.000000     0.600000    
15000    668.453548   1.056116     0.000000     0.600000    
15000    668.454542   1.054528     0.000000     0.600000    
15000    668.455526   1.053266     0.000000     0.600000    
15000    668.456504   1.050821     0.000000     0.600000    
15000    668.457497   1.050336     0.000000     0.600000    
15000    668.458456   1.049892     0.000000     0.600000    
15000    668.459432   1.049277     0.000000     0.600000    
15000    668.461964   1.048988     0.000000     0.600000    
15000    668.463813   1.048756     0.000000     0.600000    
15000    668.464978   1.046916     0.000000     0.600000    
15000    668.465997   1.045870     0.000000     0.600000    
15000    668.466991   1.044086     0.000000     0.600000    
15000    668.468053   1.042965     0.000000     0.600000    
15000    668.469039   1.041619     0.000000     0.600000    
15000    668.470020   1.041217     0.000000     0.600000    
15000    668.476358   1.039355     0.000000     0.600000    
15000    668.477413   1.038025     0.000000     0.600000    
15000    668.478523   1.037557     0.000000     0.600000    
15000    668.479764   1.036117     0.000000     0.600000    
15000    668.480768   1.035374     0.000000     0.600000    
15000    668.481748   1.034491     0.000000     0.600000    
15000    668.482743   1.032952     0.000000     0.600000    
15000    668.483727   1.032021     0.000000     0.600000    
15000    668.484718   1.031500     0.000000     0.600000    
15000    668.486052   1.030570     0.000000     0.600000    
15000    668.487057   1.029294     0.000000     0.600000    
15000    668.488052   1.028914     0.000000     0.600000    
15000    668.489069   1.028101     0.000000     0.600000    
15000    668.490077   1.027572     0.000000     0.600000    
15000    668.491078   1.026110     0.000000     0.600000    
15000    668.492111   1.024747     0.000000     0.600000    
15000    668.493128   1.023629     0.000000     0.600000    
15000    668.494131   1.023248     0.000000     0.600000    
15000    668.495095   1.022609     0.000000     0.600000    
15000    668.496120   1.021115     0.000000     0.600000    
15000    668.497110   1.019711     0.000000     0.600000    
15000    668.498095   1.019093     0.000000     0.600000    
15000    668.499093   1.018158     0.000000     0.600000    
15000    668.500084   1.017189     0.000000     0.600000    
15000    668.501323   1.015538     0.000000     0.600000    
15000    668.502308   1.014891     0.000000     0.600000    
15000    668.503280   1.014332     0.000000     0.600000    
15000    668.504281   1.013470     0.000000     0.600000    
15000    668.505255   1.012028     0.000000     0.600000    
15000    668.506248   1.010430     0.000000     0.600000    
15000    668.507235   1.009801     0.000000     0.600000    
15000    668.508465   1.008522     0.000000     0.600000    
15000    668.509686   1.007933     0.000000     0.600000    
15000    668.510700   1.007328     0.000000     0.600000    
15000    668.511714   1.006317     0.000000     0.600000    
15000    668.512712   1.005694     0.000000     0.600000    
15000    668.513715   1.003944     0.000000     0.600000    
15000    668.514722   1.002593     0.000000     0.600000    
15000    668.515718   1.000988     0.000000     0.600000    
15000    668.516692   1.000579     0.000000     0.600000    
15000    668.517681   0.998548     0.000000     0.600000    
15000    668.518633   0.998150     0.000000     0.600000    
15000    668.519602   0.996524     0.000000     0.600000    
15000    668.520611   0.994576     0.000000     0.600000    
15000    668.521607   0.993292     0.000000     0.600000    
15000    668.522640   0.992491     0.000000     0.600000    
15000    668.523624   0.991062     0.000000     0.600000    
15000    668.524653   0.990234     0.000000     0.600000    
15000    668.525633   0.988444     0.000000     0.600000    
15000    668.526605   0.988188     0.000000     0.600000    
15000    668.528526   0.986785     0.000000     0.600000    
15000    668.529524   0.985595     0.000000     0.600000    
15000    668.530514   0.984676     0.000000     0.600000    
15000    668.531671   0.983614     0.000000     0.600000    
15000    668.532650   0.982766     0.000000     0.600000    
15000    668.533607   0.981996     0.000000     0.600000    
15000    668.537117   0.980847     0.000000     0.600000    
15000    668.538219   0.979834     0.000000     0.600000    
15000    668.539204   0.979138     0.000000     0.600000    
15000    668.540181   0.978850     0.000000     0.600000    
15000    668.541162   0.978037     0.000000     0.600000    
15000    668.542126   0.977631     0.000000     0.600000    
15000    668.543519   0.976888     0.000000     0.600000    
15000    668.544685   0.976531     0.000000     0.600000    
15000    668.545642   0.975731     0.000000     0.600000    
15000    668.546710   0.974780     0.000000     0.600000    
15000    668.547868   0.973159     0.000000     0.600000    
15000    668.549181   0.972422     0.000000     0.600000    
15000    668.550216   0.971382     0.000000     0.600000    
15000    668.551280   0.970349     0.000000     0.600000    
15000    668.552922   0.969706     0.000000     0.600000    
15000    668.554130   0.968957     0.000000     0.600000    
15000    668.555547   0.967985     0.000000     0.600000    
15000    668.557348   0.967103     0.000000     0.600000    
15000    668.559009   0.966365     0.000000     0.600000    
15000    668.560723   0.964540     0.000000     0.600000    
15000    668.562139   0.963710     0.000000     0.600000    
15000    668.563157   0.961327     0.000000     0.600000    
15000    668.564687   0.960779     0.000000     0.600000    
15000    668.565795   0.959812     0.000000     0.600000    
15000    668.566826   0.958919     0.000000     0.600000    
15000    668.567819   0.958234     0.000000     0.600000    
15000    668.569104   0.956518     0.000000     0.600000    
15000    668.570107   0.954964     0.000000     0.600000    
15000    668.571063   0.954283     0.000000     0.600000    
15000    668.572730   0.952446     0.000000     0.600000    
15000    668.573722   0.952055     0.000000     0.600000    
15000    668.574716   0.951307     0.000000     0.600000    
15000    668.575723   0.950056     0.000000     0.600000    
15000    668.576702   0.948282     0.000000     0.600000    
15000    668.577709   0.947307     0.000000     0.600000    
15000    668.578717   0.946643     0.000000     0.600000    
15000    668.579744   0.945798     0.000000     0.600000    
15000    668.580778   0.944470     0.000000     0.600000    
15000    668.581750   0.943617     0.000000     0.600000    
15000    668.582717   0.942800     0.000000     0.600000    
15000    668.583715   0.941311     0.000000     0.600000    
15000    668.584855   0.940653     0.000000     0.600000    
15000    668.585845   0.939818     0.000000     0.600000    
15000    668.586799   0.939473     0.000000     0.600000    
15000    668.588123   0.938757     0.000000     0.600000    
15000    668.589117   0.937896     0.000000     0.600000    
15000    668.590090   0.936575     0.000000     0.600000    
15000    668.592872   0.935174     0.000000     0.600000    
15000    668.594447   0.933575     0.000000     0.600000    
15000    668.595577   0.933009     0.000000     0.600000    
15000    668.596606   0.932130     0.000000     0.600000    
15000    668.597751   0.930596     0.000000     0.600000    
15000    668.598902   0.929444     0.000000     0.600000    
15000    668.600032   0.928347     0.000000     0.600000    
15000    668.601180   0.928028     0.000000     0.600000    
15000    668.602314   0.926959     0.000000     0.600000    
15000    668.603454   0.926090     0.000000     0.600000    
15000    668.604582   0.925776     0.000000     0.600000    
15000    668.605986   0.925327     0.000000     0.600000    
15000    668.607126   0.924351     0.000000     0.600000    
15000    668.608558   0.922733     0.000000     0.600000    
15000    668.611015   0.922083     0.000000     0.600000    
15000    668.612294   0.921018     0.000000     0.600000    
15000    668.613880   0.920148     0.000000     0.600000    
15000    668.615025   0.919456     0.000000     0.600000    
15000    668.616148   0.919081     0.000000     0.600000    
15000    668.617289   0.918055     0.000000     0.600000    
15000    668.618416   0.917054     0.000000     0.600000    
15000    668.619549   0.916535     0.000000     0.600000    
15000    668.620684   0.915227     0.000000     0.600000    
15000    668.622015   0.914758     0.000000     0.600000    
15000    668.623188   0.912474     0.000000     0.600000    
15000    668.624309   0.911744     0.000000     0.600000    
15000    668.625425   0.910810     0.000000     0.600000    
15000    668.628312   0.910214     0.000000     0.600000    
15000    668.629461   0.909271     0.000000     0.600000    
15000    668.630589   0.908747     0.000000     0.600000    
15000    668.632662   0.908309     0.000000     0.600000    
15000    668.634885   0.907625     0.000000     0.600000    
15000    668.636153   0.907034     0.000000     0.600000    
15000    668.637928   0.906368     0.000000     0.600000    
15000    668.639280   0.904993     0.000000     0.600000    
15000    668.640878   0.903951     0.000000     0.600000    
15000    668.643111   0.903463     0.000000     0.600000    
15000    668.644276   0.902994     0.000000     0.600000    
15000    668.645422   0.902660     0.000000     0.600000    
15000    668.646571   0.902127     0.000000     0.600000    
15000    668.647700   0.900612     0.000000     0.600000    
15000    668.675437   0.899966     0.000000     0.600000    
15000    668.676747   0.899101     0.000000     0.600000    
15000    668.678604   0.898620     0.000000     0.600000    
15000    668.679689   0.897137     0.000000     0.600000    
15000    668.683698   0.896494     0.000000     0.600000    
15000    668.685967   0.895686     0.000000     0.600000    
15000    668.687093   0.894575     0.000000     0.600000    
15000    668.688338   0.893430     0.000000     0.600000    
15000    668.689642   0.892465     0.000000     0.600000    
15000    668.690602   0.891361     0.000000     0.600000    
15000    668.692148   0.890393     0.000000     0.600000    
15000    668.693631   0.888745     0.000000     0.600000    
15000    668.695740   0.887902     0.000000     0.600000    
15000    668.696773   0.887009     0.000000     0.600000    
15000    668.698126   0.885475     0.000000     0.600000    
15000    668.699120   0.883688     0.000000     0.600000    
15000    668.700100   0.882286     0.000000     0.600000    
15000    668.702420   0.881454     0.000000     0.600000    
15000    668.703391   0.880904     0.000000     0.600000    
15000    668.705184   0.880276     0.000000     0.600000    
15000    668.710343   0.879415     0.000000     0.600000    
15000    668.711527   0.878193     0.000000     0.600000    
15000    668.712665   0.877366     0.000000     0.600000    
15000    668.713788   0.876869     0.000000     0.600000    
15000    668.772245   0.875238     0.000000     0.600000    
15000    668.773869   0.874844     0.000000     0.600000    
15000    668.775412   0.873719     0.000000     0.600000    
15000    668.777077   0.872930     0.000000     0.600000    
15000    668.814059   0.872124     0.000000     0.600000    
15000    668.815612   0.870762     0.000000     0.600000    
15000    668.816782   0.870155     0.000000     0.600000    
15000    668.817924   0.869028     0.000000     0.600000    
15000    668.833312   0.867454     0.000000     0.600000    
15000    668.834463   0.865864     0.000000     0.600000    
15000    668.835590   0.865375     0.000000     0.600000    
15000    668.836814   0.864317     0.000000     0.600000    
15000    668.837944   0.862984     0.000000     0.600000    
15000    668.839212   0.861355     0.000000     0.600000    
15000    668.840352   0.860237     0.000000     0.600000    
15000    668.841509   0.859422     0.000000     0.600000    
15000    668.842777   0.858459     0.000000     0.600000    
15000    668.843939   0.858000     0.000000     0.600000    
15000    668.845096   0.857233     0.000000     0.600000    
15000    668.846257   0.856208     0.000000     0.600000    
15000    668.847376   0.854874     0.000000     0.600000    
15000    668.848507   0.853601     0.000000     0.600000    
15000    668.849653   0.853091     0.000000     0.600000    
15000    668.850804   0.852218     0.000000     0.600000    
15000    668.851918   0.851409     0.000000     0.600000    
15000    668.853045   0.850258     0.000000     0.600000    
15000    668.854190   0.849795     0.000000     0.600000    
15000    668.855343   0.849257     0.000000     0.600000    
15000    668.856487   0.848500     0.000000     0.600000    
15000    668.857652   0.847610     0.000000     0.600000    
15000    668.858845   0.847483     0.000000     0.600000    
15000    668.860011   0.845853     0.000000     0.600000    
15000    668.861143   0.845663     0.000000     0.600000    
15000    668.862280   0.844230     0.000000     0.600000    
15000    668.863424   0.843597     0.000000     0.600000    
15000    668.864556   0.843231     0.000000     0.600000    
15000    668.865701   0.842310     0.000000     0.600000    
15000    668.866864   0.841174     0.000000     0.600000    
15000    668.868033   0.839143     0.000000     0.600000    
15000    668.869185   0.837544     0.000000     0.600000    
15000    668.870333   0.836679     0.000000     0.600000    
15000    668.871480   0.836076     0.000000     0.600000    
15000    668.872624   0.835254     0.000000     0.600000    
15000    668.873779   0.834204     0.000000     0.600000    
15000    668.874915   0.833748     0.000000     0.600000    
15000    668.876144   0.832869     0.000000     0.600000    
15000    668.877464   0.831848     0.000000     0.600000    
15000    668.878648   0.830080     0.000000     0.600000    
15000    668.879836   0.828817     0.000000     0.600000    
15000    668.881158   0.827902     0.000000     0.600000    
15000    668.882343   0.826721     0.000000     0.600000    
15000    668.883507   0.826465     0.000000     0.600000    
15000    668.884702   0.825625     0.000000     0.600000    
15000    668.885856   0.824081     0.000000     0.600000    
15000    668.887019   0.823517     0.000000     0.600000    
15000    668.888256   0.822956     0.000000     0.600000    
15000    668.889418   0.822611     0.000000     0.600000    
15000    668.890568   0.822182     0.000000     0.600000    
15000    668.891738   0.820087     0.000000     0.600000    
15000    668.892860   0.818591     0.000000     0.600000    
15000    668.894000   0.817499     0.000000     0.600000    
15000    668.895149   0.815434     0.000000     0.600000    
15000    668.896279   0.814803     0.000000     0.600000    
15000    668.897443   0.813342     0.000000     0.600000    
15000    668.898624   0.812185     0.000000     0.600000    
15000    668.899776   0.811107     0.000000     0.600000    
15000    668.900920   0.810180     0.000000     0.600000    
15000    668.902079   0.809599     0.000000     0.600000    
15000    668.903231   0.808780     0.000000     0.600000    
15000    668.904391   0.807043     0.000000     0.600000    
15000    668.905564   0.806012     0.000000     0.600000    
15000    668.906687   0.804683     0.000000     0.600000    
15000    668.908014   0.803872     0.000000     0.600000    
15000    668.909132   0.802634     0.000000     0.600000    
15000    668.910242   0.802392     0.000000     0.600000    
15000    668.911359   0.801806     0.000000     0.600000    
15000    668.912499   0.801305     0.000000     0.600000    
15000    668.913627   0.800401     0.000000     0.600000    
15000    668.915176   0.799308     0.000000     0.600000    
15000    668.916713   0.798550     0.000000     0.600000    
15000    668.917843   0.797661     0.000000     0.600000    
15000    668.918986   0.796171     0.000000     0.600000    
15000    668.920111   0.795791     0.000000     0.600000    
15000    668.921226   0.794721     0.000000     0.600000    
15000    668.922384   0.793097     0.000000     0.600000    
15000    668.923598   0.792419     0.000000     0.600000    
15000    668.924748   0.791517     0.000000     0.600000    
15000    668.925866   0.790585     0.000000     0.600000    
15000    668.926992   0.790063     0.000000     0.600000    
15000    668.928102   0.790026     0.000000     0.600000    
15000    668.929285   0.788403     0.000000     0.600000    
15000    668.930408   0.788181     0.000000     0.600000    
15000    668.931540   0.787759     0.000000     0.600000    
15000    668.932684   0.786320     0.000000     0.600000    
15000    668.933828   0.785808     0.000000     0.600000    
15000    668.934968   0.783734     0.000000     0.600000    
15000    668.936124   0.783062     0.000000     0.600000    
15000    668.939478   0.780584     0.000000     0.600000    
15000    668.941532   0.779773     0.000000     0.600000    
15000    668.942956   0.778876     0.000000     0.600000    
15000    668.944303   0.777808     0.000000     0.600000    
15000    668.945441   0.776903     0.000000     0.600000    
15000    668.946566   0.776236     0.000000     0.600000    
15000    668.949368   0.775801     0.000000     0.600000    
15000    668.950495   0.774861     0.000000     0.600000    
15000    668.952299   0.773289     0.000000     0.600000    
15000    668.953859   0.771287     0.000000     0.600000    
15000    668.957361   0.770699     0.000000     0.600000    
15000    668.959058   0.770082     0.000000     0.600000    
15000    668.960405   0.768630     0.000000     0.600000    
15000    668.961739   0.766869     0.000000     0.600000    
15000    668.963152   0.766738     0.000000     0.600000    
15000    668.964806   0.765524     0.000000     0.600000    
15000    668.966288   0.764251     0.000000     0.600000    
15000    668.967438   0.763434     0.000000     0.600000    
15000    668.968569   0.761424     0.000000     0.600000    
15000    668.969715   0.760991     0.000000     0.600000    
15000    668.970867   0.760113     0.000000     0.600000    
15000    668.972885   0.760003     0.000000     0.600000    
15000    668.974316   0.757524     0.000000     0.600000    
15000    668.975456   0.757099     0.000000     0.600000    
15000    668.976613   0.756259     0.000000     0.600000    
15000    668.977759   0.755344     0.000000     0.600000    
15000    668.979007   0.754209     0.000000     0.600000    
15000    668.980200   0.753250     0.000000     0.600000    
15000    668.981451   0.752015     0.000000     0.600000    
15000    668.983355   0.751331     0.000000     0.600000    
15000    668.985051   0.750781     0.000000     0.600000    
15000    668.986353   0.750144     0.000000     0.600000    
15000    668.987467   0.749911     0.000000     0.600000    
15000    668.988709   0.748323     0.000000     0.600000    
15000    668.990669   0.747841     0.000000     0.600000    
15000    668.991790   0.747299     0.000000     0.600000    
15000    668.992927   0.746247     0.000000     0.600000    
15000    668.994050   0.745819     0.000000     0.600000    
15000    668.995228   0.744146     0.000000     0.600000    
15000    668.996379   0.743050     0.000000     0.600000    
15000    668.997519   0.741963     0.000000     0.600000    
15000    668.998661   0.740897     0.000000     0.600000    
15000    668.999841   0.738384     0.000000     0.600000    
15000    669.000976   0.737725     0.000000     0.600000    
15000    669.002158   0.736781     0.000000     0.600000    
15000    669.003462   0.736059     0.000000     0.600000    
15000    669.006796   0.735569     0.000000     0.600000    
15000    669.008040   0.735104     0.000000     0.600000    
15000    669.009161   0.734704     0.000000     0.600000    
15000    669.010274   0.734410     0.000000     0.600000    
15000    669.011430   0.733930     0.000000     0.600000    
15000    669.012547   0.732556     0.000000     0.600000    
15000    669.013675   0.731465     0.000000     0.600000    
15000    669.014801   0.731125     0.000000     0.600000    
15000    669.015929   0.730274     0.000000     0.600000    
15000    669.017047   0.729309     0.000000     0.600000    
15000    669.018158   0.728300     0.000000     0.600000    
15000    669.019301   0.727886     0.000000     0.600000    
15000    669.020471   0.727377     0.000000     0.600000    
15000    669.022241   0.726560     0.000000     0.600000    
15000    669.024160   0.725994     0.000000     0.600000    
15000    669.025304   0.724722     0.000000     0.600000    
15000    669.026472   0.723538     0.000000     0.600000    
15000    669.027591   0.722972     0.000000     0.600000    
15000    669.028722   0.721600     0.000000     0.600000    
15000    669.029832   0.721172     0.000000     0.600000    
15000    669.030953   0.720702     0.000000     0.600000    
15000    669.032067   0.719709     0.000000     0.600000    
15000    669.033196   0.717462     0.000000     0.600000    
15000    669.034467   0.716352     0.000000     0.600000    
15001    669.090918   0.716100     0.783760     0.600000    
15011    669.377795   0.714399     0.784050     0.600000    
15021    669.791876   0.713627     0.783940     0.600000    
15031    670.054021   0.712378     0.781780     0.600000    
15041    670.622452   0.710753     0.780670     0.600000    
15051    670.736402   0.709260     0.780510     0.600000    
15061    670.829592   0.708019     0.785170     0.600000    
15071    670.912781   0.706033     0.783670     0.600000    
15081    670.993525   0.704299     0.782060     0.600000    
15091    671.083217   0.702383     0.784360     0.600000    
15101    671.165610   0.701004     0.785140     0.600000    
15111    671.254195   0.698927     0.783310     0.600000    
15121    671.342736   0.696539     0.783180     0.600000    
15131    671.453648   0.695774     0.785490     0.600000    
15141    671.538086   0.693512     0.781560     0.600000    
15151    671.631848   0.691456     0.785790     0.600000    
15161    671.742237   0.689036     0.784040     0.600000    
15171    671.822693   0.686797     0.784270     0.600000    
15181    671.917347   0.685135     0.782550     0.600000    
15191    672.009458   0.683430     0.781440     0.600000    
15201    672.132944   0.681831     0.785230     0.600000    
15211    672.336476   0.680255     0.781230     0.600000    
15221    672.509708   0.678938     0.779940     0.600000    
15231    672.774865   0.677413     0.781640     0.600000    
15241    672.989216   0.676357     0.779660     0.600000    
15251    673.188953   0.674686     0.782010     0.600000    
15261    673.440448   0.673359     0.785090     0.600000    
15271    673.606303   0.672081     0.782220     0.600000    
15281    673.759796   0.670340     0.781790     0.600000    
15291    673.826377   0.668786     0.782290     0.600000    
15301    673.905868   0.667193     0.779990     0.600000    
15311    673.977219   0.665755     0.783210     0.600000    
15321    674.061741   0.664595     0.782880     0.600000    
15331    674.158291   0.662148     0.780440     0.600000    
15341    674.243179   0.659467     0.781820     0.600000    
15351    674.323895   0.657984     0.782700     0.600000    
15361    674.404224   0.656203     0.780460     0.600000    
15371    674.487023   0.653877     0.781800     0.600000    
15381    674.566821   0.652486     0.777150     0.600000    
15391    674.642560   0.650715     0.780000     0.600000    
15401    674.728017   0.648791     0.780550     0.600000    
15411    674.828506   0.646155     0.782900     0.600000    
15421    674.924733   0.643665     0.781370     0.600000    
15431    675.023515   0.642128     0.783300     0.600000    
15441    675.113453   0.640008     0.777990     0.600000    
15451    675.203197   0.637559     0.778910     0.600000    
15461    675.287202   0.635321     0.781320     0.600000    
15471    675.380601   0.633714     0.781970     0.600000    
15481    675.471942   0.632344     0.784240     0.600000    
15491    675.585537   0.631593     0.779340     0.600000    
15501    675.695679   0.628843     0.781170     0.600000    
15511    675.783616   0.627192     0.780890     0.600000    
15521    675.867618   0.624462     0.778880     0.600000    
15531    675.959641   0.622205     0.782750     0.600000    
15541    676.042107   0.619192     0.781570     0.600000    
15551    676.116715   0.617130     0.778100     0.600000    
15561    676.198901   0.615782     0.779250     0.600000    
15571    676.295245   0.614455     0.782160     0.600000    
15581    676.378968   0.613142     0.780150     0.600000    
15591    676.468117   0.610886     0.777200     0.600000    
15601    676.552734   0.609139     0.779880     0.600000    
15611    676.644055   0.607388     0.780860     0.600000    
15621    676.720030   0.606097     0.779710     0.600000    
15631    676.797686   0.604528     0.782440     0.600000    
15641    676.881900   0.603448     0.780960     0.600000    
15651    676.964473   0.601930     0.779920     0.600000    
15661    677.060906   0.599550     0.779310     0.600000    
15671    677.168253   0.598115     0.781560     0.600000    
15681    677.286753   0.596309     0.778890     0.600000    
15691    677.410070   0.594684     0.780380     0.600000    
15701    677.481964   0.592579     0.778720     0.600000    
15711    677.570045   0.590807     0.780510     0.600000    
15721    677.648628   0.588482     0.778640     0.600000    
15731    677.744528   0.586640     0.781990     0.600000    
15741    677.820092   0.584636     0.781080     0.600000    
15751    677.902145   0.583125     0.782860     0.600000    
15761    677.987248   0.581678     0.780600     0.600000    
15771    678.066065   0.579962     0.779030     0.600000    
15781    678.154388   0.577578     0.779690     0.600000    
15791    678.250388   0.575229     0.779100     0.600000    
15801    678.352148   0.572892     0.779760     0.600000    
15811    678.550295   0.570804     0.779180     0.600000    
15821    678.669472   0.569438     0.779010     0.600000    
15831    678.769642   0.568356     0.778880     0.600000    
15841    678.885699   0.566925     0.776720     0.600000    
15851    678.994363   0.564509     0.778560     0.600000    
15861    679.128303   0.562922     0.776260     0.600000    
15871    679.240731   0.561597     0.777990     0.600000    
15881    679.375932   0.560672     0.779740     0.600000    
15891    679.486153   0.558470     0.779440     0.600000    
15901    679.564402   0.555051     0.779060     0.600000    
15911    679.645418   0.552782     0.778010     0.600000    
15921    679.723370   0.551015     0.778650     0.600000    
15931    679.800383   0.548861     0.777810     0.600000    
15941    679.874960   0.547059     0.776430     0.600000    
15951    679.948293   0.544833     0.779680     0.600000    
15961    680.028018   0.543840     0.777320     0.600000    
15971    680.101924   0.541376     0.778470     0.600000    
15981    680.179150   0.538652     0.776250     0.600000    
15991    680.253929   0.538166     0.779880     0.600000    
16001    680.326478   0.536213     0.775300     0.600000    
16011    680.405429   0.534890     0.775650     0.600000    
16021    680.480831   0.533478     0.775230     0.600000    
16031    680.563559   0.532167     0.778710     0.600000    
16041    680.657439   0.530838     0.777740     0.600000    
16051    680.738787   0.529383     0.778320     0.600000    
16061    680.813548   0.527795     0.775460     0.600000    
16071    680.894752   0.524481     0.779720     0.600000    
16081    680.981380   0.522277     0.775060     0.600000    
16091    681.074731   0.520808     0.778020     0.600000    
16101    681.146190   0.519081     0.777980     0.600000    
16111    681.227959   0.517963     0.777050     0.600000    
16121    681.308767   0.516015     0.776100     0.600000    
16131    681.524393   0.515151     0.778260     0.600000    
16141    681.618947   0.514091     0.777010     0.600000    
16151    681.693964   0.512382     0.775430     0.600000    
16161    681.775154   0.511233     0.776200     0.600000    
16171    681.856509   0.509206     0.775220     0.600000    
16181    681.928251   0.507779     0.778000     0.600000    
16191    682.006857   0.505923     0.779110     0.600000    
16201    682.080808   0.504519     0.778020     0.600000    
16211    682.158860   0.502269     0.776220     0.600000    
16221    682.236222   0.500928     0.777960     0.600000    
16231    682.316090   0.499519     0.776240     0.600000    
16241    682.394689   0.497266     0.778080     0.600000    
16251    682.469944   0.495870     0.777870     0.600000    
16261    682.549408   0.493209     0.775770     0.600000    
16271    682.623081   0.491808     0.778190     0.600000    
16281    682.697836   0.489517     0.777630     0.600000    
16291    682.833582   0.486977     0.775550     0.600000    
16301    682.949923   0.485011     0.776030     0.600000    
16311    683.068357   0.482911     0.773680     0.600000    
16321    683.228868   0.481361     0.774320     0.600000    
16331    683.377302   0.478855     0.778660     0.600000    
16341    683.515818   0.475654     0.777790     0.600000    
16351    683.670647   0.473433     0.775570     0.600000    
16361    683.775938   0.471612     0.775620     0.600000    
16371    683.897055   0.469350     0.774100     0.600000    
16381    684.016766   0.468534     0.776060     0.600000    
16391    684.116896   0.465705     0.775850     0.600000    
16401    684.210126   0.463469     0.776570     0.600000    
16411    684.326909   0.461768     0.775140     0.600000    
16421    684.427381   0.460278     0.776490     0.600000    
16431    684.535820   0.458608     0.773990     0.600000    
16441    684.622996   0.456173     0.774350     0.600000    
16451    684.750930   0.455012     0.774330     0.600000    
16461    684.919175   0.453428     0.775890     0.600000    
16471    685.069166   0.451165     0.775250     0.600000    
16481    685.216732   0.449624     0.775610     0.600000    
16491    685.330889   0.447427     0.774250     0.600000    
16501    685.441705   0.445825     0.777120     0.600000    
16511    685.641822   0.444624     0.777610     0.600000    
16521    685.755441   0.443386     0.775550     0.600000    
16531    685.855966   0.441219     0.775960     0.600000    
16541    685.971229   0.437634     0.775040     0.600000    
16551    686.081386   0.436272     0.775720     0.600000    
16561    686.181398   0.434488     0.773420     0.600000    
16571    686.285161   0.432679     0.772260     0.600000    
16581    686.384266   0.431462     0.774750     0.600000    
16591    686.490797   0.430230     0.775440     0.600000    
16601    686.581862   0.428683     0.773600     0.600000    
16611    686.681083   0.427682     0.774080     0.600000    
16621    686.777157   0.426227     0.772830     0.600000    
16631    686.870724   0.425000     0.775090     0.600000    
16641    686.946725   0.423194     0.774340     0.600000    
16651    687.031358   0.422137     0.775380     0.600000    
16661    687.105955   0.420602     0.774160     0.600000    
16671    687.198892   0.418735     0.773060     0.600000    
16681    687.276463   0.416849     0.773830     0.600000    
16691    687.360233   0.415410     0.772810     0.600000    
16701    687.437040   0.413202     0.776480     0.600000    
16711    687.520751   0.411586     0.769820     0.600000    
16721    687.610417   0.409586     0.775050     0.600000    
16731    687.685523   0.407958     0.773880     0.600000    
16741    687.775398   0.406930     0.773790     0.600000    
16751    687.865881   0.405469     0.775120     0.600000    
16761    687.960220   0.403804     0.773310     0.600000    
16771    688.101892   0.402874     0.775720     0.600000    
16781    688.202616   0.401717     0.771110     0.600000    
16791    688.338723   0.400153     0.774860     0.600000    
16801    688.459740   0.398472     0.771440     0.600000    
16811    688.564446   0.396948     0.774920     0.600000    
16821    688.659975   0.395362     0.771020     0.600000    
16831    688.786279   0.392659     0.774260     0.600000    
16841    688.878024   0.390965     0.770960     0.600000    
16851    689.006657   0.388255     0.770230     0.600000    
16861    689.144979   0.386972     0.770200     0.600000    
16871    689.230288   0.384777     0.774090     0.600000    
16881    689.307597   0.383531     0.773920     0.600000    
16891    689.397000   0.380465     0.770180     0.600000    
16901    689.474387   0.378981     0.775460     0.600000    
16911    689.557034   0.377965     0.773020     0.600000    
16921    689.643633   0.376304     0.773180     0.600000    
16931    689.713976   0.374507     0.771430     0.600000    
16941    689.782287   0.373018     0.774520     0.600000    
16951    689.847865   0.369828     0.772180     0.600000    
16961    689.917421   0.368221     0.773550     0.600000    
16971    689.985539   0.366929     0.772080     0.600000    
16981    690.046346   0.365340     0.770780     0.600000    
16991    690.106882   0.363252     0.773300     0.600000    
17001    690.167474   0.361686     0.772090     0.600000    
17011    690.230943   0.359739     0.771890     0.600000    
17021    690.304989   0.358281     0.776470     0.600000    
17031    690.375819   0.356758     0.770450     0.600000    
17041    690.438202   0.354892     0.771530     0.600000    
17051    690.500626   0.352575     0.773690     0.600000    
17061    690.568833   0.350610     0.767780     0.600000    
17071    690.634307   0.348655     0.769180     0.600000    
17081    690.697449   0.347488     0.769380     0.600000    
17091    690.756210   0.345669     0.774950     0.600000    
17101    690.817547   0.344364     0.770930     0.600000    
17111    690.883269   0.342449     0.771500     0.600000    
17121    690.949128   0.341049     0.771820     0.600000    
17131    691.013802   0.337852     0.770850     0.600000    
17141    691.079095   0.335717     0.769780     0.600000    
17151    691.143691   0.333537     0.770430     0.600000    
17161    691.208855   0.331317     0.769590     0.600000    
17171    691.275079   0.329266     0.770750     0.600000    
17181    691.344299   0.328096     0.770160     0.600000    
17191    691.411203   0.326247     0.772640     0.600000    
17201    691.476359   0.325058     0.769140     0.600000    
17211    691.539926   0.323706     0.769270     0.600000    
17221    691.605069   0.322738     0.770540     0.600000    
17231    691.669833   0.320651     0.771730     0.600000    
17241    691.733672   0.317885     0.771530     0.600000    
17251    691.798605   0.316585     0.769440     0.600000    
17261    691.866363   0.315128     0.769280     0.600000    
17271    691.932580   0.314039     0.770260     0.600000    
17281    691.998482   0.312689     0.770740     0.600000    
17291    692.065191   0.311416     0.769360     0.600000    
17301    692.143915   0.309279     0.773320     0.600000    
17311    692.212592   0.306569     0.771810     0.600000    
17321    692.268828   0.305582     0.770080     0.600000    
17331    692.335498   0.303815     0.772020     0.600000    
17341    692.402539   0.302683     0.772180     0.600000    
17351    692.541770   0.299898     0.768280     0.600000    
17361    692.604990   0.297161     0.766840     0.600000    
17371    692.668701   0.295979     0.768970     0.600000    
17381    692.734078   0.294082     0.770900     0.600000    
17391    692.810439   0.292892     0.773380     0.600000    
17401    692.888888   0.290484     0.768540     0.600000    
17411    692.966818   0.288446     0.769670     0.600000    
17421    693.040419   0.286891     0.768790     0.600000    
17431    693.137057   0.284746     0.768710     0.600000    
17441    693.204096   0.283835     0.768900     0.600000    
17451    693.271372   0.282754     0.769900     0.600000    
17461    693.341826   0.280201     0.767910     0.600000    
17471    693.409074   0.278194     0.770230     0.600000    
17481    693.472167   0.276927     0.766870     0.600000    
17491    693.534999   0.275064     0.769890     0.600000    
17501    693.605937   0.273489     0.771050     0.600000    
17511    693.679092   0.272200     0.770640     0.600000    
17521    693.757438   0.270302     0.768530     0.600000    
17531    693.838399   0.268469     0.766920     0.600000    
17541    693.916013   0.266704     0.767990     0.600000    
17551    693.981756   0.265237     0.767800     0.600000    
17561    694.042213   0.263367     0.768210     0.600000    
17571    694.101007   0.261263     0.769380     0.600000    
17581    694.157136   0.258359     0.768900     0.600000    
17591    694.212856   0.256711     0.767100     0.600000    
17601    694.280917   0.254911     0.767150     0.600000    
17611    694.350036   0.253809     0.769670     0.600000    
17621    694.405670   0.253189     0.766960     0.600000    
17631    694.463182   0.251320     0.767180     0.600000    
17641    694.519012   0.250118     0.768610     0.600000    
17651    694.575921   0.247553     0.765390     0.600000    
17661    694.631560   0.245545     0.767550     0.600000    
17671    694.690951   0.243678     0.771550     0.600000    
17681    694.746786   0.242136     0.763960     0.600000    
17691    694.804392   0.240894     0.767870     0.600000    
17701    694.871484   0.239971     0.766880     0.600000    
17711    694.941204   0.238040     0.768800     0.600000    
17721    695.006768   0.236264     0.769080     0.600000    
17731    695.062250   0.233172     0.769010     0.600000    
17741    695.117887   0.231954     0.768150     0.600000    
17751    695.173216   0.230487     0.767750     0.600000    
17761    695.234545   0.229282     0.768170     0.600000    
17771    695.303318   0.227662     0.770490     0.600000    
17781    695.370427   0.226289     0.768770     0.600000    
17791    695.436749   0.224987     0.767800     0.600000    
17801    695.504328   0.222987     0.765230     0.600000    
17811    695.568300   0.221100     0.763760     0.600000    
17821    695.623694   0.219753     0.766560     0.600000    
17831    695.678864   0.217697     0.763720     0.600000    
17841    695.736058   0.215726     0.768330     0.600000    
17851    695.800670   0.214064     0.764980     0.600000    
17861    695.862460   0.211583     0.765950     0.600000    
17871    695.925606   0.210340     0.765650     0.600000    
17881    695.996778   0.208774     0.765740     0.600000    
17891    696.065848   0.206151     0.765750     0.600000    
17901    696.147990   0.204490     0.765060     0.600000    
17911    696.226477   0.203175     0.765270     0.600000    
17921    696.298477   0.201632     0.767210     0.600000    
17931    696.376422   0.200016     0.766080     0.600000    
17941    696.466452   0.197262     0.768070     0.600000    
17951    696.597294   0.196163     0.768340     0.600000    
17961    696.709783   0.194818     0.765780     0.600000    
17971    696.794703   0.192429     0.766350     0.600000    
17981    696.907025   0.190839     0.764670     0.600000    
17991    696.999292   0.189488     0.765470     0.600000    
18001    697.093191   0.187209     0.765300     0.600000    
18011    697.192145   0.184433     0.766680     0.600000    
18021    697.266710   0.182023     0.766370     0.600000    
18031    697.355919   0.180654     0.766790     0.600000    
18041    697.593446   0.179283     0.766100     0.600000    
18051    697.673649   0.178491     0.767760     0.600000    
18061    697.760273   0.177355     0.766810     0.600000    
18071    697.841490   0.176008     0.764620     0.600000    
18081    697.915890   0.174512     0.766300     0.600000    
18091    697.998596   0.172177     0.764470     0.600000    
18101    698.062307   0.169711     0.769000     0.600000    
18111    698.127927   0.168642     0.762060     0.600000    
18121    698.200476   0.167402     0.762970     0.600000    
18131    698.264393   0.166429     0.768240     0.600000    
18141    698.321530   0.164181     0.763910     0.600000    
18151    698.381721   0.163106     0.764640     0.600000    
18161    698.444716   0.161407     0.763180     0.600000    
18171    698.512518   0.160582     0.762690     0.600000    
18181    698.584352   0.158419     0.765800     0.600000    
18191    698.649291   0.156522     0.764960     0.600000    
18201    698.711756   0.155077     0.763860     0.600000    
18211    698.782574   0.153989     0.763090     0.600000    
18221    698.853248   0.152484     0.767020     0.600000    
18231    698.935067   0.150298     0.764440     0.600000    
18241    699.031070   0.148688     0.764250     0.600000    
18251    699.103874   0.147012     0.765780     0.600000    
18261    699.174338   0.144961     0.764760     0.600000    
18271    699.239064   0.143353     0.765760     0.600000    
18281    699.318419   0.142480     0.765570     0.600000    
18291    699.399596   0.141652     0.766420     0.600000    
18301    699.485189   0.140406     0.763900     0.600000    
18311    699.579087   0.138555     0.762250     0.600000    
18321    699.652193   0.137794     0.762230     0.600000    
18331    699.736383   0.136453     0.760280     0.600000    
18341    699.806656   0.135868     0.764910     0.600000    
18351    699.885413   0.134382     0.761440     0.600000    
18361    699.976698   0.132331     0.763340     0.600000    
18371    700.046595   0.130951     0.763820     0.600000    
18381    700.127664   0.128480     0.760730     0.600000    
18391    700.224514   0.126522     0.764430     0.600000    
18401    700.322812   0.124537     0.763540     0.600000    
18411    700.406682   0.122384     0.762950     0.600000    
18421    700.497558   0.121341     0.765330     0.600000    
18431    700.585355   0.120144     0.764890     0.600000    
18441    700.663323   0.118664     0.762370     0.600000    
18451    700.740698   0.115758     0.765100     0.600000    
18461    700.809536   0.114110     0.763080     0.600000    
18471    700.891033   0.112356     0.759630     0.600000    
18481    700.957481   0.111113     0.762360     0.600000    
18491    701.034059   0.109765     0.764310     0.600000    
18501    701.115693   0.108171     0.762630     0.600000    
18511    701.184118   0.106630     0.764010     0.600000    
18521    701.248172   0.103265     0.763210     0.600000    
18531    701.317313   0.101537     0.764810     0.600000    
18541    701.384847   0.100090     0.760870     0.600000    
18551    701.441643   0.099227     0.763880     0.600000    
18561    701.503019   0.096249     0.762260     0.600000    
18571    701.561795   0.095455     0.764060     0.600000    
18581    701.619021   0.094521     0.762230     0.600000    
18591    701.674490   0.091689     0.762730     0.600000    
18601    701.731683   0.090265     0.759590     0.600000    
18611    701.790265   0.088586     0.765010     0.600000    
18621    701.854867   0.086532     0.761800     0.600000    
18631    701.930177   0.084091     0.763300     0.600000    
18641    701.996998   0.082209     0.761340     0.600000    
18651    702.064022   0.080979     0.759110     0.600000    
18661    702.130292   0.079124     0.761790     0.600000    
18671    702.202808   0.077465     0.761230     0.600000    
18681    702.265999   0.075814     0.762300     0.600000    
18691    702.327189   0.073790     0.760910     0.600000    
18701    702.383087   0.071759     0.764610     0.600000    
18711    702.450567   0.069858     0.759010     0.600000    
18721    702.516236   0.067875     0.760830     0.600000    
18731    702.583222   0.065299     0.762080     0.600000    
18741    702.649225   0.063899     0.759860     0.600000    
18751    702.715647   0.061675     0.761620     0.600000    
18761    702.787942   0.060567     0.761090     0.600000    
18771    702.847782   0.058685     0.760620     0.600000    
18781    702.905261   0.057363     0.759220     0.600000    
18791    702.974179   0.055522     0.762010     0.600000    
18801    703.040644   0.054239     0.760850     0.600000    
18811    703.106615   0.052762     0.760050     0.600000    
18821    703.176293   0.051218     0.761420     0.600000    
18831    703.244199   0.049697     0.760910     0.600000    
18841    703.307942   0.048290     0.761960     0.600000    
18851    703.373156   0.045580     0.760340     0.600000    
18861    703.437990   0.044261     0.761640     0.600000    
18871    703.501614   0.043080     0.760520     0.600000    
18881    703.636451   0.041528     0.757250     0.600000    
18891    703.714954   0.039945     0.758890     0.600000    
18901    703.781815   0.038279     0.761580     0.600000    
18911    703.846994   0.036436     0.761590     0.600000    
18921    703.909523   0.034124     0.762270     0.600000    
18931    703.967810   0.032288     0.760140     0.600000    
18941    704.023589   0.031057     0.759930     0.600000    
18951    704.086350   0.029869     0.760790     0.600000    
18961    704.148210   0.027972     0.761340     0.600000    
18971    704.203224   0.025539     0.761870     0.600000    
18981    704.264338   0.024056     0.758960     0.600000    
18991    704.327365   0.022475     0.759050     0.600000    
19001    704.397276   0.020773     0.761300     0.600000    
19011    704.462775   0.019004     0.761430     0.600000    
19021    704.528260   0.018087     0.757830     0.600000    
19031    704.593839   0.016822     0.762270     0.600000    
19041    704.659567   0.014648     0.760730     0.600000    
19051    704.726124   0.013180     0.760180     0.600000    
19061    704.792111   0.011285     0.757330     0.600000    
19071    704.857190   0.009515     0.758440     0.600000    
19081    704.922932   0.007861     0.760010     0.600000    
19091    704.990579   0.006164     0.758690     0.600000    
19101    705.054880   0.005417     0.760320     0.600000    
19111    705.109696   0.004278     0.759390     0.600000    
19121    705.164698   0.003031     0.756380     0.600000    
19131    705.220341   0.002034     0.762360     0.600000    
19141    705.287896   0.000268     0.758690     0.600000    
19151    705.355410   -0.000930    0.758220     0.600000    
19161    705.423291   -0.002324    0.761000     0.600000    
19171    705.488365   -0.003940    0.759490     0.600000    
19181    705.551744   -0.005147    0.759340     0.600000    
19191    705.617578   -0.006368    0.763950     0.600000    
19201    705.682327   -0.008328    0.761260     0.600000    
19211    705.746480   -0.009390    0.760920     0.600000    
19221    705.810119   -0.010540    0.758990     0.600000    
19231    705.872332   -0.013398    0.759340     0.600000    
19241    705.935089   -0.014408    0.757520     0.600000    
19251    705.998534   -0.015652    0.759310     0.600000    
19261    706.061539   -0.016865    0.755460     0.600000    
19271    706.120860   -0.018118    0.756850     0.600000    
19281    706.176616   -0.018919    0.756550     0.600000    
19291    706.239794   -0.020445    0.759960     0.600000    
19301    706.351879   -0.021468    0.758600     0.600000    
19311    706.424481   -0.022751    0.758500     0.600000    
19321    706.491105   -0.024581    0.756160     0.600000    
19331    706.548274   -0.025987    0.760740     0.600000    
19341    706.603753   -0.027952    0.756650     0.600000    
19351    706.657945   -0.029163    0.758800     0.600000    
19361    706.713851   -0.030751    0.757080     0.600000    
19371    706.778030   -0.032480    0.757880     0.600000    
19381    706.834908   -0.033668    0.755360     0.600000    
19391    706.889565   -0.035728    0.757230     0.600000    
19401    706.961026   -0.037257    0.755640     0.600000    
19411    707.028289   -0.038683    0.758540     0.600000    
19421    707.083184   -0.040501    0.760090     0.600000    
19431    707.151200   -0.042402    0.759740     0.600000    
19441    707.217952   -0.043435    0.757230     0.600000    
19451    707.302090   -0.045466    0.754790     0.600000    
19461    707.387893   -0.046905    0.756150     0.600000    
19471    707.467704   -0.048033    0.755780     0.600000    
19481    707.543658   -0.050097    0.755430     0.600000    
19491    707.628805   -0.052102    0.757750     0.600000    
19501    707.711047   -0.053260    0.755890     0.600000    
19511    707.783300   -0.055045    0.758410     0.600000    
19521    707.861991   -0.056613    0.759140     0.600000    
19531    707.930202   -0.058395    0.757680     0.600000    
19541    708.006041   -0.059723    0.755100     0.600000    
19551    708.081087   -0.061156    0.756740     0.600000    
19561    708.154062   -0.061853    0.758040     0.600000    
19571    708.226811   -0.063093    0.755780     0.600000    
19581    708.300699   -0.063566    0.754850     0.600000    
19591    708.373898   -0.064763    0.757470     0.600000    
19601    708.449878   -0.066344    0.756630     0.600000    
19611    708.524019   -0.068237    0.758630     0.600000    
19621    708.594317   -0.070148    0.755580     0.600000    
19631    708.661934   -0.072052    0.759090     0.600000    
19641    708.726508   -0.074338    0.754230     0.600000    
19651    708.792243   -0.076543    0.759920     0.600000    
19661    708.858917   -0.078215    0.758040     0.600000    
19671    708.921224   -0.080365    0.758540     0.600000    
19681    708.988868   -0.081383    0.754650     0.600000    
19691    709.048560   -0.083569    0.756160     0.600000    
19701    709.123560   -0.086398    0.758380     0.600000    
19711    709.187710   -0.087419    0.755990     0.600000    
19721    709.243822   -0.088347    0.754100     0.600000    
19731    709.299038   -0.089472    0.753630     0.600000    
19741    709.353663   -0.090491    0.757740     0.600000    
19751    709.419273   -0.092710    0.756210     0.600000    
19761    709.486492   -0.094158    0.753410     0.600000    
19771    709.551445   -0.096091    0.755640     0.600000    
19781    709.621243   -0.096796    0.755000     0.600000    
19791    709.683189   -0.098384    0.757260     0.600000    
19801    709.740742   -0.099679    0.754680     0.600000    
19811    709.809046   -0.101393    0.752010     0.600000    
19821    709.869525   -0.103686    0.756450     0.600000    
19831    709.929969   -0.105009    0.753070     0.600000    
19841    710.005635   -0.106253    0.754740     0.600000    
19851    710.083414   -0.107584    0.756960     0.600000    
19861    710.160524   -0.109957    0.757460     0.600000    
19871    710.230039   -0.111688    0.754840     0.600000    
19881    710.359047   -0.112976    0.755530     0.600000    
19891    710.426416   -0.113985    0.751500     0.600000    
19901    710.502219   -0.116872    0.753510     0.600000    
19911    710.566234   -0.118679    0.752750     0.600000    
19921    710.642594   -0.119296    0.754940     0.600000    
19931    710.715653   -0.120372    0.751700     0.600000    
19941    710.793699   -0.121231    0.753320     0.600000    
19951    710.880187   -0.122400    0.754550     0.600000    
19961    710.958478   -0.123924    0.753170     0.600000    
19971    711.025459   -0.124674    0.753320     0.600000    
19981    711.098211   -0.126378    0.755160     0.600000    
19991    711.165409   -0.128771    0.756080     0.600000    
20001    711.231869   -0.131150    0.753780     0.600000    
20011    711.291560   -0.132332    0.752040     0.600000    
20021    711.352311   -0.134099    0.751030     0.600000    
20031    711.408286   -0.135249    0.751860     0.600000    
20041    711.465124   -0.136456    0.752260     0.600000    
20051    711.520383   -0.138685    0.752870     0.600000    
20061    711.584807   -0.140325    0.752980     0.600000    
20071    711.658692   -0.141914    0.753280     0.600000    
20081    711.721165   -0.143678    0.753900     0.600000    
20091    711.780877   -0.145487    0.753050     0.600000    
20101    711.835425   -0.147239    0.754080     0.600000    
20111    711.891116   -0.148935    0.749850     0.600000    
20121    711.948339   -0.149658    0.751110     0.600000    
20131    712.014597   -0.151149    0.754120     0.600000    
20141    712.070268   -0.152516    0.751340     0.600000    
20151    712.135030   -0.153476    0.750040     0.600000    
20161    712.199843   -0.154635    0.753500     0.600000    
20171    712.258395   -0.155979    0.753260     0.600000    
20181    712.329816   -0.158161    0.753810     0.600000    
20191    712.401293   -0.159593    0.751920     0.600000    
20201    712.470259   -0.160825    0.751010     0.600000    
20211    712.549313   -0.162320    0.750450     0.600000    
20221    712.610614   -0.163367    0.752170     0.600000    
20231    712.668777   -0.164713    0.752780     0.600000    
20241    712.725629   -0.165465    0.753180     0.600000    
20251    712.817180   -0.166386    0.754150     0.600000    
20261    712.885326   -0.168211    0.752100     0.600000    
20271    712.945689   -0.169918    0.752150     0.600000    
20281    713.010362   -0.171028    0.749890     0.600000    
20291    713.076359   -0.171959    0.751870     0.600000    
20301    713.141406   -0.173735    0.750680     0.600000    
20311    713.205716   -0.175832    0.751820     0.600000    
20321    713.271330   -0.177075    0.752480     0.600000    
20331    713.337273   -0.179025    0.751290     0.600000    
20341    713.403085   -0.180190    0.753020     0.600000    
20351    713.469688   -0.182586    0.749620     0.600000    
20361    713.530054   -0.183428    0.753810     0.600000    
20371    713.595263   -0.184839    0.752070     0.600000    
20381    713.662381   -0.186740    0.750430     0.600000    
20391    713.719929   -0.189628    0.753200     0.600000    
20401    713.782241   -0.191071    0.752660     0.600000    
20411    713.850193   -0.191958    0.751790     0.600000    
20421    713.920001   -0.193528    0.750750     0.600000    
20431    713.974936   -0.194771    0.749450     0.600000    
20441    714.030964   -0.196072    0.752430     0.600000    
20451    714.086499   -0.197030    0.751520     0.600000    
20461    714.147935   -0.198978    0.750370     0.600000    
20471    714.204941   -0.200542    0.749090     0.600000    
20481    714.260698   -0.202397    0.753100     0.600000    
20491    714.314783   -0.203221    0.752270     0.600000    
20501    714.372902   -0.205118    0.751640     0.600000    
20511    714.427136   -0.206359    0.752140     0.600000    
20521    714.481228   -0.208054    0.753780     0.600000    
20531    714.540901   -0.209267    0.748900     0.600000    
20541    714.607278   -0.210307    0.751430     0.600000    
20551    714.671457   -0.212009    0.749970     0.600000    
20561    714.736315   -0.212531    0.746690     0.600000    
20571    714.796387   -0.213907    0.749820     0.600000    
20581    714.850589   -0.215173    0.748970     0.600000    
20591    714.907140   -0.217434    0.752470     0.600000    
20601    714.963151   -0.218828    0.750360     0.600000    
20611    715.084333   -0.220710    0.751090     0.600000    
20621    715.139794   -0.221480    0.750220     0.600000    
20631    715.203396   -0.223166    0.748330     0.600000    
20641    715.260321   -0.225237    0.752580     0.600000    
20651    715.317746   -0.226900    0.748240     0.600000    
20661    715.391252   -0.228128    0.750030     0.600000    
20671    715.466544   -0.229915    0.748670     0.600000    
20681    715.535761   -0.230975    0.750330     0.600000    
20691    715.597703   -0.231876    0.749920     0.600000    
20701    715.667321   -0.233568    0.751070     0.600000    
20711    715.742973   -0.234376    0.748550     0.600000    
20721    715.814925   -0.236266    0.753870     0.600000    
20731    715.875805   -0.237253    0.747780     0.600000    
20741    715.937351   -0.238455    0.748980     0.600000    
20751    716.001511   -0.239139    0.750030     0.600000    
20761    716.083041   -0.239776    0.749070     0.600000    
20771    716.150901   -0.241388    0.749800     0.600000    
20781    716.232772   -0.243042    0.748550     0.600000    
20791    716.316408   -0.245355    0.749090     0.600000    
20801    716.390961   -0.246894    0.750080     0.600000    
20811    716.468577   -0.248356    0.749230     0.600000    
20821    716.552953   -0.249557    0.748450     0.600000    
20831    716.644982   -0.250332    0.749000     0.600000    
20841    716.759808   -0.252891    0.746990     0.600000    
20851    716.836406   -0.254498    0.746640     0.600000    
20861    716.911698   -0.256008    0.746390     0.600000    
20871    716.994275   -0.257724    0.748130     0.600000    
20881    717.064301   -0.258997    0.748290     0.600000    
20891    717.139993   -0.260595    0.749800     0.600000    
20901    717.211045   -0.262006    0.749300     0.600000    
20911    717.281590   -0.262698    0.749840     0.600000    
20921    717.341936   -0.264368    0.747080     0.600000    
20931    717.400920   -0.266114    0.747240     0.600000    
20941    717.479165   -0.267616    0.748430     0.600000    
20951    717.547800   -0.268786    0.748220     0.600000    
20961    717.629953   -0.270166    0.745550     0.600000    
20971    717.696485   -0.271677    0.746340     0.600000    
20981    717.759732   -0.272581    0.748050     0.600000    
20991    717.833278   -0.273691    0.749370     0.600000    
21001    717.898860   -0.275275    0.747660     0.600000    
21011    717.962707   -0.276353    0.748160     0.600000    
21021    718.039709   -0.277577    0.745380     0.600000    
21031    718.126459   -0.279558    0.746660     0.600000    
21041    718.287943   -0.280279    0.749650     0.600000    
21051    718.379679   -0.281489    0.749780     0.600000    
21061    718.465521   -0.283874    0.751000     0.600000    
21071    718.541519   -0.285484    0.748610     0.600000    
21081    718.619016   -0.287342    0.746520     0.600000    
21091    718.707879   -0.288432    0.744340     0.600000    
21101    718.790288   -0.289807    0.747130     0.600000    
21111    718.900287   -0.291328    0.744510     0.600000    
21121    718.996120   -0.293099    0.748380     0.600000    
21131    719.077032   -0.294466    0.745040     0.600000    
21141    719.150088   -0.296029    0.745810     0.600000    
21151    719.224628   -0.298689    0.748080     0.600000    
21161    719.309788   -0.300003    0.746410     0.600000    
21171    719.394729   -0.301311    0.745530     0.600000    
21181    719.470761   -0.302662    0.747340     0.600000    
21191    719.540780   -0.303835    0.743930     0.600000    
21201    719.603352   -0.304809    0.744110     0.600000    
21211    719.663527   -0.306188    0.746750     0.600000    
21221    719.721663   -0.307900    0.744760     0.600000    
21231    719.778997   -0.308518    0.748250     0.600000    
21241    719.834108   -0.309920    0.744790     0.600000    
21251    719.889415   -0.311493    0.746240     0.600000    
21261    719.945282   -0.312980    0.746670     0.600000    
21271    720.001147   -0.313816    0.748240     0.600000    
21281    720.057045   -0.315434    0.748640     0.600000    
21291    720.126610   -0.316475    0.745540     0.600000    
21301    720.195716   -0.317498    0.747760     0.600000    
21311    720.263697   -0.319020    0.744780     0.600000    
21321    720.349865   -0.320709    0.744840     0.600000    
21331    720.504360   -0.321274    0.745410     0.600000    
21341    720.599629   -0.322759    0.745710     0.600000    
21351    720.686810   -0.324921    0.744680     0.600000    
21361    720.777062   -0.326587    0.745230     0.600000    
21371    720.882539   -0.327727    0.745320     0.600000    
21381    720.969022   -0.329005    0.744030     0.600000    
21391    721.047021   -0.330622    0.748160     0.600000    
21401    721.112906   -0.332290    0.742780     0.600000    
21411    721.180893   -0.333469    0.747020     0.600000    
21421    721.288590   -0.335474    0.746510     0.600000    
21431    721.359278   -0.337013    0.743170     0.600000    
21441    721.423822   -0.337947    0.741460     0.600000    
21451    721.484231   -0.339613    0.744350     0.600000    
21461    721.567902   -0.340522    0.745510     0.600000    
21471    721.654236   -0.342036    0.744790     0.600000    
21481    721.719144   -0.344158    0.745440     0.600000    
21491    721.826160   -0.346515    0.744420     0.600000    
21501    721.952874   -0.347189    0.743430     0.600000    
21511    722.062336   -0.348920    0.741760     0.600000    
21521    722.187836   -0.350608    0.747670     0.600000    
21531    722.257513   -0.351959    0.743940     0.600000    
21541    722.330128   -0.353818    0.744160     0.600000    
21551    722.395627   -0.354798    0.744260     0.600000    
21561    722.463391   -0.355749    0.742110     0.600000    
21571    722.527926   -0.357040    0.744090     0.600000    
21581    722.594868   -0.358156    0.743470     0.600000    
21591    722.655346   -0.359556    0.744640     0.600000    
21601    722.711763   -0.360509    0.745100     0.600000    
21611    722.794418   -0.361546    0.744480     0.600000    
21621    722.854603   -0.363676    0.743390     0.600000    
21631    722.919793   -0.364745    0.742210     0.600000    
21641    722.988055   -0.365440    0.743820     0.600000    
21651    723.078734   -0.366927    0.744740     0.600000    
21661    723.152728   -0.368632    0.743610     0.600000    
21671    723.225788   -0.370746    0.740960     0.600000    
21681    723.315141   -0.372347    0.745140     0.600000    
21691    723.383829   -0.372946    0.743130     0.600000    
21701    723.440574   -0.374219    0.743520     0.600000    
21711    723.499023   -0.375453    0.743400     0.600000    
21721    723.572232   -0.376837    0.740410     0.600000    
21731    723.658065   -0.378092    0.745990     0.600000    
21741    723.788648   -0.379780    0.743280     0.600000    
21751    723.916454   -0.382267    0.744410     0.600000    
21761    724.065067   -0.383852    0.745610     0.600000    
21771    724.258279   -0.384790    0.740520     0.600000    
21781    724.533787   -0.385779    0.742580     0.600000    
21791    724.698292   -0.387158    0.741060     0.600000    
21801    724.887218   -0.389435    0.743300     0.600000    
21811    725.046646   -0.390217    0.743960     0.600000    
21821    725.287625   -0.391338    0.743270     0.600000    
21831    725.445087   -0.392431    0.742040     0.600000    
21841    725.552067   -0.394697    0.743980     0.600000    
21851    725.671222   -0.395741    0.739720     0.600000    
21861    725.774681   -0.397169    0.743820     0.600000    
21871    725.873648   -0.398393    0.738250     0.600000    
21881    725.986717   -0.398908    0.741330     0.600000    
21891    726.090637   -0.400472    0.743810     0.600000    
21901    726.215393   -0.401302    0.742170     0.600000    
21911    726.327236   -0.402546    0.741720     0.600000    
21921    726.504734   -0.403738    0.743240     0.600000    
21931    726.816879   -0.404829    0.744430     0.600000    
21941    726.958789   -0.406189    0.740160     0.600000    
21951    727.084336   -0.408422    0.739990     0.600000    
21961    727.185543   -0.409600    0.740430     0.600000    
21971    727.269652   -0.411259    0.741680     0.600000    
21981    727.383744   -0.412757    0.741410     0.600000    
21991    727.475755   -0.413817    0.742160     0.600000    
22001    727.707132   -0.415305    0.739700     0.600000    
22011    727.821526   -0.416412    0.742140     0.600000    
22021    727.931668   -0.417781    0.741150     0.600000    
22031    728.052857   -0.419002    0.739620     0.600000    
22041    728.162873   -0.420404    0.738180     0.600000    
22051    728.266205   -0.422901    0.744680     0.600000    
22061    728.407180   -0.425074    0.741460     0.600000    
22071    728.689144   -0.425717    0.741150     0.600000    
22081    728.820877   -0.427511    0.742840     0.600000    
22091    728.940334   -0.429094    0.741810     0.600000    
22101    729.036334   -0.430268    0.742420     0.600000    
22111    729.129050   -0.432639    0.741130     0.600000    
22121    729.222667   -0.433528    0.740810     0.600000    
22131    729.343462   -0.434573    0.737930     0.600000    
22141    729.596682   -0.436117    0.737650     0.600000    
22151    729.866009   -0.436896    0.741490     0.600000    
22161    730.204741   -0.438207    0.738680     0.600000    
22171    730.587585   -0.439437    0.737850     0.600000    
22181    730.842523   -0.441460    0.740550     0.600000    
22191    731.146218   -0.443112    0.739480     0.600000    
22201    731.397183   -0.444525    0.739460     0.600000    
22211    731.724997   -0.446207    0.740990     0.600000    
22221    731.876328   -0.447150    0.740620     0.600000    
22231    732.008557   -0.448394    0.740410     0.600000    
22241    732.125204   -0.449224    0.741350     0.600000    
22251    732.220330   -0.450767    0.737340     0.600000    
22261    732.441277   -0.451919    0.740160     0.600000    
22271    732.556544   -0.452989    0.741290     0.600000    
22281    732.640309   -0.454767    0.738070     0.600000    
22291    732.767038   -0.455831    0.738640     0.600000    
22301    733.146402   -0.457446    0.743190     0.600000    
22311    733.398781   -0.459353    0.741590     0.600000    
22321    733.505203   -0.460967    0.738590     0.600000    
22331    733.600886   -0.462579    0.738320     0.600000    
22341    733.691320   -0.463142    0.738270     0.600000    
22351    733.845309   -0.463683    0.740510     0.600000    
22361    734.175522   -0.465128    0.734080     0.600000    
22371    734.294609   -0.466187    0.738050     0.600000    
22381    734.370560   -0.467439    0.736180     0.600000    
22391    734.452578   -0.468399    0.738860     0.600000    
22401    734.528957   -0.469512    0.738180     0.600000    
22411    734.624939   -0.470770    0.735970     0.600000    
22421    734.704505   -0.472190    0.738900     0.600000    
22431    734.796260   -0.473844    0.736530     0.600000    
22441    734.914788   -0.475187    0.739620     0.600000    
22451    734.996732   -0.476116    0.738270     0.600000    
22461    735.085362   -0.477706    0.736330     0.600000    
22471    735.191917   -0.478719    0.736940     0.600000    
22481    735.316279   -0.480094    0.739280     0.600000    
22491    735.428362   -0.482005    0.738970     0.600000    
22500    735.515634   -0.484195    0.735790     0.600000    
22500    1112.407587  -0.484195    0.000000     0.600000    
22500    1155.881552  -0.484904    0.000000     0.600000    
22500    1155.882603  -0.485829    0.000000     0.600000    
22500    1155.883194  -0.486644    0.000000     0.600000    
22500    1155.883758  -0.488325    0.000000     0.600000    
22500    1155.884330  -0.489295    0.000000     0.600000    
22500    1155.884900  -0.491901    0.000000     0.600000    
22500    1155.885457  -0.494329    0.000000     0.600000    
22500    1155.886022  -0.495359    0.000000     0.600000    
22500    1155.886568  -0.496668    0.000000     0.600000    
22500    1155.887234  -0.498520    0.000000     0.600000    
22500    1155.887815  -0.499438    0.000000     0.600000    
22500    1155.888390  -0.500378    0.000000     0.600000    
22500    1155.888960  -0.502423    0.000000     0.600000    
22500    1155.889552  -0.503232    0.000000     0.600000    
22500    1155.890171  -0.504800    0.000000     0.600000    
22500    1155.890776  -0.505943    0.000000     0.600000    
22500    1155.891473  -0.507123    0.000000     0.600000    
22500    1155.892095  -0.508546    0.000000     0.600000    
22500    1155.892703  -0.509375    0.000000     0.600000    
22500    1155.893315  -0.510574    0.000000     0.600000    
22500    1155.893912  -0.511012    0.000000     0.600000    
22500    1155.894517  -0.512401    0.000000     0.600000    
22500    1155.895206  -0.513737    0.000000     0.600000    
22500    1155.895830  -0.514822    0.000000     0.600000    
22500    1155.896432  -0.515584    0.000000     0.600000    
22500    1155.897100  -0.516862    0.000000     0.600000    
22500    1155.897690  -0.518144    0.000000     0.600000    
22500    1155.898287  -0.519251    0.000000     0.600000    
22500    1155.899374  -0.520592    0.000000     0.600000    
22500    1155.899980  -0.521893    0.000000     0.600000    
22500    1155.900583  -0.523180    0.000000     0.600000    
22500    1155.901189  -0.524117    0.000000     0.600000    
22500    1155.901905  -0.525519    0.000000     0.600000    
22500    1155.902550  -0.527156    0.000000     0.600000    
22500    1155.903210  -0.528377    0.000000     0.600000    
22500    1155.903835  -0.530449    0.000000     0.600000    
22500    1155.904421  -0.530963    0.000000     0.600000    
22500    1155.905104  -0.532168    0.000000     0.600000    
22500    1155.905704  -0.534080    0.000000     0.600000    
22500    1155.906369  -0.535928    0.000000     0.600000    
22500    1155.907028  -0.537153    0.000000     0.600000    
22500    1155.907679  -0.538112    0.000000     0.600000    
22500    1155.908274  -0.540009    0.000000     0.600000    
22500    1155.908869  -0.541781    0.000000     0.600000    
22500    1155.909506  -0.543204    0.000000     0.600000    
22500    1155.910120  -0.544788    0.000000     0.600000    
22500    1155.910760  -0.546173    0.000000     0.600000    
22500    1155.911422  -0.548060    0.000000     0.600000    
22500    1155.912057  -0.549718    0.000000     0.600000    
22500    1155.912897  -0.550399    0.000000     0.600000    
22500    1155.913825  -0.552036    0.000000     0.600000    
22500    1155.914448  -0.552965    0.000000     0.600000    
22500    1155.915063  -0.553856    0.000000     0.600000    
22500    1155.915765  -0.554904    0.000000     0.600000    
22500    1155.916400  -0.556492    0.000000     0.600000    
22500    1155.917090  -0.557226    0.000000     0.600000    
22500    1155.917798  -0.557843    0.000000     0.600000    
22500    1155.918504  -0.560555    0.000000     0.600000    
22500    1155.919130  -0.561575    0.000000     0.600000    
22500    1155.919761  -0.562963    0.000000     0.600000    
22500    1155.920386  -0.564190    0.000000     0.600000    
22500    1155.921151  -0.565648    0.000000     0.600000    
22500    1155.921976  -0.567692    0.000000     0.600000    
22500    1155.922647  -0.569417    0.000000     0.600000    
22500    1155.923273  -0.570424    0.000000     0.600000    
22500    1155.923919  -0.570693    0.000000     0.600000    
22500    1155.924575  -0.571756    0.000000     0.600000    
22500    1155.925221  -0.573746    0.000000     0.600000    
22500    1155.925909  -0.574449    0.000000     0.600000    
22500    1155.926580  -0.575793    0.000000     0.600000    
22500    1155.928753  -0.576980    0.000000     0.600000    
22500    1155.929460  -0.577623    0.000000     0.600000    
22500    1155.930219  -0.578831    0.000000     0.600000    
22500    1155.930983  -0.579938    0.000000     0.600000    
22500    1155.931752  -0.580935    0.000000     0.600000    
22500    1155.932462  -0.582899    0.000000     0.600000    
22500    1155.933190  -0.584219    0.000000     0.600000    
22500    1155.933969  -0.585207    0.000000     0.600000    
22500    1155.934715  -0.586483    0.000000     0.600000    
22500    1155.935416  -0.587853    0.000000     0.600000    
22500    1155.936112  -0.589471    0.000000     0.600000    
22500    1155.936792  -0.590688    0.000000     0.600000    
22500    1155.937465  -0.591663    0.000000     0.600000    
22500    1155.938154  -0.592680    0.000000     0.600000    
22500    1155.938846  -0.593788    0.000000     0.600000    
22500    1155.939947  -0.594809    0.000000     0.600000    
22500    1155.940638  -0.595948    0.000000     0.600000    
22500    1155.941310  -0.597195    0.000000     0.600000    
22500    1155.942044  -0.598181    0.000000     0.600000    
22500    1155.942733  -0.600159    0.000000     0.600000    
22500    1155.943415  -0.602429    0.000000     0.600000    
22500    1155.944156  -0.603956    0.000000     0.600000    
22500    1155.944893  -0.604935    0.000000     0.600000    
22500    1155.945626  -0.606440    0.000000     0.600000    
22500    1155.946303  -0.607931    0.000000     0.600000    
22500    1155.946981  -0.608454    0.000000     0.600000    
22500    1155.947646  -0.609488    0.000000     0.600000    
22500    1155.948313  -0.610246    0.000000     0.600000    
22500    1155.948989  -0.612260    0.000000     0.600000    
22500    1155.949692  -0.613754    0.000000     0.600000    
22500    1155.950372  -0.615520    0.000000     0.600000    
22500    1155.951110  -0.616602    0.000000     0.600000    
22500    1155.951787  -0.617175    0.000000     0.600000    
22500    1155.952570  -0.618604    0.000000     0.600000    
22500    1155.953281  -0.619351    0.000000     0.600000    
22500    1155.953998  -0.620409    0.000000     0.600000    
22500    1155.954751  -0.621287    0.000000     0.600000    
22500    1155.955476  -0.622903    0.000000     0.600000    
22500    1155.956198  -0.624106    0.000000     0.600000    
22500    1155.956881  -0.625199    0.000000     0.600000    
22500    1155.957571  -0.626563    0.000000     0.600000    
22500    1155.958299  -0.627563    0.000000     0.600000    
22500    1155.958983  -0.628667    0.000000     0.600000    
22500    1155.959782  -0.630183    0.000000     0.600000    
22500    1155.960533  -0.630980    0.000000     0.600000    
22500    1155.961229  -0.632779    0.000000     0.600000    
22500    1155.961936  -0.633787    0.000000     0.600000    
22500    1155.962718  -0.635450    0.000000     0.600000    
22500    1155.963485  -0.636165    0.000000     0.600000    
22500    1155.964251  -0.638609    0.000000     0.600000    
22500    1155.965041  -0.639569    0.000000     0.600000    
22500    1155.965814  -0.641251    0.000000     0.600000    
22500    1155.966582  -0.642521    0.000000     0.600000    
22500    1155.967342  -0.643883    0.000000     0.600000    
22500    1155.968117  -0.645327    0.000000     0.600000    
22500    1155.968875  -0.646862    0.000000     0.600000    
22500    1155.969636  -0.648811    0.000000     0.600000    
22500    1155.970406  -0.649918    0.000000     0.600000    
22500    1155.971175  -0.651181    0.000000     0.600000    
22500    1155.971949  -0.652423    0.000000     0.600000    
22500    1155.972706  -0.653989    0.000000     0.600000    
22500    1155.973465  -0.654925    0.000000     0.600000    
22500    1155.974254  -0.656378    0.000000     0.600000    
22500    1155.975000  -0.657213    0.000000     0.600000    
22500    1155.975760  -0.658810    0.000000     0.600000    
22500    1155.976512  -0.660544    0.000000     0.600000    
22500    1155.977246  -0.662132    0.000000     0.600000    
22500    1155.977991  -0.663416    0.000000     0.600000    
22500    1155.978735  -0.664258    0.000000     0.600000    
22500    1155.979814  -0.665439    0.000000     0.600000    
22500    1155.980618  -0.667264    0.000000     0.600000    
22500    1155.981391  -0.668437    0.000000     0.600000    
22500    1155.982140  -0.669546    0.000000     0.600000    
22500    1155.982907  -0.670702    0.000000     0.600000    
22500    1155.983660  -0.672433    0.000000     0.600000    
22500    1155.984401  -0.673381    0.000000     0.600000    
22500    1155.985142  -0.675197    0.000000     0.600000    
22500    1155.985898  -0.675992    0.000000     0.600000    
22500    1155.986714  -0.676554    0.000000     0.600000    
22500    1155.987451  -0.677926    0.000000     0.600000    
22500    1155.988197  -0.679226    0.000000     0.600000    
22500    1155.988949  -0.680971    0.000000     0.600000    
22500    1155.989738  -0.682668    0.000000     0.600000    
22500    1155.990524  -0.683876    0.000000     0.600000    
22500    1155.991265  -0.684945    0.000000     0.600000    
22500    1155.992008  -0.685807    0.000000     0.600000    
22500    1155.992759  -0.686884    0.000000     0.600000    
22500    1155.993508  -0.688284    0.000000     0.600000    
22500    1155.994309  -0.689847    0.000000     0.600000    
22500    1155.995327  -0.690938    0.000000     0.600000    
22500    1155.996233  -0.692093    0.000000     0.600000    
22500    1155.997000  -0.693330    0.000000     0.600000    
22500    1155.997776  -0.695246    0.000000     0.600000    
22500    1155.998515  -0.696543    0.000000     0.600000    
22500    1155.999295  -0.698579    0.000000     0.600000    
22500    1156.000035  -0.699589    0.000000     0.600000    
22500    1156.000767  -0.700536    0.000000     0.600000    
22500    1156.001508  -0.701460    0.000000     0.600000    
22500    1156.002249  -0.702777    0.000000     0.600000    
22500    1156.002999  -0.704255    0.000000     0.600000    
22500    1156.003730  -0.706286    0.000000     0.600000    
22500    1156.004445  -0.706831    0.000000     0.600000    
22500    1156.005237  -0.708722    0.000000     0.600000    
22500    1156.006017  -0.709995    0.000000     0.600000    
22500    1156.007172  -0.710940    0.000000     0.600000    
22500    1156.007935  -0.712250    0.000000     0.600000    
22500    1156.008686  -0.713477    0.000000     0.600000    
22500    1156.009424  -0.714304    0.000000     0.600000    
22500    1156.010237  -0.715270    0.000000     0.600000    
22500    1156.011037  -0.716296    0.000000     0.600000    
22500    1156.011784  -0.717264    0.000000     0.600000    
22500    1156.012616  -0.718673    0.000000     0.600000    
22500    1156.013486  -0.719725    0.000000     0.600000    
22500    1156.014342  -0.720634    0.000000     0.600000    
22500    1156.015173  -0.721643    0.000000     0.600000    
22500    1156.016132  -0.723044    0.000000     0.600000    
22500    1156.016969  -0.724418    0.000000     0.600000    
22500    1156.017842  -0.725353    0.000000     0.600000    
22500    1156.018670  -0.726457    0.000000     0.600000    
22500    1156.019526  -0.727752    0.000000     0.600000    
22500    1156.020346  -0.729393    0.000000     0.600000    
22500    1156.021160  -0.730526    0.000000     0.600000    
22500    1156.021993  -0.731751    0.000000     0.600000    
22500    1156.022895  -0.732808    0.000000     0.600000    
22500    1156.023768  -0.733687    0.000000     0.600000    
22500    1156.024632  -0.734408    0.000000     0.600000    
22500    1156.025476  -0.735636    0.000000     0.600000    
22500    1156.026362  -0.736779    0.000000     0.600000    
22500    1156.027215  -0.737624    0.000000     0.600000    
22500    1156.028173  -0.740080    0.000000     0.600000    
22500    1156.029031  -0.741442    0.000000     0.600000    
22500    1156.029891  -0.742903    0.000000     0.600000    
22500    1156.030864  -0.744384    0.000000     0.600000    
22500    1156.031743  -0.745801    0.000000     0.600000    
22500    1156.032609  -0.747171    0.000000     0.600000    
22500    1156.033480  -0.748494    0.000000     0.600000    
22500    1156.034332  -0.749588    0.000000     0.600000    
22500    1156.035198  -0.750894    0.000000     0.600000    
22500    1156.036070  -0.751567    0.000000     0.600000    
22500    1156.036932  -0.752240    0.000000     0.600000    
22500    1156.037859  -0.753506    0.000000     0.600000    
22500    1156.038733  -0.754881    0.000000     0.600000    
22500    1156.039573  -0.755562    0.000000     0.600000    
22500    1156.040414  -0.756541    0.000000     0.600000    
22500    1156.041241  -0.757833    0.000000     0.600000    
22500    1156.042073  -0.758694    0.000000     0.600000    
22500    1156.042906  -0.760452    0.000000     0.600000    
22500    1156.043738  -0.761616    0.000000     0.600000    
22500    1156.044569  -0.762695    0.000000     0.600000    
22500    1156.045396  -0.763247    0.000000     0.600000    
22500    1156.046849  -0.764360    0.000000     0.600000    
22500    1156.047686  -0.765398    0.000000     0.600000    
22500    1156.048770  -0.766024    0.000000     0.600000    
22500    1156.049616  -0.766752    0.000000     0.600000    
22500    1156.050468  -0.768116    0.000000     0.600000    
22500    1156.051314  -0.770041    0.000000     0.600000    
22500    1156.052156  -0.771624    0.000000     0.600000    
22500    1156.053072  -0.772607    0.000000     0.600000    
22500    1156.053899  -0.773283    0.000000     0.600000    
22500    1156.054746  -0.774561    0.000000     0.600000    
22500    1156.055578  -0.775723    0.000000     0.600000    
22500    1156.056416  -0.776620    0.000000     0.600000    
22500    1156.057238  -0.777340    0.000000     0.600000    
22500    1156.058073  -0.778770    0.000000     0.600000    
22500    1156.058903  -0.779613    0.000000     0.600000    
22500    1156.059807  -0.780364    0.000000     0.600000    
22500    1156.060742  -0.781170    0.000000     0.600000    
22500    1156.061676  -0.782293    0.000000     0.600000    
22500    1156.062613  -0.783071    0.000000     0.600000    
22500    1156.063609  -0.784230    0.000000     0.600000    
22500    1156.064569  -0.785706    0.000000     0.600000    
22500    1156.065543  -0.786440    0.000000     0.600000    
22500    1156.066490  -0.787199    0.000000     0.600000    
22500    1156.067480  -0.788494    0.000000     0.600000    
22500    1156.068431  -0.790686    0.000000     0.600000    
22500    1156.069397  -0.792434    0.000000     0.600000    
22500    1156.070374  -0.793364    0.000000     0.600000    
22500    1156.071334  -0.794232    0.000000     0.600000    
22500    1156.072284  -0.795112    0.000000     0.600000    
22500    1156.073243  -0.795763    0.000000     0.600000    
22500    1156.074197  -0.796822    0.000000     0.600000    
22500    1156.075160  -0.798033    0.000000     0.600000    
22500    1156.076148  -0.799624    0.000000     0.600000    
22500    1156.077104  -0.800059    0.000000     0.600000    
22500    1156.078060  -0.802062    0.000000     0.600000    
22500    1156.079024  -0.802769    0.000000     0.600000    
22500    1156.080010  -0.804273    0.000000     0.600000    
22500    1156.080965  -0.805305    0.000000     0.600000    
22500    1156.081899  -0.806010    0.000000     0.600000    
22500    1156.082856  -0.807200    0.000000     0.600000    
22500    1156.083812  -0.807870    0.000000     0.600000    
22500    1156.084758  -0.809529    0.000000     0.600000    
22500    1156.085703  -0.810443    0.000000     0.600000    
22500    1156.086665  -0.811461    0.000000     0.600000    
22500    1156.087595  -0.812961    0.000000     0.600000    
22500    1156.088549  -0.813825    0.000000     0.600000    
22500    1156.089566  -0.814941    0.000000     0.600000    
22500    1156.090505  -0.816335    0.000000     0.600000    
22500    1156.091427  -0.817214    0.000000     0.600000    
22500    1156.092367  -0.818700    0.000000     0.600000    
22500    1156.093306  -0.820720    0.000000     0.600000    
22500    1156.094240  -0.822018    0.000000     0.600000    
22500    1156.095166  -0.823066    0.000000     0.600000    
22500    1156.096096  -0.824544    0.000000     0.600000    
22500    1156.097027  -0.826102    0.000000     0.600000    
22500    1156.097949  -0.826744    0.000000     0.600000    
22500    1156.098887  -0.827962    0.000000     0.600000    
22500    1156.099825  -0.829567    0.000000     0.600000    
22500    1156.100762  -0.830632    0.000000     0.600000    
22500    1156.101707  -0.831872    0.000000     0.600000    
22500    1156.102638  -0.832860    0.000000     0.600000    
22500    1156.103571  -0.834013    0.000000     0.600000    
22500    1156.104523  -0.835297    0.000000     0.600000    
22500    1156.105445  -0.836325    0.000000     0.600000    
22500    1156.106373  -0.837359    0.000000     0.600000    
22500    1156.107303  -0.837964    0.000000     0.600000    
22500    1156.108241  -0.839195    0.000000     0.600000    
22500    1156.109175  -0.839859    0.000000     0.600000    
22500    1156.110137  -0.841003    0.000000     0.600000    
22500    1156.111062  -0.841438    0.000000     0.600000    
22500    1156.112003  -0.842927    0.000000     0.600000    
22500    1156.112936  -0.843524    0.000000     0.600000    
22500    1156.114435  -0.844923    0.000000     0.600000    
22500    1156.115371  -0.845585    0.000000     0.600000    
22500    1156.116328  -0.846245    0.000000     0.600000    
22500    1156.117252  -0.847213    0.000000     0.600000    
22500    1156.118184  -0.848740    0.000000     0.600000    
22500    1156.119110  -0.849692    0.000000     0.600000    
22500    1156.120033  -0.851129    0.000000     0.600000    
22500    1156.120956  -0.852243    0.000000     0.600000    
22500    1156.121882  -0.853595    0.000000     0.600000    
22500    1156.122802  -0.854830    0.000000     0.600000    
22500    1156.123731  -0.855671    0.000000     0.600000    
22500    1156.124655  -0.857039    0.000000     0.600000    
22500    1156.125591  -0.858336    0.000000     0.600000    
22500    1156.126517  -0.859007    0.000000     0.600000    
22500    1156.127469  -0.860011    0.000000     0.600000    
22500    1156.128445  -0.861125    0.000000     0.600000    
22500    1156.129379  -0.862225    0.000000     0.600000    
22500    1156.130336  -0.863214    0.000000     0.600000    
22500    1156.131310  -0.864487    0.000000     0.600000    
22500    1156.132278  -0.865653    0.000000     0.600000    
22500    1156.133225  -0.866675    0.000000     0.600000    
22500    1156.134161  -0.867905    0.000000     0.600000    
22500    1156.135096  -0.869652    0.000000     0.600000    
22500    1156.136016  -0.870389    0.000000     0.600000    
22500    1156.136953  -0.871203    0.000000     0.600000    
22500    1156.137904  -0.871986    0.000000     0.600000    
22500    1156.138857  -0.873784    0.000000     0.600000    
22500    1156.139802  -0.875197    0.000000     0.600000    
22500    1156.140754  -0.876051    0.000000     0.600000    
22500    1156.141722  -0.877250    0.000000     0.600000    
22500    1156.142691  -0.878055    0.000000     0.600000    
22500    1156.143634  -0.878856    0.000000     0.600000    
22500    1156.144569  -0.881066    0.000000     0.600000    
22500    1156.145513  -0.882348    0.000000     0.600000    
22500    1156.146433  -0.882871    0.000000     0.600000    
22500    1156.147369  -0.884088    0.000000     0.600000    
22500    1156.148300  -0.885249    0.000000     0.600000    
22500    1156.149222  -0.886748    0.000000     0.600000    
22500    1156.150138  -0.888278    0.000000     0.600000    
22500    1156.151049  -0.890113    0.000000     0.600000    
22500    1156.151969  -0.890875    0.000000     0.600000    
22500    1156.152870  -0.891508    0.000000     0.600000    
22500    1156.153796  -0.893399    0.000000     0.600000    
22500    1156.154725  -0.894800    0.000000     0.600000    
22500    1156.155658  -0.895637    0.000000     0.600000    
22500    1156.156574  -0.896755    0.000000     0.600000    
22500    1156.157470  -0.898253    0.000000     0.600000    
22500    1156.158609  -0.899349    0.000000     0.600000    
22500    1156.160062  -0.900614    0.000000     0.600000    
22500    1156.160999  -0.901370    0.000000     0.600000    
22500    1156.161933  -0.902082    0.000000     0.600000    
22500    1156.162860  -0.903105    0.000000     0.600000    
22500    1156.163781  -0.904239    0.000000     0.600000    
22500    1156.164708  -0.905398    0.000000     0.600000    
22500    1156.165644  -0.906719    0.000000     0.600000    
22500    1156.166563  -0.907249    0.000000     0.600000    
22500    1156.167479  -0.908627    0.000000     0.600000    
22500    1156.168408  -0.909937    0.000000     0.600000    
22500    1156.169325  -0.910494    0.000000     0.600000    
22500    1156.170242  -0.911222    0.000000     0.600000    
22500    1156.171164  -0.912644    0.000000     0.600000    
22500    1156.172102  -0.913966    0.000000     0.600000    
22500    1156.173043  -0.914726    0.000000     0.600000    
22500    1156.173978  -0.916288    0.000000     0.600000    
22500    1156.174910  -0.917527    0.000000     0.600000    
22500    1156.175844  -0.919467    0.000000     0.600000    
22500    1156.176764  -0.920281    0.000000     0.600000    
22500    1156.177684  -0.921213    0.000000     0.600000    
22500    1156.178600  -0.921995    0.000000     0.600000    
22500    1156.179833  -0.922842    0.000000     0.600000    
22500    1156.180779  -0.923806    0.000000     0.600000    
22500    1156.181708  -0.924715    0.000000     0.600000    
22500    1156.182633  -0.925699    0.000000     0.600000    
22500    1156.183551  -0.926382    0.000000     0.600000    
22500    1156.184483  -0.927878    0.000000     0.600000    
22500    1156.185388  -0.928429    0.000000     0.600000    
22500    1156.186298  -0.928977    0.000000     0.600000    
22500    1156.187230  -0.929793    0.000000     0.600000    
22500    1156.188149  -0.930532    0.000000     0.600000    
22500    1156.189078  -0.932009    0.000000     0.600000    
22500    1156.190007  -0.932995    0.000000     0.600000    
22500    1156.190914  -0.933759    0.000000     0.600000    
22500    1156.191830  -0.935268    0.000000     0.600000    
22500    1156.192750  -0.936704    0.000000     0.600000    
22500    1156.193671  -0.937040    0.000000     0.600000    
22500    1156.194595  -0.938190    0.000000     0.600000    
22500    1156.195520  -0.938599    0.000000     0.600000    
22500    1156.196439  -0.939265    0.000000     0.600000    
22500    1156.197354  -0.940222    0.000000     0.600000    
22500    1156.198266  -0.940830    0.000000     0.600000    
22500    1156.199190  -0.942280    0.000000     0.600000    
22500    1156.200116  -0.944134    0.000000     0.600000    
22500    1156.201036  -0.944952    0.000000     0.600000    
22500    1156.201945  -0.946048    0.000000     0.600000    
22500    1156.202868  -0.947554    0.000000     0.600000    
22500    1156.203798  -0.948924    0.000000     0.600000    
22500    1156.204730  -0.950029    0.000000     0.600000    
22500    1156.205652  -0.951154    0.000000     0.600000    
22500    1156.206562  -0.952393    0.000000     0.600000    
22500    1156.207478  -0.953198    0.000000     0.600000    
22500    1156.208396  -0.954188    0.000000     0.600000    
22500    1156.209315  -0.954952    0.000000     0.600000    
22500    1156.210249  -0.956394    0.000000     0.600000    
22500    1156.211166  -0.957007    0.000000     0.600000    
22500    1156.212084  -0.957570    0.000000     0.600000    
22500    1156.212981  -0.958691    0.000000     0.600000    
22500    1156.213896  -0.959855    0.000000     0.600000    
22500    1156.214830  -0.960976    0.000000     0.600000    
22500    1156.215747  -0.962675    0.000000     0.600000    
22500    1156.216649  -0.963735    0.000000     0.600000    
22500    1156.217556  -0.964686    0.000000     0.600000    
22500    1156.218457  -0.965312    0.000000     0.600000    
22500    1156.219378  -0.966860    0.000000     0.600000    
22500    1156.220288  -0.968055    0.000000     0.600000    
22500    1156.221211  -0.969622    0.000000     0.600000    
22500    1156.222123  -0.970408    0.000000     0.600000    
22500    1156.223073  -0.971205    0.000000     0.600000    
22500    1156.223994  -0.972894    0.000000     0.600000    
22500    1156.224911  -0.973259    0.000000     0.600000    
22500    1156.225811  -0.974260    0.000000     0.600000    
22500    1156.226699  -0.974570    0.000000     0.600000    
22500    1156.227610  -0.975493    0.000000     0.600000    
22500    1156.228528  -0.976640    0.000000     0.600000    
22500    1156.229444  -0.978837    0.000000     0.600000    
22500    1156.230351  -0.979392    0.000000     0.600000    
22500    1156.231251  -0.979918    0.000000     0.600000    
22500    1156.232163  -0.980672    0.000000     0.600000    
22500    1156.233071  -0.981610    0.000000     0.600000    
22500    1156.233980  -0.982816    0.000000     0.600000    
22500    1156.234927  -0.984138    0.000000     0.600000    
22500    1156.235839  -0.985288    0.000000     0.600000    
22500    1156.236761  -0.986334    0.000000     0.600000    
22500    1156.237687  -0.987110    0.000000     0.600000    
22500    1156.238624  -0.987940    0.000000     0.600000    
22500    1156.239562  -0.988938    0.000000     0.600000    
22500    1156.240491  -0.989719    0.000000     0.600000    
22500    1156.241406  -0.990147    0.000000     0.600000    
22500    1156.242333  -0.991194    0.000000     0.600000    
22500    1156.243259  -0.991949    0.000000     0.600000    
22500    1156.244176  -0.993242    0.000000     0.600000    
22500    1156.245093  -0.993879    0.000000     0.600000    
22500    1156.246042  -0.994538    0.000000     0.600000    
22500    1156.246967  -0.995393    0.000000     0.600000    
22500    1156.247871  -0.996085    0.000000     0.600000    
22500    1156.248787  -0.996960    0.000000     0.600000    
22500    1156.249700  -0.997876    0.000000     0.600000    
22500    1156.250599  -0.998739    0.000000     0.600000    
22500    1156.251483  -0.998949    0.000000     0.600000    
22500    1156.252403  -1.000043    0.000000     0.600000    
22500    1156.253308  -1.001054    0.000000     0.600000    
22500    1156.254190  -1.001497    0.000000     0.600000    
22500    1156.255094  -1.002706    0.000000     0.600000    
22500    1156.256003  -1.003291    0.000000     0.600000    
22500    1156.256932  -1.004149    0.000000     0.600000    
22500    1156.257841  -1.005061    0.000000     0.600000    
22500    1156.258759  -1.006410    0.000000     0.600000    
22500    1156.259663  -1.007461    0.000000     0.600000    
22500    1156.260552  -1.008211    0.000000     0.600000    
22500    1156.261458  -1.009549    0.000000     0.600000    
22500    1156.262364  -1.010052    0.000000     0.600000    
22500    1156.263283  -1.011346    0.000000     0.600000    
22500    1156.264196  -1.012081    0.000000     0.600000    
22500    1156.265110  -1.013432    0.000000     0.600000    
22500    1156.266014  -1.014160    0.000000     0.600000    
22500    1156.266919  -1.014757    0.000000     0.600000    
22500    1156.267819  -1.015673    0.000000     0.600000    
22500    1156.268726  -1.016556    0.000000     0.600000    
22500    1156.269631  -1.017342    0.000000     0.600000    
22500    1156.270526  -1.018756    0.000000     0.600000    
22500    1156.271469  -1.019834    0.000000     0.600000    
22500    1156.272414  -1.021200    0.000000     0.600000    
22500    1156.273354  -1.022135    0.000000     0.600000    
22500    1156.274279  -1.023389    0.000000     0.600000    
22500    1156.275188  -1.024132    0.000000     0.600000    
22500    1156.276118  -1.025087    0.000000     0.600000    
22500    1156.277022  -1.025548    0.000000     0.600000    
22500    1156.277932  -1.026361    0.000000     0.600000    
22500    1156.278843  -1.027090    0.000000     0.600000    
22500    1156.279771  -1.027615    0.000000     0.600000    
22500    1156.280688  -1.028521    0.000000     0.600000    
22500    1156.281609  -1.029287    0.000000     0.600000    
22500    1156.282521  -1.029890    0.000000     0.600000    
22500    1156.283427  -1.030347    0.000000     0.600000    
22500    1156.284333  -1.031268    0.000000     0.600000    
22500    1156.285229  -1.032278    0.000000     0.600000    
22500    1156.286143  -1.033513    0.000000     0.600000    
22500    1156.287078  -1.034226    0.000000     0.600000    
22500    1156.287983  -1.035471    0.000000     0.600000    
22500    1156.288893  -1.036737    0.000000     0.600000    
22500    1156.289797  -1.037445    0.000000     0.600000    
22500    1156.290718  -1.038665    0.000000     0.600000    
22500    1156.291631  -1.040054    0.000000     0.600000    
22500    1156.292542  -1.041493    0.000000     0.600000    
22500    1156.293457  -1.043139    0.000000     0.600000    
22500    1156.294348  -1.044849    0.000000     0.600000    
22500    1156.295243  -1.045550    0.000000     0.600000    
22500    1156.296169  -1.046304    0.000000     0.600000    
22500    1156.297090  -1.047160    0.000000     0.600000    
22500    1156.298013  -1.047806    0.000000     0.600000    
22500    1156.298924  -1.048732    0.000000     0.600000    
22500    1156.299837  -1.049508    0.000000     0.600000    
22500    1156.300739  -1.050532    0.000000     0.600000    
22500    1156.301637  -1.051985    0.000000     0.600000    
22500    1156.302554  -1.053593    0.000000     0.600000    
22500    1156.303456  -1.054552    0.000000     0.600000    
22500    1156.304388  -1.055836    0.000000     0.600000    
22500    1156.305316  -1.056519    0.000000     0.600000    
22500    1156.306235  -1.056981    0.000000     0.600000    
22500    1156.307178  -1.058570    0.000000     0.600000    
22500    1156.308107  -1.059504    0.000000     0.600000    
22500    1156.309046  -1.059788    0.000000     0.600000    
22500    1156.309997  -1.061020    0.000000     0.600000    
22500    1156.310907  -1.061460    0.000000     0.600000    
22500    1156.311818  -1.062291    0.000000     0.600000    
22500    1156.312752  -1.063352    0.000000     0.600000    
22500    1156.313672  -1.064956    0.000000     0.600000    
22500    1156.314570  -1.065441    0.000000     0.600000    
22500    1156.315465  -1.066331    0.000000     0.600000    
22500    1156.316358  -1.067238    0.000000     0.600000    
22500    1156.317255  -1.068254    0.000000     0.600000    
22500    1156.318153  -1.069132    0.000000     0.600000    
22500    1156.319054  -1.070075    0.000000     0.600000    
22500    1156.319953  -1.070869    0.000000     0.600000    
22500    1156.320861  -1.072779    0.000000     0.600000    
22500    1156.321766  -1.074136    0.000000     0.600000    
22500    1156.322673  -1.076022    0.000000     0.600000    
22500    1156.323585  -1.076607    0.000000     0.600000    
22500    1156.324496  -1.077205    0.000000     0.600000    
22500    1156.325377  -1.077585    0.000000     0.600000    
22500    1156.326306  -1.078485    0.000000     0.600000    
22500    1156.327357  -1.079000    0.000000     0.600000    
22500    1156.328407  -1.080389    0.000000     0.600000    
22500    1156.329440  -1.081374    0.000000     0.600000    
22500    1156.330474  -1.082478    0.000000     0.600000    
22500    1156.331527  -1.083320    0.000000     0.600000    
22500    1156.332586  -1.084138    0.000000     0.600000    
22500    1156.333634  -1.085072    0.000000     0.600000    
22500    1156.334689  -1.085700    0.000000     0.600000    
22500    1156.335749  -1.086730    0.000000     0.600000    
22500    1156.336800  -1.087362    0.000000     0.600000    
22500    1156.337858  -1.087888    0.000000     0.600000    
22500    1156.338934  -1.089218    0.000000     0.600000    
22500    1156.340052  -1.089898    0.000000     0.600000    
22500    1156.341120  -1.090722    0.000000     0.600000    
22500    1156.342206  -1.091636    0.000000     0.600000    
22500    1156.343242  -1.092388    0.000000     0.600000    
22500    1156.344282  -1.093662    0.000000     0.600000    
22500    1156.345316  -1.095331    0.000000     0.600000    
22500    1156.346369  -1.096188    0.000000     0.600000    
22500    1156.347406  -1.097051    0.000000     0.600000    
22500    1156.348436  -1.098377    0.000000     0.600000    
22500    1156.349467  -1.099300    0.000000     0.600000    
22500    1156.350508  -1.100516    0.000000     0.600000    
22500    1156.351555  -1.101025    0.000000     0.600000    
22500    1156.352588  -1.102353    0.000000     0.600000    
22500    1156.353628  -1.103394    0.000000     0.600000    
22500    1156.354638  -1.104002    0.000000     0.600000    
22500    1156.355658  -1.104511    0.000000     0.600000    
22500    1156.356693  -1.105460    0.000000     0.600000    
22500    1156.357733  -1.106735    0.000000     0.600000    
22500    1156.358788  -1.107937    0.000000     0.600000    
22500    1156.359841  -1.108809    0.000000     0.600000    
22500    1156.360860  -1.109302    0.000000     0.600000    
22500    1156.361908  -1.110098    0.000000     0.600000    
22500    1156.362946  -1.111279    0.000000     0.600000    
22500    1156.363987  -1.112032    0.000000     0.600000    
22500    1156.365032  -1.113140    0.000000     0.600000    
22500    1156.366087  -1.114086    0.000000     0.600000    
22500    1156.367155  -1.114859    0.000000     0.600000    
22500    1156.368196  -1.116127    0.000000     0.600000    
22500    1156.369236  -1.116526    0.000000     0.600000    
22500    1156.370253  -1.117253    0.000000     0.600000    
22500    1156.371281  -1.117765    0.000000     0.600000    
22500    1156.372324  -1.118044    0.000000     0.600000    
22500    1156.373383  -1.119024    0.000000     0.600000    
22500    1156.374433  -1.120268    0.000000     0.600000    
22500    1156.375483  -1.121188    0.000000     0.600000    
22500    1156.376511  -1.121815    0.000000     0.600000    
22500    1156.377564  -1.122948    0.000000     0.600000    
22500    1156.378592  -1.123696    0.000000     0.600000    
22500    1156.379616  -1.125326    0.000000     0.600000    
22500    1156.380650  -1.126047    0.000000     0.600000    
22500    1156.381681  -1.126916    0.000000     0.600000    
22500    1156.382718  -1.127698    0.000000     0.600000    
22500    1156.383764  -1.128900    0.000000     0.600000    
22500    1156.384780  -1.129343    0.000000     0.600000    
22500    1156.385814  -1.129816    0.000000     0.600000    
22500    1156.386859  -1.130887    0.000000     0.600000    
22500    1156.387878  -1.131518    0.000000     0.600000    
22500    1156.388908  -1.132647    0.000000     0.600000    
22500    1156.389934  -1.133036    0.000000     0.600000    
22500    1156.390952  -1.134217    0.000000     0.600000    
22500    1156.391964  -1.134755    0.000000     0.600000    
22500    1156.392995  -1.135633    0.000000     0.600000    
22500    1156.394029  -1.136865    0.000000     0.600000    
22500    1156.395069  -1.137607    0.000000     0.600000    
22500    1156.396131  -1.138958    0.000000     0.600000    
22500    1156.397191  -1.139435    0.000000     0.600000    
22500    1156.398211  -1.140024    0.000000     0.600000    
22500    1156.399235  -1.141215    0.000000     0.600000    
22500    1156.400147  -1.142238    0.000000     0.600000    
22500    1156.401045  -1.143047    0.000000     0.600000    
22500    1156.401979  -1.144080    0.000000     0.600000    
22500    1156.402878  -1.144765    0.000000     0.600000    
22500    1156.403782  -1.146176    0.000000     0.600000    
22500    1156.404671  -1.147363    0.000000     0.600000    
22500    1156.405571  -1.149204    0.000000     0.600000    
22500    1156.406471  -1.149991    0.000000     0.600000    
22500    1156.407372  -1.150889    0.000000     0.600000    
22500    1156.408279  -1.151445    0.000000     0.600000    
22500    1156.409195  -1.152079    0.000000     0.600000    
22500    1156.410115  -1.152676    0.000000     0.600000    
22500    1156.411041  -1.153716    0.000000     0.600000    
22500    1156.411972  -1.154777    0.000000     0.600000    
22500    1156.412902  -1.155685    0.000000     0.600000    
22500    1156.413797  -1.157350    0.000000     0.600000    
22500    1156.414694  -1.158004    0.000000     0.600000    
22500    1156.415571  -1.158475    0.000000     0.600000    
22500    1156.416477  -1.159354    0.000000     0.600000    
22500    1156.417379  -1.160651    0.000000     0.600000    
22500    1156.418278  -1.161582    0.000000     0.600000    
22500    1156.419189  -1.162461    0.000000     0.600000    
22500    1156.420083  -1.163313    0.000000     0.600000    
22500    1156.420982  -1.163837    0.000000     0.600000    
22500    1156.421896  -1.164447    0.000000     0.600000    
22500    1156.422835  -1.165672    0.000000     0.600000    
22500    1156.423755  -1.166405    0.000000     0.600000    
22500    1156.424673  -1.167852    0.000000     0.600000    
22500    1156.425583  -1.168718    0.000000     0.600000    
22500    1156.426471  -1.169497    0.000000     0.600000    
22500    1156.427386  -1.170617    0.000000     0.600000    
22500    1156.428270  -1.171693    0.000000     0.600000    
22500    1156.429198  -1.172975    0.000000     0.600000    
22500    1156.430107  -1.173899    0.000000     0.600000    
22500    1156.431022  -1.174896    0.000000     0.600000    
22500    1156.431923  -1.176448    0.000000     0.600000    
22500    1156.432827  -1.177366    0.000000     0.600000    
22500    1156.433722  -1.178068    0.000000     0.600000    
22500    1156.434620  -1.179143    0.000000     0.600000    
22500    1156.435528  -1.179682    0.000000     0.600000    
22500    1156.436428  -1.180157    0.000000     0.600000    
22500    1156.437333  -1.181511    0.000000     0.600000    
22500    1156.438270  -1.182290    0.000000     0.600000    
22500    1156.439197  -1.183577    0.000000     0.600000    
22500    1156.440126  -1.184192    0.000000     0.600000    
22500    1156.441032  -1.185344    0.000000     0.600000    
22500    1156.441936  -1.186509    0.000000     0.600000    
22500    1156.442851  -1.188031    0.000000     0.600000    
22500    1156.443782  -1.188859    0.000000     0.600000    
22500    1156.444689  -1.190001    0.000000     0.600000    
22500    1156.445585  -1.191290    0.000000     0.600000    
22500    1156.446472  -1.191897    0.000000     0.600000    
22500    1156.447397  -1.192482    0.000000     0.600000    
22500    1156.448295  -1.194076    0.000000     0.600000    
22500    1156.449194  -1.194880    0.000000     0.600000    
22500    1156.450101  -1.195387    0.000000     0.600000    
22500    1156.451004  -1.196336    0.000000     0.600000    
22500    1156.451885  -1.197000    0.000000     0.600000    
22500    1156.452784  -1.198572    0.000000     0.600000    
22500    1156.453677  -1.199227    0.000000     0.600000    
22500    1156.454569  -1.200569    0.000000     0.600000    
22500    1156.455470  -1.201296    0.000000     0.600000    
22500    1156.456381  -1.202082    0.000000     0.600000    
22500    1156.457310  -1.202855    0.000000     0.600000    
22500    1156.458233  -1.203795    0.000000     0.600000    
22500    1156.459148  -1.204231    0.000000     0.600000    
22500    1156.460065  -1.205404    0.000000     0.600000    
22500    1156.460972  -1.206397    0.000000     0.600000    
22500    1156.461894  -1.207399    0.000000     0.600000    
22500    1156.462803  -1.209195    0.000000     0.600000    
22500    1156.463698  -1.209993    0.000000     0.600000    
22500    1156.464593  -1.211341    0.000000     0.600000    
22500    1156.465482  -1.211985    0.000000     0.600000    
22500    1156.466385  -1.212983    0.000000     0.600000    
22500    1156.467278  -1.213992    0.000000     0.600000    
22500    1156.468197  -1.214880    0.000000     0.600000    
22500    1156.469089  -1.215335    0.000000     0.600000    
22500    1156.470002  -1.216587    0.000000     0.600000    
22500    1156.470879  -1.217198    0.000000     0.600000    
22500    1156.471745  -1.217862    0.000000     0.600000    
22500    1156.472660  -1.218394    0.000000     0.600000    
22500    1156.473561  -1.218838    0.000000     0.600000    
22500    1156.474467  -1.220033    0.000000     0.600000    
22500    1156.475356  -1.220728    0.000000     0.600000    
22500    1156.476241  -1.221359    0.000000     0.600000    
22500    1156.477151  -1.222142    0.000000     0.600000    
22500    1156.478056  -1.223135    0.000000     0.600000    
22500    1156.478947  -1.223777    0.000000     0.600000    
22500    1156.479845  -1.224792    0.000000     0.600000    
22500    1156.480736  -1.225485    0.000000     0.600000    
22500    1156.481634  -1.225896    0.000000     0.600000    
22500    1156.482515  -1.226577    0.000000     0.600000    
22500    1156.483405  -1.227144    0.000000     0.600000    
22500    1156.484299  -1.227926    0.000000     0.600000    
22500    1156.485181  -1.228295    0.000000     0.600000    
22500    1156.486079  -1.228586    0.000000     0.600000    
22500    1156.486984  -1.229338    0.000000     0.600000    
22500    1156.487873  -1.230090    0.000000     0.600000    
22500    1156.488758  -1.230540    0.000000     0.600000    
22500    1156.489646  -1.231189    0.000000     0.600000    
22500    1156.490552  -1.231739    0.000000     0.600000    
22500    1156.491444  -1.232613    0.000000     0.600000    
22500    1156.492345  -1.233732    0.000000     0.600000    
22500    1156.493251  -1.234427    0.000000     0.600000    
22500    1156.494159  -1.235554    0.000000     0.600000    
22500    1156.495070  -1.236701    0.000000     0.600000    
22500    1156.495977  -1.237439    0.000000     0.600000    
22500    1156.496889  -1.238188    0.000000     0.600000    
22500    1156.497818  -1.238980    0.000000     0.600000    
22500    1156.498726  -1.239365    0.000000     0.600000    
22500    1156.499666  -1.240407    0.000000     0.600000    
22500    1156.500581  -1.241437    0.000000     0.600000    
22500    1156.501491  -1.241988    0.000000     0.600000    
22500    1156.502401  -1.242780    0.000000     0.600000    
22500    1156.503311  -1.243335    0.000000     0.600000    
22500    1156.504194  -1.244888    0.000000     0.600000    
22500    1156.505074  -1.245888    0.000000     0.600000    
22500    1156.505969  -1.247212    0.000000     0.600000    
22500    1156.506881  -1.247690    0.000000     0.600000    
22500    1156.507769  -1.248353    0.000000     0.600000    
22500    1156.508684  -1.249619    0.000000     0.600000    
22500    1156.509602  -1.250186    0.000000     0.600000    
22500    1156.510529  -1.251041    0.000000     0.600000    
22500    1156.511461  -1.252014    0.000000     0.600000    
22500    1156.512360  -1.252680    0.000000     0.600000    
22500    1156.513256  -1.253452    0.000000     0.600000    
22500    1156.514141  -1.253952    0.000000     0.600000    
22500    1156.515036  -1.254611    0.000000     0.600000    
22500    1156.515909  -1.255071    0.000000     0.600000    
22500    1156.516806  -1.255734    0.000000     0.600000    
22500    1156.517699  -1.256922    0.000000     0.600000    
22500    1156.518600  -1.257829    0.000000     0.600000    
22500    1156.519510  -1.258305    0.000000     0.600000    
22500    1156.520411  -1.259321    0.000000     0.600000    
22500    1156.521331  -1.260710    0.000000     0.600000    
22500    1156.522227  -1.261274    0.000000     0.600000    
22500    1156.523126  -1.261920    0.000000     0.600000    
22500    1156.524039  -1.263072    0.000000     0.600000    
22500    1156.524927  -1.263705    0.000000     0.600000    
22500    1156.525815  -1.264035    0.000000     0.600000    
22500    1156.526699  -1.264602    0.000000     0.600000    
22500    1156.527590  -1.265337    0.000000     0.600000    
22500    1156.528481  -1.265718    0.000000     0.600000    
22500    1156.529368  -1.266063    0.000000     0.600000    
22500    1156.530262  -1.266565    0.000000     0.600000    
22500    1156.531154  -1.266745    0.000000     0.600000    
22500    1156.532050  -1.267796    0.000000     0.600000    
22500    1156.532952  -1.269293    0.000000     0.600000    
22500    1156.533864  -1.270529    0.000000     0.600000    
22500    1156.534749  -1.271058    0.000000     0.600000    
22500    1156.535641  -1.271551    0.000000     0.600000    
22500    1156.536552  -1.272814    0.000000     0.600000    
22500    1156.537441  -1.273610    0.000000     0.600000    
22500    1156.538325  -1.274691    0.000000     0.600000    
22500    1156.539204  -1.275611    0.000000     0.600000    
22500    1156.540104  -1.276130    0.000000     0.600000    
22500    1156.540994  -1.277131    0.000000     0.600000    
22500    1156.541882  -1.278043    0.000000     0.600000    
22500    1156.542777  -1.278874    0.000000     0.600000    
22500    1156.543679  -1.279517    0.000000     0.600000    
22500    1156.544586  -1.279933    0.000000     0.600000    
22500    1156.545497  -1.280580    0.000000     0.600000    
22500    1156.546411  -1.280942    0.000000     0.600000    
22500    1156.547336  -1.282031    0.000000     0.600000    
22500    1156.548242  -1.282842    0.000000     0.600000    
22500    1156.549148  -1.283280    0.000000     0.600000    
22500    1156.550058  -1.283914    0.000000     0.600000    
22500    1156.550989  -1.284754    0.000000     0.600000    
22500    1156.551896  -1.285526    0.000000     0.600000    
22500    1156.552840  -1.286381    0.000000     0.600000    
22500    1156.553750  -1.286971    0.000000     0.600000    
22500    1156.554665  -1.287423    0.000000     0.600000    
22500    1156.555570  -1.288153    0.000000     0.600000    
22500    1156.556475  -1.288776    0.000000     0.600000    
22500    1156.557391  -1.289298    0.000000     0.600000    
22500    1156.558304  -1.289925    0.000000     0.600000    
22500    1156.559244  -1.291245    0.000000     0.600000    
22500    1156.560137  -1.291666    0.000000     0.600000    
22500    1156.561074  -1.292855    0.000000     0.600000    
22500    1156.562003  -1.293792    0.000000     0.600000    
22500    1156.562963  -1.294470    0.000000     0.600000    
22500    1156.563879  -1.295016    0.000000     0.600000    
22500    1156.564809  -1.295465    0.000000     0.600000    
22500    1156.565747  -1.296137    0.000000     0.600000    
22500    1156.566660  -1.296880    0.000000     0.600000    
22500    1156.567564  -1.297670    0.000000     0.600000    
22500    1156.568455  -1.298147    0.000000     0.600000    
22500    1156.569370  -1.299389    0.000000     0.600000    
22500    1156.570279  -1.299812    0.000000     0.600000    
22500    1156.571168  -1.300686    0.000000     0.600000    
22500    1156.572057  -1.301324    0.000000     0.600000    
22500    1156.572939  -1.301871    0.000000     0.600000    
22500    1156.573870  -1.302825    0.000000     0.600000    
22500    1156.574783  -1.304145    0.000000     0.600000    
22500    1156.575683  -1.305024    0.000000     0.600000    
22500    1156.576559  -1.305222    0.000000     0.600000    
22500    1156.577501  -1.306241    0.000000     0.600000    
22500    1156.578408  -1.306812    0.000000     0.600000    
22500    1156.579337  -1.307439    0.000000     0.600000    
22500    1156.580264  -1.308259    0.000000     0.600000    
22500    1156.581221  -1.309659    0.000000     0.600000    
22500    1156.582157  -1.310834    0.000000     0.600000    
22500    1156.583046  -1.311002    0.000000     0.600000    
22500    1156.583957  -1.311410    0.000000     0.600000    
22500    1156.584867  -1.311952    0.000000     0.600000    
22500    1156.585791  -1.313120    0.000000     0.600000    
22500    1156.586696  -1.314348    0.000000     0.600000    
22500    1156.587596  -1.315102    0.000000     0.600000    
22500    1156.588503  -1.316019    0.000000     0.600000    
22500    1156.589443  -1.316787    0.000000     0.600000    
22500    1156.590381  -1.317365    0.000000     0.600000    
22500    1156.591305  -1.317840    0.000000     0.600000    
22500    1156.592211  -1.318501    0.000000     0.600000    
22500    1156.593180  -1.319363    0.000000     0.600000    
22500    1156.594100  -1.320332    0.000000     0.600000    
22500    1156.595046  -1.321056    0.000000     0.600000    
22500    1156.595954  -1.321844    0.000000     0.600000    
22500    1156.596904  -1.322492    0.000000     0.600000    
22500    1156.597864  -1.323282    0.000000     0.600000    
22500    1156.598831  -1.323982    0.000000     0.600000    
22500    1156.599765  -1.324697    0.000000     0.600000    
22500    1156.600687  -1.325078    0.000000     0.600000    
22500    1156.601608  -1.325575    0.000000     0.600000    
22500    1156.602536  -1.326276    0.000000     0.600000    
22500    1156.603445  -1.326689    0.000000     0.600000    
22500    1156.604370  -1.327662    0.000000     0.600000    
22500    1156.605247  -1.328488    0.000000     0.600000    
22500    1156.606127  -1.329242    0.000000     0.600000    
22500    1156.607027  -1.329933    0.000000     0.600000    
22500    1156.607918  -1.330495    0.000000     0.600000    
22500    1156.608810  -1.331040    0.000000     0.600000    
22500    1156.609719  -1.332081    0.000000     0.600000    
22500    1156.610611  -1.332701    0.000000     0.600000    
22500    1156.611504  -1.332973    0.000000     0.600000    
22500    1156.612418  -1.334135    0.000000     0.600000    
22500    1156.613331  -1.335197    0.000000     0.600000    
22500    1156.614258  -1.335839    0.000000     0.600000    
22500    1156.615166  -1.336339    0.000000     0.600000    
22500    1156.616064  -1.337334    0.000000     0.600000    
22500    1156.616963  -1.338000    0.000000     0.600000    
22500    1156.617859  -1.339161    0.000000     0.600000    
22500    1156.618763  -1.340063    0.000000     0.600000    
22500    1156.619659  -1.340915    0.000000     0.600000    
22500    1156.620540  -1.341544    0.000000     0.600000    
22500    1156.621456  -1.342174    0.000000     0.600000    
22500    1156.622337  -1.342506    0.000000     0.600000    
22500    1156.623232  -1.343313    0.000000     0.600000    
22500    1156.624129  -1.343843    0.000000     0.600000    
22500    1156.625024  -1.344810    0.000000     0.600000    
22500    1156.625922  -1.346112    0.000000     0.600000    
22500    1156.626809  -1.347566    0.000000     0.600000    
22500    1156.627705  -1.347981    0.000000     0.600000    
22500    1156.628609  -1.348771    0.000000     0.600000    
22500    1156.629488  -1.349177    0.000000     0.600000    
22500    1156.630388  -1.350347    0.000000     0.600000    
22500    1156.631208  -1.351057    0.000000     0.600000    
22500    1156.631987  -1.351640    0.000000     0.600000    
22500    1156.632773  -1.352494    0.000000     0.600000    
22500    1156.633566  -1.353244    0.000000     0.600000    
22500    1156.634358  -1.354043    0.000000     0.600000    
22500    1156.635140  -1.354649    0.000000     0.600000    
22500    1156.635928  -1.355556    0.000000     0.600000    
22500    1156.636707  -1.356437    0.000000     0.600000    
22500    1156.637480  -1.356746    0.000000     0.600000    
22500    1156.638273  -1.357957    0.000000     0.600000    
22500    1156.639053  -1.358658    0.000000     0.600000    
22500    1156.639832  -1.360118    0.000000     0.600000    
22500    1156.640598  -1.360262    0.000000     0.600000    
22500    1156.641380  -1.361010    0.000000     0.600000    
22500    1156.642158  -1.361762    0.000000     0.600000    
22500    1156.642936  -1.362430    0.000000     0.600000    
22500    1156.643712  -1.363009    0.000000     0.600000    
22500    1156.644483  -1.363952    0.000000     0.600000    
22500    1156.645272  -1.365248    0.000000     0.600000    
22500    1156.646040  -1.365835    0.000000     0.600000    
22500    1156.646818  -1.366458    0.000000     0.600000    
22500    1156.647590  -1.367392    0.000000     0.600000    
22500    1156.648379  -1.369338    0.000000     0.600000    
22500    1156.649154  -1.370036    0.000000     0.600000    
22500    1156.649936  -1.370775    0.000000     0.600000    
22500    1156.650717  -1.371519    0.000000     0.600000    
22500    1156.651494  -1.372158    0.000000     0.600000    
22500    1156.652264  -1.373108    0.000000     0.600000    
22500    1156.653041  -1.373886    0.000000     0.600000    
22500    1156.653812  -1.374306    0.000000     0.600000    
22500    1156.654600  -1.374783    0.000000     0.600000    
22500    1156.655380  -1.375971    0.000000     0.600000    
22500    1156.656158  -1.376956    0.000000     0.600000    
22500    1156.656956  -1.378234    0.000000     0.600000    
22500    1156.657739  -1.379074    0.000000     0.600000    
22500    1156.658524  -1.379345    0.000000     0.600000    
22500    1156.659354  -1.380158    0.000000     0.600000    
22500    1156.660143  -1.380894    0.000000     0.600000    
22500    1156.660942  -1.381851    0.000000     0.600000    
22500    1156.661735  -1.382323    0.000000     0.600000    
22500    1156.662507  -1.382852    0.000000     0.600000    
22500    1156.663272  -1.382929    0.000000     0.600000    
22500    1156.664073  -1.383855    0.000000     0.600000    
22500    1156.664873  -1.385046    0.000000     0.600000    
22500    1156.665679  -1.385781    0.000000     0.600000    
22500    1156.666462  -1.386119    0.000000     0.600000    
22500    1156.667275  -1.386855    0.000000     0.600000    
22500    1156.668058  -1.387379    0.000000     0.600000    
22500    1156.668849  -1.388164    0.000000     0.600000    
22500    1156.669625  -1.388588    0.000000     0.600000    
22500    1156.670417  -1.389111    0.000000     0.600000    
22500    1156.671193  -1.389293    0.000000     0.600000    
22500    1156.671970  -1.389654    0.000000     0.600000    
22500    1156.672741  -1.390335    0.000000     0.600000    
22500    1156.673534  -1.390834    0.000000     0.600000    
22500    1156.674303  -1.391459    0.000000     0.600000    
22500    1156.675063  -1.392550    0.000000     0.600000    
22500    1156.675833  -1.393509    0.000000     0.600000    
22500    1156.676645  -1.394478    0.000000     0.600000    
22500    1156.677443  -1.394866    0.000000     0.600000    
22500    1156.678245  -1.395735    0.000000     0.600000    
22500    1156.679028  -1.396746    0.000000     0.600000    
22500    1156.679835  -1.397743    0.000000     0.600000    
22500    1156.680628  -1.398556    0.000000     0.600000    
22500    1156.681414  -1.399307    0.000000     0.600000    
22500    1156.682200  -1.399929    0.000000     0.600000    
22500    1156.683006  -1.400833    0.000000     0.600000    
22500    1156.683809  -1.401666    0.000000     0.600000    
22500    1156.684621  -1.402448    0.000000     0.600000    
22500    1156.685400  -1.403077    0.000000     0.600000    
22500    1156.686195  -1.403397    0.000000     0.600000    
22500    1156.686962  -1.404131    0.000000     0.600000    
22500    1156.687753  -1.405011    0.000000     0.600000    
22500    1156.688547  -1.405878    0.000000     0.600000    
22500    1156.689335  -1.406349    0.000000     0.600000    
22500    1156.690135  -1.406870    0.000000     0.600000    
22500    1156.690921  -1.407344    0.000000     0.600000    
22500    1156.691697  -1.407505    0.000000     0.600000    
22500    1156.692464  -1.407975    0.000000     0.600000    
22500    1156.693269  -1.409362    0.000000     0.600000    
22500    1156.694041  -1.409740    0.000000     0.600000    
22500    1156.694825  -1.410131    0.000000     0.600000    
22500    1156.695603  -1.410753    0.000000     0.600000    
22500    1156.696388  -1.411358    0.000000     0.600000    
22500    1156.697177  -1.412171    0.000000     0.600000    
22500    1156.697982  -1.412956    0.000000     0.600000    
22500    1156.698775  -1.413367    0.000000     0.600000    
22500    1156.699569  -1.414441    0.000000     0.600000    
22500    1156.700378  -1.415197    0.000000     0.600000    
22500    1156.701153  -1.415894    0.000000     0.600000    
22500    1156.701851  -1.416712    0.000000     0.600000    
22500    1156.702557  -1.417458    0.000000     0.600000    
22500    1156.703246  -1.417714    0.000000     0.600000    
22500    1156.703940  -1.418360    0.000000     0.600000    
22500    1156.704640  -1.419425    0.000000     0.600000    
22500    1156.705342  -1.420376    0.000000     0.600000    
22500    1156.706029  -1.421085    0.000000     0.600000    
22500    1156.706721  -1.421815    0.000000     0.600000    
22500    1156.707425  -1.422723    0.000000     0.600000    
22500    1156.708118  -1.423330    0.000000     0.600000    
22500    1156.708823  -1.424263    0.000000     0.600000    
22500    1156.709521  -1.425135    0.000000     0.600000    
22500    1156.710199  -1.425669    0.000000     0.600000    
22500    1156.710882  -1.426076    0.000000     0.600000    
22500    1156.711584  -1.427252    0.000000     0.600000    
22500    1156.712273  -1.428010    0.000000     0.600000    
22500    1156.712984  -1.428930    0.000000     0.600000    
22500    1156.713676  -1.429488    0.000000     0.600000    
22500    1156.714355  -1.429666    0.000000     0.600000    
22500    1156.715040  -1.430008    0.000000     0.600000    
22500    1156.715737  -1.430600    0.000000     0.600000    
22500    1156.716426  -1.430714    0.000000     0.600000    
22500    1156.717124  -1.431878    0.000000     0.600000    
22500    1156.717819  -1.432325    0.000000     0.600000    
22500    1156.718518  -1.433270    0.000000     0.600000    
22500    1156.719203  -1.434007    0.000000     0.600000    
22500    1156.719893  -1.434511    0.000000     0.600000    
22500    1156.720591  -1.435553    0.000000     0.600000    
22500    1156.721304  -1.436489    0.000000     0.600000    
22500    1156.722001  -1.437169    0.000000     0.600000    
22500    1156.722698  -1.437781    0.000000     0.600000    
22500    1156.723407  -1.438512    0.000000     0.600000    
22500    1156.724095  -1.439101    0.000000     0.600000    
22500    1156.724788  -1.439955    0.000000     0.600000    
22500    1156.725482  -1.440483    0.000000     0.600000    
22500    1156.726187  -1.441387    0.000000     0.600000    
22500    1156.726885  -1.443189    0.000000     0.600000    
22500    1156.727583  -1.444143    0.000000     0.600000    
22500    1156.728264  -1.444481    0.000000     0.600000    
22500    1156.728967  -1.445056    0.000000     0.600000    
22500    1156.729664  -1.445825    0.000000     0.600000    
22500    1156.730352  -1.446236    0.000000     0.600000    
22500    1156.731051  -1.447340    0.000000     0.600000    
22500    1156.731745  -1.447847    0.000000     0.600000    
22500    1156.732442  -1.448350    0.000000     0.600000    
22500    1156.733139  -1.448878    0.000000     0.600000    
22500    1156.733831  -1.449142    0.000000     0.600000    
22500    1156.734528  -1.450048    0.000000     0.600000    
22500    1156.735228  -1.450756    0.000000     0.600000    
22500    1156.735920  -1.451223    0.000000     0.600000    
22500    1156.736620  -1.452083    0.000000     0.600000    
22500    1156.737320  -1.453025    0.000000     0.600000    
22500    1156.738007  -1.453183    0.000000     0.600000    
22500    1156.738695  -1.453871    0.000000     0.600000    
22500    1156.739400  -1.454128    0.000000     0.600000    
22500    1156.740085  -1.454801    0.000000     0.600000    
22500    1156.740794  -1.455239    0.000000     0.600000    
22500    1156.741483  -1.455884    0.000000     0.600000    
22500    1156.742171  -1.456549    0.000000     0.600000    
22500    1156.742863  -1.457083    0.000000     0.600000    
22500    1156.743560  -1.457641    0.000000     0.600000    
22500    1156.744264  -1.458426    0.000000     0.600000    
22500    1156.744958  -1.459028    0.000000     0.600000    
22500    1156.745658  -1.459978    0.000000     0.600000    
22500    1156.746373  -1.461183    0.000000     0.600000    
22500    1156.747090  -1.461903    0.000000     0.600000    
22500    1156.747796  -1.463251    0.000000     0.600000    
22500    1156.748501  -1.463961    0.000000     0.600000    
22500    1156.749191  -1.464474    0.000000     0.600000    
22500    1156.749880  -1.465096    0.000000     0.600000    
22500    1156.750579  -1.465581    0.000000     0.600000    
22500    1156.751269  -1.466392    0.000000     0.600000    
22500    1156.751966  -1.466846    0.000000     0.600000    
22500    1156.752660  -1.467864    0.000000     0.600000    
22500    1156.753350  -1.468248    0.000000     0.600000    
22500    1156.754039  -1.468473    0.000000     0.600000    
22500    1156.754743  -1.469305    0.000000     0.600000    
22500    1156.755441  -1.470266    0.000000     0.600000    
22500    1156.756129  -1.470604    0.000000     0.600000    
22500    1156.756825  -1.471398    0.000000     0.600000    
22500    1156.757507  -1.472345    0.000000     0.600000    
22500    1156.758188  -1.472746    0.000000     0.600000    
22500    1156.758883  -1.473777    0.000000     0.600000    
22500    1156.759589  -1.474790    0.000000     0.600000    
22500    1156.760284  -1.475328    0.000000     0.600000    
22500    1156.760985  -1.476371    0.000000     0.600000    
22500    1156.761676  -1.477332    0.000000     0.600000    
22500    1156.762376  -1.478018    0.000000     0.600000    
22500    1156.763018  -1.478612    0.000000     0.600000    
22500    1156.763647  -1.479628    0.000000     0.600000    
22500    1156.764271  -1.480022    0.000000     0.600000    
22500    1156.764898  -1.480693    0.000000     0.600000    
22500    1156.765518  -1.480748    0.000000     0.600000    
22500    1156.766158  -1.481433    0.000000     0.600000    
22500    1156.766796  -1.482040    0.000000     0.600000    
22500    1156.767427  -1.482384    0.000000     0.600000    
22500    1156.768059  -1.483003    0.000000     0.600000    
22500    1156.768696  -1.484048    0.000000     0.600000    
22500    1156.769328  -1.484706    0.000000     0.600000    
22500    1156.769967  -1.485976    0.000000     0.600000    
22500    1156.770601  -1.486332    0.000000     0.600000    
22500    1156.771235  -1.486795    0.000000     0.600000    
22500    1156.771864  -1.487736    0.000000     0.600000    
22500    1156.772504  -1.489092    0.000000     0.600000    
22500    1156.773139  -1.489717    0.000000     0.600000    
22500    1156.773769  -1.490093    0.000000     0.600000    
22500    1156.774414  -1.491073    0.000000     0.600000    
22500    1156.775051  -1.492376    0.000000     0.600000    
22500    1156.775691  -1.493250    0.000000     0.600000    
22500    1156.776329  -1.493498    0.000000     0.600000    
22500    1156.776958  -1.493812    0.000000     0.600000    
22500    1156.777587  -1.494424    0.000000     0.600000    
22500    1156.778217  -1.494664    0.000000     0.600000    
22500    1156.778858  -1.495479    0.000000     0.600000    
22500    1156.779485  -1.496155    0.000000     0.600000    
22500    1156.780124  -1.496862    0.000000     0.600000    
22500    1156.780759  -1.497510    0.000000     0.600000    
22500    1156.781393  -1.498021    0.000000     0.600000    
22500    1156.782035  -1.498878    0.000000     0.600000    
22500    1156.782660  -1.499113    0.000000     0.600000    
22500    1156.783297  -1.499560    0.000000     0.600000    
22500    1156.783925  -1.500548    0.000000     0.600000    
22500    1156.784555  -1.500854    0.000000     0.600000    
22500    1156.785187  -1.501416    0.000000     0.600000    
22500    1156.785827  -1.502363    0.000000     0.600000    
22500    1156.786461  -1.503060    0.000000     0.600000    
22500    1156.787087  -1.503306    0.000000     0.600000    
22500    1156.787721  -1.504189    0.000000     0.600000    
22500    1156.788356  -1.505008    0.000000     0.600000    
22500    1156.788988  -1.506035    0.000000     0.600000    
22500    1156.789622  -1.506472    0.000000     0.600000    
22500    1156.790255  -1.507342    0.000000     0.600000    
22500    1156.790894  -1.508256    0.000000     0.600000    
22500    1156.791523  -1.508481    0.000000     0.600000    
22500    1156.792170  -1.508947    0.000000     0.600000    
22500    1156.792807  -1.509549    0.000000     0.600000    
22500    1156.793445  -1.510289    0.000000     0.600000    
22500    1156.794068  -1.510868    0.000000     0.600000    
22500    1156.794696  -1.511440    0.000000     0.600000    
22500    1156.795316  -1.512425    0.000000     0.600000    
22500    1156.795937  -1.512823    0.000000     0.600000    
22500    1156.796582  -1.513430    0.000000     0.600000    
22500    1156.797211  -1.513931    0.000000     0.600000    
22500    1156.797846  -1.514990    0.000000     0.600000    
22500    1156.798478  -1.515804    0.000000     0.600000    
22500    1156.799112  -1.516479    0.000000     0.600000    
22500    1156.799747  -1.516800    0.000000     0.600000    
22500    1156.800371  -1.517168    0.000000     0.600000    
22500    1156.801006  -1.517611    0.000000     0.600000    
22500    1156.801634  -1.517986    0.000000     0.600000    
22500    1156.802265  -1.518877    0.000000     0.600000    
22500    1156.802896  -1.519612    0.000000     0.600000    
22500    1156.803532  -1.520708    0.000000     0.600000    
22500    1156.804170  -1.521494    0.000000     0.600000    
22500    1156.804807  -1.522188    0.000000     0.600000    
22500    1156.805426  -1.522477    0.000000     0.600000    
22500    1156.806053  -1.523036    0.000000     0.600000    
22500    1156.806696  -1.523703    0.000000     0.600000    
22500    1156.807337  -1.524594    0.000000     0.600000    
22500    1156.807968  -1.525093    0.000000     0.600000    
22500    1156.808597  -1.525562    0.000000     0.600000    
22500    1156.809226  -1.526440    0.000000     0.600000    
22500    1156.809857  -1.527195    0.000000     0.600000    
22500    1156.810483  -1.527700    0.000000     0.600000    
22500    1156.811107  -1.528839    0.000000     0.600000    
22500    1156.811731  -1.529626    0.000000     0.600000    
22500    1156.812362  -1.530096    0.000000     0.600000    
22500    1156.812998  -1.530281    0.000000     0.600000    
22500    1156.813633  -1.530861    0.000000     0.600000    
22500    1156.814263  -1.531225    0.000000     0.600000    
22500    1156.814891  -1.531783    0.000000     0.600000    
22500    1156.815536  -1.532448    0.000000     0.600000    
22500    1156.816154  -1.532808    0.000000     0.600000    
22500    1156.816799  -1.533564    0.000000     0.600000    
22500    1156.817424  -1.534387    0.000000     0.600000    
22500    1156.818046  -1.534796    0.000000     0.600000    
22500    1156.818674  -1.535227    0.000000     0.600000    
22500    1156.819297  -1.536123    0.000000     0.600000    
22500    1156.819949  -1.537254    0.000000     0.600000    
22500    1156.820644  -1.537641    0.000000     0.600000    
22500    1156.821269  -1.538062    0.000000     0.600000    
22500    1156.821882  -1.538285    0.000000     0.600000    
22500    1156.822507  -1.538889    0.000000     0.600000    
22500    1156.823125  -1.539240    0.000000     0.600000    
22500    1156.823739  -1.539566    0.000000     0.600000    
22500    1156.824361  -1.540049    0.000000     0.600000    
22500    1156.824981  -1.541138    0.000000     0.600000    
22500    1156.825607  -1.541472    0.000000     0.600000    
22500    1156.826215  -1.542056    0.000000     0.600000    
22500    1156.826833  -1.542240    0.000000     0.600000    
22500    1156.827448  -1.543378    0.000000     0.600000    
22500    1156.828063  -1.544080    0.000000     0.600000    
22500    1156.828674  -1.544575    0.000000     0.600000    
22500    1156.829293  -1.545125    0.000000     0.600000    
22500    1156.829908  -1.545820    0.000000     0.600000    
22500    1156.830534  -1.546537    0.000000     0.600000    
22500    1156.831147  -1.546815    0.000000     0.600000    
22500    1156.831763  -1.547879    0.000000     0.600000    
22500    1156.832368  -1.548381    0.000000     0.600000    
22500    1156.832986  -1.548764    0.000000     0.600000    
22500    1156.833603  -1.549273    0.000000     0.600000    
22500    1156.834206  -1.549372    0.000000     0.600000    
22500    1156.834824  -1.550336    0.000000     0.600000    
22500    1156.835440  -1.550944    0.000000     0.600000    
22500    1156.836048  -1.551383    0.000000     0.600000    
22500    1156.836655  -1.551644    0.000000     0.600000    
22500    1156.837265  -1.551974    0.000000     0.600000    
22500    1156.837871  -1.552441    0.000000     0.600000    
22500    1156.838472  -1.552683    0.000000     0.600000    
22500    1156.839086  -1.553306    0.000000     0.600000    
22500    1156.839694  -1.553667    0.000000     0.600000    
22500    1156.840319  -1.554271    0.000000     0.600000    
22500    1156.840943  -1.554703    0.000000     0.600000    
22500    1156.841563  -1.555475    0.000000     0.600000    
22500    1156.842175  -1.556404    0.000000     0.600000    
22500    1156.842789  -1.557024    0.000000     0.600000    
22500    1156.843402  -1.557435    0.000000     0.600000    
22500    1156.844003  -1.557763    0.000000     0.600000    
22500    1156.844618  -1.558782    0.000000     0.600000    
22500    1156.845231  -1.559530    0.000000     0.600000    
22500    1156.845843  -1.559922    0.000000     0.600000    
22500    1156.846464  -1.560747    0.000000     0.600000    
22500    1156.847074  -1.561499    0.000000     0.600000    
22500    1156.847667  -1.561822    0.000000     0.600000    
22500    1156.848228  -1.562317    0.000000     0.600000    
22500    1156.848785  -1.562713    0.000000     0.600000    
22500    1156.849353  -1.563379    0.000000     0.600000    
22500    1156.849911  -1.563792    0.000000     0.600000    
22500    1156.850481  -1.564948    0.000000     0.600000    
22500    1156.851052  -1.565392    0.000000     0.600000    
22500    1156.851617  -1.565983    0.000000     0.600000    
22500    1156.852165  -1.566245    0.000000     0.600000    
22500    1156.852748  -1.567388    0.000000     0.600000    
22500    1156.853317  -1.568015    0.000000     0.600000    
22500    1156.853885  -1.568589    0.000000     0.600000    
22500    1156.854447  -1.568935    0.000000     0.600000    
22500    1156.855016  -1.569388    0.000000     0.600000    
22500    1156.855574  -1.569783    0.000000     0.600000    
22500    1156.856131  -1.570301    0.000000     0.600000    
22500    1156.856701  -1.571235    0.000000     0.600000    
22500    1156.857272  -1.571489    0.000000     0.600000    
22500    1156.857825  -1.571805    0.000000     0.600000    
22500    1156.858382  -1.572017    0.000000     0.600000    
22500    1156.858942  -1.572726    0.000000     0.600000    
22500    1156.859512  -1.573418    0.000000     0.600000    
22500    1156.860079  -1.574340    0.000000     0.600000    
22500    1156.860641  -1.575722    0.000000     0.600000    
22500    1156.861213  -1.576420    0.000000     0.600000    
22500    1156.861777  -1.576644    0.000000     0.600000    
22500    1156.862341  -1.577515    0.000000     0.600000    
22500    1156.862912  -1.578294    0.000000     0.600000    
22500    1156.863481  -1.579005    0.000000     0.600000    
22500    1156.864050  -1.580156    0.000000     0.600000    
22500    1156.864614  -1.580670    0.000000     0.600000    
22500    1156.865164  -1.580919    0.000000     0.600000    
22500    1156.865719  -1.581385    0.000000     0.600000    
22500    1156.866283  -1.581640    0.000000     0.600000    
22500    1156.866838  -1.582527    0.000000     0.600000    
22500    1156.867397  -1.582948    0.000000     0.600000    
22500    1156.867951  -1.583459    0.000000     0.600000    
22500    1156.868510  -1.584555    0.000000     0.600000    
22500    1156.869073  -1.584770    0.000000     0.600000    
22500    1156.869628  -1.585837    0.000000     0.600000    
22500    1156.870186  -1.586203    0.000000     0.600000    
22500    1156.870742  -1.586687    0.000000     0.600000    
22500    1156.871295  -1.587052    0.000000     0.600000    
22500    1156.871848  -1.587773    0.000000     0.600000    
22500    1156.872404  -1.588291    0.000000     0.600000    
22500    1156.872982  -1.588903    0.000000     0.600000    
22500    1156.873544  -1.589337    0.000000     0.600000    
22500    1156.874112  -1.589976    0.000000     0.600000    
22500    1156.874667  -1.590472    0.000000     0.600000    
22500    1156.875223  -1.591259    0.000000     0.600000    
22500    1156.875785  -1.592012    0.000000     0.600000    
22500    1156.876339  -1.592517    0.000000     0.600000    
22500    1156.876894  -1.592876    0.000000     0.600000    
22500    1156.877454  -1.593175    0.000000     0.600000    
22500    1156.878013  -1.593647    0.000000     0.600000    
22500    1156.878583  -1.594731    0.000000     0.600000    
22500    1156.879141  -1.595132    0.000000     0.600000    
22500    1156.879693  -1.595366    0.000000     0.600000    
22500    1156.880261  -1.595772    0.000000     0.600000    
22500    1156.880824  -1.596421    0.000000     0.600000    
22500    1156.881390  -1.596826    0.000000     0.600000    
22500    1156.881957  -1.597773    0.000000     0.600000    
22500    1156.882506  -1.597917    0.000000     0.600000    
22500    1156.883066  -1.598425    0.000000     0.600000    
22500    1156.883630  -1.599445    0.000000     0.600000    
22500    1156.884191  -1.599961    0.000000     0.600000    
22500    1156.884750  -1.600796    0.000000     0.600000    
22500    1156.885322  -1.601704    0.000000     0.600000    
22500    1156.885886  -1.602231    0.000000     0.600000    
22500    1156.886459  -1.602999    0.000000     0.600000    
22500    1156.887021  -1.603411    0.000000     0.600000    
22500    1156.887582  -1.603868    0.000000     0.600000    
22500    1156.888159  -1.604386    0.000000     0.600000    
22500    1156.888722  -1.604847    0.000000     0.600000    
22500    1156.889284  -1.605400    0.000000     0.600000    
22500    1156.889845  -1.606227    0.000000     0.600000    
22500    1156.890408  -1.606836    0.000000     0.600000    
22500    1156.890974  -1.607413    0.000000     0.600000    
22500    1156.891526  -1.607854    0.000000     0.600000    
22500    1156.892082  -1.608250    0.000000     0.600000    
22500    1156.892645  -1.608564    0.000000     0.600000    
22500    1156.893199  -1.608993    0.000000     0.600000    
22500    1156.893765  -1.609720    0.000000     0.600000    
22500    1156.894324  -1.609993    0.000000     0.600000    
22500    1156.894882  -1.610250    0.000000     0.600000    
22500    1156.895439  -1.611330    0.000000     0.600000    
22500    1156.896007  -1.611872    0.000000     0.600000    
22500    1156.896569  -1.612257    0.000000     0.600000    
22500    1156.897131  -1.612700    0.000000     0.600000    
22500    1156.897680  -1.612837    0.000000     0.600000    
22500    1156.898234  -1.613361    0.000000     0.600000    
22500    1156.898797  -1.613968    0.000000     0.600000    
22500    1156.899354  -1.614362    0.000000     0.600000    
22500    1156.899924  -1.614691    0.000000     0.600000    
22500    1156.900487  -1.614995    0.000000     0.600000    
22500    1156.901051  -1.615411    0.000000     0.600000    
22500    1156.901605  -1.615753    0.000000     0.600000    
22500    1156.902168  -1.616209    0.000000     0.600000    
22500    1156.902728  -1.616865    0.000000     0.600000    
22500    1156.903292  -1.617572    0.000000     0.600000    
22500    1156.903847  -1.617829    0.000000     0.600000    
22500    1156.904408  -1.618268    0.000000     0.600000    
22500    1156.904955  -1.618376    0.000000     0.600000    
22500    1156.905504  -1.618613    0.000000     0.600000    
22500    1156.906057  -1.619644    0.000000     0.600000    
22500    1156.906611  -1.620086    0.000000     0.600000    
22500    1156.907164  -1.620623    0.000000     0.600000    
22500    1156.907729  -1.621371    0.000000     0.600000    
22500    1156.908285  -1.622118    0.000000     0.600000    
22500    1156.908844  -1.622809    0.000000     0.600000    
22500    1156.909389  -1.622989    0.000000     0.600000    
22500    1156.909952  -1.623534    0.000000     0.600000    
22500    1156.910512  -1.624216    0.000000     0.600000    
22500    1156.911062  -1.624718    0.000000     0.600000    
22500    1156.911624  -1.625171    0.000000     0.600000    
22500    1156.912189  -1.626082    0.000000     0.600000    
22500    1156.912745  -1.626912    0.000000     0.600000    
22500    1156.913305  -1.627596    0.000000     0.600000    
22500    1156.913863  -1.627935    0.000000     0.600000    
22500    1156.914420  -1.629247    0.000000     0.600000    
22500    1156.914978  -1.629584    0.000000     0.600000    
22500    1156.915535  -1.630011    0.000000     0.600000    
22500    1156.916089  -1.630090    0.000000     0.600000    
22500    1156.916639  -1.630362    0.000000     0.600000    
22500    1156.917195  -1.630742    0.000000     0.600000    
22500    1156.917756  -1.631109    0.000000     0.600000    
22500    1156.918321  -1.631733    0.000000     0.600000    
22500    1156.918885  -1.632235    0.000000     0.600000    
22500    1156.919442  -1.633051    0.000000     0.600000    
22500    1156.919995  -1.633201    0.000000     0.600000    
22500    1156.920555  -1.633782    0.000000     0.600000    
22500    1156.921116  -1.634430    0.000000     0.600000    
22500    1156.921670  -1.634925    0.000000     0.600000    
22500    1156.922235  -1.635337    0.000000     0.600000    
22500    1156.922790  -1.635916    0.000000     0.600000    
22500    1156.923356  -1.636680    0.000000     0.600000    
22500    1156.923889  -1.636680    0.000000     0.600000    
22500    1156.924445  -1.637024    0.000000     0.600000    
22500    1156.925002  -1.637459    0.000000     0.600000    
22500    1156.925559  -1.637841    0.000000     0.600000    
22500    1156.926122  -1.638551    0.000000     0.600000    
22500    1156.926687  -1.639153    0.000000     0.600000    
22500    1156.927241  -1.639422    0.000000     0.600000    
22500    1156.927799  -1.640157    0.000000     0.600000    
22500    1156.928350  -1.640720    0.000000     0.600000    
22500    1156.928901  -1.641244    0.000000     0.600000    
22500    1156.929461  -1.641776    0.000000     0.600000    
22500    1156.930010  -1.642020    0.000000     0.600000    
22500    1156.930559  -1.642593    0.000000     0.600000    
22500    1156.931114  -1.643033    0.000000     0.600000    
22500    1156.931671  -1.643501    0.000000     0.600000    
22500    1156.932224  -1.644029    0.000000     0.600000    
22500    1156.932779  -1.644486    0.000000     0.600000    
22500    1156.933300  -1.645008    0.000000     0.600000    
22500    1156.933826  -1.645770    0.000000     0.600000    
22500    1156.934349  -1.646099    0.000000     0.600000    
22500    1156.934865  -1.646395    0.000000     0.600000    
22500    1156.935390  -1.647092    0.000000     0.600000    
22500    1156.935921  -1.647621    0.000000     0.600000    
22500    1156.936456  -1.648530    0.000000     0.600000    
22500    1156.936982  -1.649082    0.000000     0.600000    
22500    1156.937493  -1.649421    0.000000     0.600000    
22500    1156.938022  -1.650121    0.000000     0.600000    
22500    1156.938546  -1.650871    0.000000     0.600000    
22500    1156.939070  -1.651687    0.000000     0.600000    
22500    1156.939587  -1.652204    0.000000     0.600000    
22500    1156.940113  -1.652738    0.000000     0.600000    
22500    1156.940628  -1.653069    0.000000     0.600000    
22500    1156.941148  -1.653710    0.000000     0.600000    
22500    1156.941662  -1.654012    0.000000     0.600000    
22500    1156.942182  -1.654579    0.000000     0.600000    
22500    1156.942701  -1.654784    0.000000     0.600000    
22500    1156.943223  -1.655014    0.000000     0.600000    
22500    1156.943743  -1.655408    0.000000     0.600000    
22500    1156.944253  -1.655700    0.000000     0.600000    
22500    1156.944771  -1.655978    0.000000     0.600000    
22500    1156.945293  -1.656295    0.000000     0.600000    
22500    1156.945824  -1.656965    0.000000     0.600000    
22500    1156.946346  -1.657142    0.000000     0.600000    
22500    1156.946871  -1.657521    0.000000     0.600000    
22500    1156.947388  -1.657882    0.000000     0.600000    
22500    1156.947915  -1.658448    0.000000     0.600000    
22500    1156.948435  -1.658809    0.000000     0.600000    
22500    1156.948956  -1.659752    0.000000     0.600000    
22500    1156.949478  -1.660089    0.000000     0.600000    
22500    1156.950000  -1.660757    0.000000     0.600000    
22500    1156.950520  -1.661340    0.000000     0.600000    
22500    1156.951044  -1.661919    0.000000     0.600000    
22500    1156.951560  -1.662190    0.000000     0.600000    
22500    1156.952087  -1.662801    0.000000     0.600000    
22500    1156.952613  -1.663178    0.000000     0.600000    
22500    1156.953132  -1.663420    0.000000     0.600000    
22500    1156.953647  -1.663760    0.000000     0.600000    
22500    1156.954171  -1.664512    0.000000     0.600000    
22500    1156.954683  -1.664907    0.000000     0.600000    
22500    1156.955202  -1.665346    0.000000     0.600000    
22500    1156.955726  -1.666020    0.000000     0.600000    
22500    1156.956249  -1.666708    0.000000     0.600000    
22500    1156.956769  -1.667100    0.000000     0.600000    
22500    1156.957294  -1.667480    0.000000     0.600000    
22500    1156.957823  -1.668289    0.000000     0.600000    
22500    1156.958341  -1.668454    0.000000     0.600000    
22500    1156.958853  -1.668727    0.000000     0.600000    
22500    1156.959377  -1.669103    0.000000     0.600000    
22500    1156.959895  -1.669415    0.000000     0.600000    
22500    1156.960419  -1.669626    0.000000     0.600000    
22500    1156.960937  -1.670059    0.000000     0.600000    
22500    1156.961453  -1.670519    0.000000     0.600000    
22500    1156.961963  -1.670708    0.000000     0.600000    
22500    1156.962475  -1.670828    0.000000     0.600000    
22500    1156.962998  -1.671220    0.000000     0.600000    
22500    1156.963521  -1.671770    0.000000     0.600000    
22500    1156.964045  -1.672449    0.000000     0.600000    
22500    1156.964581  -1.673197    0.000000     0.600000    
22500    1156.965104  -1.673820    0.000000     0.600000    
22500    1156.965637  -1.675274    0.000000     0.600000    
22500    1156.966151  -1.675588    0.000000     0.600000    
22500    1156.966671  -1.676193    0.000000     0.600000    
22500    1156.967202  -1.676818    0.000000     0.600000    
22500    1156.967725  -1.677706    0.000000     0.600000    
22500    1156.968235  -1.677970    0.000000     0.600000    
22500    1156.968755  -1.678268    0.000000     0.600000    
22500    1156.969286  -1.679321    0.000000     0.600000    
22500    1156.969805  -1.679673    0.000000     0.600000    
22500    1156.970341  -1.680056    0.000000     0.600000    
22500    1156.970861  -1.680412    0.000000     0.600000    
22500    1156.971379  -1.680723    0.000000     0.600000    
22500    1156.971892  -1.681099    0.000000     0.600000    
22500    1156.972416  -1.682135    0.000000     0.600000    
22500    1156.972935  -1.683026    0.000000     0.600000    
22500    1156.973453  -1.683261    0.000000     0.600000    
22500    1156.973973  -1.683829    0.000000     0.600000    
22500    1156.974487  -1.684176    0.000000     0.600000    
22500    1156.975015  -1.685011    0.000000     0.600000    
22500    1156.975529  -1.685216    0.000000     0.600000    
22500    1156.976054  -1.685885    0.000000     0.600000    
22500    1156.976568  -1.686224    0.000000     0.600000    
22500    1156.977093  -1.687403    0.000000     0.600000    
22500    1156.977612  -1.687529    0.000000     0.600000    
22500    1156.978128  -1.687984    0.000000     0.600000    
22500    1156.978650  -1.688698    0.000000     0.600000    
22500    1156.979166  -1.688983    0.000000     0.600000    
22500    1156.979685  -1.689329    0.000000     0.600000    
22500    1156.980206  -1.689841    0.000000     0.600000    
22500    1156.980731  -1.690222    0.000000     0.600000    
22500    1156.981247  -1.690595    0.000000     0.600000    
22500    1156.981761  -1.690697    0.000000     0.600000    
22500    1156.982277  -1.691146    0.000000     0.600000    
22500    1156.982799  -1.691808    0.000000     0.600000    
22500    1156.983316  -1.692661    0.000000     0.600000    
22500    1156.983831  -1.693071    0.000000     0.600000    
22500    1156.984348  -1.693525    0.000000     0.600000    
22500    1156.984866  -1.693908    0.000000     0.600000    
22500    1156.985385  -1.694478    0.000000     0.600000    
22500    1156.985896  -1.695063    0.000000     0.600000    
22500    1156.986418  -1.695989    0.000000     0.600000    
22500    1156.986924  -1.696103    0.000000     0.600000    
22500    1156.987446  -1.696681    0.000000     0.600000    
22500    1156.987965  -1.697194    0.000000     0.600000    
22500    1156.988492  -1.697639    0.000000     0.600000    
22500    1156.989012  -1.698043    0.000000     0.600000    
22500    1156.989530  -1.698324    0.000000     0.600000    
22500    1156.990057  -1.698589    0.000000     0.600000    
22500    1156.990572  -1.698834    0.000000     0.600000    
22500    1156.991089  -1.699239    0.000000     0.600000    
22500    1156.991603  -1.700032    0.000000     0.600000    
22500    1156.992124  -1.700565    0.000000     0.600000    
22500    1156.992646  -1.701062    0.000000     0.600000    
22500    1156.993167  -1.701446    0.000000     0.600000    
22500    1156.993689  -1.702072    0.000000     0.600000    
22500    1156.994209  -1.702713    0.000000     0.600000    
22500    1156.994714  -1.702843    0.000000     0.600000    
22500    1156.995232  -1.703194    0.000000     0.600000    
22500    1156.995757  -1.703759    0.000000     0.600000    
22500    1156.996282  -1.704520    0.000000     0.600000    
22500    1156.996804  -1.705033    0.000000     0.600000    
22500    1156.997333  -1.705576    0.000000     0.600000    
22500    1156.997860  -1.706345    0.000000     0.600000    
22500    1156.998380  -1.706816    0.000000     0.600000    
22500    1156.998906  -1.707284    0.000000     0.600000    
22500    1156.999429  -1.707641    0.000000     0.600000    
22500    1156.999967  -1.708465    0.000000     0.600000    
22500    1157.000492  -1.709115    0.000000     0.600000    
22500    1157.001021  -1.710355    0.000000     0.600000    
22500    1157.001543  -1.711715    0.000000     0.600000    
22500    1157.002059  -1.711895    0.000000     0.600000    
22500    1157.002574  -1.712035    0.000000     0.600000    
22500    1157.003087  -1.712378    0.000000     0.600000    
22500    1157.003588  -1.712451    0.000000     0.600000    
22500    1157.004104  -1.712945    0.000000     0.600000    
22500    1157.004621  -1.713553    0.000000     0.600000    
22500    1157.005142  -1.714207    0.000000     0.600000    
22500    1157.005650  -1.714401    0.000000     0.600000    
22500    1157.006165  -1.714853    0.000000     0.600000    
22500    1157.006683  -1.715683    0.000000     0.600000    
22500    1157.007197  -1.716144    0.000000     0.600000    
22500    1157.007715  -1.716785    0.000000     0.600000    
22500    1157.008229  -1.716951    0.000000     0.600000    
22500    1157.008756  -1.717328    0.000000     0.600000    
22500    1157.009273  -1.717821    0.000000     0.600000    
22500    1157.009786  -1.718397    0.000000     0.600000    
22500    1157.010304  -1.718866    0.000000     0.600000    
22500    1157.010824  -1.719438    0.000000     0.600000    
22500    1157.011340  -1.719637    0.000000     0.600000    
22500    1157.011854  -1.719847    0.000000     0.600000    
22500    1157.012372  -1.720116    0.000000     0.600000    
22500    1157.012889  -1.720616    0.000000     0.600000    
22500    1157.013409  -1.721185    0.000000     0.600000    
22500    1157.013920  -1.721363    0.000000     0.600000    
22500    1157.014447  -1.722124    0.000000     0.600000    
22500    1157.014959  -1.722396    0.000000     0.600000    
22500    1157.015479  -1.723071    0.000000     0.600000    
22500    1157.016005  -1.723790    0.000000     0.600000    
22500    1157.016524  -1.724677    0.000000     0.600000    
22500    1157.017048  -1.725297    0.000000     0.600000    
22500    1157.017563  -1.725415    0.000000     0.600000    
22500    1157.018092  -1.726172    0.000000     0.600000    
22500    1157.018611  -1.726882    0.000000     0.600000    
22500    1157.019130  -1.727385    0.000000     0.600000    
22500    1157.019649  -1.727884    0.000000     0.600000    
22500    1157.020164  -1.728408    0.000000     0.600000    
22500    1157.020682  -1.729194    0.000000     0.600000    
22500    1157.021207  -1.729942    0.000000     0.600000    
22500    1157.021728  -1.730567    0.000000     0.600000    
22500    1157.022237  -1.730945    0.000000     0.600000    
22500    1157.022750  -1.731445    0.000000     0.600000    
22500    1157.023271  -1.731858    0.000000     0.600000    
22500    1157.023786  -1.732074    0.000000     0.600000    
22500    1157.024306  -1.732390    0.000000     0.600000    
22500    1157.024831  -1.733157    0.000000     0.600000    
22500    1157.025357  -1.733624    0.000000     0.600000    
22500    1157.025860  -1.733749    0.000000     0.600000    
22500    1157.026372  -1.734070    0.000000     0.600000    
22500    1157.026888  -1.734441    0.000000     0.600000    
22500    1157.027410  -1.735217    0.000000     0.600000    
22500    1157.027922  -1.735811    0.000000     0.600000    
22500    1157.028442  -1.736402    0.000000     0.600000    
22500    1157.028955  -1.736524    0.000000     0.600000    
22500    1157.029476  -1.737452    0.000000     0.600000    
22500    1157.029987  -1.737872    0.000000     0.600000    
22500    1157.030504  -1.738754    0.000000     0.600000    
22500    1157.031015  -1.739028    0.000000     0.600000    
22500    1157.031535  -1.739635    0.000000     0.600000    
22500    1157.032045  -1.740186    0.000000     0.600000    
22500    1157.032557  -1.740605    0.000000     0.600000    
22500    1157.033069  -1.740797    0.000000     0.600000    
22500    1157.033579  -1.741215    0.000000     0.600000    
22500    1157.034091  -1.741451    0.000000     0.600000    
22500    1157.034625  -1.741837    0.000000     0.600000    
22500    1157.035134  -1.741887    0.000000     0.600000    
22500    1157.035658  -1.742427    0.000000     0.600000    
22500    1157.036182  -1.742891    0.000000     0.600000    
22500    1157.036704  -1.744046    0.000000     0.600000    
22500    1157.037222  -1.744246    0.000000     0.600000    
22500    1157.037749  -1.744749    0.000000     0.600000    
22500    1157.038263  -1.745090    0.000000     0.600000    
22500    1157.038771  -1.745546    0.000000     0.600000    
22500    1157.039297  -1.745911    0.000000     0.600000    
22500    1157.039818  -1.746194    0.000000     0.600000    
22500    1157.040334  -1.746415    0.000000     0.600000    
22500    1157.040854  -1.746979    0.000000     0.600000    
22500    1157.041385  -1.747565    0.000000     0.600000    
22500    1157.041895  -1.747695    0.000000     0.600000    
22500    1157.042418  -1.748205    0.000000     0.600000    
22500    1157.042933  -1.748873    0.000000     0.600000    
22500    1157.043449  -1.749476    0.000000     0.600000    
22500    1157.043960  -1.749616    0.000000     0.600000    
22500    1157.044476  -1.750088    0.000000     0.600000    
22500    1157.044985  -1.750194    0.000000     0.600000    
22500    1157.045499  -1.750877    0.000000     0.600000    
22500    1157.046009  -1.751315    0.000000     0.600000    
22500    1157.046522  -1.751535    0.000000     0.600000    
22500    1157.047051  -1.752359    0.000000     0.600000    
22500    1157.047577  -1.753157    0.000000     0.600000    
22500    1157.048090  -1.753711    0.000000     0.600000    
22500    1157.048612  -1.754555    0.000000     0.600000    
22500    1157.049130  -1.755046    0.000000     0.600000    
22500    1157.049644  -1.755429    0.000000     0.600000    
22500    1157.050154  -1.755959    0.000000     0.600000    
22500    1157.050667  -1.756313    0.000000     0.600000    
22500    1157.051184  -1.756764    0.000000     0.600000    
22500    1157.051703  -1.757449    0.000000     0.600000    
22500    1157.052226  -1.758245    0.000000     0.600000    
22500    1157.052734  -1.758366    0.000000     0.600000    
22500    1157.053244  -1.758817    0.000000     0.600000    
22500    1157.053756  -1.759053    0.000000     0.600000    
22500    1157.054272  -1.759776    0.000000     0.600000    
22500    1157.054798  -1.760772    0.000000     0.600000    
22500    1157.055318  -1.761475    0.000000     0.600000    
22500    1157.055836  -1.761893    0.000000     0.600000    
22500    1157.056352  -1.762338    0.000000     0.600000    
22500    1157.056869  -1.762759    0.000000     0.600000    
22500    1157.057381  -1.763081    0.000000     0.600000    
22500    1157.057898  -1.763624    0.000000     0.600000    
22500    1157.058417  -1.764315    0.000000     0.600000    
22500    1157.058934  -1.764749    0.000000     0.600000    
22500    1157.059460  -1.764902    0.000000     0.600000    
22500    1157.059982  -1.765311    0.000000     0.600000    
22500    1157.060491  -1.765554    0.000000     0.600000    
22500    1157.061006  -1.765911    0.000000     0.600000    
22500    1157.061522  -1.766112    0.000000     0.600000    
22500    1157.062041  -1.766811    0.000000     0.600000    
22500    1157.062550  -1.767144    0.000000     0.600000    
22500    1157.063073  -1.767951    0.000000     0.600000    
22500    1157.063585  -1.768364    0.000000     0.600000    
22500    1157.064101  -1.769350    0.000000     0.600000    
22500    1157.064612  -1.769730    0.000000     0.600000    
22500    1157.065125  -1.770216    0.000000     0.600000    
22500    1157.065609  -1.771598    0.000000     0.600000    
22500    1157.066083  -1.772068    0.000000     0.600000    
22500    1157.066556  -1.772244    0.000000     0.600000    
22500    1157.067026  -1.772637    0.000000     0.600000    
22500    1157.067515  -1.773389    0.000000     0.600000    
22500    1157.067995  -1.773860    0.000000     0.600000    
22500    1157.068475  -1.774225    0.000000     0.600000    
22500    1157.068950  -1.774478    0.000000     0.600000    
22500    1157.069427  -1.774837    0.000000     0.600000    
22500    1157.069910  -1.775121    0.000000     0.600000    
22500    1157.070393  -1.775475    0.000000     0.600000    
22500    1157.070878  -1.776512    0.000000     0.600000    
22500    1157.071353  -1.776849    0.000000     0.600000    
22500    1157.071855  -1.777376    0.000000     0.600000    
22500    1157.072338  -1.777646    0.000000     0.600000    
22500    1157.072818  -1.778162    0.000000     0.600000    
22500    1157.073302  -1.778521    0.000000     0.600000    
22500    1157.073769  -1.778753    0.000000     0.600000    
22500    1157.074254  -1.779020    0.000000     0.600000    
22500    1157.074732  -1.779749    0.000000     0.600000    
22500    1157.075206  -1.779988    0.000000     0.600000    
22500    1157.075681  -1.780512    0.000000     0.600000    
22500    1157.076161  -1.780749    0.000000     0.600000    
22500    1157.076637  -1.781076    0.000000     0.600000    
22500    1157.077109  -1.781414    0.000000     0.600000    
22500    1157.077593  -1.782224    0.000000     0.600000    
22500    1157.078073  -1.783004    0.000000     0.600000    
22500    1157.078554  -1.783466    0.000000     0.600000    
22500    1157.079035  -1.784316    0.000000     0.600000    
22500    1157.079518  -1.784690    0.000000     0.600000    
22500    1157.080006  -1.785499    0.000000     0.600000    
22500    1157.080488  -1.786059    0.000000     0.600000    
22500    1157.080971  -1.786654    0.000000     0.600000    
22500    1157.081457  -1.787378    0.000000     0.600000    
22500    1157.081935  -1.787716    0.000000     0.600000    
22500    1157.082410  -1.788271    0.000000     0.600000    
22500    1157.082894  -1.788866    0.000000     0.600000    
22500    1157.083383  -1.789428    0.000000     0.600000    
22500    1157.083864  -1.790119    0.000000     0.600000    
22500    1157.084344  -1.791102    0.000000     0.600000    
22500    1157.084817  -1.791624    0.000000     0.600000    
22500    1157.085290  -1.791699    0.000000     0.600000    
22500    1157.085752  -1.791784    0.000000     0.600000    
22500    1157.086232  -1.792525    0.000000     0.600000    
22500    1157.086706  -1.792750    0.000000     0.600000    
22500    1157.087179  -1.793468    0.000000     0.600000    
22500    1157.087659  -1.794172    0.000000     0.600000    
22500    1157.088139  -1.794838    0.000000     0.600000    
22500    1157.088603  -1.794941    0.000000     0.600000    
22500    1157.089082  -1.795192    0.000000     0.600000    
22500    1157.089570  -1.795598    0.000000     0.600000    
22500    1157.090049  -1.795823    0.000000     0.600000    
22500    1157.090519  -1.796059    0.000000     0.600000    
22500    1157.090998  -1.796507    0.000000     0.600000    
22500    1157.091478  -1.796854    0.000000     0.600000    
22500    1157.091953  -1.797406    0.000000     0.600000    
22500    1157.092436  -1.797829    0.000000     0.600000    
22500    1157.092915  -1.798605    0.000000     0.600000    
22500    1157.093395  -1.799036    0.000000     0.600000    
22500    1157.093865  -1.799338    0.000000     0.600000    
22500    1157.094343  -1.800080    0.000000     0.600000    
22500    1157.094813  -1.800499    0.000000     0.600000    
22500    1157.095291  -1.801193    0.000000     0.600000    
22500    1157.095763  -1.801292    0.000000     0.600000    
22500    1157.096233  -1.801539    0.000000     0.600000    
22500    1157.096708  -1.801668    0.000000     0.600000    
22500    1157.097191  -1.802158    0.000000     0.600000    
22500    1157.097677  -1.802496    0.000000     0.600000    
22500    1157.098174  -1.803094    0.000000     0.600000    
22500    1157.098645  -1.803290    0.000000     0.600000    
22500    1157.099120  -1.803720    0.000000     0.600000    
22500    1157.099603  -1.804018    0.000000     0.600000    
22500    1157.100093  -1.804943    0.000000     0.600000    
22500    1157.100568  -1.805170    0.000000     0.600000    
22500    1157.101050  -1.805495    0.000000     0.600000    
22500    1157.101520  -1.805574    0.000000     0.600000    
22500    1157.101999  -1.806130    0.000000     0.600000    
22500    1157.102475  -1.806626    0.000000     0.600000    
22500    1157.102950  -1.807190    0.000000     0.600000    
22500    1157.103426  -1.807571    0.000000     0.600000    
22500    1157.103899  -1.807876    0.000000     0.600000    
22500    1157.104375  -1.808250    0.000000     0.600000    
22500    1157.104859  -1.808870    0.000000     0.600000    
22500    1157.105336  -1.808996    0.000000     0.600000    
22500    1157.105821  -1.809667    0.000000     0.600000    
22500    1157.106311  -1.810692    0.000000     0.600000    
22500    1157.106787  -1.811206    0.000000     0.600000    
22500    1157.107268  -1.811754    0.000000     0.600000    
22500    1157.107748  -1.812495    0.000000     0.600000    
22500    1157.108226  -1.812796    0.000000     0.600000    
22500    1157.108701  -1.813551    0.000000     0.600000    
22500    1157.109177  -1.813900    0.000000     0.600000    
22500    1157.109664  -1.814832    0.000000     0.600000    
22500    1157.110144  -1.815149    0.000000     0.600000    
22500    1157.110618  -1.816078    0.000000     0.600000    
22500    1157.111089  -1.816503    0.000000     0.600000    
22500    1157.111568  -1.817201    0.000000     0.600000    
22500    1157.112048  -1.818505    0.000000     0.600000    
22500    1157.112523  -1.819228    0.000000     0.600000    
22500    1157.113001  -1.819466    0.000000     0.600000    
22500    1157.113477  -1.819965    0.000000     0.600000    
22500    1157.113955  -1.820069    0.000000     0.600000    
22500    1157.114426  -1.820275    0.000000     0.600000    
22500    1157.114901  -1.820628    0.000000     0.600000    
22500    1157.115375  -1.820783    0.000000     0.600000    
22500    1157.115848  -1.821109    0.000000     0.600000    
22500    1157.116324  -1.821534    0.000000     0.600000    
22500    1157.116804  -1.821823    0.000000     0.600000    
22500    1157.117285  -1.822382    0.000000     0.600000    
22500    1157.117752  -1.822618    0.000000     0.600000    
22500    1157.118225  -1.822841    0.000000     0.600000    
22500    1157.118703  -1.822981    0.000000     0.600000    
22500    1157.119180  -1.823237    0.000000     0.600000    
22500    1157.119656  -1.824928    0.000000     0.600000    
22500    1157.120140  -1.825585    0.000000     0.600000    
22500    1157.120623  -1.826244    0.000000     0.600000    
22500    1157.121107  -1.826598    0.000000     0.600000    
22500    1157.121587  -1.826830    0.000000     0.600000    
22500    1157.122074  -1.827648    0.000000     0.600000    
22500    1157.122544  -1.827980    0.000000     0.600000    
22500    1157.123026  -1.828646    0.000000     0.600000    
22500    1157.123500  -1.828936    0.000000     0.600000    
22500    1157.123980  -1.829602    0.000000     0.600000    
22500    1157.124463  -1.830462    0.000000     0.600000    
22500    1157.124940  -1.830900    0.000000     0.600000    
22500    1157.125420  -1.831053    0.000000     0.600000    
22500    1157.125892  -1.831226    0.000000     0.600000    
22500    1157.126361  -1.831364    0.000000     0.600000    
22500    1157.126840  -1.831992    0.000000     0.600000    
22500    1157.127314  -1.832113    0.000000     0.600000    
22500    1157.127791  -1.832819    0.000000     0.600000    
22500    1157.128262  -1.832867    0.000000     0.600000    
22500    1157.128746  -1.833525    0.000000     0.600000    
22500    1157.129230  -1.834237    0.000000     0.600000    
22500    1157.129710  -1.834864    0.000000     0.600000    
22500    1157.130181  -1.834955    0.000000     0.600000    
22500    1157.130655  -1.835124    0.000000     0.600000    
22500    1157.131134  -1.836105    0.000000     0.600000    
22500    1157.131608  -1.836457    0.000000     0.600000    
22500    1157.132079  -1.836792    0.000000     0.600000    
22500    1157.132551  -1.836963    0.000000     0.600000    
22500    1157.133041  -1.837815    0.000000     0.600000    
22500    1157.133521  -1.838162    0.000000     0.600000    
22500    1157.133987  -1.838300    0.000000     0.600000    
22500    1157.134453  -1.838492    0.000000     0.600000    
22500    1157.134927  -1.839082    0.000000     0.600000    
22500    1157.135393  -1.839225    0.000000     0.600000    
22500    1157.135870  -1.839649    0.000000     0.600000    
22500    1157.136344  -1.840162    0.000000     0.600000    
22500    1157.136817  -1.840602    0.000000     0.600000    
22500    1157.137291  -1.841049    0.000000     0.600000    
22500    1157.137761  -1.841309    0.000000     0.600000    
22500    1157.138241  -1.841741    0.000000     0.600000    
22500    1157.138712  -1.842209    0.000000     0.600000    
22500    1157.139186  -1.842593    0.000000     0.600000    
22500    1157.139668  -1.843056    0.000000     0.600000    
22500    1157.140142  -1.843433    0.000000     0.600000    
22500    1157.140619  -1.843901    0.000000     0.600000    
22500    1157.141096  -1.844697    0.000000     0.600000    
22500    1157.141561  -1.844845    0.000000     0.600000    
22500    1157.142027  -1.845224    0.000000     0.600000    
22500    1157.142507  -1.845546    0.000000     0.600000    
22500    1157.142986  -1.845856    0.000000     0.600000    
22500    1157.143464  -1.846013    0.000000     0.600000    
22500    1157.143934  -1.846141    0.000000     0.600000    
22500    1157.144418  -1.846645    0.000000     0.600000    
22500    1157.144885  -1.846762    0.000000     0.600000    
22500    1157.145356  -1.846987    0.000000     0.600000    
22500    1157.145838  -1.847391    0.000000     0.600000    
22500    1157.146308  -1.847736    0.000000     0.600000    
22500    1157.146775  -1.847844    0.000000     0.600000    
22500    1157.147247  -1.848534    0.000000     0.600000    
22500    1157.147717  -1.848945    0.000000     0.600000    
22500    1157.148197  -1.849257    0.000000     0.600000    
22500    1157.148668  -1.849370    0.000000     0.600000    
22500    1157.149140  -1.849642    0.000000     0.600000    
22500    1157.149617  -1.849975    0.000000     0.600000    
22500    1157.150099  -1.850536    0.000000     0.600000    
22500    1157.150577  -1.850933    0.000000     0.600000    
22500    1157.151049  -1.851307    0.000000     0.600000    
22500    1157.151520  -1.851334    0.000000     0.600000    
22500    1157.151995  -1.851650    0.000000     0.600000    
22500    1157.152474  -1.852480    0.000000     0.600000    
22500    1157.152948  -1.852618    0.000000     0.600000    
22500    1157.153429  -1.853056    0.000000     0.600000    
22500    1157.153906  -1.853361    0.000000     0.600000    
22500    1157.154380  -1.854052    0.000000     0.600000    
22500    1157.154853  -1.854331    0.000000     0.600000    
22500    1157.155327  -1.854731    0.000000     0.600000    
22500    1157.155807  -1.855386    0.000000     0.600000    
22500    1157.156283  -1.855594    0.000000     0.600000    
22500    1157.156746  -1.855777    0.000000     0.600000    
22500    1157.157224  -1.856099    0.000000     0.600000    
22500    1157.157699  -1.856620    0.000000     0.600000    
22500    1157.158174  -1.856906    0.000000     0.600000    
22500    1157.158655  -1.857250    0.000000     0.600000    
22500    1157.159129  -1.857496    0.000000     0.600000    
22500    1157.159605  -1.857792    0.000000     0.600000    
22500    1157.160081  -1.858216    0.000000     0.600000    
22500    1157.160564  -1.859093    0.000000     0.600000    
22500    1157.161038  -1.859411    0.000000     0.600000    
22500    1157.161520  -1.860020    0.000000     0.600000    
22500    1157.161998  -1.860878    0.000000     0.600000    
22500    1157.162469  -1.861107    0.000000     0.600000    
22500    1157.162949  -1.862023    0.000000     0.600000    
22500    1157.163426  -1.862432    0.000000     0.600000    
22500    1157.163895  -1.862550    0.000000     0.600000    
22500    1157.164372  -1.862822    0.000000     0.600000    
22500    1157.164843  -1.863022    0.000000     0.600000    
22500    1157.165316  -1.863265    0.000000     0.600000    
22500    1157.165781  -1.863396    0.000000     0.600000    
22500    1157.166266  -1.864093    0.000000     0.600000    
22500    1157.166743  -1.864365    0.000000     0.600000    
22500    1157.167229  -1.864720    0.000000     0.600000    
22500    1157.167706  -1.865010    0.000000     0.600000    
22500    1157.168177  -1.865448    0.000000     0.600000    
22500    1157.168646  -1.865702    0.000000     0.600000    
22500    1157.169123  -1.866253    0.000000     0.600000    
22500    1157.169593  -1.866531    0.000000     0.600000    
22500    1157.170067  -1.866836    0.000000     0.600000    
22500    1157.170543  -1.867358    0.000000     0.600000    
22500    1157.171016  -1.867693    0.000000     0.600000    
22500    1157.171485  -1.868122    0.000000     0.600000    
22500    1157.171946  -1.868443    0.000000     0.600000    
22500    1157.172422  -1.868824    0.000000     0.600000    
22500    1157.172893  -1.869092    0.000000     0.600000    
22500    1157.173365  -1.869367    0.000000     0.600000    
22500    1157.173836  -1.869568    0.000000     0.600000    
22500    1157.174314  -1.869965    0.000000     0.600000    
22500    1157.174794  -1.870305    0.000000     0.600000    
22500    1157.175270  -1.870584    0.000000     0.600000    
22500    1157.175738  -1.871097    0.000000     0.600000    
22500    1157.176206  -1.871502    0.000000     0.600000    
22500    1157.176683  -1.871843    0.000000     0.600000    
22500    1157.177149  -1.872012    0.000000     0.600000    
22500    1157.177623  -1.872534    0.000000     0.600000    
22500    1157.178097  -1.873038    0.000000     0.600000    
22500    1157.178584  -1.873973    0.000000     0.600000    
22500    1157.179062  -1.874654    0.000000     0.600000    
22500    1157.179527  -1.874887    0.000000     0.600000    
22500    1157.180010  -1.875462    0.000000     0.600000    
22500    1157.180481  -1.875751    0.000000     0.600000    
22500    1157.180948  -1.876071    0.000000     0.600000    
22500    1157.181425  -1.876521    0.000000     0.600000    
22500    1157.181900  -1.876898    0.000000     0.600000    
22500    1157.182365  -1.877277    0.000000     0.600000    
22500    1157.182839  -1.877665    0.000000     0.600000    
22500    1157.183306  -1.877883    0.000000     0.600000    
22500    1157.183775  -1.878396    0.000000     0.600000    
22500    1157.184246  -1.878806    0.000000     0.600000    
22500    1157.184727  -1.879418    0.000000     0.600000    
22500    1157.185195  -1.879619    0.000000     0.600000    
22500    1157.185669  -1.879874    0.000000     0.600000    
22500    1157.186132  -1.880120    0.000000     0.600000    
22500    1157.186606  -1.880478    0.000000     0.600000    
22500    1157.187072  -1.880683    0.000000     0.600000    
22500    1157.187534  -1.880800    0.000000     0.600000    
22500    1157.188009  -1.881303    0.000000     0.600000    
22500    1157.188475  -1.881649    0.000000     0.600000    
22500    1157.188948  -1.881947    0.000000     0.600000    
22500    1157.189425  -1.882334    0.000000     0.600000    
22500    1157.189898  -1.882879    0.000000     0.600000    
22500    1157.190373  -1.883309    0.000000     0.600000    
22500    1157.190848  -1.883715    0.000000     0.600000    
22500    1157.191326  -1.884120    0.000000     0.600000    
22500    1157.191788  -1.884249    0.000000     0.600000    
22500    1157.192259  -1.884457    0.000000     0.600000    
22500    1157.192736  -1.884782    0.000000     0.600000    
22500    1157.193209  -1.885102    0.000000     0.600000    
22500    1157.193688  -1.885386    0.000000     0.600000    
22500    1157.194159  -1.885835    0.000000     0.600000    
22500    1157.194630  -1.886102    0.000000     0.600000    
22500    1157.195102  -1.886492    0.000000     0.600000    
22500    1157.195578  -1.886877    0.000000     0.600000    
22500    1157.196045  -1.886978    0.000000     0.600000    
22500    1157.196506  -1.887020    0.000000     0.600000    
22500    1157.196976  -1.887116    0.000000     0.600000    
22500    1157.197450  -1.887335    0.000000     0.600000    
22500    1157.197927  -1.887687    0.000000     0.600000    
22500    1157.198397  -1.887972    0.000000     0.600000    
22500    1157.198869  -1.888329    0.000000     0.600000    
22500    1157.199347  -1.888609    0.000000     0.600000    
22500    1157.199829  -1.889179    0.000000     0.600000    
22500    1157.200313  -1.889584    0.000000     0.600000    
22500    1157.200789  -1.890011    0.000000     0.600000    
22500    1157.201259  -1.890208    0.000000     0.600000    
22500    1157.201725  -1.890524    0.000000     0.600000    
22500    1157.202199  -1.890976    0.000000     0.600000    
22500    1157.202662  -1.891202    0.000000     0.600000    
22500    1157.203138  -1.891761    0.000000     0.600000    
22500    1157.203605  -1.891862    0.000000     0.600000    
22500    1157.204079  -1.892174    0.000000     0.600000    
22500    1157.204551  -1.892434    0.000000     0.600000    
22500    1157.205018  -1.892833    0.000000     0.600000    
22500    1157.205490  -1.893069    0.000000     0.600000    
22500    1157.205967  -1.893337    0.000000     0.600000    
22500    1157.206442  -1.893769    0.000000     0.600000    
22500    1157.206922  -1.894404    0.000000     0.600000    
22500    1157.207400  -1.894774    0.000000     0.600000    
22500    1157.207871  -1.895095    0.000000     0.600000    
22500    1157.208342  -1.895365    0.000000     0.600000    
22500    1157.208817  -1.895593    0.000000     0.600000    
22500    1157.209283  -1.896371    0.000000     0.600000    
22500    1157.209763  -1.896907    0.000000     0.600000    
22500    1157.210234  -1.897232    0.000000     0.600000    
22500    1157.210700  -1.897461    0.000000     0.600000    
22500    1157.211180  -1.897646    0.000000     0.600000    
22500    1157.211644  -1.897708    0.000000     0.600000    
22500    1157.212107  -1.898241    0.000000     0.600000    
22500    1157.212582  -1.898806    0.000000     0.600000    
22500    1157.213054  -1.898929    0.000000     0.600000    
22500    1157.213523  -1.899172    0.000000     0.600000    
22500    1157.214000  -1.899599    0.000000     0.600000    
22500    1157.214473  -1.900008    0.000000     0.600000    
22500    1157.214944  -1.900179    0.000000     0.600000    
22500    1157.215417  -1.900516    0.000000     0.600000    
22500    1157.215890  -1.901158    0.000000     0.600000    
22500    1157.216366  -1.901695    0.000000     0.600000    
22500    1157.216836  -1.902186    0.000000     0.600000    
22500    1157.217303  -1.902527    0.000000     0.600000    
22500    1157.217779  -1.902837    0.000000     0.600000    
22500    1157.218250  -1.903299    0.000000     0.600000    
22500    1157.218727  -1.903554    0.000000     0.600000    
22500    1157.219206  -1.903825    0.000000     0.600000    
22500    1157.219683  -1.904535    0.000000     0.600000    
22500    1157.220158  -1.905009    0.000000     0.600000    
22500    1157.220629  -1.905318    0.000000     0.600000    
22500    1157.221090  -1.905789    0.000000     0.600000    
22500    1157.221563  -1.906187    0.000000     0.600000    
22500    1157.222026  -1.906382    0.000000     0.600000    
22500    1157.222498  -1.906775    0.000000     0.600000    
22500    1157.222976  -1.907400    0.000000     0.600000    
22500    1157.223458  -1.907830    0.000000     0.600000    
22500    1157.223935  -1.908652    0.000000     0.600000    
22500    1157.224398  -1.909045    0.000000     0.600000    
22500    1157.224870  -1.909324    0.000000     0.600000    
22500    1157.225336  -1.909562    0.000000     0.600000    
22500    1157.225802  -1.909932    0.000000     0.600000    
22500    1157.226274  -1.910207    0.000000     0.600000    
22500    1157.226745  -1.910364    0.000000     0.600000    
22500    1157.227215  -1.910732    0.000000     0.600000    
22500    1157.227689  -1.911105    0.000000     0.600000    
22500    1157.228170  -1.912083    0.000000     0.600000    
22500    1157.228646  -1.912461    0.000000     0.600000    
22500    1157.229115  -1.912741    0.000000     0.600000    
22500    1157.229592  -1.913292    0.000000     0.600000    
22500    1157.230066  -1.913919    0.000000     0.600000    
22500    1157.230546  -1.914491    0.000000     0.600000    
22500    1157.231014  -1.914667    0.000000     0.600000    
22500    1157.231503  -1.915239    0.000000     0.600000    
22500    1157.231983  -1.916352    0.000000     0.600000    
22500    1157.232461  -1.917014    0.000000     0.600000    
22500    1157.232934  -1.917593    0.000000     0.600000    
22500    1157.233416  -1.918363    0.000000     0.600000    
22500    1157.233890  -1.918714    0.000000     0.600000    
22500    1157.234360  -1.918965    0.000000     0.600000    
22500    1157.234836  -1.919382    0.000000     0.600000    
22500    1157.235306  -1.919819    0.000000     0.600000    
22500    1157.235779  -1.920194    0.000000     0.600000    
22500    1157.236253  -1.920546    0.000000     0.600000    
22500    1157.236727  -1.921223    0.000000     0.600000    
22500    1157.237205  -1.921709    0.000000     0.600000    
22500    1157.237697  -1.922224    0.000000     0.600000    
22500    1157.238166  -1.922757    0.000000     0.600000    
22500    1157.238637  -1.923343    0.000000     0.600000    
22500    1157.239100  -1.923421    0.000000     0.600000    
22500    1157.239566  -1.923791    0.000000     0.600000    
22500    1157.240041  -1.924310    0.000000     0.600000    
22500    1157.240510  -1.924478    0.000000     0.600000    
22500    1157.240972  -1.924687    0.000000     0.600000    
22500    1157.241437  -1.924957    0.000000     0.600000    
22500    1157.241904  -1.925257    0.000000     0.600000    
22500    1157.242376  -1.925495    0.000000     0.600000    
22500    1157.242844  -1.925712    0.000000     0.600000    
22500    1157.243309  -1.925941    0.000000     0.600000    
22500    1157.243771  -1.926424    0.000000     0.600000    
22500    1157.244230  -1.926641    0.000000     0.600000    
22500    1157.244706  -1.926841    0.000000     0.600000    
22500    1157.245172  -1.927520    0.000000     0.600000    
22500    1157.245645  -1.928133    0.000000     0.600000    
22500    1157.246113  -1.928475    0.000000     0.600000    
22500    1157.246585  -1.928970    0.000000     0.600000    
22500    1157.247052  -1.929424    0.000000     0.600000    
22500    1157.247525  -1.929680    0.000000     0.600000    
22500    1157.247987  -1.929861    0.000000     0.600000    
22500    1157.248452  -1.930101    0.000000     0.600000    
22500    1157.248921  -1.930198    0.000000     0.600000    
22500    1157.249393  -1.930689    0.000000     0.600000    
22500    1157.249864  -1.931125    0.000000     0.600000    
22500    1157.250335  -1.931692    0.000000     0.600000    
22500    1157.250808  -1.932126    0.000000     0.600000    
22500    1157.251279  -1.933093    0.000000     0.600000    
22500    1157.251744  -1.933320    0.000000     0.600000    
22500    1157.252216  -1.933575    0.000000     0.600000    
22500    1157.252674  -1.933679    0.000000     0.600000    
22500    1157.253146  -1.933993    0.000000     0.600000    
22500    1157.253604  -1.934163    0.000000     0.600000    
22500    1157.254070  -1.934578    0.000000     0.600000    
22500    1157.254527  -1.934720    0.000000     0.600000    
22500    1157.255001  -1.935018    0.000000     0.600000    
22500    1157.255473  -1.935497    0.000000     0.600000    
22500    1157.255944  -1.935987    0.000000     0.600000    
22500    1157.256429  -1.936334    0.000000     0.600000    
22500    1157.256904  -1.937073    0.000000     0.600000    
22500    1157.257376  -1.937349    0.000000     0.600000    
22500    1157.257829  -1.937357    0.000000     0.600000    
22500    1157.258295  -1.937593    0.000000     0.600000    
22500    1157.258766  -1.937829    0.000000     0.600000    
22500    1157.259237  -1.938175    0.000000     0.600000    
22500    1157.259700  -1.938351    0.000000     0.600000    
22500    1157.260171  -1.938543    0.000000     0.600000    
22500    1157.260635  -1.938602    0.000000     0.600000    
22500    1157.261103  -1.938863    0.000000     0.600000    
22500    1157.261572  -1.939116    0.000000     0.600000    
22500    1157.262045  -1.939931    0.000000     0.600000    
22500    1157.262515  -1.940082    0.000000     0.600000    
22500    1157.262991  -1.940602    0.000000     0.600000    
22500    1157.263464  -1.940736    0.000000     0.600000    
22500    1157.263937  -1.941216    0.000000     0.600000    
22500    1157.264406  -1.941412    0.000000     0.600000    
22500    1157.264877  -1.941770    0.000000     0.600000    
22500    1157.265356  -1.942332    0.000000     0.600000    
22500    1157.265839  -1.942773    0.000000     0.600000    
22500    1157.266312  -1.943525    0.000000     0.600000    
22500    1157.266784  -1.944065    0.000000     0.600000    
22500    1157.267258  -1.945213    0.000000     0.600000    
22500    1157.267720  -1.945363    0.000000     0.600000    
22500    1157.268192  -1.945860    0.000000     0.600000    
22500    1157.268655  -1.946024    0.000000     0.600000    
22500    1157.269119  -1.946417    0.000000     0.600000    
22500    1157.269892  -1.946648    0.000000     0.600000    
22500    1157.270372  -1.947276    0.000000     0.600000    
22501    1157.278022  -1.947340    0.624640     0.600000    
22511    1157.311080  -1.947904    0.622270     0.600000    
22521    1157.416428  -1.948666    0.625100     0.600000    
22531    1157.468526  -1.949497    0.620850     0.600000    
22541    1157.530098  -1.950074    0.623420     0.600000    
22551    1157.593566  -1.950751    0.619840     0.600000    
22561    1157.651885  -1.951265    0.623400     0.600000    
22571    1157.714045  -1.951797    0.624870     0.600000    
22581    1157.805415  -1.952622    0.621660     0.600000    
22591    1157.888906  -1.953317    0.620980     0.600000    
22601    1157.976053  -1.953664    0.621660     0.600000    
22611    1158.070385  -1.955104    0.625390     0.600000    
22621    1158.158557  -1.955433    0.623060     0.600000    
22631    1158.246598  -1.956071    0.617950     0.600000    
22641    1158.335248  -1.956665    0.621260     0.600000    
22651    1158.413189  -1.957261    0.621280     0.600000    
22661    1158.499069  -1.958290    0.622470     0.600000    
22671    1158.577895  -1.958869    0.622500     0.600000    
22681    1158.671581  -1.959991    0.621200     0.600000    
22691    1158.754423  -1.960348    0.623970     0.600000    
22701    1158.841382  -1.961122    0.620730     0.600000    
22711    1158.944998  -1.961650    0.621580     0.600000    
22721    1159.124903  -1.962284    0.622040     0.600000    
22731    1159.251512  -1.962750    0.623600     0.600000    
22741    1159.339332  -1.963072    0.620850     0.600000    
22751    1159.423089  -1.963683    0.621950     0.600000    
22761    1159.539824  -1.964110    0.620290     0.600000    
22771    1159.671652  -1.964732    0.619180     0.600000    
22781    1159.767709  -1.965178    0.620220     0.600000    
22791    1159.892695  -1.966015    0.620010     0.600000    
22801    1160.052029  -1.966872    0.618140     0.600000    
22811    1160.174703  -1.968020    0.621380     0.600000    
22821    1160.331972  -1.968531    0.621090     0.600000    
22831    1160.455988  -1.969434    0.621610     0.600000    
22841    1160.562988  -1.970160    0.622120     0.600000    
22851    1160.644898  -1.970538    0.619000     0.600000    
22861    1160.784718  -1.971739    0.619460     0.600000    
22871    1160.891174  -1.972250    0.620740     0.600000    
22881    1161.117948  -1.972702    0.622070     0.600000    
22891    1161.233319  -1.973407    0.616020     0.600000    
22901    1161.431594  -1.973926    0.624320     0.600000    
22911    1161.588400  -1.974494    0.621280     0.600000    
22921    1161.750715  -1.975190    0.622370     0.600000    
22931    1161.993511  -1.975527    0.622710     0.600000    
22941    1162.144495  -1.976556    0.622930     0.600000    
22951    1162.243088  -1.977496    0.618050     0.600000    
22961    1162.360599  -1.978037    0.621380     0.600000    
22971    1162.479448  -1.978874    0.617640     0.600000    
22981    1162.662989  -1.979363    0.620730     0.600000    
22991    1162.793159  -1.980128    0.618670     0.600000    
23001    1162.920241  -1.980807    0.621220     0.600000    
23011    1163.027087  -1.981420    0.619420     0.600000    
23021    1163.141760  -1.981888    0.615470     0.600000    
23031    1163.249330  -1.982430    0.618450     0.600000    
23041    1163.348671  -1.983279    0.621080     0.600000    
23051    1163.439608  -1.983950    0.618470     0.600000    
23061    1163.527954  -1.984622    0.613540     0.600000    
23071    1163.636659  -1.985117    0.619780     0.600000    
23081    1163.725784  -1.985736    0.615390     0.600000    
23091    1163.811424  -1.986287    0.617160     0.600000    
23101    1163.927526  -1.987105    0.619440     0.600000    
23111    1164.126676  -1.987701    0.618360     0.600000    
23121    1164.344416  -1.988652    0.619580     0.600000    
23131    1164.545492  -1.989491    0.619890     0.600000    
23141    1164.738711  -1.990329    0.614160     0.600000    
23151    1164.921600  -1.990930    0.618910     0.600000    
23161    1165.173123  -1.991622    0.616940     0.600000    
23171    1165.427881  -1.992333    0.617830     0.600000    
23181    1165.964444  -1.992695    0.617380     0.600000    
23191    1166.210814  -1.993252    0.615450     0.600000    
23201    1166.414140  -1.994087    0.615570     0.600000    
23211    1166.538907  -1.994772    0.616000     0.600000    
23221    1166.659835  -1.995694    0.616790     0.600000    
23231    1166.761554  -1.996455    0.613950     0.600000    
23241    1166.865931  -1.997020    0.614120     0.600000    
23251    1166.956256  -1.997775    0.617630     0.600000    
23261    1167.081035  -1.998486    0.615820     0.600000    
23271    1167.189015  -1.998968    0.616600     0.600000    
23281    1167.310827  -1.999718    0.618430     0.600000    
23291    1167.460798  -2.000659    0.617070     0.600000    
23301    1167.605238  -2.001388    0.615010     0.600000    
23311    1167.705621  -2.001885    0.618000     0.600000    
23321    1167.821259  -2.002501    0.616980     0.600000    
23331    1167.945082  -2.003408    0.615150     0.600000    
23341    1168.076808  -2.004084    0.613670     0.600000    
23351    1168.191511  -2.004589    0.615820     0.600000    
23361    1168.290914  -2.005150    0.614460     0.600000    
23371    1168.388194  -2.005969    0.617720     0.600000    
23381    1168.479882  -2.006727    0.619010     0.600000    
23391    1168.569012  -2.007470    0.614830     0.600000    
23401    1168.656157  -2.007906    0.614800     0.600000    
23411    1168.745035  -2.008743    0.617010     0.600000    
23421    1168.844407  -2.009516    0.614440     0.600000    
23431    1168.940542  -2.010389    0.615690     0.600000    
23441    1169.031592  -2.011662    0.617720     0.600000    
23451    1169.123703  -2.012112    0.614680     0.600000    
23461    1169.216659  -2.013046    0.613830     0.600000    
23471    1169.313770  -2.014100    0.616290     0.600000    
23481    1169.414210  -2.014882    0.615130     0.600000    
23491    1169.512889  -2.015279    0.614130     0.600000    
23501    1169.601743  -2.015854    0.613500     0.600000    
23511    1169.692233  -2.016580    0.613340     0.600000    
23521    1169.779510  -2.017002    0.612960     0.600000    
23531    1169.872085  -2.017401    0.617840     0.600000    
23541    1169.960104  -2.018116    0.613630     0.600000    
23551    1170.087132  -2.018705    0.613150     0.600000    
23561    1170.216098  -2.019542    0.613490     0.600000    
23571    1170.329233  -2.019978    0.618040     0.600000    
23581    1170.441699  -2.020871    0.616850     0.600000    
23591    1170.563109  -2.021580    0.615510     0.600000    
23601    1170.679001  -2.022638    0.611360     0.600000    
23611    1170.812964  -2.023276    0.613670     0.600000    
23621    1170.935414  -2.023974    0.612160     0.600000    
23631    1171.056334  -2.024640    0.613510     0.600000    
23641    1171.153295  -2.024996    0.612310     0.600000    
23651    1171.237488  -2.025582    0.612010     0.600000    
23661    1171.336511  -2.026168    0.614480     0.600000    
23671    1171.420129  -2.026829    0.614550     0.600000    
23681    1171.508600  -2.028291    0.612290     0.600000    
23691    1171.594119  -2.029084    0.609840     0.600000    
23701    1171.684151  -2.029797    0.612860     0.600000    
23711    1171.768521  -2.030692    0.612850     0.600000    
23721    1171.862255  -2.031580    0.614430     0.600000    
23731    1171.950839  -2.031737    0.611490     0.600000    
23741    1172.039791  -2.032362    0.614260     0.600000    
23751    1172.124629  -2.032819    0.611180     0.600000    
23761    1172.209167  -2.033317    0.613220     0.600000    
23771    1172.302307  -2.033642    0.615030     0.600000    
23781    1172.389381  -2.034290    0.612890     0.600000    
23791    1172.473863  -2.034708    0.609670     0.600000    
23801    1172.564085  -2.035206    0.612120     0.600000    
23811    1172.648812  -2.035481    0.610100     0.600000    
23821    1172.737558  -2.036127    0.609380     0.600000    
23831    1172.827761  -2.036722    0.610280     0.600000    
23841    1172.911365  -2.037673    0.610690     0.600000    
23851    1172.997235  -2.038311    0.612100     0.600000    
23861    1173.084696  -2.039000    0.607720     0.600000    
23871    1173.170461  -2.039546    0.612620     0.600000    
23881    1173.253526  -2.040578    0.613100     0.600000    
23891    1173.342347  -2.041136    0.609640     0.600000    
23901    1173.424564  -2.041687    0.613070     0.600000    
23911    1173.522363  -2.042655    0.613060     0.600000    
23921    1173.595916  -2.043259    0.613050     0.600000    
23931    1173.701094  -2.044174    0.611530     0.600000    
23941    1173.823339  -2.044715    0.612450     0.600000    
23951    1173.936301  -2.045485    0.609780     0.600000    
23961    1174.062011  -2.046185    0.609980     0.600000    
23971    1174.191565  -2.046982    0.610170     0.600000    
23981    1174.307612  -2.047581    0.608690     0.600000    
23991    1174.422353  -2.048093    0.610410     0.600000    
24001    1174.524964  -2.048970    0.608530     0.600000    
24011    1174.614416  -2.049317    0.608730     0.600000    
24021    1174.700345  -2.050428    0.610010     0.600000    
24031    1174.792665  -2.051049    0.609170     0.600000    
24041    1174.884893  -2.051681    0.607020     0.600000    
24051    1174.967994  -2.052491    0.611770     0.600000    
24061    1175.051584  -2.053197    0.609980     0.600000    
24071    1175.146329  -2.053629    0.610900     0.600000    
24081    1175.233130  -2.054513    0.609930     0.600000    
24091    1175.318708  -2.055372    0.609730     0.600000    
24101    1175.413170  -2.055882    0.607880     0.600000    
24111    1175.516448  -2.056902    0.610530     0.600000    
24121    1175.621180  -2.057270    0.609020     0.600000    
24131    1175.724785  -2.057796    0.610410     0.600000    
24141    1175.813385  -2.058524    0.606190     0.600000    
24151    1175.909953  -2.059319    0.607440     0.600000    
24161    1175.999138  -2.060354    0.607510     0.600000    
24171    1176.085439  -2.060934    0.607150     0.600000    
24181    1176.184367  -2.061576    0.608600     0.600000    
24191    1176.282725  -2.062445    0.607810     0.600000    
24201    1176.379986  -2.063412    0.606230     0.600000    
24211    1176.476394  -2.063995    0.608980     0.600000    
24221    1176.591865  -2.064418    0.608390     0.600000    
24231    1176.699306  -2.065356    0.609850     0.600000    
24241    1176.817452  -2.065745    0.605370     0.600000    
24251    1176.910381  -2.066446    0.608120     0.600000    
24261    1176.999177  -2.066858    0.605810     0.600000    
24271    1177.089671  -2.067342    0.603680     0.600000    
24281    1177.186278  -2.067916    0.605710     0.600000    
24291    1177.275351  -2.068262    0.604980     0.600000    
24301    1177.417474  -2.069070    0.604850     0.600000    
24311    1177.513620  -2.069557    0.608550     0.600000    
24321    1177.605381  -2.070370    0.608980     0.600000    
24331    1177.697198  -2.071295    0.606730     0.600000    
24341    1177.785221  -2.071557    0.607050     0.600000    
24351    1177.870599  -2.072508    0.605890     0.600000    
24361    1178.123086  -2.072972    0.604450     0.600000    
24371    1178.325915  -2.073598    0.605060     0.600000    
24381    1178.580857  -2.074170    0.606360     0.600000    
24391    1178.769667  -2.075052    0.608030     0.600000    
24401    1178.973117  -2.075520    0.605080     0.600000    
24411    1179.113096  -2.075959    0.607540     0.600000    
24421    1179.315464  -2.076358    0.604490     0.600000    
24431    1179.458002  -2.076927    0.603650     0.600000    
24441    1179.567629  -2.077396    0.603810     0.600000    
24451    1179.658829  -2.078027    0.607370     0.600000    
24461    1179.779168  -2.078679    0.603610     0.600000    
24471    1179.870602  -2.079067    0.607680     0.600000    
24481    1179.955467  -2.079933    0.605520     0.600000    
24491    1180.041937  -2.080662    0.603780     0.600000    
24501    1180.133453  -2.081129    0.604510     0.600000    
24511    1180.236691  -2.081659    0.604510     0.600000    
24521    1180.341322  -2.082218    0.601380     0.600000    
24531    1180.445899  -2.082951    0.605240     0.600000    
24541    1180.546884  -2.083680    0.604200     0.600000    
24551    1180.650690  -2.084042    0.602790     0.600000    
24561    1180.749018  -2.084259    0.605950     0.600000    
24571    1180.975024  -2.084713    0.602570     0.600000    
24581    1181.076425  -2.085454    0.605500     0.600000    
24591    1181.157783  -2.085986    0.607410     0.600000    
24601    1181.268469  -2.086867    0.606810     0.600000    
24611    1181.369644  -2.087534    0.603310     0.600000    
24621    1181.461323  -2.087873    0.604840     0.600000    
24631    1181.548674  -2.088556    0.602130     0.600000    
24641    1181.640617  -2.089529    0.604440     0.600000    
24651    1181.741493  -2.090596    0.601630     0.600000    
24661    1181.839735  -2.091046    0.602540     0.600000    
24671    1181.929285  -2.091379    0.603130     0.600000    
24681    1182.019928  -2.091960    0.603030     0.600000    
24691    1182.114003  -2.092185    0.604170     0.600000    
24701    1182.199133  -2.093236    0.603950     0.600000    
24711    1182.289273  -2.093843    0.599010     0.600000    
24721    1182.386335  -2.094210    0.606070     0.600000    
24731    1182.495382  -2.094564    0.602780     0.600000    
24741    1182.588576  -2.095106    0.604100     0.600000    
24751    1182.739654  -2.095476    0.602860     0.600000    
24761    1182.896499  -2.095938    0.601120     0.600000    
24771    1183.028332  -2.096717    0.604160     0.600000    
24781    1183.158329  -2.098030    0.603510     0.600000    
24791    1183.271081  -2.098731    0.604750     0.600000    
24801    1183.406889  -2.099391    0.600520     0.600000    
24811    1183.533306  -2.100004    0.599700     0.600000    
24821    1183.665664  -2.100667    0.598340     0.600000    
24831    1183.774186  -2.101484    0.604020     0.600000    
24841    1183.870423  -2.102116    0.600160     0.600000    
24851    1183.959768  -2.102572    0.600380     0.600000    
24861    1184.056519  -2.103296    0.603180     0.600000    
24871    1184.150151  -2.103622    0.601940     0.600000    
24881    1184.236470  -2.103983    0.605350     0.600000    
24891    1184.349397  -2.105101    0.600960     0.600000    
24901    1184.477229  -2.106122    0.601070     0.600000    
24911    1184.585985  -2.106826    0.601430     0.600000    
24921    1184.691209  -2.107451    0.601430     0.600000    
24931    1184.788284  -2.107981    0.603340     0.600000    
24941    1184.880021  -2.108701    0.600750     0.600000    
24951    1184.975378  -2.109541    0.603370     0.600000    
24961    1185.068122  -2.110017    0.601420     0.600000    
24971    1185.169895  -2.110579    0.597840     0.600000    
24981    1185.261064  -2.111663    0.600210     0.600000    
24991    1185.352993  -2.112022    0.601360     0.600000    
25001    1185.446388  -2.112282    0.602880     0.600000    
25011    1185.552636  -2.113224    0.598180     0.600000    
25021    1185.673270  -2.113851    0.597190     0.600000    
25031    1185.783068  -2.114593    0.596030     0.600000    
25041    1185.899658  -2.115257    0.601030     0.600000    
25051    1185.994578  -2.115809    0.601340     0.600000    
25061    1186.089818  -2.116480    0.602780     0.600000    
25071    1186.172699  -2.117065    0.600550     0.600000    
25081    1186.288985  -2.117825    0.597960     0.600000    
25091    1186.404463  -2.118663    0.601120     0.600000    
25101    1186.514761  -2.119185    0.596720     0.600000    
25111    1186.635564  -2.119857    0.601200     0.600000    
25121    1186.746543  -2.120410    0.599320     0.600000    
25131    1186.862128  -2.121568    0.597450     0.600000    
25141    1186.984643  -2.121958    0.598570     0.600000    
25151    1187.113193  -2.122627    0.598490     0.600000    
25161    1187.334560  -2.123240    0.596640     0.600000    
25171    1187.485323  -2.123786    0.602620     0.600000    
25181    1187.690507  -2.124329    0.597870     0.600000    
25191    1187.842726  -2.125309    0.599250     0.600000    
25201    1187.973009  -2.126074    0.596010     0.600000    
25211    1188.123921  -2.126630    0.597430     0.600000    
25221    1188.260094  -2.127375    0.597590     0.600000    
25231    1188.381190  -2.127949    0.597490     0.600000    
25241    1188.498138  -2.128508    0.599250     0.600000    
25251    1188.606696  -2.129128    0.598310     0.600000    
25261    1188.714081  -2.129845    0.594170     0.600000    
25271    1188.835012  -2.130507    0.598350     0.600000    
25281    1188.927149  -2.130792    0.596980     0.600000    
25291    1189.027406  -2.131431    0.595830     0.600000    
25301    1189.132238  -2.132164    0.595380     0.600000    
25311    1189.223994  -2.132560    0.600260     0.600000    
25321    1189.314764  -2.133356    0.596520     0.600000    
25331    1189.427453  -2.133878    0.598370     0.600000    
25341    1189.562265  -2.134371    0.596710     0.600000    
25351    1189.666717  -2.134848    0.594530     0.600000    
25361    1189.766796  -2.135530    0.599580     0.600000    
25371    1189.861232  -2.135951    0.596670     0.600000    
25381    1189.950967  -2.136246    0.592280     0.600000    
25391    1190.051610  -2.136751    0.594300     0.600000    
25401    1190.153219  -2.137109    0.595150     0.600000    
25411    1190.251878  -2.137724    0.597430     0.600000    
25421    1190.356852  -2.138447    0.599330     0.600000    
25431    1190.445966  -2.138940    0.594290     0.600000    
25441    1190.534148  -2.139400    0.594620     0.600000    
25451    1190.659026  -2.140220    0.599060     0.600000    
25461    1190.775776  -2.140646    0.594640     0.600000    
25471    1190.865521  -2.141527    0.594280     0.600000    
25481    1190.954671  -2.142185    0.595860     0.600000    
25491    1191.037863  -2.142565    0.593330     0.600000    
25501    1191.219826  -2.143275    0.593250     0.600000    
25511    1191.315858  -2.144160    0.593510     0.600000    
25521    1191.394025  -2.144818    0.599680     0.600000    
25531    1191.474122  -2.145384    0.594910     0.600000    
25541    1191.570706  -2.146047    0.593950     0.600000    
25551    1191.675578  -2.146513    0.596000     0.600000    
25561    1191.759230  -2.147220    0.595270     0.600000    
25571    1191.844480  -2.147757    0.594810     0.600000    
25581    1191.936692  -2.148282    0.594900     0.600000    
25591    1192.026745  -2.148771    0.595070     0.600000    
25601    1192.111986  -2.149860    0.594840     0.600000    
25611    1192.198100  -2.150480    0.596730     0.600000    
25621    1192.284953  -2.150974    0.594280     0.600000    
25631    1192.373249  -2.151539    0.592240     0.600000    
25641    1192.473558  -2.152051    0.596120     0.600000    
25651    1192.556024  -2.152539    0.593080     0.600000    
25661    1192.636030  -2.152888    0.593190     0.600000    
25671    1192.714873  -2.153444    0.592130     0.600000    
25681    1192.805143  -2.154577    0.592140     0.600000    
25691    1192.885614  -2.155034    0.591700     0.600000    
25701    1192.969090  -2.155565    0.595290     0.600000    
25711    1193.043457  -2.156075    0.592600     0.600000    
25721    1193.123569  -2.156768    0.592330     0.600000    
25731    1193.208303  -2.157283    0.593710     0.600000    
25741    1193.299411  -2.157766    0.590910     0.600000    
25751    1193.386873  -2.158346    0.592600     0.600000    
25761    1193.469292  -2.158997    0.594390     0.600000    
25771    1193.544186  -2.159894    0.597930     0.600000    
25781    1193.631040  -2.160364    0.592880     0.600000    
25791    1193.729009  -2.161239    0.596120     0.600000    
25801    1193.821516  -2.161934    0.591780     0.600000    
25811    1193.911992  -2.162350    0.592200     0.600000    
25821    1194.006924  -2.162896    0.594670     0.600000    
25831    1194.098217  -2.163572    0.593500     0.600000    
25841    1194.186929  -2.164273    0.590980     0.600000    
25851    1194.288575  -2.164878    0.591720     0.600000    
25861    1194.390475  -2.165313    0.592940     0.600000    
25871    1194.487011  -2.165761    0.591430     0.600000    
25881    1194.615105  -2.166571    0.589080     0.600000    
25891    1194.736446  -2.167191    0.594090     0.600000    
25901    1194.842621  -2.167572    0.592520     0.600000    
25911    1194.941021  -2.168010    0.591720     0.600000    
25921    1195.051505  -2.168493    0.589450     0.600000    
25931    1195.149852  -2.169046    0.588900     0.600000    
25941    1195.259603  -2.169536    0.590570     0.600000    
25951    1195.353174  -2.169989    0.588560     0.600000    
25961    1195.451183  -2.170381    0.589720     0.600000    
25971    1195.535834  -2.170951    0.590500     0.600000    
25981    1195.622048  -2.171175    0.591810     0.600000    
25991    1195.712002  -2.171638    0.590810     0.600000    
26001    1195.799340  -2.172151    0.590540     0.600000    
26011    1195.881891  -2.172976    0.590830     0.600000    
26021    1195.990842  -2.173779    0.592000     0.600000    
26031    1196.082508  -2.174295    0.590250     0.600000    
26041    1196.160138  -2.175087    0.591190     0.600000    
26051    1196.241002  -2.175480    0.589550     0.600000    
26061    1196.318723  -2.175996    0.586820     0.600000    
26071    1196.398542  -2.176310    0.591740     0.600000    
26081    1196.469628  -2.177035    0.588840     0.600000    
26091    1196.552070  -2.177609    0.589750     0.600000    
26101    1196.634183  -2.177983    0.588490     0.600000    
26111    1196.715437  -2.179168    0.592520     0.600000    
26121    1196.800642  -2.179790    0.592710     0.600000    
26131    1196.878655  -2.180389    0.589760     0.600000    
26141    1196.960748  -2.180791    0.590860     0.600000    
26151    1197.043243  -2.181614    0.589020     0.600000    
26161    1197.120813  -2.182679    0.591800     0.600000    
26171    1197.201199  -2.183061    0.589650     0.600000    
26181    1197.292461  -2.183632    0.586910     0.600000    
26191    1197.386883  -2.183985    0.591560     0.600000    
26201    1197.479526  -2.184715    0.588330     0.600000    
26211    1197.590817  -2.185379    0.591750     0.600000    
26221    1197.693576  -2.186019    0.590890     0.600000    
26231    1197.805116  -2.186873    0.586950     0.600000    
26241    1197.935176  -2.187392    0.590180     0.600000    
26251    1198.049295  -2.188086    0.588230     0.600000    
26261    1198.241677  -2.188495    0.585800     0.600000    
26271    1198.358743  -2.189059    0.585780     0.600000    
26281    1198.462790  -2.189672    0.587790     0.600000    
26291    1198.569150  -2.190313    0.586580     0.600000    
26301    1198.693464  -2.190881    0.586070     0.600000    
26311    1198.796721  -2.191367    0.584310     0.600000    
26321    1198.918432  -2.191998    0.588630     0.600000    
26331    1199.011301  -2.192534    0.588290     0.600000    
26341    1199.100464  -2.193017    0.588110     0.600000    
26351    1199.181249  -2.193676    0.584570     0.600000    
26361    1199.261437  -2.194314    0.589280     0.600000    
26371    1199.361806  -2.194746    0.589310     0.600000    
26381    1199.439637  -2.195169    0.585880     0.600000    
26391    1199.522229  -2.195441    0.585120     0.600000    
26401    1199.611266  -2.195802    0.586610     0.600000    
26411    1199.705250  -2.196532    0.584860     0.600000    
26421    1199.792042  -2.196935    0.590670     0.600000    
26431    1199.891353  -2.197411    0.589520     0.600000    
26441    1199.993062  -2.197967    0.585860     0.600000    
26451    1200.071967  -2.198275    0.587420     0.600000    
26461    1200.147831  -2.199127    0.586080     0.600000    
26471    1200.236321  -2.199958    0.589130     0.600000    
26481    1200.339111  -2.200602    0.584100     0.600000    
26491    1200.427125  -2.201049    0.586070     0.600000    
26501    1200.510202  -2.201568    0.583810     0.600000    
26511    1200.595504  -2.202140    0.588560     0.600000    
26521    1200.666425  -2.202847    0.586710     0.600000    
26531    1200.746026  -2.203252    0.583260     0.600000    
26541    1200.825139  -2.203977    0.586950     0.600000    
26551    1200.931296  -2.204416    0.589490     0.600000    
26561    1201.014404  -2.204972    0.585190     0.600000    
26571    1201.102260  -2.205340    0.586110     0.600000    
26581    1201.188195  -2.205747    0.585570     0.600000    
26591    1201.274539  -2.206564    0.583860     0.600000    
26601    1201.363777  -2.206964    0.584540     0.600000    
26611    1201.445315  -2.207344    0.585270     0.600000    
26621    1201.531521  -2.207705    0.584090     0.600000    
26631    1201.665082  -2.208266    0.585290     0.600000    
26641    1201.789378  -2.208919    0.586620     0.600000    
26651    1201.929295  -2.209605    0.584090     0.600000    
26661    1202.040570  -2.210179    0.581990     0.600000    
26671    1202.148868  -2.210727    0.587760     0.600000    
26681    1202.259056  -2.211530    0.582310     0.600000    
26691    1202.371761  -2.212239    0.583390     0.600000    
26701    1202.476137  -2.212623    0.582350     0.600000    
26711    1202.589027  -2.212934    0.582680     0.600000    
26721    1202.702629  -2.213470    0.580920     0.600000    
26731    1202.862868  -2.214630    0.585870     0.600000    
26741    1202.968385  -2.214929    0.584170     0.600000    
26751    1203.091703  -2.215675    0.587140     0.600000    
26761    1203.225157  -2.216025    0.585560     0.600000    
26771    1203.425966  -2.216508    0.581510     0.600000    
26781    1203.531554  -2.217438    0.582740     0.600000    
26791    1203.663362  -2.217899    0.585790     0.600000    
26801    1203.792971  -2.218273    0.584660     0.600000    
26811    1203.906593  -2.218895    0.585460     0.600000    
26821    1204.032788  -2.219217    0.582490     0.600000    
26831    1204.155079  -2.219911    0.585950     0.600000    
26841    1204.275553  -2.220338    0.583420     0.600000    
26851    1204.397977  -2.220859    0.582180     0.600000    
26861    1204.517364  -2.221227    0.584120     0.600000    
26871    1204.713436  -2.221662    0.584660     0.600000    
26881    1204.908748  -2.222106    0.584360     0.600000    
26891    1205.034233  -2.222781    0.582950     0.600000    
26901    1205.162377  -2.223607    0.583400     0.600000    
26911    1205.291807  -2.223837    0.583900     0.600000    
26921    1205.409444  -2.224808    0.581310     0.600000    
26931    1205.519386  -2.225115    0.579100     0.600000    
26941    1205.618862  -2.225734    0.581220     0.600000    
26951    1205.779610  -2.226347    0.579210     0.600000    
26961    1205.923186  -2.226876    0.580890     0.600000    
26971    1206.023262  -2.227489    0.583890     0.600000    
26981    1206.125133  -2.228057    0.580660     0.600000    
26991    1206.219936  -2.228728    0.579000     0.600000    
27001    1206.395072  -2.229386    0.581960     0.600000    
27011    1206.519528  -2.230011    0.580100     0.600000    
27021    1206.637228  -2.230630    0.582520     0.600000    
27031    1206.754397  -2.231549    0.580290     0.600000    
27041    1206.881382  -2.232208    0.582350     0.600000    
27051    1206.985204  -2.232646    0.582010     0.600000    
27061    1207.075908  -2.233049    0.582570     0.600000    
27071    1207.171482  -2.233664    0.577020     0.600000    
27081    1207.284448  -2.234571    0.579210     0.600000    
27091    1207.418695  -2.234953    0.580320     0.600000    
27101    1207.536129  -2.235660    0.578600     0.600000    
27111    1207.653560  -2.236531    0.577540     0.600000    
27121    1207.781357  -2.236789    0.577470     0.600000    
27131    1207.916149  -2.237035    0.578500     0.600000    
27141    1208.067638  -2.237698    0.582080     0.600000    
27151    1208.182736  -2.238062    0.576810     0.600000    
27161    1208.289260  -2.238540    0.577720     0.600000    
27171    1208.401727  -2.239006    0.579340     0.600000    
27181    1208.542475  -2.239463    0.578730     0.600000    
27191    1208.663924  -2.240199    0.579640     0.600000    
27201    1208.751801  -2.240766    0.575750     0.600000    
27211    1208.870310  -2.241239    0.579490     0.600000    
27221    1209.020220  -2.241497    0.581230     0.600000    
27231    1209.113992  -2.241826    0.579430     0.600000    
27241    1209.201840  -2.242034    0.578480     0.600000    
27251    1209.368653  -2.242526    0.577630     0.600000    
27261    1209.496527  -2.243114    0.578630     0.600000    
27271    1209.598906  -2.243433    0.577970     0.600000    
27281    1209.700604  -2.243901    0.577980     0.600000    
27291    1209.800587  -2.244394    0.577630     0.600000    
27301    1209.897038  -2.244821    0.578900     0.600000    
27311    1210.025692  -2.245243    0.574660     0.600000    
27321    1210.148166  -2.245559    0.578440     0.600000    
27331    1210.279823  -2.245915    0.578620     0.600000    
27341    1210.391016  -2.246280    0.578060     0.600000    
27351    1210.537741  -2.246766    0.576400     0.600000    
27361    1210.664521  -2.247195    0.577910     0.600000    
27371    1210.785467  -2.247627    0.577690     0.600000    
27381    1210.959768  -2.248172    0.576140     0.600000    
27391    1211.078362  -2.248807    0.574750     0.600000    
27401    1211.197421  -2.249509    0.578140     0.600000    
27411    1211.308686  -2.250031    0.575670     0.600000    
27421    1211.445248  -2.250450    0.574720     0.600000    
27431    1211.568418  -2.251002    0.573790     0.600000    
27441    1211.674025  -2.251504    0.577870     0.600000    
27451    1211.780207  -2.252072    0.579080     0.600000    
27461    1211.879187  -2.252690    0.578240     0.600000    
27471    1211.998732  -2.253518    0.574950     0.600000    
27481    1212.095042  -2.253976    0.576740     0.600000    
27491    1212.195426  -2.254171    0.576050     0.600000    
27500    1212.278535  -2.254356    0.577490     0.600000    
27500    1619.899473  -2.254356    0.000000     0.600000    
27500    1649.976837  -2.255033    0.000000     0.600000    
27500    1649.977529  -2.255649    0.000000     0.600000    
27500    1649.978275  -2.256156    0.000000     0.600000    
27500    1649.979521  -2.256792    0.000000     0.600000    
27500    1649.980094  -2.257058    0.000000     0.600000    
27500    1649.980804  -2.257482    0.000000     0.600000    
27500    1649.981380  -2.258063    0.000000     0.600000    
27500    1649.982127  -2.258856    0.000000     0.600000    
27500    1649.982958  -2.259165    0.000000     0.600000    
27500    1649.983719  -2.259609    0.000000     0.600000    
27500    1649.984354  -2.259939    0.000000     0.600000    
27500    1649.984946  -2.260334    0.000000     0.600000    
27500    1649.985546  -2.260869    0.000000     0.600000    
27500    1649.987017  -2.261768    0.000000     0.600000    
27500    1649.987666  -2.262195    0.000000     0.600000    
27500    1649.988307  -2.262639    0.000000     0.600000    
27500    1649.989834  -2.263279    0.000000     0.600000    
27500    1649.990976  -2.263709    0.000000     0.600000    
27500    1649.991711  -2.264290    0.000000     0.600000    
27500    1649.992292  -2.264804    0.000000     0.600000    
27500    1649.992847  -2.265500    0.000000     0.600000    
27500    1649.993459  -2.265868    0.000000     0.600000    
27500    1649.994127  -2.266166    0.000000     0.600000    
27500    1649.995117  -2.266568    0.000000     0.600000    
27500    1649.995668  -2.267275    0.000000     0.600000    
27500    1649.996307  -2.267533    0.000000     0.600000    
27500    1649.996933  -2.268007    0.000000     0.600000    
27500    1649.997624  -2.268646    0.000000     0.600000    
27500    1649.998304  -2.269125    0.000000     0.600000    
27500    1649.998937  -2.269725    0.000000     0.600000    
27500    1649.999885  -2.270249    0.000000     0.600000    
27500    1650.000596  -2.270654    0.000000     0.600000    
27500    1650.001332  -2.271321    0.000000     0.600000    
27500    1650.002641  -2.271696    0.000000     0.600000    
27500    1650.003287  -2.272015    0.000000     0.600000    
27500    1650.003991  -2.272531    0.000000     0.600000    
27500    1650.004593  -2.272801    0.000000     0.600000    
27500    1650.005313  -2.273125    0.000000     0.600000    
27500    1650.006108  -2.273418    0.000000     0.600000    
27500    1650.006847  -2.273826    0.000000     0.600000    
27500    1650.007445  -2.274507    0.000000     0.600000    
27500    1650.008122  -2.274896    0.000000     0.600000    
27500    1650.009488  -2.275407    0.000000     0.600000    
27500    1650.010179  -2.275799    0.000000     0.600000    
27500    1650.010781  -2.276258    0.000000     0.600000    
27500    1650.012031  -2.276964    0.000000     0.600000    
27500    1650.012692  -2.277259    0.000000     0.600000    
27500    1650.013469  -2.277523    0.000000     0.600000    
27500    1650.014103  -2.277924    0.000000     0.600000    
27500    1650.014836  -2.278446    0.000000     0.600000    
27500    1650.015697  -2.278759    0.000000     0.600000    
27500    1650.017005  -2.279216    0.000000     0.600000    
27500    1650.017956  -2.279608    0.000000     0.600000    
27500    1650.018758  -2.280213    0.000000     0.600000    
27500    1650.019549  -2.280844    0.000000     0.600000    
27500    1650.020266  -2.281301    0.000000     0.600000    
27500    1650.021533  -2.281640    0.000000     0.600000    
27500    1650.022241  -2.282216    0.000000     0.600000    
27500    1650.023253  -2.282663    0.000000     0.600000    
27500    1650.025018  -2.283234    0.000000     0.600000    
27500    1650.026154  -2.283662    0.000000     0.600000    
27500    1650.026838  -2.284150    0.000000     0.600000    
27500    1650.027567  -2.284622    0.000000     0.600000    
27500    1650.028293  -2.285027    0.000000     0.600000    
27500    1650.029059  -2.285881    0.000000     0.600000    
27500    1650.029822  -2.286343    0.000000     0.600000    
27500    1650.030803  -2.287021    0.000000     0.600000    
27500    1650.031719  -2.287700    0.000000     0.600000    
27500    1650.032439  -2.288068    0.000000     0.600000    
27500    1650.033190  -2.288306    0.000000     0.600000    
27500    1650.034451  -2.288890    0.000000     0.600000    
27500    1650.035119  -2.289506    0.000000     0.600000    
27500    1650.035884  -2.290308    0.000000     0.600000    
27500    1650.036507  -2.290666    0.000000     0.600000    
27500    1650.037270  -2.291167    0.000000     0.600000    
27500    1650.038561  -2.291542    0.000000     0.600000    
27500    1650.039374  -2.292433    0.000000     0.600000    
27500    1650.040264  -2.292830    0.000000     0.600000    
27500    1650.040976  -2.293466    0.000000     0.600000    
27500    1650.041630  -2.293745    0.000000     0.600000    
27500    1650.042605  -2.294221    0.000000     0.600000    
27500    1650.043317  -2.294542    0.000000     0.600000    
27500    1650.043950  -2.295261    0.000000     0.600000    
27500    1650.044686  -2.295907    0.000000     0.600000    
27500    1650.046036  -2.296426    0.000000     0.600000    
27500    1650.046744  -2.296902    0.000000     0.600000    
27500    1650.047518  -2.297423    0.000000     0.600000    
27500    1650.048778  -2.297757    0.000000     0.600000    
27500    1650.049490  -2.298685    0.000000     0.600000    
27500    1650.050502  -2.299204    0.000000     0.600000    
27500    1650.051452  -2.299663    0.000000     0.600000    
27500    1650.052218  -2.300478    0.000000     0.600000    
27500    1650.053404  -2.300840    0.000000     0.600000    
27500    1650.054056  -2.301524    0.000000     0.600000    
27500    1650.054764  -2.301951    0.000000     0.600000    
27500    1650.055490  -2.302508    0.000000     0.600000    
27500    1650.056319  -2.303235    0.000000     0.600000    
27500    1650.057179  -2.303551    0.000000     0.600000    
27500    1650.058140  -2.304001    0.000000     0.600000    
27500    1650.058830  -2.304394    0.000000     0.600000    
27500    1650.059503  -2.304795    0.000000     0.600000    
27500    1650.060313  -2.305011    0.000000     0.600000    
27500    1650.061391  -2.305891    0.000000     0.600000    
27500    1650.062251  -2.306195    0.000000     0.600000    
27500    1650.063137  -2.306669    0.000000     0.600000    
27500    1650.063837  -2.307141    0.000000     0.600000    
27500    1650.064699  -2.307819    0.000000     0.600000    
27500    1650.065459  -2.308342    0.000000     0.600000    
27500    1650.066198  -2.308836    0.000000     0.600000    
27500    1650.067050  -2.309075    0.000000     0.600000    
27500    1650.068348  -2.309335    0.000000     0.600000    
27500    1650.069286  -2.309891    0.000000     0.600000    
27500    1650.070056  -2.310470    0.000000     0.600000    
27500    1650.070870  -2.310939    0.000000     0.600000    
27500    1650.071599  -2.311261    0.000000     0.600000    
27500    1650.072437  -2.311786    0.000000     0.600000    
27500    1650.073740  -2.312051    0.000000     0.600000    
27500    1650.074682  -2.312320    0.000000     0.600000    
27500    1650.075569  -2.312706    0.000000     0.600000    
27500    1650.076414  -2.313076    0.000000     0.600000    
27500    1650.077300  -2.313577    0.000000     0.600000    
27500    1650.078000  -2.314073    0.000000     0.600000    
27500    1650.078834  -2.314472    0.000000     0.600000    
27500    1650.079533  -2.315084    0.000000     0.600000    
27500    1650.080459  -2.315365    0.000000     0.600000    
27500    1650.081221  -2.315828    0.000000     0.600000    
27500    1650.081890  -2.316153    0.000000     0.600000    
27500    1650.082568  -2.316326    0.000000     0.600000    
27500    1650.083313  -2.316846    0.000000     0.600000    
27500    1650.084007  -2.317380    0.000000     0.600000    
27500    1650.085541  -2.318059    0.000000     0.600000    
27500    1650.086818  -2.318396    0.000000     0.600000    
27500    1650.087601  -2.319073    0.000000     0.600000    
27500    1650.088987  -2.319491    0.000000     0.600000    
27500    1650.089863  -2.319984    0.000000     0.600000    
27500    1650.090659  -2.320121    0.000000     0.600000    
27500    1650.091465  -2.320675    0.000000     0.600000    
27500    1650.092271  -2.320976    0.000000     0.600000    
27500    1650.093084  -2.321344    0.000000     0.600000    
27500    1650.093753  -2.321558    0.000000     0.600000    
27500    1650.094439  -2.321867    0.000000     0.600000    
27500    1650.095223  -2.322234    0.000000     0.600000    
27500    1650.096310  -2.322938    0.000000     0.600000    
27500    1650.097510  -2.323379    0.000000     0.600000    
27500    1650.098198  -2.323740    0.000000     0.600000    
27500    1650.099019  -2.324126    0.000000     0.600000    
27500    1650.099936  -2.324549    0.000000     0.600000    
27500    1650.100757  -2.324812    0.000000     0.600000    
27500    1650.101541  -2.325153    0.000000     0.600000    
27500    1650.102320  -2.325336    0.000000     0.600000    
27500    1650.103183  -2.325713    0.000000     0.600000    
27500    1650.103941  -2.326087    0.000000     0.600000    
27500    1650.105224  -2.326896    0.000000     0.600000    
27500    1650.106044  -2.327475    0.000000     0.600000    
27500    1650.106862  -2.327991    0.000000     0.600000    
27500    1650.107815  -2.328629    0.000000     0.600000    
27500    1650.109144  -2.328773    0.000000     0.600000    
27500    1650.110585  -2.329248    0.000000     0.600000    
27500    1650.111412  -2.329663    0.000000     0.600000    
27500    1650.112225  -2.330218    0.000000     0.600000    
27500    1650.113059  -2.330631    0.000000     0.600000    
27500    1650.113901  -2.330876    0.000000     0.600000    
27500    1650.114744  -2.331019    0.000000     0.600000    
27500    1650.115567  -2.331484    0.000000     0.600000    
27500    1650.116950  -2.331795    0.000000     0.600000    
27500    1650.118255  -2.332100    0.000000     0.600000    
27500    1650.119075  -2.332928    0.000000     0.600000    
27500    1650.119991  -2.333381    0.000000     0.600000    
27500    1650.120761  -2.333667    0.000000     0.600000    
27500    1650.121554  -2.334112    0.000000     0.600000    
27500    1650.122305  -2.334431    0.000000     0.600000    
27500    1650.123269  -2.334969    0.000000     0.600000    
27500    1650.124157  -2.335474    0.000000     0.600000    
27500    1650.125165  -2.335823    0.000000     0.600000    
27500    1650.125955  -2.336275    0.000000     0.600000    
27500    1650.126687  -2.336631    0.000000     0.600000    
27500    1650.127507  -2.337149    0.000000     0.600000    
27500    1650.128304  -2.337467    0.000000     0.600000    
27500    1650.129693  -2.338056    0.000000     0.600000    
27500    1650.130437  -2.338653    0.000000     0.600000    
27500    1650.131179  -2.339437    0.000000     0.600000    
27500    1650.132000  -2.340224    0.000000     0.600000    
27500    1650.132869  -2.340708    0.000000     0.600000    
27500    1650.133722  -2.340935    0.000000     0.600000    
27500    1650.134523  -2.341361    0.000000     0.600000    
27500    1650.135376  -2.341547    0.000000     0.600000    
27500    1650.136203  -2.341967    0.000000     0.600000    
27500    1650.136964  -2.342282    0.000000     0.600000    
27500    1650.137804  -2.342647    0.000000     0.600000    
27500    1650.139070  -2.343112    0.000000     0.600000    
27500    1650.139960  -2.343345    0.000000     0.600000    
27500    1650.140801  -2.343719    0.000000     0.600000    
27500    1650.141671  -2.344168    0.000000     0.600000    
27500    1650.144501  -2.344705    0.000000     0.600000    
27500    1650.145286  -2.345048    0.000000     0.600000    
27500    1650.146057  -2.345400    0.000000     0.600000    
27500    1650.146854  -2.345713    0.000000     0.600000    
27500    1650.147692  -2.346211    0.000000     0.600000    
27500    1650.148444  -2.346596    0.000000     0.600000    
27500    1650.149195  -2.347199    0.000000     0.600000    
27500    1650.149937  -2.347726    0.000000     0.600000    
27500    1650.150766  -2.348116    0.000000     0.600000    
27500    1650.151905  -2.348528    0.000000     0.600000    
27500    1650.152711  -2.349286    0.000000     0.600000    
27500    1650.153718  -2.350060    0.000000     0.600000    
27500    1650.154470  -2.350591    0.000000     0.600000    
27500    1650.155334  -2.350747    0.000000     0.600000    
27500    1650.156827  -2.351554    0.000000     0.600000    
27500    1650.157690  -2.352161    0.000000     0.600000    
27500    1650.158489  -2.352562    0.000000     0.600000    
27500    1650.159295  -2.352947    0.000000     0.600000    
27500    1650.160126  -2.353621    0.000000     0.600000    
27500    1650.161043  -2.354336    0.000000     0.600000    
27500    1650.161949  -2.355218    0.000000     0.600000    
27500    1650.162863  -2.355541    0.000000     0.600000    
27500    1650.163703  -2.356012    0.000000     0.600000    
27500    1650.164603  -2.356381    0.000000     0.600000    
27500    1650.165589  -2.356959    0.000000     0.600000    
27500    1650.166795  -2.357297    0.000000     0.600000    
27500    1650.167614  -2.357746    0.000000     0.600000    
27500    1650.168456  -2.358155    0.000000     0.600000    
27500    1650.169402  -2.358723    0.000000     0.600000    
27500    1650.170280  -2.359118    0.000000     0.600000    
27500    1650.171337  -2.359439    0.000000     0.600000    
27500    1650.172338  -2.359762    0.000000     0.600000    
27500    1650.173309  -2.360373    0.000000     0.600000    
27500    1650.174301  -2.361165    0.000000     0.600000    
27500    1650.175264  -2.361589    0.000000     0.600000    
27500    1650.176228  -2.362120    0.000000     0.600000    
27500    1650.177144  -2.362380    0.000000     0.600000    
27500    1650.178485  -2.362731    0.000000     0.600000    
27500    1650.179336  -2.363190    0.000000     0.600000    
27500    1650.180227  -2.363641    0.000000     0.600000    
27500    1650.181082  -2.363852    0.000000     0.600000    
27500    1650.182141  -2.364452    0.000000     0.600000    
27500    1650.182964  -2.364853    0.000000     0.600000    
27500    1650.183793  -2.365538    0.000000     0.600000    
27500    1650.184619  -2.366012    0.000000     0.600000    
27500    1650.185593  -2.366377    0.000000     0.600000    
27500    1650.187267  -2.366716    0.000000     0.600000    
27500    1650.188224  -2.367440    0.000000     0.600000    
27500    1650.189092  -2.367701    0.000000     0.600000    
27500    1650.189956  -2.368347    0.000000     0.600000    
27500    1650.190777  -2.368617    0.000000     0.600000    
27500    1650.191602  -2.368830    0.000000     0.600000    
27500    1650.192504  -2.369466    0.000000     0.600000    
27500    1650.193307  -2.369922    0.000000     0.600000    
27500    1650.194180  -2.370479    0.000000     0.600000    
27500    1650.195109  -2.370878    0.000000     0.600000    
27500    1650.195961  -2.371166    0.000000     0.600000    
27500    1650.196789  -2.371435    0.000000     0.600000    
27500    1650.197613  -2.372052    0.000000     0.600000    
27500    1650.198478  -2.372401    0.000000     0.600000    
27500    1650.199410  -2.372627    0.000000     0.600000    
27500    1650.200404  -2.373071    0.000000     0.600000    
27500    1650.201250  -2.373609    0.000000     0.600000    
27500    1650.202089  -2.373984    0.000000     0.600000    
27500    1650.203369  -2.374584    0.000000     0.600000    
27500    1650.204203  -2.375022    0.000000     0.600000    
27500    1650.205032  -2.375515    0.000000     0.600000    
27500    1650.205888  -2.375783    0.000000     0.600000    
27500    1650.206789  -2.376316    0.000000     0.600000    
27500    1650.207612  -2.376689    0.000000     0.600000    
27500    1650.208462  -2.376985    0.000000     0.600000    
27500    1650.209308  -2.377361    0.000000     0.600000    
27500    1650.210209  -2.377788    0.000000     0.600000    
27500    1650.211154  -2.378258    0.000000     0.600000    
27500    1650.212106  -2.378770    0.000000     0.600000    
27500    1650.212982  -2.379285    0.000000     0.600000    
27500    1650.214101  -2.379557    0.000000     0.600000    
27500    1650.214929  -2.379857    0.000000     0.600000    
27500    1650.215749  -2.380252    0.000000     0.600000    
27500    1650.216622  -2.380696    0.000000     0.600000    
27500    1650.217494  -2.381118    0.000000     0.600000    
27500    1650.218384  -2.381354    0.000000     0.600000    
27500    1650.219273  -2.381793    0.000000     0.600000    
27500    1650.220124  -2.382406    0.000000     0.600000    
27500    1650.221068  -2.382615    0.000000     0.600000    
27500    1650.222039  -2.382863    0.000000     0.600000    
27500    1650.222914  -2.383437    0.000000     0.600000    
27500    1650.223776  -2.384257    0.000000     0.600000    
27500    1650.224626  -2.384889    0.000000     0.600000    
27500    1650.225465  -2.385098    0.000000     0.600000    
27500    1650.226975  -2.385264    0.000000     0.600000    
27500    1650.227832  -2.385906    0.000000     0.600000    
27500    1650.228682  -2.386482    0.000000     0.600000    
27500    1650.229531  -2.386955    0.000000     0.600000    
27500    1650.230387  -2.387609    0.000000     0.600000    
27500    1650.231233  -2.387881    0.000000     0.600000    
27500    1650.232165  -2.388211    0.000000     0.600000    
27500    1650.233020  -2.388693    0.000000     0.600000    
27500    1650.233914  -2.389154    0.000000     0.600000    
27500    1650.234834  -2.389429    0.000000     0.600000    
27500    1650.235676  -2.390340    0.000000     0.600000    
27500    1650.236601  -2.390706    0.000000     0.600000    
27500    1650.238060  -2.391258    0.000000     0.600000    
27500    1650.238903  -2.391844    0.000000     0.600000    
27500    1650.239733  -2.392379    0.000000     0.600000    
27500    1650.240566  -2.392890    0.000000     0.600000    
27500    1650.241540  -2.393624    0.000000     0.600000    
27500    1650.242472  -2.393922    0.000000     0.600000    
27500    1650.243328  -2.394452    0.000000     0.600000    
27500    1650.244186  -2.394872    0.000000     0.600000    
27500    1650.245071  -2.395249    0.000000     0.600000    
27500    1650.245983  -2.395520    0.000000     0.600000    
27500    1650.246808  -2.396147    0.000000     0.600000    
27500    1650.247728  -2.396561    0.000000     0.600000    
27500    1650.248579  -2.397118    0.000000     0.600000    
27500    1650.249430  -2.397502    0.000000     0.600000    
27500    1650.250286  -2.397923    0.000000     0.600000    
27500    1650.251125  -2.398105    0.000000     0.600000    
27500    1650.251956  -2.398400    0.000000     0.600000    
27500    1650.252802  -2.399055    0.000000     0.600000    
27500    1650.253641  -2.399248    0.000000     0.600000    
27500    1650.254650  -2.399482    0.000000     0.600000    
27500    1650.255560  -2.399845    0.000000     0.600000    
27500    1650.256494  -2.400419    0.000000     0.600000    
27500    1650.257520  -2.400815    0.000000     0.600000    
27500    1650.258605  -2.401062    0.000000     0.600000    
27500    1650.259550  -2.401459    0.000000     0.600000    
27500    1650.260549  -2.402169    0.000000     0.600000    
27500    1650.261457  -2.402396    0.000000     0.600000    
27500    1650.262398  -2.402820    0.000000     0.600000    
27500    1650.264043  -2.403255    0.000000     0.600000    
27500    1650.265764  -2.403736    0.000000     0.600000    
27500    1650.266697  -2.404569    0.000000     0.600000    
27500    1650.267670  -2.405092    0.000000     0.600000    
27500    1650.268774  -2.405559    0.000000     0.600000    
27500    1650.269691  -2.405975    0.000000     0.600000    
27500    1650.270725  -2.406362    0.000000     0.600000    
27500    1650.271790  -2.406691    0.000000     0.600000    
27500    1650.272745  -2.407008    0.000000     0.600000    
27500    1650.273825  -2.407304    0.000000     0.600000    
27500    1650.274777  -2.407580    0.000000     0.600000    
27500    1650.275715  -2.408102    0.000000     0.600000    
27500    1650.276634  -2.408636    0.000000     0.600000    
27500    1650.277553  -2.408865    0.000000     0.600000    
27500    1650.278479  -2.409541    0.000000     0.600000    
27500    1650.279388  -2.409909    0.000000     0.600000    
27500    1650.280307  -2.410217    0.000000     0.600000    
27500    1650.281239  -2.410501    0.000000     0.600000    
27500    1650.282291  -2.411245    0.000000     0.600000    
27500    1650.283229  -2.411590    0.000000     0.600000    
27500    1650.284242  -2.412101    0.000000     0.600000    
27500    1650.285227  -2.412529    0.000000     0.600000    
27500    1650.286164  -2.412980    0.000000     0.600000    
27500    1650.287075  -2.413410    0.000000     0.600000    
27500    1650.287990  -2.413797    0.000000     0.600000    
27500    1650.288891  -2.413977    0.000000     0.600000    
27500    1650.289806  -2.414312    0.000000     0.600000    
27500    1650.290736  -2.414733    0.000000     0.600000    
27500    1650.291779  -2.414999    0.000000     0.600000    
27500    1650.292721  -2.415557    0.000000     0.600000    
27500    1650.293657  -2.416190    0.000000     0.600000    
27500    1650.294658  -2.416499    0.000000     0.600000    
27500    1650.295579  -2.417288    0.000000     0.600000    
27500    1650.296501  -2.417822    0.000000     0.600000    
27500    1650.297607  -2.418615    0.000000     0.600000    
27500    1650.298537  -2.418699    0.000000     0.600000    
27500    1650.299469  -2.418883    0.000000     0.600000    
27500    1650.300390  -2.419404    0.000000     0.600000    
27500    1650.301311  -2.420277    0.000000     0.600000    
27500    1650.302218  -2.420599    0.000000     0.600000    
27500    1650.303126  -2.420942    0.000000     0.600000    
27500    1650.304026  -2.421233    0.000000     0.600000    
27500    1650.304924  -2.421411    0.000000     0.600000    
27500    1650.305815  -2.421914    0.000000     0.600000    
27500    1650.306851  -2.422376    0.000000     0.600000    
27500    1650.307820  -2.422809    0.000000     0.600000    
27500    1650.308726  -2.423531    0.000000     0.600000    
27500    1650.309770  -2.424192    0.000000     0.600000    
27500    1650.310667  -2.424594    0.000000     0.600000    
27500    1650.311564  -2.424909    0.000000     0.600000    
27500    1650.312463  -2.425435    0.000000     0.600000    
27500    1650.313352  -2.425680    0.000000     0.600000    
27500    1650.314249  -2.426175    0.000000     0.600000    
27500    1650.315142  -2.426441    0.000000     0.600000    
27500    1650.316034  -2.426776    0.000000     0.600000    
27500    1650.316927  -2.427091    0.000000     0.600000    
27500    1650.317818  -2.427702    0.000000     0.600000    
27500    1650.318721  -2.428446    0.000000     0.600000    
27500    1650.319620  -2.428872    0.000000     0.600000    
27500    1650.320489  -2.429237    0.000000     0.600000    
27500    1650.321392  -2.429510    0.000000     0.600000    
27500    1650.322280  -2.429875    0.000000     0.600000    
27500    1650.323168  -2.430300    0.000000     0.600000    
27500    1650.324070  -2.430563    0.000000     0.600000    
27500    1650.324941  -2.430762    0.000000     0.600000    
27500    1650.325817  -2.431193    0.000000     0.600000    
27500    1650.326703  -2.431456    0.000000     0.600000    
27500    1650.327590  -2.431727    0.000000     0.600000    
27500    1650.328480  -2.432160    0.000000     0.600000    
27500    1650.329374  -2.432400    0.000000     0.600000    
27500    1650.330263  -2.432672    0.000000     0.600000    
27500    1650.331150  -2.433411    0.000000     0.600000    
27500    1650.332043  -2.433719    0.000000     0.600000    
27500    1650.332935  -2.433973    0.000000     0.600000    
27500    1650.333823  -2.434332    0.000000     0.600000    
27500    1650.334702  -2.434782    0.000000     0.600000    
27500    1650.335593  -2.435249    0.000000     0.600000    
27500    1650.336494  -2.435623    0.000000     0.600000    
27500    1650.337407  -2.436039    0.000000     0.600000    
27500    1650.338297  -2.436391    0.000000     0.600000    
27500    1650.339194  -2.436749    0.000000     0.600000    
27500    1650.340066  -2.436894    0.000000     0.600000    
27500    1650.341410  -2.437540    0.000000     0.600000    
27500    1650.342372  -2.438076    0.000000     0.600000    
27500    1650.343308  -2.438434    0.000000     0.600000    
27500    1650.344229  -2.438563    0.000000     0.600000    
27500    1650.345164  -2.439052    0.000000     0.600000    
27500    1650.346093  -2.439406    0.000000     0.600000    
27500    1650.347017  -2.439871    0.000000     0.600000    
27500    1650.347934  -2.440185    0.000000     0.600000    
27500    1650.348856  -2.440438    0.000000     0.600000    
27500    1650.349778  -2.441160    0.000000     0.600000    
27500    1650.350706  -2.441747    0.000000     0.600000    
27500    1650.351644  -2.442082    0.000000     0.600000    
27500    1650.352576  -2.442662    0.000000     0.600000    
27500    1650.353497  -2.442965    0.000000     0.600000    
27500    1650.354411  -2.443354    0.000000     0.600000    
27500    1650.355322  -2.443897    0.000000     0.600000    
27500    1650.356229  -2.444086    0.000000     0.600000    
27500    1650.357208  -2.444402    0.000000     0.600000    
27500    1650.358133  -2.444740    0.000000     0.600000    
27500    1650.359054  -2.445127    0.000000     0.600000    
27500    1650.359969  -2.445400    0.000000     0.600000    
27500    1650.360892  -2.445686    0.000000     0.600000    
27500    1650.361827  -2.445853    0.000000     0.600000    
27500    1650.362762  -2.446389    0.000000     0.600000    
27500    1650.363688  -2.446666    0.000000     0.600000    
27500    1650.364614  -2.447045    0.000000     0.600000    
27500    1650.365537  -2.447495    0.000000     0.600000    
27500    1650.366463  -2.448118    0.000000     0.600000    
27500    1650.367377  -2.448241    0.000000     0.600000    
27500    1650.368304  -2.448610    0.000000     0.600000    
27500    1650.369234  -2.448906    0.000000     0.600000    
27500    1650.370164  -2.449290    0.000000     0.600000    
27500    1650.371088  -2.449592    0.000000     0.600000    
27500    1650.371987  -2.449868    0.000000     0.600000    
27500    1650.372913  -2.450214    0.000000     0.600000    
27500    1650.374270  -2.450522    0.000000     0.600000    
27500    1650.375216  -2.451049    0.000000     0.600000    
27500    1650.376098  -2.451383    0.000000     0.600000    
27500    1650.376993  -2.451677    0.000000     0.600000    
27500    1650.377874  -2.451924    0.000000     0.600000    
27500    1650.378740  -2.452087    0.000000     0.600000    
27500    1650.379633  -2.452588    0.000000     0.600000    
27500    1650.380501  -2.452782    0.000000     0.600000    
27500    1650.381395  -2.453202    0.000000     0.600000    
27500    1650.382283  -2.453602    0.000000     0.600000    
27500    1650.383178  -2.454185    0.000000     0.600000    
27500    1650.384068  -2.454527    0.000000     0.600000    
27500    1650.384960  -2.455153    0.000000     0.600000    
27500    1650.386016  -2.455617    0.000000     0.600000    
27500    1650.386947  -2.455933    0.000000     0.600000    
27500    1650.387858  -2.456366    0.000000     0.600000    
27500    1650.388775  -2.456703    0.000000     0.600000    
27500    1650.389688  -2.457280    0.000000     0.600000    
27500    1650.390749  -2.457776    0.000000     0.600000    
27500    1650.391735  -2.458056    0.000000     0.600000    
27500    1650.392664  -2.458490    0.000000     0.600000    
27500    1650.393599  -2.458934    0.000000     0.600000    
27500    1650.394522  -2.459259    0.000000     0.600000    
27500    1650.395445  -2.459655    0.000000     0.600000    
27500    1650.396360  -2.460158    0.000000     0.600000    
27500    1650.397279  -2.460439    0.000000     0.600000    
27500    1650.398200  -2.460864    0.000000     0.600000    
27500    1650.399112  -2.461137    0.000000     0.600000    
27500    1650.400037  -2.461595    0.000000     0.600000    
27500    1650.400973  -2.462288    0.000000     0.600000    
27500    1650.401878  -2.462437    0.000000     0.600000    
27500    1650.402805  -2.462802    0.000000     0.600000    
27500    1650.403721  -2.463336    0.000000     0.600000    
27500    1650.404646  -2.463645    0.000000     0.600000    
27500    1650.405561  -2.464121    0.000000     0.600000    
27500    1650.406482  -2.464451    0.000000     0.600000    
27500    1650.408111  -2.464832    0.000000     0.600000    
27500    1650.409028  -2.465133    0.000000     0.600000    
27500    1650.409913  -2.465422    0.000000     0.600000    
27500    1650.410798  -2.466001    0.000000     0.600000    
27500    1650.411677  -2.466187    0.000000     0.600000    
27500    1650.412557  -2.466400    0.000000     0.600000    
27500    1650.413469  -2.466554    0.000000     0.600000    
27500    1650.414366  -2.467119    0.000000     0.600000    
27500    1650.415263  -2.467432    0.000000     0.600000    
27500    1650.416149  -2.467914    0.000000     0.600000    
27500    1650.417054  -2.468076    0.000000     0.600000    
27500    1650.417936  -2.468310    0.000000     0.600000    
27500    1650.418946  -2.468624    0.000000     0.600000    
27500    1650.419864  -2.468833    0.000000     0.600000    
27500    1650.420761  -2.469368    0.000000     0.600000    
27500    1650.421664  -2.469650    0.000000     0.600000    
27500    1650.422584  -2.470051    0.000000     0.600000    
27500    1650.423484  -2.470483    0.000000     0.600000    
27500    1650.424374  -2.470825    0.000000     0.600000    
27500    1650.425275  -2.471104    0.000000     0.600000    
27500    1650.426201  -2.471541    0.000000     0.600000    
27500    1650.427093  -2.471846    0.000000     0.600000    
27500    1650.427994  -2.472243    0.000000     0.600000    
27500    1650.428888  -2.472454    0.000000     0.600000    
27500    1650.429794  -2.472996    0.000000     0.600000    
27500    1650.430711  -2.473584    0.000000     0.600000    
27500    1650.431628  -2.473877    0.000000     0.600000    
27500    1650.432532  -2.474161    0.000000     0.600000    
27500    1650.433435  -2.474468    0.000000     0.600000    
27500    1650.434320  -2.474777    0.000000     0.600000    
27500    1650.435222  -2.475195    0.000000     0.600000    
27500    1650.436245  -2.475580    0.000000     0.600000    
27500    1650.437191  -2.475940    0.000000     0.600000    
27500    1650.438111  -2.476343    0.000000     0.600000    
27500    1650.439035  -2.476474    0.000000     0.600000    
27500    1650.439970  -2.476836    0.000000     0.600000    
27500    1650.440904  -2.477025    0.000000     0.600000    
27500    1650.441833  -2.477504    0.000000     0.600000    
27500    1650.442758  -2.477779    0.000000     0.600000    
27500    1650.443665  -2.478067    0.000000     0.600000    
27500    1650.444585  -2.478380    0.000000     0.600000    
27500    1650.445516  -2.478581    0.000000     0.600000    
27500    1650.446425  -2.478705    0.000000     0.600000    
27500    1650.447353  -2.479026    0.000000     0.600000    
27500    1650.448324  -2.479884    0.000000     0.600000    
27500    1650.449240  -2.480252    0.000000     0.600000    
27500    1650.450157  -2.480608    0.000000     0.600000    
27500    1650.451087  -2.481144    0.000000     0.600000    
27500    1650.452026  -2.481566    0.000000     0.600000    
27500    1650.452957  -2.481946    0.000000     0.600000    
27500    1650.453889  -2.482605    0.000000     0.600000    
27500    1650.454785  -2.482717    0.000000     0.600000    
27500    1650.455704  -2.483020    0.000000     0.600000    
27500    1650.456634  -2.483639    0.000000     0.600000    
27500    1650.457543  -2.484166    0.000000     0.600000    
27500    1650.458472  -2.484490    0.000000     0.600000    
27500    1650.459393  -2.485311    0.000000     0.600000    
27500    1650.460297  -2.485504    0.000000     0.600000    
27500    1650.461214  -2.485916    0.000000     0.600000    
27500    1650.462136  -2.486221    0.000000     0.600000    
27500    1650.463061  -2.486663    0.000000     0.600000    
27500    1650.463976  -2.486855    0.000000     0.600000    
27500    1650.464902  -2.487181    0.000000     0.600000    
27500    1650.465813  -2.487481    0.000000     0.600000    
27500    1650.466739  -2.487783    0.000000     0.600000    
27500    1650.467649  -2.487962    0.000000     0.600000    
27500    1650.468564  -2.488253    0.000000     0.600000    
27500    1650.469488  -2.488912    0.000000     0.600000    
27500    1650.470402  -2.489342    0.000000     0.600000    
27500    1650.471309  -2.489694    0.000000     0.600000    
27500    1650.472237  -2.490303    0.000000     0.600000    
27500    1650.473262  -2.490638    0.000000     0.600000    
27500    1650.474176  -2.490892    0.000000     0.600000    
27500    1650.475098  -2.491319    0.000000     0.600000    
27500    1650.476011  -2.491642    0.000000     0.600000    
27500    1650.476919  -2.491854    0.000000     0.600000    
27500    1650.477812  -2.491985    0.000000     0.600000    
27500    1650.478714  -2.492454    0.000000     0.600000    
27500    1650.479594  -2.492706    0.000000     0.600000    
27500    1650.480485  -2.493036    0.000000     0.600000    
27500    1650.481382  -2.493392    0.000000     0.600000    
27500    1650.482300  -2.493727    0.000000     0.600000    
27500    1650.483233  -2.494012    0.000000     0.600000    
27500    1650.484150  -2.494280    0.000000     0.600000    
27500    1650.485065  -2.494597    0.000000     0.600000    
27500    1650.485979  -2.494911    0.000000     0.600000    
27500    1650.486907  -2.495378    0.000000     0.600000    
27500    1650.487829  -2.495748    0.000000     0.600000    
27500    1650.488744  -2.496130    0.000000     0.600000    
27500    1650.489672  -2.496419    0.000000     0.600000    
27500    1650.490581  -2.496594    0.000000     0.600000    
27500    1650.491502  -2.497018    0.000000     0.600000    
27500    1650.492415  -2.497558    0.000000     0.600000    
27500    1650.493330  -2.497762    0.000000     0.600000    
27500    1650.494244  -2.498209    0.000000     0.600000    
27500    1650.495143  -2.498483    0.000000     0.600000    
27500    1650.496046  -2.498700    0.000000     0.600000    
27500    1650.496981  -2.499040    0.000000     0.600000    
27500    1650.497889  -2.499482    0.000000     0.600000    
27500    1650.498813  -2.499673    0.000000     0.600000    
27500    1650.499724  -2.499963    0.000000     0.600000    
27500    1650.500636  -2.500286    0.000000     0.600000    
27500    1650.501542  -2.500656    0.000000     0.600000    
27500    1650.502531  -2.501134    0.000000     0.600000    
27500    1650.503440  -2.501475    0.000000     0.600000    
27500    1650.504339  -2.501776    0.000000     0.600000    
27500    1650.505235  -2.502061    0.000000     0.600000    
27500    1650.506146  -2.502433    0.000000     0.600000    
27500    1650.507073  -2.502755    0.000000     0.600000    
27500    1650.507988  -2.503003    0.000000     0.600000    
27500    1650.508904  -2.503181    0.000000     0.600000    
27500    1650.509823  -2.503682    0.000000     0.600000    
27500    1650.510718  -2.503909    0.000000     0.600000    
27500    1650.511627  -2.504405    0.000000     0.600000    
27500    1650.512560  -2.504755    0.000000     0.600000    
27500    1650.513451  -2.504892    0.000000     0.600000    
27500    1650.514370  -2.505153    0.000000     0.600000    
27500    1650.515278  -2.505530    0.000000     0.600000    
27500    1650.516187  -2.506007    0.000000     0.600000    
27500    1650.517082  -2.506304    0.000000     0.600000    
27500    1650.517993  -2.506646    0.000000     0.600000    
27500    1650.518899  -2.507254    0.000000     0.600000    
27500    1650.519792  -2.507421    0.000000     0.600000    
27500    1650.520711  -2.507765    0.000000     0.600000    
27500    1650.521626  -2.508251    0.000000     0.600000    
27500    1650.522537  -2.508896    0.000000     0.600000    
27500    1650.523595  -2.509219    0.000000     0.600000    
27500    1650.524506  -2.509389    0.000000     0.600000    
27500    1650.525394  -2.509656    0.000000     0.600000    
27500    1650.526281  -2.510021    0.000000     0.600000    
27500    1650.527158  -2.510215    0.000000     0.600000    
27500    1650.528049  -2.510542    0.000000     0.600000    
27500    1650.528929  -2.510846    0.000000     0.600000    
27500    1650.529808  -2.511346    0.000000     0.600000    
27500    1650.530701  -2.511506    0.000000     0.600000    
27500    1650.531579  -2.511721    0.000000     0.600000    
27500    1650.532469  -2.511997    0.000000     0.600000    
27500    1650.533361  -2.512478    0.000000     0.600000    
27500    1650.534242  -2.513030    0.000000     0.600000    
27500    1650.535133  -2.513385    0.000000     0.600000    
27500    1650.536019  -2.513767    0.000000     0.600000    
27500    1650.536905  -2.513948    0.000000     0.600000    
27500    1650.537771  -2.514101    0.000000     0.600000    
27500    1650.538647  -2.514625    0.000000     0.600000    
27500    1650.539519  -2.515070    0.000000     0.600000    
27500    1650.540731  -2.515412    0.000000     0.600000    
27500    1650.541649  -2.515664    0.000000     0.600000    
27500    1650.542609  -2.515954    0.000000     0.600000    
27500    1650.543528  -2.516317    0.000000     0.600000    
27500    1650.544441  -2.516792    0.000000     0.600000    
27500    1650.545347  -2.517107    0.000000     0.600000    
27500    1650.546267  -2.517439    0.000000     0.600000    
27500    1650.547180  -2.517845    0.000000     0.600000    
27500    1650.548072  -2.518025    0.000000     0.600000    
27500    1650.548983  -2.518366    0.000000     0.600000    
27500    1650.549915  -2.518735    0.000000     0.600000    
27500    1650.550824  -2.519136    0.000000     0.600000    
27500    1650.551755  -2.519556    0.000000     0.600000    
27500    1650.552681  -2.519856    0.000000     0.600000    
27500    1650.553588  -2.520254    0.000000     0.600000    
27500    1650.554493  -2.520978    0.000000     0.600000    
27500    1650.555490  -2.521113    0.000000     0.600000    
27500    1650.556387  -2.521427    0.000000     0.600000    
27500    1650.557316  -2.521708    0.000000     0.600000    
27500    1650.558220  -2.521946    0.000000     0.600000    
27500    1650.559127  -2.522233    0.000000     0.600000    
27500    1650.560033  -2.522465    0.000000     0.600000    
27500    1650.560934  -2.522753    0.000000     0.600000    
27500    1650.561837  -2.522955    0.000000     0.600000    
27500    1650.562751  -2.523577    0.000000     0.600000    
27500    1650.563656  -2.524137    0.000000     0.600000    
27500    1650.564611  -2.524598    0.000000     0.600000    
27500    1650.565534  -2.524810    0.000000     0.600000    
27500    1650.566442  -2.525253    0.000000     0.600000    
27500    1650.567347  -2.525596    0.000000     0.600000    
27500    1650.568260  -2.525874    0.000000     0.600000    
27500    1650.569172  -2.526238    0.000000     0.600000    
27500    1650.570075  -2.526587    0.000000     0.600000    
27500    1650.570985  -2.526905    0.000000     0.600000    
27500    1650.571890  -2.527399    0.000000     0.600000    
27500    1650.572816  -2.527578    0.000000     0.600000    
27500    1650.573811  -2.527792    0.000000     0.600000    
27500    1650.574716  -2.528212    0.000000     0.600000    
27500    1650.575630  -2.528625    0.000000     0.600000    
27500    1650.576541  -2.528937    0.000000     0.600000    
27500    1650.577442  -2.529213    0.000000     0.600000    
27500    1650.578346  -2.529704    0.000000     0.600000    
27500    1650.579256  -2.530088    0.000000     0.600000    
27500    1650.580152  -2.530534    0.000000     0.600000    
27500    1650.581049  -2.530741    0.000000     0.600000    
27500    1650.581947  -2.531283    0.000000     0.600000    
27500    1650.582833  -2.531371    0.000000     0.600000    
27500    1650.583754  -2.531847    0.000000     0.600000    
27500    1650.584649  -2.532157    0.000000     0.600000    
27500    1650.585547  -2.532391    0.000000     0.600000    
27500    1650.586457  -2.532568    0.000000     0.600000    
27500    1650.587358  -2.532922    0.000000     0.600000    
27500    1650.588263  -2.533551    0.000000     0.600000    
27500    1650.589167  -2.533746    0.000000     0.600000    
27500    1650.590056  -2.534078    0.000000     0.600000    
27500    1650.590970  -2.534348    0.000000     0.600000    
27500    1650.591878  -2.535076    0.000000     0.600000    
27500    1650.592789  -2.535325    0.000000     0.600000    
27500    1650.593692  -2.535803    0.000000     0.600000    
27500    1650.594600  -2.536254    0.000000     0.600000    
27500    1650.595508  -2.536675    0.000000     0.600000    
27500    1650.596405  -2.536987    0.000000     0.600000    
27500    1650.597299  -2.537069    0.000000     0.600000    
27500    1650.598199  -2.537220    0.000000     0.600000    
27500    1650.599095  -2.537418    0.000000     0.600000    
27500    1650.599998  -2.537701    0.000000     0.600000    
27500    1650.600902  -2.537881    0.000000     0.600000    
27500    1650.602519  -2.538305    0.000000     0.600000    
27500    1650.603448  -2.538741    0.000000     0.600000    
27500    1650.604334  -2.539001    0.000000     0.600000    
27500    1650.605204  -2.539223    0.000000     0.600000    
27500    1650.606129  -2.539612    0.000000     0.600000    
27500    1650.607007  -2.539811    0.000000     0.600000    
27500    1650.607887  -2.540068    0.000000     0.600000    
27500    1650.608776  -2.540273    0.000000     0.600000    
27500    1650.609667  -2.540698    0.000000     0.600000    
27500    1650.610542  -2.540894    0.000000     0.600000    
27500    1650.611424  -2.541065    0.000000     0.600000    
27500    1650.612318  -2.541648    0.000000     0.600000    
27500    1650.613200  -2.541881    0.000000     0.600000    
27500    1650.614107  -2.542381    0.000000     0.600000    
27500    1650.615004  -2.542852    0.000000     0.600000    
27500    1650.615884  -2.542999    0.000000     0.600000    
27500    1650.616779  -2.543579    0.000000     0.600000    
27500    1650.617670  -2.544005    0.000000     0.600000    
27500    1650.618566  -2.544286    0.000000     0.600000    
27500    1650.619452  -2.544577    0.000000     0.600000    
27500    1650.620336  -2.544894    0.000000     0.600000    
27500    1650.621223  -2.545213    0.000000     0.600000    
27500    1650.622114  -2.545457    0.000000     0.600000    
27500    1650.622989  -2.545630    0.000000     0.600000    
27500    1650.624029  -2.545933    0.000000     0.600000    
27500    1650.624918  -2.546138    0.000000     0.600000    
27500    1650.625801  -2.546374    0.000000     0.600000    
27500    1650.626706  -2.546587    0.000000     0.600000    
27500    1650.627577  -2.546721    0.000000     0.600000    
27500    1650.628450  -2.547029    0.000000     0.600000    
27500    1650.629323  -2.547341    0.000000     0.600000    
27500    1650.630171  -2.547493    0.000000     0.600000    
27500    1650.631034  -2.547816    0.000000     0.600000    
27500    1650.631817  -2.548212    0.000000     0.600000    
27500    1650.632617  -2.548750    0.000000     0.600000    
27500    1650.633406  -2.549187    0.000000     0.600000    
27500    1650.634179  -2.549661    0.000000     0.600000    
27500    1650.634951  -2.550006    0.000000     0.600000    
27500    1650.635738  -2.550421    0.000000     0.600000    
27500    1650.636509  -2.550678    0.000000     0.600000    
27500    1650.637282  -2.551116    0.000000     0.600000    
27500    1650.638055  -2.551454    0.000000     0.600000    
27500    1650.638817  -2.551756    0.000000     0.600000    
27500    1650.639585  -2.551937    0.000000     0.600000    
27500    1650.640358  -2.552371    0.000000     0.600000    
27500    1650.641113  -2.552501    0.000000     0.600000    
27500    1650.641890  -2.552786    0.000000     0.600000    
27500    1650.642688  -2.553035    0.000000     0.600000    
27500    1650.643456  -2.553219    0.000000     0.600000    
27500    1650.644227  -2.553615    0.000000     0.600000    
27500    1650.644994  -2.553942    0.000000     0.600000    
27500    1650.645774  -2.554263    0.000000     0.600000    
27500    1650.646563  -2.554423    0.000000     0.600000    
27500    1650.647333  -2.554800    0.000000     0.600000    
27500    1650.648100  -2.555071    0.000000     0.600000    
27500    1650.648872  -2.555259    0.000000     0.600000    
27500    1650.649639  -2.555605    0.000000     0.600000    
27500    1650.650405  -2.556082    0.000000     0.600000    
27500    1650.651166  -2.556385    0.000000     0.600000    
27500    1650.652061  -2.556725    0.000000     0.600000    
27500    1650.652865  -2.557221    0.000000     0.600000    
27500    1650.653643  -2.557565    0.000000     0.600000    
27500    1650.654418  -2.557729    0.000000     0.600000    
27500    1650.655212  -2.557912    0.000000     0.600000    
27500    1650.655990  -2.558193    0.000000     0.600000    
27500    1650.656765  -2.558801    0.000000     0.600000    
27500    1650.657537  -2.559124    0.000000     0.600000    
27500    1650.658321  -2.559588    0.000000     0.600000    
27500    1650.659093  -2.559769    0.000000     0.600000    
27500    1650.660007  -2.560027    0.000000     0.600000    
27500    1650.660814  -2.560165    0.000000     0.600000    
27500    1650.661585  -2.560237    0.000000     0.600000    
27500    1650.662404  -2.560480    0.000000     0.600000    
27500    1650.663194  -2.560696    0.000000     0.600000    
27500    1650.663978  -2.561173    0.000000     0.600000    
27500    1650.664752  -2.561274    0.000000     0.600000    
27500    1650.665529  -2.561491    0.000000     0.600000    
27500    1650.666310  -2.561758    0.000000     0.600000    
27500    1650.667085  -2.562166    0.000000     0.600000    
27500    1650.667858  -2.562509    0.000000     0.600000    
27500    1650.668635  -2.562877    0.000000     0.600000    
27500    1650.669400  -2.563087    0.000000     0.600000    
27500    1650.670167  -2.563465    0.000000     0.600000    
27500    1650.670968  -2.563801    0.000000     0.600000    
27500    1650.671768  -2.564090    0.000000     0.600000    
27500    1650.672598  -2.564405    0.000000     0.600000    
27500    1650.673378  -2.564620    0.000000     0.600000    
27500    1650.674155  -2.564867    0.000000     0.600000    
27500    1650.674934  -2.565314    0.000000     0.600000    
27500    1650.675712  -2.565578    0.000000     0.600000    
27500    1650.676481  -2.565867    0.000000     0.600000    
27500    1650.677253  -2.566078    0.000000     0.600000    
27500    1650.678030  -2.566473    0.000000     0.600000    
27500    1650.678813  -2.566542    0.000000     0.600000    
27500    1650.679598  -2.566839    0.000000     0.600000    
27500    1650.680368  -2.567084    0.000000     0.600000    
27500    1650.681142  -2.567283    0.000000     0.600000    
27500    1650.681912  -2.567345    0.000000     0.600000    
27500    1650.682692  -2.567599    0.000000     0.600000    
27500    1650.683467  -2.567873    0.000000     0.600000    
27500    1650.684243  -2.568084    0.000000     0.600000    
27500    1650.685003  -2.568314    0.000000     0.600000    
27500    1650.685842  -2.568678    0.000000     0.600000    
27500    1650.686604  -2.569113    0.000000     0.600000    
27500    1650.687370  -2.569411    0.000000     0.600000    
27500    1650.688139  -2.569538    0.000000     0.600000    
27500    1650.688911  -2.569836    0.000000     0.600000    
27500    1650.689688  -2.570208    0.000000     0.600000    
27500    1650.690465  -2.570495    0.000000     0.600000    
27500    1650.691232  -2.570893    0.000000     0.600000    
27500    1650.692005  -2.571086    0.000000     0.600000    
27500    1650.692784  -2.571351    0.000000     0.600000    
27500    1650.693559  -2.571739    0.000000     0.600000    
27500    1650.694331  -2.571915    0.000000     0.600000    
27500    1650.695109  -2.572257    0.000000     0.600000    
27500    1650.695871  -2.572562    0.000000     0.600000    
27500    1650.696653  -2.573125    0.000000     0.600000    
27500    1650.697424  -2.573498    0.000000     0.600000    
27500    1650.698192  -2.573813    0.000000     0.600000    
27500    1650.698962  -2.573977    0.000000     0.600000    
27500    1650.699745  -2.574588    0.000000     0.600000    
27500    1650.700518  -2.575047    0.000000     0.600000    
27500    1650.701291  -2.575305    0.000000     0.600000    
27500    1650.702076  -2.575597    0.000000     0.600000    
27500    1650.702850  -2.575867    0.000000     0.600000    
27500    1650.703621  -2.576160    0.000000     0.600000    
27500    1650.704376  -2.576265    0.000000     0.600000    
27500    1650.705151  -2.576532    0.000000     0.600000    
27500    1650.705916  -2.576726    0.000000     0.600000    
27500    1650.706703  -2.577035    0.000000     0.600000    
27500    1650.707484  -2.577322    0.000000     0.600000    
27500    1650.708244  -2.577393    0.000000     0.600000    
27500    1650.709023  -2.577758    0.000000     0.600000    
27500    1650.709778  -2.577802    0.000000     0.600000    
27500    1650.710553  -2.578198    0.000000     0.600000    
27500    1650.711330  -2.578743    0.000000     0.600000    
27500    1650.712098  -2.579272    0.000000     0.600000    
27500    1650.712875  -2.579409    0.000000     0.600000    
27500    1650.713643  -2.579651    0.000000     0.600000    
27500    1650.714417  -2.579828    0.000000     0.600000    
27500    1650.715192  -2.580330    0.000000     0.600000    
27500    1650.715960  -2.580605    0.000000     0.600000    
27500    1650.716729  -2.580783    0.000000     0.600000    
27500    1650.717493  -2.580954    0.000000     0.600000    
27500    1650.718270  -2.581258    0.000000     0.600000    
27500    1650.719035  -2.581407    0.000000     0.600000    
27500    1650.719815  -2.581684    0.000000     0.600000    
27500    1650.720636  -2.582061    0.000000     0.600000    
27500    1650.721423  -2.582517    0.000000     0.600000    
27500    1650.722982  -2.582865    0.000000     0.600000    
27500    1650.723790  -2.583045    0.000000     0.600000    
27500    1650.724565  -2.583468    0.000000     0.600000    
27500    1650.725333  -2.583742    0.000000     0.600000    
27500    1650.726121  -2.583922    0.000000     0.600000    
27500    1650.726902  -2.584257    0.000000     0.600000    
27500    1650.727681  -2.584493    0.000000     0.600000    
27500    1650.728445  -2.584723    0.000000     0.600000    
27500    1650.729210  -2.584978    0.000000     0.600000    
27500    1650.729993  -2.585259    0.000000     0.600000    
27500    1650.730766  -2.585449    0.000000     0.600000    
27500    1650.731546  -2.585707    0.000000     0.600000    
27500    1650.732329  -2.586064    0.000000     0.600000    
27500    1650.733100  -2.586369    0.000000     0.600000    
27500    1650.733878  -2.586718    0.000000     0.600000    
27500    1650.734660  -2.587155    0.000000     0.600000    
27500    1650.735605  -2.587437    0.000000     0.600000    
27500    1650.736426  -2.587731    0.000000     0.600000    
27500    1650.737237  -2.588048    0.000000     0.600000    
27500    1650.738068  -2.588186    0.000000     0.600000    
27500    1650.738925  -2.588387    0.000000     0.600000    
27500    1650.739792  -2.588651    0.000000     0.600000    
27500    1650.740708  -2.588796    0.000000     0.600000    
27500    1650.741507  -2.589019    0.000000     0.600000    
27500    1650.742295  -2.589204    0.000000     0.600000    
27500    1650.743083  -2.589262    0.000000     0.600000    
27500    1650.743867  -2.589514    0.000000     0.600000    
27500    1650.744667  -2.589849    0.000000     0.600000    
27500    1650.745453  -2.590047    0.000000     0.600000    
27500    1650.746235  -2.590412    0.000000     0.600000    
27500    1650.747015  -2.590647    0.000000     0.600000    
27500    1650.747795  -2.590799    0.000000     0.600000    
27500    1650.748581  -2.591352    0.000000     0.600000    
27500    1650.749357  -2.591598    0.000000     0.600000    
27500    1650.750134  -2.591796    0.000000     0.600000    
27500    1650.750914  -2.592098    0.000000     0.600000    
27500    1650.751709  -2.592354    0.000000     0.600000    
27500    1650.752580  -2.592662    0.000000     0.600000    
27500    1650.753383  -2.592883    0.000000     0.600000    
27500    1650.754176  -2.593277    0.000000     0.600000    
27500    1650.755013  -2.593664    0.000000     0.600000    
27500    1650.755953  -2.593937    0.000000     0.600000    
27500    1650.756753  -2.594246    0.000000     0.600000    
27500    1650.757539  -2.594429    0.000000     0.600000    
27500    1650.758320  -2.594499    0.000000     0.600000    
27500    1650.759113  -2.595199    0.000000     0.600000    
27500    1650.759902  -2.595630    0.000000     0.600000    
27500    1650.760695  -2.595827    0.000000     0.600000    
27500    1650.761457  -2.595900    0.000000     0.600000    
27500    1650.762252  -2.596202    0.000000     0.600000    
27500    1650.763027  -2.596357    0.000000     0.600000    
27500    1650.763811  -2.597027    0.000000     0.600000    
27500    1650.764646  -2.597398    0.000000     0.600000    
27500    1650.765481  -2.597723    0.000000     0.600000    
27500    1650.766318  -2.598013    0.000000     0.600000    
27500    1650.767134  -2.598390    0.000000     0.600000    
27500    1650.767953  -2.598689    0.000000     0.600000    
27500    1650.768750  -2.598858    0.000000     0.600000    
27500    1650.769597  -2.599230    0.000000     0.600000    
27500    1650.770383  -2.599416    0.000000     0.600000    
27500    1650.771174  -2.599668    0.000000     0.600000    
27500    1650.771953  -2.599887    0.000000     0.600000    
27500    1650.772756  -2.600306    0.000000     0.600000    
27500    1650.773566  -2.600448    0.000000     0.600000    
27500    1650.774356  -2.600599    0.000000     0.600000    
27500    1650.775160  -2.600919    0.000000     0.600000    
27500    1650.775958  -2.601139    0.000000     0.600000    
27500    1650.776761  -2.601311    0.000000     0.600000    
27500    1650.777550  -2.601424    0.000000     0.600000    
27500    1650.778335  -2.601622    0.000000     0.600000    
27500    1650.779121  -2.601882    0.000000     0.600000    
27500    1650.779920  -2.602183    0.000000     0.600000    
27500    1650.780706  -2.602325    0.000000     0.600000    
27500    1650.781497  -2.602455    0.000000     0.600000    
27500    1650.782294  -2.602562    0.000000     0.600000    
27500    1650.783084  -2.602925    0.000000     0.600000    
27500    1650.783867  -2.602959    0.000000     0.600000    
27500    1650.784657  -2.603143    0.000000     0.600000    
27500    1650.785509  -2.603595    0.000000     0.600000    
27500    1650.786314  -2.603960    0.000000     0.600000    
27500    1650.787091  -2.604233    0.000000     0.600000    
27500    1650.787873  -2.604596    0.000000     0.600000    
27500    1650.788670  -2.604834    0.000000     0.600000    
27500    1650.789444  -2.604972    0.000000     0.600000    
27500    1650.790238  -2.605302    0.000000     0.600000    
27500    1650.791033  -2.605729    0.000000     0.600000    
27500    1650.791834  -2.605935    0.000000     0.600000    
27500    1650.792627  -2.606085    0.000000     0.600000    
27500    1650.793420  -2.606349    0.000000     0.600000    
27500    1650.794218  -2.606967    0.000000     0.600000    
27500    1650.794994  -2.607002    0.000000     0.600000    
27500    1650.795789  -2.607225    0.000000     0.600000    
27500    1650.796581  -2.607488    0.000000     0.600000    
27500    1650.797362  -2.607729    0.000000     0.600000    
27500    1650.798153  -2.608177    0.000000     0.600000    
27500    1650.798934  -2.608319    0.000000     0.600000    
27500    1650.799721  -2.608627    0.000000     0.600000    
27500    1650.800519  -2.609053    0.000000     0.600000    
27500    1650.801309  -2.609474    0.000000     0.600000    
27500    1650.802249  -2.609864    0.000000     0.600000    
27500    1650.803029  -2.610248    0.000000     0.600000    
27500    1650.803805  -2.610413    0.000000     0.600000    
27500    1650.804570  -2.610528    0.000000     0.600000    
27500    1650.805435  -2.610852    0.000000     0.600000    
27500    1650.806245  -2.611161    0.000000     0.600000    
27500    1650.807038  -2.611474    0.000000     0.600000    
27500    1650.807841  -2.611876    0.000000     0.600000    
27500    1650.808642  -2.612308    0.000000     0.600000    
27500    1650.809432  -2.612484    0.000000     0.600000    
27500    1650.810204  -2.612655    0.000000     0.600000    
27500    1650.810992  -2.613164    0.000000     0.600000    
27500    1650.811776  -2.613634    0.000000     0.600000    
27500    1650.812568  -2.613877    0.000000     0.600000    
27500    1650.813358  -2.614143    0.000000     0.600000    
27500    1650.814147  -2.614349    0.000000     0.600000    
27500    1650.814941  -2.614754    0.000000     0.600000    
27500    1650.815737  -2.614962    0.000000     0.600000    
27500    1650.816526  -2.615211    0.000000     0.600000    
27500    1650.817310  -2.615469    0.000000     0.600000    
27500    1650.818109  -2.615884    0.000000     0.600000    
27500    1650.818895  -2.616098    0.000000     0.600000    
27500    1650.819756  -2.616287    0.000000     0.600000    
27500    1650.820528  -2.616518    0.000000     0.600000    
27500    1650.821311  -2.616851    0.000000     0.600000    
27500    1650.822090  -2.617140    0.000000     0.600000    
27500    1650.822860  -2.617376    0.000000     0.600000    
27500    1650.823639  -2.617752    0.000000     0.600000    
27500    1650.824395  -2.617797    0.000000     0.600000    
27500    1650.825158  -2.618054    0.000000     0.600000    
27500    1650.825920  -2.618571    0.000000     0.600000    
27500    1650.826681  -2.618766    0.000000     0.600000    
27500    1650.827463  -2.619082    0.000000     0.600000    
27500    1650.828228  -2.619478    0.000000     0.600000    
27500    1650.828994  -2.619636    0.000000     0.600000    
27500    1650.829765  -2.620052    0.000000     0.600000    
27500    1650.830537  -2.620336    0.000000     0.600000    
27500    1650.831300  -2.620548    0.000000     0.600000    
27500    1650.832070  -2.621077    0.000000     0.600000    
27500    1650.832847  -2.621662    0.000000     0.600000    
27500    1650.833598  -2.621738    0.000000     0.600000    
27500    1650.834367  -2.622040    0.000000     0.600000    
27500    1650.835130  -2.622259    0.000000     0.600000    
27500    1650.835895  -2.622448    0.000000     0.600000    
27500    1650.836662  -2.622726    0.000000     0.600000    
27500    1650.837426  -2.623162    0.000000     0.600000    
27500    1650.838192  -2.623302    0.000000     0.600000    
27500    1650.838948  -2.623527    0.000000     0.600000    
27500    1650.839940  -2.624012    0.000000     0.600000    
27500    1650.840721  -2.624321    0.000000     0.600000    
27500    1650.841482  -2.624632    0.000000     0.600000    
27500    1650.842260  -2.624954    0.000000     0.600000    
27500    1650.843019  -2.625095    0.000000     0.600000    
27500    1650.843764  -2.625194    0.000000     0.600000    
27500    1650.844530  -2.625556    0.000000     0.600000    
27500    1650.845289  -2.625647    0.000000     0.600000    
27500    1650.846067  -2.626012    0.000000     0.600000    
27500    1650.846876  -2.626301    0.000000     0.600000    
27500    1650.847687  -2.626652    0.000000     0.600000    
27500    1650.848425  -2.626716    0.000000     0.600000    
27500    1650.849195  -2.626928    0.000000     0.600000    
27500    1650.849944  -2.627224    0.000000     0.600000    
27500    1650.850622  -2.627586    0.000000     0.600000    
27500    1650.851286  -2.627658    0.000000     0.600000    
27500    1650.852094  -2.628169    0.000000     0.600000    
27500    1650.852807  -2.628420    0.000000     0.600000    
27500    1650.853502  -2.628706    0.000000     0.600000    
27500    1650.854190  -2.629021    0.000000     0.600000    
27500    1650.854883  -2.629233    0.000000     0.600000    
27500    1650.855566  -2.629421    0.000000     0.600000    
27500    1650.856273  -2.629660    0.000000     0.600000    
27500    1650.856966  -2.629759    0.000000     0.600000    
27500    1650.857653  -2.630228    0.000000     0.600000    
27500    1650.858343  -2.630425    0.000000     0.600000    
27500    1650.859115  -2.630756    0.000000     0.600000    
27500    1650.859843  -2.631260    0.000000     0.600000    
27500    1650.860558  -2.631392    0.000000     0.600000    
27500    1650.861265  -2.631722    0.000000     0.600000    
27500    1650.861972  -2.631883    0.000000     0.600000    
27500    1650.862685  -2.632198    0.000000     0.600000    
27500    1650.863401  -2.632536    0.000000     0.600000    
27500    1650.864095  -2.632789    0.000000     0.600000    
27500    1650.864794  -2.632947    0.000000     0.600000    
27500    1650.865488  -2.633136    0.000000     0.600000    
27500    1650.866192  -2.633458    0.000000     0.600000    
27500    1650.866895  -2.633598    0.000000     0.600000    
27500    1650.867594  -2.633843    0.000000     0.600000    
27500    1650.868297  -2.634048    0.000000     0.600000    
27500    1650.869005  -2.634178    0.000000     0.600000    
27500    1650.869709  -2.634303    0.000000     0.600000    
27500    1650.870415  -2.634620    0.000000     0.600000    
27500    1650.871113  -2.634854    0.000000     0.600000    
27500    1650.871830  -2.635371    0.000000     0.600000    
27500    1650.872525  -2.635590    0.000000     0.600000    
27500    1650.873228  -2.635630    0.000000     0.600000    
27500    1650.873943  -2.635911    0.000000     0.600000    
27500    1650.874631  -2.636101    0.000000     0.600000    
27500    1650.875339  -2.636621    0.000000     0.600000    
27500    1650.876041  -2.636741    0.000000     0.600000    
27500    1650.876746  -2.637104    0.000000     0.600000    
27500    1650.877456  -2.637288    0.000000     0.600000    
27500    1650.878155  -2.637647    0.000000     0.600000    
27500    1650.878844  -2.637787    0.000000     0.600000    
27500    1650.879553  -2.638038    0.000000     0.600000    
27500    1650.880249  -2.638076    0.000000     0.600000    
27500    1650.880976  -2.638250    0.000000     0.600000    
27500    1650.881681  -2.638380    0.000000     0.600000    
27500    1650.882391  -2.638598    0.000000     0.600000    
27500    1650.883095  -2.638958    0.000000     0.600000    
27500    1650.883793  -2.639124    0.000000     0.600000    
27500    1650.884492  -2.639322    0.000000     0.600000    
27500    1650.885253  -2.639503    0.000000     0.600000    
27500    1650.885979  -2.639795    0.000000     0.600000    
27500    1650.886676  -2.640117    0.000000     0.600000    
27500    1650.887364  -2.640311    0.000000     0.600000    
27500    1650.888056  -2.640546    0.000000     0.600000    
27500    1650.888755  -2.640753    0.000000     0.600000    
27500    1650.889440  -2.640894    0.000000     0.600000    
27500    1650.890134  -2.641226    0.000000     0.600000    
27500    1650.890821  -2.641605    0.000000     0.600000    
27500    1650.891500  -2.641786    0.000000     0.600000    
27500    1650.892190  -2.642064    0.000000     0.600000    
27500    1650.892870  -2.642348    0.000000     0.600000    
27500    1650.893563  -2.642592    0.000000     0.600000    
27500    1650.894247  -2.642823    0.000000     0.600000    
27500    1650.894940  -2.643159    0.000000     0.600000    
27500    1650.895627  -2.643388    0.000000     0.600000    
27500    1650.896315  -2.643637    0.000000     0.600000    
27500    1650.896999  -2.643898    0.000000     0.600000    
27500    1650.897679  -2.644106    0.000000     0.600000    
27500    1650.898486  -2.644201    0.000000     0.600000    
27500    1650.899192  -2.644475    0.000000     0.600000    
27500    1650.899890  -2.645080    0.000000     0.600000    
27500    1650.900573  -2.645326    0.000000     0.600000    
27500    1650.901262  -2.645724    0.000000     0.600000    
27500    1650.901951  -2.646022    0.000000     0.600000    
27500    1650.902648  -2.646155    0.000000     0.600000    
27500    1650.903344  -2.646261    0.000000     0.600000    
27500    1650.904032  -2.646468    0.000000     0.600000    
27500    1650.904835  -2.646748    0.000000     0.600000    
27500    1650.906539  -2.647199    0.000000     0.600000    
27500    1650.907270  -2.647467    0.000000     0.600000    
27500    1650.907978  -2.647929    0.000000     0.600000    
27500    1650.908658  -2.648088    0.000000     0.600000    
27500    1650.909337  -2.648453    0.000000     0.600000    
27500    1650.910102  -2.648632    0.000000     0.600000    
27500    1650.910810  -2.648932    0.000000     0.600000    
27500    1650.911587  -2.649178    0.000000     0.600000    
27500    1650.912303  -2.649458    0.000000     0.600000    
27500    1650.913023  -2.649623    0.000000     0.600000    
27500    1650.913753  -2.649882    0.000000     0.600000    
27500    1650.914569  -2.650085    0.000000     0.600000    
27500    1650.915271  -2.650342    0.000000     0.600000    
27500    1650.915969  -2.650855    0.000000     0.600000    
27500    1650.916666  -2.651172    0.000000     0.600000    
27500    1650.917362  -2.651325    0.000000     0.600000    
27500    1650.918094  -2.651503    0.000000     0.600000    
27500    1650.918786  -2.651687    0.000000     0.600000    
27500    1650.919509  -2.651938    0.000000     0.600000    
27500    1650.920225  -2.652177    0.000000     0.600000    
27500    1650.920945  -2.652468    0.000000     0.600000    
27500    1650.921671  -2.652698    0.000000     0.600000    
27500    1650.922446  -2.652905    0.000000     0.600000    
27500    1650.923148  -2.653058    0.000000     0.600000    
27500    1650.923843  -2.653395    0.000000     0.600000    
27500    1650.924541  -2.653920    0.000000     0.600000    
27500    1650.925225  -2.654045    0.000000     0.600000    
27500    1650.925914  -2.654280    0.000000     0.600000    
27500    1650.926683  -2.654567    0.000000     0.600000    
27500    1650.927365  -2.654735    0.000000     0.600000    
27500    1650.928060  -2.654930    0.000000     0.600000    
27500    1650.928742  -2.655096    0.000000     0.600000    
27500    1650.929423  -2.655410    0.000000     0.600000    
27500    1650.930107  -2.655519    0.000000     0.600000    
27500    1650.930865  -2.655903    0.000000     0.600000    
27500    1650.932245  -2.655952    0.000000     0.600000    
27500    1650.933021  -2.656121    0.000000     0.600000    
27500    1650.933724  -2.656256    0.000000     0.600000    
27500    1650.934625  -2.656570    0.000000     0.600000    
27500    1650.935336  -2.656766    0.000000     0.600000    
27500    1650.936045  -2.656964    0.000000     0.600000    
27500    1650.936748  -2.657344    0.000000     0.600000    
27500    1650.937444  -2.657585    0.000000     0.600000    
27500    1650.938148  -2.658021    0.000000     0.600000    
27500    1650.938921  -2.658247    0.000000     0.600000    
27500    1650.939623  -2.658345    0.000000     0.600000    
27500    1650.940308  -2.658405    0.000000     0.600000    
27500    1650.941007  -2.658606    0.000000     0.600000    
27500    1650.941704  -2.658890    0.000000     0.600000    
27500    1650.942405  -2.659316    0.000000     0.600000    
27500    1650.943474  -2.659776    0.000000     0.600000    
27500    1650.944174  -2.660077    0.000000     0.600000    
27500    1650.944881  -2.660382    0.000000     0.600000    
27500    1650.945602  -2.660705    0.000000     0.600000    
27500    1650.946318  -2.660968    0.000000     0.600000    
27500    1650.947133  -2.661201    0.000000     0.600000    
27500    1650.948204  -2.661299    0.000000     0.600000    
27500    1650.949033  -2.661639    0.000000     0.600000    
27500    1650.949724  -2.662051    0.000000     0.600000    
27500    1650.950406  -2.662206    0.000000     0.600000    
27500    1650.951092  -2.662538    0.000000     0.600000    
27500    1650.951891  -2.662735    0.000000     0.600000    
27500    1650.952688  -2.663039    0.000000     0.600000    
27500    1650.953409  -2.663358    0.000000     0.600000    
27500    1650.954124  -2.663518    0.000000     0.600000    
27500    1650.954839  -2.663633    0.000000     0.600000    
27500    1650.956115  -2.663857    0.000000     0.600000    
27500    1650.956801  -2.663954    0.000000     0.600000    
27500    1650.957475  -2.664382    0.000000     0.600000    
27500    1650.958152  -2.664710    0.000000     0.600000    
27500    1650.958842  -2.665044    0.000000     0.600000    
27500    1650.959509  -2.665113    0.000000     0.600000    
27500    1650.960194  -2.665488    0.000000     0.600000    
27500    1650.960878  -2.665780    0.000000     0.600000    
27500    1650.961561  -2.666125    0.000000     0.600000    
27500    1650.962246  -2.666376    0.000000     0.600000    
27500    1650.962932  -2.666664    0.000000     0.600000    
27500    1650.963606  -2.666971    0.000000     0.600000    
27500    1650.964283  -2.667323    0.000000     0.600000    
27500    1650.964953  -2.667600    0.000000     0.600000    
27500    1650.965644  -2.667845    0.000000     0.600000    
27500    1650.966576  -2.668060    0.000000     0.600000    
27500    1650.967283  -2.668221    0.000000     0.600000    
27500    1650.967968  -2.668396    0.000000     0.600000    
27500    1650.968800  -2.668563    0.000000     0.600000    
27500    1650.969674  -2.668994    0.000000     0.600000    
27500    1650.970404  -2.669376    0.000000     0.600000    
27500    1650.971167  -2.669574    0.000000     0.600000    
27500    1650.971883  -2.670003    0.000000     0.600000    
27500    1650.972600  -2.670323    0.000000     0.600000    
27500    1650.973323  -2.670499    0.000000     0.600000    
27500    1650.974027  -2.670827    0.000000     0.600000    
27500    1650.974720  -2.670931    0.000000     0.600000    
27500    1650.975423  -2.671088    0.000000     0.600000    
27500    1650.976138  -2.671231    0.000000     0.600000    
27500    1650.976849  -2.671504    0.000000     0.600000    
27500    1650.977559  -2.671901    0.000000     0.600000    
27500    1650.978343  -2.672035    0.000000     0.600000    
27500    1650.979053  -2.672378    0.000000     0.600000    
27500    1650.979928  -2.672716    0.000000     0.600000    
27500    1650.980608  -2.672877    0.000000     0.600000    
27500    1650.981289  -2.673147    0.000000     0.600000    
27500    1650.981968  -2.673300    0.000000     0.600000    
27500    1650.982656  -2.673541    0.000000     0.600000    
27500    1650.983337  -2.673976    0.000000     0.600000    
27500    1650.984023  -2.674356    0.000000     0.600000    
27500    1650.984685  -2.674468    0.000000     0.600000    
27500    1650.985356  -2.674608    0.000000     0.600000    
27500    1650.986039  -2.675002    0.000000     0.600000    
27500    1650.986728  -2.675189    0.000000     0.600000    
27500    1650.987510  -2.675423    0.000000     0.600000    
27500    1650.988229  -2.675901    0.000000     0.600000    
27500    1650.988909  -2.676196    0.000000     0.600000    
27500    1650.989598  -2.676285    0.000000     0.600000    
27500    1650.990277  -2.676518    0.000000     0.600000    
27500    1650.990972  -2.676779    0.000000     0.600000    
27500    1650.991650  -2.676997    0.000000     0.600000    
27500    1650.992348  -2.677186    0.000000     0.600000    
27500    1650.993022  -2.677320    0.000000     0.600000    
27500    1650.993705  -2.677470    0.000000     0.600000    
27500    1650.994386  -2.677770    0.000000     0.600000    
27500    1650.995231  -2.678318    0.000000     0.600000    
27500    1650.995934  -2.678445    0.000000     0.600000    
27500    1650.996605  -2.678533    0.000000     0.600000    
27500    1650.997278  -2.678714    0.000000     0.600000    
27500    1650.997948  -2.678988    0.000000     0.600000    
27500    1650.998617  -2.679067    0.000000     0.600000    
27500    1650.999295  -2.679388    0.000000     0.600000    
27500    1650.999965  -2.679613    0.000000     0.600000    
27500    1651.000639  -2.679787    0.000000     0.600000    
27500    1651.001352  -2.680073    0.000000     0.600000    
27500    1651.002689  -2.680281    0.000000     0.600000    
27500    1651.003421  -2.680661    0.000000     0.600000    
27500    1651.004097  -2.680766    0.000000     0.600000    
27500    1651.004782  -2.681088    0.000000     0.600000    
27500    1651.005469  -2.681507    0.000000     0.600000    
27500    1651.006155  -2.681685    0.000000     0.600000    
27500    1651.006831  -2.681886    0.000000     0.600000    
27500    1651.007518  -2.682443    0.000000     0.600000    
27500    1651.008191  -2.682647    0.000000     0.600000    
27500    1651.008817  -2.682924    0.000000     0.600000    
27500    1651.009435  -2.683009    0.000000     0.600000    
27500    1651.010055  -2.683162    0.000000     0.600000    
27500    1651.010673  -2.683311    0.000000     0.600000    
27500    1651.011295  -2.683611    0.000000     0.600000    
27500    1651.011922  -2.683856    0.000000     0.600000    
27500    1651.012539  -2.684029    0.000000     0.600000    
27500    1651.013150  -2.684278    0.000000     0.600000    
27500    1651.013776  -2.684623    0.000000     0.600000    
27500    1651.014395  -2.684785    0.000000     0.600000    
27500    1651.015021  -2.685014    0.000000     0.600000    
27500    1651.015639  -2.685226    0.000000     0.600000    
27500    1651.016262  -2.685658    0.000000     0.600000    
27500    1651.016872  -2.685796    0.000000     0.600000    
27500    1651.017493  -2.686013    0.000000     0.600000    
27500    1651.018118  -2.686465    0.000000     0.600000    
27500    1651.018888  -2.686596    0.000000     0.600000    
27500    1651.019543  -2.686931    0.000000     0.600000    
27500    1651.020199  -2.687106    0.000000     0.600000    
27500    1651.020851  -2.687540    0.000000     0.600000    
27500    1651.021493  -2.687784    0.000000     0.600000    
27500    1651.022131  -2.687971    0.000000     0.600000    
27500    1651.022782  -2.688114    0.000000     0.600000    
27500    1651.023420  -2.688477    0.000000     0.600000    
27500    1651.024068  -2.688688    0.000000     0.600000    
27500    1651.024707  -2.688938    0.000000     0.600000    
27500    1651.025347  -2.689084    0.000000     0.600000    
27500    1651.025995  -2.689354    0.000000     0.600000    
27500    1651.026636  -2.689633    0.000000     0.600000    
27500    1651.027273  -2.689754    0.000000     0.600000    
27500    1651.027917  -2.689972    0.000000     0.600000    
27500    1651.028557  -2.690207    0.000000     0.600000    
27500    1651.029187  -2.690266    0.000000     0.600000    
27500    1651.029822  -2.690539    0.000000     0.600000    
27500    1651.030455  -2.690683    0.000000     0.600000    
27500    1651.031098  -2.690940    0.000000     0.600000    
27500    1651.031735  -2.691200    0.000000     0.600000    
27500    1651.032377  -2.691372    0.000000     0.600000    
27500    1651.033018  -2.691741    0.000000     0.600000    
27500    1651.033669  -2.692024    0.000000     0.600000    
27500    1651.034300  -2.692193    0.000000     0.600000    
27500    1651.034929  -2.692274    0.000000     0.600000    
27500    1651.036172  -2.692617    0.000000     0.600000    
27500    1651.036801  -2.692665    0.000000     0.600000    
27500    1651.037431  -2.692793    0.000000     0.600000    
27500    1651.038063  -2.692888    0.000000     0.600000    
27500    1651.038694  -2.693140    0.000000     0.600000    
27500    1651.039310  -2.693274    0.000000     0.600000    
27500    1651.039933  -2.693439    0.000000     0.600000    
27500    1651.040543  -2.693493    0.000000     0.600000    
27500    1651.041161  -2.693698    0.000000     0.600000    
27500    1651.041785  -2.693801    0.000000     0.600000    
27500    1651.042403  -2.694050    0.000000     0.600000    
27500    1651.043018  -2.694108    0.000000     0.600000    
27500    1651.043637  -2.694433    0.000000     0.600000    
27500    1651.044249  -2.694658    0.000000     0.600000    
27500    1651.044867  -2.694762    0.000000     0.600000    
27500    1651.045480  -2.694849    0.000000     0.600000    
27500    1651.046097  -2.695193    0.000000     0.600000    
27500    1651.046711  -2.695287    0.000000     0.600000    
27500    1651.047330  -2.695566    0.000000     0.600000    
27500    1651.047946  -2.695776    0.000000     0.600000    
27500    1651.048567  -2.696071    0.000000     0.600000    
27500    1651.049185  -2.696399    0.000000     0.600000    
27500    1651.049813  -2.696738    0.000000     0.600000    
27500    1651.050426  -2.697034    0.000000     0.600000    
27500    1651.051048  -2.697328    0.000000     0.600000    
27500    1651.051674  -2.697762    0.000000     0.600000    
27500    1651.052353  -2.697930    0.000000     0.600000    
27500    1651.052980  -2.698181    0.000000     0.600000    
27500    1651.053609  -2.698573    0.000000     0.600000    
27500    1651.054230  -2.698700    0.000000     0.600000    
27500    1651.054862  -2.699032    0.000000     0.600000    
27500    1651.055491  -2.699350    0.000000     0.600000    
27500    1651.056117  -2.699480    0.000000     0.600000    
27500    1651.056739  -2.699657    0.000000     0.600000    
27500    1651.057366  -2.699786    0.000000     0.600000    
27500    1651.057985  -2.699965    0.000000     0.600000    
27500    1651.058596  -2.700064    0.000000     0.600000    
27500    1651.059219  -2.700422    0.000000     0.600000    
27500    1651.059834  -2.700564    0.000000     0.600000    
27500    1651.060462  -2.700936    0.000000     0.600000    
27500    1651.061077  -2.701034    0.000000     0.600000    
27500    1651.061698  -2.701326    0.000000     0.600000    
27500    1651.062315  -2.701427    0.000000     0.600000    
27500    1651.062930  -2.701579    0.000000     0.600000    
27500    1651.063550  -2.701805    0.000000     0.600000    
27500    1651.064163  -2.701902    0.000000     0.600000    
27500    1651.064789  -2.702128    0.000000     0.600000    
27500    1651.065406  -2.702538    0.000000     0.600000    
27500    1651.066019  -2.702651    0.000000     0.600000    
27500    1651.066625  -2.702764    0.000000     0.600000    
27500    1651.067245  -2.703092    0.000000     0.600000    
27500    1651.067863  -2.703291    0.000000     0.600000    
27500    1651.068523  -2.703502    0.000000     0.600000    
27500    1651.069153  -2.703762    0.000000     0.600000    
27500    1651.069779  -2.703929    0.000000     0.600000    
27500    1651.070393  -2.704089    0.000000     0.600000    
27500    1651.071015  -2.704336    0.000000     0.600000    
27500    1651.071636  -2.704596    0.000000     0.600000    
27500    1651.072261  -2.704799    0.000000     0.600000    
27500    1651.072878  -2.705153    0.000000     0.600000    
27500    1651.073489  -2.705479    0.000000     0.600000    
27500    1651.074110  -2.705951    0.000000     0.600000    
27500    1651.074715  -2.706033    0.000000     0.600000    
27500    1651.075322  -2.706182    0.000000     0.600000    
27500    1651.075936  -2.706318    0.000000     0.600000    
27500    1651.076556  -2.706640    0.000000     0.600000    
27500    1651.077166  -2.706789    0.000000     0.600000    
27500    1651.077780  -2.706929    0.000000     0.600000    
27500    1651.078397  -2.706985    0.000000     0.600000    
27500    1651.079003  -2.707063    0.000000     0.600000    
27500    1651.079606  -2.707132    0.000000     0.600000    
27500    1651.080229  -2.707505    0.000000     0.600000    
27500    1651.080850  -2.707833    0.000000     0.600000    
27500    1651.081465  -2.708117    0.000000     0.600000    
27500    1651.082074  -2.708335    0.000000     0.600000    
27500    1651.082690  -2.708563    0.000000     0.600000    
27500    1651.083314  -2.708809    0.000000     0.600000    
27500    1651.083926  -2.709071    0.000000     0.600000    
27500    1651.084533  -2.709177    0.000000     0.600000    
27500    1651.085155  -2.709394    0.000000     0.600000    
27500    1651.085771  -2.709590    0.000000     0.600000    
27500    1651.086383  -2.709949    0.000000     0.600000    
27500    1651.086995  -2.710248    0.000000     0.600000    
27500    1651.087617  -2.710462    0.000000     0.600000    
27500    1651.088230  -2.710614    0.000000     0.600000    
27500    1651.088857  -2.710832    0.000000     0.600000    
27500    1651.089477  -2.711093    0.000000     0.600000    
27500    1651.090087  -2.711192    0.000000     0.600000    
27500    1651.090705  -2.711465    0.000000     0.600000    
27500    1651.091318  -2.711538    0.000000     0.600000    
27500    1651.091930  -2.711680    0.000000     0.600000    
27500    1651.092556  -2.711762    0.000000     0.600000    
27500    1651.093178  -2.711995    0.000000     0.600000    
27500    1651.093793  -2.712222    0.000000     0.600000    
27500    1651.094403  -2.712340    0.000000     0.600000    
27500    1651.095021  -2.712454    0.000000     0.600000    
27500    1651.095640  -2.712654    0.000000     0.600000    
27500    1651.096257  -2.713014    0.000000     0.600000    
27500    1651.096884  -2.713301    0.000000     0.600000    
27500    1651.097490  -2.713399    0.000000     0.600000    
27500    1651.098113  -2.713647    0.000000     0.600000    
27500    1651.098731  -2.713795    0.000000     0.600000    
27500    1651.099342  -2.713991    0.000000     0.600000    
27500    1651.099934  -2.714072    0.000000     0.600000    
27500    1651.100549  -2.714386    0.000000     0.600000    
27500    1651.101159  -2.714571    0.000000     0.600000    
27500    1651.101781  -2.714705    0.000000     0.600000    
27500    1651.102478  -2.715030    0.000000     0.600000    
27500    1651.103105  -2.715338    0.000000     0.600000    
27500    1651.103724  -2.715623    0.000000     0.600000    
27500    1651.104339  -2.715848    0.000000     0.600000    
27500    1651.104961  -2.716192    0.000000     0.600000    
27500    1651.105592  -2.716409    0.000000     0.600000    
27500    1651.106205  -2.716540    0.000000     0.600000    
27500    1651.106822  -2.716742    0.000000     0.600000    
27500    1651.107439  -2.716873    0.000000     0.600000    
27500    1651.108058  -2.717204    0.000000     0.600000    
27500    1651.108669  -2.717359    0.000000     0.600000    
27500    1651.109285  -2.717501    0.000000     0.600000    
27500    1651.109906  -2.717599    0.000000     0.600000    
27500    1651.110518  -2.717798    0.000000     0.600000    
27500    1651.111145  -2.717926    0.000000     0.600000    
27500    1651.111753  -2.718096    0.000000     0.600000    
27500    1651.112376  -2.718354    0.000000     0.600000    
27500    1651.112990  -2.718540    0.000000     0.600000    
27500    1651.113599  -2.718592    0.000000     0.600000    
27500    1651.114226  -2.718748    0.000000     0.600000    
27500    1651.114834  -2.718786    0.000000     0.600000    
27500    1651.115442  -2.718869    0.000000     0.600000    
27500    1651.116066  -2.719107    0.000000     0.600000    
27500    1651.116695  -2.719288    0.000000     0.600000    
27500    1651.117305  -2.719393    0.000000     0.600000    
27500    1651.117941  -2.719552    0.000000     0.600000    
27500    1651.118626  -2.719876    0.000000     0.600000    
27500    1651.119264  -2.720239    0.000000     0.600000    
27500    1651.119895  -2.720566    0.000000     0.600000    
27500    1651.120514  -2.720695    0.000000     0.600000    
27500    1651.121126  -2.720865    0.000000     0.600000    
27500    1651.121746  -2.721071    0.000000     0.600000    
27500    1651.122377  -2.721280    0.000000     0.600000    
27500    1651.122988  -2.721542    0.000000     0.600000    
27500    1651.123610  -2.721898    0.000000     0.600000    
27500    1651.124222  -2.722195    0.000000     0.600000    
27500    1651.124839  -2.722356    0.000000     0.600000    
27500    1651.125436  -2.722415    0.000000     0.600000    
27500    1651.126066  -2.722715    0.000000     0.600000    
27500    1651.126676  -2.722876    0.000000     0.600000    
27500    1651.127288  -2.723047    0.000000     0.600000    
27500    1651.127913  -2.723211    0.000000     0.600000    
27500    1651.128537  -2.723457    0.000000     0.600000    
27500    1651.129152  -2.723811    0.000000     0.600000    
27500    1651.129760  -2.723943    0.000000     0.600000    
27500    1651.130368  -2.724120    0.000000     0.600000    
27500    1651.130980  -2.724315    0.000000     0.600000    
27500    1651.131585  -2.724410    0.000000     0.600000    
27500    1651.132214  -2.724638    0.000000     0.600000    
27500    1651.132813  -2.724716    0.000000     0.600000    
27500    1651.133413  -2.724803    0.000000     0.600000    
27500    1651.134032  -2.725335    0.000000     0.600000    
27500    1651.134646  -2.725571    0.000000     0.600000    
27500    1651.135256  -2.725799    0.000000     0.600000    
27500    1651.135872  -2.726096    0.000000     0.600000    
27500    1651.136473  -2.726240    0.000000     0.600000    
27500    1651.137089  -2.726384    0.000000     0.600000    
27500    1651.137697  -2.726472    0.000000     0.600000    
27500    1651.138303  -2.726727    0.000000     0.600000    
27500    1651.138920  -2.727100    0.000000     0.600000    
27500    1651.139530  -2.727303    0.000000     0.600000    
27500    1651.140147  -2.727658    0.000000     0.600000    
27500    1651.140744  -2.727912    0.000000     0.600000    
27500    1651.141296  -2.728074    0.000000     0.600000    
27500    1651.141857  -2.728225    0.000000     0.600000    
27500    1651.142429  -2.728451    0.000000     0.600000    
27500    1651.143001  -2.728625    0.000000     0.600000    
27500    1651.143558  -2.728816    0.000000     0.600000    
27500    1651.144124  -2.728995    0.000000     0.600000    
27500    1651.144685  -2.729065    0.000000     0.600000    
27500    1651.145265  -2.729403    0.000000     0.600000    
27500    1651.145824  -2.729535    0.000000     0.600000    
27500    1651.146389  -2.729641    0.000000     0.600000    
27500    1651.146951  -2.729921    0.000000     0.600000    
27500    1651.147512  -2.730120    0.000000     0.600000    
27500    1651.148069  -2.730284    0.000000     0.600000    
27500    1651.148626  -2.730461    0.000000     0.600000    
27500    1651.149186  -2.730683    0.000000     0.600000    
27500    1651.149743  -2.730884    0.000000     0.600000    
27500    1651.150301  -2.731076    0.000000     0.600000    
27500    1651.150854  -2.731182    0.000000     0.600000    
27500    1651.151423  -2.731526    0.000000     0.600000    
27500    1651.152003  -2.731773    0.000000     0.600000    
27500    1651.152575  -2.731925    0.000000     0.600000    
27500    1651.153135  -2.732213    0.000000     0.600000    
27500    1651.153698  -2.732589    0.000000     0.600000    
27500    1651.154245  -2.732615    0.000000     0.600000    
27500    1651.154807  -2.732758    0.000000     0.600000    
27500    1651.155372  -2.732978    0.000000     0.600000    
27500    1651.155933  -2.733173    0.000000     0.600000    
27500    1651.156483  -2.733222    0.000000     0.600000    
27500    1651.157043  -2.733528    0.000000     0.600000    
27500    1651.157594  -2.733665    0.000000     0.600000    
27500    1651.158148  -2.733834    0.000000     0.600000    
27500    1651.158718  -2.734024    0.000000     0.600000    
27500    1651.159287  -2.734140    0.000000     0.600000    
27500    1651.159856  -2.734427    0.000000     0.600000    
27500    1651.160401  -2.734482    0.000000     0.600000    
27500    1651.160968  -2.734648    0.000000     0.600000    
27500    1651.161525  -2.734807    0.000000     0.600000    
27500    1651.162075  -2.734902    0.000000     0.600000    
27500    1651.162634  -2.735094    0.000000     0.600000    
27500    1651.163205  -2.735424    0.000000     0.600000    
27500    1651.163761  -2.735678    0.000000     0.600000    
27500    1651.164305  -2.735719    0.000000     0.600000    
27500    1651.164871  -2.736029    0.000000     0.600000    
27500    1651.165436  -2.736245    0.000000     0.600000    
27500    1651.165992  -2.736493    0.000000     0.600000    
27500    1651.166546  -2.736653    0.000000     0.600000    
27500    1651.167101  -2.736870    0.000000     0.600000    
27500    1651.167667  -2.737062    0.000000     0.600000    
27500    1651.168232  -2.737383    0.000000     0.600000    
27500    1651.168793  -2.737602    0.000000     0.600000    
27500    1651.169356  -2.737862    0.000000     0.600000    
27500    1651.169908  -2.738089    0.000000     0.600000    
27500    1651.170459  -2.738126    0.000000     0.600000    
27500    1651.171027  -2.738271    0.000000     0.600000    
27500    1651.171596  -2.738551    0.000000     0.600000    
27500    1651.173397  -2.738859    0.000000     0.600000    
27500    1651.173963  -2.739089    0.000000     0.600000    
27500    1651.174512  -2.739283    0.000000     0.600000    
27500    1651.175078  -2.739490    0.000000     0.600000    
27500    1651.175631  -2.739586    0.000000     0.600000    
27500    1651.176199  -2.739840    0.000000     0.600000    
27500    1651.176752  -2.739979    0.000000     0.600000    
27500    1651.177308  -2.740153    0.000000     0.600000    
27500    1651.177861  -2.740320    0.000000     0.600000    
27500    1651.178429  -2.740636    0.000000     0.600000    
27500    1651.178987  -2.740801    0.000000     0.600000    
27500    1651.179544  -2.741211    0.000000     0.600000    
27500    1651.180110  -2.741334    0.000000     0.600000    
27500    1651.180660  -2.741381    0.000000     0.600000    
27500    1651.181219  -2.741653    0.000000     0.600000    
27500    1651.181779  -2.741902    0.000000     0.600000    
27500    1651.182331  -2.742060    0.000000     0.600000    
27500    1651.182908  -2.742253    0.000000     0.600000    
27500    1651.183471  -2.742519    0.000000     0.600000    
27500    1651.184028  -2.742683    0.000000     0.600000    
27500    1651.184593  -2.742847    0.000000     0.600000    
27500    1651.185149  -2.743021    0.000000     0.600000    
27500    1651.185695  -2.743065    0.000000     0.600000    
27500    1651.186248  -2.743287    0.000000     0.600000    
27500    1651.186810  -2.743652    0.000000     0.600000    
27500    1651.187369  -2.743806    0.000000     0.600000    
27500    1651.187917  -2.743876    0.000000     0.600000    
27500    1651.188465  -2.744000    0.000000     0.600000    
27500    1651.189025  -2.744290    0.000000     0.600000    
27500    1651.189580  -2.744386    0.000000     0.600000    
27500    1651.190139  -2.744562    0.000000     0.600000    
27500    1651.190688  -2.744708    0.000000     0.600000    
27500    1651.191248  -2.745028    0.000000     0.600000    
27500    1651.191825  -2.745548    0.000000     0.600000    
27500    1651.192395  -2.745794    0.000000     0.600000    
27500    1651.192956  -2.745846    0.000000     0.600000    
27500    1651.193511  -2.746063    0.000000     0.600000    
27500    1651.194070  -2.746260    0.000000     0.600000    
27500    1651.194650  -2.746364    0.000000     0.600000    
27500    1651.195206  -2.746557    0.000000     0.600000    
27500    1651.195780  -2.746805    0.000000     0.600000    
27500    1651.196343  -2.746922    0.000000     0.600000    
27500    1651.196900  -2.747255    0.000000     0.600000    
27500    1651.197452  -2.747442    0.000000     0.600000    
27500    1651.198024  -2.747526    0.000000     0.600000    
27500    1651.198579  -2.747741    0.000000     0.600000    
27500    1651.199140  -2.748094    0.000000     0.600000    
27500    1651.199701  -2.748541    0.000000     0.600000    
27500    1651.200260  -2.748803    0.000000     0.600000    
27500    1651.200810  -2.748940    0.000000     0.600000    
27500    1651.201366  -2.749081    0.000000     0.600000    
27500    1651.201926  -2.749302    0.000000     0.600000    
27500    1651.202482  -2.749484    0.000000     0.600000    
27500    1651.203045  -2.749766    0.000000     0.600000    
27500    1651.203592  -2.750017    0.000000     0.600000    
27500    1651.204145  -2.750242    0.000000     0.600000    
27500    1651.204701  -2.750414    0.000000     0.600000    
27500    1651.205249  -2.750623    0.000000     0.600000    
27500    1651.205803  -2.750841    0.000000     0.600000    
27500    1651.206347  -2.750966    0.000000     0.600000    
27500    1651.206898  -2.751076    0.000000     0.600000    
27500    1651.207457  -2.751292    0.000000     0.600000    
27500    1651.208015  -2.751465    0.000000     0.600000    
27500    1651.208559  -2.751525    0.000000     0.600000    
27500    1651.209114  -2.751829    0.000000     0.600000    
27500    1651.209678  -2.752002    0.000000     0.600000    
27500    1651.210229  -2.752122    0.000000     0.600000    
27500    1651.210807  -2.752453    0.000000     0.600000    
27500    1651.211379  -2.752684    0.000000     0.600000    
27500    1651.211933  -2.752784    0.000000     0.600000    
27500    1651.212491  -2.752847    0.000000     0.600000    
27500    1651.213053  -2.753146    0.000000     0.600000    
27500    1651.213609  -2.753242    0.000000     0.600000    
27500    1651.214167  -2.753460    0.000000     0.600000    
27500    1651.214710  -2.753549    0.000000     0.600000    
27500    1651.215270  -2.753697    0.000000     0.600000    
27500    1651.215817  -2.753833    0.000000     0.600000    
27500    1651.216391  -2.754004    0.000000     0.600000    
27500    1651.216954  -2.754160    0.000000     0.600000    
27500    1651.217512  -2.754230    0.000000     0.600000    
27500    1651.218083  -2.754511    0.000000     0.600000    
27500    1651.218635  -2.754616    0.000000     0.600000    
27500    1651.219194  -2.754991    0.000000     0.600000    
27500    1651.219748  -2.755113    0.000000     0.600000    
27500    1651.220291  -2.755191    0.000000     0.600000    
27500    1651.220846  -2.755321    0.000000     0.600000    
27500    1651.221408  -2.755692    0.000000     0.600000    
27500    1651.221966  -2.755976    0.000000     0.600000    
27500    1651.222533  -2.756148    0.000000     0.600000    
27500    1651.223089  -2.756306    0.000000     0.600000    
27500    1651.223639  -2.756415    0.000000     0.600000    
27500    1651.224190  -2.756658    0.000000     0.600000    
27500    1651.224745  -2.756732    0.000000     0.600000    
27500    1651.225297  -2.756815    0.000000     0.600000    
27500    1651.225846  -2.756938    0.000000     0.600000    
27500    1651.226410  -2.757267    0.000000     0.600000    
27500    1651.226967  -2.757503    0.000000     0.600000    
27500    1651.227529  -2.757626    0.000000     0.600000    
27500    1651.228087  -2.757873    0.000000     0.600000    
27500    1651.228642  -2.758098    0.000000     0.600000    
27500    1651.229213  -2.758340    0.000000     0.600000    
27500    1651.229767  -2.758406    0.000000     0.600000    
27500    1651.230316  -2.758733    0.000000     0.600000    
27500    1651.230871  -2.759054    0.000000     0.600000    
27500    1651.231427  -2.759135    0.000000     0.600000    
27500    1651.231982  -2.759442    0.000000     0.600000    
27500    1651.232538  -2.759552    0.000000     0.600000    
27500    1651.233105  -2.759735    0.000000     0.600000    
27500    1651.233668  -2.759908    0.000000     0.600000    
27500    1651.234230  -2.759981    0.000000     0.600000    
27500    1651.234783  -2.760062    0.000000     0.600000    
27500    1651.235343  -2.760142    0.000000     0.600000    
27500    1651.235901  -2.760395    0.000000     0.600000    
27500    1651.236467  -2.760582    0.000000     0.600000    
27500    1651.237024  -2.760822    0.000000     0.600000    
27500    1651.237583  -2.760960    0.000000     0.600000    
27500    1651.238138  -2.761080    0.000000     0.600000    
27500    1651.238694  -2.761145    0.000000     0.600000    
27500    1651.239252  -2.761693    0.000000     0.600000    
27500    1651.239806  -2.761855    0.000000     0.600000    
27500    1651.240366  -2.762130    0.000000     0.600000    
27500    1651.240929  -2.762323    0.000000     0.600000    
27500    1651.241485  -2.762552    0.000000     0.600000    
27500    1651.242047  -2.762862    0.000000     0.600000    
27500    1651.242616  -2.762993    0.000000     0.600000    
27500    1651.243175  -2.763106    0.000000     0.600000    
27500    1651.243745  -2.763364    0.000000     0.600000    
27500    1651.244322  -2.763574    0.000000     0.600000    
27500    1651.244888  -2.763816    0.000000     0.600000    
27500    1651.245449  -2.763960    0.000000     0.600000    
27500    1651.246001  -2.764039    0.000000     0.600000    
27500    1651.246558  -2.764308    0.000000     0.600000    
27500    1651.247106  -2.764380    0.000000     0.600000    
27500    1651.247658  -2.764491    0.000000     0.600000    
27500    1651.248209  -2.764756    0.000000     0.600000    
27500    1651.248766  -2.764931    0.000000     0.600000    
27500    1651.249323  -2.765071    0.000000     0.600000    
27500    1651.249874  -2.765334    0.000000     0.600000    
27500    1651.250438  -2.765584    0.000000     0.600000    
27500    1651.251000  -2.765745    0.000000     0.600000    
27500    1651.251542  -2.765767    0.000000     0.600000    
27500    1651.252103  -2.765984    0.000000     0.600000    
27500    1651.252660  -2.766093    0.000000     0.600000    
27500    1651.253213  -2.766265    0.000000     0.600000    
27500    1651.253765  -2.766446    0.000000     0.600000    
27500    1651.254323  -2.766506    0.000000     0.600000    
27500    1651.254883  -2.766674    0.000000     0.600000    
27500    1651.255441  -2.766769    0.000000     0.600000    
27500    1651.256003  -2.767007    0.000000     0.600000    
27500    1651.256560  -2.767406    0.000000     0.600000    
27500    1651.257114  -2.767486    0.000000     0.600000    
27500    1651.257670  -2.767697    0.000000     0.600000    
27500    1651.258215  -2.767938    0.000000     0.600000    
27500    1651.258767  -2.768082    0.000000     0.600000    
27500    1651.259320  -2.768159    0.000000     0.600000    
27500    1651.259867  -2.768378    0.000000     0.600000    
27500    1651.260424  -2.768531    0.000000     0.600000    
27500    1651.260996  -2.768659    0.000000     0.600000    
27500    1651.261537  -2.768720    0.000000     0.600000    
27500    1651.262091  -2.768747    0.000000     0.600000    
27500    1651.262663  -2.768956    0.000000     0.600000    
27500    1651.263214  -2.768982    0.000000     0.600000    
27500    1651.263763  -2.769056    0.000000     0.600000    
27500    1651.264304  -2.769092    0.000000     0.600000    
27500    1651.264858  -2.769399    0.000000     0.600000    
27500    1651.265403  -2.769529    0.000000     0.600000    
27500    1651.265958  -2.769746    0.000000     0.600000    
27500    1651.266517  -2.769955    0.000000     0.600000    
27500    1651.267070  -2.770100    0.000000     0.600000    
27500    1651.267620  -2.770250    0.000000     0.600000    
27500    1651.268165  -2.770339    0.000000     0.600000    
27500    1651.268717  -2.770562    0.000000     0.600000    
27500    1651.269274  -2.770900    0.000000     0.600000    
27500    1651.269830  -2.771242    0.000000     0.600000    
27500    1651.270375  -2.771388    0.000000     0.600000    
27500    1651.270934  -2.771737    0.000000     0.600000    
27500    1651.271491  -2.771905    0.000000     0.600000    
27500    1651.272045  -2.772092    0.000000     0.600000    
27500    1651.272603  -2.772212    0.000000     0.600000    
27500    1651.273151  -2.772391    0.000000     0.600000    
27500    1651.273711  -2.772550    0.000000     0.600000    
27500    1651.274260  -2.772737    0.000000     0.600000    
27500    1651.274813  -2.773045    0.000000     0.600000    
27500    1651.275370  -2.773198    0.000000     0.600000    
27500    1651.275927  -2.773324    0.000000     0.600000    
27500    1651.276479  -2.773427    0.000000     0.600000    
27500    1651.277020  -2.773515    0.000000     0.600000    
27500    1651.277605  -2.773893    0.000000     0.600000    
27500    1651.278157  -2.774065    0.000000     0.600000    
27500    1651.278714  -2.774378    0.000000     0.600000    
27500    1651.279271  -2.774510    0.000000     0.600000    
27500    1651.279836  -2.774805    0.000000     0.600000    
27500    1651.280389  -2.775047    0.000000     0.600000    
27500    1651.280946  -2.775091    0.000000     0.600000    
27500    1651.281501  -2.775270    0.000000     0.600000    
27500    1651.282057  -2.775449    0.000000     0.600000    
27500    1651.282601  -2.775533    0.000000     0.600000    
27500    1651.283162  -2.775807    0.000000     0.600000    
27500    1651.283709  -2.775892    0.000000     0.600000    
27500    1651.284264  -2.776002    0.000000     0.600000    
27500    1651.284819  -2.776270    0.000000     0.600000    
27500    1651.285379  -2.776770    0.000000     0.600000    
27500    1651.285929  -2.776919    0.000000     0.600000    
27500    1651.286477  -2.776965    0.000000     0.600000    
27500    1651.287027  -2.777045    0.000000     0.600000    
27500    1651.287580  -2.777164    0.000000     0.600000    
27500    1651.288144  -2.777323    0.000000     0.600000    
27500    1651.288686  -2.777347    0.000000     0.600000    
27500    1651.289242  -2.777417    0.000000     0.600000    
27500    1651.289805  -2.777683    0.000000     0.600000    
27500    1651.290357  -2.777859    0.000000     0.600000    
27500    1651.290916  -2.778080    0.000000     0.600000    
27500    1651.291465  -2.778588    0.000000     0.600000    
27500    1651.292020  -2.778773    0.000000     0.600000    
27500    1651.292585  -2.778908    0.000000     0.600000    
27500    1651.293125  -2.778960    0.000000     0.600000    
27500    1651.293669  -2.779058    0.000000     0.600000    
27500    1651.294221  -2.779240    0.000000     0.600000    
27500    1651.294781  -2.779463    0.000000     0.600000    
27500    1651.295334  -2.779650    0.000000     0.600000    
27500    1651.295893  -2.779948    0.000000     0.600000    
27500    1651.296447  -2.780130    0.000000     0.600000    
27500    1651.297005  -2.780276    0.000000     0.600000    
27500    1651.297559  -2.780403    0.000000     0.600000    
27500    1651.298095  -2.780431    0.000000     0.600000    
27500    1651.298646  -2.780546    0.000000     0.600000    
27500    1651.299198  -2.780745    0.000000     0.600000    
27500    1651.299760  -2.781132    0.000000     0.600000    
27500    1651.300310  -2.781334    0.000000     0.600000    
27500    1651.300864  -2.781576    0.000000     0.600000    
27500    1651.301419  -2.781670    0.000000     0.600000    
27500    1651.301977  -2.781847    0.000000     0.600000    
27500    1651.302537  -2.782054    0.000000     0.600000    
27500    1651.303094  -2.782183    0.000000     0.600000    
27500    1651.303634  -2.782318    0.000000     0.600000    
27500    1651.304188  -2.782511    0.000000     0.600000    
27500    1651.304747  -2.782781    0.000000     0.600000    
27500    1651.305292  -2.782833    0.000000     0.600000    
27500    1651.305836  -2.782912    0.000000     0.600000    
27500    1651.306391  -2.783045    0.000000     0.600000    
27500    1651.306931  -2.783109    0.000000     0.600000    
27500    1651.307490  -2.783366    0.000000     0.600000    
27500    1651.308043  -2.783467    0.000000     0.600000    
27500    1651.308593  -2.783572    0.000000     0.600000    
27500    1651.309153  -2.783820    0.000000     0.600000    
27500    1651.309720  -2.783941    0.000000     0.600000    
27500    1651.310254  -2.784285    0.000000     0.600000    
27500    1651.310762  -2.784365    0.000000     0.600000    
27500    1651.311286  -2.784526    0.000000     0.600000    
27500    1651.311806  -2.784733    0.000000     0.600000    
27500    1651.312335  -2.784973    0.000000     0.600000    
27500    1651.312846  -2.785078    0.000000     0.600000    
27500    1651.313366  -2.785335    0.000000     0.600000    
27500    1651.313880  -2.785437    0.000000     0.600000    
27500    1651.314385  -2.785488    0.000000     0.600000    
27500    1651.314898  -2.785532    0.000000     0.600000    
27500    1651.316360  -2.785660    0.000000     0.600000    
27500    1651.316874  -2.785774    0.000000     0.600000    
27500    1651.317408  -2.785880    0.000000     0.600000    
27500    1651.317924  -2.786162    0.000000     0.600000    
27500    1651.318433  -2.786345    0.000000     0.600000    
27500    1651.318952  -2.786551    0.000000     0.600000    
27500    1651.319469  -2.786763    0.000000     0.600000    
27500    1651.319992  -2.786843    0.000000     0.600000    
27500    1651.320511  -2.787045    0.000000     0.600000    
27500    1651.321033  -2.787302    0.000000     0.600000    
27500    1651.321546  -2.787534    0.000000     0.600000    
27500    1651.322072  -2.787647    0.000000     0.600000    
27500    1651.322588  -2.787748    0.000000     0.600000    
27500    1651.323104  -2.787966    0.000000     0.600000    
27500    1651.323618  -2.788220    0.000000     0.600000    
27500    1651.324135  -2.788403    0.000000     0.600000    
27500    1651.324648  -2.788635    0.000000     0.600000    
27500    1651.325152  -2.788671    0.000000     0.600000    
27500    1651.325664  -2.788753    0.000000     0.600000    
27500    1651.326194  -2.788986    0.000000     0.600000    
27500    1651.326700  -2.789105    0.000000     0.600000    
27500    1651.327212  -2.789219    0.000000     0.600000    
27500    1651.327726  -2.789321    0.000000     0.600000    
27500    1651.328256  -2.789664    0.000000     0.600000    
27500    1651.328772  -2.789742    0.000000     0.600000    
27500    1651.329288  -2.789881    0.000000     0.600000    
27500    1651.329811  -2.790055    0.000000     0.600000    
27500    1651.330323  -2.790159    0.000000     0.600000    
27500    1651.330842  -2.790338    0.000000     0.600000    
27500    1651.331361  -2.790482    0.000000     0.600000    
27500    1651.331878  -2.790579    0.000000     0.600000    
27500    1651.332402  -2.790686    0.000000     0.600000    
27500    1651.332923  -2.790864    0.000000     0.600000    
27500    1651.333437  -2.790966    0.000000     0.600000    
27500    1651.333955  -2.791121    0.000000     0.600000    
27500    1651.334463  -2.791230    0.000000     0.600000    
27500    1651.334975  -2.791284    0.000000     0.600000    
27500    1651.335495  -2.791559    0.000000     0.600000    
27500    1651.336007  -2.791690    0.000000     0.600000    
27500    1651.336523  -2.791814    0.000000     0.600000    
27500    1651.337039  -2.791945    0.000000     0.600000    
27500    1651.337558  -2.792157    0.000000     0.600000    
27500    1651.338074  -2.792278    0.000000     0.600000    
27500    1651.338582  -2.792393    0.000000     0.600000    
27500    1651.339098  -2.792567    0.000000     0.600000    
27500    1651.339612  -2.792687    0.000000     0.600000    
27500    1651.340135  -2.792977    0.000000     0.600000    
27500    1651.340652  -2.793147    0.000000     0.600000    
27500    1651.341170  -2.793426    0.000000     0.600000    
27500    1651.341683  -2.793664    0.000000     0.600000    
27500    1651.342200  -2.793776    0.000000     0.600000    
27500    1651.342730  -2.794017    0.000000     0.600000    
27500    1651.343247  -2.794094    0.000000     0.600000    
27500    1651.343760  -2.794234    0.000000     0.600000    
27500    1651.344285  -2.794384    0.000000     0.600000    
27500    1651.344813  -2.794548    0.000000     0.600000    
27500    1651.345333  -2.794728    0.000000     0.600000    
27500    1651.345848  -2.794818    0.000000     0.600000    
27500    1651.346365  -2.794973    0.000000     0.600000    
27500    1651.346872  -2.795005    0.000000     0.600000    
27500    1651.347391  -2.795163    0.000000     0.600000    
27500    1651.347899  -2.795327    0.000000     0.600000    
27500    1651.348407  -2.795468    0.000000     0.600000    
27500    1651.348911  -2.795499    0.000000     0.600000    
27500    1651.349426  -2.795606    0.000000     0.600000    
27500    1651.349934  -2.795655    0.000000     0.600000    
27500    1651.350458  -2.795863    0.000000     0.600000    
27500    1651.350972  -2.796039    0.000000     0.600000    
27500    1651.351489  -2.796280    0.000000     0.600000    
27500    1651.352003  -2.796412    0.000000     0.600000    
27500    1651.352509  -2.796543    0.000000     0.600000    
27500    1651.353031  -2.796815    0.000000     0.600000    
27500    1651.353548  -2.796926    0.000000     0.600000    
27500    1651.354051  -2.796950    0.000000     0.600000    
27500    1651.354574  -2.797179    0.000000     0.600000    
27500    1651.355089  -2.797280    0.000000     0.600000    
27500    1651.355600  -2.797424    0.000000     0.600000    
27500    1651.356113  -2.797501    0.000000     0.600000    
27500    1651.356633  -2.797575    0.000000     0.600000    
27500    1651.357140  -2.797755    0.000000     0.600000    
27500    1651.357644  -2.797815    0.000000     0.600000    
27500    1651.358152  -2.797905    0.000000     0.600000    
27500    1651.358669  -2.798059    0.000000     0.600000    
27500    1651.359179  -2.798250    0.000000     0.600000    
27500    1651.359705  -2.798598    0.000000     0.600000    
27500    1651.360205  -2.798671    0.000000     0.600000    
27500    1651.360706  -2.798685    0.000000     0.600000    
27500    1651.361232  -2.798831    0.000000     0.600000    
27500    1651.361734  -2.798900    0.000000     0.600000    
27500    1651.362263  -2.798987    0.000000     0.600000    
27500    1651.362766  -2.799033    0.000000     0.600000    
27500    1651.363286  -2.799122    0.000000     0.600000    
27500    1651.363790  -2.799187    0.000000     0.600000    
27500    1651.364303  -2.799326    0.000000     0.600000    
27500    1651.364819  -2.799407    0.000000     0.600000    
27500    1651.365337  -2.799542    0.000000     0.600000    
27500    1651.365857  -2.799701    0.000000     0.600000    
27500    1651.366367  -2.799829    0.000000     0.600000    
27500    1651.366870  -2.799972    0.000000     0.600000    
27500    1651.367388  -2.800169    0.000000     0.600000    
27500    1651.367894  -2.800276    0.000000     0.600000    
27500    1651.368412  -2.800438    0.000000     0.600000    
27500    1651.368927  -2.800686    0.000000     0.600000    
27500    1651.369432  -2.800864    0.000000     0.600000    
27500    1651.369947  -2.800981    0.000000     0.600000    
27500    1651.370459  -2.801141    0.000000     0.600000    
27500    1651.370972  -2.801288    0.000000     0.600000    
27500    1651.371472  -2.801298    0.000000     0.600000    
27500    1651.371979  -2.801446    0.000000     0.600000    
27500    1651.372500  -2.801631    0.000000     0.600000    
27500    1651.373019  -2.801782    0.000000     0.600000    
27500    1651.373528  -2.801914    0.000000     0.600000    
27500    1651.374047  -2.802019    0.000000     0.600000    
27500    1651.374567  -2.802197    0.000000     0.600000    
27500    1651.375083  -2.802377    0.000000     0.600000    
27500    1651.375591  -2.802491    0.000000     0.600000    
27500    1651.376119  -2.802605    0.000000     0.600000    
27500    1651.376632  -2.802842    0.000000     0.600000    
27500    1651.377139  -2.802983    0.000000     0.600000    
27500    1651.377665  -2.803074    0.000000     0.600000    
27500    1651.378179  -2.803237    0.000000     0.600000    
27500    1651.378704  -2.803463    0.000000     0.600000    
27500    1651.379209  -2.803507    0.000000     0.600000    
27500    1651.379731  -2.803780    0.000000     0.600000    
27500    1651.380241  -2.803917    0.000000     0.600000    
27500    1651.380753  -2.804072    0.000000     0.600000    
27500    1651.381265  -2.804248    0.000000     0.600000    
27500    1651.381780  -2.804502    0.000000     0.600000    
27500    1651.382294  -2.804653    0.000000     0.600000    
27500    1651.382812  -2.804799    0.000000     0.600000    
27500    1651.383318  -2.804891    0.000000     0.600000    
27500    1651.383837  -2.805164    0.000000     0.600000    
27500    1651.384352  -2.805354    0.000000     0.600000    
27500    1651.384863  -2.805420    0.000000     0.600000    
27500    1651.385377  -2.805508    0.000000     0.600000    
27500    1651.385884  -2.805644    0.000000     0.600000    
27500    1651.386398  -2.805878    0.000000     0.600000    
27500    1651.386916  -2.806003    0.000000     0.600000    
27500    1651.387424  -2.806120    0.000000     0.600000    
27500    1651.387934  -2.806160    0.000000     0.600000    
27500    1651.388449  -2.806334    0.000000     0.600000    
27500    1651.388971  -2.806417    0.000000     0.600000    
27500    1651.389481  -2.806602    0.000000     0.600000    
27500    1651.389988  -2.806728    0.000000     0.600000    
27500    1651.390502  -2.806791    0.000000     0.600000    
27500    1651.391012  -2.806935    0.000000     0.600000    
27500    1651.391535  -2.807098    0.000000     0.600000    
27500    1651.392047  -2.807203    0.000000     0.600000    
27500    1651.392568  -2.807398    0.000000     0.600000    
27500    1651.393083  -2.807451    0.000000     0.600000    
27500    1651.393588  -2.807594    0.000000     0.600000    
27500    1651.394111  -2.807809    0.000000     0.600000    
27500    1651.394626  -2.807954    0.000000     0.600000    
27500    1651.395139  -2.808071    0.000000     0.600000    
27500    1651.395662  -2.808325    0.000000     0.600000    
27500    1651.396173  -2.808512    0.000000     0.600000    
27500    1651.396683  -2.808660    0.000000     0.600000    
27500    1651.397194  -2.808853    0.000000     0.600000    
27500    1651.397709  -2.809069    0.000000     0.600000    
27500    1651.398220  -2.809172    0.000000     0.600000    
27500    1651.398729  -2.809327    0.000000     0.600000    
27500    1651.399239  -2.809354    0.000000     0.600000    
27500    1651.399747  -2.809404    0.000000     0.600000    
27500    1651.400258  -2.809455    0.000000     0.600000    
27500    1651.400775  -2.809534    0.000000     0.600000    
27500    1651.401285  -2.809618    0.000000     0.600000    
27500    1651.401792  -2.809807    0.000000     0.600000    
27500    1651.402298  -2.809835    0.000000     0.600000    
27500    1651.402817  -2.810071    0.000000     0.600000    
27500    1651.403328  -2.810260    0.000000     0.600000    
27500    1651.403842  -2.810354    0.000000     0.600000    
27500    1651.404348  -2.810482    0.000000     0.600000    
27500    1651.404855  -2.810503    0.000000     0.600000    
27500    1651.405363  -2.810581    0.000000     0.600000    
27500    1651.405880  -2.810979    0.000000     0.600000    
27500    1651.406390  -2.811114    0.000000     0.600000    
27500    1651.406895  -2.811311    0.000000     0.600000    
27500    1651.407408  -2.811477    0.000000     0.600000    
27500    1651.407917  -2.811579    0.000000     0.600000    
27500    1651.408418  -2.811711    0.000000     0.600000    
27500    1651.408926  -2.811825    0.000000     0.600000    
27500    1651.409442  -2.811952    0.000000     0.600000    
27500    1651.409945  -2.812127    0.000000     0.600000    
27500    1651.410448  -2.812263    0.000000     0.600000    
27500    1651.410964  -2.812357    0.000000     0.600000    
27500    1651.411472  -2.812454    0.000000     0.600000    
27500    1651.411988  -2.812634    0.000000     0.600000    
27500    1651.412504  -2.812830    0.000000     0.600000    
27500    1651.413009  -2.812918    0.000000     0.600000    
27500    1651.413520  -2.813073    0.000000     0.600000    
27500    1651.414022  -2.813112    0.000000     0.600000    
27500    1651.414538  -2.813228    0.000000     0.600000    
27500    1651.415045  -2.813323    0.000000     0.600000    
27500    1651.415555  -2.813453    0.000000     0.600000    
27500    1651.416071  -2.813803    0.000000     0.600000    
27500    1651.416578  -2.813933    0.000000     0.600000    
27500    1651.417073  -2.813948    0.000000     0.600000    
27500    1651.417584  -2.814079    0.000000     0.600000    
27500    1651.418096  -2.814129    0.000000     0.600000    
27500    1651.418639  -2.814389    0.000000     0.600000    
27500    1651.419154  -2.814590    0.000000     0.600000    
27500    1651.419670  -2.814837    0.000000     0.600000    
27500    1651.420188  -2.815094    0.000000     0.600000    
27500    1651.420697  -2.815191    0.000000     0.600000    
27500    1651.421209  -2.815304    0.000000     0.600000    
27500    1651.421713  -2.815370    0.000000     0.600000    
27500    1651.422240  -2.815741    0.000000     0.600000    
27500    1651.422756  -2.815877    0.000000     0.600000    
27500    1651.423262  -2.816034    0.000000     0.600000    
27500    1651.423774  -2.816194    0.000000     0.600000    
27500    1651.424279  -2.816319    0.000000     0.600000    
27500    1651.424780  -2.816430    0.000000     0.600000    
27500    1651.425295  -2.816585    0.000000     0.600000    
27500    1651.425807  -2.816768    0.000000     0.600000    
27500    1651.426325  -2.816847    0.000000     0.600000    
27500    1651.426836  -2.816974    0.000000     0.600000    
27500    1651.427350  -2.817176    0.000000     0.600000    
27500    1651.427871  -2.817199    0.000000     0.600000    
27500    1651.428397  -2.817342    0.000000     0.600000    
27500    1651.428911  -2.817397    0.000000     0.600000    
27500    1651.429415  -2.817505    0.000000     0.600000    
27500    1651.429922  -2.817595    0.000000     0.600000    
27500    1651.430434  -2.817822    0.000000     0.600000    
27500    1651.430942  -2.818036    0.000000     0.600000    
27500    1651.431445  -2.818307    0.000000     0.600000    
27500    1651.431949  -2.818356    0.000000     0.600000    
27500    1651.432456  -2.818448    0.000000     0.600000    
27500    1651.432970  -2.818625    0.000000     0.600000    
27500    1651.433475  -2.818816    0.000000     0.600000    
27500    1651.433983  -2.818939    0.000000     0.600000    
27500    1651.434508  -2.818987    0.000000     0.600000    
27500    1651.435033  -2.819068    0.000000     0.600000    
27500    1651.435539  -2.819122    0.000000     0.600000    
27500    1651.436051  -2.819182    0.000000     0.600000    
27500    1651.436573  -2.819409    0.000000     0.600000    
27500    1651.437095  -2.819521    0.000000     0.600000    
27500    1651.437608  -2.819708    0.000000     0.600000    
27500    1651.438118  -2.819764    0.000000     0.600000    
27500    1651.438635  -2.820037    0.000000     0.600000    
27500    1651.439132  -2.820062    0.000000     0.600000    
27500    1651.439645  -2.820251    0.000000     0.600000    
27500    1651.440145  -2.820349    0.000000     0.600000    
27500    1651.440652  -2.820515    0.000000     0.600000    
27500    1651.441154  -2.820670    0.000000     0.600000    
27500    1651.441659  -2.820739    0.000000     0.600000    
27500    1651.442165  -2.820800    0.000000     0.600000    
27500    1651.442679  -2.820961    0.000000     0.600000    
27500    1651.443192  -2.821056    0.000000     0.600000    
27500    1651.443695  -2.821199    0.000000     0.600000    
27500    1651.444221  -2.821283    0.000000     0.600000    
27500    1651.444728  -2.821400    0.000000     0.600000    
27500    1651.445231  -2.821520    0.000000     0.600000    
27500    1651.445733  -2.821604    0.000000     0.600000    
27500    1651.446251  -2.821726    0.000000     0.600000    
27500    1651.446756  -2.821784    0.000000     0.600000    
27500    1651.447271  -2.821853    0.000000     0.600000    
27500    1651.447783  -2.822091    0.000000     0.600000    
27500    1651.448293  -2.822240    0.000000     0.600000    
27500    1651.449071  -2.822292    0.000000     0.600000    
27500    1651.450072  -2.822429    0.000000     0.600000    
27500    1651.450582  -2.822580    0.000000     0.600000    
27501    1651.460795  -2.822588    0.416600     0.300000    
27511    1651.501533  -2.822769    0.687320     0.300000    
27521    1651.545954  -2.823147    0.689670     0.300000    
27531    1651.596886  -2.823313    0.686560     0.300000    
27541    1651.658451  -2.823656    0.688420     0.300000    
27551    1651.716129  -2.823913    0.688040     0.300000    
27561    1651.769709  -2.824150    0.688500     0.300000    
27571    1651.817972  -2.824358    0.687300     0.300000    
27581    1651.875652  -2.824548    0.688780     0.300000    
27591    1651.931881  -2.824800    0.691600     0.300000    
27601    1651.981225  -2.825018    0.687190     0.300000    
27611    1652.033087  -2.825127    0.688150     0.300000    
27621    1652.089209  -2.825362    0.687740     0.300000    
27631    1652.155744  -2.825780    0.688850     0.300000    
27641    1652.227527  -2.826115    0.682560     0.300000    
27651    1652.306235  -2.826289    0.687010     0.300000    
27661    1652.423492  -2.826548    0.687420     0.300000    
27671    1652.569469  -2.826814    0.687070     0.300000    
27681    1652.665389  -2.826995    0.688060     0.300000    
27691    1652.872626  -2.827123    0.689020     0.300000    
27701    1652.968545  -2.827399    0.684790     0.300000    
27711    1653.182817  -2.827666    0.686160     0.300000    
27721    1653.248628  -2.828074    0.684110     0.300000    
27731    1653.360651  -2.828366    0.684900     0.300000    
27741    1653.452952  -2.828533    0.682640     0.300000    
27751    1653.550828  -2.828867    0.686230     0.300000    
27761    1653.630182  -2.829100    0.687670     0.300000    
27771    1653.714325  -2.829307    0.685820     0.300000    
27781    1653.796183  -2.829611    0.685420     0.300000    
27791    1653.885903  -2.829791    0.685910     0.300000    
27801    1653.976725  -2.830025    0.683450     0.300000    
27811    1654.061613  -2.830278    0.681180     0.300000    
27821    1654.134121  -2.830474    0.685200     0.300000    
27831    1654.208077  -2.830914    0.684590     0.300000    
27841    1654.283192  -2.831246    0.684880     0.300000    
27851    1654.379937  -2.831415    0.686210     0.300000    
27861    1654.454948  -2.831706    0.685670     0.300000    
27871    1654.549111  -2.831838    0.687260     0.300000    
27881    1654.627525  -2.832123    0.686130     0.300000    
27891    1654.714118  -2.832322    0.682300     0.300000    
27901    1654.793029  -2.832556    0.684980     0.300000    
27911    1654.914815  -2.832759    0.683670     0.300000    
27921    1655.072661  -2.832983    0.684850     0.300000    
27931    1655.163006  -2.833272    0.682590     0.300000    
27941    1655.254365  -2.833541    0.684410     0.300000    
27951    1655.336470  -2.833742    0.686560     0.300000    
27961    1655.404423  -2.834014    0.683030     0.300000    
27971    1655.486260  -2.834255    0.684570     0.300000    
27981    1655.571324  -2.834447    0.686230     0.300000    
27991    1655.680071  -2.834712    0.686900     0.300000    
28001    1655.780624  -2.835026    0.684060     0.300000    
28011    1655.882896  -2.835356    0.684710     0.300000    
28021    1655.975344  -2.835613    0.685330     0.300000    
28031    1656.108750  -2.835840    0.683570     0.300000    
28041    1656.199437  -2.836184    0.681260     0.300000    
28051    1656.304019  -2.836565    0.684250     0.300000    
28061    1656.415214  -2.836834    0.683590     0.300000    
28071    1656.555260  -2.837140    0.685160     0.300000    
28081    1656.679218  -2.837417    0.682990     0.300000    
28091    1656.762602  -2.837701    0.684340     0.300000    
28101    1656.832726  -2.837975    0.683900     0.300000    
28111    1656.898016  -2.838126    0.682320     0.300000    
28121    1656.960721  -2.838450    0.682540     0.300000    
28131    1657.052810  -2.838630    0.680510     0.300000    
28141    1657.134400  -2.838912    0.684240     0.300000    
28151    1657.205116  -2.839130    0.682600     0.300000    
28161    1657.270749  -2.839224    0.683400     0.300000    
28171    1657.339223  -2.839435    0.686350     0.300000    
28181    1657.424817  -2.839566    0.683860     0.300000    
28191    1657.507499  -2.839921    0.683500     0.300000    
28201    1657.590140  -2.840199    0.682910     0.300000    
28211    1657.672133  -2.840417    0.682900     0.300000    
28221    1657.765237  -2.840649    0.683760     0.300000    
28231    1657.845905  -2.840885    0.683540     0.300000    
28241    1657.933293  -2.841110    0.681940     0.300000    
28251    1658.048820  -2.841260    0.686080     0.300000    
28261    1658.129253  -2.841574    0.679140     0.300000    
28271    1658.217724  -2.841801    0.681120     0.300000    
28281    1658.330526  -2.842014    0.684470     0.300000    
28291    1658.463985  -2.842155    0.680860     0.300000    
28301    1658.668578  -2.842360    0.683010     0.300000    
28311    1658.755266  -2.842702    0.684480     0.300000    
28321    1658.842718  -2.842844    0.680510     0.300000    
28331    1659.006697  -2.843073    0.683230     0.300000    
28341    1659.146552  -2.843437    0.683150     0.300000    
28351    1659.250229  -2.843621    0.681480     0.300000    
28361    1659.359556  -2.843992    0.679370     0.300000    
28371    1659.453658  -2.844168    0.682940     0.300000    
28381    1659.538583  -2.844541    0.678880     0.300000    
28391    1659.654148  -2.844886    0.679630     0.300000    
28401    1659.781672  -2.845163    0.679540     0.300000    
28411    1659.894353  -2.845481    0.682300     0.300000    
28421    1659.973127  -2.845899    0.682670     0.300000    
28431    1660.059970  -2.846157    0.681250     0.300000    
28441    1660.174761  -2.846492    0.681270     0.300000    
28451    1660.246696  -2.846752    0.682740     0.300000    
28461    1660.343570  -2.847079    0.679740     0.300000    
28471    1660.434521  -2.847239    0.681510     0.300000    
28481    1660.521327  -2.847486    0.679000     0.300000    
28491    1660.657151  -2.847728    0.678970     0.300000    
28501    1660.765194  -2.847975    0.678130     0.300000    
28511    1660.867345  -2.848107    0.679330     0.300000    
28521    1660.969959  -2.848373    0.679160     0.300000    
28531    1661.075331  -2.848707    0.679230     0.300000    
28541    1661.157058  -2.848889    0.681690     0.300000    
28551    1661.241795  -2.849172    0.678790     0.300000    
28561    1661.597270  -2.849391    0.678800     0.300000    
28571    1661.712502  -2.849587    0.679270     0.300000    
28581    1661.802165  -2.849998    0.678660     0.300000    
28591    1662.023356  -2.850204    0.679350     0.300000    
28601    1662.200529  -2.850514    0.675920     0.300000    
28611    1662.407361  -2.850797    0.680490     0.300000    
28621    1662.611072  -2.851093    0.682070     0.300000    
28631    1662.762661  -2.851376    0.677620     0.300000    
28641    1662.945374  -2.851630    0.678950     0.300000    
28651    1663.040692  -2.851921    0.678660     0.300000    
28661    1663.168139  -2.852090    0.679500     0.300000    
28671    1663.320753  -2.852260    0.680490     0.300000    
28681    1663.522440  -2.852420    0.679910     0.300000    
28691    1663.700647  -2.852640    0.678620     0.300000    
28701    1663.812711  -2.852742    0.678780     0.300000    
28711    1663.896990  -2.852931    0.681230     0.300000    
28721    1663.995775  -2.853163    0.677700     0.300000    
28731    1664.078233  -2.853338    0.680220     0.300000    
28741    1664.167006  -2.853644    0.677430     0.300000    
28751    1664.306510  -2.853804    0.682180     0.300000    
28761    1664.409667  -2.854020    0.675840     0.300000    
28771    1664.503848  -2.854188    0.675920     0.300000    
28781    1664.593925  -2.854494    0.679420     0.300000    
28791    1664.701246  -2.854698    0.678610     0.300000    
28801    1664.803750  -2.855031    0.679360     0.300000    
28811    1664.919669  -2.855217    0.682820     0.300000    
28821    1665.016744  -2.855572    0.676210     0.300000    
28831    1665.115907  -2.855789    0.676170     0.300000    
28841    1665.218834  -2.856136    0.677360     0.300000    
28851    1665.326388  -2.856464    0.676730     0.300000    
28861    1665.430499  -2.856637    0.677770     0.300000    
28871    1665.527099  -2.856869    0.676120     0.300000    
28881    1665.633007  -2.857031    0.676440     0.300000    
28891    1665.756595  -2.857251    0.679620     0.300000    
28901    1665.856358  -2.857411    0.675700     0.300000    
28911    1665.972163  -2.857637    0.676960     0.300000    
28921    1666.065637  -2.857913    0.675350     0.300000    
28931    1666.151112  -2.858409    0.678440     0.300000    
28941    1666.287697  -2.858710    0.677970     0.300000    
28951    1666.418396  -2.858943    0.679250     0.300000    
28961    1666.500839  -2.859262    0.676730     0.300000    
28971    1666.597445  -2.859468    0.675760     0.300000    
28981    1666.683241  -2.859660    0.676090     0.300000    
28991    1666.764008  -2.859887    0.675260     0.300000    
29001    1666.847137  -2.860098    0.674500     0.300000    
29011    1666.984456  -2.860406    0.675500     0.300000    
29021    1667.103814  -2.860713    0.674920     0.300000    
29031    1667.256246  -2.860982    0.678130     0.300000    
29041    1667.391435  -2.861147    0.675990     0.300000    
29051    1667.491145  -2.861337    0.674870     0.300000    
29061    1667.577816  -2.861691    0.677020     0.300000    
29071    1667.730310  -2.861997    0.676460     0.300000    
29081    1667.852861  -2.862278    0.673200     0.300000    
29091    1667.968854  -2.862532    0.675310     0.300000    
29101    1668.141360  -2.862814    0.674760     0.300000    
29111    1668.284974  -2.862982    0.674360     0.300000    
29121    1668.415838  -2.863185    0.673780     0.300000    
29131    1668.557218  -2.863500    0.675860     0.300000    
29141    1668.693739  -2.863760    0.676960     0.300000    
29151    1668.839392  -2.863998    0.678430     0.300000    
29161    1668.950693  -2.864187    0.676160     0.300000    
29171    1669.042058  -2.864388    0.673010     0.300000    
29181    1669.145357  -2.864630    0.675000     0.300000    
29191    1669.240438  -2.864864    0.674290     0.300000    
29201    1669.345924  -2.864983    0.672440     0.300000    
29211    1669.450640  -2.865205    0.673280     0.300000    
29221    1669.536981  -2.865351    0.675240     0.300000    
29231    1669.639815  -2.865494    0.674510     0.300000    
29241    1669.740879  -2.865945    0.673780     0.300000    
29251    1669.836314  -2.866165    0.674160     0.300000    
29261    1669.937237  -2.866352    0.675790     0.300000    
29271    1670.030213  -2.866547    0.672200     0.300000    
29281    1670.158306  -2.866855    0.676650     0.300000    
29291    1670.305891  -2.867105    0.675150     0.300000    
29301    1670.465422  -2.867316    0.679390     0.300000    
29311    1670.566917  -2.867645    0.670680     0.300000    
29321    1670.648303  -2.867921    0.673410     0.300000    
29331    1670.729802  -2.868285    0.675150     0.300000    
29341    1670.815600  -2.868465    0.673670     0.300000    
29351    1670.893416  -2.868816    0.671290     0.300000    
29361    1670.961061  -2.869165    0.675130     0.300000    
29371    1671.040378  -2.869528    0.674990     0.300000    
29381    1671.120796  -2.869820    0.673800     0.300000    
29391    1671.196266  -2.870135    0.673780     0.300000    
29401    1671.277640  -2.870369    0.671720     0.300000    
29411    1671.364231  -2.870645    0.673290     0.300000    
29421    1671.439970  -2.871011    0.672930     0.300000    
29431    1671.517328  -2.871237    0.673020     0.300000    
29441    1671.598926  -2.871459    0.670300     0.300000    
29451    1671.677473  -2.871657    0.671860     0.300000    
29461    1671.754974  -2.872017    0.675840     0.300000    
29471    1671.843911  -2.872327    0.674160     0.300000    
29481    1671.968460  -2.872572    0.674210     0.300000    
29491    1672.049624  -2.872744    0.673210     0.300000    
29501    1672.137071  -2.872953    0.673270     0.300000    
29511    1672.265829  -2.873156    0.675550     0.300000    
29521    1672.372911  -2.873277    0.672550     0.300000    
29531    1672.532656  -2.873483    0.671150     0.300000    
29541    1672.674206  -2.873705    0.673230     0.300000    
29551    1672.789429  -2.874003    0.673250     0.300000    
29561    1672.882908  -2.874259    0.675210     0.300000    
29571    1672.980089  -2.874389    0.671560     0.300000    
29581    1673.103245  -2.874562    0.672500     0.300000    
29591    1673.183915  -2.874749    0.670560     0.300000    
29601    1673.265495  -2.874964    0.670520     0.300000    
29611    1673.352195  -2.875099    0.673780     0.300000    
29621    1673.435143  -2.875308    0.674280     0.300000    
29631    1673.516559  -2.875590    0.672680     0.300000    
29641    1673.609082  -2.875876    0.670100     0.300000    
29651    1673.699188  -2.876117    0.672710     0.300000    
29661    1673.778888  -2.876394    0.673900     0.300000    
29671    1673.853160  -2.876528    0.670200     0.300000    
29681    1673.929239  -2.876721    0.673020     0.300000    
29691    1674.022107  -2.876909    0.672750     0.300000    
29701    1674.097552  -2.877035    0.673980     0.300000    
29711    1674.183955  -2.877276    0.672950     0.300000    
29721    1674.287263  -2.877436    0.671770     0.300000    
29731    1674.379903  -2.877795    0.671720     0.300000    
29741    1674.481371  -2.877996    0.669500     0.300000    
29751    1674.626195  -2.878190    0.671960     0.300000    
29761    1674.716331  -2.878357    0.667960     0.300000    
29771    1674.794072  -2.878610    0.670570     0.300000    
29781    1674.871038  -2.878937    0.670380     0.300000    
29791    1674.942596  -2.879178    0.674320     0.300000    
29801    1675.015466  -2.879368    0.670570     0.300000    
29811    1675.088876  -2.879524    0.672680     0.300000    
29821    1675.162944  -2.879695    0.669430     0.300000    
29831    1675.272745  -2.879932    0.671890     0.300000    
29841    1675.385031  -2.880228    0.671230     0.300000    
29851    1675.471264  -2.880539    0.670530     0.300000    
29861    1675.555003  -2.880801    0.670890     0.300000    
29871    1675.639658  -2.881206    0.667730     0.300000    
29881    1675.737271  -2.881408    0.668500     0.300000    
29891    1675.821389  -2.881604    0.670120     0.300000    
29901    1675.939008  -2.881775    0.670350     0.300000    
29911    1676.048925  -2.882055    0.671700     0.300000    
29921    1676.139684  -2.882234    0.670120     0.300000    
29931    1676.233235  -2.882475    0.668460     0.300000    
29941    1676.317754  -2.882698    0.667570     0.300000    
29951    1676.437081  -2.882903    0.669520     0.300000    
29961    1676.559022  -2.883194    0.669020     0.300000    
29971    1676.641210  -2.883363    0.669280     0.300000    
29981    1676.725325  -2.883733    0.670240     0.300000    
29991    1676.804894  -2.883948    0.669840     0.300000    
30001    1676.878051  -2.884293    0.664840     0.300000    
30011    1677.013776  -2.884449    0.665310     0.300000    
30021    1677.106009  -2.884726    0.667730     0.300000    
30031    1677.179892  -2.884885    0.669160     0.300000    
30041    1677.332778  -2.885134    0.670420     0.300000    
30051    1677.488351  -2.885368    0.669840     0.300000    
30061    1677.578777  -2.885637    0.666710     0.300000    
30071    1677.674601  -2.885774    0.670310     0.300000    
30081    1677.774332  -2.885999    0.668360     0.300000    
30091    1677.871727  -2.886147    0.666760     0.300000    
30101    1677.994858  -2.886312    0.667900     0.300000    
30111    1678.152127  -2.886478    0.666120     0.300000    
30121    1678.257875  -2.886875    0.667850     0.300000    
30131    1678.332191  -2.887078    0.668880     0.300000    
30141    1678.410745  -2.887351    0.666740     0.300000    
30151    1678.489015  -2.887524    0.669500     0.300000    
30161    1678.562096  -2.887758    0.666090     0.300000    
30171    1678.635088  -2.888047    0.667780     0.300000    
30181    1678.701902  -2.888376    0.667190     0.300000    
30191    1678.776274  -2.888575    0.668160     0.300000    
30201    1678.860652  -2.888888    0.665470     0.300000    
30211    1678.953328  -2.889202    0.668220     0.300000    
30221    1679.033387  -2.889421    0.664780     0.300000    
30231    1679.103898  -2.889667    0.665620     0.300000    
30241    1679.179570  -2.890014    0.666070     0.300000    
30251    1679.260518  -2.890154    0.667780     0.300000    
30261    1679.331775  -2.890336    0.666400     0.300000    
30271    1679.420859  -2.890476    0.667650     0.300000    
30281    1679.515186  -2.890812    0.662480     0.300000    
30291    1679.582430  -2.891029    0.668110     0.300000    
30301    1679.662347  -2.891266    0.669130     0.300000    
30311    1679.736156  -2.891462    0.665640     0.300000    
30321    1679.802030  -2.891980    0.666400     0.300000    
30331    1679.880141  -2.892244    0.667260     0.300000    
30341    1679.972605  -2.892673    0.667550     0.300000    
30351    1680.053127  -2.892930    0.667010     0.300000    
30361    1680.123461  -2.893172    0.667680     0.300000    
30371    1680.199895  -2.893569    0.668290     0.300000    
30381    1680.281189  -2.893764    0.662530     0.300000    
30391    1680.356185  -2.893968    0.663190     0.300000    
30401    1680.433833  -2.894201    0.665100     0.300000    
30411    1680.516722  -2.894473    0.663200     0.300000    
30421    1680.596194  -2.894627    0.666060     0.300000    
30431    1680.670045  -2.894811    0.663680     0.300000    
30441    1680.749017  -2.895059    0.664810     0.300000    
30451    1680.826649  -2.895205    0.665220     0.300000    
30461    1680.896014  -2.895349    0.667180     0.300000    
30471    1681.025768  -2.895522    0.666350     0.300000    
30481    1681.116669  -2.895748    0.661500     0.300000    
30491    1681.217220  -2.895919    0.665490     0.300000    
30501    1681.338541  -2.896083    0.665060     0.300000    
30511    1681.442805  -2.896245    0.667140     0.300000    
30521    1681.572397  -2.896420    0.669770     0.300000    
30531    1681.662595  -2.896628    0.665160     0.300000    
30541    1681.761606  -2.896862    0.665030     0.300000    
30551    1681.843118  -2.897084    0.660960     0.300000    
30561    1681.919803  -2.897200    0.664240     0.300000    
30571    1681.997287  -2.897297    0.661440     0.300000    
30581    1682.072085  -2.897459    0.662850     0.300000    
30591    1682.158627  -2.897831    0.661580     0.300000    
30601    1682.256997  -2.898151    0.665160     0.300000    
30611    1682.339748  -2.898338    0.665830     0.300000    
30621    1682.428962  -2.898622    0.661220     0.300000    
30631    1682.520955  -2.898793    0.664810     0.300000    
30641    1682.608060  -2.899003    0.665670     0.300000    
30651    1682.702869  -2.899169    0.663600     0.300000    
30661    1682.793579  -2.899293    0.663980     0.300000    
30671    1682.879339  -2.899638    0.662250     0.300000    
30681    1682.971242  -2.899784    0.663190     0.300000    
30691    1683.069929  -2.899960    0.664190     0.300000    
30701    1683.188166  -2.900166    0.664340     0.300000    
30711    1683.282718  -2.900440    0.665320     0.300000    
30721    1683.370108  -2.900582    0.663940     0.300000    
30731    1683.443821  -2.900744    0.663170     0.300000    
30741    1683.517614  -2.901019    0.662800     0.300000    
30751    1683.586771  -2.901282    0.661630     0.300000    
30761    1683.663498  -2.901434    0.662270     0.300000    
30771    1683.788312  -2.901632    0.664750     0.300000    
30781    1683.879556  -2.901902    0.661140     0.300000    
30791    1683.957172  -2.902155    0.662330     0.300000    
30801    1684.028443  -2.902416    0.664970     0.300000    
30811    1684.099694  -2.902598    0.661380     0.300000    
30821    1684.205937  -2.902730    0.660890     0.300000    
30831    1684.307248  -2.902882    0.658770     0.300000    
30841    1684.396131  -2.903140    0.660530     0.300000    
30851    1684.470824  -2.903258    0.664050     0.300000    
30861    1684.570904  -2.903554    0.661330     0.300000    
30871    1684.755946  -2.903819    0.662530     0.300000    
30881    1684.905144  -2.904053    0.659650     0.300000    
30891    1684.993182  -2.904263    0.661750     0.300000    
30901    1685.084370  -2.904519    0.664520     0.300000    
30911    1685.247094  -2.904714    0.664080     0.300000    
30921    1685.369922  -2.904965    0.660970     0.300000    
30931    1685.463604  -2.905176    0.662440     0.300000    
30941    1685.576192  -2.905338    0.662180     0.300000    
30951    1685.671504  -2.905552    0.661440     0.300000    
30961    1685.787430  -2.905771    0.658820     0.300000    
30971    1685.879667  -2.905988    0.661840     0.300000    
30981    1685.948497  -2.906084    0.659030     0.300000    
30991    1686.016834  -2.906299    0.661990     0.300000    
31001    1686.078124  -2.906593    0.660540     0.300000    
31011    1686.154256  -2.906762    0.661480     0.300000    
31021    1686.247957  -2.906874    0.661950     0.300000    
31031    1686.323700  -2.907088    0.660360     0.300000    
31041    1686.388031  -2.907310    0.661430     0.300000    
31051    1686.463480  -2.907695    0.660900     0.300000    
31061    1686.541393  -2.907893    0.662760     0.300000    
31071    1686.621794  -2.908089    0.658060     0.300000    
31081    1686.705267  -2.908205    0.661950     0.300000    
31091    1686.785719  -2.908319    0.662580     0.300000    
31101    1686.853839  -2.908546    0.658150     0.300000    
31111    1686.922282  -2.908763    0.660060     0.300000    
31121    1686.982822  -2.908966    0.660720     0.300000    
31131    1687.046633  -2.909224    0.660740     0.300000    
31141    1687.122241  -2.909429    0.660410     0.300000    
31151    1687.251586  -2.909690    0.658890     0.300000    
31161    1687.318332  -2.909950    0.660220     0.300000    
31171    1687.376447  -2.910064    0.658290     0.300000    
31181    1687.436232  -2.910363    0.656240     0.300000    
31191    1687.499955  -2.910594    0.659780     0.300000    
31201    1687.558458  -2.910791    0.659070     0.300000    
31211    1687.617224  -2.911039    0.657350     0.300000    
31221    1687.679507  -2.911159    0.660840     0.300000    
31231    1687.736062  -2.911274    0.657880     0.300000    
31241    1687.791575  -2.911458    0.657370     0.300000    
31250    1687.849325  -2.911637    0.657740     0.300000    
31250    2017.375676  -2.911637    0.000000     0.300000    
31250    2047.065149  -2.911904    0.000000     0.300000    
31250    2047.065812  -2.912140    0.000000     0.300000    
31250    2047.066380  -2.912396    0.000000     0.300000    
31250    2047.066936  -2.912552    0.000000     0.300000    
31250    2047.067474  -2.912677    0.000000     0.300000    
31250    2047.068019  -2.912879    0.000000     0.300000    
31250    2047.068571  -2.913076    0.000000     0.300000    
31250    2047.069137  -2.913260    0.000000     0.300000    
31250    2047.069682  -2.913418    0.000000     0.300000    
31250    2047.077545  -2.913640    0.000000     0.300000    
31250    2047.079021  -2.913790    0.000000     0.300000    
31250    2047.079594  -2.914155    0.000000     0.300000    
31250    2047.081581  -2.914356    0.000000     0.300000    
31250    2047.083120  -2.914558    0.000000     0.300000    
31250    2047.083845  -2.914768    0.000000     0.300000    
31250    2047.084643  -2.915024    0.000000     0.300000    
31250    2047.085401  -2.915209    0.000000     0.300000    
31250    2047.085958  -2.915569    0.000000     0.300000    
31250    2047.086498  -2.915725    0.000000     0.300000    
31250    2047.087046  -2.915815    0.000000     0.300000    
31250    2047.088789  -2.916004    0.000000     0.300000    
31250    2047.092096  -2.916148    0.000000     0.300000    
31250    2047.093084  -2.916278    0.000000     0.300000    
31250    2047.094077  -2.916639    0.000000     0.300000    
31250    2047.094772  -2.916762    0.000000     0.300000    
31250    2047.096184  -2.916858    0.000000     0.300000    
31250    2047.098116  -2.916979    0.000000     0.300000    
31250    2047.105827  -2.917276    0.000000     0.300000    
31250    2047.108194  -2.917445    0.000000     0.300000    
31250    2047.110711  -2.917699    0.000000     0.300000    
31250    2047.111320  -2.917765    0.000000     0.300000    
31250    2047.112543  -2.918079    0.000000     0.300000    
31250    2047.113212  -2.918284    0.000000     0.300000    
31250    2047.113933  -2.918452    0.000000     0.300000    
31250    2047.114675  -2.918732    0.000000     0.300000    
31250    2047.115233  -2.918911    0.000000     0.300000    
31250    2047.116782  -2.919106    0.000000     0.300000    
31250    2047.117616  -2.919331    0.000000     0.300000    
31250    2047.118253  -2.919568    0.000000     0.300000    
31250    2047.119881  -2.919781    0.000000     0.300000    
31250    2047.120491  -2.920105    0.000000     0.300000    
31250    2047.121252  -2.920415    0.000000     0.300000    
31250    2047.121953  -2.920582    0.000000     0.300000    
31250    2047.122566  -2.920838    0.000000     0.300000    
31250    2047.123698  -2.921090    0.000000     0.300000    
31250    2047.124365  -2.921346    0.000000     0.300000    
31250    2047.125761  -2.921538    0.000000     0.300000    
31250    2047.126666  -2.921732    0.000000     0.300000    
31250    2047.127538  -2.921853    0.000000     0.300000    
31250    2047.128190  -2.922118    0.000000     0.300000    
31250    2047.129102  -2.922401    0.000000     0.300000    
31250    2047.129764  -2.922638    0.000000     0.300000    
31250    2047.130322  -2.922780    0.000000     0.300000    
31250    2047.130862  -2.923038    0.000000     0.300000    
31250    2047.131405  -2.923142    0.000000     0.300000    
31250    2047.131952  -2.923389    0.000000     0.300000    
31250    2047.132503  -2.923593    0.000000     0.300000    
31250    2047.133031  -2.923811    0.000000     0.300000    
31250    2047.133558  -2.924081    0.000000     0.300000    
31250    2047.134111  -2.924251    0.000000     0.300000    
31250    2047.134646  -2.924452    0.000000     0.300000    
31250    2047.135194  -2.924665    0.000000     0.300000    
31250    2047.135725  -2.924826    0.000000     0.300000    
31250    2047.136268  -2.925143    0.000000     0.300000    
31250    2047.136931  -2.925416    0.000000     0.300000    
31250    2047.137501  -2.925497    0.000000     0.300000    
31250    2047.138054  -2.925700    0.000000     0.300000    
31250    2047.138689  -2.925796    0.000000     0.300000    
31250    2047.139354  -2.926013    0.000000     0.300000    
31250    2047.139896  -2.926217    0.000000     0.300000    
31250    2047.140435  -2.926464    0.000000     0.300000    
31250    2047.141094  -2.926549    0.000000     0.300000    
31250    2047.141670  -2.926732    0.000000     0.300000    
31250    2047.142264  -2.926863    0.000000     0.300000    
31250    2047.142856  -2.927102    0.000000     0.300000    
31250    2047.143449  -2.927211    0.000000     0.300000    
31250    2047.143975  -2.927367    0.000000     0.300000    
31250    2047.144509  -2.927536    0.000000     0.300000    
31250    2047.145037  -2.927787    0.000000     0.300000    
31250    2047.145570  -2.927930    0.000000     0.300000    
31250    2047.146108  -2.928182    0.000000     0.300000    
31250    2047.146986  -2.928261    0.000000     0.300000    
31250    2047.149375  -2.928380    0.000000     0.300000    
31250    2047.149959  -2.928571    0.000000     0.300000    
31250    2047.150592  -2.928757    0.000000     0.300000    
31250    2047.151179  -2.928997    0.000000     0.300000    
31250    2047.151767  -2.929246    0.000000     0.300000    
31250    2047.152391  -2.929489    0.000000     0.300000    
31250    2047.152977  -2.929676    0.000000     0.300000    
31250    2047.153573  -2.929889    0.000000     0.300000    
31250    2047.154170  -2.930160    0.000000     0.300000    
31250    2047.154754  -2.930248    0.000000     0.300000    
31250    2047.155337  -2.930357    0.000000     0.300000    
31250    2047.155920  -2.930532    0.000000     0.300000    
31250    2047.156516  -2.930743    0.000000     0.300000    
31250    2047.157102  -2.930909    0.000000     0.300000    
31250    2047.157738  -2.931112    0.000000     0.300000    
31250    2047.158323  -2.931314    0.000000     0.300000    
31250    2047.158921  -2.931628    0.000000     0.300000    
31250    2047.159513  -2.931763    0.000000     0.300000    
31250    2047.160090  -2.931885    0.000000     0.300000    
31250    2047.160669  -2.932117    0.000000     0.300000    
31250    2047.161251  -2.932283    0.000000     0.300000    
31250    2047.161847  -2.932571    0.000000     0.300000    
31250    2047.162428  -2.932699    0.000000     0.300000    
31250    2047.163009  -2.932943    0.000000     0.300000    
31250    2047.163591  -2.933129    0.000000     0.300000    
31250    2047.164178  -2.933364    0.000000     0.300000    
31250    2047.164751  -2.933573    0.000000     0.300000    
31250    2047.165332  -2.933719    0.000000     0.300000    
31250    2047.165914  -2.933834    0.000000     0.300000    
31250    2047.166492  -2.933980    0.000000     0.300000    
31250    2047.167078  -2.934197    0.000000     0.300000    
31250    2047.167647  -2.934377    0.000000     0.300000    
31250    2047.168226  -2.934650    0.000000     0.300000    
31250    2047.168811  -2.934872    0.000000     0.300000    
31250    2047.169381  -2.934998    0.000000     0.300000    
31250    2047.169964  -2.935083    0.000000     0.300000    
31250    2047.170546  -2.935285    0.000000     0.300000    
31250    2047.171132  -2.935469    0.000000     0.300000    
31250    2047.171725  -2.935688    0.000000     0.300000    
31250    2047.172310  -2.935954    0.000000     0.300000    
31250    2047.172894  -2.936067    0.000000     0.300000    
31250    2047.173477  -2.936252    0.000000     0.300000    
31250    2047.174060  -2.936493    0.000000     0.300000    
31250    2047.174639  -2.936599    0.000000     0.300000    
31250    2047.175226  -2.936665    0.000000     0.300000    
31250    2047.175811  -2.936870    0.000000     0.300000    
31250    2047.176384  -2.937075    0.000000     0.300000    
31250    2047.176961  -2.937243    0.000000     0.300000    
31250    2047.177550  -2.937402    0.000000     0.300000    
31250    2047.178134  -2.937614    0.000000     0.300000    
31250    2047.178720  -2.937876    0.000000     0.300000    
31250    2047.179296  -2.938097    0.000000     0.300000    
31250    2047.179870  -2.938254    0.000000     0.300000    
31250    2047.180435  -2.938404    0.000000     0.300000    
31250    2047.181012  -2.938529    0.000000     0.300000    
31250    2047.181592  -2.938750    0.000000     0.300000    
31250    2047.182171  -2.938931    0.000000     0.300000    
31250    2047.182746  -2.939150    0.000000     0.300000    
31250    2047.183327  -2.939506    0.000000     0.300000    
31250    2047.183923  -2.939712    0.000000     0.300000    
31250    2047.184507  -2.939938    0.000000     0.300000    
31250    2047.185086  -2.940068    0.000000     0.300000    
31250    2047.185665  -2.940344    0.000000     0.300000    
31250    2047.186240  -2.940479    0.000000     0.300000    
31250    2047.186824  -2.940726    0.000000     0.300000    
31250    2047.187403  -2.940974    0.000000     0.300000    
31250    2047.187981  -2.941086    0.000000     0.300000    
31250    2047.188558  -2.941241    0.000000     0.300000    
31250    2047.189136  -2.941439    0.000000     0.300000    
31250    2047.189715  -2.941563    0.000000     0.300000    
31250    2047.190289  -2.941720    0.000000     0.300000    
31250    2047.190879  -2.941829    0.000000     0.300000    
31250    2047.191456  -2.941937    0.000000     0.300000    
31250    2047.192041  -2.942103    0.000000     0.300000    
31250    2047.192665  -2.942261    0.000000     0.300000    
31250    2047.193288  -2.942364    0.000000     0.300000    
31250    2047.193904  -2.942494    0.000000     0.300000    
31250    2047.194527  -2.942618    0.000000     0.300000    
31250    2047.195146  -2.942787    0.000000     0.300000    
31250    2047.195766  -2.942889    0.000000     0.300000    
31250    2047.196388  -2.943035    0.000000     0.300000    
31250    2047.197005  -2.943238    0.000000     0.300000    
31250    2047.197627  -2.943428    0.000000     0.300000    
31250    2047.198248  -2.943648    0.000000     0.300000    
31250    2047.198859  -2.943815    0.000000     0.300000    
31250    2047.199480  -2.943988    0.000000     0.300000    
31250    2047.200111  -2.944198    0.000000     0.300000    
31250    2047.200727  -2.944362    0.000000     0.300000    
31250    2047.201349  -2.944483    0.000000     0.300000    
31250    2047.201964  -2.944597    0.000000     0.300000    
31250    2047.202589  -2.944880    0.000000     0.300000    
31250    2047.203202  -2.945102    0.000000     0.300000    
31250    2047.203810  -2.945243    0.000000     0.300000    
31250    2047.204440  -2.945559    0.000000     0.300000    
31250    2047.205071  -2.945728    0.000000     0.300000    
31250    2047.205686  -2.945882    0.000000     0.300000    
31250    2047.206296  -2.945966    0.000000     0.300000    
31250    2047.206915  -2.946114    0.000000     0.300000    
31250    2047.207531  -2.946227    0.000000     0.300000    
31250    2047.208149  -2.946410    0.000000     0.300000    
31250    2047.208757  -2.946467    0.000000     0.300000    
31250    2047.209377  -2.946639    0.000000     0.300000    
31250    2047.209998  -2.946773    0.000000     0.300000    
31250    2047.210616  -2.946922    0.000000     0.300000    
31250    2047.211236  -2.947072    0.000000     0.300000    
31250    2047.211859  -2.947369    0.000000     0.300000    
31250    2047.212478  -2.947654    0.000000     0.300000    
31250    2047.213099  -2.947869    0.000000     0.300000    
31250    2047.213712  -2.948096    0.000000     0.300000    
31250    2047.214324  -2.948276    0.000000     0.300000    
31250    2047.214941  -2.948587    0.000000     0.300000    
31250    2047.215561  -2.948857    0.000000     0.300000    
31250    2047.216222  -2.949019    0.000000     0.300000    
31250    2047.216883  -2.949193    0.000000     0.300000    
31250    2047.217566  -2.949403    0.000000     0.300000    
31250    2047.218242  -2.949591    0.000000     0.300000    
31250    2047.218920  -2.949776    0.000000     0.300000    
31250    2047.219600  -2.949925    0.000000     0.300000    
31250    2047.220283  -2.950096    0.000000     0.300000    
31250    2047.220955  -2.950276    0.000000     0.300000    
31250    2047.221636  -2.950624    0.000000     0.300000    
31250    2047.222312  -2.950780    0.000000     0.300000    
31250    2047.222978  -2.950996    0.000000     0.300000    
31250    2047.223648  -2.951120    0.000000     0.300000    
31250    2047.224325  -2.951363    0.000000     0.300000    
31250    2047.224986  -2.951509    0.000000     0.300000    
31250    2047.225638  -2.951773    0.000000     0.300000    
31250    2047.226307  -2.952144    0.000000     0.300000    
31250    2047.226982  -2.952289    0.000000     0.300000    
31250    2047.227655  -2.952600    0.000000     0.300000    
31250    2047.228317  -2.952707    0.000000     0.300000    
31250    2047.228986  -2.952927    0.000000     0.300000    
31250    2047.229657  -2.953058    0.000000     0.300000    
31250    2047.230323  -2.953195    0.000000     0.300000    
31250    2047.230991  -2.953294    0.000000     0.300000    
31250    2047.231665  -2.953428    0.000000     0.300000    
31250    2047.232337  -2.953526    0.000000     0.300000    
31250    2047.233002  -2.953690    0.000000     0.300000    
31250    2047.233671  -2.953860    0.000000     0.300000    
31250    2047.234336  -2.954040    0.000000     0.300000    
31250    2047.235003  -2.954513    0.000000     0.300000    
31250    2047.235671  -2.954673    0.000000     0.300000    
31250    2047.236335  -2.954739    0.000000     0.300000    
31250    2047.236993  -2.954828    0.000000     0.300000    
31250    2047.237664  -2.955135    0.000000     0.300000    
31250    2047.238334  -2.955319    0.000000     0.300000    
31250    2047.239000  -2.955665    0.000000     0.300000    
31250    2047.239675  -2.955853    0.000000     0.300000    
31250    2047.240338  -2.956083    0.000000     0.300000    
31250    2047.241010  -2.956247    0.000000     0.300000    
31250    2047.241679  -2.956479    0.000000     0.300000    
31250    2047.242341  -2.956663    0.000000     0.300000    
31250    2047.243010  -2.956921    0.000000     0.300000    
31250    2047.243670  -2.957022    0.000000     0.300000    
31250    2047.244338  -2.957191    0.000000     0.300000    
31250    2047.245009  -2.957346    0.000000     0.300000    
31250    2047.245673  -2.957490    0.000000     0.300000    
31250    2047.246339  -2.957722    0.000000     0.300000    
31250    2047.247001  -2.957845    0.000000     0.300000    
31250    2047.247662  -2.958094    0.000000     0.300000    
31250    2047.248325  -2.958257    0.000000     0.300000    
31250    2047.248992  -2.958384    0.000000     0.300000    
31250    2047.249655  -2.958550    0.000000     0.300000    
31250    2047.250322  -2.958757    0.000000     0.300000    
31250    2047.250991  -2.958910    0.000000     0.300000    
31250    2047.251702  -2.959073    0.000000     0.300000    
31250    2047.252435  -2.959379    0.000000     0.300000    
31250    2047.253178  -2.959548    0.000000     0.300000    
31250    2047.253902  -2.959724    0.000000     0.300000    
31250    2047.254644  -2.959877    0.000000     0.300000    
31250    2047.255379  -2.960063    0.000000     0.300000    
31250    2047.256115  -2.960161    0.000000     0.300000    
31250    2047.256850  -2.960356    0.000000     0.300000    
31250    2047.257582  -2.960533    0.000000     0.300000    
31250    2047.258316  -2.960641    0.000000     0.300000    
31250    2047.259052  -2.960854    0.000000     0.300000    
31250    2047.259785  -2.961082    0.000000     0.300000    
31250    2047.260514  -2.961263    0.000000     0.300000    
31250    2047.261241  -2.961474    0.000000     0.300000    
31250    2047.261963  -2.961605    0.000000     0.300000    
31250    2047.262692  -2.961868    0.000000     0.300000    
31250    2047.263415  -2.962105    0.000000     0.300000    
31250    2047.264135  -2.962287    0.000000     0.300000    
31250    2047.264865  -2.962544    0.000000     0.300000    
31250    2047.265591  -2.962745    0.000000     0.300000    
31250    2047.266331  -2.963029    0.000000     0.300000    
31250    2047.267073  -2.963171    0.000000     0.300000    
31250    2047.267809  -2.963307    0.000000     0.300000    
31250    2047.268544  -2.963467    0.000000     0.300000    
31250    2047.269262  -2.963741    0.000000     0.300000    
31250    2047.269991  -2.963835    0.000000     0.300000    
31250    2047.270719  -2.963953    0.000000     0.300000    
31250    2047.271447  -2.964242    0.000000     0.300000    
31250    2047.272175  -2.964380    0.000000     0.300000    
31250    2047.272902  -2.964630    0.000000     0.300000    
31250    2047.273624  -2.964838    0.000000     0.300000    
31250    2047.274350  -2.964984    0.000000     0.300000    
31250    2047.275074  -2.965141    0.000000     0.300000    
31250    2047.275795  -2.965349    0.000000     0.300000    
31250    2047.276522  -2.965436    0.000000     0.300000    
31250    2047.277245  -2.965621    0.000000     0.300000    
31250    2047.277965  -2.965741    0.000000     0.300000    
31250    2047.278692  -2.966027    0.000000     0.300000    
31250    2047.279410  -2.966095    0.000000     0.300000    
31250    2047.280149  -2.966228    0.000000     0.300000    
31250    2047.280874  -2.966328    0.000000     0.300000    
31250    2047.281602  -2.966413    0.000000     0.300000    
31250    2047.282331  -2.966545    0.000000     0.300000    
31250    2047.283046  -2.966596    0.000000     0.300000    
31250    2047.283765  -2.966773    0.000000     0.300000    
31250    2047.284492  -2.966952    0.000000     0.300000    
31250    2047.285215  -2.967148    0.000000     0.300000    
31250    2047.285947  -2.967288    0.000000     0.300000    
31250    2047.286681  -2.967381    0.000000     0.300000    
31250    2047.287413  -2.967585    0.000000     0.300000    
31250    2047.288143  -2.967719    0.000000     0.300000    
31250    2047.288873  -2.967959    0.000000     0.300000    
31250    2047.289606  -2.968143    0.000000     0.300000    
31250    2047.290332  -2.968307    0.000000     0.300000    
31250    2047.291050  -2.968351    0.000000     0.300000    
31250    2047.291778  -2.968584    0.000000     0.300000    
31250    2047.292496  -2.968679    0.000000     0.300000    
31250    2047.293217  -2.968943    0.000000     0.300000    
31250    2047.293933  -2.969151    0.000000     0.300000    
31250    2047.294657  -2.969323    0.000000     0.300000    
31250    2047.295383  -2.969510    0.000000     0.300000    
31250    2047.296104  -2.969684    0.000000     0.300000    
31250    2047.296827  -2.969841    0.000000     0.300000    
31250    2047.297552  -2.970015    0.000000     0.300000    
31250    2047.298277  -2.970102    0.000000     0.300000    
31250    2047.298992  -2.970221    0.000000     0.300000    
31250    2047.299715  -2.970412    0.000000     0.300000    
31250    2047.300458  -2.970534    0.000000     0.300000    
31250    2047.301262  -2.970692    0.000000     0.300000    
31250    2047.302123  -2.970929    0.000000     0.300000    
31250    2047.302940  -2.971093    0.000000     0.300000    
31250    2047.303753  -2.971330    0.000000     0.300000    
31250    2047.304558  -2.971594    0.000000     0.300000    
31250    2047.305362  -2.971751    0.000000     0.300000    
31250    2047.306173  -2.971967    0.000000     0.300000    
31250    2047.306993  -2.972130    0.000000     0.300000    
31250    2047.307814  -2.972372    0.000000     0.300000    
31250    2047.308624  -2.972490    0.000000     0.300000    
31250    2047.309435  -2.972651    0.000000     0.300000    
31250    2047.310242  -2.972776    0.000000     0.300000    
31250    2047.311054  -2.972976    0.000000     0.300000    
31250    2047.311913  -2.973133    0.000000     0.300000    
31250    2047.313360  -2.973277    0.000000     0.300000    
31250    2047.314202  -2.973472    0.000000     0.300000    
31250    2047.315045  -2.973588    0.000000     0.300000    
31250    2047.315882  -2.973770    0.000000     0.300000    
31250    2047.316700  -2.974032    0.000000     0.300000    
31250    2047.317502  -2.974259    0.000000     0.300000    
31250    2047.318327  -2.974458    0.000000     0.300000    
31250    2047.319153  -2.974675    0.000000     0.300000    
31250    2047.319986  -2.974823    0.000000     0.300000    
31250    2047.320840  -2.975158    0.000000     0.300000    
31250    2047.321674  -2.975379    0.000000     0.300000    
31250    2047.322502  -2.975519    0.000000     0.300000    
31250    2047.323320  -2.975730    0.000000     0.300000    
31250    2047.324147  -2.975877    0.000000     0.300000    
31250    2047.324976  -2.976103    0.000000     0.300000    
31250    2047.325783  -2.976202    0.000000     0.300000    
31250    2047.326620  -2.976423    0.000000     0.300000    
31250    2047.327444  -2.976493    0.000000     0.300000    
31250    2047.328266  -2.976754    0.000000     0.300000    
31250    2047.329080  -2.977081    0.000000     0.300000    
31250    2047.329887  -2.977286    0.000000     0.300000    
31250    2047.330684  -2.977447    0.000000     0.300000    
31250    2047.331489  -2.977665    0.000000     0.300000    
31250    2047.332295  -2.977795    0.000000     0.300000    
31250    2047.333111  -2.977922    0.000000     0.300000    
31250    2047.333942  -2.978110    0.000000     0.300000    
31250    2047.334777  -2.978252    0.000000     0.300000    
31250    2047.335610  -2.978387    0.000000     0.300000    
31250    2047.336444  -2.978528    0.000000     0.300000    
31250    2047.337281  -2.978815    0.000000     0.300000    
31250    2047.338104  -2.978985    0.000000     0.300000    
31250    2047.338939  -2.979094    0.000000     0.300000    
31250    2047.339780  -2.979234    0.000000     0.300000    
31250    2047.340597  -2.979402    0.000000     0.300000    
31250    2047.341397  -2.979661    0.000000     0.300000    
31250    2047.342197  -2.979795    0.000000     0.300000    
31250    2047.342996  -2.979872    0.000000     0.300000    
31250    2047.343786  -2.979991    0.000000     0.300000    
31250    2047.344585  -2.980187    0.000000     0.300000    
31250    2047.345378  -2.980455    0.000000     0.300000    
31250    2047.346165  -2.980607    0.000000     0.300000    
31250    2047.346947  -2.980739    0.000000     0.300000    
31250    2047.347724  -2.980876    0.000000     0.300000    
31250    2047.348514  -2.981180    0.000000     0.300000    
31250    2047.349314  -2.981284    0.000000     0.300000    
31250    2047.350111  -2.981419    0.000000     0.300000    
31250    2047.350912  -2.981698    0.000000     0.300000    
31250    2047.351697  -2.981798    0.000000     0.300000    
31250    2047.352483  -2.982070    0.000000     0.300000    
31250    2047.353278  -2.982224    0.000000     0.300000    
31250    2047.354143  -2.982306    0.000000     0.300000    
31250    2047.354945  -2.982458    0.000000     0.300000    
31250    2047.355742  -2.982574    0.000000     0.300000    
31250    2047.356526  -2.982674    0.000000     0.300000    
31250    2047.357315  -2.982865    0.000000     0.300000    
31250    2047.358105  -2.982980    0.000000     0.300000    
31250    2047.358894  -2.983116    0.000000     0.300000    
31250    2047.359684  -2.983207    0.000000     0.300000    
31250    2047.360462  -2.983240    0.000000     0.300000    
31250    2047.361239  -2.983445    0.000000     0.300000    
31250    2047.362019  -2.983599    0.000000     0.300000    
31250    2047.362805  -2.983930    0.000000     0.300000    
31250    2047.363591  -2.984055    0.000000     0.300000    
31250    2047.364361  -2.984184    0.000000     0.300000    
31250    2047.365139  -2.984434    0.000000     0.300000    
31250    2047.365916  -2.984660    0.000000     0.300000    
31250    2047.366725  -2.984817    0.000000     0.300000    
31250    2047.367531  -2.985085    0.000000     0.300000    
31250    2047.368307  -2.985141    0.000000     0.300000    
31250    2047.369098  -2.985240    0.000000     0.300000    
31250    2047.369887  -2.985441    0.000000     0.300000    
31250    2047.370670  -2.985538    0.000000     0.300000    
31250    2047.371463  -2.985711    0.000000     0.300000    
31250    2047.372264  -2.985860    0.000000     0.300000    
31250    2047.373035  -2.986026    0.000000     0.300000    
31250    2047.373837  -2.986278    0.000000     0.300000    
31250    2047.374627  -2.986404    0.000000     0.300000    
31250    2047.375441  -2.986641    0.000000     0.300000    
31250    2047.376252  -2.986771    0.000000     0.300000    
31250    2047.377038  -2.986905    0.000000     0.300000    
31250    2047.377828  -2.987073    0.000000     0.300000    
31250    2047.378630  -2.987255    0.000000     0.300000    
31250    2047.379422  -2.987468    0.000000     0.300000    
31250    2047.380220  -2.987570    0.000000     0.300000    
31250    2047.381007  -2.987759    0.000000     0.300000    
31250    2047.381800  -2.987937    0.000000     0.300000    
31250    2047.382595  -2.988065    0.000000     0.300000    
31250    2047.383376  -2.988178    0.000000     0.300000    
31250    2047.384150  -2.988312    0.000000     0.300000    
31250    2047.384942  -2.988510    0.000000     0.300000    
31250    2047.385712  -2.988638    0.000000     0.300000    
31250    2047.386488  -2.988835    0.000000     0.300000    
31250    2047.387270  -2.989060    0.000000     0.300000    
31250    2047.388050  -2.989211    0.000000     0.300000    
31250    2047.388833  -2.989377    0.000000     0.300000    
31250    2047.389601  -2.989480    0.000000     0.300000    
31250    2047.390389  -2.989703    0.000000     0.300000    
31250    2047.391174  -2.989974    0.000000     0.300000    
31250    2047.391981  -2.990115    0.000000     0.300000    
31250    2047.392769  -2.990268    0.000000     0.300000    
31250    2047.393540  -2.990448    0.000000     0.300000    
31250    2047.394331  -2.990537    0.000000     0.300000    
31250    2047.395110  -2.990791    0.000000     0.300000    
31250    2047.395909  -2.991024    0.000000     0.300000    
31250    2047.396669  -2.991078    0.000000     0.300000    
31250    2047.397450  -2.991265    0.000000     0.300000    
31250    2047.398232  -2.991449    0.000000     0.300000    
31250    2047.399008  -2.991563    0.000000     0.300000    
31250    2047.399802  -2.991736    0.000000     0.300000    
31250    2047.400580  -2.991843    0.000000     0.300000    
31250    2047.401373  -2.991979    0.000000     0.300000    
31250    2047.402169  -2.992132    0.000000     0.300000    
31250    2047.402961  -2.992333    0.000000     0.300000    
31250    2047.403743  -2.992436    0.000000     0.300000    
31250    2047.404531  -2.992651    0.000000     0.300000    
31250    2047.405313  -2.992879    0.000000     0.300000    
31250    2047.406093  -2.993103    0.000000     0.300000    
31250    2047.406862  -2.993173    0.000000     0.300000    
31250    2047.407635  -2.993428    0.000000     0.300000    
31250    2047.408421  -2.993646    0.000000     0.300000    
31250    2047.409230  -2.993872    0.000000     0.300000    
31250    2047.410114  -2.994023    0.000000     0.300000    
31250    2047.411002  -2.994169    0.000000     0.300000    
31250    2047.411886  -2.994260    0.000000     0.300000    
31250    2047.412768  -2.994374    0.000000     0.300000    
31250    2047.413660  -2.994464    0.000000     0.300000    
31250    2047.414544  -2.994612    0.000000     0.300000    
31250    2047.415422  -2.994736    0.000000     0.300000    
31250    2047.416301  -2.994919    0.000000     0.300000    
31250    2047.417171  -2.995090    0.000000     0.300000    
31250    2047.418051  -2.995308    0.000000     0.300000    
31250    2047.418937  -2.995523    0.000000     0.300000    
31250    2047.419832  -2.995692    0.000000     0.300000    
31250    2047.420713  -2.995877    0.000000     0.300000    
31250    2047.421601  -2.996001    0.000000     0.300000    
31250    2047.422469  -2.996200    0.000000     0.300000    
31250    2047.423346  -2.996327    0.000000     0.300000    
31250    2047.424247  -2.996483    0.000000     0.300000    
31250    2047.425130  -2.996537    0.000000     0.300000    
31250    2047.426017  -2.996654    0.000000     0.300000    
31250    2047.426900  -2.996721    0.000000     0.300000    
31250    2047.427792  -2.997002    0.000000     0.300000    
31250    2047.428680  -2.997169    0.000000     0.300000    
31250    2047.429572  -2.997376    0.000000     0.300000    
31250    2047.430450  -2.997636    0.000000     0.300000    
31250    2047.431329  -2.997865    0.000000     0.300000    
31250    2047.432215  -2.998014    0.000000     0.300000    
31250    2047.433103  -2.998116    0.000000     0.300000    
31250    2047.433997  -2.998384    0.000000     0.300000    
31250    2047.434869  -2.998494    0.000000     0.300000    
31250    2047.435764  -2.998635    0.000000     0.300000    
31250    2047.436644  -2.998765    0.000000     0.300000    
31250    2047.437517  -2.998946    0.000000     0.300000    
31250    2047.438389  -2.999109    0.000000     0.300000    
31250    2047.439258  -2.999237    0.000000     0.300000    
31250    2047.440120  -2.999414    0.000000     0.300000    
31250    2047.441016  -2.999503    0.000000     0.300000    
31250    2047.443872  -2.999762    0.000000     0.300000    
31250    2047.444763  -2.999881    0.000000     0.300000    
31250    2047.445660  -3.000043    0.000000     0.300000    
31250    2047.446563  -3.000167    0.000000     0.300000    
31250    2047.447432  -3.000248    0.000000     0.300000    
31250    2047.448319  -3.000340    0.000000     0.300000    
31250    2047.449214  -3.000663    0.000000     0.300000    
31250    2047.450104  -3.000809    0.000000     0.300000    
31250    2047.450969  -3.000905    0.000000     0.300000    
31250    2047.451860  -3.001107    0.000000     0.300000    
31250    2047.452738  -3.001284    0.000000     0.300000    
31250    2047.453620  -3.001426    0.000000     0.300000    
31250    2047.454492  -3.001495    0.000000     0.300000    
31250    2047.455387  -3.001704    0.000000     0.300000    
31250    2047.456275  -3.001895    0.000000     0.300000    
31250    2047.457155  -3.002013    0.000000     0.300000    
31250    2047.458031  -3.002292    0.000000     0.300000    
31250    2047.458906  -3.002413    0.000000     0.300000    
31250    2047.459785  -3.002474    0.000000     0.300000    
31250    2047.460671  -3.002563    0.000000     0.300000    
31250    2047.461571  -3.002791    0.000000     0.300000    
31250    2047.462465  -3.002996    0.000000     0.300000    
31250    2047.463350  -3.003066    0.000000     0.300000    
31250    2047.464230  -3.003234    0.000000     0.300000    
31250    2047.465118  -3.003348    0.000000     0.300000    
31250    2047.466002  -3.003452    0.000000     0.300000    
31250    2047.466883  -3.003590    0.000000     0.300000    
31250    2047.467760  -3.003776    0.000000     0.300000    
31250    2047.468637  -3.003901    0.000000     0.300000    
31250    2047.469502  -3.003963    0.000000     0.300000    
31250    2047.470375  -3.004195    0.000000     0.300000    
31250    2047.471249  -3.004310    0.000000     0.300000    
31250    2047.472127  -3.004434    0.000000     0.300000    
31250    2047.472995  -3.004584    0.000000     0.300000    
31250    2047.473868  -3.004727    0.000000     0.300000    
31250    2047.474735  -3.004768    0.000000     0.300000    
31250    2047.475614  -3.004949    0.000000     0.300000    
31250    2047.476503  -3.005161    0.000000     0.300000    
31250    2047.477388  -3.005340    0.000000     0.300000    
31250    2047.478244  -3.005451    0.000000     0.300000    
31250    2047.479117  -3.005565    0.000000     0.300000    
31250    2047.480003  -3.005678    0.000000     0.300000    
31250    2047.480886  -3.005759    0.000000     0.300000    
31250    2047.481755  -3.005899    0.000000     0.300000    
31250    2047.482632  -3.006073    0.000000     0.300000    
31250    2047.483512  -3.006193    0.000000     0.300000    
31250    2047.484393  -3.006407    0.000000     0.300000    
31250    2047.485280  -3.006615    0.000000     0.300000    
31250    2047.486165  -3.006756    0.000000     0.300000    
31250    2047.487044  -3.006830    0.000000     0.300000    
31250    2047.487931  -3.006966    0.000000     0.300000    
31250    2047.488820  -3.007112    0.000000     0.300000    
31250    2047.489685  -3.007247    0.000000     0.300000    
31250    2047.490564  -3.007357    0.000000     0.300000    
31250    2047.491443  -3.007574    0.000000     0.300000    
31250    2047.492323  -3.007675    0.000000     0.300000    
31250    2047.493193  -3.007780    0.000000     0.300000    
31250    2047.494068  -3.007800    0.000000     0.300000    
31250    2047.494940  -3.007926    0.000000     0.300000    
31250    2047.495798  -3.008002    0.000000     0.300000    
31250    2047.496670  -3.008141    0.000000     0.300000    
31250    2047.497549  -3.008240    0.000000     0.300000    
31250    2047.498433  -3.008442    0.000000     0.300000    
31250    2047.499350  -3.008624    0.000000     0.300000    
31250    2047.500244  -3.008807    0.000000     0.300000    
31250    2047.501148  -3.008963    0.000000     0.300000    
31250    2047.502048  -3.009046    0.000000     0.300000    
31250    2047.502945  -3.009245    0.000000     0.300000    
31250    2047.503839  -3.009529    0.000000     0.300000    
31250    2047.504702  -3.009604    0.000000     0.300000    
31250    2047.505602  -3.009784    0.000000     0.300000    
31250    2047.506489  -3.010025    0.000000     0.300000    
31250    2047.507353  -3.010104    0.000000     0.300000    
31250    2047.508231  -3.010201    0.000000     0.300000    
31250    2047.509100  -3.010311    0.000000     0.300000    
31250    2047.509979  -3.010498    0.000000     0.300000    
31250    2047.510848  -3.010656    0.000000     0.300000    
31250    2047.511717  -3.010860    0.000000     0.300000    
31250    2047.512587  -3.010976    0.000000     0.300000    
31250    2047.513466  -3.011096    0.000000     0.300000    
31250    2047.514336  -3.011240    0.000000     0.300000    
31250    2047.515211  -3.011322    0.000000     0.300000    
31250    2047.516080  -3.011382    0.000000     0.300000    
31250    2047.516954  -3.011590    0.000000     0.300000    
31250    2047.517815  -3.011757    0.000000     0.300000    
31250    2047.518704  -3.011891    0.000000     0.300000    
31250    2047.519582  -3.012145    0.000000     0.300000    
31250    2047.520464  -3.012356    0.000000     0.300000    
31250    2047.521359  -3.012448    0.000000     0.300000    
31250    2047.522255  -3.012604    0.000000     0.300000    
31250    2047.523146  -3.012693    0.000000     0.300000    
31250    2047.524043  -3.012963    0.000000     0.300000    
31250    2047.524949  -3.013196    0.000000     0.300000    
31250    2047.525819  -3.013399    0.000000     0.300000    
31250    2047.526674  -3.013465    0.000000     0.300000    
31250    2047.527532  -3.013583    0.000000     0.300000    
31250    2047.528397  -3.013669    0.000000     0.300000    
31250    2047.529285  -3.013890    0.000000     0.300000    
31250    2047.530159  -3.014038    0.000000     0.300000    
31250    2047.531030  -3.014133    0.000000     0.300000    
31250    2047.531917  -3.014210    0.000000     0.300000    
31250    2047.532798  -3.014369    0.000000     0.300000    
31250    2047.533677  -3.014510    0.000000     0.300000    
31250    2047.534554  -3.014693    0.000000     0.300000    
31250    2047.535434  -3.014824    0.000000     0.300000    
31250    2047.536300  -3.015007    0.000000     0.300000    
31250    2047.537170  -3.015057    0.000000     0.300000    
31250    2047.538044  -3.015276    0.000000     0.300000    
31250    2047.538911  -3.015377    0.000000     0.300000    
31250    2047.539788  -3.015568    0.000000     0.300000    
31250    2047.540676  -3.015865    0.000000     0.300000    
31250    2047.541553  -3.015968    0.000000     0.300000    
31250    2047.542451  -3.016243    0.000000     0.300000    
31250    2047.543358  -3.016522    0.000000     0.300000    
31250    2047.544263  -3.016708    0.000000     0.300000    
31250    2047.545164  -3.016761    0.000000     0.300000    
31250    2047.546045  -3.016952    0.000000     0.300000    
31250    2047.546959  -3.017080    0.000000     0.300000    
31250    2047.547841  -3.017193    0.000000     0.300000    
31250    2047.548754  -3.017360    0.000000     0.300000    
31250    2047.549636  -3.017447    0.000000     0.300000    
31250    2047.550542  -3.017624    0.000000     0.300000    
31250    2047.551438  -3.017999    0.000000     0.300000    
31250    2047.552324  -3.018185    0.000000     0.300000    
31250    2047.553225  -3.018321    0.000000     0.300000    
31250    2047.554117  -3.018450    0.000000     0.300000    
31250    2047.555023  -3.018571    0.000000     0.300000    
31250    2047.555842  -3.018771    0.000000     0.300000    
31250    2047.556646  -3.019075    0.000000     0.300000    
31250    2047.557435  -3.019175    0.000000     0.300000    
31250    2047.558261  -3.019364    0.000000     0.300000    
31250    2047.559051  -3.019527    0.000000     0.300000    
31250    2047.559822  -3.019669    0.000000     0.300000    
31250    2047.560592  -3.019757    0.000000     0.300000    
31250    2047.561360  -3.019873    0.000000     0.300000    
31250    2047.562129  -3.020093    0.000000     0.300000    
31250    2047.562900  -3.020307    0.000000     0.300000    
31250    2047.563673  -3.020419    0.000000     0.300000    
31250    2047.564438  -3.020488    0.000000     0.300000    
31250    2047.565205  -3.020601    0.000000     0.300000    
31250    2047.565978  -3.020642    0.000000     0.300000    
31250    2047.566748  -3.020823    0.000000     0.300000    
31250    2047.567516  -3.021008    0.000000     0.300000    
31250    2047.568287  -3.021232    0.000000     0.300000    
31250    2047.569052  -3.021389    0.000000     0.300000    
31250    2047.569814  -3.021549    0.000000     0.300000    
31250    2047.570574  -3.021721    0.000000     0.300000    
31250    2047.571338  -3.021817    0.000000     0.300000    
31250    2047.572092  -3.021933    0.000000     0.300000    
31250    2047.572848  -3.022069    0.000000     0.300000    
31250    2047.573617  -3.022253    0.000000     0.300000    
31250    2047.574388  -3.022319    0.000000     0.300000    
31250    2047.575157  -3.022459    0.000000     0.300000    
31250    2047.575925  -3.022558    0.000000     0.300000    
31250    2047.576690  -3.022669    0.000000     0.300000    
31250    2047.577456  -3.022789    0.000000     0.300000    
31250    2047.578219  -3.022906    0.000000     0.300000    
31250    2047.578987  -3.023069    0.000000     0.300000    
31250    2047.579736  -3.023135    0.000000     0.300000    
31250    2047.580500  -3.023322    0.000000     0.300000    
31250    2047.581274  -3.023526    0.000000     0.300000    
31250    2047.582043  -3.023633    0.000000     0.300000    
31250    2047.582813  -3.023794    0.000000     0.300000    
31250    2047.583576  -3.023863    0.000000     0.300000    
31250    2047.584345  -3.023941    0.000000     0.300000    
31250    2047.585116  -3.024253    0.000000     0.300000    
31250    2047.585880  -3.024398    0.000000     0.300000    
31250    2047.586651  -3.024574    0.000000     0.300000    
31250    2047.587425  -3.024719    0.000000     0.300000    
31250    2047.588197  -3.024866    0.000000     0.300000    
31250    2047.588958  -3.024977    0.000000     0.300000    
31250    2047.589719  -3.025181    0.000000     0.300000    
31250    2047.590482  -3.025330    0.000000     0.300000    
31250    2047.591258  -3.025496    0.000000     0.300000    
31250    2047.592025  -3.025624    0.000000     0.300000    
31250    2047.592803  -3.025800    0.000000     0.300000    
31250    2047.593580  -3.025902    0.000000     0.300000    
31250    2047.594339  -3.026023    0.000000     0.300000    
31250    2047.595122  -3.026257    0.000000     0.300000    
31250    2047.595894  -3.026359    0.000000     0.300000    
31250    2047.596684  -3.026511    0.000000     0.300000    
31250    2047.597456  -3.026728    0.000000     0.300000    
31250    2047.598219  -3.026928    0.000000     0.300000    
31250    2047.598965  -3.026979    0.000000     0.300000    
31250    2047.599743  -3.027215    0.000000     0.300000    
31250    2047.600509  -3.027425    0.000000     0.300000    
31250    2047.601270  -3.027559    0.000000     0.300000    
31250    2047.602056  -3.027681    0.000000     0.300000    
31250    2047.602830  -3.027838    0.000000     0.300000    
31250    2047.603537  -3.027917    0.000000     0.300000    
31250    2047.604218  -3.027997    0.000000     0.300000    
31250    2047.604908  -3.028102    0.000000     0.300000    
31250    2047.605593  -3.028269    0.000000     0.300000    
31250    2047.606278  -3.028406    0.000000     0.300000    
31250    2047.606968  -3.028668    0.000000     0.300000    
31250    2047.607663  -3.028844    0.000000     0.300000    
31250    2047.608346  -3.029090    0.000000     0.300000    
31250    2047.609035  -3.029187    0.000000     0.300000    
31250    2047.609721  -3.029374    0.000000     0.300000    
31250    2047.610401  -3.029486    0.000000     0.300000    
31250    2047.611088  -3.029639    0.000000     0.300000    
31250    2047.611780  -3.029735    0.000000     0.300000    
31250    2047.612468  -3.029883    0.000000     0.300000    
31250    2047.613148  -3.029994    0.000000     0.300000    
31250    2047.613843  -3.030278    0.000000     0.300000    
31250    2047.614532  -3.030466    0.000000     0.300000    
31250    2047.615221  -3.030604    0.000000     0.300000    
31250    2047.615912  -3.030774    0.000000     0.300000    
31250    2047.616596  -3.030890    0.000000     0.300000    
31250    2047.617281  -3.031081    0.000000     0.300000    
31250    2047.617966  -3.031187    0.000000     0.300000    
31250    2047.618647  -3.031275    0.000000     0.300000    
31250    2047.619339  -3.031471    0.000000     0.300000    
31250    2047.620018  -3.031633    0.000000     0.300000    
31250    2047.620707  -3.031804    0.000000     0.300000    
31250    2047.621380  -3.031952    0.000000     0.300000    
31250    2047.622059  -3.032064    0.000000     0.300000    
31250    2047.622747  -3.032256    0.000000     0.300000    
31250    2047.623436  -3.032380    0.000000     0.300000    
31250    2047.624114  -3.032478    0.000000     0.300000    
31250    2047.624798  -3.032714    0.000000     0.300000    
31250    2047.625485  -3.032829    0.000000     0.300000    
31250    2047.626175  -3.033058    0.000000     0.300000    
31250    2047.626868  -3.033165    0.000000     0.300000    
31250    2047.627546  -3.033251    0.000000     0.300000    
31250    2047.628224  -3.033416    0.000000     0.300000    
31250    2047.628909  -3.033698    0.000000     0.300000    
31250    2047.629591  -3.033860    0.000000     0.300000    
31250    2047.630286  -3.033975    0.000000     0.300000    
31250    2047.630976  -3.034100    0.000000     0.300000    
31250    2047.631651  -3.034154    0.000000     0.300000    
31250    2047.632338  -3.034280    0.000000     0.300000    
31250    2047.633032  -3.034399    0.000000     0.300000    
31250    2047.633717  -3.034582    0.000000     0.300000    
31250    2047.634391  -3.034754    0.000000     0.300000    
31250    2047.635068  -3.034869    0.000000     0.300000    
31250    2047.635753  -3.034960    0.000000     0.300000    
31250    2047.636420  -3.035105    0.000000     0.300000    
31250    2047.637107  -3.035237    0.000000     0.300000    
31250    2047.637790  -3.035355    0.000000     0.300000    
31250    2047.638465  -3.035486    0.000000     0.300000    
31250    2047.639150  -3.035717    0.000000     0.300000    
31250    2047.639855  -3.035803    0.000000     0.300000    
31250    2047.640523  -3.035982    0.000000     0.300000    
31250    2047.641202  -3.036145    0.000000     0.300000    
31250    2047.641890  -3.036331    0.000000     0.300000    
31250    2047.642575  -3.036449    0.000000     0.300000    
31250    2047.643253  -3.036532    0.000000     0.300000    
31250    2047.643944  -3.036650    0.000000     0.300000    
31250    2047.644632  -3.036793    0.000000     0.300000    
31250    2047.645325  -3.036985    0.000000     0.300000    
31250    2047.646018  -3.037140    0.000000     0.300000    
31250    2047.646697  -3.037231    0.000000     0.300000    
31250    2047.647387  -3.037414    0.000000     0.300000    
31250    2047.648077  -3.037511    0.000000     0.300000    
31250    2047.648762  -3.037594    0.000000     0.300000    
31250    2047.649535  -3.037831    0.000000     0.300000    
31250    2047.650258  -3.037952    0.000000     0.300000    
31250    2047.650988  -3.038095    0.000000     0.300000    
31250    2047.651700  -3.038234    0.000000     0.300000    
31250    2047.652408  -3.038345    0.000000     0.300000    
31250    2047.653044  -3.038455    0.000000     0.300000    
31250    2047.653691  -3.038542    0.000000     0.300000    
31250    2047.654334  -3.038712    0.000000     0.300000    
31250    2047.654972  -3.038836    0.000000     0.300000    
31250    2047.655599  -3.038964    0.000000     0.300000    
31250    2047.656237  -3.039056    0.000000     0.300000    
31250    2047.656876  -3.039155    0.000000     0.300000    
31250    2047.657506  -3.039260    0.000000     0.300000    
31250    2047.658138  -3.039380    0.000000     0.300000    
31250    2047.658771  -3.039492    0.000000     0.300000    
31250    2047.659406  -3.039632    0.000000     0.300000    
31250    2047.660041  -3.039752    0.000000     0.300000    
31250    2047.660663  -3.039824    0.000000     0.300000    
31250    2047.661296  -3.039964    0.000000     0.300000    
31250    2047.661927  -3.040061    0.000000     0.300000    
31250    2047.662560  -3.040139    0.000000     0.300000    
31250    2047.663198  -3.040315    0.000000     0.300000    
31250    2047.663834  -3.040549    0.000000     0.300000    
31250    2047.664471  -3.040659    0.000000     0.300000    
31250    2047.665102  -3.040785    0.000000     0.300000    
31250    2047.665739  -3.040896    0.000000     0.300000    
31250    2047.666368  -3.040998    0.000000     0.300000    
31250    2047.667001  -3.041209    0.000000     0.300000    
31250    2047.667622  -3.041278    0.000000     0.300000    
31250    2047.668251  -3.041355    0.000000     0.300000    
31250    2047.668893  -3.041553    0.000000     0.300000    
31250    2047.669532  -3.041625    0.000000     0.300000    
31250    2047.670164  -3.041746    0.000000     0.300000    
31250    2047.670796  -3.041887    0.000000     0.300000    
31250    2047.671430  -3.041956    0.000000     0.300000    
31250    2047.672060  -3.042032    0.000000     0.300000    
31250    2047.672687  -3.042121    0.000000     0.300000    
31250    2047.673320  -3.042281    0.000000     0.300000    
31250    2047.673953  -3.042421    0.000000     0.300000    
31250    2047.674588  -3.042506    0.000000     0.300000    
31250    2047.675228  -3.042593    0.000000     0.300000    
31250    2047.675863  -3.042684    0.000000     0.300000    
31250    2047.676492  -3.042747    0.000000     0.300000    
31250    2047.677121  -3.042849    0.000000     0.300000    
31250    2047.677756  -3.043008    0.000000     0.300000    
31250    2047.678391  -3.043196    0.000000     0.300000    
31250    2047.679015  -3.043334    0.000000     0.300000    
31250    2047.679650  -3.043490    0.000000     0.300000    
31250    2047.680274  -3.043616    0.000000     0.300000    
31250    2047.680898  -3.043755    0.000000     0.300000    
31250    2047.681538  -3.043947    0.000000     0.300000    
31250    2047.682180  -3.044145    0.000000     0.300000    
31250    2047.682816  -3.044236    0.000000     0.300000    
31250    2047.683453  -3.044349    0.000000     0.300000    
31250    2047.684094  -3.044455    0.000000     0.300000    
31250    2047.684728  -3.044592    0.000000     0.300000    
31250    2047.685360  -3.044752    0.000000     0.300000    
31250    2047.685992  -3.044933    0.000000     0.300000    
31250    2047.686629  -3.045063    0.000000     0.300000    
31250    2047.687260  -3.045208    0.000000     0.300000    
31250    2047.687893  -3.045321    0.000000     0.300000    
31250    2047.688520  -3.045406    0.000000     0.300000    
31250    2047.689157  -3.045598    0.000000     0.300000    
31250    2047.689796  -3.045794    0.000000     0.300000    
31250    2047.690426  -3.045878    0.000000     0.300000    
31250    2047.691049  -3.045972    0.000000     0.300000    
31250    2047.691685  -3.046108    0.000000     0.300000    
31250    2047.692315  -3.046288    0.000000     0.300000    
31250    2047.692952  -3.046427    0.000000     0.300000    
31250    2047.693571  -3.046484    0.000000     0.300000    
31250    2047.694200  -3.046574    0.000000     0.300000    
31250    2047.694829  -3.046700    0.000000     0.300000    
31250    2047.695455  -3.046864    0.000000     0.300000    
31250    2047.696085  -3.047043    0.000000     0.300000    
31250    2047.696721  -3.047249    0.000000     0.300000    
31250    2047.697354  -3.047472    0.000000     0.300000    
31250    2047.697980  -3.047627    0.000000     0.300000    
31250    2047.698613  -3.047719    0.000000     0.300000    
31250    2047.699249  -3.047847    0.000000     0.300000    
31250    2047.699865  -3.048048    0.000000     0.300000    
31250    2047.700450  -3.048199    0.000000     0.300000    
31250    2047.701026  -3.048269    0.000000     0.300000    
31250    2047.701604  -3.048397    0.000000     0.300000    
31250    2047.702191  -3.048481    0.000000     0.300000    
31250    2047.702776  -3.048612    0.000000     0.300000    
31250    2047.703368  -3.048758    0.000000     0.300000    
31250    2047.703941  -3.048827    0.000000     0.300000    
31250    2047.704530  -3.049019    0.000000     0.300000    
31250    2047.705115  -3.049167    0.000000     0.300000    
31250    2047.705695  -3.049289    0.000000     0.300000    
31250    2047.706279  -3.049409    0.000000     0.300000    
31250    2047.706866  -3.049492    0.000000     0.300000    
31250    2047.707447  -3.049701    0.000000     0.300000    
31250    2047.708026  -3.049787    0.000000     0.300000    
31250    2047.708599  -3.049907    0.000000     0.300000    
31250    2047.709179  -3.050010    0.000000     0.300000    
31250    2047.709765  -3.050216    0.000000     0.300000    
31250    2047.710345  -3.050346    0.000000     0.300000    
31250    2047.710919  -3.050438    0.000000     0.300000    
31250    2047.711491  -3.050511    0.000000     0.300000    
31250    2047.712066  -3.050571    0.000000     0.300000    
31250    2047.712646  -3.050727    0.000000     0.300000    
31250    2047.713217  -3.050858    0.000000     0.300000    
31250    2047.713789  -3.050961    0.000000     0.300000    
31250    2047.714368  -3.051155    0.000000     0.300000    
31250    2047.714946  -3.051250    0.000000     0.300000    
31250    2047.715528  -3.051331    0.000000     0.300000    
31250    2047.716115  -3.051496    0.000000     0.300000    
31250    2047.716703  -3.051598    0.000000     0.300000    
31250    2047.717289  -3.051747    0.000000     0.300000    
31250    2047.717871  -3.051883    0.000000     0.300000    
31250    2047.718452  -3.051998    0.000000     0.300000    
31250    2047.719025  -3.052148    0.000000     0.300000    
31250    2047.719612  -3.052265    0.000000     0.300000    
31250    2047.720185  -3.052332    0.000000     0.300000    
31250    2047.720763  -3.052571    0.000000     0.300000    
31250    2047.721339  -3.052732    0.000000     0.300000    
31250    2047.721916  -3.052794    0.000000     0.300000    
31250    2047.722489  -3.052940    0.000000     0.300000    
31250    2047.723069  -3.053056    0.000000     0.300000    
31250    2047.723642  -3.053118    0.000000     0.300000    
31250    2047.724222  -3.053220    0.000000     0.300000    
31250    2047.724802  -3.053360    0.000000     0.300000    
31250    2047.725375  -3.053504    0.000000     0.300000    
31250    2047.725949  -3.053666    0.000000     0.300000    
31250    2047.726528  -3.053753    0.000000     0.300000    
31250    2047.727105  -3.053814    0.000000     0.300000    
31250    2047.727687  -3.053952    0.000000     0.300000    
31250    2047.728266  -3.054036    0.000000     0.300000    
31250    2047.728851  -3.054248    0.000000     0.300000    
31250    2047.729446  -3.054358    0.000000     0.300000    
31250    2047.730029  -3.054515    0.000000     0.300000    
31250    2047.730606  -3.054635    0.000000     0.300000    
31250    2047.731199  -3.054805    0.000000     0.300000    
31250    2047.731775  -3.054957    0.000000     0.300000    
31250    2047.732349  -3.055046    0.000000     0.300000    
31250    2047.732931  -3.055133    0.000000     0.300000    
31250    2047.733513  -3.055255    0.000000     0.300000    
31250    2047.734096  -3.055371    0.000000     0.300000    
31250    2047.734676  -3.055475    0.000000     0.300000    
31250    2047.735251  -3.055591    0.000000     0.300000    
31250    2047.735826  -3.055774    0.000000     0.300000    
31250    2047.736405  -3.055964    0.000000     0.300000    
31250    2047.736981  -3.056095    0.000000     0.300000    
31250    2047.737556  -3.056190    0.000000     0.300000    
31250    2047.738135  -3.056296    0.000000     0.300000    
31250    2047.738704  -3.056381    0.000000     0.300000    
31250    2047.739279  -3.056625    0.000000     0.300000    
31250    2047.739862  -3.056741    0.000000     0.300000    
31250    2047.740440  -3.056891    0.000000     0.300000    
31250    2047.741028  -3.057072    0.000000     0.300000    
31250    2047.741603  -3.057161    0.000000     0.300000    
31250    2047.742167  -3.057226    0.000000     0.300000    
31250    2047.742742  -3.057371    0.000000     0.300000    
31250    2047.743318  -3.057516    0.000000     0.300000    
31250    2047.743889  -3.057626    0.000000     0.300000    
31250    2047.744457  -3.057673    0.000000     0.300000    
31250    2047.745034  -3.057862    0.000000     0.300000    
31250    2047.745610  -3.057924    0.000000     0.300000    
31250    2047.746193  -3.058053    0.000000     0.300000    
31250    2047.746779  -3.058164    0.000000     0.300000    
31250    2047.747352  -3.058269    0.000000     0.300000    
31250    2047.747920  -3.058378    0.000000     0.300000    
31250    2047.748499  -3.058626    0.000000     0.300000    
31250    2047.749074  -3.058692    0.000000     0.300000    
31250    2047.749618  -3.058726    0.000000     0.300000    
31250    2047.750161  -3.058854    0.000000     0.300000    
31250    2047.750697  -3.058957    0.000000     0.300000    
31250    2047.751234  -3.059097    0.000000     0.300000    
31250    2047.751776  -3.059197    0.000000     0.300000    
31250    2047.752313  -3.059272    0.000000     0.300000    
31250    2047.752851  -3.059364    0.000000     0.300000    
31250    2047.753392  -3.059462    0.000000     0.300000    
31250    2047.753933  -3.059641    0.000000     0.300000    
31250    2047.754470  -3.059792    0.000000     0.300000    
31250    2047.755007  -3.059851    0.000000     0.300000    
31250    2047.755532  -3.059945    0.000000     0.300000    
31250    2047.756070  -3.060054    0.000000     0.300000    
31250    2047.756602  -3.060094    0.000000     0.300000    
31250    2047.757141  -3.060257    0.000000     0.300000    
31250    2047.757675  -3.060372    0.000000     0.300000    
31250    2047.758211  -3.060465    0.000000     0.300000    
31250    2047.758759  -3.060598    0.000000     0.300000    
31250    2047.759296  -3.060699    0.000000     0.300000    
31250    2047.759833  -3.060797    0.000000     0.300000    
31250    2047.760378  -3.060954    0.000000     0.300000    
31250    2047.760919  -3.061109    0.000000     0.300000    
31250    2047.761459  -3.061206    0.000000     0.300000    
31250    2047.762005  -3.061480    0.000000     0.300000    
31250    2047.762535  -3.061541    0.000000     0.300000    
31250    2047.763069  -3.061682    0.000000     0.300000    
31250    2047.763603  -3.061764    0.000000     0.300000    
31250    2047.764142  -3.061827    0.000000     0.300000    
31250    2047.764680  -3.062024    0.000000     0.300000    
31250    2047.765214  -3.062060    0.000000     0.300000    
31250    2047.765749  -3.062151    0.000000     0.300000    
31250    2047.766290  -3.062239    0.000000     0.300000    
31250    2047.766836  -3.062386    0.000000     0.300000    
31250    2047.767371  -3.062483    0.000000     0.300000    
31250    2047.767911  -3.062562    0.000000     0.300000    
31250    2047.768445  -3.062687    0.000000     0.300000    
31250    2047.768981  -3.062805    0.000000     0.300000    
31250    2047.769526  -3.062902    0.000000     0.300000    
31250    2047.770063  -3.062993    0.000000     0.300000    
31250    2047.770605  -3.063082    0.000000     0.300000    
31250    2047.771142  -3.063162    0.000000     0.300000    
31250    2047.771681  -3.063240    0.000000     0.300000    
31250    2047.772211  -3.063302    0.000000     0.300000    
31250    2047.772748  -3.063405    0.000000     0.300000    
31250    2047.773287  -3.063477    0.000000     0.300000    
31250    2047.773825  -3.063595    0.000000     0.300000    
31250    2047.774365  -3.063847    0.000000     0.300000    
31250    2047.774906  -3.063973    0.000000     0.300000    
31250    2047.775446  -3.064085    0.000000     0.300000    
31250    2047.775981  -3.064134    0.000000     0.300000    
31250    2047.776526  -3.064205    0.000000     0.300000    
31250    2047.777075  -3.064327    0.000000     0.300000    
31250    2047.777622  -3.064453    0.000000     0.300000    
31250    2047.778164  -3.064604    0.000000     0.300000    
31250    2047.778701  -3.064690    0.000000     0.300000    
31250    2047.779244  -3.064806    0.000000     0.300000    
31250    2047.779786  -3.064972    0.000000     0.300000    
31250    2047.780329  -3.065096    0.000000     0.300000    
31250    2047.780864  -3.065209    0.000000     0.300000    
31250    2047.781412  -3.065400    0.000000     0.300000    
31250    2047.781963  -3.065511    0.000000     0.300000    
31250    2047.782502  -3.065589    0.000000     0.300000    
31250    2047.783038  -3.065693    0.000000     0.300000    
31250    2047.783602  -3.065840    0.000000     0.300000    
31250    2047.784153  -3.065989    0.000000     0.300000    
31250    2047.784708  -3.066053    0.000000     0.300000    
31250    2047.785249  -3.066158    0.000000     0.300000    
31250    2047.785789  -3.066359    0.000000     0.300000    
31250    2047.786329  -3.066450    0.000000     0.300000    
31250    2047.786865  -3.066507    0.000000     0.300000    
31250    2047.787398  -3.066590    0.000000     0.300000    
31250    2047.787926  -3.066622    0.000000     0.300000    
31250    2047.788465  -3.066885    0.000000     0.300000    
31250    2047.789011  -3.066986    0.000000     0.300000    
31250    2047.789559  -3.067147    0.000000     0.300000    
31250    2047.790102  -3.067233    0.000000     0.300000    
31250    2047.790636  -3.067280    0.000000     0.300000    
31250    2047.791181  -3.067362    0.000000     0.300000    
31250    2047.791733  -3.067468    0.000000     0.300000    
31250    2047.792277  -3.067518    0.000000     0.300000    
31250    2047.792819  -3.067604    0.000000     0.300000    
31250    2047.793356  -3.067673    0.000000     0.300000    
31250    2047.793905  -3.067780    0.000000     0.300000    
31250    2047.794449  -3.067938    0.000000     0.300000    
31250    2047.794996  -3.068136    0.000000     0.300000    
31250    2047.795534  -3.068364    0.000000     0.300000    
31250    2047.796075  -3.068473    0.000000     0.300000    
31250    2047.796619  -3.068561    0.000000     0.300000    
31250    2047.797169  -3.068760    0.000000     0.300000    
31250    2047.797710  -3.068854    0.000000     0.300000    
31250    2047.798250  -3.068901    0.000000     0.300000    
31250    2047.798788  -3.069036    0.000000     0.300000    
31250    2047.799332  -3.069128    0.000000     0.300000    
31250    2047.799881  -3.069183    0.000000     0.300000    
31250    2047.800425  -3.069360    0.000000     0.300000    
31250    2047.800967  -3.069451    0.000000     0.300000    
31250    2047.801519  -3.069589    0.000000     0.300000    
31250    2047.802064  -3.069736    0.000000     0.300000    
31250    2047.802606  -3.069838    0.000000     0.300000    
31250    2047.803140  -3.069904    0.000000     0.300000    
31250    2047.803689  -3.070074    0.000000     0.300000    
31250    2047.804229  -3.070262    0.000000     0.300000    
31250    2047.804767  -3.070333    0.000000     0.300000    
31250    2047.805303  -3.070457    0.000000     0.300000    
31250    2047.805839  -3.070564    0.000000     0.300000    
31250    2047.806376  -3.070652    0.000000     0.300000    
31250    2047.806914  -3.070795    0.000000     0.300000    
31250    2047.807450  -3.070895    0.000000     0.300000    
31250    2047.807986  -3.070989    0.000000     0.300000    
31250    2047.808514  -3.071059    0.000000     0.300000    
31250    2047.809013  -3.071183    0.000000     0.300000    
31250    2047.809511  -3.071314    0.000000     0.300000    
31250    2047.810006  -3.071420    0.000000     0.300000    
31250    2047.810497  -3.071527    0.000000     0.300000    
31250    2047.810999  -3.071669    0.000000     0.300000    
31250    2047.811502  -3.071797    0.000000     0.300000    
31250    2047.811997  -3.071908    0.000000     0.300000    
31250    2047.812500  -3.072010    0.000000     0.300000    
31250    2047.813000  -3.072224    0.000000     0.300000    
31250    2047.813495  -3.072315    0.000000     0.300000    
31250    2047.813994  -3.072494    0.000000     0.300000    
31250    2047.814499  -3.072591    0.000000     0.300000    
31250    2047.814998  -3.072668    0.000000     0.300000    
31250    2047.815493  -3.072741    0.000000     0.300000    
31250    2047.815994  -3.072844    0.000000     0.300000    
31250    2047.816495  -3.073002    0.000000     0.300000    
31250    2047.817004  -3.073126    0.000000     0.300000    
31250    2047.817513  -3.073191    0.000000     0.300000    
31250    2047.818015  -3.073296    0.000000     0.300000    
31250    2047.818524  -3.073473    0.000000     0.300000    
31250    2047.819020  -3.073592    0.000000     0.300000    
31250    2047.819519  -3.073819    0.000000     0.300000    
31250    2047.820019  -3.073978    0.000000     0.300000    
31250    2047.820516  -3.074091    0.000000     0.300000    
31250    2047.821012  -3.074175    0.000000     0.300000    
31250    2047.821518  -3.074358    0.000000     0.300000    
31250    2047.822018  -3.074417    0.000000     0.300000    
31250    2047.822514  -3.074535    0.000000     0.300000    
31250    2047.823006  -3.074672    0.000000     0.300000    
31250    2047.823506  -3.074854    0.000000     0.300000    
31250    2047.824003  -3.074984    0.000000     0.300000    
31250    2047.824500  -3.075067    0.000000     0.300000    
31250    2047.824990  -3.075139    0.000000     0.300000    
31250    2047.825487  -3.075288    0.000000     0.300000    
31250    2047.825986  -3.075469    0.000000     0.300000    
31250    2047.826479  -3.075592    0.000000     0.300000    
31250    2047.826972  -3.075695    0.000000     0.300000    
31250    2047.827461  -3.075757    0.000000     0.300000    
31250    2047.827957  -3.075844    0.000000     0.300000    
31250    2047.828457  -3.075968    0.000000     0.300000    
31250    2047.828954  -3.076074    0.000000     0.300000    
31250    2047.829447  -3.076204    0.000000     0.300000    
31250    2047.829945  -3.076321    0.000000     0.300000    
31250    2047.830443  -3.076413    0.000000     0.300000    
31250    2047.830939  -3.076471    0.000000     0.300000    
31250    2047.831445  -3.076766    0.000000     0.300000    
31250    2047.831937  -3.076851    0.000000     0.300000    
31250    2047.832434  -3.076980    0.000000     0.300000    
31250    2047.832933  -3.077136    0.000000     0.300000    
31250    2047.833424  -3.077183    0.000000     0.300000    
31250    2047.833933  -3.077315    0.000000     0.300000    
31250    2047.834432  -3.077445    0.000000     0.300000    
31250    2047.834938  -3.077700    0.000000     0.300000    
31250    2047.835434  -3.077832    0.000000     0.300000    
31250    2047.835935  -3.077960    0.000000     0.300000    
31250    2047.836435  -3.078080    0.000000     0.300000    
31250    2047.836924  -3.078196    0.000000     0.300000    
31250    2047.837420  -3.078276    0.000000     0.300000    
31250    2047.837911  -3.078330    0.000000     0.300000    
31250    2047.838414  -3.078429    0.000000     0.300000    
31250    2047.838939  -3.078518    0.000000     0.300000    
31250    2047.839439  -3.078662    0.000000     0.300000    
31250    2047.839937  -3.078822    0.000000     0.300000    
31250    2047.840429  -3.078864    0.000000     0.300000    
31250    2047.840915  -3.078929    0.000000     0.300000    
31250    2047.841415  -3.079092    0.000000     0.300000    
31250    2047.841913  -3.079238    0.000000     0.300000    
31250    2047.842414  -3.079317    0.000000     0.300000    
31250    2047.842906  -3.079383    0.000000     0.300000    
31250    2047.843405  -3.079618    0.000000     0.300000    
31250    2047.843899  -3.079697    0.000000     0.300000    
31250    2047.844403  -3.079801    0.000000     0.300000    
31250    2047.844899  -3.079874    0.000000     0.300000    
31250    2047.845394  -3.079993    0.000000     0.300000    
31250    2047.845890  -3.080096    0.000000     0.300000    
31250    2047.846389  -3.080220    0.000000     0.300000    
31250    2047.846890  -3.080349    0.000000     0.300000    
31250    2047.847387  -3.080521    0.000000     0.300000    
31250    2047.847885  -3.080606    0.000000     0.300000    
31250    2047.848384  -3.080701    0.000000     0.300000    
31250    2047.848883  -3.080775    0.000000     0.300000    
31250    2047.849389  -3.080846    0.000000     0.300000    
31250    2047.849885  -3.080921    0.000000     0.300000    
31250    2047.850388  -3.081031    0.000000     0.300000    
31250    2047.850884  -3.081107    0.000000     0.300000    
31250    2047.851383  -3.081219    0.000000     0.300000    
31250    2047.851873  -3.081264    0.000000     0.300000    
31250    2047.852369  -3.081356    0.000000     0.300000    
31250    2047.852868  -3.081505    0.000000     0.300000    
31250    2047.853364  -3.081629    0.000000     0.300000    
31250    2047.853866  -3.081696    0.000000     0.300000    
31250    2047.854362  -3.081834    0.000000     0.300000    
31250    2047.854868  -3.082005    0.000000     0.300000    
31250    2047.855371  -3.082064    0.000000     0.300000    
31250    2047.855870  -3.082184    0.000000     0.300000    
31250    2047.856364  -3.082270    0.000000     0.300000    
31250    2047.856863  -3.082404    0.000000     0.300000    
31250    2047.857359  -3.082541    0.000000     0.300000    
31250    2047.857859  -3.082678    0.000000     0.300000    
31250    2047.858356  -3.082804    0.000000     0.300000    
31250    2047.858855  -3.082871    0.000000     0.300000    
31250    2047.859348  -3.082926    0.000000     0.300000    
31250    2047.859835  -3.083015    0.000000     0.300000    
31250    2047.860327  -3.083103    0.000000     0.300000    
31250    2047.860827  -3.083237    0.000000     0.300000    
31250    2047.861319  -3.083321    0.000000     0.300000    
31250    2047.861819  -3.083375    0.000000     0.300000    
31250    2047.862321  -3.083488    0.000000     0.300000    
31250    2047.862816  -3.083572    0.000000     0.300000    
31250    2047.863317  -3.083675    0.000000     0.300000    
31250    2047.863823  -3.083830    0.000000     0.300000    
31250    2047.864309  -3.083906    0.000000     0.300000    
31250    2047.864798  -3.083995    0.000000     0.300000    
31250    2047.865283  -3.084069    0.000000     0.300000    
31250    2047.865784  -3.084249    0.000000     0.300000    
31250    2047.866282  -3.084383    0.000000     0.300000    
31250    2047.866778  -3.084508    0.000000     0.300000    
31250    2047.867276  -3.084648    0.000000     0.300000    
31250    2047.867766  -3.084726    0.000000     0.300000    
31250    2047.868263  -3.084829    0.000000     0.300000    
31250    2047.868759  -3.084909    0.000000     0.300000    
31250    2047.869248  -3.084960    0.000000     0.300000    
31250    2047.869745  -3.085108    0.000000     0.300000    
31250    2047.870245  -3.085246    0.000000     0.300000    
31250    2047.870739  -3.085310    0.000000     0.300000    
31250    2047.871231  -3.085425    0.000000     0.300000    
31250    2047.871725  -3.085500    0.000000     0.300000    
31250    2047.872226  -3.085746    0.000000     0.300000    
31250    2047.872725  -3.085864    0.000000     0.300000    
31250    2047.873216  -3.085999    0.000000     0.300000    
31250    2047.873714  -3.086085    0.000000     0.300000    
31250    2047.874214  -3.086233    0.000000     0.300000    
31250    2047.874709  -3.086280    0.000000     0.300000    
31250    2047.875205  -3.086395    0.000000     0.300000    
31250    2047.875704  -3.086454    0.000000     0.300000    
31250    2047.876198  -3.086547    0.000000     0.300000    
31250    2047.876693  -3.086686    0.000000     0.300000    
31250    2047.877189  -3.086787    0.000000     0.300000    
31250    2047.877684  -3.086966    0.000000     0.300000    
31250    2047.878176  -3.087002    0.000000     0.300000    
31250    2047.878663  -3.087030    0.000000     0.300000    
31250    2047.879164  -3.087191    0.000000     0.300000    
31250    2047.879663  -3.087361    0.000000     0.300000    
31250    2047.880156  -3.087472    0.000000     0.300000    
31250    2047.880665  -3.087639    0.000000     0.300000    
31250    2047.881163  -3.087705    0.000000     0.300000    
31250    2047.881664  -3.087841    0.000000     0.300000    
31250    2047.882151  -3.087994    0.000000     0.300000    
31250    2047.882626  -3.088024    0.000000     0.300000    
31250    2047.883107  -3.088190    0.000000     0.300000    
31250    2047.883594  -3.088330    0.000000     0.300000    
31250    2047.884079  -3.088471    0.000000     0.300000    
31250    2047.884554  -3.088534    0.000000     0.300000    
31250    2047.885035  -3.088595    0.000000     0.300000    
31250    2047.885509  -3.088665    0.000000     0.300000    
31250    2047.885991  -3.088780    0.000000     0.300000    
31250    2047.886473  -3.088901    0.000000     0.300000    
31250    2047.886946  -3.089057    0.000000     0.300000    
31250    2047.887416  -3.089162    0.000000     0.300000    
31250    2047.887888  -3.089226    0.000000     0.300000    
31250    2047.888364  -3.089378    0.000000     0.300000    
31250    2047.888829  -3.089422    0.000000     0.300000    
31250    2047.889299  -3.089554    0.000000     0.300000    
31250    2047.890242  -3.089653    0.000000     0.300000    
31250    2047.890723  -3.089777    0.000000     0.300000    
31250    2047.891205  -3.089839    0.000000     0.300000    
31250    2047.891691  -3.089919    0.000000     0.300000    
31250    2047.892173  -3.089983    0.000000     0.300000    
31250    2047.892658  -3.090048    0.000000     0.300000    
31250    2047.893139  -3.090171    0.000000     0.300000    
31250    2047.893616  -3.090204    0.000000     0.300000    
31250    2047.894097  -3.090315    0.000000     0.300000    
31250    2047.894572  -3.090334    0.000000     0.300000    
31250    2047.895050  -3.090380    0.000000     0.300000    
31250    2047.895526  -3.090437    0.000000     0.300000    
31250    2047.896003  -3.090491    0.000000     0.300000    
31250    2047.896480  -3.090558    0.000000     0.300000    
31250    2047.896964  -3.090686    0.000000     0.300000    
31250    2047.897445  -3.090799    0.000000     0.300000    
31250    2047.897924  -3.090931    0.000000     0.300000    
31250    2047.898393  -3.090970    0.000000     0.300000    
31250    2047.898874  -3.091064    0.000000     0.300000    
31250    2047.899365  -3.091240    0.000000     0.300000    
31250    2047.899849  -3.091372    0.000000     0.300000    
31250    2047.900324  -3.091440    0.000000     0.300000    
31250    2047.900806  -3.091597    0.000000     0.300000    
31250    2047.901282  -3.091712    0.000000     0.300000    
31250    2047.901767  -3.091830    0.000000     0.300000    
31250    2047.902243  -3.091880    0.000000     0.300000    
31250    2047.902715  -3.091923    0.000000     0.300000    
31250    2047.903185  -3.092066    0.000000     0.300000    
31250    2047.903662  -3.092144    0.000000     0.300000    
31250    2047.904136  -3.092258    0.000000     0.300000    
31250    2047.904620  -3.092352    0.000000     0.300000    
31250    2047.905101  -3.092495    0.000000     0.300000    
31250    2047.905577  -3.092573    0.000000     0.300000    
31250    2047.906047  -3.092597    0.000000     0.300000    
31250    2047.906521  -3.092754    0.000000     0.300000    
31250    2047.907004  -3.092819    0.000000     0.300000    
31250    2047.907484  -3.092935    0.000000     0.300000    
31250    2047.907965  -3.093010    0.000000     0.300000    
31250    2047.908444  -3.093145    0.000000     0.300000    
31250    2047.908924  -3.093426    0.000000     0.300000    
31250    2047.909411  -3.093606    0.000000     0.300000    
31250    2047.909891  -3.093664    0.000000     0.300000    
31250    2047.910373  -3.093794    0.000000     0.300000    
31250    2047.910845  -3.093874    0.000000     0.300000    
31250    2047.911316  -3.093936    0.000000     0.300000    
31250    2047.911780  -3.093991    0.000000     0.300000    
31250    2047.912253  -3.094073    0.000000     0.300000    
31250    2047.912728  -3.094104    0.000000     0.300000    
31250    2047.913209  -3.094261    0.000000     0.300000    
31250    2047.913688  -3.094370    0.000000     0.300000    
31250    2047.914161  -3.094452    0.000000     0.300000    
31250    2047.914632  -3.094564    0.000000     0.300000    
31250    2047.915116  -3.094622    0.000000     0.300000    
31250    2047.915588  -3.094669    0.000000     0.300000    
31250    2047.916066  -3.094763    0.000000     0.300000    
31250    2047.916539  -3.094927    0.000000     0.300000    
31250    2047.917015  -3.094965    0.000000     0.300000    
31250    2047.917495  -3.095101    0.000000     0.300000    
31250    2047.917980  -3.095296    0.000000     0.300000    
31250    2047.918461  -3.095376    0.000000     0.300000    
31250    2047.918936  -3.095456    0.000000     0.300000    
31250    2047.919418  -3.095596    0.000000     0.300000    
31250    2047.919882  -3.095598    0.000000     0.300000    
31250    2047.920353  -3.095670    0.000000     0.300000    
31250    2047.920827  -3.095790    0.000000     0.300000    
31250    2047.921292  -3.095870    0.000000     0.300000    
31250    2047.921772  -3.095979    0.000000     0.300000    
31250    2047.922242  -3.096075    0.000000     0.300000    
31250    2047.922717  -3.096107    0.000000     0.300000    
31250    2047.923184  -3.096160    0.000000     0.300000    
31250    2047.923655  -3.096285    0.000000     0.300000    
31250    2047.924138  -3.096377    0.000000     0.300000    
31250    2047.924618  -3.096470    0.000000     0.300000    
31250    2047.925089  -3.096547    0.000000     0.300000    
31250    2047.925570  -3.096620    0.000000     0.300000    
31250    2047.926031  -3.096665    0.000000     0.300000    
31250    2047.926501  -3.096729    0.000000     0.300000    
31250    2047.927326  -3.096786    0.000000     0.300000    
31250    2047.927823  -3.096882    0.000000     0.300000    
31250    2047.928306  -3.096937    0.000000     0.300000    
31250    2047.928793  -3.097056    0.000000     0.300000    
31250    2047.929278  -3.097142    0.000000     0.300000    
31250    2047.929776  -3.097283    0.000000     0.300000    
31250    2047.930275  -3.097357    0.000000     0.300000    
31250    2047.930762  -3.097462    0.000000     0.300000    
31250    2047.931259  -3.097596    0.000000     0.300000    
31250    2047.931754  -3.097675    0.000000     0.300000    
31250    2047.932256  -3.097785    0.000000     0.300000    
31250    2047.932751  -3.097836    0.000000     0.300000    
31250    2047.933241  -3.097928    0.000000     0.300000    
31250    2047.933730  -3.097947    0.000000     0.300000    
31250    2047.934225  -3.098032    0.000000     0.300000    
31250    2047.934721  -3.098212    0.000000     0.300000    
31250    2047.935213  -3.098281    0.000000     0.300000    
31250    2047.935713  -3.098360    0.000000     0.300000    
31250    2047.936217  -3.098483    0.000000     0.300000    
31250    2047.936707  -3.098571    0.000000     0.300000    
31250    2047.937199  -3.098620    0.000000     0.300000    
31250    2047.937697  -3.098751    0.000000     0.300000    
31250    2047.938187  -3.098826    0.000000     0.300000    
31250    2047.938683  -3.098868    0.000000     0.300000    
31250    2047.939160  -3.098943    0.000000     0.300000    
31250    2047.939655  -3.099123    0.000000     0.300000    
31250    2047.940159  -3.099293    0.000000     0.300000    
31250    2047.940654  -3.099396    0.000000     0.300000    
31250    2047.941143  -3.099465    0.000000     0.300000    
31250    2047.941638  -3.099639    0.000000     0.300000    
31250    2047.942134  -3.099853    0.000000     0.300000    
31250    2047.942630  -3.099965    0.000000     0.300000    
31250    2047.943120  -3.100117    0.000000     0.300000    
31250    2047.943603  -3.100145    0.000000     0.300000    
31250    2047.944096  -3.100262    0.000000     0.300000    
31250    2047.944587  -3.100356    0.000000     0.300000    
31250    2047.945076  -3.100424    0.000000     0.300000    
31250    2047.945570  -3.100500    0.000000     0.300000    
31250    2047.946066  -3.100596    0.000000     0.300000    
31250    2047.946564  -3.100688    0.000000     0.300000    
31250    2047.947057  -3.100736    0.000000     0.300000    
31250    2047.947555  -3.100792    0.000000     0.300000    
31250    2047.948055  -3.100839    0.000000     0.300000    
31250    2047.948562  -3.100974    0.000000     0.300000    
31250    2047.949055  -3.101026    0.000000     0.300000    
31250    2047.949543  -3.101063    0.000000     0.300000    
31250    2047.950044  -3.101156    0.000000     0.300000    
31250    2047.950546  -3.101277    0.000000     0.300000    
31250    2047.951039  -3.101465    0.000000     0.300000    
31250    2047.951553  -3.101547    0.000000     0.300000    
31250    2047.952041  -3.101589    0.000000     0.300000    
31250    2047.952544  -3.101685    0.000000     0.300000    
31250    2047.953032  -3.101723    0.000000     0.300000    
31250    2047.953521  -3.101743    0.000000     0.300000    
31250    2047.954017  -3.101825    0.000000     0.300000    
31250    2047.954511  -3.101904    0.000000     0.300000    
31250    2047.955009  -3.102017    0.000000     0.300000    
31250    2047.955511  -3.102108    0.000000     0.300000    
31250    2047.956009  -3.102177    0.000000     0.300000    
31250    2047.956502  -3.102277    0.000000     0.300000    
31250    2047.957004  -3.102371    0.000000     0.300000    
31250    2047.957503  -3.102510    0.000000     0.300000    
31250    2047.957996  -3.102573    0.000000     0.300000    
31250    2047.958476  -3.102588    0.000000     0.300000    
31250    2047.958974  -3.102683    0.000000     0.300000    
31250    2047.959462  -3.102744    0.000000     0.300000    
31250    2047.959943  -3.102794    0.000000     0.300000    
31250    2047.960439  -3.102865    0.000000     0.300000    
31250    2047.960936  -3.102916    0.000000     0.300000    
31250    2047.961424  -3.102965    0.000000     0.300000    
31250    2047.961919  -3.103023    0.000000     0.300000    
31250    2047.962417  -3.103200    0.000000     0.300000    
31250    2047.962917  -3.103286    0.000000     0.300000    
31250    2047.963413  -3.103367    0.000000     0.300000    
31250    2047.963900  -3.103409    0.000000     0.300000    
31250    2047.964399  -3.103503    0.000000     0.300000    
31250    2047.964885  -3.103541    0.000000     0.300000    
31250    2047.965373  -3.103590    0.000000     0.300000    
31250    2047.965862  -3.103672    0.000000     0.300000    
31250    2047.966366  -3.103762    0.000000     0.300000    
31250    2047.966868  -3.103912    0.000000     0.300000    
31250    2047.967372  -3.104043    0.000000     0.300000    
31250    2047.967871  -3.104129    0.000000     0.300000    
31250    2047.968365  -3.104218    0.000000     0.300000    
31250    2047.968871  -3.104363    0.000000     0.300000    
31250    2047.969353  -3.104415    0.000000     0.300000    
31250    2047.969845  -3.104550    0.000000     0.300000    
31250    2047.970344  -3.104792    0.000000     0.300000    
31250    2047.970832  -3.104869    0.000000     0.300000    
31250    2047.971319  -3.104917    0.000000     0.300000    
31250    2047.971815  -3.105057    0.000000     0.300000    
31250    2047.972313  -3.105176    0.000000     0.300000    
31250    2047.972804  -3.105301    0.000000     0.300000    
31250    2047.973299  -3.105383    0.000000     0.300000    
31250    2047.973795  -3.105481    0.000000     0.300000    
31250    2047.974288  -3.105664    0.000000     0.300000    
31250    2047.974783  -3.105846    0.000000     0.300000    
31250    2047.975269  -3.105930    0.000000     0.300000    
31250    2047.975763  -3.106030    0.000000     0.300000    
31250    2047.976249  -3.106076    0.000000     0.300000    
31250    2047.976745  -3.106206    0.000000     0.300000    
31250    2047.977236  -3.106301    0.000000     0.300000    
31250    2047.977726  -3.106465    0.000000     0.300000    
31250    2047.978214  -3.106537    0.000000     0.300000    
31250    2047.978706  -3.106591    0.000000     0.300000    
31250    2047.979197  -3.106683    0.000000     0.300000    
31250    2047.979684  -3.106838    0.000000     0.300000    
31250    2047.980173  -3.106946    0.000000     0.300000    
31250    2047.980667  -3.107019    0.000000     0.300000    
31250    2047.981152  -3.107033    0.000000     0.300000    
31250    2047.981734  -3.107130    0.000000     0.300000    
31250    2047.982225  -3.107215    0.000000     0.300000    
31250    2047.982715  -3.107296    0.000000     0.300000    
31250    2047.983204  -3.107359    0.000000     0.300000    
31250    2047.983694  -3.107474    0.000000     0.300000    
31250    2047.984180  -3.107558    0.000000     0.300000    
31250    2047.984667  -3.107690    0.000000     0.300000    
31250    2047.985160  -3.107828    0.000000     0.300000    
31250    2047.987179  -3.107936    0.000000     0.300000    
31250    2047.987666  -3.108038    0.000000     0.300000    
31250    2047.988153  -3.108092    0.000000     0.300000    
31250    2047.988646  -3.108202    0.000000     0.300000    
31250    2047.989138  -3.108273    0.000000     0.300000    
31250    2047.989624  -3.108355    0.000000     0.300000    
31250    2047.990119  -3.108416    0.000000     0.300000    
31250    2047.990619  -3.108552    0.000000     0.300000    
31250    2047.991107  -3.108591    0.000000     0.300000    
31250    2047.991600  -3.108640    0.000000     0.300000    
31250    2047.992084  -3.108734    0.000000     0.300000    
31250    2047.992569  -3.108830    0.000000     0.300000    
31250    2047.993068  -3.108981    0.000000     0.300000    
31250    2047.993563  -3.109092    0.000000     0.300000    
31250    2047.994038  -3.109177    0.000000     0.300000    
31250    2047.994526  -3.109227    0.000000     0.300000    
31250    2047.995020  -3.109366    0.000000     0.300000    
31250    2047.995506  -3.109523    0.000000     0.300000    
31250    2047.995990  -3.109623    0.000000     0.300000    
31250    2047.996482  -3.109714    0.000000     0.300000    
31250    2047.996971  -3.109785    0.000000     0.300000    
31250    2047.997466  -3.109868    0.000000     0.300000    
31250    2047.997954  -3.109944    0.000000     0.300000    
31250    2047.998446  -3.110055    0.000000     0.300000    
31250    2047.998938  -3.110241    0.000000     0.300000    
31250    2047.999435  -3.110324    0.000000     0.300000    
31250    2047.999931  -3.110458    0.000000     0.300000    
31250    2048.000419  -3.110572    0.000000     0.300000    
31250    2048.000907  -3.110624    0.000000     0.300000    
31250    2048.001403  -3.110766    0.000000     0.300000    
31250    2048.001898  -3.110975    0.000000     0.300000    
31250    2048.002380  -3.111081    0.000000     0.300000    
31250    2048.002863  -3.111195    0.000000     0.300000    
31250    2048.003354  -3.111335    0.000000     0.300000    
31250    2048.003843  -3.111491    0.000000     0.300000    
31250    2048.004334  -3.111639    0.000000     0.300000    
31250    2048.004813  -3.111693    0.000000     0.300000    
31250    2048.005306  -3.111834    0.000000     0.300000    
31250    2048.005798  -3.111900    0.000000     0.300000    
31250    2048.006284  -3.111962    0.000000     0.300000    
31250    2048.006773  -3.112073    0.000000     0.300000    
31250    2048.007259  -3.112193    0.000000     0.300000    
31250    2048.007744  -3.112303    0.000000     0.300000    
31250    2048.008230  -3.112371    0.000000     0.300000    
31250    2048.008716  -3.112485    0.000000     0.300000    
31250    2048.009196  -3.112551    0.000000     0.300000    
31250    2048.009673  -3.112599    0.000000     0.300000    
31250    2048.010161  -3.112720    0.000000     0.300000    
31250    2048.010651  -3.112814    0.000000     0.300000    
31250    2048.011145  -3.113011    0.000000     0.300000    
31250    2048.011634  -3.113117    0.000000     0.300000    
31250    2048.013153  -3.113154    0.000000     0.300000    
31250    2048.013644  -3.113265    0.000000     0.300000    
31250    2048.014130  -3.113352    0.000000     0.300000    
31250    2048.014619  -3.113462    0.000000     0.300000    
31250    2048.015113  -3.113524    0.000000     0.300000    
31250    2048.015598  -3.113565    0.000000     0.300000    
31250    2048.016087  -3.113657    0.000000     0.300000    
31250    2048.016578  -3.113736    0.000000     0.300000    
31250    2048.017060  -3.113770    0.000000     0.300000    
31250    2048.017552  -3.113873    0.000000     0.300000    
31250    2048.018034  -3.113922    0.000000     0.300000    
31250    2048.018515  -3.113973    0.000000     0.300000    
31250    2048.019011  -3.114114    0.000000     0.300000    
31250    2048.019494  -3.114154    0.000000     0.300000    
31250    2048.019981  -3.114227    0.000000     0.300000    
31250    2048.020459  -3.114264    0.000000     0.300000    
31250    2048.020953  -3.114317    0.000000     0.300000    
31250    2048.021452  -3.114447    0.000000     0.300000    
31250    2048.021944  -3.114543    0.000000     0.300000    
31250    2048.022435  -3.114692    0.000000     0.300000    
31250    2048.022921  -3.114820    0.000000     0.300000    
31250    2048.023401  -3.114879    0.000000     0.300000    
31250    2048.023890  -3.114968    0.000000     0.300000    
31250    2048.024379  -3.115147    0.000000     0.300000    
31250    2048.024868  -3.115242    0.000000     0.300000    
31250    2048.025350  -3.115318    0.000000     0.300000    
31250    2048.025837  -3.115396    0.000000     0.300000    
31250    2048.026327  -3.115460    0.000000     0.300000    
31250    2048.026816  -3.115584    0.000000     0.300000    
31250    2048.027309  -3.115680    0.000000     0.300000    
31250    2048.027798  -3.115733    0.000000     0.300000    
31250    2048.028276  -3.115781    0.000000     0.300000    
31250    2048.028765  -3.115896    0.000000     0.300000    
31250    2048.029263  -3.115994    0.000000     0.300000    
31250    2048.029751  -3.116143    0.000000     0.300000    
31250    2048.030243  -3.116246    0.000000     0.300000    
31250    2048.030719  -3.116277    0.000000     0.300000    
31250    2048.031211  -3.116382    0.000000     0.300000    
31250    2048.031704  -3.116417    0.000000     0.300000    
31250    2048.032195  -3.116496    0.000000     0.300000    
31250    2048.032685  -3.116576    0.000000     0.300000    
31250    2048.033169  -3.116640    0.000000     0.300000    
31250    2048.033654  -3.116797    0.000000     0.300000    
31250    2048.034142  -3.116881    0.000000     0.300000    
31250    2048.034623  -3.116973    0.000000     0.300000    
31250    2048.035106  -3.117035    0.000000     0.300000    
31250    2048.035591  -3.117131    0.000000     0.300000    
31250    2048.036066  -3.117175    0.000000     0.300000    
31250    2048.036549  -3.117189    0.000000     0.300000    
31250    2048.037041  -3.117263    0.000000     0.300000    
31250    2048.037528  -3.117337    0.000000     0.300000    
31250    2048.038017  -3.117415    0.000000     0.300000    
31250    2048.038500  -3.117447    0.000000     0.300000    
31250    2048.038996  -3.117534    0.000000     0.300000    
31250    2048.039486  -3.117598    0.000000     0.300000    
31250    2048.039966  -3.117682    0.000000     0.300000    
31250    2048.040453  -3.117834    0.000000     0.300000    
31250    2048.040937  -3.117903    0.000000     0.300000    
31250    2048.041427  -3.117983    0.000000     0.300000    
31250    2048.041916  -3.118056    0.000000     0.300000    
31250    2048.042404  -3.118123    0.000000     0.300000    
31250    2048.042876  -3.118133    0.000000     0.300000    
31250    2048.043355  -3.118168    0.000000     0.300000    
31250    2048.043834  -3.118200    0.000000     0.300000    
31250    2048.044324  -3.118296    0.000000     0.300000    
31250    2048.044810  -3.118368    0.000000     0.300000    
31250    2048.045294  -3.118437    0.000000     0.300000    
31250    2048.045778  -3.118500    0.000000     0.300000    
31250    2048.046250  -3.118520    0.000000     0.300000    
31250    2048.046739  -3.118625    0.000000     0.300000    
31250    2048.047218  -3.118663    0.000000     0.300000    
31250    2048.047695  -3.118751    0.000000     0.300000    
31250    2048.048176  -3.118785    0.000000     0.300000    
31250    2048.048661  -3.118872    0.000000     0.300000    
31250    2048.049141  -3.118913    0.000000     0.300000    
31250    2048.049631  -3.119054    0.000000     0.300000    
31250    2048.050118  -3.119113    0.000000     0.300000    
31250    2048.050600  -3.119167    0.000000     0.300000    
31250    2048.051087  -3.119281    0.000000     0.300000    
31250    2048.051577  -3.119350    0.000000     0.300000    
31250    2048.052065  -3.119473    0.000000     0.300000    
31250    2048.052549  -3.119583    0.000000     0.300000    
31250    2048.053034  -3.119662    0.000000     0.300000    
31250    2048.053516  -3.119717    0.000000     0.300000    
31250    2048.054004  -3.119786    0.000000     0.300000    
31250    2048.054495  -3.119898    0.000000     0.300000    
31250    2048.054977  -3.119963    0.000000     0.300000    
31250    2048.055471  -3.120109    0.000000     0.300000    
31250    2048.055948  -3.120224    0.000000     0.300000    
31250    2048.056436  -3.120315    0.000000     0.300000    
31250    2048.056927  -3.120355    0.000000     0.300000    
31250    2048.057414  -3.120501    0.000000     0.300000    
31250    2048.057902  -3.120643    0.000000     0.300000    
31250    2048.058391  -3.120733    0.000000     0.300000    
31250    2048.058864  -3.120788    0.000000     0.300000    
31250    2048.059342  -3.120856    0.000000     0.300000    
31250    2048.059832  -3.120974    0.000000     0.300000    
31250    2048.060314  -3.121023    0.000000     0.300000    
31250    2048.060797  -3.121088    0.000000     0.300000    
31250    2048.061277  -3.121189    0.000000     0.300000    
31250    2048.061766  -3.121287    0.000000     0.300000    
31250    2048.062247  -3.121334    0.000000     0.300000    
31250    2048.062727  -3.121393    0.000000     0.300000    
31250    2048.063214  -3.121564    0.000000     0.300000    
31250    2048.063708  -3.121649    0.000000     0.300000    
31250    2048.064234  -3.121826    0.000000     0.300000    
31250    2048.064758  -3.121948    0.000000     0.300000    
31250    2048.065280  -3.122009    0.000000     0.300000    
31250    2048.065796  -3.122023    0.000000     0.300000    
31250    2048.066327  -3.122098    0.000000     0.300000    
31250    2048.066850  -3.122198    0.000000     0.300000    
31250    2048.067374  -3.122265    0.000000     0.300000    
31250    2048.067895  -3.122335    0.000000     0.300000    
31250    2048.068424  -3.122405    0.000000     0.300000    
31250    2048.068943  -3.122478    0.000000     0.300000    
31250    2048.069461  -3.122590    0.000000     0.300000    
31250    2048.069979  -3.122643    0.000000     0.300000    
31250    2048.070500  -3.122685    0.000000     0.300000    
31250    2048.071021  -3.122809    0.000000     0.300000    
31250    2048.071539  -3.122853    0.000000     0.300000    
31250    2048.073014  -3.122980    0.000000     0.300000    
31250    2048.073566  -3.123080    0.000000     0.300000    
31250    2048.074102  -3.123195    0.000000     0.300000    
31250    2048.074637  -3.123315    0.000000     0.300000    
31250    2048.075167  -3.123384    0.000000     0.300000    
31250    2048.075692  -3.123435    0.000000     0.300000    
31250    2048.076221  -3.123512    0.000000     0.300000    
31250    2048.076758  -3.123667    0.000000     0.300000    
31250    2048.077291  -3.123705    0.000000     0.300000    
31250    2048.077832  -3.123849    0.000000     0.300000    
31250    2048.078362  -3.123952    0.000000     0.300000    
31250    2048.078883  -3.123984    0.000000     0.300000    
31250    2048.079413  -3.124072    0.000000     0.300000    
31250    2048.079928  -3.124132    0.000000     0.300000    
31250    2048.080465  -3.124193    0.000000     0.300000    
31250    2048.080999  -3.124241    0.000000     0.300000    
31250    2048.081534  -3.124281    0.000000     0.300000    
31250    2048.082065  -3.124385    0.000000     0.300000    
31250    2048.082601  -3.124441    0.000000     0.300000    
31250    2048.083130  -3.124527    0.000000     0.300000    
31250    2048.083661  -3.124649    0.000000     0.300000    
31250    2048.084181  -3.124699    0.000000     0.300000    
31250    2048.084722  -3.124803    0.000000     0.300000    
31250    2048.085262  -3.124982    0.000000     0.300000    
31250    2048.085786  -3.125063    0.000000     0.300000    
31250    2048.086320  -3.125236    0.000000     0.300000    
31250    2048.086851  -3.125312    0.000000     0.300000    
31250    2048.087376  -3.125412    0.000000     0.300000    
31250    2048.087895  -3.125449    0.000000     0.300000    
31250    2048.088430  -3.125590    0.000000     0.300000    
31250    2048.088957  -3.125637    0.000000     0.300000    
31250    2048.089489  -3.125743    0.000000     0.300000    
31250    2048.090012  -3.125792    0.000000     0.300000    
31250    2048.090545  -3.125858    0.000000     0.300000    
31250    2048.091069  -3.125957    0.000000     0.300000    
31250    2048.091595  -3.125995    0.000000     0.300000    
31250    2048.092124  -3.126050    0.000000     0.300000    
31250    2048.092642  -3.126093    0.000000     0.300000    
31250    2048.093177  -3.126192    0.000000     0.300000    
31250    2048.093699  -3.126339    0.000000     0.300000    
31250    2048.094226  -3.126463    0.000000     0.300000    
31250    2048.094739  -3.126522    0.000000     0.300000    
31250    2048.095254  -3.126574    0.000000     0.300000    
31250    2048.095780  -3.126691    0.000000     0.300000    
31250    2048.096344  -3.126830    0.000000     0.300000    
31250    2048.096864  -3.126940    0.000000     0.300000    
31250    2048.097393  -3.126991    0.000000     0.300000    
31250    2048.097916  -3.127045    0.000000     0.300000    
31250    2048.098441  -3.127105    0.000000     0.300000    
31250    2048.098963  -3.127174    0.000000     0.300000    
31250    2048.099494  -3.127243    0.000000     0.300000    
31250    2048.100020  -3.127284    0.000000     0.300000    
31250    2048.100548  -3.127391    0.000000     0.300000    
31250    2048.101067  -3.127487    0.000000     0.300000    
31250    2048.101597  -3.127571    0.000000     0.300000    
31250    2048.102126  -3.127727    0.000000     0.300000    
31250    2048.102659  -3.127937    0.000000     0.300000    
31250    2048.103193  -3.128023    0.000000     0.300000    
31250    2048.103720  -3.128081    0.000000     0.300000    
31250    2048.104247  -3.128157    0.000000     0.300000    
31250    2048.104768  -3.128223    0.000000     0.300000    
31250    2048.105289  -3.128265    0.000000     0.300000    
31250    2048.105803  -3.128286    0.000000     0.300000    
31250    2048.106332  -3.128385    0.000000     0.300000    
31250    2048.106853  -3.128433    0.000000     0.300000    
31250    2048.107375  -3.128526    0.000000     0.300000    
31250    2048.107907  -3.128562    0.000000     0.300000    
31250    2048.108430  -3.128624    0.000000     0.300000    
31250    2048.108960  -3.128718    0.000000     0.300000    
31250    2048.109475  -3.128749    0.000000     0.300000    
31250    2048.110003  -3.128835    0.000000     0.300000    
31250    2048.110530  -3.128906    0.000000     0.300000    
31250    2048.111048  -3.128971    0.000000     0.300000    
31250    2048.111572  -3.129081    0.000000     0.300000    
31250    2048.112106  -3.129210    0.000000     0.300000    
31250    2048.112638  -3.129339    0.000000     0.300000    
31250    2048.113167  -3.129433    0.000000     0.300000    
31250    2048.113694  -3.129503    0.000000     0.300000    
31250    2048.114227  -3.129577    0.000000     0.300000    
31250    2048.114755  -3.129677    0.000000     0.300000    
31250    2048.115281  -3.129721    0.000000     0.300000    
31250    2048.115808  -3.129868    0.000000     0.300000    
31250    2048.116334  -3.129940    0.000000     0.300000    
31250    2048.116863  -3.130066    0.000000     0.300000    
31250    2048.117387  -3.130124    0.000000     0.300000    
31250    2048.117918  -3.130187    0.000000     0.300000    
31250    2048.118444  -3.130222    0.000000     0.300000    
31250    2048.118967  -3.130291    0.000000     0.300000    
31250    2048.119494  -3.130323    0.000000     0.300000    
31250    2048.120015  -3.130346    0.000000     0.300000    
31250    2048.120541  -3.130392    0.000000     0.300000    
31250    2048.121065  -3.130508    0.000000     0.300000    
31250    2048.121593  -3.130609    0.000000     0.300000    
31250    2048.122116  -3.130648    0.000000     0.300000    
31250    2048.122643  -3.130687    0.000000     0.300000    
31250    2048.123175  -3.130757    0.000000     0.300000    
31250    2048.123700  -3.130870    0.000000     0.300000    
31250    2048.124221  -3.130943    0.000000     0.300000    
31250    2048.124743  -3.130995    0.000000     0.300000    
31250    2048.125270  -3.131032    0.000000     0.300000    
31250    2048.125792  -3.131057    0.000000     0.300000    
31250    2048.126307  -3.131086    0.000000     0.300000    
31250    2048.126841  -3.131209    0.000000     0.300000    
31250    2048.127359  -3.131271    0.000000     0.300000    
31250    2048.127891  -3.131302    0.000000     0.300000    
31250    2048.128413  -3.131339    0.000000     0.300000    
31250    2048.128953  -3.131563    0.000000     0.300000    
31250    2048.129493  -3.131641    0.000000     0.300000    
31250    2048.130018  -3.131762    0.000000     0.300000    
31250    2048.130550  -3.131841    0.000000     0.300000    
31250    2048.131071  -3.131907    0.000000     0.300000    
31250    2048.131598  -3.132016    0.000000     0.300000    
31250    2048.132114  -3.132083    0.000000     0.300000    
31250    2048.132679  -3.132196    0.000000     0.300000    
31250    2048.133196  -3.132269    0.000000     0.300000    
31250    2048.133713  -3.132337    0.000000     0.300000    
31250    2048.134243  -3.132415    0.000000     0.300000    
31250    2048.134761  -3.132470    0.000000     0.300000    
31250    2048.135278  -3.132518    0.000000     0.300000    
31250    2048.135802  -3.132652    0.000000     0.300000    
31250    2048.136319  -3.132685    0.000000     0.300000    
31250    2048.136841  -3.132779    0.000000     0.300000    
31250    2048.137361  -3.132814    0.000000     0.300000    
31250    2048.137871  -3.132829    0.000000     0.300000    
31250    2048.138390  -3.132895    0.000000     0.300000    
31250    2048.138919  -3.132977    0.000000     0.300000    
31250    2048.139441  -3.133028    0.000000     0.300000    
31250    2048.139959  -3.133109    0.000000     0.300000    
31250    2048.140482  -3.133188    0.000000     0.300000    
31250    2048.140994  -3.133219    0.000000     0.300000    
31250    2048.141518  -3.133304    0.000000     0.300000    
31250    2048.142040  -3.133427    0.000000     0.300000    
31250    2048.142558  -3.133489    0.000000     0.300000    
31250    2048.143086  -3.133596    0.000000     0.300000    
31250    2048.143605  -3.133639    0.000000     0.300000    
31250    2048.144116  -3.133679    0.000000     0.300000    
31250    2048.145184  -3.133756    0.000000     0.300000    
31250    2048.145728  -3.133796    0.000000     0.300000    
31250    2048.146246  -3.133828    0.000000     0.300000    
31250    2048.146761  -3.133852    0.000000     0.300000    
31250    2048.147293  -3.133942    0.000000     0.300000    
31250    2048.147827  -3.134042    0.000000     0.300000    
31250    2048.148343  -3.134050    0.000000     0.300000    
31250    2048.148860  -3.134093    0.000000     0.300000    
31250    2048.149386  -3.134288    0.000000     0.300000    
31250    2048.149906  -3.134356    0.000000     0.300000    
31250    2048.150416  -3.134389    0.000000     0.300000    
31250    2048.150931  -3.134476    0.000000     0.300000    
31250    2048.157704  -3.134500    0.000000     0.300000    
31250    2048.158238  -3.134598    0.000000     0.300000    
31250    2048.158752  -3.134718    0.000000     0.300000    
31250    2048.160061  -3.134736    0.000000     0.300000    
31250    2048.160634  -3.134818    0.000000     0.300000    
31250    2048.161173  -3.134887    0.000000     0.300000    
31250    2048.161702  -3.134964    0.000000     0.300000    
31250    2048.162221  -3.134993    0.000000     0.300000    
31250    2048.162739  -3.135090    0.000000     0.300000    
31250    2048.163261  -3.135185    0.000000     0.300000    
31250    2048.164889  -3.135228    0.000000     0.300000    
31250    2048.165409  -3.135278    0.000000     0.300000    
31250    2048.165925  -3.135326    0.000000     0.300000    
31250    2048.166454  -3.135430    0.000000     0.300000    
31250    2048.166982  -3.135516    0.000000     0.300000    
31250    2048.167500  -3.135542    0.000000     0.300000    
31250    2048.168024  -3.135651    0.000000     0.300000    
31250    2048.168540  -3.135714    0.000000     0.300000    
31250    2048.169059  -3.135837    0.000000     0.300000    
31250    2048.169578  -3.135935    0.000000     0.300000    
31250    2048.173570  -3.136014    0.000000     0.300000    
31250    2048.174104  -3.136088    0.000000     0.300000    
31250    2048.174621  -3.136125    0.000000     0.300000    
31250    2048.175152  -3.136183    0.000000     0.300000    
31250    2048.175689  -3.136287    0.000000     0.300000    
31250    2048.176208  -3.136333    0.000000     0.300000    
31250    2048.176713  -3.136365    0.000000     0.300000    
31250    2048.177240  -3.136502    0.000000     0.300000    
31250    2048.177760  -3.136585    0.000000     0.300000    
31250    2048.178274  -3.136623    0.000000     0.300000    
31250    2048.178788  -3.136674    0.000000     0.300000    
31250    2048.179308  -3.136767    0.000000     0.300000    
31250    2048.179823  -3.136881    0.000000     0.300000    
31250    2048.180347  -3.136943    0.000000     0.300000    
31250    2048.180871  -3.137032    0.000000     0.300000    
31250    2048.181393  -3.137126    0.000000     0.300000    
31250    2048.181918  -3.137212    0.000000     0.300000    
31250    2048.182447  -3.137265    0.000000     0.300000    
31250    2048.182964  -3.137296    0.000000     0.300000    
31250    2048.183476  -3.137330    0.000000     0.300000    
31250    2048.183987  -3.137385    0.000000     0.300000    
31250    2048.184504  -3.137430    0.000000     0.300000    
31250    2048.185028  -3.137574    0.000000     0.300000    
31250    2048.185547  -3.137615    0.000000     0.300000    
31250    2048.186063  -3.137658    0.000000     0.300000    
31250    2048.186584  -3.137795    0.000000     0.300000    
31250    2048.187098  -3.137866    0.000000     0.300000    
31250    2048.187621  -3.137972    0.000000     0.300000    
31250    2048.188130  -3.138016    0.000000     0.300000    
31250    2048.188655  -3.138074    0.000000     0.300000    
31250    2048.189181  -3.138260    0.000000     0.300000    
31250    2048.189711  -3.138318    0.000000     0.300000    
31250    2048.190241  -3.138354    0.000000     0.300000    
31250    2048.190763  -3.138416    0.000000     0.300000    
31250    2048.191282  -3.138457    0.000000     0.300000    
31250    2048.191814  -3.138575    0.000000     0.300000    
31250    2048.192340  -3.138728    0.000000     0.300000    
31250    2048.192859  -3.138813    0.000000     0.300000    
31250    2048.193374  -3.138853    0.000000     0.300000    
31250    2048.193894  -3.138941    0.000000     0.300000    
31250    2048.194416  -3.138984    0.000000     0.300000    
31250    2048.194941  -3.139115    0.000000     0.300000    
31250    2048.195462  -3.139294    0.000000     0.300000    
31250    2048.195979  -3.139344    0.000000     0.300000    
31250    2048.196493  -3.139462    0.000000     0.300000    
31250    2048.197011  -3.139564    0.000000     0.300000    
31250    2048.197513  -3.139568    0.000000     0.300000    
31250    2048.198030  -3.139641    0.000000     0.300000    
31250    2048.198551  -3.139692    0.000000     0.300000    
31250    2048.199058  -3.139736    0.000000     0.300000    
31250    2048.199569  -3.139752    0.000000     0.300000    
31250    2048.200086  -3.139868    0.000000     0.300000    
31250    2048.200601  -3.139945    0.000000     0.300000    
31250    2048.201122  -3.140022    0.000000     0.300000    
31250    2048.201645  -3.140121    0.000000     0.300000    
31250    2048.202147  -3.140132    0.000000     0.300000    
31250    2048.202663  -3.140221    0.000000     0.300000    
31250    2048.203185  -3.140307    0.000000     0.300000    
31250    2048.203697  -3.140401    0.000000     0.300000    
31250    2048.204215  -3.140546    0.000000     0.300000    
31250    2048.204723  -3.140580    0.000000     0.300000    
31250    2048.205251  -3.140649    0.000000     0.300000    
31250    2048.205814  -3.140790    0.000000     0.300000    
31250    2048.206319  -3.140828    0.000000     0.300000    
31250    2048.206834  -3.140854    0.000000     0.300000    
31250    2048.207354  -3.140936    0.000000     0.300000    
31250    2048.207866  -3.141012    0.000000     0.300000    
31250    2048.208384  -3.141102    0.000000     0.300000    
31250    2048.208906  -3.141248    0.000000     0.300000    
31250    2048.209424  -3.141357    0.000000     0.300000    
31250    2048.209942  -3.141406    0.000000     0.300000    
31250    2048.210454  -3.141453    0.000000     0.300000    
31250    2048.210974  -3.141560    0.000000     0.300000    
31250    2048.211497  -3.141657    0.000000     0.300000    
31250    2048.212000  -3.141685    0.000000     0.300000    
31250    2048.212508  -3.141780    0.000000     0.300000    
31250    2048.213028  -3.141946    0.000000     0.300000    
31250    2048.213555  -3.142052    0.000000     0.300000    
31250    2048.214062  -3.142069    0.000000     0.300000    
31250    2048.214586  -3.142118    0.000000     0.300000    
31250    2048.215097  -3.142149    0.000000     0.300000    
31250    2048.215621  -3.142249    0.000000     0.300000    
31250    2048.216139  -3.142323    0.000000     0.300000    
31250    2048.216658  -3.142362    0.000000     0.300000    
31250    2048.217188  -3.142464    0.000000     0.300000    
31250    2048.217726  -3.142550    0.000000     0.300000    
31250    2048.218237  -3.142602    0.000000     0.300000    
31250    2048.218765  -3.142752    0.000000     0.300000    
31250    2048.219266  -3.142774    0.000000     0.300000    
31250    2048.219778  -3.142907    0.000000     0.300000    
31250    2048.220289  -3.142964    0.000000     0.300000    
31250    2048.220802  -3.143029    0.000000     0.300000    
31250    2048.221310  -3.143112    0.000000     0.300000    
31250    2048.221826  -3.143183    0.000000     0.300000    
31250    2048.222347  -3.143340    0.000000     0.300000    
31250    2048.222861  -3.143418    0.000000     0.300000    
31250    2048.223376  -3.143457    0.000000     0.300000    
31250    2048.223880  -3.143505    0.000000     0.300000    
31250    2048.224386  -3.143561    0.000000     0.300000    
31250    2048.224904  -3.143622    0.000000     0.300000    
31250    2048.225421  -3.143674    0.000000     0.300000    
31250    2048.225928  -3.143706    0.000000     0.300000    
31250    2048.226437  -3.143739    0.000000     0.300000    
31250    2048.226952  -3.143819    0.000000     0.300000    
31250    2048.227455  -3.143867    0.000000     0.300000    
31250    2048.227975  -3.143930    0.000000     0.300000    
31250    2048.228498  -3.144016    0.000000     0.300000    
31250    2048.229024  -3.144110    0.000000     0.300000    
31250    2048.229541  -3.144152    0.000000     0.300000    
31250    2048.230053  -3.144182    0.000000     0.300000    
31250    2048.230572  -3.144245    0.000000     0.300000    
31250    2048.231079  -3.144289    0.000000     0.300000    
31250    2048.231600  -3.144392    0.000000     0.300000    
31250    2048.232108  -3.144444    0.000000     0.300000    
31250    2048.232621  -3.144535    0.000000     0.300000    
31250    2048.233128  -3.144574    0.000000     0.300000    
31250    2048.233652  -3.144641    0.000000     0.300000    
31250    2048.234165  -3.144692    0.000000     0.300000    
31250    2048.234676  -3.144746    0.000000     0.300000    
31250    2048.235196  -3.144795    0.000000     0.300000    
31250    2048.235719  -3.144927    0.000000     0.300000    
31250    2048.236231  -3.144955    0.000000     0.300000    
31250    2048.236755  -3.145062    0.000000     0.300000    
31250    2048.237267  -3.145114    0.000000     0.300000    
31250    2048.237786  -3.145228    0.000000     0.300000    
31250    2048.238300  -3.145284    0.000000     0.300000    
31250    2048.238813  -3.145377    0.000000     0.300000    
31250    2048.239335  -3.145434    0.000000     0.300000    
31250    2048.239862  -3.145481    0.000000     0.300000    
31250    2048.240392  -3.145561    0.000000     0.300000    
31250    2048.240915  -3.145686    0.000000     0.300000    
31250    2048.241428  -3.145742    0.000000     0.300000    
31250    2048.241953  -3.145855    0.000000     0.300000    
31250    2048.242472  -3.145896    0.000000     0.300000    
31250    2048.242994  -3.145980    0.000000     0.300000    
31250    2048.243517  -3.146089    0.000000     0.300000    
31250    2048.244034  -3.146160    0.000000     0.300000    
31250    2048.244552  -3.146197    0.000000     0.300000    
31250    2048.245066  -3.146225    0.000000     0.300000    
31250    2048.245582  -3.146250    0.000000     0.300000    
31250    2048.246095  -3.146279    0.000000     0.300000    
31250    2048.246611  -3.146332    0.000000     0.300000    
31250    2048.247125  -3.146404    0.000000     0.300000    
31250    2048.247641  -3.146472    0.000000     0.300000    
31250    2048.248167  -3.146559    0.000000     0.300000    
31250    2048.248672  -3.146592    0.000000     0.300000    
31250    2048.249188  -3.146754    0.000000     0.300000    
31250    2048.249701  -3.146826    0.000000     0.300000    
31250    2048.250227  -3.146909    0.000000     0.300000    
31250    2048.250737  -3.146967    0.000000     0.300000    
31250    2048.251263  -3.147041    0.000000     0.300000    
31250    2048.251782  -3.147100    0.000000     0.300000    
31250    2048.252280  -3.147100    0.000000     0.300000    
31250    2048.252796  -3.147143    0.000000     0.300000    
31250    2048.253318  -3.147209    0.000000     0.300000    
31250    2048.253847  -3.147278    0.000000     0.300000    
31250    2048.254364  -3.147329    0.000000     0.300000    
31250    2048.254890  -3.147475    0.000000     0.300000    
31250    2048.255398  -3.147490    0.000000     0.300000    
31250    2048.255915  -3.147617    0.000000     0.300000    
31250    2048.256429  -3.147665    0.000000     0.300000    
31250    2048.256938  -3.147725    0.000000     0.300000    
31250    2048.257479  -3.147779    0.000000     0.300000    
31250    2048.258030  -3.147860    0.000000     0.300000    
31250    2048.258591  -3.147990    0.000000     0.300000    
31250    2048.259133  -3.148048    0.000000     0.300000    
31250    2048.259684  -3.148079    0.000000     0.300000    
31250    2048.260225  -3.148147    0.000000     0.300000    
31250    2048.260771  -3.148222    0.000000     0.300000    
31250    2048.261327  -3.148308    0.000000     0.300000    
31250    2048.261890  -3.148428    0.000000     0.300000    
31250    2048.262442  -3.148487    0.000000     0.300000    
31250    2048.263008  -3.148566    0.000000     0.300000    
31250    2048.263571  -3.148613    0.000000     0.300000    
31250    2048.264128  -3.148657    0.000000     0.300000    
31250    2048.264684  -3.148695    0.000000     0.300000    
31250    2048.265241  -3.148746    0.000000     0.300000    
31250    2048.265789  -3.148798    0.000000     0.300000    
31250    2048.266337  -3.148888    0.000000     0.300000    
31250    2048.266887  -3.148966    0.000000     0.300000    
31250    2048.267432  -3.149000    0.000000     0.300000    
31250    2048.267978  -3.149118    0.000000     0.300000    
31250    2048.268527  -3.149201    0.000000     0.300000    
31250    2048.269080  -3.149260    0.000000     0.300000    
31250    2048.269619  -3.149293    0.000000     0.300000    
31250    2048.270170  -3.149381    0.000000     0.300000    
31250    2048.270706  -3.149417    0.000000     0.300000    
31250    2048.271252  -3.149519    0.000000     0.300000    
31250    2048.271801  -3.149616    0.000000     0.300000    
31250    2048.272344  -3.149659    0.000000     0.300000    
31250    2048.272887  -3.149717    0.000000     0.300000    
31250    2048.273449  -3.149846    0.000000     0.300000    
31250    2048.273997  -3.149890    0.000000     0.300000    
31250    2048.274549  -3.149988    0.000000     0.300000    
31250    2048.275090  -3.150017    0.000000     0.300000    
31250    2048.275635  -3.150104    0.000000     0.300000    
31250    2048.276182  -3.150208    0.000000     0.300000    
31250    2048.276732  -3.150320    0.000000     0.300000    
31250    2048.277277  -3.150436    0.000000     0.300000    
31250    2048.277825  -3.150486    0.000000     0.300000    
31250    2048.278370  -3.150552    0.000000     0.300000    
31250    2048.278901  -3.150583    0.000000     0.300000    
31250    2048.279451  -3.150681    0.000000     0.300000    
31250    2048.279994  -3.150761    0.000000     0.300000    
31250    2048.280533  -3.150785    0.000000     0.300000    
31250    2048.281075  -3.150838    0.000000     0.300000    
31250    2048.281631  -3.150899    0.000000     0.300000    
31250    2048.282169  -3.150934    0.000000     0.300000    
31250    2048.282724  -3.151068    0.000000     0.300000    
31250    2048.283269  -3.151129    0.000000     0.300000    
31250    2048.283809  -3.151163    0.000000     0.300000    
31250    2048.284355  -3.151194    0.000000     0.300000    
31250    2048.284906  -3.151263    0.000000     0.300000    
31250    2048.285444  -3.151296    0.000000     0.300000    
31250    2048.285986  -3.151321    0.000000     0.300000    
31250    2048.286528  -3.151514    0.000000     0.300000    
31250    2048.287079  -3.151567    0.000000     0.300000    
31250    2048.287619  -3.151664    0.000000     0.300000    
31250    2048.288160  -3.151710    0.000000     0.300000    
31250    2048.288708  -3.151825    0.000000     0.300000    
31250    2048.289263  -3.151895    0.000000     0.300000    
31250    2048.289801  -3.151924    0.000000     0.300000    
31250    2048.290347  -3.152043    0.000000     0.300000    
31250    2048.290894  -3.152091    0.000000     0.300000    
31250    2048.291429  -3.152147    0.000000     0.300000    
31250    2048.291967  -3.152203    0.000000     0.300000    
31250    2048.292520  -3.152273    0.000000     0.300000    
31250    2048.293072  -3.152322    0.000000     0.300000    
31250    2048.293610  -3.152387    0.000000     0.300000    
31250    2048.294158  -3.152490    0.000000     0.300000    
31250    2048.294692  -3.152519    0.000000     0.300000    
31250    2048.295248  -3.152645    0.000000     0.300000    
31250    2048.295792  -3.152660    0.000000     0.300000    
31250    2048.296340  -3.152735    0.000000     0.300000    
31250    2048.296883  -3.152760    0.000000     0.300000    
31250    2048.297435  -3.152829    0.000000     0.300000    
31250    2048.297979  -3.152868    0.000000     0.300000    
31250    2048.298517  -3.152882    0.000000     0.300000    
31250    2048.299062  -3.152908    0.000000     0.300000    
31250    2048.299602  -3.152931    0.000000     0.300000    
31250    2048.300152  -3.153004    0.000000     0.300000    
31250    2048.300692  -3.153063    0.000000     0.300000    
31250    2048.301231  -3.153176    0.000000     0.300000    
31250    2048.301778  -3.153236    0.000000     0.300000    
31250    2048.302330  -3.153332    0.000000     0.300000    
31250    2048.302879  -3.153426    0.000000     0.300000    
31250    2048.303433  -3.153532    0.000000     0.300000    
31250    2048.303985  -3.153710    0.000000     0.300000    
31250    2048.304533  -3.153782    0.000000     0.300000    
31250    2048.305079  -3.153851    0.000000     0.300000    
31250    2048.305629  -3.153934    0.000000     0.300000    
31250    2048.306166  -3.153994    0.000000     0.300000    
31250    2048.306712  -3.154078    0.000000     0.300000    
31250    2048.307253  -3.154160    0.000000     0.300000    
31250    2048.307802  -3.154191    0.000000     0.300000    
31250    2048.308354  -3.154319    0.000000     0.300000    
31250    2048.308903  -3.154392    0.000000     0.300000    
31250    2048.309451  -3.154507    0.000000     0.300000    
31250    2048.309991  -3.154551    0.000000     0.300000    
31250    2048.310532  -3.154591    0.000000     0.300000    
31250    2048.311075  -3.154697    0.000000     0.300000    
31250    2048.311618  -3.154734    0.000000     0.300000    
31250    2048.312168  -3.154822    0.000000     0.300000    
31250    2048.312708  -3.154872    0.000000     0.300000    
31250    2048.313251  -3.155025    0.000000     0.300000    
31250    2048.313789  -3.155047    0.000000     0.300000    
31250    2048.314338  -3.155124    0.000000     0.300000    
31250    2048.314876  -3.155164    0.000000     0.300000    
31250    2048.315418  -3.155218    0.000000     0.300000    
31250    2048.315953  -3.155246    0.000000     0.300000    
31250    2048.316504  -3.155351    0.000000     0.300000    
31250    2048.317045  -3.155392    0.000000     0.300000    
31250    2048.317585  -3.155450    0.000000     0.300000    
31250    2048.318135  -3.155553    0.000000     0.300000    
31250    2048.318676  -3.155633    0.000000     0.300000    
31250    2048.319225  -3.155677    0.000000     0.300000    
31250    2048.319768  -3.155769    0.000000     0.300000    
31250    2048.320316  -3.155855    0.000000     0.300000    
31250    2048.320865  -3.155941    0.000000     0.300000    
31250    2048.321417  -3.156018    0.000000     0.300000    
31250    2048.321974  -3.156140    0.000000     0.300000    
31250    2048.322518  -3.156208    0.000000     0.300000    
31250    2048.323054  -3.156245    0.000000     0.300000    
31250    2048.323605  -3.156322    0.000000     0.300000    
31250    2048.324152  -3.156377    0.000000     0.300000    
31250    2048.324697  -3.156430    0.000000     0.300000    
